year,portfolio,ISIN,name,country,weight,ci,cf_per_weight
2013,vw_50,AU000000BWP3,BWP GROUP STAPLED UNITS,AU,0.052317387066434344,0.0,0.0
2013,vw_50,JP3633400001,TOYOTA MOTOR,JP,0.03123743935308771,11.516275142521295,16.294735007992305
2013,vw_50,JP3854600008,HONDA MOTOR,JP,0.029892090035653456,13.690452442557799,20.508351116934257
2013,vw_50,AU000000ANZ3,ANZ GROUP HOLDINGS,AU,0.02783092787455739,0.42653063075284786,0.21020265328751286
2013,vw_50,JP3726800000,JAPAN TOBACCO,JP,0.02627047701251801,22.18137304447431,6.349151739253161
2013,vw_50,AU000000CSL8,CSL,AU,0.02436936293320173,11.579611370152607,1.953427836778747
2013,vw_50,AU000000WBC1,WESTPAC BANKING,AU,0.02255493940849726,0.2424948657744411,0.11672880416523579
2013,vw_50,JP3762600009,NOMURA HDG.,JP,0.021014716965592782,0.17626858494552625,0.1717200012870719
2013,vw_50,AU000000WES1,WESFARMERS,AU,0.020776181760050992,40.87489855908115,63.39949334462042
2013,vw_50,AU000000CBA7,COMMONWEALTH BK.OF AUS.,AU,0.020551162832719728,0.22976128852495517,0.10066709056033145
2013,vw_50,JP3566800003,CENTRAL JAPAN RAILWAY,JP,0.019927222172463985,4.671222159296967,4.490025688559471
2013,vw_50,JP3551500006,DENSO,JP,0.01961281679939683,15.040850157403815,17.060009631422982
2013,vw_50,JP3672400003,NISSAN MOTOR,JP,0.017911366466298984,8.176861977202416,18.31151658959873
2013,vw_50,JP3890350006,SUMITOMO MITSUI FINL.GP.,JP,0.01789992076720984,0.13857339299016877,0.11247513568421956
2013,vw_50,JP3898400001,MITSUBISHI,JP,0.016300922480833736,51.20743267166512,95.00547785344008
2013,vw_50,JP3205800000,KAO,JP,0.01517353130013226,43.14549449572554,42.41382542361567
2013,vw_50,AU000000BHP4,BHP GROUP,AU,0.015019735942206312,329.4660755146728,173.69586186189173
2013,vw_50,JP3496400007,KDDI,JP,0.01463961868375599,0.07503500381654968,0.08909902054568389
2013,vw_50,JP3830000000,BROTHER INDUSTRIES,JP,0.014381745786592412,1.9596452228319061,3.630551471845191
2013,vw_50,AU0000224040,WOODSIDE ENERGY GROUP,AU,0.013916614665086263,1442.9465773539716,300.6496835387096
2013,vw_50,SG1U68934629,KEPPEL,SG,0.013561994870038339,51.959358429316765,34.830470895991
2013,vw_50,JP3902400005,MITSUBISHI ELECTRIC,JP,0.013469522761562812,8.315770357470692,18.542128060458854
2013,vw_50,JP3902900004,MITSUBISHI UFJ FINL.GP.,JP,0.01303092658076028,0.37365369338331517,0.2356761279616212
2013,vw_50,AU000000TLS2,TELSTRA GROUP,AU,0.01207006413883711,2.009111768485008,0.89149161861608
2013,vw_50,JP3830800003,BRIDGESTONE,JP,0.011888936914498787,62.029725339017894,96.42192263229956
2013,vw_50,JP3684000007,NITTO DENKO,JP,0.011788022212219052,58.31596714893823,40.55192817893168
2013,vw_50,JP3667600005,JGC HOLDINGS,JP,0.011388856386164247,18.147926068588394,16.463667772345165
2013,vw_50,JP3242800005,CANON,JP,0.011380791038371169,3.4083648386453236,2.678441648399843
2013,vw_50,AU000000NAB4,NATIONAL AUS.BANK,AU,0.010706798046683747,0.42255082061363747,0.3056608692069693
2013,vw_50,HK0388045442,HONG KONG EXCHANGES AND CLEARING,HK,0.010513425744893997,0.14082489395642683,0.005291591797485308
2013,vw_50,JP3788600009,HITACHI,JP,0.01002072223380618,9.086316711541375,32.0679867165324
2013,vw_50,AU000000DOW2,DOWNER EDI,AU,0.009863731769446054,24.455746683155972,106.59009666639182
2013,vw_50,HK0066009694,MTR,HK,0.009714124129211854,11.277347649447377,2.1839733223591704
2013,vw_50,JP3197600004,ONO PHARM.,JP,0.009675537354092746,13.825063885174243,3.5088229920073215
2013,vw_50,JP3414750004,SEIKO EPSON,JP,0.009521362592436886,20.108682311016203,85.74264241326959
2013,vw_50,JP3405400007,SUMITOMO HEAVY INDS.,JP,0.009072932500385196,2.4106837843524347,6.299162370877139
2013,vw_50,AU000000MQG1,MACQUARIE GROUP,AU,0.008631902630998901,0.0,0.0
2013,vw_50,JP3358800005,SHIMIZU,JP,0.008499572249918989,14.699149221948744,86.98950031228027
2013,vw_50,AU000000COH5,COCHLEAR,AU,0.008413483475577946,0.008368903393803546,0.001305659451581449
2013,vw_50,JP3629000005,TOPPAN HOLDINGS,JP,0.008323325758682163,18.1241193299167,68.20898677513549
2013,vw_50,JP3246400000,KYUSHU ELEC.POWER,JP,0.008131547945627943,65.8895769757379,244.68641211865065
2013,vw_50,AU000000SHL7,SONIC HEALTHCARE,AU,0.00788769887463044,2.387801432911426,1.4607407198445639
2013,vw_50,JP3357200009,SHIMADZU,JP,0.007845804502157314,1.1430550624263855,1.62427668542796
2013,vw_50,JP3463000004,TAKEDA PHARMACEUTICAL,JP,0.007544607551100155,10.141722160875958,4.309650943783937
2013,vw_50,JP3573000001,TOKYO GAS,JP,0.007236337876258637,131.11698355683038,226.02421901896508
2013,vw_50,AU000000QBE9,QBE INSURANCE GROUP,AU,0.0070739545816666345,0.6487553522918545,0.7245952936604467
2013,vw_50,JP3769000005,HACHIJUNI NAGANO BANK,JP,0.006749568775748043,1.657130397515808,1.1093687687059817
2013,vw_50,JP3420600003,SEKISUI HOUSE,JP,0.0067229441053574925,4.082690483597339,9.763162047742227
2013,vw_50,JP3371200001,SHIN-ETSU CHEMICAL,JP,0.006635588269149616,123.99632080143472,53.606763952058095
2013,vw_50,BMG2442N1048,COSCO SHIPPING PORTS,HK,0.006595929900448268,49.98286581485289,8.2397222041638
2013,vw_50,JP3385980002,J S R DEAD - DELIST.25/06/24,JP,0.006238369430779654,98.18887084823037,79.33619325315198
2013,vw_50,JP3539220008,T & D HOLDINGS,JP,0.006063510808677177,0.10857180229818672,0.3127162864038229
2013,vw_50,AU000000SBM8,ST BARBARA,AU,0.005943230794147988,196.55234593529545,121.43992608796076
2013,vw_50,AU000000SUN6,SUNCORP GROUP,AU,0.005832832974193508,0.41453603601930317,0.45309060229256687
2013,vw_50,AU000000AMP6,AMP,AU,0.00572230406043876,0.008974394620985211,0.009040960117213592
2013,vw_50,AU000000WOW2,WOOLWORTHS GROUP,AU,0.00571646336550986,8.779929535268318,12.633744937067148
2013,vw_50,JP3910660004,TOKIO MARINE HOLDINGS,JP,0.005709951960408004,0.5103550696134227,0.8094524969563086
2013,vw_50,AU000000WOR2,WORLEY,AU,0.00557706830056941,4.440073837785844,6.124549745858287
2013,vw_50,JP3711600001,NIPPON SANSO HOLDINGS,JP,0.005552574086869061,23.522456497176915,44.975319793263445
2013,vw_50,AU000000STO6,SANTOS,AU,0.005430101923658793,1071.9687806220209,309.9173776569972
2013,vw_50,AU000000CIM7,CIMIC GROUP DEAD - DELIST.11/05/22,AU,0.005352203610008055,160.9360674876165,431.176273886649
2013,vw_50,AU000000ORG5,ORIGIN ENERGY (EX BORAL),AU,0.005349950613305154,950.9628751415604,960.6717319372199
2013,vw_50,JP3893600001,MITSUI,JP,0.005307367736853053,25.87867836527121,50.26151464032432
2013,vw_50,AU000000NCM7,NEWCREST MINING DEAD - DELIST.08/11/23,AU,0.004823069920182814,382.4201615014239,81.96365784694898
2013,vw_50,BMG8063F1068,SHANGRI-LA ASIA,HK,0.004751513888784659,73.80705822868507,20.107335900176555
2013,vw_50,SGXE21576413,GENTING SINGAPORE,SG,0.004669281035560712,1.634446700255682,0.2586791652770816
2013,vw_50,JP3475350009,DAIICHI SANKYO,JP,0.004645826324584275,12.212849820260306,11.100384784483198
2013,vw_50,HK0006000050,POWER ASSETS HOLDINGS,HK,0.004543739021862472,6673.762504925252,486.0802564073353
2013,vw_50,JP3519400000,CHUGAI PHARM.,JP,0.00440162810625918,12.816324675490689,4.837261413680066
2013,vw_50,JP3596200000,TOTO,JP,0.004328933309166129,31.460584339791723,52.68529318205916
2013,vw_50,JP3535800001,TSUMURA,JP,0.004312127945956123,30.41073583716113,14.737865772749494
2013,vw_50,HK0823032773,LINK REAL ESTATE INVESTMENT TRUST,HK,0.004201435942560242,0.0,0.0
2013,vw_50,JP3435000009,SONY GROUP,JP,0.004128813735401566,4.183422626930422,20.344412565648707
2013,vw_50,JP3134800006,IHI,JP,0.004106286032710745,5.598366055881602,20.336335404557406
2013,vw_50,JP3814000000,FUJIFILM HOLDINGS,JP,0.0038250725539212367,31.485407180680507,72.86969180145434
2013,vw_50,JP3351600006,SHISEIDO,JP,0.003812074002961021,4.134719403938894,5.956156127729395
2013,vw_50,JP3407400005,SUMITOMO ELECTRIC IND.,JP,0.0036390014331009655,8.282217450006382,21.674097253767165
2013,vw_50,JP3811000003,FUJIKURA,JP,0.003551824230067961,5.350767328287233,25.508718284736634
2013,vw_50,JP3888400003,MITSUI KINZOKU LIMITED,JP,0.003537578222364116,152.96623509023232,477.96106941187895
2013,vw_50,NZFBUE0001S0,FLETCHER BUILDING,NZ,0.0035001682140954975,114.87576690066092,156.04563800861692
2013,vw_50,JP3229400001,KANSAI PAINT,JP,0.003439269746663601,15.647860802928806,16.350847364668457
2013,vw_50,JP3500610005,RESONA HOLDINGS,JP,0.003430890985174761,3.662836017015211,2.932792657363545
2013,vw_50,JP3027680002,JAPAN REAL ESTATE INV.,JP,0.0034154603353059227,12.176057972460013,1.0766913620451029
2013,vw_50,AU000000ORI1,ORICA,AU,0.003375726495331571,273.73435320030035,194.84821324188457
2013,vw_50,AU000000CSR5,CSR DEAD - DEAD.10/07/24,AU,0.0033704389442893723,204.6701726784194,343.6551026903563
2013,vw_50,JP3582600007,TOKYO TATEMONO,JP,0.0033631080042504547,1.2744789875523659,1.3637454001663851
2013,vw_50,JP3942400007,ASTELLAS PHARMA,JP,0.0032102870726096883,7.615397369506793,3.326401225463054
2013,vw_50,JP3165700000,NTT DATA GROUP DEAD - DELIST.26/09/25,JP,0.0029718687584382826,0.42931259473203576,0.6840621735736835
2013,vw_50,JP3260800002,KINTETSU GROUP HDG.,JP,0.0026230550582390113,3.6024524974727834,5.228456696331669
2013,vw_50,JP3592200004,TOSHIBA DEAD - DELIST.20/12/23,JP,0.002613613734308147,12.013458913170686,41.55096300304468
2013,vw_50,JP3419400001,SEKISUI CHEMICAL,JP,0.0025779969327532014,14.33069548296226,31.446781286189783
2013,vw_50,HK0011000095,HANG SENG BANK DEAD - DELIST.28/01/26,HK,0.0025696483613644344,0.0,0.0
2013,vw_50,JP3787000003,HITACHI CON.MCH.,JP,0.002567722951519099,4.749318139046107,8.36459215705815
2013,vw_50,JP3634600005,TOYOTA INDS.,JP,0.0024845080361041902,11.48580846321351,18.11045898099484
2013,vw_50,AU000000MAH3,MACMAHON HOLDINGS,AU,0.0024804368992092153,77.60307754360407,219.67838931382332
2013,vw_50,JP3388200002,AEON,JP,0.002385846289823742,4.247676629539556,28.496480202527145
2013,vw_50,JP3850200001,HOKKAIDO ELEC.POWER,JP,0.0023667440424892786,2344.0433940256116,7722.403162703046
2013,vw_50,AU000000IVC8,INVOCARE DEAD - DELIST.27/11/23,AU,0.002356176919761873,14.241112997754286,5.001511445766577
2013,vw_50,JP3401400001,SUMITOMO CHEMICAL,JP,0.0023351002995423698,318.7530802581314,1373.703217946407
2013,vw_50,JP3505000004,DAIWA HOUSE INDUSTRY,JP,0.0023270439263814798,9.574366107673903,18.549948328681076
2013,vw_50,JP3688370000,NIPPON EXPRESS HOLDINGS,JP,0.0022944909585549274,44.425474902427254,182.17731521950554
2013,vw_50,JP3951600000,UNI CHARM,JP,0.002291995932733315,6.080078629938535,2.890460355130046
2013,vw_50,AU000000MGR9,MIRVAC GROUP STAPLED UNITS,AU,0.002178904749369932,4.559598063622719,1.2474137261409615
2013,vw_50,JP3258000003,KIRIN HOLDINGS,JP,0.001981082612802191,22.73516162284791,43.946948437923496
2013,vw_50,JP3495000006,SUMITOMO PHARMA,JP,0.001848417324901552,21.51759818139061,15.187562244107559
2013,vw_50,AU000000IAG3,INSURANCE AUS.GROUP,AU,0.0017600039000406908,1.00136758696601,0.8474188207021862
2013,vw_50,BMG684371393,PACIFIC BASIN SHIP.,HK,0.0017176245841458366,488.6910067270386,630.4654947334537
2013,vw_50,AU000000SGP0,STOCKLAND STAPLED UNITS,AU,0.0017149787016305035,9.613342494846648,2.330050050403671
2013,vw_50,JP3973400009,RICOH,JP,0.001693184268699825,8.674088765950007,22.210481243786948
2013,vw_50,JP3164800009,NOK,JP,0.0016931407970070457,7.947415022007363,17.378297842543823
2013,vw_50,JP3194000000,OKI ELECTRIC IND.,JP,0.001685146829995906,2.4764962360459575,13.987869141072485
2013,vw_50,HK0002007356,CLP HOLDINGS,HK,0.0016436613847031312,2829.3242424076534,1780.619485177722
2013,vw_50,JP3289800009,KOBE STEEL,JP,0.0016391770069792123,883.3805515638251,4092.384129319641
2013,vw_50,SGXE34184239,SEATRIUM,SG,0.0015226249866189126,19.641435690286958,8.77112945399641
2013,vw_50,JP3148800000,IBIDEN,JP,0.0015003969437939616,57.15276242538739,90.53960610296642
2013,vw_50,JP3659000008,WEST JAPAN RAILWAY,JP,0.0014876776230369681,7.131916273870434,12.815435936276526
2013,vw_50,BMG524401079,KERRY PROPERTIES,HK,0.0014782599709083034,0.6379610267494771,0.28326936306182937
2013,vw_50,JP3190000004,OBAYASHI,JP,0.0014692249629690319,9.869974878421518,40.90311882838043
2013,vw_50,JP3481800005,DAIKIN INDUSTRIES,JP,0.0013980496693066875,69.43645308923807,82.8067899308793
2013,vw_50,JP3402600005,SUMITOMO METAL MINING,JP,0.0012340820555906441,153.01935328326965,143.81190049987416
2013,vw_50,SG1F60858221,SINGAPORE TECHS.ENGR.,SG,0.0011815981287385318,7.6680701667096836,3.964931251344121
2013,vw_50,JP3778630008,BANDAI NAMCO HDG.,JP,0.0011547632549273905,0.0,0.0
2013,vw_50,JP3456000003,TAKASHIMAYA,JP,0.0011463300696610648,1.6754284009525962,6.504619556120911
2013,vw_50,JP3866800000,PANASONIC HOLDINGS,JP,0.0011430164020448355,8.275773164249243,41.717673648001444
2013,vw_50,JP3942800008,YAMAHA MOTOR,JP,0.0011420413676998728,14.620592207556378,44.59656295977489
2013,vw_50,JP3294460005,INPEX,JP,0.0011280813613193613,37.09274367432907,23.35972036203061
2013,vw_50,JP3197800000,OMRON,JP,0.0010285260355830347,5.442293018674887,6.619733916686327
2013,vw_50,JP3891600003,MITSUI E&S,JP,0.0010123180774577896,20.32084704517355,97.45980262551112
2013,vw_50,JP3126400005,ALPS ALPINE,JP,0.0009957067395841611,1.5597738551373352,8.935235788209113
2013,vw_50,JP3551200003,ELEC.POWER DEV.,JP,0.0009715037720536335,7599.154637949945,14430.503346841644
2013,vw_50,HK0003000038,HONG KONG AND CHINA GAS,HK,0.0009621586763002488,249.32330976849352,32.27980017957402
2013,vw_50,JP3818000006,FUJITSU,JP,0.0009540715420192006,4.719031783874553,26.771882146605204
2013,vw_50,JP3868400007,MAZDA MOTOR,JP,0.0009477832141640303,6.482868234561631,18.081357699714903
2013,vw_50,HK0019000162,SWIRE PACIFIC 'A',HK,0.0009429588707334709,2844.092886297964,1378.1423635960036
2013,vw_50,HK0293001514,CATHAY PACIFIC AIRWAYS,HK,0.0009351795654025633,1242.2434126275682,2094.881640992157
2013,vw_50,AU000000GPT8,GPT GROUP STAPLED UNITS,AU,0.0009224746741482182,14.996852402219837,1.4319168104220013
2013,vw_50,IE00BKVD2N49,SEAGATE TECHNOLOGY HOLDINGS,SG,0.0009045850253079301,19.47856967915748,26.328534800535632
2013,vw_50,JP3502200003,DAIWA SECURITIES GROUP,JP,0.0008875198566954141,0.23520436845731868,0.11579757915289995
2013,vw_50,JP3814800003,SUBARU,JP,0.000883907219976267,9.318698956141269,17.255395540725964
2013,vw_50,HK0010000088,HANG LUNG GROUP,HK,0.0008646936226675556,0.47552345658625195,0.05974176541658022
2013,vw_50,JP3224200000,KAWASAKI HEAVY INDUSTRY,JP,0.000842834473251461,9.99338200481163,27.298980859074693
2013,vw_50,JP3174410005,OJI HOLDINGS,JP,0.0008194111431607594,375.1461351584464,1485.4644861388763
2013,vw_50,JP3320800000,SAPPORO HOLDINGS,JP,0.0007594176599389072,22.462605455398833,85.6089698568091
2013,vw_50,JP3201200007,OLYMPUS,JP,0.0007368458848005586,2.8671563098552943,3.8764053903197513
2013,vw_50,AU000000MTS0,METCASH,AU,0.0007154036062664851,1.5194987462073994,5.726038409240566
2013,vw_50,JP3300600008,KONICA MINOLTA,JP,0.0006727868612387574,20.247493609450068,40.24799084745445
2013,vw_50,JP3304200003,KOMATSU,JP,0.0006582240955427223,6.083805335337114,4.71964858727845
2013,vw_50,NZTELE0001S4,SPARK NEW ZEALAND,NZ,0.0006545016012410927,1.2343760470026675,1.1610816377983166
2013,vw_50,JP3210200006,KAJIMA,JP,0.0006241559735530273,10.017662588238911,51.390451072412056
2013,vw_50,JP3362700001,MITSUI OSK LINES,JP,0.0006080335581691754,1191.3931552390347,4941.733043187318
2013,vw_50,JP3491000000,DAIDO STEEL,JP,0.0006027491774138774,81.95641168905462,212.03661135955196
2013,vw_50,JP3686800008,NIPPON SHEET GLASS,JP,0.0005343922909349166,627.6825583336786,3416.5340726062295
2013,vw_50,JP3368000000,RESONAC HOLDINGS,JP,0.000484719117149126,385.4314666800193,1400.4748605893003
2013,vw_50,JP3116000005,ASAHI GROUP HOLDINGS,JP,0.0004722113359943804,15.365847035573285,25.534270499536095
2013,vw_50,JP3528600004,CHIYODA CORPORATION,JP,0.0004588382616313047,0.04308300966346653,0.05077698068926655
2013,vw_50,HK0200030994,MELCO INTL.DEV.,HK,0.0004495309336487231,6.082937136819863,0.04301424718530306
2013,vw_50,AU000000ERA9,ENERGY RES.OF AUS.,AU,0.0004374454098285023,258.8769809055373,157.20183929631725
2013,vw_50,JP3638600001,DOWA HDG.,JP,0.0004206404137908372,198.09157204721703,394.6567560588735
2013,vw_50,SG1J26887955,SINGAPORE EXCHANGE,SG,0.0004171838847327939,0.08957828853455699,0.006906723584010266
2013,vw_50,JP3270000007,KURITA WATER IND.,JP,0.00040758283657876387,5.948586679453238,4.692937571841013
2013,vw_50,JP3845400005,HOKURIKU ELEC.POWER,JP,0.00040711762321286475,3438.1849799213337,7788.31920333737
2013,vw_50,JP3626800001,LIXIL,JP,0.0003781601435339997,31.539923890262486,66.87669031886301
2013,vw_50,AU000000BLD2,BORAL DEAD - DELIST.08/07/24,AU,0.0003682756107273428,502.6346054910013,688.1335534537824
2013,vw_50,NZAIAE0002S6,AUCKLAND INTL.AIRPORT,NZ,0.00036353775626073057,6.711821628593924,0.7591451091350041
2013,vw_50,JP3786200000,HITACHI METALS DEAD - DELIST.29/12/22,JP,0.00034930694765052063,57.724679970036554,107.25921700771585
2013,vw_50,AU000000QAN2,QANTAS AIRWAYS,AU,0.00034567995198823856,750.4054751008388,3441.3254253627565
2013,vw_50,JP3571400005,TOKYO ELECTRON,JP,0.00033369796179438175,1.5558012851685632,1.179544606196342
2013,vw_50,AU000000SGM7,SIMS,AU,0.0003275736185205859,13.56003718635604,54.76834671358379
2013,vw_50,JP3522200009,CHUGOKU ELEC.POWER,JP,0.0003123856794902193,3122.7360733726646,8642.91321100956
2013,vw_50,JP3877600001,MARUBENI,JP,0.0002890859358960587,0.0028830313095057417,0.011859420987809637
2013,vw_50,JP3595200001,TOSOH,JP,0.00027049887371434494,987.9906031762662,4733.0926124719435
2013,vw_50,JP3733000008,NEC,JP,0.00025660408981966897,2.278184243792499,11.183966948948349
2013,vw_50,JP3385820000,GS YUASA,JP,0.00024135897288061204,4.997863042852533,10.233267392021101
2013,vw_50,JP3112000009,AGC,JP,0.00021096387217600136,410.1454895786856,682.0381941388717
2013,vw_50,JP3526600006,CHUBU ELEC.POWER,JP,0.0001878736202759152,1913.7882534763532,5953.153246663381
2013,vw_50,JP3827200001,FURUKAWA ELECTRIC,JP,0.00016006440789542188,16.16439605257159,108.74490258269144
2013,vw_50,NZCENE0001S6,CONTACT ENERGY,NZ,0.0001526587768984292,1219.003706292474,837.8650708371894
2013,vw_50,JP3900000005,MITSUBISHI HEAVY INDS.,JP,0.00014047585586624226,5.074177870105436,8.51195681475978
2013,vw_50,JP3940000007,YAMATO HDG.,JP,0.00012828610045276882,42.49777339592504,76.41563964680282
2013,vw_50,JP3738600000,NITERRA,JP,0.0001272162475890848,24.188200889056272,26.822272257767274
2013,vw_50,AU000000BEN6,BENDIGO & ADELAIDE BANK,AU,0.0001267899403728247,1.0163613287941105,0.9637172170254136
2013,vw_50,JP3635400009,TOYOTA BOSHOKU,JP,0.00012303092903684763,7.186872821661005,36.954662104362704
2013,vw_50,AU000000BSL0,BLUESCOPE STEEL,AU,0.00012251124822618023,1023.6302417423894,4053.255622984638
2013,vw_50,AU000000LLC3,LENDLEASE GROUP STAPLED UNITS,AU,0.00011440353926283931,13.25695404095906,26.467050474787996
2013,vw_50,JP3269600007,KURARAY,JP,0.00011203117374933568,273.30647594370595,219.49113891060725
2013,vw_50,JP3165600002,NTN,JP,0.00010678518157419795,17.857831272218597,64.91738458554653
2013,vw_50,JP3734800000,NIDEC,JP,9.711420059082949e-05,2.344924546793303,2.1237098273247565
2013,vw_50,JP3888300005,MITSUI CHEMICALS,JP,9.370206933479534e-05,255.77932013312497,1562.8961796333012
2013,vw_50,JP3720800006,NSK,JP,8.974871358922677e-05,16.29493248990595,32.66564255462982
2013,vw_50,JP3209000003,CASIO COMPUTER,JP,8.48165934695477e-05,0.857362967407831,1.1718546426939032
2013,vw_50,JP3200450009,ORIX,JP,8.477661499234473e-05,33.4321429456323,24.35581927855827
2013,vw_50,AU000000PPT9,PERPETUAL,AU,8.207596953714923e-05,0.3784952074675799,0.0837825813124397
2013,vw_50,SG1V61937297,SINGAPORE AIRLINES,SG,7.467258107976484e-05,1164.5597140301559,1323.5577419916451
2013,vw_50,JP3621000003,TORAY INDS.,JP,7.164019195650493e-05,187.79411518876543,343.84550513322284
2013,vw_50,JP3605400005,TOHOKU ELECTRIC PWR.,JP,6.960709762596402e-05,2103.604504334939,10316.567935228808
2013,vw_50,BMG677491539,ORIENT OVERSEAS (INTL.),HK,6.492395249390653e-05,818.4432444385052,1203.3033955992669
2013,vw_50,JP3228600007,KANSAI ELECTRIC PWR.,JP,5.634348682536252e-05,1682.7803812855693,6032.378702309749
2013,vw_50,JP3449020001,TAIHEIYO CEMENT,JP,4.29343698872346e-05,1546.4462979648497,3771.1476210834912
2013,vw_50,JP3223800008,KAWASAKI KISEN KAISHA,JP,4.158112494425993e-05,1097.9158314851934,7291.601286932908
2013,vw_50,JP3256000005,KYOWA KIRIN,JP,4.085061409855846e-05,18.817616035016137,12.674782621720603
2013,vw_50,JP3166000004,EBARA,JP,4.0776948625719654e-05,3.931258048271809,10.730076768130314
2013,vw_50,JP3551520004,DENTSU GROUP,JP,3.5522556932877565e-05,0.05786019863496524,0.15746238434536663
2013,vw_50,SG1R50925390,SEMBCORP INDUSTRIES,SG,3.491091101480682e-05,778.847665671851,810.1183785480654
2013,vw_50,JP3421100003,JAPAN PETROLEUM EXP.,JP,3.4526219984770554e-05,89.30636887922094,107.1924742537711
2013,vw_50,SG9999000020,FLEX,SG,3.32474733788531e-05,1.7428997691965447,10.402864298087735
2013,vw_50,JP3783600004,EAST JAPAN RAILWAY,JP,3.098091532125822e-05,7.337568764375083,7.845276209760271
2013,vw_50,JP3613400005,TOYO SEIKAN GROUP HDG.,JP,3.070373450745284e-05,22.88151961924129,64.47801623837415
2013,vw_50,JP3870000001,MABUCHI MOTOR,JP,2.9550186312802493e-05,29.171088750544502,14.956196289633587
2013,vw_50,JP3914400001,MURATA MANUFACTURING,JP,2.409977510320539e-05,17.492585333970244,8.987256775928271
2013,vw_50,JP3359600008,SHARP,JP,2.3944132201111518e-05,10.51202569789636,65.38689301223845
2013,vw_50,AU000000IGO4,IGO,AU,2.2154795943838e-05,157.515268270689,33.54516013582521
2013,vw_50,JP3903000002,MITSUBISHI MATERIALS,JP,2.011925950018939e-05,751.882731767003,2607.6841526621643
2013,vw_50,JP3350800003,SHIKOKU ELECTRIC POWER,JP,1.4810045886452243e-05,1550.5618014714948,3436.199277554688
2013,vw_50,JP3743000006,NH FOODS,JP,1.4793822744619157e-05,25.476697314189956,85.94585103335254
2013,vw_50,JP3180400008,OSAKA GAS,JP,1.3198043578007603e-05,239.8980688028916,473.39251426918116
2013,vw_50,AU000000TAH8,TABCORP HOLDINGS,AU,4.88584811137313e-06,0.8286484748218721,0.7230208835137716
2013,vw_50,JP3443600006,TAISEI,JP,4.589878200556732e-06,7.9528598106774915,35.39414573037513
2013,vw_50,JP3753000003,NIPPON YUSEN KK,JP,3.8119653408641245e-06,1010.3963584838287,5197.49120604621
2013,vw_50,JP3111200006,ASAHI KASEI,JP,2.3291375418721314e-06,288.9519915667413,607.5686590275627
2013,vw_50,JP3158800007,UBE,JP,2.181986111587913e-06,1494.3371215756056,4875.227630113612
2013,vw_50,JP3792600003,HINO MOTORS,JP,1.9269506983725895e-06,10.343452839329219,28.981626326841564
2013,vw_50,JP3293200006,COCA-COLA BOTTLERS JAPAN HOLDINGS,JP,1.787826363111327e-06,23.702894279156034,57.270096649111636
2013,vw_50,JP3266400005,KUBOTA,JP,1.7045159614722219e-06,24.498023336716354,19.933114842729772
2013,vw_50,JP3122400009,ADVANTEST,JP,1.6238316389483343e-06,1.9120353199854236,1.112688099139311
2013,vw_50,JP3215800008,KANEKA,JP,1.4862628635713268e-06,223.33744457886232,616.6768993376836
2013,vw_50,AU0000038911,OVATO DEAD - DELIST.29/08/22,AU,1.3238500833241921e-06,23.357871555998624,436.7575122292103
2013,vw_50,JP3819400007,FUJI MEDIA HOLDINGS,JP,1.0363316971308522e-06,0.0,0.0
2014,vw_50,AU000000BWP3,BWP GROUP STAPLED UNITS,AU,0.04471160057787893,0.0,0.0
2014,vw_50,JP3633400001,TOYOTA MOTOR,JP,0.03893908068644519,11.358912964361844,14.101496934334566
2014,vw_50,JP3551500006,DENSO,JP,0.03468515041498129,16.087804825567222,14.055826227820345
2014,vw_50,AU000000WBC1,WESTPAC BANKING,AU,0.028878548666379858,0.3013277669165467,0.12098231514208531
2014,vw_50,JP3890350006,SUMITOMO MITSUI FINL.GP.,JP,0.02539996441270249,0.23877351621972207,0.16240594079265083
2014,vw_50,JP3902400005,MITSUBISHI ELECTRIC,JP,0.02424943737639041,9.891343326227783,14.6745094648603
2014,vw_50,AU000000CBA7,COMMONWEALTH BK.OF AUS.,AU,0.023856237149982862,0.3055375255884054,0.09975212448837996
2014,vw_50,JP3726800000,JAPAN TOBACCO,JP,0.02228364623375501,18.76865582898574,6.3466050588417495
2014,vw_50,JP3496400007,KDDI,JP,0.020610847722374846,0.08590580197096383,0.07083796873089636
2014,vw_50,JP3420600003,SEKISUI HOUSE,JP,0.01975866036309953,3.9907738038810403,7.464356721311475
2014,vw_50,AU000000ANZ3,ANZ GROUP HOLDINGS,AU,0.019102330896229692,0.5838838444137706,0.24419210074397407
2014,vw_50,JP3788600009,HITACHI,JP,0.018687681240803295,8.991472855469267,22.093359082300424
2014,vw_50,JP3566800003,CENTRAL JAPAN RAILWAY,JP,0.018115315340878048,4.963652414283307,3.4860240936555233
2014,vw_50,JP3902900004,MITSUBISHI UFJ FINL.GP.,JP,0.01692135049826877,0.2840680665917468,0.1547432473987553
2014,vw_50,JP3854600008,HONDA MOTOR,JP,0.01627771103347528,12.425374062581534,20.708358025480095
2014,vw_50,AU000000WES1,WESFARMERS,AU,0.015503674402364777,46.628619856049056,59.037464865290964
2014,vw_50,JP3385980002,J S R DEAD - DELIST.25/06/24,JP,0.014945451899570129,102.2495965357415,89.38279795801773
2014,vw_50,JP3898400001,MITSUBISHI,JP,0.01486121672701531,25.880740163107717,61.072987290145434
2014,vw_50,JP3762600009,NOMURA HDG.,JP,0.014372930027435626,0.14912696674782847,0.11657341423314155
2014,vw_50,JP3830800003,BRIDGESTONE,JP,0.0128164015368687,55.47885158947478,65.39209501555027
2014,vw_50,AU000000CSL8,CSL,AU,0.012769497181459557,11.423355970484042,1.8527476585990534
2014,vw_50,HK0066009694,MTR,HK,0.012208428997241734,11.939304523475919,2.9033622319987398
2014,vw_50,JP3351600006,SHISEIDO,JP,0.012201633160046611,3.726073925907266,3.9885887253391905
2014,vw_50,JP3246400000,KYUSHU ELEC.POWER,JP,0.011404435952540773,64.98201386468064,207.13329404077513
2014,vw_50,AU000000BHP4,BHP GROUP,AU,0.010611687832950523,362.9017238151618,220.14781131373547
2014,vw_50,JP3258000003,KIRIN HOLDINGS,JP,0.010043648469385866,16.57205549940967,27.636164280145326
2014,vw_50,JP3414750004,SEIKO EPSON,JP,0.009861334509526648,11.174492014876122,17.896247149077336
2014,vw_50,HK0388045442,HONG KONG EXCHANGES AND CLEARING,HK,0.009609045360414991,0.03433024551847254,0.0019741008930064734
2014,vw_50,JP3866800000,PANASONIC HOLDINGS,JP,0.009133179766056364,8.18825270848607,22.106287028030774
2014,vw_50,JP3667600005,JGC HOLDINGS,JP,0.008909694468115006,18.034943694908506,12.207578641211583
2014,vw_50,AU000000TLS2,TELSTRA GROUP,AU,0.008897790453463452,2.393916862092946,0.9305306949197633
2014,vw_50,JP3519400000,CHUGAI PHARM.,JP,0.008833947164518768,12.939981725660724,4.212848405621178
2014,vw_50,AU000000NAB4,NATIONAL AUS.BANK,AU,0.008269194066633307,0.5548286538553964,0.34148772652593645
2014,vw_50,AU000000STO6,SANTOS,AU,0.008003320665202361,1240.4462276633296,341.1125013864241
2014,vw_50,JP3371200001,SHIN-ETSU CHEMICAL,JP,0.007736826310545727,110.64048421659419,49.78322025484031
2014,vw_50,AU000000SHL7,SONIC HEALTHCARE,AU,0.0076619938395866794,2.5394181003421896,1.3944155009503494
2014,vw_50,JP3358800005,SHIMIZU,JP,0.007450481378595681,15.101444128400429,52.46826415970508
2014,vw_50,AU0000224040,WOODSIDE ENERGY GROUP,AU,0.006862588931125045,1800.2054235632997,360.3381499486568
2014,vw_50,JP3505000004,DAIWA HOUSE INDUSTRY,JP,0.006814962389694763,9.479587791565766,18.535681186283597
2014,vw_50,JP3910660004,TOKIO MARINE HOLDINGS,JP,0.006663986061584412,0.3871292148206309,0.7056132644642953
2014,vw_50,JP3814800003,SUBARU,JP,0.006542051249984651,8.412557960612403,8.78227839540729
2014,vw_50,BMG8063F1068,SHANGRI-LA ASIA,HK,0.00652262217322417,73.02068597973776,29.170181327686816
2014,vw_50,JP3546800008,TERUMO,JP,0.0064181493934981565,18.13067984446611,9.130276289609204
2014,vw_50,JP3672400003,NISSAN MOTOR,JP,0.0063438420549313595,7.9588163026584455,20.036863086780652
2014,vw_50,JP3402600005,SUMITOMO METAL MINING,JP,0.006248838424721462,193.5367233504242,210.22589392164932
2014,vw_50,BMG2442N1048,COSCO SHIPPING PORTS,HK,0.006177173778060655,74.70517382492545,16.002394868752063
2014,vw_50,AU000000ORG5,ORIGIN ENERGY (EX BORAL),AU,0.005981957818073858,1166.1681910641719,1081.667567211291
2014,vw_50,JP3357200009,SHIMADZU,JP,0.005953829636104549,1.1406837508957681,1.2366813147122562
2014,vw_50,HK0016000132,SUN HUNG KAI PROPERTIES,HK,0.005903392588746268,0.5156587373039863,0.10965616236743445
2014,vw_50,HK0823032773,LINK REAL ESTATE INVESTMENT TRUST,HK,0.0058461005228489255,0.0,0.0
2014,vw_50,JP3500610005,RESONA HOLDINGS,JP,0.005373005291123657,4.177315372896484,2.615059268740609
2014,vw_50,AU000000DOW2,DOWNER EDI,AU,0.005267798097133894,31.062235255783644,117.78682668185164
2014,vw_50,JP3684000007,NITTO DENKO,JP,0.005245093048236334,56.168417096501855,54.331485332720305
2014,vw_50,JP3573000001,TOKYO GAS,JP,0.005226309244502773,140.66394790048506,225.23029797968425
2014,vw_50,JP3973400009,RICOH,JP,0.005220671509331794,8.6463467936142,21.502553940943557
2014,vw_50,JP3830000000,BROTHER INDUSTRIES,JP,0.005071473957700528,1.7739739777149235,2.849299377438549
2014,vw_50,JP3868400007,MAZDA MOTOR,JP,0.00502771146400894,5.8379165503770505,10.56277481637967
2014,vw_50,JP3134800006,IHI,JP,0.005010513653763848,6.112413317098525,11.227661858763728
2014,vw_50,JP3688370000,NIPPON EXPRESS HOLDINGS,JP,0.004996062110295988,45.727432524041774,152.63232723318788
2014,vw_50,JP3419400001,SEKISUI CHEMICAL,JP,0.004971160671791748,14.556639408674481,25.482620921831064
2014,vw_50,AU000000QBE9,QBE INSURANCE GROUP,AU,0.0047903684183059295,0.6822935815484403,0.8901008232474144
2014,vw_50,JP3629000005,TOPPAN HOLDINGS,JP,0.004737079620709428,18.323084251464568,53.75412589483693
2014,vw_50,AU000000WOR2,WORLEY,AU,0.004715655593872863,4.823142028118368,11.240919020888402
2014,vw_50,HK0019000162,SWIRE PACIFIC 'A',HK,0.004703079088156441,2575.9583332641487,1746.0008471610895
2014,vw_50,SGXE21576413,GENTING SINGAPORE,SG,0.004678693016172141,1.3566874617452196,0.23558078438293772
2014,vw_50,AU000000SBM8,ST BARBARA,AU,0.004621170100307998,181.6192337859201,692.8222618401675
2014,vw_50,JP3200450009,ORIX,JP,0.0046131431834950595,23.47564138273533,14.576093593730663
2014,vw_50,JP3940000007,YAMATO HDG.,JP,0.004511528290341426,34.55895656345736,46.50988411033887
2014,vw_50,HK0011000095,HANG SENG BANK DEAD - DELIST.28/01/26,HK,0.004488890222802017,0.0,0.0
2014,vw_50,HK0293001514,CATHAY PACIFIC AIRWAYS,HK,0.004477384758387901,1286.9095693625366,2041.7494164607117
2014,vw_50,SG1U68934629,KEPPEL,SG,0.004419944337183507,62.65449019933329,41.626597849556525
2014,vw_50,AU000000BLD2,BORAL DEAD - DELIST.08/07/24,AU,0.004408397432437038,653.7965265032202,745.1108727402748
2014,vw_50,AU000000MQG1,MACQUARIE GROUP,AU,0.004332896844936894,0.0,0.0
2014,vw_50,NZFBUE0001S0,FLETCHER BUILDING,NZ,0.004310375986160508,124.05300620531203,169.27716012796026
2014,vw_50,JP3197600004,ONO PHARM.,JP,0.0041048428017279575,15.055121169442963,2.1308247863038043
2014,vw_50,AU000000MAH3,MACMAHON HOLDINGS,AU,0.00398063035349552,75.80549993018937,548.534703480728
2014,vw_50,JP3405400007,SUMITOMO HEAVY INDS.,JP,0.003931692932264001,2.7038307634676872,5.196308647578455
2014,vw_50,JP3582600007,TOKYO TATEMONO,JP,0.003916953869914707,1.6074640080847202,0.8877288576685743
2014,vw_50,JP3877600001,MARUBENI,JP,0.0039020408111429677,0.002143231537918029,0.011257865097906447
2014,vw_50,HK0004000045,WHARF HOLDINGS,HK,0.003804615306541598,7.852992640086958,1.5592380904494432
2014,vw_50,JP3711600001,NIPPON SANSO HOLDINGS,JP,0.003679689060956339,24.04436666537094,39.34839065082238
2014,vw_50,SG1R50925390,SEMBCORP INDUSTRIES,SG,0.0036671045413988967,673.0066252189042,781.7836187529316
2014,vw_50,JP3266400005,KUBOTA,JP,0.0034219766159210518,23.059238687527735,17.334100656189047
2014,vw_50,JP3894900004,ISETAN MITSUKOSHI HDG.,JP,0.0033842788953295294,3.409699375423609,8.782100518972783
2014,vw_50,JP3955000009,YOKOGAWA ELECTRIC,JP,0.0033680406464068925,5.562564313617085,4.908520437125763
2014,vw_50,AU000000SUN6,SUNCORP GROUP,AU,0.003351393340225456,0.4876143558425835,0.4631807623290411
2014,vw_50,JP3814000000,FUJIFILM HOLDINGS,JP,0.003175864879374334,31.674496196046537,48.76947960628068
2014,vw_50,AU000000AMP6,AMP,AU,0.003175037005926238,0.00841092554372201,0.013291628428119678
2014,vw_50,JP3942800008,YAMAHA MOTOR,JP,0.003158881863054563,11.954070723433308,36.105583261058115
2014,vw_50,JP3197800000,OMRON,JP,0.0031063885508183222,6.63784427387474,5.4211010908879365
2014,vw_50,JP3463000004,TAKEDA PHARMACEUTICAL,JP,0.0030259236245049827,10.521626176064498,4.637540624120238
2014,vw_50,SGXE34184239,SEATRIUM,SG,0.0029995061231049384,14.186046511627907,9.440665735210574
2014,vw_50,JP3242800005,CANON,JP,0.002904257740449721,4.800210054982044,4.4838834536046805
2014,vw_50,JP3819400007,FUJI MEDIA HOLDINGS,JP,0.002836345222497655,0.0,0.0
2014,vw_50,JP3475350009,DAIICHI SANKYO,JP,0.0027871108743648715,12.996514673604564,11.62013961533991
2014,vw_50,JP3942400007,ASTELLAS PHARMA,JP,0.0027448555611745487,7.29719212056314,2.88179374088457
2014,vw_50,AU000000WOW2,WOOLWORTHS GROUP,AU,0.002639510146435624,9.369424364262178,13.278795787089201
2014,vw_50,AU000000LLC3,LENDLEASE GROUP STAPLED UNITS,AU,0.002634133585084295,11.138336281786682,23.00697532887037
2014,vw_50,JP3304200003,KOMATSU,JP,0.0026325163157417527,5.852384238708227,5.41502093694471
2014,vw_50,JP3269600007,KURARAY,JP,0.0025485380293640823,483.41957834957736,405.9692766619558
2014,vw_50,JP3119600009,AJINOMOTO,JP,0.00253661916050576,126.85651243070227,145.4886058494811
2014,vw_50,JP3951600000,UNI CHARM,JP,0.0025256049860721895,6.397944553598052,2.7113673856934386
2014,vw_50,JP3659000008,WEST JAPAN RAILWAY,JP,0.0024649542576713275,7.706842203870176,12.443971020480287
2014,vw_50,JP3350800003,SHIKOKU ELECTRIC POWER,JP,0.0024503842980857417,1566.0492555082064,2984.4851364995843
2014,vw_50,JP3164800009,NOK,JP,0.0024225607215976773,7.8477522363801375,15.862583222370173
2014,vw_50,AU000000PPT9,PERPETUAL,AU,0.0024215161297835887,0.3914581139818039,0.07574016422556988
2014,vw_50,JP3397200001,SUZUKI MOTOR,JP,0.002373940597411398,6.437274163435095,12.38960347074092
2014,vw_50,JP3116000005,ASAHI GROUP HOLDINGS,JP,0.002364917799495781,21.416613712997847,27.113806182211935
2014,vw_50,JP3210200006,KAJIMA,JP,0.0023555794303277452,11.710299377526514,46.278214998421724
2014,vw_50,JP3481800005,DAIKIN INDUSTRIES,JP,0.002320202016238542,56.220241538264354,55.93031140910111
2014,vw_50,JP3401400001,SUMITOMO CHEMICAL,JP,0.0022753918993943336,113.60456624951942,348.2472860828936
2014,vw_50,BMG524401079,KERRY PROPERTIES,HK,0.0022054878371115857,2.020902669859204,0.7834096417990843
2014,vw_50,JP3300600008,KONICA MINOLTA,JP,0.0021493627938819837,18.084761956012567,28.760324781228626
2014,vw_50,JP3493400000,DIC,JP,0.0021439169222496842,35.779864498289164,124.12255976225765
2014,vw_50,IE00BKVD2N49,SEAGATE TECHNOLOGY HOLDINGS,SG,0.0021379155710638757,22.74885452462772,18.918450663219833
2014,vw_50,JP3783600004,EAST JAPAN RAILWAY,JP,0.00205831066837249,44.59222248686103,39.98517524427078
2014,vw_50,AU000000TAH8,TABCORP HOLDINGS,AU,0.0020315724457988698,1.0186577281846865,0.7836079791847355
2014,vw_50,AU000000SGP0,STOCKLAND STAPLED UNITS,AU,0.001989781387748193,13.471733834125422,2.9725777752074256
2014,vw_50,JP3205800000,KAO,JP,0.0018834215669003695,50.58066916146643,39.46239840084187
2014,vw_50,AU000000IAG3,INSURANCE AUS.GROUP,AU,0.0017959155055871834,0.995656028984099,0.8243270300433577
2014,vw_50,AU000000BPT9,BEACH ENERGY,AU,0.0017855448845662983,77.98223334469351,38.65708912661467
2014,vw_50,JP3385820000,GS YUASA,JP,0.0017376509879491779,4.865397954838394,7.191501336710286
2014,vw_50,JP3165600002,NTN,JP,0.0017228381155875118,17.201905966273905,47.892511631341854
2014,vw_50,JP3502200003,DAIWA SECURITIES GROUP,JP,0.0017046748418121564,0.1389427622487818,0.05750434888396412
2014,vw_50,JP3891600003,MITSUI E&S,JP,0.0016909786431745016,20.899060256762283,78.83062385378136
2014,vw_50,AU000000CIM7,CIMIC GROUP DEAD - DELIST.11/05/22,AU,0.001662223345642875,7.7079665603653815,31.934837834402074
2014,vw_50,JP3407400005,SUMITOMO ELECTRIC IND.,JP,0.001650902267190359,7.9402186911999335,15.336161797010908
2014,vw_50,JP3551520004,DENTSU GROUP,JP,0.0015408070303551723,0.22172941830980455,0.42708078403452954
2014,vw_50,JP3769000005,HACHIJUNI NAGANO BANK,JP,0.0014600385849220187,1.917675297482253,1.0460629866421518
2014,vw_50,JP3787000003,HITACHI CON.MCH.,JP,0.0014093613431330123,5.477923708681192,10.06833819549738
2014,vw_50,JP3320800000,SAPPORO HOLDINGS,JP,0.0013833578859516324,23.72395880398328,79.9502175222542
2014,vw_50,JP3491000000,DAIDO STEEL,JP,0.0013801942840407106,93.27667554530056,190.69795851246272
2014,vw_50,JP3890310000,MS&AD INSURANCE GP.HDG.,JP,0.0013002758138295025,0.50511900441191,1.5594385020408577
2014,vw_50,BMG668971101,CTF SERVICES,HK,0.0012145815482776077,164.49932897930486,72.12757836774244
2014,vw_50,JP3592200004,TOSHIBA DEAD - DELIST.20/12/23,JP,0.0012053870587455347,12.989350464532478,43.853311796484654
2014,vw_50,JP3112000009,AGC,JP,0.0011436053699203728,408.0736293692739,779.942002808964
2014,vw_50,JP3743000006,NH FOODS,JP,0.0011314419990139297,25.762267640966698,71.0297790439239
2014,vw_50,AU000000CSR5,CSR DEAD - DEAD.10/07/24,AU,0.0011053824844413115,209.32035541475963,237.54243710215218
2014,vw_50,JP3535800001,TSUMURA,JP,0.0011036551258144845,31.708848039998273,19.170086411482167
2014,vw_50,AU000000MTS0,METCASH,AU,0.001100574468375742,1.716040161507853,8.554903939932112
2014,vw_50,AU000000IVC8,INVOCARE DEAD - DELIST.27/11/23,AU,0.0010814369944598765,15.801583052368066,5.348746081504703
2014,vw_50,AU000000SGM7,SIMS,AU,0.0010763944228069121,16.466875456001635,57.25031453275156
2014,vw_50,JP3359600008,SHARP,JP,0.0010730478214781758,12.810274336815468,62.099620865472616
2014,vw_50,JP3888400003,MITSUI KINZOKU LIMITED,JP,0.0010602374650805668,151.43578711065382,413.1577604246414
2014,vw_50,JP3435000009,SONY GROUP,JP,0.0010573457628766803,4.038203150643676,18.75984641595084
2014,vw_50,JP3495000006,SUMITOMO PHARMA,JP,0.0010340034875533765,22.970474223836465,11.90675858558986
2014,vw_50,AU000000GPT8,GPT GROUP STAPLED UNITS,AU,0.0009116185718743798,17.493821510297483,1.7775958927043416
2014,vw_50,JP3180400008,OSAKA GAS,JP,0.0008955972647727054,279.35820610019783,475.6704600682789
2014,vw_50,JP3571400005,TOKYO ELECTRON,JP,0.0008875021689815538,2.1236044028369574,1.1768703965011562
2014,vw_50,SG9999000020,FLEX,SG,0.0008818212806944743,2.6335708446044914,13.086836201673515
2014,vw_50,JP3720800006,NSK,JP,0.0008754039701569827,15.776062268056862,20.330021397543756
2014,vw_50,HK0002007356,CLP HOLDINGS,HK,0.0008582720975271439,2840.791553196561,2005.7279541679757
2014,vw_50,JP3818000006,FUJITSU,JP,0.0008400238575856956,4.740156576588696,17.580113635901196
2014,vw_50,JP3522200009,CHUGOKU ELEC.POWER,JP,0.0008083820641258809,3404.147672539395,8594.58543210445
2014,vw_50,JP3294460005,INPEX,JP,0.0008066762216115262,46.48414083838704,34.72600640137549
2014,vw_50,NZCENE0001S6,CONTACT ENERGY,NZ,0.0008032668226286302,818.9566270686345,534.091058579002
2014,vw_50,JP3686800008,NIPPON SHEET GLASS,JP,0.0007570170623664984,551.4106894753104,2716.699210459292
2014,vw_50,AU000000CQR9,CHARTER HALL RETAIL REIT,AU,0.0007386701916314225,0.5522385150631176,0.07488722864392444
2014,vw_50,HK0003000038,HONG KONG AND CHINA GAS,HK,0.0007284993724498227,199.2912378927137,36.848867799477105
2014,vw_50,JP3362700001,MITSUI OSK LINES,JP,0.0007275810982644218,1146.9399781254342,3805.5266901401346
2014,vw_50,JP3982800009,ROHM,JP,0.0006915423016329394,22.988181792275245,13.12234989596219
2014,vw_50,AU000000TCL6,TRANSURBAN GROUP STAPLED UNITS,AU,0.0006692723104519886,0.14310630973968097,0.01656558693875736
2014,vw_50,AU000000COH5,COCHLEAR,AU,0.0006568324237534049,0.009360337210619511,0.002183816114337379
2014,vw_50,JP3551200003,ELEC.POWER DEV.,JP,0.0006383961589779225,7962.301468720035,11241.18567595708
2014,vw_50,JP3613400005,TOYO SEIKAN GROUP HDG.,JP,0.0006380107381260523,73.86710814796793,142.64711929925568
2014,vw_50,JP3111200006,ASAHI KASEI,JP,0.0006290841079431518,267.90832643751975,456.85619912924733
2014,vw_50,BMG677491539,ORIENT OVERSEAS (INTL.),HK,0.000613223264777748,787.6008195999792,1877.6240914765372
2014,vw_50,JP3621000003,TORAY INDS.,JP,0.0006113880195545468,181.26082772061258,290.85493995194685
2014,vw_50,JP3260800002,KINTETSU GROUP HDG.,JP,0.0006108705835944549,3.2001016676661247,5.555454399237686
2014,vw_50,JP3256000005,KYOWA KIRIN,JP,0.000592942614598206,19.666208070889315,10.920703362298935
2014,vw_50,JP3194000000,OKI ELECTRIC IND.,JP,0.0005686552516953099,2.6071781864080688,7.346646347016716
2014,vw_50,JP3738600000,NITERRA,JP,0.0005045224268274425,20.75724404526741,13.837746243451557
2014,vw_50,SG1F60858221,SINGAPORE TECHS.ENGR.,SG,0.0004961406623725718,5.6887264502523776,3.2455406438228036
2014,vw_50,JP3126400005,ALPS ALPINE,JP,0.0004880915260493182,1.4106209779269065,3.799196114553676
2014,vw_50,AU000000CWY3,CLEANAWAY WASTE MANAGEMENT,AU,0.00048280186107094554,436.05994241523865,355.88416826271487
2014,vw_50,AU000000IGO4,IGO,AU,0.00046510738476334925,159.75937774119387,56.13760864801695
2014,vw_50,AU000000BSL0,BLUESCOPE STEEL,AU,0.0004625765866162522,1173.060720405915,2895.670898138128
2014,vw_50,NZTELE0001S4,SPARK NEW ZEALAND,NZ,0.00045886917212536045,0.6808926366417417,0.604387705224417
2014,vw_50,SG1R89002252,CITY DEVELOPMENTS,SG,0.000434172770813431,2.9685578001950548,1.1852273952845238
2014,vw_50,JP3368000000,RESONAC HOLDINGS,JP,0.00038032269340676896,370.6006249348553,1499.531396438613
2014,vw_50,JP3626800001,LIXIL,JP,0.00037709408438093005,24.30698965882118,44.323639234327096
2014,vw_50,JP3375800004,SHINKO ELEC.INDS. DEAD - DELIST.06/06/25,JP,0.0003652469740901659,23.21544089444066,30.997219594691437
2014,vw_50,HK0006000050,POWER ASSETS HOLDINGS,HK,0.00036137281527198197,6805.780051772541,559.110664599122
2014,vw_50,AU000000SIG5,SIGMA HEALTHCARE,AU,0.00035536632438042375,1.7246307012130027,7.829862891920538
2014,vw_50,JP3678000005,NISSHINBO HOLDINGS,JP,0.0003191058980488156,60.167902343725174,182.52801007912888
2014,vw_50,JP3665200006,NICHIREI,JP,0.00031801402150058287,8.289846007959365,30.504020134078708
2014,vw_50,JP3634600005,TOYOTA INDS.,JP,0.00031442584657011567,9.998001143387409,12.958343344908727
2014,vw_50,JP3850200001,HOKKAIDO ELEC.POWER,JP,0.0003002578510256279,2506.4197920735305,7207.689476677771
2014,vw_50,AU000000MGR9,MIRVAC GROUP STAPLED UNITS,AU,0.000293500812201639,7.627857112855083,2.115354392582115
2014,vw_50,JP3452000007,TAIYO YUDEN,JP,0.0002729240960982528,14.90999627965544,21.14551625205556
2014,vw_50,SG1J26887955,SINGAPORE EXCHANGE,SG,0.00025519414951796277,0.07994402199234256,0.008135173340424639
2014,vw_50,JP3893600001,MITSUI,JP,0.0002534926511296141,26.081482983118565,59.07898293507624
2014,vw_50,AU000000ORI1,ORICA,AU,0.0002368464127283499,263.2634599202772,209.2482495076127
2014,vw_50,JP3209000003,CASIO COMPUTER,JP,0.0002198149150160814,1.9455984505268362,1.9828593177850984
2014,vw_50,HK0200030994,MELCO INTL.DEV.,HK,0.0001975005085256633,5.016733742851091,0.021179332176774632
2014,vw_50,AU000000ASX7,ASX,AU,0.00019678881694068582,0.12803277639075605,0.016440878600552416
2014,vw_50,JP3493800001,DAI NIPPON PRINTING,JP,0.00019485561102610029,23.107185267915487,47.000570444098635
2014,vw_50,JP3215800008,KANEKA,JP,0.0001519884556116629,223.48581957861796,512.2557758531202
2014,vw_50,NZAIAE0002S6,AUCKLAND INTL.AIRPORT,NZ,0.00014863979992597656,6.026549166155391,0.5535405075871679
2014,vw_50,JP3421100003,JAPAN PETROLEUM EXP.,JP,0.00013828561291964536,81.2925150533338,92.87471820853271
2014,vw_50,JP3914400001,MURATA MANUFACTURING,JP,0.0001272100073512289,15.032456944373882,5.912004029064612
2014,vw_50,JP3293200006,COCA-COLA BOTTLERS JAPAN HOLDINGS,JP,0.0001237881692098375,23.209728867623603,45.287379467207295
2014,vw_50,JP3526600006,CHUBU ELEC.POWER,JP,0.00010406277460800149,2032.752493813691,6217.260859598983
2014,vw_50,JP3596200000,TOTO,JP,9.91808994568554e-05,32.298685868976804,30.505904810616784
2014,vw_50,JP3190000004,OBAYASHI,JP,9.575565941595841e-05,9.420873950195757,34.08875258594231
2014,vw_50,AU000000NCM7,NEWCREST MINING DEAD - DELIST.08/11/23,AU,9.30698040937228e-05,439.29370760793427,235.50627182008725
2014,vw_50,JP3388200002,AEON,JP,7.676957329039288e-05,4.209479387722288,24.30930487199597
2014,vw_50,HK0010000088,HANG LUNG GROUP,HK,7.136378491106738e-05,1.923669706638955,0.3900271932758445
2014,vw_50,JP3605400005,TOHOKU ELECTRIC PWR.,JP,6.793579340980474e-05,2127.150510092866,7728.225798821047
2014,vw_50,JP3595200001,TOSOH,JP,6.618279637066148e-05,928.5649109812194,2748.9443179877094
2014,vw_50,AU0000088338,AMPOL,AU,6.453194451008203e-05,78.39835114100738,371.44370156643623
2014,vw_50,JP3820000002,FUJI ELECTRIC,JP,4.5389790574355026e-05,28.41916129708592,66.03555659062084
2014,vw_50,AU000000DXS1,DEXUS STAPLED UNITS,AU,4.164697741290505e-05,20.716665385545582,2.696391228065895
2014,vw_50,JP3456000003,TAKASHIMAYA,JP,3.7402091294881186e-05,1.7698564919064788,5.0885462699270025
2014,vw_50,JP3638600001,DOWA HDG.,JP,2.6649297922258436e-05,192.8965653863915,305.25230838365
2014,vw_50,JP3753000003,NIPPON YUSEN KK,JP,2.6438871060694643e-05,959.6070377264232,3701.552033183536
2014,vw_50,JP3027680002,JAPAN REAL ESTATE INV.,JP,2.4652183573406968e-05,11.571665809506236,0.9495674192867694
2014,vw_50,JP3635400009,TOYOTA BOSHOKU,JP,2.202118039309815e-05,7.443948285133145,42.282740744748345
2014,vw_50,JP3289800009,KOBE STEEL,JP,2.1328292076478776e-05,932.8426246882317,3161.549885453912
2014,vw_50,JP3870000001,MABUCHI MOTOR,JP,2.09301480509048e-05,25.083740124456597,12.147173771440979
2014,vw_50,JP3778630008,BANDAI NAMCO HDG.,JP,1.976890440702913e-05,0.0,0.0
2014,vw_50,JP3122400009,ADVANTEST,JP,1.797241526112642e-05,3.6048017050808943,1.9481106705822435
2014,vw_50,JP3539220008,T & D HOLDINGS,JP,1.5020165954303212e-05,0.11090863524973671,0.2863693925323305
2014,vw_50,JP3544000007,TEIJIN,JP,1.4713911210811078e-05,142.94887912892187,480.28380721673744
2014,vw_50,JP3174410005,OJI HOLDINGS,JP,1.390950158808756e-05,448.31775863599006,1143.1573751960323
2014,vw_50,JP3223800008,KAWASAKI KISEN KAISHA,JP,1.385706853274236e-05,1000.2595477326096,5570.562395706489
2014,vw_50,JP3165700000,NTT DATA GROUP DEAD - DELIST.26/09/25,JP,1.2001943637184865e-05,0.6659116021343819,0.8703259948817204
2014,vw_50,JP3888300005,MITSUI CHEMICALS,JP,1.0849054467938752e-05,252.53378361360666,1502.0833416560467
2014,vw_50,JP3900000005,MITSUBISHI HEAVY INDS.,JP,1.0162196875071657e-05,4.927111178341123,6.928314398842715
2014,vw_50,AU000000APA1,APA GROUP,AU,1.0050444462926828e-05,287.9800036619265,70.13812720856015
2014,vw_50,JP3270000007,KURITA WATER IND.,JP,8.802421550131751e-06,7.09226784597973,4.7450722018152485
2014,vw_50,JP3224200000,KAWASAKI HEAVY INDUSTRY,JP,6.359226596444868e-06,10.592167845839041,19.06157348653983
2014,vw_50,JP3634200004,TOYODA GOSEI,JP,6.221626796521151e-06,16.50463367590451,39.28052364508976
2014,vw_50,JP3811000003,FUJIKURA,JP,4.654466186034163e-06,5.002359300390695,16.76966981160296
2014,vw_50,JP3903000002,MITSUBISHI MATERIALS,JP,3.4919053558873822e-06,798.7187058806187,2445.1134774223824
2014,vw_50,JP3792600003,HINO MOTORS,JP,2.912838088576774e-06,10.24735067033254,20.116392742570167
2014,vw_50,JP3977400005,RINNAI,JP,1.2965522937536188e-06,10.919120264353769,7.237688660812375
2015,vw_50,JP3633400001,TOYOTA MOTOR,JP,0.04688706329927216,11.952315201464645,12.182011978411145
2015,vw_50,AU000000WBC1,WESTPAC BANKING,AU,0.03815095934891097,0.3601263694403746,0.12737115578444988
2015,vw_50,AU000000BWP3,BWP GROUP STAPLED UNITS,AU,0.02950825042794116,0.0,0.0
2015,vw_50,AU000000CBA7,COMMONWEALTH BK.OF AUS.,AU,0.02563210826593126,0.29998963958074837,0.0855714367135502
2015,vw_50,JP3496400007,KDDI,JP,0.02481567386236605,0.12179750316680016,0.07596432079213256
2015,vw_50,JP3551500006,DENSO,JP,0.023257009325210434,17.147883764452796,15.660805147251985
2015,vw_50,AU000000BHP4,BHP GROUP,AU,0.020362306744229036,376.92924954224037,278.46452240912976
2015,vw_50,JP3566800003,CENTRAL JAPAN RAILWAY,JP,0.017279718161897977,5.441753414929952,2.172502940637909
2015,vw_50,JP3726800000,JAPAN TOBACCO,JP,0.015787902566765943,16.12761244865499,7.214598694796905
2015,vw_50,JP3902900004,MITSUBISHI UFJ FINL.GP.,JP,0.01568564989632866,0.2622179472524686,0.1581956244417073
2015,vw_50,HK0066009694,MTR,HK,0.015592755454727138,10.193645672537144,2.0652851678601634
2015,vw_50,JP3890350006,SUMITOMO MITSUI FINL.GP.,JP,0.014873324131812532,0.42276688326081124,0.34258028411392116
2015,vw_50,JP3385980002,J S R DEAD - DELIST.25/06/24,JP,0.014659275945476115,122.41856758641299,101.94680533368727
2015,vw_50,JP3902400005,MITSUBISHI ELECTRIC,JP,0.014532979529492706,10.881749820192686,15.783426139879035
2015,vw_50,JP3951600000,UNI CHARM,JP,0.014112834857228107,4.975922545506993,1.7850955971516882
2015,vw_50,AU000000WES1,WESFARMERS,AU,0.01319346664963803,52.250085104201155,64.92115166211204
2015,vw_50,JP3854600008,HONDA MOTOR,JP,0.01289044928597438,13.350087241369025,24.14710415853379
2015,vw_50,JP3435000009,SONY GROUP,JP,0.01233257117425517,4.1669550387106264,10.755293475845368
2015,vw_50,JP3898400001,MITSUBISHI,JP,0.012016812949585233,27.251215420086638,63.022329909656335
2015,vw_50,AU000000TLS2,TELSTRA GROUP,AU,0.011721155521816014,2.6168560087599233,0.8330441875612532
2015,vw_50,JP3830800003,BRIDGESTONE,JP,0.011644958185773508,59.23703969532757,57.778689563132716
2015,vw_50,JP3910660004,TOKIO MARINE HOLDINGS,JP,0.011362255315207945,0.41757191028956037,0.5552323252291129
2015,vw_50,JP3942400007,ASTELLAS PHARMA,JP,0.011308542563468032,9.86200018425769,2.8852231566489746
2015,vw_50,JP3573000001,TOKYO GAS,JP,0.011294154397974694,159.86830633947196,204.55417228686514
2015,vw_50,HK0823032773,LINK REAL ESTATE INVESTMENT TRUST,HK,0.01126627047528325,0.0,0.0
2015,vw_50,AU000000CSL8,CSL,AU,0.011159156860090589,11.218682368460072,1.696460324184645
2015,vw_50,BMG988031446,YUE YUEN INDL.HDG.,HK,0.010409097293498018,15.319554300771504,19.841878967769873
2015,vw_50,JP3762600009,NOMURA HDG.,JP,0.010189216296682145,0.1952499129959871,0.15138714054663582
2015,vw_50,JP3160400002,EISAI,JP,0.009980647947362996,7.816687948541821,2.4255585171891476
2015,vw_50,AU000000NAB4,NATIONAL AUS.BANK,AU,0.009903513903655792,0.6556440422827267,0.3418017692081859
2015,vw_50,HK0016000132,SUN HUNG KAI PROPERTIES,HK,0.0096569764529713,0.6011564293944835,0.1246996366677656
2015,vw_50,JP3243600008,CANON MARKETING JAPAN,JP,0.009049995091752755,1.50969055966843,3.015782238499
2015,vw_50,JP3358800005,SHIMIZU,JP,0.008865287720874492,16.561617702938467,40.859677413403105
2015,vw_50,JP3165600002,NTN,JP,0.008085164331730342,17.651333702687435,45.55644445225892
2015,vw_50,JP3788600009,HITACHI,JP,0.008054703487530568,9.832573607192277,22.40668239191611
2015,vw_50,JP3672400003,NISSAN MOTOR,JP,0.008012149955053742,8.945348038343534,22.03631325716037
2015,vw_50,JP3830000000,BROTHER INDUSTRIES,JP,0.007552675606195389,5.020515799959035,6.208488955738453
2015,vw_50,SG1T75931496,SINGAPORE TELECOM,SG,0.0073368647100861386,0.6864032967693767,0.177772529340388
2015,vw_50,JP3246400000,KYUSHU ELEC.POWER,JP,0.007003478508154842,69.43080374613271,250.24569577403267
2015,vw_50,JP3667600005,JGC HOLDINGS,JP,0.006979804454870971,17.488766702703273,22.808070115770505
2015,vw_50,JP3502200003,DAIWA SECURITIES GROUP,JP,0.006929879161748508,0.15361778195148193,0.0659971647427421
2015,vw_50,HK0293001514,CATHAY PACIFIC AIRWAYS,HK,0.006925013833645475,1270.478684378346,1903.8369840805278
2015,vw_50,JP3351600006,SHISEIDO,JP,0.006867910116383356,7.387392239306639,7.834047240239872
2015,vw_50,JP3304200003,KOMATSU,JP,0.006670985365393144,6.147931660552825,5.383672639857448
2015,vw_50,JP3814800003,SUBARU,JP,0.006558911605550045,7.943844242879426,6.567281802062126
2015,vw_50,HK2388011192,BOC HONG KONG HOLDINGS,HK,0.006348556035523885,0.02370480139905738,0.007480068955549958
2015,vw_50,JP3866800000,PANASONIC HOLDINGS,JP,0.006247674199821043,7.087423153483487,16.67295154166269
2015,vw_50,JP3621000003,TORAY INDS.,JP,0.006074597435511183,188.19347925227166,224.00070141102404
2015,vw_50,JP3769000005,HACHIJUNI NAGANO BANK,JP,0.0059442378622710365,1.876408316441495,0.7590053879278321
2015,vw_50,AU000000WOW2,WOOLWORTHS GROUP,AU,0.005935226132860528,10.920430205552398,16.542501263579148
2015,vw_50,JP3371200001,SHIN-ETSU CHEMICAL,JP,0.005814453422644551,134.30238220120114,48.46093638403318
2015,vw_50,JP3546800008,TERUMO,JP,0.005745923469115074,18.631862512120463,8.115162032773842
2015,vw_50,JP3258000003,KIRIN HOLDINGS,JP,0.00572204980662181,20.88022818084243,29.97578937523095
2015,vw_50,JP3481800005,DAIKIN INDUSTRIES,JP,0.005679206697930343,58.39720229336156,45.62192482513652
2015,vw_50,JP3119600009,AJINOMOTO,JP,0.00565041583626388,139.66832158244264,99.29023503525019
2015,vw_50,JP3684000007,NITTO DENKO,JP,0.005584943804355804,63.70823411513216,39.803434016785104
2015,vw_50,HK0388045442,HONG KONG EXCHANGES AND CLEARING,HK,0.0054221659778194205,0.04410023644511386,0.0019267665670429542
2015,vw_50,BMG8063F1068,SHANGRI-LA ASIA,HK,0.005340001919600658,71.87319208004416,32.107447105501365
2015,vw_50,JP3200450009,ORIX,JP,0.005172435219899374,14.203561166518288,15.558378994666862
2015,vw_50,SGXE21576413,GENTING SINGAPORE,SG,0.004993836966155996,1.5060120093835405,0.3362244419359361
2015,vw_50,IE00BKVD2N49,SEAGATE TECHNOLOGY HOLDINGS,SG,0.004924387793193368,21.312870031012125,15.933613413054005
2015,vw_50,JP3420600003,SEKISUI HOUSE,JP,0.004868043713654135,4.904431030825575,8.897519482787192
2015,vw_50,HK0011000095,HANG SENG BANK DEAD - DELIST.28/01/26,HK,0.004818438962875439,0.0,0.0
2015,vw_50,AU000000QBE9,QBE INSURANCE GROUP,AU,0.004719106802817752,0.8581669429525912,1.1075304928153424
2015,vw_50,JP3973400009,RICOH,JP,0.004671384862257734,9.460616290679473,25.450731040611494
2015,vw_50,AU000000MQG1,MACQUARIE GROUP,AU,0.004452689553777741,0.0,0.0
2015,vw_50,JP3486800000,DAITO TST.CONSTRUCTION,JP,0.004416238697353775,3.4529899158855097,4.495083323997631
2015,vw_50,AU0000224040,WOODSIDE ENERGY GROUP,AU,0.004408880723592624,1541.7130450656605,446.79734018058247
2015,vw_50,AU000000NCM7,NEWCREST MINING DEAD - DELIST.08/11/23,AU,0.0043763012229855935,488.9597713954645,185.04247823912317
2015,vw_50,JP3242800005,CANON,JP,0.004326182219732402,5.347416598214508,4.025202569703491
2015,vw_50,AU000000SHL7,SONIC HEALTHCARE,AU,0.0042918152946252236,2.6425940713976486,1.3998217858403808
2015,vw_50,AU000000ORG5,ORIGIN ENERGY (EX BORAL),AU,0.004268536724381972,1520.4375639207483,1769.8392938217776
2015,vw_50,JP3940000007,YAMATO HDG.,JP,0.004235250662342373,38.44491816940409,45.26434177938278
2015,vw_50,JP3358200008,SHIMAMURA,JP,0.004103520145416477,0.3349612726874232,0.44792351506288747
2015,vw_50,AU000000ANZ3,ANZ GROUP HOLDINGS,AU,0.00409466433128063,0.7462289176269907,0.3143518640394935
2015,vw_50,JP3463000004,TAKEDA PHARMACEUTICAL,JP,0.004069934909814402,11.557895089141251,4.336303156450887
2015,vw_50,JP3783600004,EAST JAPAN RAILWAY,JP,0.0040304035113059335,46.27406379856592,34.33609569342699
2015,vw_50,JP3405400007,SUMITOMO HEAVY INDS.,JP,0.004018141976875421,2.8154457492114973,4.5541540802914655
2015,vw_50,JP3738600000,NITERRA,JP,0.004008240165796591,24.736436507128815,11.337473183632829
2015,vw_50,HK0004000045,WHARF HOLDINGS,HK,0.003925466080124564,5.169995889212864,1.0358009127919172
2015,vw_50,JP3814000000,FUJIFILM HOLDINGS,JP,0.0037743610684335045,35.160859219815734,43.23763797743535
2015,vw_50,JP3300600008,KONICA MINOLTA,JP,0.003670984073348357,20.207403341892526,33.20889884192622
2015,vw_50,JP3495000006,SUMITOMO PHARMA,JP,0.0035504920157836874,25.257497658275717,19.698317928698547
2015,vw_50,AU000000CWY3,CLEANAWAY WASTE MANAGEMENT,AU,0.0034932562895406134,516.8537664536304,555.5705657978385
2015,vw_50,JP3519400000,CHUGAI PHARM.,JP,0.0034782444425799034,13.76806803039396,3.2088043127809285
2015,vw_50,JP3734800000,NIDEC,JP,0.0034461068876721077,2.0733482460949513,0.8676254212349899
2015,vw_50,JP3868400007,MAZDA MOTOR,JP,0.003438138267769446,5.9913066737304375,12.16912906230594
2015,vw_50,AU000000GPT8,GPT GROUP STAPLED UNITS,AU,0.003427498287667614,26.265842764019762,2.1047955124678266
2015,vw_50,AU000000PPT9,PERPETUAL,AU,0.0034132243518399602,0.37276501664588607,0.08268940149981466
2015,vw_50,JP3397200001,SUZUKI MOTOR,JP,0.0032215460820412857,24.57907648762812,35.36703119035322
2015,vw_50,JP3134800006,IHI,JP,0.003182927505745688,6.338073021723915,9.510811436291648
2015,vw_50,AU000000BLD2,BORAL DEAD - DELIST.08/07/24,AU,0.0031825682961094345,553.5196721364824,544.9043723406423
2015,vw_50,JP3266400005,KUBOTA,JP,0.0030366169049049043,27.156409698204758,19.55003678422899
2015,vw_50,HK0000608585,NEW WORLD DEVELOPMENT COMPANY,HK,0.0030354696993001237,53.550432696484854,36.456550309625094
2015,vw_50,JP3164800009,NOK,JP,0.003023256412263672,7.80019433698872,8.91173249441932
2015,vw_50,SG1U68934629,KEPPEL,SG,0.003011398058393226,69.90739148721177,58.57843743206551
2015,vw_50,JP3787000003,HITACHI CON.MCH.,JP,0.0029294042803520498,5.965680518793765,10.581197163034735
2015,vw_50,JP3942800008,YAMAHA MOTOR,JP,0.002916287660738095,11.485455597575536,19.607662516597426
2015,vw_50,JP3539220008,T & D HOLDINGS,JP,0.002852732686592954,0.12190591995930265,0.3100754806301449
2015,vw_50,JP3582600007,TOKYO TATEMONO,JP,0.002840198859598276,1.6042018910092473,1.1059351512092648
2015,vw_50,SG1J26887955,SINGAPORE EXCHANGE,SG,0.0027170666452945554,0.08949208909178039,0.007432020982273431
2015,vw_50,JP3197600004,ONO PHARM.,JP,0.0026718150088929186,18.294235376835957,1.7204648902272044
2015,vw_50,SG1R89002252,CITY DEVELOPMENTS,SG,0.0026192814121779044,22.3611453691666,9.146367431935701
2015,vw_50,AU000000ASX7,ASX,AU,0.0025831408594917237,0.04458116000178324,0.004959112968593425
2015,vw_50,JP3027670003,NIPPON BUILDING FUND,JP,0.002572285762454571,22.811963958279932,1.9777073466044657
2015,vw_50,AU0000088338,AMPOL,AU,0.002497764976362001,49.542162351562375,132.56335156020518
2015,vw_50,JP3256000005,KYOWA KIRIN,JP,0.002496511540114651,22.75460641346104,9.734895385906924
2015,vw_50,JP3982100004,LAWSON DEAD - DELIST.24/07/24,JP,0.0024408815928819725,1.4974399913197576,0.9237651455838726
2015,vw_50,AU000000SUN6,SUNCORP GROUP,AU,0.002420533944637164,0.45708986019498593,0.39880640728323064
2015,vw_50,AU000000WOR2,WORLEY,AU,0.002365152557078882,5.468453845546619,21.428024920756368
2015,vw_50,AU000000CIM7,CIMIC GROUP DEAD - DELIST.11/05/22,AU,0.002360026463973846,5.8795248804340146,14.162821587087851
2015,vw_50,JP3116000005,ASAHI GROUP HOLDINGS,JP,0.0023595024765068256,23.704105533425125,22.606087974431034
2015,vw_50,NZAIAE0002S6,AUCKLAND INTL.AIRPORT,NZ,0.0022024891980052877,6.745230298633307,0.6194817757105517
2015,vw_50,HK0006000050,POWER ASSETS HOLDINGS,HK,0.0021608254156556934,32598.88814506505,398.1548013425282
2015,vw_50,JP3126400005,ALPS ALPINE,JP,0.0021535482993331216,1.4543596490047077,2.341363223515812
2015,vw_50,JP3629000005,TOPPAN HOLDINGS,JP,0.0021414018210184856,20.53038198113465,56.10199518149627
2015,vw_50,JP3967200001,RAKUTEN GROUP,JP,0.0021310447595082587,0.03408695543150168,0.009162017644782257
2015,vw_50,JP3385820000,GS YUASA,JP,0.0020835164798858477,6.874026657703635,11.57556270096463
2015,vw_50,BMG668971101,CTF SERVICES,HK,0.002080637707897069,126.92062812338646,54.11412071228698
2015,vw_50,JP3753000003,NIPPON YUSEN KK,JP,0.002061547808697959,1007.5987240556141,4027.969949453419
2015,vw_50,JP3194000000,OKI ELECTRIC IND.,JP,0.0020564749559391754,2.6944113194015804,6.836983522869709
2015,vw_50,JP3891600003,MITSUI E&S,JP,0.002056225206692155,18.899761791130377,93.1929592474185
2015,vw_50,JP3688370000,NIPPON EXPRESS HOLDINGS,JP,0.0020537214289517505,46.54566339657802,120.52585575279252
2015,vw_50,JP3205800000,KAO,JP,0.002051380160931548,55.798030204050974,30.13858326066034
2015,vw_50,JP3877600001,MARUBENI,JP,0.0020501923551092087,0.002018878095385021,0.013859629670695199
2015,vw_50,JP3819400007,FUJI MEDIA HOLDINGS,JP,0.002029921045888332,0.0,0.0
2015,vw_50,JP3228600007,KANSAI ELECTRIC PWR.,JP,0.0019781405560190205,1576.5291064832456,5366.339865060795
2015,vw_50,JP3528600004,CHIYODA CORPORATION,JP,0.0019198654945189655,0.8251627265769708,1.6241333457637597
2015,vw_50,AU000000IAG3,INSURANCE AUS.GROUP,AU,0.0019107558519708585,0.9844561799050947,0.8975414139156175
2015,vw_50,HK0019000162,SWIRE PACIFIC 'A',HK,0.0018781315038598064,2243.7011000585717,1453.4181133256486
2015,vw_50,JP3148800000,IBIDEN,JP,0.00186870078258192,46.2810386211535,54.26909593813323
2015,vw_50,HK0200030994,MELCO INTL.DEV.,HK,0.0018298531884330337,4.3870099923136054,0.03696950461187688
2015,vw_50,JP3818000006,FUJITSU,JP,0.001762946218181465,4.8382178539964364,16.26977769041834
2015,vw_50,JP3402600005,SUMITOMO METAL MINING,JP,0.001718881361689257,303.6391609550794,275.5094560048055
2015,vw_50,JP3596200000,TOTO,JP,0.0016590031492712516,36.44212351450396,40.75436083577423
2015,vw_50,HK0012000102,HENDERSON LD.DEV.,HK,0.0016350054655666331,0.2806545421250525,0.03869285828626312
2015,vw_50,NZFBUE0001S0,FLETCHER BUILDING,NZ,0.001632976230935116,137.3445123545715,199.78896096248877
2015,vw_50,JP3419400001,SEKISUI CHEMICAL,JP,0.0016195583738159952,16.260592932001302,26.2107277495216
2015,vw_50,JP3224200000,KAWASAKI HEAVY INDUSTRY,JP,0.0016090512030429056,10.964160492159657,17.100016916650308
2015,vw_50,AU000000CSR5,CSR DEAD - DEAD.10/07/24,AU,0.0015774976812571136,240.03830659738375,219.61009460572626
2015,vw_50,JP3743000006,NH FOODS,JP,0.0015644309706683414,32.622474546363364,67.03021811067659
2015,vw_50,JP3657400002,NIKON,JP,0.0015641902678568717,3.3547885601615306,4.873092652297669
2015,vw_50,JP3778630008,BANDAI NAMCO HDG.,JP,0.0015186681395981335,0.0,0.0
2015,vw_50,JP3407400005,SUMITOMO ELECTRIC IND.,JP,0.001465042984232869,8.258393620366034,18.654131665775353
2015,vw_50,AU000000QAN2,QANTAS AIRWAYS,AU,0.0014105887540563208,964.6904093749979,2715.86660140256
2015,vw_50,SG9999000020,FLEX,SG,0.001397507090370444,1.4416181216907014,5.690254125582433
2015,vw_50,JP3401400001,SUMITOMO CHEMICAL,JP,0.001385251315892871,119.37128144549034,334.4039454934093
2015,vw_50,JP3118000003,ASICS,JP,0.0013798099696967592,1.4069221863232955,1.1609316968787662
2015,vw_50,JP3665200006,NICHIREI,JP,0.0013727737216052177,9.073777459307186,26.89957241316473
2015,vw_50,JP3322930003,SUMCO,JP,0.0013599608201807583,10.928779744495538,4.741251825946388
2015,vw_50,AU000000ERA9,ENERGY RES.OF AUS.,AU,0.0013517659499708077,362.3493314405936,216.31830964505588
2015,vw_50,JP3347200002,SHIONOGI,JP,0.0013448595991676377,18.49166719139367,4.033304203286961
2015,vw_50,AU000000SGP0,STOCKLAND STAPLED UNITS,AU,0.0012764914011570087,16.457602438642294,3.248254435974633
2015,vw_50,JP3837800006,HOYA,JP,0.0012730488839653542,6.718823825390105,1.615508503934313
2015,vw_50,JP3269600007,KURARAY,JP,0.0012667331637040012,250.74823658577097,241.1114559802013
2015,vw_50,JP3452000007,TAIYO YUDEN,JP,0.001243363365815378,18.298429672837255,22.355363175675677
2015,vw_50,HK0002007356,CLP HOLDINGS,HK,0.001151266021281188,3213.992485417491,1700.9586210515922
2015,vw_50,JP3357200009,SHIMADZU,JP,0.0010921847189311457,1.5066475171767235,1.308194201429202
2015,vw_50,JP3893600001,MITSUI,JP,0.0010847850711738335,8.089883663680784,16.489490526272395
2015,vw_50,JP3414750004,SEIKO EPSON,JP,0.0010610493717690748,12.74259832801774,15.693292480102981
2015,vw_50,JP3197800000,OMRON,JP,0.0010610144624811258,8.797717391518088,7.226660974807755
2015,vw_50,JP3210200006,KAJIMA,JP,0.0010588199404718787,14.457149964229183,48.550158977971556
2015,vw_50,JP3429800000,ANA HOLDINGS,JP,0.0010587843735054396,713.3827928632372,1061.5333745094738
2015,vw_50,JP3605400005,TOHOKU ELECTRIC PWR.,JP,0.001041940455446384,2199.300831862956,6399.597896399559
2015,vw_50,BMG2442N1048,COSCO SHIPPING PORTS,HK,0.0010405020587386632,69.71261284136776,14.335499113998818
2015,vw_50,JP3362700001,MITSUI OSK LINES,JP,0.0010381397151933906,1225.5596084544645,4479.880682643947
2015,vw_50,BMG524401079,KERRY PROPERTIES,HK,0.0010271939467830823,3.895159047481074,1.4401695283039155
2015,vw_50,JP3112000009,AGC,JP,0.001018241221702302,428.75388813680604,779.4256913252924
2015,vw_50,JP3894900004,ISETAN MITSUKOSHI HDG.,JP,0.0009982879640798444,2.476613854615628,4.855150737948147
2015,vw_50,AU000000SGM7,SIMS,AU,0.0009587370564628392,19.390577122757044,60.030125465718015
2015,vw_50,AU000000MAH3,MACMAHON HOLDINGS,AU,0.0008835393748308801,119.15257090719422,1385.3329255505068
2015,vw_50,JP3870000001,MABUCHI MOTOR,JP,0.000873075142581767,25.69610769132137,8.633172161925827
2015,vw_50,JP3421100003,JAPAN PETROLEUM EXP.,JP,0.0008603545386565095,68.69270583424553,108.7558627921423
2015,vw_50,JP3888400003,MITSUI KINZOKU LIMITED,JP,0.0008344224088436701,163.74483114003925,534.411619079056
2015,vw_50,AU000000TCL6,TRANSURBAN GROUP STAPLED UNITS,AU,0.0008322414310890642,1.6121381396721985,0.14022513925135355
2015,vw_50,JP3443600006,TAISEI,JP,0.0008050950662806571,8.961905613354627,18.752362948960304
2015,vw_50,JP3634600005,TOYOTA INDS.,JP,0.000799068065585152,10.727587818214449,11.170524946713845
2015,vw_50,AU000000TAH8,TABCORP HOLDINGS,AU,0.0007352007560567346,1.193461359188228,0.7103251478190601
2015,vw_50,JP3209000003,CASIO COMPUTER,JP,0.0007310592445657815,2.0070574379321346,1.3520695327120447
2015,vw_50,JP3260800002,KINTETSU GROUP HDG.,JP,0.000730878569233161,3.439972835742871,5.399900594515589
2015,vw_50,JP3505000004,DAIWA HOUSE INDUSTRY,JP,0.0007013075004505285,11.555856963795586,22.45023871814053
2015,vw_50,JP3811000003,FUJIKURA,JP,0.0006680313684544746,5.109702747645581,18.741015611941297
2015,vw_50,JP3201200007,OLYMPUS,JP,0.0006417129217945163,2.124715463636284,1.137826728331408
2015,vw_50,JP3571400005,TOKYO ELECTRON,JP,0.000622696930408539,3.604869529858323,1.5971506831812048
2015,vw_50,AU000000AMP6,AMP,AU,0.0006150407347256507,0.010862579493541663,0.010948140582891947
2015,vw_50,AU000000COH5,COCHLEAR,AU,0.0006079169138998151,0.009081273055660396,0.0016898573577411881
2015,vw_50,JP3786200000,HITACHI METALS DEAD - DELIST.29/12/22,JP,0.000589118547140177,42.80170563559914,49.577871647762116
2015,vw_50,JP3686800008,NIPPON SHEET GLASS,JP,0.0005849065826715395,584.9099644318137,3905.9054770874545
2015,vw_50,JP3626800001,LIXIL,JP,0.0005289690388837248,22.994997719604836,52.37938499322708
2015,vw_50,AU000000BSL0,BLUESCOPE STEEL,AU,0.0005278401635547692,1205.354614247168,3515.7850194246
2015,vw_50,JP3190000004,OBAYASHI,JP,0.0005276953894791132,10.692467669363158,34.93532037550541
2015,vw_50,JP3638600001,DOWA HDG.,JP,0.0005195959506973348,217.60221125948433,335.89997174343034
2015,vw_50,AU000000IGO4,IGO,AU,0.0004599176017097979,93.85823193820367,40.67765086867096
2015,vw_50,JP3320800000,SAPPORO HOLDINGS,JP,0.0004588770694596174,27.00224081290444,72.85578711751108
2015,vw_50,AU000000MGR9,MIRVAC GROUP STAPLED UNITS,AU,0.00040027198804264006,6.647640683803526,1.7457846034077038
2015,vw_50,SG1V61937297,SINGAPORE AIRLINES,SG,0.0003601711331455913,1216.5684301817355,1231.370065630817
2015,vw_50,JP3900000005,MITSUBISHI HEAVY INDS.,JP,0.00035929902006917336,4.702591124599475,7.988085495760557
2015,vw_50,JP3270000007,KURITA WATER IND.,JP,0.0003532894622469781,7.633748703206792,4.424433418264718
2015,vw_50,AU000000OZL8,OZ MINERALS DEAD - DELIST.03/05/23,AU,0.0003479941850385927,277.4567363553121,198.37156846564338
2015,vw_50,JP3711600001,NIPPON SANSO HOLDINGS,JP,0.0003467694950163614,22.639766921463718,20.02762300455912
2015,vw_50,JP3027680002,JAPAN REAL ESTATE INV.,JP,0.0003467044187901373,13.278871403818808,1.0115604561062648
2015,vw_50,JP3592200004,TOSHIBA DEAD - DELIST.20/12/23,JP,0.00034165910742873503,13.330240954413972,44.326162542264996
2015,vw_50,JP3634200004,TOYODA GOSEI,JP,0.00032361877273280186,18.32295948443856,38.39495141293421
2015,vw_50,JP3375800004,SHINKO ELEC.INDS. DEAD - DELIST.06/06/25,JP,0.0002989653685748079,32.6475600466828,39.54865835319632
2015,vw_50,JP3635400009,TOYOTA BOSHOKU,JP,0.0002961460467347687,7.878331609688639,33.997318748591155
2015,vw_50,JP3850200001,HOKKAIDO ELEC.POWER,JP,0.00029277806585635514,2621.0483741591747,9166.78317639979
2015,vw_50,JP3720800006,NSK,JP,0.0002765153174043355,16.053909399669326,19.960818223995833
2015,vw_50,JP3890310000,MS&AD INSURANCE GP.HDG.,JP,0.0002684414082756087,0.5748516329770794,1.4900311257861676
2015,vw_50,JP3289800009,KOBE STEEL,JP,0.0002568527331346639,1016.805619042003,2549.921507064364
2015,vw_50,JP3229400001,KANSAI PAINT,JP,0.00023732015073622757,16.47731571055056,10.081880936579262
2015,vw_50,JP3180400008,OSAKA GAS,JP,0.00023597395033573716,299.4948501292371,468.53878148651893
2015,vw_50,JP3678000005,NISSHINBO HOLDINGS,JP,0.0002253599567527938,64.20596957216294,141.72410523111017
2015,vw_50,JP3538800008,TDK,JP,0.00022290422858322557,10.395440367709384,10.693637276575483
2015,vw_50,NZCENE0001S6,CONTACT ENERGY,NZ,0.00021606121173415455,806.8011659819796,392.1592738446695
2015,vw_50,SG1R50925390,SEMBCORP INDUSTRIES,SG,0.00020429815095969649,855.8868830125432,1199.176218076278
2015,vw_50,AU000000APA1,APA GROUP,AU,0.0001832911398019517,322.7320048411364,48.34875050632807
2015,vw_50,JP3549600009,DENKA,JP,0.00018077397337060738,564.9564456934095,1013.1723320978018
2015,vw_50,JP3294460005,INPEX,JP,0.0001606027602932299,51.05214227311107,34.15055417859658
2015,vw_50,JP3544000007,TEIJIN,JP,0.000159952177148348,134.49694109123647,304.45313451416047
2015,vw_50,AU0000038911,OVATO DEAD - DELIST.29/08/22,AU,0.00015631131854753483,36.947432670693445,235.094978371262
2015,vw_50,AU000000LLC3,LENDLEASE GROUP STAPLED UNITS,AU,0.00014652148581835103,8.336655962283723,11.575456450802712
2015,vw_50,JP3762800005,NOMURA RESEARCH INST.,JP,0.00011976302488101469,0.28792870424596945,0.13045208168909356
2015,vw_50,JP3551520004,DENTSU GROUP,JP,0.00010153458686412664,0.22757821439756665,0.38607377954343025
2015,vw_50,JP3223800008,KAWASAKI KISEN KAISHA,JP,9.820148813142004e-05,1096.257128737617,4495.073531284915
2015,vw_50,JP3595200001,TOSOH,JP,9.655165145084163e-05,986.0293971351896,2038.2550842972707
2015,vw_50,AU000000CQR9,CHARTER HALL RETAIL REIT,AU,9.423731254608645e-05,0.547348899506742,0.0662530398453576
2015,vw_50,JP3955000009,YOKOGAWA ELECTRIC,JP,8.572578033996797e-05,4.627077297025954,5.553226346292741
2015,vw_50,JP3820000002,FUJI ELECTRIC,JP,8.273516245423493e-05,30.789141789320073,66.18490363687978
2015,vw_50,JP3456000003,TAKASHIMAYA,JP,7.680275492583171e-05,1.9998204085371296,4.88768849593138
2015,vw_50,JP3585800000,TOKYO ELECTRIC POWER CO. HDG.,JP,7.452660832938776e-05,1685.4798628865108,14717.901439218125
2015,vw_50,AU000000SBM8,ST BARBARA,AU,6.957385540054366e-05,224.72396857113463,974.5215451450041
2015,vw_50,JP3659000008,WEST JAPAN RAILWAY,JP,6.629415599434643e-05,8.738246948626012,9.477927328939998
2015,vw_50,JP3419050004,SEGA SAMMY HDG.,JP,6.579955744245657e-05,4.629473870679586,3.814666877885399
2015,vw_50,JP3359600008,SHARP,JP,6.534583226205359e-05,7.830089838187298,56.74610130516033
2015,vw_50,AU000000DOW2,DOWNER EDI,AU,5.3618811655930265e-05,40.398164638894976,156.86620344359181
2015,vw_50,AU000000BPT9,BEACH ENERGY,AU,4.7907578230498314e-05,71.91913866304077,50.5845499258334
2015,vw_50,AU000000DXS1,DEXUS STAPLED UNITS,AU,4.667314528608958e-05,25.32689249985248,2.8828315319796256
2015,vw_50,JP3526600006,CHUBU ELEC.POWER,JP,4.490656604563396e-05,2277.9756769147098,6111.478740415972
2015,vw_50,SG1F60858221,SINGAPORE TECHS.ENGR.,SG,4.320143491766019e-05,5.923283527989752,3.660491138988324
2015,vw_50,NZTELE0001S4,SPARK NEW ZEALAND,NZ,4.1911222407105806e-05,0.701258534453418,0.4114987311005469
2015,vw_50,NZSKCE0001S2,SKY CITY ENTM.GP.,NZ,3.6509580864745374e-05,8.272545348912272,3.0866502077437223
2015,vw_50,AU000000CGF5,CHALLENGER,AU,3.450089618134545e-05,0.0,0.0
2015,vw_50,JP3551200003,ELEC.POWER DEV.,JP,2.8988949136482043e-05,8674.102008337657,8179.98693379791
2015,vw_50,JP3293200006,COCA-COLA BOTTLERS JAPAN HOLDINGS,JP,2.7888468384961145e-05,27.341059387653324,61.67735582107041
2015,vw_50,BMG677491539,ORIENT OVERSEAS (INTL.),HK,2.5911653283035584e-05,823.9672070485041,1305.7957847071743
2015,vw_50,JP3493400000,DIC,JP,2.522411992075154e-05,46.965466327896834,140.2200731327735
2015,vw_50,JP3914400001,MURATA MANUFACTURING,JP,2.4626909746827226e-05,14.689548061989411,4.879998754042871
2015,vw_50,NZAIRE0001S2,AIR NEW ZEALAND,NZ,2.42390631358204e-05,889.3693415271681,1427.5950002090215
2015,vw_50,JP3535800001,TSUMURA,JP,2.187275406508992e-05,35.21090540880162,20.34344931465582
2015,vw_50,JP3111200006,ASAHI KASEI,JP,1.976642015439645e-05,290.7275042936948,343.120688340426
2015,vw_50,JP3166000004,EBARA,JP,1.976257247372706e-05,2.621966975103624,5.83608263401457
2015,vw_50,JP3663900003,SOJITZ,JP,1.5666458153365698e-05,0.5623675111334003,5.341865948130684
2015,vw_50,HK0010000088,HANG LUNG GROUP,HK,1.4031115998505833e-05,0.42617961766500734,0.1519555282744286
2015,vw_50,AU000000MND5,MONADELPHOUS GROUP,AU,1.3997046319633576e-05,5.567992861330001,15.670852385177097
2015,vw_50,JP3122400009,ADVANTEST,JP,1.3608411431055014e-05,2.886740596951817,1.5195169918824207
2015,vw_50,AU000000GWA4,GWA GROUP,AU,1.048818091977731e-05,31.1403617905397,15.585790342165074
2015,vw_50,SGXE34184239,SEATRIUM,SG,1.0383618981586454e-05,13.945570823314398,12.719810816351114
2015,vw_50,JP3475350009,DAIICHI SANKYO,JP,8.665914795355553e-06,15.600080190150832,11.718317954380238
2015,vw_50,JP3388200002,AEON,JP,7.72250556221517e-06,4.392628654110527,27.73383215220459
2015,vw_50,JP3733000008,NEC,JP,6.308033505212899e-06,2.2964050807883227,8.034008790313756
2015,vw_50,JP3888300005,MITSUI CHEMICALS,JP,5.41440908843506e-06,271.7477718128178,1208.4009577220356
2015,vw_50,JP3903000002,MITSUBISHI MATERIALS,JP,4.564790250207883e-06,855.9280283870651,2590.678490703868
2015,vw_50,JP3449020001,TAIHEIYO CEMENT,JP,3.589689894528886e-06,2054.4995350563086,4050.161594582943
2015,vw_50,AU000000ORI1,ORICA,AU,2.7107912035047024e-06,338.70717353567954,333.28210663916474
2015,vw_50,AU000000IVC8,INVOCARE DEAD - DELIST.27/11/23,AU,2.5191655331650797e-06,16.617160109076742,4.866613781608478
2015,vw_50,HK0242001243,SHUN TAK HOLDINGS,HK,2.0454987049478753e-06,372.4022173814091,328.8820455393804
2015,vw_50,JP3792600003,HINO MOTORS,JP,1.3544961075571762e-06,12.029303383041087,20.959504031946697
2015,vw_50,JP3368000000,RESONAC HOLDINGS,JP,1.3026898783071275e-06,418.7000820545145,1656.4527566972556
2015,vw_50,JP3350800003,SHIKOKU ELECTRIC POWER,JP,1.201892327648306e-06,1659.1999716678765,3276.8654002182243
2016,vw_50,AU000000BWP3,BWP GROUP STAPLED UNITS,AU,0.04212539478095639,0.0,0.0
2016,vw_50,JP3633400001,TOYOTA MOTOR,JP,0.032124496835039255,10.487988763547921,12.281646263432435
2016,vw_50,JP3726800000,JAPAN TOBACCO,JP,0.02730881681946116,21.458057957146977,5.071600400277954
2016,vw_50,JP3898400001,MITSUBISHI,JP,0.0246188201787674,28.64620239536721,68.89836113764973
2016,vw_50,JP3496400007,KDDI,JP,0.020970046858705963,0.14636854410709532,0.07451533657813415
2016,vw_50,AU000000WBC1,WESTPAC BANKING,AU,0.018721790235004955,0.3987546871724223,0.15583453802611177
2016,vw_50,AU000000ANZ3,ANZ GROUP HOLDINGS,AU,0.018279170790017864,0.7501952205297624,0.4209468174491444
2016,vw_50,JP3160400002,EISAI,JP,0.017968877752933918,6.30493036298039,1.549042762718654
2016,vw_50,HK0823032773,LINK REAL ESTATE INVESTMENT TRUST,HK,0.01792428273161203,0.0,0.0
2016,vw_50,AU000000CBA7,COMMONWEALTH BK.OF AUS.,AU,0.017572356490367022,0.3110532211271961,0.0965151872711984
2016,vw_50,JP3814800003,SUBARU,JP,0.016605354793049764,6.9496122636648705,5.988083393827919
2016,vw_50,JP3551500006,DENSO,JP,0.01626100179721561,16.232596394745663,16.19972078055035
2016,vw_50,JP3942400007,ASTELLAS PHARMA,JP,0.015131163915099433,8.708666546660947,3.0665879212550036
2016,vw_50,JP3830800003,BRIDGESTONE,JP,0.014705009964143948,57.99778510646702,62.03644471443043
2016,vw_50,JP3802300008,FAST RETAILING,JP,0.014649496824852573,0.8010294282322592,0.3493017466000617
2016,vw_50,JP3762600009,NOMURA HDG.,JP,0.013610476014324907,0.19148129972029845,0.14014833423895787
2016,vw_50,JP3890350006,SUMITOMO MITSUI FINL.GP.,JP,0.013539793810958042,0.4126788098762171,0.39011596343329247
2016,vw_50,JP3711200000,AOZORA BANK,JP,0.01280140061610647,0.37792083417435035,0.09343313691139778
2016,vw_50,HK0066009694,MTR,HK,0.011499239923998976,10.069466561290337,2.0245232190921927
2016,vw_50,KYG217651051,CK HUTCHISON HOLDINGS,HK,0.010889190794302124,210.9938647899574,93.8841375663751
2016,vw_50,AU000000WES1,WESFARMERS,AU,0.010865095603942625,55.67027218595224,73.81658919956149
2016,vw_50,JP3765400001,HOUSE SHOKUHIN GP.HONSHA K K,JP,0.010316062518710046,28.50481446843263,25.767794543514707
2016,vw_50,AU000000CSL8,CSL,AU,0.010288843585329872,9.889916795626243,1.5794521497266907
2016,vw_50,JP3788600009,HITACHI,JP,0.01022189625327981,9.204985156961435,32.338579042836855
2016,vw_50,JP3659000008,WEST JAPAN RAILWAY,JP,0.010082354110347082,8.413424931973253,8.037280120109115
2016,vw_50,JP3902400005,MITSUBISHI ELECTRIC,JP,0.009963562955288954,10.04072654371625,17.613285558486343
2016,vw_50,JP3667600005,JGC HOLDINGS,JP,0.009881995431908368,17.009556181807845,30.818900971796225
2016,vw_50,JP3358800005,SHIMIZU,JP,0.00983202052999602,15.945558278147269,34.81858588653697
2016,vw_50,JP3769000005,HACHIJUNI NAGANO BANK,JP,0.009659788961424911,1.924168869043549,1.0102034844021304
2016,vw_50,JP3783600004,EAST JAPAN RAILWAY,JP,0.009495751035182094,44.880167834891786,28.228178486239962
2016,vw_50,HK2388011192,BOC HONG KONG HOLDINGS,HK,0.00926816733741986,0.023659578131785045,0.010348838034707089
2016,vw_50,JP3890310000,MS&AD INSURANCE GP.HDG.,JP,0.009128772754042554,0.644757259848158,1.4479027120531969
2016,vw_50,JP3243600008,CANON MARKETING JAPAN,JP,0.008826355807396078,1.552327336858569,3.0102411008551697
2016,vw_50,JP3684000007,NITTO DENKO,JP,0.00854258920695496,57.889023687558094,40.76173194047866
2016,vw_50,JP3165600002,NTN,JP,0.008523559375089447,16.109538835196684,53.57691735660106
2016,vw_50,JP3566800003,CENTRAL JAPAN RAILWAY,JP,0.008364762842583584,5.069632443314217,1.8856037767868743
2016,vw_50,JP3735400008,NTT,JP,0.008276808996939162,2.076606432957789,2.127748278522034
2016,vw_50,JP3814000000,FUJIFILM HOLDINGS,JP,0.007622764168237723,35.51208238908525,36.62462389717123
2016,vw_50,JP3350800003,SHIKOKU ELECTRIC POWER,JP,0.00761157159297761,1698.6682223591147,2775.22731984717
2016,vw_50,HK0291001490,CHINA RESOURCES BEER HOLDINGS,HK,0.007592414800655011,106.25763517033771,120.68825334878143
2016,vw_50,JP3845400005,HOKURIKU ELEC.POWER,JP,0.007536234940829887,4111.4267694286555,6033.339740227586
2016,vw_50,JP3866800000,PANASONIC HOLDINGS,JP,0.00749495605173618,6.744428674506297,18.7125748502994
2016,vw_50,HK0011000095,HANG SENG BANK DEAD - DELIST.28/01/26,HK,0.006987033304729454,0.010995850077243826,0.0017288864509329947
2016,vw_50,JP3205800000,KAO,JP,0.006965248678816149,53.027572049681524,24.037909524123467
2016,vw_50,JP3197600004,ONO PHARM.,JP,0.006776708279132027,18.51692250454603,1.0469648152275965
2016,vw_50,AU000000MQG1,MACQUARIE GROUP,AU,0.006737736975352678,0.0,0.0
2016,vw_50,JP3629000005,TOPPAN HOLDINGS,JP,0.006681226628918109,20.38943708665513,41.241415297057465
2016,vw_50,JP3435000009,SONY GROUP,JP,0.00647012685200814,4.388864820461668,10.612877535937313
2016,vw_50,JP3902900004,MITSUBISHI UFJ FINL.GP.,JP,0.006431423798911394,0.24906919062634778,0.16645871555325145
2016,vw_50,JP3481800005,DAIKIN INDUSTRIES,JP,0.006295095372064617,55.395064923916166,47.58644157321632
2016,vw_50,JP3819400007,FUJI MEDIA HOLDINGS,JP,0.006206473039872659,0.0,0.0
2016,vw_50,AU000000BHP4,BHP GROUP,AU,0.006014244276269074,382.77671445266975,334.5637185484198
2016,vw_50,JP3837800006,HOYA,JP,0.0059432874266743116,5.4888357701121535,1.45969884410809
2016,vw_50,JP3854600008,HONDA MOTOR,JP,0.0056237918537801685,10.913508933802579,25.66147847726746
2016,vw_50,JP3197800000,OMRON,JP,0.005532871029257324,10.291293950079309,13.036847056030474
2016,vw_50,JP3868400007,MAZDA MOTOR,JP,0.005497973123704883,5.341678040063437,14.101544236216325
2016,vw_50,HK0000608585,NEW WORLD DEVELOPMENT COMPANY,HK,0.005474043316762261,0.007157025003004067,0.007816035213295488
2016,vw_50,JP3626800001,LIXIL,JP,0.005436882651499206,36.27882871210158,79.90002253590379
2016,vw_50,JP3738600000,NITERRA,JP,0.005395255011550568,22.985314425028044,13.368097670999246
2016,vw_50,JP3505000004,DAIWA HOUSE INDUSTRY,JP,0.005379103674982157,11.09528737536854,14.321841388255082
2016,vw_50,JP3546800008,TERUMO,JP,0.005349893398818682,13.198220589850381,4.630593762596745
2016,vw_50,HK0016000132,SUN HUNG KAI PROPERTIES,HK,0.005346554088836232,6.959279122778249,2.0106360789120092
2016,vw_50,JP3419400001,SEKISUI CHEMICAL,JP,0.00525422353720438,15.3218880508834,22.48320694780965
2016,vw_50,JP3940000007,YAMATO HDG.,JP,0.0051479991170098795,39.00664552302078,49.106645051165266
2016,vw_50,HK0388045442,HONG KONG EXCHANGES AND CLEARING,HK,0.00510075381048506,0.024159303906877327,0.0014535556457440082
2016,vw_50,AU000000ASX7,ASX,AU,0.005099097718508185,0.017458433058019134,0.001961364681884479
2016,vw_50,JP3910660004,TOKIO MARINE HOLDINGS,JP,0.0050914897924081845,0.41088805537102596,0.5370835079734669
2016,vw_50,BMG988031446,YUE YUEN INDL.HDG.,HK,0.004967212317972631,25.684162473532567,38.57901809599304
2016,vw_50,JP3371200001,SHIN-ETSU CHEMICAL,JP,0.004928986770340197,147.1405411077235,73.71652041364547
2016,vw_50,AU000000TLS2,TELSTRA GROUP,AU,0.00488168178232963,2.6618656203714215,1.0472679252167794
2016,vw_50,HK0688002218,CHINA OVERSEAS LAND INVESTMENT,HK,0.004705829224557225,0.10594916219004591,0.06797587391438321
2016,vw_50,AU000000TAH8,TABCORP HOLDINGS,AU,0.004666923850808768,1.289700845477799,0.7242688655928349
2016,vw_50,JP3352400000,CITIZEN WATCH,JP,0.004597067509495411,7.233734559537326,10.415781726941352
2016,vw_50,JP3592200004,TOSHIBA DEAD - DELIST.20/12/23,JP,0.004523278480666985,15.329235645703742,114.8164212997219
2016,vw_50,AU000000NAB4,NATIONAL AUS.BANK,AU,0.004260445758696203,0.6078786002944272,0.35405116196342407
2016,vw_50,HK0242001243,SHUN TAK HOLDINGS,HK,0.004148102502959067,797.2299384489706,456.26404096419685
2016,vw_50,JP3200450009,ORIX,JP,0.004074987005068264,11.827146687568751,12.115562881919253
2016,vw_50,JP3463000004,TAKEDA PHARMACEUTICAL,JP,0.003900856336217239,10.573479939120398,4.117743946916398
2016,vw_50,JP3830000000,BROTHER INDUSTRIES,JP,0.003850187637700866,11.991326094254468,26.430313130427155
2016,vw_50,AU0000224040,WOODSIDE ENERGY GROUP,AU,0.003822572336718423,2121.8560643441697,643.1183971785445
2016,vw_50,HK0004000045,WHARF HOLDINGS,HK,0.003809405918876913,5.6613949198375595,2.129622527489464
2016,vw_50,JP3942800008,YAMAHA MOTOR,JP,0.0037975727987290134,10.964359819139915,20.9167044200582
2016,vw_50,JP3126400005,ALPS ALPINE,JP,0.003777015423227265,1.3951069169413242,2.3943279179057413
2016,vw_50,KYG2108Y1052,CHINA RESOURCES LAND,HK,0.0037227840406540424,39.52200578206175,31.903439602315366
2016,vw_50,SG1J26887955,SINGAPORE EXCHANGE,SG,0.003705508738994669,0.08007287492616937,0.008940089862322616
2016,vw_50,JP3357200009,SHIMADZU,JP,0.0036942330922912488,1.4152478806662987,0.832317212736118
2016,vw_50,AU000000TCL6,TRANSURBAN GROUP STAPLED UNITS,AU,0.0036824338494681743,1.4681598288212856,0.12995209142451294
2016,vw_50,JP3260800002,KINTETSU GROUP HDG.,JP,0.0036224967211210745,3.623464149695297,4.510289911132026
2016,vw_50,JP3201200007,OLYMPUS,JP,0.0035732959202217957,2.0207446631796753,0.9865430408858231
2016,vw_50,JP3638600001,DOWA HDG.,JP,0.0034897646882758376,239.8235409823939,427.3858506771062
2016,vw_50,SG9999000020,FLEX,SG,0.003468110836892929,1.258024274351214,5.401710390923246
2016,vw_50,JP3951600000,UNI CHARM,JP,0.00338695206849369,5.099598117286849,2.4929412026853672
2016,vw_50,JP3320800000,SAPPORO HOLDINGS,JP,0.003384666808743494,26.913254753667257,66.65789826119952
2016,vw_50,JP3621000003,TORAY INDS.,JP,0.003383909920798334,193.18386731811924,243.06037461500458
2016,vw_50,BMG668971101,CTF SERVICES,HK,0.0032388420372897677,116.27486985417141,73.22106274911908
2016,vw_50,BMG8063F1068,SHANGRI-LA ASIA,HK,0.0032217888737104444,71.86761206931648,45.87729026838032
2016,vw_50,JP3711600001,NIPPON SANSO HOLDINGS,JP,0.0032116984650277024,19.78066303558949,25.60224666312986
2016,vw_50,JP3835620000,BENESSE HOLDINGS DEAD - DELIST.17/05/24,JP,0.0031877153496481935,0.04356812158195311,0.056256836768357264
2016,vw_50,AU000000SHL7,SONIC HEALTHCARE,AU,0.0031547165051596282,2.5644875657826534,1.5591881660853335
2016,vw_50,JP3486800000,DAITO TST.CONSTRUCTION,JP,0.003143701766264757,3.2455467336750203,3.6833393599186315
2016,vw_50,NZTELE0001S4,SPARK NEW ZEALAND,NZ,0.0030371160727177683,0.8285484883038371,0.4568475042038899
2016,vw_50,AU000000APA1,APA GROUP,AU,0.003020819335115977,832.5054880422489,160.5174524733405
2016,vw_50,JP3733000008,NEC,JP,0.002986830368011241,2.4613448913639546,8.674863187115328
2016,vw_50,JP3672400003,NISSAN MOTOR,JP,0.002906423967688027,9.113134283276064,20.875059125616595
2016,vw_50,JP3967200001,RAKUTEN GROUP,JP,0.0029029075878061208,0.0505588267116438,0.01998253526417911
2016,vw_50,JP3165700000,NTT DATA GROUP DEAD - DELIST.26/09/25,JP,0.002872374271702082,0.4592914131034713,0.43757952880041384
2016,vw_50,AU000000PPT9,PERPETUAL,AU,0.0028361386767083684,0.4109359988437111,0.10536642081168476
2016,vw_50,JP3209000003,CASIO COMPUTER,JP,0.002813706517301832,1.8565759445238272,0.9931119173067833
2016,vw_50,JP3786200000,HITACHI METALS DEAD - DELIST.29/12/22,JP,0.0027865082161246594,39.21901120031484,73.94094554655395
2016,vw_50,JP3894900004,ISETAN MITSUKOSHI HDG.,JP,0.002736048254714559,2.5310200334631388,5.384918291002165
2016,vw_50,JP3519400000,CHUGAI PHARM.,JP,0.0026429759569474055,10.810511103048682,2.6543408274483133
2016,vw_50,AU000000DXS1,DEXUS STAPLED UNITS,AU,0.0025623119832910114,26.074777378073954,3.4795508023073713
2016,vw_50,JP3385820000,GS YUASA,JP,0.0024960568407899663,7.152544219746621,15.43541471588389
2016,vw_50,JP3539220008,T & D HOLDINGS,JP,0.0024322093581085557,0.13783078868325277,0.3238278550705987
2016,vw_50,JP3870000001,MABUCHI MOTOR,JP,0.002399245272001819,22.56014933686401,6.785391219975642
2016,vw_50,AU000000STO6,SANTOS,AU,0.0023543202708083293,2202.8434162954463,1386.8785875852352
2016,vw_50,AU0000088338,AMPOL,AU,0.0023381959470469196,51.96388794671459,104.56946212524038
2016,vw_50,JP3582600007,TOKYO TATEMONO,JP,0.002324067152371828,1.1807571275550697,1.1374876360039565
2016,vw_50,JP3596200000,TOTO,JP,0.0022030587510836748,35.23077626401944,29.611507595880475
2016,vw_50,JP3977400005,RINNAI,JP,0.002159855126176558,13.656520785430182,7.408748114630468
2016,vw_50,HK0003000038,HONG KONG AND CHINA GAS,HK,0.002148427176005096,219.53804352117965,41.37906397977288
2016,vw_50,HK0006000050,POWER ASSETS HOLDINGS,HK,0.0021275577944347207,53359.06002298727,461.235142411498
2016,vw_50,HK0000745908,YUEXIU PROPERTY COMPANY,HK,0.002076872443426884,0.4162241804469518,0.8170163366253343
2016,vw_50,JP3148800000,IBIDEN,JP,0.0020421697821855623,47.328210706684715,66.76234183370394
2016,vw_50,NZCENE0001S6,CONTACT ENERGY,NZ,0.0020373011723098283,736.0524067518892,514.721317241124
2016,vw_50,SGXE34184239,SEATRIUM,SG,0.0019968968628417873,14.092408377790928,22.947221624252407
2016,vw_50,JP3322930003,SUMCO,JP,0.001994292286381885,11.171113531519042,11.275748427801895
2016,vw_50,AU000000GWA4,GWA GROUP,AU,0.0019372643769203265,34.61257903816303,25.71135079609656
2016,vw_50,JP3982100004,LAWSON DEAD - DELIST.24/07/24,JP,0.0019005257605648682,1.1583536887667913,0.6607455853184734
2016,vw_50,AU000000SBM8,ST BARBARA,AU,0.0018870945198965654,296.9349961693119,234.61566014757503
2016,vw_50,HK0019000162,SWIRE PACIFIC 'A',HK,0.0017381039756610426,2294.9406907901976,2094.437678861452
2016,vw_50,AU000000RHC8,RAMSAY HEALTH CARE,AU,0.001595672211685513,2.6545812300298333,1.7346801407744858
2016,vw_50,AU000000QAN2,QANTAS AIRWAYS,AU,0.0015522486495117727,1056.5658965301095,2086.2671284965636
2016,vw_50,JP3166000004,EBARA,JP,0.001533353535441287,2.543046421511814,5.164719425870135
2016,vw_50,JP3256000005,KYOWA KIRIN,JP,0.001533109097332555,21.340611032275973,7.5049944686477374
2016,vw_50,JP3818000006,FUJITSU,JP,0.0015310707945950899,4.737981714549236,24.20039463289026
2016,vw_50,JP3027680002,JAPAN REAL ESTATE INV.,JP,0.001444759695166091,13.959254736286224,0.9818687281992351
2016,vw_50,AU000000MGR9,MIRVAC GROUP STAPLED UNITS,AU,0.0013995318137882578,5.682487014611321,1.2336091102202489
2016,vw_50,HK0165000859,CHINA EVERBRIGHT,HK,0.001388384164246297,0.18916127629504811,0.02500783291318258
2016,vw_50,JP3544000007,TEIJIN,JP,0.0013821727137806065,129.4336675029687,252.45186535509114
2016,vw_50,JP3535800001,TSUMURA,JP,0.0013749653061179284,36.258228293948484,16.800449802713743
2016,vw_50,JP3787000003,HITACHI CON.MCH.,JP,0.0013710712797199002,6.327945839057039,13.22082385354568
2016,vw_50,AU000000BLD2,BORAL DEAD - DELIST.08/07/24,AU,0.0013611853916640447,574.6301295189122,597.9099029474578
2016,vw_50,JP3358200008,SHIMAMURA,JP,0.0013590223118921073,0.22485717881130124,0.24402964256692017
2016,vw_50,AU000000ERA9,ENERGY RES.OF AUS.,AU,0.0013263915562389131,463.7759092686742,891.356091450047
2016,vw_50,AU0000038911,OVATO DEAD - DELIST.29/08/22,AU,0.0013090493986835738,45.7013326508601,242.88351306713298
2016,vw_50,JP3903000002,MITSUBISHI MATERIALS,JP,0.0012767363890306015,863.2932643766782,2635.66839388798
2016,vw_50,JP3900000005,MITSUBISHI HEAVY INDS.,JP,0.0012462522939471526,4.390393053422546,11.61048660378677
2016,vw_50,JP3397200001,SUZUKI MOTOR,JP,0.0012430346778891902,20.489178770617983,33.14231309241885
2016,vw_50,JP3420600003,SEKISUI HOUSE,JP,0.0012400924098131384,5.563531028233045,7.40101996382106
2016,vw_50,AU000000CGF5,CHALLENGER,AU,0.001198174072116503,0.0,0.0
2016,vw_50,JP3634200004,TOYODA GOSEI,JP,0.0011940327839777413,16.97379462140568,39.07304528210739
2016,vw_50,JP3194000000,OKI ELECTRIC IND.,JP,0.0011830148818465277,2.5396315271704784,11.070630623377147
2016,vw_50,JP3877600001,MARUBENI,JP,0.0011616137141476802,0.0021736255718708248,0.016746491610007703
2016,vw_50,JP3228600007,KANSAI ELECTRIC PWR.,JP,0.0011454697506351416,1516.123685225157,3888.6940407159286
2016,vw_50,AU000000OZL8,OZ MINERALS DEAD - DELIST.03/05/23,AU,0.0011381938481344034,230.16808986733824,175.52132672268493
2016,vw_50,JP3762800005,NOMURA RESEARCH INST.,JP,0.0011317305386789303,0.28712612589332115,0.1083343805656788
2016,vw_50,AU000000CIM7,CIMIC GROUP DEAD - DELIST.11/05/22,AU,0.0011250219672719057,208.98681637064104,344.67258737968064
2016,vw_50,BMG2442N1048,COSCO SHIPPING PORTS,HK,0.001113164623971244,653.9784415577875,154.2955163144372
2016,vw_50,NZSKCE0001S2,SKY CITY ENTM.GP.,NZ,0.0010356828415226539,7.728732207617557,2.7185864236851582
2016,vw_50,JP3190000004,OBAYASHI,JP,0.0010268017439720464,10.87251031310105,24.788592398872087
2016,vw_50,JP3402600005,SUMITOMO METAL MINING,JP,0.0010135763463019049,278.20902771615744,355.8287652997836
2016,vw_50,AU000000QBE9,QBE INSURANCE GROUP,AU,0.0009932027039836068,0.627485406774314,0.830560336584433
2016,vw_50,HK0083000502,SINO LAND,HK,0.0009734830812838463,0.23654907857810717,0.08939414119730173
2016,vw_50,JP3304200003,KOMATSU,JP,0.0009137671964674588,5.709159327546542,6.199822745155877
2016,vw_50,JP3351600006,SHISEIDO,JP,0.0009086298178855767,3.7395297775926544,3.8345372569932614
2016,vw_50,AU000000COH5,COCHLEAR,AU,0.0008750148277474935,0.008225784691395541,0.0016162406448491339
2016,vw_50,JP3827200001,FURUKAWA ELECTRIC,JP,0.0008706689435032387,21.173365054221573,104.25564830197817
2016,vw_50,JP3452000007,TAIYO YUDEN,JP,0.0008572675249866889,16.531560318192195,23.681777429115765
2016,vw_50,SGXE21576413,GENTING SINGAPORE,SG,0.0008476142683611385,1.8019432441401162,0.5184361365386261
2016,vw_50,AU000000ORG5,ORIGIN ENERGY (EX BORAL),AU,0.0008412276991708764,2048.9906334443017,3432.6372488758047
2016,vw_50,JP3229400001,KANSAI PAINT,JP,0.0008331200187381834,16.654754618202844,12.169236578122927
2016,vw_50,AU000000DOW2,DOWNER EDI,AU,0.0008125619243356566,44.99646133356849,233.26690892040793
2016,vw_50,JP3118000003,ASICS,JP,0.0008008877100282837,1.3569156955434791,1.2741925282509698
2016,vw_50,AU000000IAG3,INSURANCE AUS.GROUP,AU,0.0008003857881985502,1.4493316352704146,1.4478820265680294
2016,vw_50,JP3134800006,IHI,JP,0.000779630475115987,5.937015379250011,23.93014969720624
2016,vw_50,JP3634600005,TOYOTA INDS.,JP,0.0007593437217075683,10.19249955800535,12.097670216085547
2016,vw_50,JP3210200006,KAJIMA,JP,0.0007307707586579573,14.060221998499278,32.45069562201939
2016,vw_50,JP3405400007,SUMITOMO HEAVY INDS.,JP,0.0007133169885265623,2.750719365342886,6.271508694772023
2016,vw_50,AU000000SGP0,STOCKLAND STAPLED UNITS,AU,0.0006831216744015938,22.801300811738283,5.062237666250063
2016,vw_50,JP3635400009,TOYOTA BOSHOKU,JP,0.0006439417573249278,4.2636743936537895,13.193180375058207
2016,vw_50,AU000000SGM7,SIMS,AU,0.0006376804291104626,21.80413791055587,83.42225919013227
2016,vw_50,JP3246400000,KYUSHU ELEC.POWER,JP,0.0006175730024018552,1778.1102089518731,5452.789746375877
2016,vw_50,JP3407400005,SUMITOMO ELECTRIC IND.,JP,0.0006147316504507768,7.839129157830001,18.768672227380623
2016,vw_50,JP3686800008,NIPPON SHEET GLASS,JP,0.0005602406215151848,563.9782575102164,4697.335045250995
2016,vw_50,SG1R89002252,CITY DEVELOPMENTS,SG,0.0005470096858476912,0.33706408538956834,0.1749691000082998
2016,vw_50,AU000000MTS0,METCASH,AU,0.0005432700290214622,2.1171691381729274,17.441628244201898
2016,vw_50,JP3475350009,DAIICHI SANKYO,JP,0.0005425230874795693,17.064643587881232,8.023633578534517
2016,vw_50,JP3571400005,TOKYO ELECTRON,JP,0.0005261704387515927,3.5288635453750983,1.9322738031979132
2016,vw_50,JP3215800008,KANEKA,JP,0.0005211328781739183,245.75509497947243,335.3137029563738
2016,vw_50,AU000000BSL0,BLUESCOPE STEEL,AU,0.0005175860867819124,1361.5889660913308,4484.353564437503
2016,vw_50,JP3495000006,SUMITOMO PHARMA,JP,0.0005173489215453637,24.959484407066004,18.531770678620614
2016,vw_50,SG1T75931496,SINGAPORE TELECOM,SG,0.0004879777087076227,0.6010432244927562,0.18532719345851043
2016,vw_50,JP3820000002,FUJI ELECTRIC,JP,0.0004872016505288402,38.38165951299665,99.72361535953294
2016,vw_50,JP3670800006,NISSAN CHEMICAL,JP,0.00048407651143946717,236.08249876727933,98.08696536757392
2016,vw_50,JP3270000007,KURITA WATER IND.,JP,0.0004747433905129345,7.158192680089318,4.627770237995951
2016,vw_50,JP3027670003,NIPPON BUILDING FUND,JP,0.00045696512508016843,12.802943061555217,1.0224137620138125
2016,vw_50,JP3888400003,MITSUI KINZOKU LIMITED,JP,0.00045537046835048104,166.99114245561557,750.9363513027748
2016,vw_50,HK0002007356,CLP HOLDINGS,HK,0.00044880818994505516,3691.5513617910487,1786.6018641014716
2016,vw_50,KYG0535Q1331,ASMPT,HK,0.0004231363566453318,1.5005957365073934,0.816609177380579
2016,vw_50,JP3359600008,SHARP,JP,0.00040735866429146285,6.9723696837902756,75.6309998121583
2016,vw_50,JP3678000005,NISSHINBO HOLDINGS,JP,0.0004066129420181479,62.88176283386359,159.15087994619438
2016,vw_50,JP3347200002,SHIONOGI,JP,0.00038685595437450935,17.207211328923574,2.6235342204904413
2016,vw_50,JP3502200003,DAIWA SECURITIES GROUP,JP,0.0003763481723016252,0.1786215429583046,0.09165545879806364
2016,vw_50,JP3560800009,TOKAI CARBON,JP,0.00035092997874587226,44.71258488969214,65.13749206455277
2016,vw_50,JP3893600001,MITSUI,JP,0.00033040750933125237,6.952761542630747,14.176268925818182
2016,vw_50,JP3300600008,KONICA MINOLTA,JP,0.0003264464841354473,19.40694932520381,39.8392717716288
2016,vw_50,JP3742600004,NHK SPRING,JP,0.0003256027512879878,4.063235534056266,9.053470670655507
2016,vw_50,JP3289800009,KOBE STEEL,JP,0.0003049975823645685,1046.3937745400535,4744.116221063023
2016,vw_50,JP3743000006,NH FOODS,JP,0.00030392503210709907,32.315379527684605,77.42360214468013
2016,vw_50,HK0200030994,MELCO INTL.DEV.,HK,0.00028441682359895966,285.43048771597284,8.526891204686768
2016,vw_50,JP3112000009,AGC,JP,0.0002554146510656975,479.64439943987685,738.3792505659977
2016,vw_50,JP3491000000,DAIDO STEEL,JP,0.00025200030879219895,104.22386128410909,231.14229415583677
2016,vw_50,JP3493800001,DAI NIPPON PRINTING,JP,0.00024691534161697587,21.73731362209104,41.767525748730364
2016,vw_50,IE00BKVD2N49,SEAGATE TECHNOLOGY HOLDINGS,SG,0.00024002873925707793,23.100336921686253,33.14706572506996
2016,vw_50,JP3119600009,AJINOMOTO,JP,0.00023829700035606194,127.7267426891687,80.9709627210659
2016,vw_50,JP3778630008,BANDAI NAMCO HDG.,JP,0.0002223496005318688,0.0,0.0
2016,vw_50,JP3720800006,NSK,JP,0.00021994905148845309,15.597371499639694,23.77900763498948
2016,vw_50,JP3258000003,KIRIN HOLDINGS,JP,0.0002008412318611196,21.949889114743456,30.81754094467675
2016,vw_50,AU000000GPT8,GPT GROUP STAPLED UNITS,AU,0.00019458291094776912,28.071744627705726,2.1883936891488065
2016,vw_50,NZFBUE0001S0,FLETCHER BUILDING,NZ,0.00018656372718848867,206.45543084085693,364.5558623685272
2016,vw_50,AU000000WOW2,WOOLWORTHS GROUP,AU,0.00018613546625580123,30.563728487204106,60.15983085977151
2016,vw_50,JP3443600006,TAISEI,JP,0.0001769328642740262,9.526558332828476,16.957235970536804
2016,vw_50,NZAIAE0002S6,AUCKLAND INTL.AIRPORT,NZ,0.0001768724233329984,6.899575080155985,0.5644023382382584
2016,vw_50,JP3551520004,DENTSU GROUP,JP,0.00017660769894368487,0.6600289289275232,0.33788045044627013
2016,vw_50,JP3792600003,HINO MOTORS,JP,0.00017184571803843733,11.605432401104919,28.81557861176316
2016,vw_50,JP3242800005,CANON,JP,0.00016956276227831802,5.213917145395157,4.405676584423484
2016,vw_50,SG1U68934629,KEPPEL,SG,0.0001662545501056085,167.20168013040563,193.26834147334475
2016,vw_50,JP3657400002,NIKON,JP,0.00016473873865900608,3.3957705334361368,4.01908442567433
2016,vw_50,JP3164800009,NOK,JP,0.00015887386641922558,6.945997138447578,14.5808650014198
2016,vw_50,JP3870400003,MARUI GROUP,JP,0.00014641428995553935,7.061909866467572,3.214112344738823
2016,vw_50,AU000000IGO4,IGO,AU,0.00014170653406095772,159.5652663226097,62.2900610046946
2016,vw_50,JP3619800000,TOYOBO,JP,0.00013891987641608515,238.09323066765893,598.5871674116872
2016,vw_50,SG1F60858221,SINGAPORE TECHS.ENGR.,SG,0.00013549763781750023,10.390223903690512,7.750022275009793
2016,vw_50,JP3573000001,TOKYO GAS,JP,0.00012441824809663904,186.68207936414186,278.8784987828608
2016,vw_50,AU000000CQR9,CHARTER HALL RETAIL REIT,AU,0.0001207270039871787,0.589696271732042,0.07141536858731999
2016,vw_50,SG1V61937297,SINGAPORE AIRLINES,SG,0.00011011172267354923,1292.6099948965514,1519.163930513888
2016,vw_50,HK0010000088,HANG LUNG GROUP,HK,9.648768383575889e-05,1.854887147254003,0.6440359371213104
2016,vw_50,JP3955000009,YOKOGAWA ELECTRIC,JP,9.546405713753314e-05,3.431461131001457,4.137290080104036
2016,vw_50,JP3528600004,CHIYODA CORPORATION,JP,8.703725017209415e-05,0.682265755086064,1.8303598147876097
2016,vw_50,JP3116000005,ASAHI GROUP HOLDINGS,JP,7.802352070124553e-05,23.755151932646452,23.323582172284073
2016,vw_50,JP3223800008,KAWASAKI KISEN KAISHA,JP,7.553237974984067e-05,1213.1422336874207,8407.967349835862
2016,vw_50,JP3734800000,NIDEC,JP,7.422423646498522e-05,1.7849560662964299,0.8377635197066912
2016,vw_50,JP3040890000,JAPAN PRIME REALTY INV.,JP,6.411773122868116e-05,16.848381529118907,1.2537869224943194
2016,vw_50,JP3421100003,JAPAN PETROLEUM EXP.,JP,5.078774752719903e-05,81.39931693776595,123.97202056655567
2016,vw_50,JP3269600007,KURARAY,JP,4.971126194669136e-05,273.3692063188393,280.46577182477745
2016,vw_50,HK0012000102,HENDERSON LD.DEV.,HK,4.875431195152553e-05,0.27874830807025774,0.04831204785976486
2016,vw_50,JP3385980002,J S R DEAD - DELIST.25/06/24,JP,4.752087850756701e-05,126.07942987242183,127.49669481108562
2016,vw_50,JP3595200001,TOSOH,JP,4.745620137846978e-05,1137.729871940832,2695.262599183145
2016,vw_50,JP3522200009,CHUGOKU ELEC.POWER,JP,4.708990372586865e-05,3909.4954190270873,7989.401932863345
2016,vw_50,JP3549600009,DENKA,JP,4.565247890914312e-05,599.0142085137477,930.1020305891315
2016,vw_50,JP3982800009,ROHM,JP,4.3117870919570085e-05,14.255421372898352,8.24230501753968
2016,vw_50,AU000000AMP6,AMP,AU,4.165391775231974e-05,0.015201781235540663,0.013118122052308133
2016,vw_50,JP3891600003,MITSUI E&S,JP,3.712302589444423e-05,18.020779684410744,114.68845816412362
2016,vw_50,AU000000CSR5,CSR DEAD - DEAD.10/07/24,AU,3.699666291209396e-05,292.04707382807476,462.26881418943475
2016,vw_50,AU000000SUN6,SUNCORP GROUP,AU,3.492229510858649e-05,0.4688766551297324,0.5022262270751617
2016,vw_50,JP3362700001,MITSUI OSK LINES,JP,3.48982052519504e-05,1255.1760217022595,8094.835619703964
2016,vw_50,JP3375800004,SHINKO ELEC.INDS. DEAD - DELIST.06/06/25,JP,3.233985614779923e-05,31.267850737941203,43.56829671791668
2016,vw_50,AU000000LLC3,LENDLEASE GROUP STAPLED UNITS,AU,2.329193385517535e-05,8.358856215146137,16.376219791920345
2016,vw_50,JP3850200001,HOKKAIDO ELEC.POWER,JP,2.268609391003845e-05,2503.2169990345683,7193.180788292479
2016,vw_50,JP3294460005,INPEX,JP,1.961906363708533e-05,83.66449339842524,60.25685811157916
2016,vw_50,JP3266400005,KUBOTA,JP,1.8201642522893693e-05,22.67874528428822,17.203284563212453
2016,vw_50,JP3224200000,KAWASAKI HEAVY INDUSTRY,JP,1.740452195107049e-05,13.786113154223525,35.38399678327302
2016,vw_50,AU000000CWY3,CLEANAWAY WASTE MANAGEMENT,AU,1.5189653766278547e-05,550.2047144327119,634.3544783313863
2016,vw_50,JP3585800000,TOKYO ELECTRIC POWER CO. HDG.,JP,1.5186836079708067e-05,1726.6637403164277,10622.877215161927
2016,vw_50,JP3414750004,SEIKO EPSON,JP,1.513103121132056e-05,12.668570794664207,18.148884045430467
2016,vw_50,JP3158800007,UBE,JP,1.2997858147497613e-05,2132.1251906985344,5651.90537347673
2016,vw_50,JP3156400008,USHIO,JP,1.187829356604302e-05,2.378741583263005,1.787579275583877
2016,vw_50,AU000000NCM7,NEWCREST MINING DEAD - DELIST.08/11/23,AU,1.1804357696304346e-05,487.8884756224639,214.05214157867718
2016,vw_50,AU000000BEN6,BENDIGO & ADELAIDE BANK,AU,1.0094165657311628e-05,1.6793043995803307,1.110518360451676
2016,vw_50,JP3973400009,RICOH,JP,7.036864883793813e-06,8.37657897702557,20.581326133633794
2016,vw_50,BMG677491539,ORIENT OVERSEAS (INTL.),HK,7.0216140719513405e-06,903.1451389946128,2341.1138285724287
2016,vw_50,JP3388200002,AEON,JP,5.82060303631824e-06,3.83981795691552,21.42629345034747
2016,vw_50,JP3419050004,SEGA SAMMY HDG.,JP,4.72802354008373e-06,3.7248763937269143,4.175366980204419
2016,vw_50,JP3688370000,NIPPON EXPRESS HOLDINGS,JP,4.395464870824355e-06,45.103139704321535,155.40421464522007
2016,vw_50,AU000000BPT9,BEACH ENERGY,AU,3.826913446547466e-06,102.08835679750597,116.51487724855753
2016,vw_50,JP3456000003,TAKASHIMAYA,JP,3.7824126850897065e-06,2.017525279741009,5.134887838458312
2016,vw_50,JP3665200006,NICHIREI,JP,1.8955376662924571e-06,9.665643594913975,17.713284551169743
2016,vw_50,JP3493400000,DIC,JP,1.8778997381065334e-06,48.75701622887432,138.20904332932867
2016,vw_50,JP3605400005,TOHOKU ELECTRIC PWR.,JP,1.8005546319522226e-06,2294.952892343146,6173.073987130439
2016,vw_50,JP3386030005,JFE HOLDINGS,JP,1.6089884658833268e-06,1837.8734238765428,7022.39077101229
2016,vw_50,JP3143600009,ITOCHU,JP,1.518697304091579e-06,1.7216803427430516,3.895811646482196
2016,vw_50,BMG524401079,KERRY PROPERTIES,HK,1.1548823728061896e-06,4.024811425967454,1.6871300566775163
2016,vw_50,JP3381000003,NIPPON STEEL,JP,1.1070624200031397e-06,2080.53576273832,5201.934418219162
2016,vw_50,AU000000IVC8,INVOCARE DEAD - DELIST.27/11/23,AU,1.0197449952069609e-06,17.370666480022145,5.936073059360731
2017,vw_50,AU000000BWP3,BWP GROUP STAPLED UNITS,AU,0.04506528633594817,0.0,0.0
2017,vw_50,JP3633400001,TOYOTA MOTOR,JP,0.02303736684048293,10.56841639040032,13.663936290691403
2017,vw_50,JP3726800000,JAPAN TOBACCO,JP,0.022592840601526214,20.35234098605833,6.03331947328499
2017,vw_50,JP3711200000,AOZORA BANK,JP,0.02238849924044717,0.3283342656955824,0.0865731613789599
2017,vw_50,JP3819400007,FUJI MEDIA HOLDINGS,JP,0.019922698019521644,0.0,0.0
2017,vw_50,AU000000CSL8,CSL,AU,0.017781035334784475,8.064115711608014,1.412857222669084
2017,vw_50,JP3496400007,KDDI,JP,0.017111131686969754,0.6452305848839158,0.3877842137114204
2017,vw_50,AU000000WBC1,WESTPAC BANKING,AU,0.01708418401355059,0.3211164242325381,0.11242423577522474
2017,vw_50,HK2388011192,BOC HONG KONG HOLDINGS,HK,0.016317285570529486,0.029494685039549277,0.007707748809224177
2017,vw_50,JP3814800003,SUBARU,JP,0.01601649043745241,9.328360926638966,8.995950247038945
2017,vw_50,JP3765400001,HOUSE SHOKUHIN GP.HONSHA K K,JP,0.01531053052446763,22.160469095379142,24.720661008979157
2017,vw_50,HK0011000095,HANG SENG BANK DEAD - DELIST.28/01/26,HK,0.014922582406136538,0.013532822606637908,0.0016451310629588723
2017,vw_50,JP3902400005,MITSUBISHI ELECTRIC,JP,0.013794685981441936,10.052455564905808,11.98937488976874
2017,vw_50,JP3890350006,SUMITOMO MITSUI FINL.GP.,JP,0.01362537690966941,0.3812316762116766,0.3071100836944888
2017,vw_50,JP3435000009,SONY GROUP,JP,0.012811859319092758,3.994001884452597,7.060059689633978
2017,vw_50,HK0823032773,LINK REAL ESTATE INVESTMENT TRUST,HK,0.012601913855153772,0.0,0.0
2017,vw_50,JP3165600002,NTN,JP,0.012455742658011502,16.039872349584122,40.364698518673066
2017,vw_50,AU000000NAB4,NATIONAL AUS.BANK,AU,0.012378698945304547,0.6922686991507989,0.31089760612373296
2017,vw_50,JP3898400001,MITSUBISHI,JP,0.012018351528556544,108.11694150394638,160.40622250207875
2017,vw_50,AU000000CBA7,COMMONWEALTH BK.OF AUS.,AU,0.011894898373073042,0.30528999794195366,0.08934817492481352
2017,vw_50,JP3629000005,TOPPAN HOLDINGS,JP,0.011723614783452034,19.327890199956997,36.48237969095575
2017,vw_50,JP3626800001,LIXIL,JP,0.011697158007592542,35.71964276073402,77.15912879586851
2017,vw_50,JP3160400002,EISAI,JP,0.01143712502740302,8.718231068077575,2.526887398351021
2017,vw_50,JP3830000000,BROTHER INDUSTRIES,JP,0.011414006147859925,12.869160617706985,13.927161589424237
2017,vw_50,JP3638600001,DOWA HDG.,JP,0.011275676985754112,250.8009866772781,325.7667450729635
2017,vw_50,JP3854600008,HONDA MOTOR,JP,0.011210242118240224,10.357535825057596,23.249131517794122
2017,vw_50,JP3910660004,TOKIO MARINE HOLDINGS,JP,0.010899083722475474,0.3420374480098951,0.47049961722225425
2017,vw_50,JP3802300008,FAST RETAILING,JP,0.010408651106010212,0.8273025240336739,0.39840397119088977
2017,vw_50,HK0688002218,CHINA OVERSEAS LAND INVESTMENT,HK,0.010170375603216918,0.0866786755498376,0.054594380381495555
2017,vw_50,AU000000ANZ3,ANZ GROUP HOLDINGS,AU,0.010132608160250892,0.6312926008020708,0.2871577944457971
2017,vw_50,JP3551500006,DENSO,JP,0.010101729450478922,17.121468256546066,19.355672435985383
2017,vw_50,JP3566800003,CENTRAL JAPAN RAILWAY,JP,0.009789384064851697,4.574161361337423,2.1220393814643748
2017,vw_50,JP3762600009,NOMURA HDG.,JP,0.009204994074390481,0.20583078706845945,0.1228979849122593
2017,vw_50,JP3769000005,HACHIJUNI NAGANO BANK,JP,0.009150166248452534,1.458896722901752,0.8931326328501614
2017,vw_50,JP3942400007,ASTELLAS PHARMA,JP,0.008995650583539499,8.097843900990933,3.3687079677548657
2017,vw_50,JP3837800006,HOYA,JP,0.008873171597432481,5.0936900962820975,1.2798102767175061
2017,vw_50,JP3951600000,UNI CHARM,JP,0.008693852860586089,4.953585633178492,2.226784249443055
2017,vw_50,AU000000WES1,WESFARMERS,AU,0.008676046692163836,48.45909415755871,71.10080069464951
2017,vw_50,AU000000BEN6,BENDIGO & ADELAIDE BANK,AU,0.007995358063969574,1.6084927731583036,0.8267234436881529
2017,vw_50,KYG217651051,CK HUTCHISON HOLDINGS,HK,0.007691079710088815,238.61899180998319,174.70316360217757
2017,vw_50,JP3197800000,OMRON,JP,0.007478661721521501,7.255559331843324,5.545931933069007
2017,vw_50,HK0291001490,CHINA RESOURCES BEER HOLDINGS,HK,0.006858376332823134,86.92805972861754,56.8391089446569
2017,vw_50,SG1T75931496,SINGAPORE TELECOM,SG,0.006795445852835105,0.38318384011182444,0.10003576049918447
2017,vw_50,JP3249600002,KYOCERA,JP,0.00658309333021545,10.70634260938217,6.645686404680667
2017,vw_50,HK0006000050,POWER ASSETS HOLDINGS,HK,0.006355993634836337,64111.19143578344,517.2512024792263
2017,vw_50,AU000000TLS2,TELSTRA GROUP,AU,0.006259073356531909,2.740693127951298,1.1469785019912095
2017,vw_50,JP3788600009,HITACHI,JP,0.006218737057453148,16.399459382174726,48.243493424872995
2017,vw_50,JP3198900007,ORIENTAL LAND,JP,0.006020515458168766,14.307413863407119,3.015348121940678
2017,vw_50,JP3350800003,SHIKOKU ELECTRIC POWER,JP,0.005910267061505551,1560.4547135058438,4324.209574178423
2017,vw_50,JP3505000004,DAIWA HOUSE INDUSTRY,JP,0.005819515957749081,9.343797131629477,16.161915456346836
2017,vw_50,JP3814000000,FUJIFILM HOLDINGS,JP,0.005778829544720252,31.78014333373511,34.381420509219524
2017,vw_50,AU000000SHL7,SONIC HEALTHCARE,AU,0.005737171548610869,2.167026976462459,1.2410723006751456
2017,vw_50,AU000000OZL8,OZ MINERALS DEAD - DELIST.03/05/23,AU,0.005663305699229075,167.22223805046676,48.08542208102536
2017,vw_50,JP3371200001,SHIN-ETSU CHEMICAL,JP,0.005514871943014635,151.29117389297497,44.14348398032966
2017,vw_50,JP3358800005,SHIMIZU,JP,0.005381797644084034,15.833198504569676,30.77480006392396
2017,vw_50,JP3735400008,NTT,JP,0.0052738181779049195,1.8727427166719461,2.0974230949464796
2017,vw_50,JP3830800003,BRIDGESTONE,JP,0.005266799468092178,63.03450676003815,63.235672354722716
2017,vw_50,AU000000BHP4,BHP GROUP,AU,0.005250504921638922,299.30833264991264,157.48177935812825
2017,vw_50,JP3592200004,TOSHIBA DEAD - DELIST.20/12/23,JP,0.005134546852005641,18.932201307899575,92.54780810432342
2017,vw_50,JP3165700000,NTT DATA GROUP DEAD - DELIST.26/09/25,JP,0.005096691506389271,0.7184305884816374,0.7535229178990807
2017,vw_50,JP3347200002,SHIONOGI,JP,0.005033014530719909,14.153190227974108,2.6862473608039448
2017,vw_50,JP3672400003,NISSAN MOTOR,JP,0.004905686222588733,9.411620414075122,23.072863830116322
2017,vw_50,AU000000TCL6,TRANSURBAN GROUP STAPLED UNITS,AU,0.004851463308852103,1.437572146908775,0.17032171949265712
2017,vw_50,JP3902900004,MITSUBISHI UFJ FINL.GP.,JP,0.0047113002610766255,0.2322178627689417,0.12556707756782257
2017,vw_50,JP3835620000,BENESSE HOLDINGS DEAD - DELIST.17/05/24,JP,0.004693832578865829,0.46701346451361486,0.6075939078042287
2017,vw_50,SG9999000020,FLEX,SG,0.004654855872634135,3.1549114424034395,8.88596424440843
2017,vw_50,JP3870000001,MABUCHI MOTOR,JP,0.004626320192598942,2.7383315274887896,0.9515902414101417
2017,vw_50,JP3200450009,ORIX,JP,0.004454764254532696,10.1537549053633,11.208278662095232
2017,vw_50,AU000000ERA9,ENERGY RES.OF AUS.,AU,0.004382461700129776,502.92671505502227,406.25200727973447
2017,vw_50,JP3419400001,SEKISUI CHEMICAL,JP,0.004377500333913286,14.830692011872593,16.863655880870738
2017,vw_50,AU000000ASX7,ASX,AU,0.004297871215616778,0.06815684024888606,0.006451136004730833
2017,vw_50,HK0144000764,CHINA MERCHANTS PORT HOLDINGS,HK,0.00428927028271203,25.878548559854543,3.779291963481478
2017,vw_50,JP3495000006,SUMITOMO PHARMA,JP,0.004287007342369544,22.90607590965076,12.271977420157636
2017,vw_50,AU0000224040,WOODSIDE ENERGY GROUP,AU,0.004250203081215145,2347.377139164098,474.3906794207662
2017,vw_50,JP3783600004,EAST JAPAN RAILWAY,JP,0.004228375607135759,53.89010191516441,39.156423100473674
2017,vw_50,JP3596200000,TOTO,JP,0.0041465127770778576,34.767684542548714,25.73677085347893
2017,vw_50,HK0066009694,MTR,HK,0.004128655332507149,9.46857467927678,1.8250961896487525
2017,vw_50,AU000000CGF5,CHALLENGER,AU,0.004062931243102102,0.0,0.0
2017,vw_50,JP3942800008,YAMAHA MOTOR,JP,0.0039911242589421355,11.149709895684534,20.605203455698458
2017,vw_50,HK0000055878,CHINA TAIPING INSURANCE HLDGS,HK,0.003913110139908411,0.03812949974237451,0.10456489637965272
2017,vw_50,JP3711600001,NIPPON SANSO HOLDINGS,JP,0.003879907187386724,19.834733885931612,20.461999859574508
2017,vw_50,AU000000TAH8,TABCORP HOLDINGS,AU,0.003877572411220355,1.189016569748971,0.7003378671056051
2017,vw_50,JP3190000004,OBAYASHI,JP,0.003835885089810934,8.40362121706126,19.80232721155194
2017,vw_50,HK0388045442,HONG KONG EXCHANGES AND CLEARING,HK,0.0038023376201465286,0.063296276466221,0.002876154479948974
2017,vw_50,JP3684000007,NITTO DENKO,JP,0.0037563420173549315,58.03387282565853,26.57405470672141
2017,vw_50,JP3582600007,TOKYO TATEMONO,JP,0.0036795941832912724,1.0610885743908347,0.851338323692866
2017,vw_50,JP3407400005,SUMITOMO ELECTRIC IND.,JP,0.003670378898431788,7.80673279447891,16.48431608722801
2017,vw_50,HK0004000045,WHARF HOLDINGS,HK,0.003642480041838175,4.69569978274671,1.2385747764775699
2017,vw_50,JP3635000007,TOYOTA TSUSHO,JP,0.003599177468478115,1.7322682796813962,11.693432637444308
2017,vw_50,HK0242001243,SHUN TAK HOLDINGS,HK,0.003593593873733475,905.4999466181059,430.9830391470676
2017,vw_50,SGXE34184239,SEATRIUM,SG,0.0035027049825547313,21.79077249594108,24.478962031646244
2017,vw_50,JP3294460005,INPEX,JP,0.0034700182003023407,51.49767546446707,26.780754946718908
2017,vw_50,HK0016000132,SUN HUNG KAI PROPERTIES,HK,0.0034413140359367137,4.478096853824506,1.4805872752039442
2017,vw_50,JP3720800006,NSK,JP,0.0034309792005222947,16.42869245955394,19.1498581233139
2017,vw_50,JP3888400003,MITSUI KINZOKU LIMITED,JP,0.003425746091825246,172.4216887101601,405.9729936433506
2017,vw_50,AU000000PPT9,PERPETUAL,AU,0.0033415184082945825,0.36891543949277944,0.08748853598493991
2017,vw_50,HK0000608585,NEW WORLD DEVELOPMENT COMPANY,HK,0.0030921176475920326,49.84343225735034,30.221854916719163
2017,vw_50,BMG2178K1009,CKI HOLDINGS,HK,0.0030053921580016694,10884.988866221121,345.4651061078485
2017,vw_50,AU000000APA1,APA GROUP,AU,0.002970291304880764,733.7613103353314,174.02112138136917
2017,vw_50,KYG0535Q1331,ASMPT,HK,0.0029330838004850567,1.4158366777936908,0.5313713468219906
2017,vw_50,JP3481800005,DAIKIN INDUSTRIES,JP,0.00293101928753509,56.41958834480793,34.69679126822612
2017,vw_50,JP3358200008,SHIMAMURA,JP,0.002883376639986562,0.17224262477122784,0.1813187387067462
2017,vw_50,JP3900000005,MITSUBISHI HEAVY INDS.,JP,0.002874077072694433,4.349250699180883,10.37615625173708
2017,vw_50,JP3933800009,LY,JP,0.0028616149004734113,0.0036223464970299444,0.0011388162131998922
2017,vw_50,AU000000MTS0,METCASH,AU,0.0028568487237228394,1.9219020965639315,12.589941584977561
2017,vw_50,AU000000GPT8,GPT GROUP STAPLED UNITS,AU,0.0028416838398140688,17.926999102357144,1.518660149331264
2017,vw_50,JP3397200001,SUZUKI MOTOR,JP,0.0028101477489954766,22.287457488501683,31.6073148653347
2017,vw_50,AU000000NCM7,NEWCREST MINING DEAD - DELIST.08/11/23,AU,0.0028096739549669163,350.41722911120434,98.78969480460715
2017,vw_50,JP3546800008,TERUMO,JP,0.002767086373434648,15.284812621248,4.94806068900104
2017,vw_50,JP3519400000,CHUGAI PHARM.,JP,0.0026778760509086263,10.523278913984448,2.495689795387268
2017,vw_50,HK0200030994,MELCO INTL.DEV.,HK,0.002650088261334588,5.630660669823836,7.618096114150407
2017,vw_50,JP3955000009,YOKOGAWA ELECTRIC,JP,0.002516923813040935,3.631195257855274,2.9512296399171403
2017,vw_50,JP3429800000,ANA HOLDINGS,JP,0.002459864899804677,716.6247257452176,1058.1429685547926
2017,vw_50,JP3463000004,TAKEDA PHARMACEUTICAL,JP,0.0024175899323223586,10.462874990089514,4.708055248589703
2017,vw_50,AU000000STO6,SANTOS,AU,0.0023060982842494316,2171.5745370572477,944.4280368554116
2017,vw_50,KYG2108Y1052,CHINA RESOURCES LAND,HK,0.0022949902369871467,37.23237240633744,30.429927706342617
2017,vw_50,HK0002007356,CLP HOLDINGS,HK,0.0022378970300676116,3735.899409601882,1549.6070776667361
2017,vw_50,HK0165000859,CHINA EVERBRIGHT,HK,0.0022365690207448935,0.08869666138364148,0.021016825989450868
2017,vw_50,HK0083000502,SINO LAND,HK,0.002191650826500233,2.6504878160411,0.535761919997533
2017,vw_50,HK0000745908,YUEXIU PROPERTY COMPANY,HK,0.0021721366068495787,0.2042520372618945,0.34274010257068444
2017,vw_50,JP3866800000,PANASONIC HOLDINGS,JP,0.002151501387578156,6.839610359833455,17.257595499219093
2017,vw_50,JP3734800000,NIDEC,JP,0.002149131770164769,8.594251890881909,3.1099813083055228
2017,vw_50,JP3166000004,EBARA,JP,0.002142238050486562,2.4377042065715586,3.3481320579754326
2017,vw_50,JP3357200009,SHIMADZU,JP,0.0020452163909944533,0.9999410034807946,0.594558599695586
2017,vw_50,JP3148800000,IBIDEN,JP,0.0020298377232318096,56.43298078162205,69.35746006770117
2017,vw_50,JP3502200003,DAIWA SECURITIES GROUP,JP,0.0019701476880487397,0.18898185513526072,0.09162766848658173
2017,vw_50,JP3243600008,CANON MARKETING JAPAN,JP,0.0019111149858535663,1.4897392179253197,2.805335486366924
2017,vw_50,JP3116000005,ASAHI GROUP HOLDINGS,JP,0.0019060660379771445,23.75625157581996,21.142679276738075
2017,vw_50,AU000000BSL0,BLUESCOPE STEEL,AU,0.001897526070799798,1133.9100711224494,1790.4825629301959
2017,vw_50,JP3197600004,ONO PHARM.,JP,0.0018655539959310055,10.306379696526987,1.7701179616398308
2017,vw_50,NZCENE0001S6,CONTACT ENERGY,NZ,0.00181897770256527,751.0793797707666,459.12913842086016
2017,vw_50,JP3762800005,NOMURA RESEARCH INST.,JP,0.001791666757227469,0.2700246208449286,0.11089904748808113
2017,vw_50,HK0012000102,HENDERSON LD.DEV.,HK,0.0017788824955224261,0.25856504291663795,0.04236607571295094
2017,vw_50,JP3194000000,OKI ELECTRIC IND.,JP,0.0017643828151911567,3.9310561544000926,12.60656486865535
2017,vw_50,JP3940000007,YAMATO HDG.,JP,0.0017640602610397038,35.50418972694797,55.40072383827827
2017,vw_50,JP3890310000,MS&AD INSURANCE GP.HDG.,JP,0.0017623892416454142,0.5702802402393551,1.2339062334420239
2017,vw_50,JP3134800006,IHI,JP,0.0017509782243957965,5.625491078038335,17.71120403480368
2017,vw_50,JP3352400000,CITIZEN WATCH,JP,0.0016805942202942278,7.962326344679286,10.988490711545406
2017,vw_50,JP3274400005,GLORY,JP,0.001680390441769776,0.5169807926313926,0.49091156551979837
2017,vw_50,JP3560800009,TOKAI CARBON,JP,0.001637351768561366,56.26580936993513,54.97997097962372
2017,vw_50,JP3665200006,NICHIREI,JP,0.0016366074409398252,9.110259844305922,14.572897749572599
2017,vw_50,AU0000038911,OVATO DEAD - DELIST.29/08/22,AU,0.0015852973376793572,35.29597795272033,149.40536664076973
2017,vw_50,JP3385980002,J S R DEAD - DELIST.25/06/24,JP,0.0015826293275966225,130.19193163587693,108.09871681172056
2017,vw_50,HK0019000162,SWIRE PACIFIC 'A',HK,0.0015612652519819046,2296.011772454923,2014.6012484176524
2017,vw_50,JP3619800000,TOYOBO,JP,0.001545859763414373,234.21312175630055,477.4092956833093
2017,vw_50,JP3733000008,NEC,JP,0.0015179455532451913,2.278262126461521,8.862120180196444
2017,vw_50,JP3402600005,SUMITOMO METAL MINING,JP,0.0015167879853417757,264.38659274111427,222.67158498507413
2017,vw_50,JP3421100003,JAPAN PETROLEUM EXP.,JP,0.001508263846118682,108.44362759044508,152.38921494938512
2017,vw_50,JP3209000003,CASIO COMPUTER,JP,0.0014827191024246547,1.9557138292829441,1.6535277829273962
2017,vw_50,JP3695200000,NGK INSULATORS,JP,0.0014797106799661131,85.08993496122638,46.14110444628491
2017,vw_50,JP3894900004,ISETAN MITSUKOSHI HDG.,JP,0.0014583523063475177,2.455175785222471,5.883697708073181
2017,vw_50,SG1R89002252,CITY DEVELOPMENTS,SG,0.0014461016844434793,0.22726944777131644,0.10541286706266209
2017,vw_50,JP3112000009,AGC,JP,0.0014359191845328505,444.76682393623895,574.9952971413419
2017,vw_50,AU000000IAG3,INSURANCE AUS.GROUP,AU,0.0014351269657258841,1.2849476301765297,1.1571964558051628
2017,vw_50,JP3381000003,NIPPON STEEL,JP,0.001426975274566074,2211.9628018440712,3858.150125389879
2017,vw_50,HK0003000038,HONG KONG AND CHINA GAS,HK,0.0014265404306931478,223.3492938412655,34.49437829758073
2017,vw_50,JP3126400005,ALPS ALPINE,JP,0.0014171229914526143,1.3804037734281858,1.652275566205739
2017,vw_50,JP3721400004,JAPAN STEEL WORKS,JP,0.001407125036147864,47.36191328233249,67.00653669807056
2017,vw_50,AU000000WOW2,WOOLWORTHS GROUP,AU,0.0013878635298468969,15.973026656558334,26.677237799717012
2017,vw_50,BMG668971101,CTF SERVICES,HK,0.001366800221126303,106.3685497845476,56.714433068785326
2017,vw_50,JP3528600004,CHIYODA CORPORATION,JP,0.0013286041282610836,0.1971550728168107,0.6135503494392719
2017,vw_50,JP3634600005,TOYOTA INDS.,JP,0.001306117580400047,13.293220637727138,12.4982554263039
2017,vw_50,JP3401400001,SUMITOMO CHEMICAL,JP,0.001304807006329225,76.01500891090934,145.49412345412495
2017,vw_50,AU000000CIM7,CIMIC GROUP DEAD - DELIST.11/05/22,AU,0.001302967104869234,267.06058501078275,257.58143017596404
2017,vw_50,AU000000MQG1,MACQUARIE GROUP,AU,0.0012911157832945681,0.04040874990352761,0.019745776547124914
2017,vw_50,NZTELE0001S4,SPARK NEW ZEALAND,NZ,0.0012902243455719755,1.3812785344327798,0.7616371814346706
2017,vw_50,AU000000BLD2,BORAL DEAD - DELIST.08/07/24,AU,0.0012625466700806572,594.319552744351,346.00387008843404
2017,vw_50,JP3786200000,HITACHI METALS DEAD - DELIST.29/12/22,JP,0.001229497110884367,42.68889186916027,57.80375791251585
2017,vw_50,AU000000CQR9,CHARTER HALL RETAIL REIT,AU,0.001219672566699311,0.5197791244473525,0.06505135230281786
2017,vw_50,JP3386030005,JFE HOLDINGS,JP,0.00121170945160875,1935.0867752721806,4912.604761296534
2017,vw_50,JP3893600001,MITSUI,JP,0.0011837544175949631,8.284092013256764,11.873094018645295
2017,vw_50,JP3266400005,KUBOTA,JP,0.0011551780840082018,21.06088094917939,14.996955467568958
2017,vw_50,AU000000SBM8,ST BARBARA,AU,0.001111918674263244,296.2950510320944,150.11338351307904
2017,vw_50,JP3414750004,SEIKO EPSON,JP,0.0010715644973648176,14.633711220830449,15.694015995767217
2017,vw_50,JP3359600008,SHARP,JP,0.0010551165065625441,8.334657648902715,10.808959974929016
2017,vw_50,NZSKCE0001S2,SKY CITY ENTM.GP.,NZ,0.0010202518361965215,6.514349920105698,2.519476123664514
2017,vw_50,JP3738600000,NITERRA,JP,0.0009803967564948786,2.124699725895419,1.4063162999333212
2017,vw_50,JP3362700001,MITSUI OSK LINES,JP,0.0009561075075881938,1386.0033383469959,4917.403930573378
2017,vw_50,JP3420600003,SEKISUI HOUSE,JP,0.0009367730190617099,4.437251167274385,7.0173161046527435
2017,vw_50,AU000000SIG5,SIGMA HEALTHCARE,AU,0.0009158012736283477,1.3424848985104867,4.634783136675504
2017,vw_50,BMG2442N1048,COSCO SHIPPING PORTS,HK,0.000894980174274827,95.52533272959555,17.62546995285552
2017,vw_50,JP3443600006,TAISEI,JP,0.0008930032660970146,16.663642667636825,26.34765175021936
2017,vw_50,JP3818000006,FUJITSU,JP,0.0008465016577328785,5.160293092739299,16.65445606786691
2017,vw_50,JP3686800008,NIPPON SHEET GLASS,JP,0.0008443439095642193,581.1820234975767,4386.029035512215
2017,vw_50,JP3799000009,HIROSE ELECTRIC,JP,0.0008313882979833106,2.656727149183624,0.5284384349578722
2017,vw_50,JP3270000007,KURITA WATER IND.,JP,0.0008067785409478309,15.120820345578894,10.434925230512512
2017,vw_50,JP3811000003,FUJIKURA,JP,0.0007727155422398587,4.954731291116713,14.959465878221515
2017,vw_50,AU000000GWA4,GWA GROUP,AU,0.0007475191850096206,29.441516890938175,18.50407525828451
2017,vw_50,JP3675600005,NISSIN FOODS HOLDINGS,JP,0.0007404240433842578,50.89532207797805,35.83089753170308
2017,vw_50,JP3595200001,TOSOH,JP,0.0007266660646329261,1233.560143493924,1459.4770366686434
2017,vw_50,JP3475350009,DAIICHI SANKYO,JP,0.0007245651609858407,13.490824816135902,7.155236674786023
2017,vw_50,JP3850200001,HOKKAIDO ELEC.POWER,JP,0.0007088326218344103,2391.154883410586,9686.038744154976
2017,vw_50,AU000000SGP0,STOCKLAND STAPLED UNITS,AU,0.0006871022695428047,14.587308821741555,3.4066647405133823
2017,vw_50,SG1N31909426,COMFORTDELGRO CORPORATION,SG,0.0006845867207034461,333.0829904132775,261.21246431166765
2017,vw_50,JP3229400001,KANSAI PAINT,JP,0.0006844246525727012,16.578733343065085,8.541315255111359
2017,vw_50,JP3787000003,HITACHI CON.MCH.,JP,0.000670977521046012,6.988075988046634,8.91068894355583
2017,vw_50,JP3743000006,NH FOODS,JP,0.0006647520029643652,31.888026457523605,62.124361676738346
2017,vw_50,AU0000088338,AMPOL,AU,0.000649523794066318,53.57716901092762,129.48839250449817
2017,vw_50,AU000000QBE9,QBE INSURANCE GROUP,AU,0.0006350489727996276,0.521196763779568,0.5985557117239374
2017,vw_50,HK0308001558,CTII.INTL.INV.HK.,HK,0.0006317713279968144,38.9690674432407,13.285332292378259
2017,vw_50,JP3246400000,KYUSHU ELEC.POWER,JP,0.0006025881751462571,1690.682244387442,5313.794029614257
2017,vw_50,JP3539220008,T & D HOLDINGS,JP,0.0005939939044827259,0.12113353817053056,0.1944225931320243
2017,vw_50,JP3888300005,MITSUI CHEMICALS,JP,0.0005712341737644755,405.1232302129874,882.5083123582239
2017,vw_50,JP3322930003,SUMCO,JP,0.0005547368454363719,12.233931927211296,5.029422119398481
2017,vw_50,JP3549600009,DENKA,JP,0.0005438972051914938,581.0111409512367,805.4227167394266
2017,vw_50,JP3131430005,AEON MALL DEAD - DELIST.27/06/25,JP,0.0005385486527856017,5.9270111305738125,4.20574488026905
2017,vw_50,JP3659000008,WEST JAPAN RAILWAY,JP,0.0005339338974418164,7.799212700674717,8.00418779105228
2017,vw_50,JP3289800009,KOBE STEEL,JP,0.000533545861349084,1166.6281679371248,4949.2629840379195
2017,vw_50,JP3635400009,TOYOTA BOSHOKU,JP,0.0005241549121978708,4.1739519606764794,12.469886344042054
2017,vw_50,JP3571400005,TOKYO ELECTRON,JP,0.0005083138810396882,2.7174608046241593,1.011223389953912
2017,vw_50,JP3258000003,KIRIN HOLDINGS,JP,0.0004964763734218927,20.14897248621797,24.713440724809395
2017,vw_50,SGXE21576413,GENTING SINGAPORE,SG,0.00046854796249088553,2.0614110801477894,0.39151352403004325
2017,vw_50,AU000000ORG5,ORIGIN ENERGY (EX BORAL),AU,0.0004345858764901548,1891.2030568963073,1792.5649964186018
2017,vw_50,JP3967200001,RAKUTEN GROUP,JP,0.00043068459635173316,0.04370956146657081,0.021969635650937177
2017,vw_50,AU000000SUN6,SUNCORP GROUP,AU,0.0004202376813596136,0.5642223069393281,0.540945266097959
2017,vw_50,JP3242800005,CANON,JP,0.0004060142935426068,5.762304398219913,4.537070097111028
2017,vw_50,JP3621000003,TORAY INDS.,JP,0.00038494073851156143,185.67294062781542,234.53578114501354
2017,vw_50,SG1V61937297,SINGAPORE AIRLINES,SG,0.0003613576375837111,1334.6869845750848,1663.8788084977696
2017,vw_50,AU000000QAN2,QANTAS AIRWAYS,AU,0.0003522922398830586,1002.0345463000202,2638.8238842628
2017,vw_50,JP3215800008,KANEKA,JP,0.0003390630184810029,233.6590973471149,377.4099370207559
2017,vw_50,AU000000DOW2,DOWNER EDI,AU,0.0003376157064501188,42.30723753132091,97.4528674215975
2017,vw_50,AU000000SGM7,SIMS,AU,0.00033747510636561185,18.905219550514115,38.825077631685275
2017,vw_50,JP3551520004,DENTSU GROUP,JP,0.00032925559634831804,0.728438189364427,0.4151860885144333
2017,vw_50,BMG677491539,ORIENT OVERSEAS (INTL.),HK,0.00031984928595385107,1096.6973588192745,1723.9118762922071
2017,vw_50,JP3368000000,RESONAC HOLDINGS,JP,0.0002914977290886836,521.7898783149152,1273.3776188042923
2017,vw_50,JP3126340003,ALFRESA HOLDINGS,JP,0.00027962709252345896,1.7965748191573787,10.450945481335953
2017,vw_50,AU000000MGR9,MIRVAC GROUP STAPLED UNITS,AU,0.0002789432498976437,2.346218997294769,0.7995877987037717
2017,vw_50,HK0010000088,HANG LUNG GROUP,HK,0.0002596196382357866,2.822780386775648,0.9312619502868068
2017,vw_50,JP3973400009,RICOH,JP,0.00025372101803556067,8.559251431851147,25.219100090033326
2017,vw_50,JP3027680002,JAPAN REAL ESTATE INV.,JP,0.00025078114768065145,11.916016269099702,0.8767211921467133
2017,vw_50,JP3573000001,TOKYO GAS,JP,0.0002450907373712093,255.89621202600517,370.97074008262894
2017,vw_50,AU000000MAH3,MACMAHON HOLDINGS,AU,0.00024129435650919415,0.6276579907702088,1.1454585505543726
2017,vw_50,BMG8063F1068,SHANGRI-LA ASIA,HK,0.0002228309317832681,73.83897186820434,37.47617825086647
2017,vw_50,JP3493800001,DAI NIPPON PRINTING,JP,0.00021794026324933568,20.883930212734192,39.368075035850396
2017,vw_50,JP3891600003,MITSUI E&S,JP,0.0002125905260187423,19.99583377421422,94.78047030332023
2017,vw_50,JP3868400007,MAZDA MOTOR,JP,0.0002089183031706777,5.275280431979921,17.352083575935833
2017,vw_50,JP3040890000,JAPAN PRIME REALTY INV.,JP,0.00020496743483701575,12.306337016680393,0.865216829315582
2017,vw_50,NZAIAE0002S6,AUCKLAND INTL.AIRPORT,NZ,0.0001839803879533685,5.454528980582964,0.4042893623879935
2017,vw_50,JP3452000007,TAIYO YUDEN,JP,0.00018118420233069861,16.68154796463868,23.757582581525945
2017,vw_50,JP3260800002,KINTETSU GROUP HDG.,JP,0.000173149718908217,5.372366752314698,8.016978784785223
2017,vw_50,HK0023000190,BANK OF EAST ASIA,HK,0.0001614820289615858,0.5863997759631452,0.16355778332997098
2017,vw_50,JP3421800008,SECOM,JP,0.0001529153462924868,6.786918018752721,3.348369633722413
2017,vw_50,JP3551200003,ELEC.POWER DEV.,JP,0.00014760287978788318,8305.362171524384,12303.947772482741
2017,vw_50,JP3914400001,MURATA MANUFACTURING,JP,0.0001462280613860841,14.062004463938438,4.769272087310828
2017,vw_50,AU000000LLC3,LENDLEASE GROUP STAPLED UNITS,AU,0.0001332680636900829,6.942441615774876,12.9155131603936
2017,vw_50,JP3320800000,SAPPORO HOLDINGS,JP,0.00013117001958988384,24.78481128219386,58.853135207839614
2017,vw_50,AU000000RHC8,RAMSAY HEALTH CARE,AU,0.00012475447396995774,2.318441698092646,1.5072943960132723
2017,vw_50,JP3977400005,RINNAI,JP,0.00012329058235766672,13.315103686854163,8.762490566208783
2017,vw_50,AU000000AMP6,AMP,AU,0.00011961088919549172,0.008465271795627881,0.008338414554702606
2017,vw_50,SG1U68934629,KEPPEL,SG,0.00011710069522214588,51.64826722866719,30.664024839438543
2017,vw_50,JP3449020001,TAIHEIYO CEMENT,JP,0.00010533417706292037,2070.2381995019077,3268.879162280459
2017,vw_50,JP3670800006,NISSAN CHEMICAL,JP,0.0001028824515945822,202.96583659017804,57.20205383650523
2017,vw_50,AU000000DXS1,DEXUS STAPLED UNITS,AU,9.860709892620592e-05,34.20381269613573,2.941431242644555
2017,vw_50,NZAIRE0001S2,AIR NEW ZEALAND,NZ,9.26421551622039e-05,855.0873913959836,1842.5089618128795
2017,vw_50,JP3820000002,FUJI ELECTRIC,JP,8.475353803494375e-05,29.79503660860932,49.60999842650662
2017,vw_50,JP3400900001,SUMITOMO OSAKA CEMENT,JP,7.989120488782499e-05,4477.973508993875,5476.287376409471
2017,vw_50,JP3982800009,ROHM,JP,7.357615073541215e-05,11.51645970634341,4.960344113267789
2017,vw_50,JP3201200007,OLYMPUS,JP,7.270172089134684e-05,4.0490274477645904,2.279273138429491
2017,vw_50,JP3143600009,ITOCHU,JP,6.448533615581879e-05,2.0341791747592533,3.7794241156223563
2017,vw_50,JP3544000007,TEIJIN,JP,5.72556110625594e-05,114.77640637826262,180.56495162063064
2017,vw_50,JP3210200006,KAJIMA,JP,5.465130012807431e-05,11.855549928975643,25.646961944067442
2017,vw_50,JP3792600003,HINO MOTORS,JP,5.398451559580415e-05,11.650678324975846,26.57557409456553
2017,vw_50,JP3456000003,TAKASHIMAYA,JP,5.3374376954611786e-05,1.90201648006431,5.120595036530974
2017,vw_50,JP3778630008,BANDAI NAMCO HDG.,JP,4.891103200168759e-05,0.0,0.0
2017,vw_50,JP3877600001,MARUBENI,JP,4.84915689106539e-05,10.19871517730095,59.48186371022967
2017,vw_50,JP3205800000,KAO,JP,4.7507333822542794e-05,50.36569505353341,26.02033172137445
2017,vw_50,JP3336000009,SANTEN PHARM.,JP,4.657871733524797e-05,9.49836322796929,3.1737031118442536
2017,vw_50,JP3304200003,KOMATSU,JP,4.63563820726252e-05,6.044518403653202,3.835433233028416
2017,vw_50,BMG988031446,YUE YUEN INDL.HDG.,HK,4.565672016377181e-05,29.071985984109528,42.123530426554204
2017,vw_50,JP3870400003,MARUI GROUP,JP,4.1126449186365857e-05,6.966246388477493,4.483900632915197
2017,vw_50,BMG2108M2182,CHINESE ESTATES HDG.,HK,3.6250410307433503e-05,0.0010359237642983377,0.00017502467847966565
2017,vw_50,BMG684371393,PACIFIC BASIN SHIP.,HK,3.6088882149734754e-05,1207.1598461675665,1799.5175703086454
2017,vw_50,JP3351600006,SHISEIDO,JP,3.48415124363985e-05,4.142627387246547,2.8108061555685935
2017,vw_50,JP3538800008,TDK,JP,3.382680313957238e-05,7.591728691396783,8.808999164880719
2017,vw_50,JP3667600005,JGC HOLDINGS,JP,2.568734757771863e-05,18.177471289572726,27.165374041910173
2017,vw_50,JP3118000003,ASICS,JP,2.5048077500400243e-05,1.2566253819735527,1.1960458899830821
2017,vw_50,SG1T58930911,FRASER AND NEAVE,SG,2.258400293399364e-05,28.642631051600855,18.660695244188524
2017,vw_50,JP3753000003,NIPPON YUSEN KK,JP,2.1685893550427802e-05,1278.1365693901105,6167.537787823139
2017,vw_50,JP3027670003,NIPPON BUILDING FUND,JP,2.140621883024881e-05,12.918032271501891,1.014460193115299
2017,vw_50,JP3269600007,KURARAY,JP,1.9396029095843267e-05,283.6160302375469,216.63563443798628
2017,vw_50,JP3228600007,KANSAI ELECTRIC PWR.,JP,1.8424558167617112e-05,1444.8748944699819,3905.388526326512
2017,vw_50,JP3404600003,SUMITOMO,JP,1.8219515925311306e-05,1.7555836391915216,4.087354528330543
2017,vw_50,SG1F60858221,SINGAPORE TECHS.ENGR.,SG,1.753707655109699e-05,6.63992428378404,4.3200157989149215
2017,vw_50,JP3688370000,NIPPON EXPRESS HOLDINGS,JP,1.6992849186562552e-05,43.54865283317652,134.15866174669097
2017,vw_50,AU000000ORI1,ORICA,AU,1.3788721575641563e-05,460.13211531850106,331.64695123749965
2017,vw_50,JP3164800009,NOK,JP,1.2946956162172528e-05,7.307093898765516,11.864109693816577
2017,vw_50,HK0293001514,CATHAY PACIFIC AIRWAYS,HK,1.1719232312142954e-05,1505.5886163324494,3400.2244533201333
2017,vw_50,JP3486800000,DAITO TST.CONSTRUCTION,JP,1.1151801404319771e-05,2.818453531065352,3.379718565025223
2017,vw_50,JP3158800007,UBE,JP,1.0300405671651617e-05,2123.4461279653915,4681.071022433578
2017,vw_50,JP3678000005,NISSHINBO HOLDINGS,JP,1.0157974625290901e-05,60.76015618580701,168.12236898975127
2017,vw_50,JP3119600009,AJINOMOTO,JP,9.402212585151293e-06,134.9213488301012,107.74775523566315
2017,vw_50,JP3405400007,SUMITOMO HEAVY INDS.,JP,9.329011561080496e-06,2.579679019356246,3.6267729295832196
2017,vw_50,JP3663900003,SOJITZ,JP,6.992126863723659e-06,69.32008476430181,286.7027020375264
2017,vw_50,JP3742600004,NHK SPRING,JP,5.618935096216437e-06,3.2417585586001194,7.300892857142857
2017,vw_50,JP3174410005,OJI HOLDINGS,JP,4.7024615848682484e-06,524.0045306066536,1468.9026157928772
2017,vw_50,JP3256000005,KYOWA KIRIN,JP,4.3283633962546e-06,22.520141156065158,8.584196612846
2017,vw_50,JP3613400005,TOYO SEIKAN GROUP HDG.,JP,4.22074224536048e-06,72.93246180719736,127.9256366003573
2017,vw_50,JP3385820000,GS YUASA,JP,4.028946129853888e-06,7.264210369807717,13.424336516491886
2017,vw_50,JP3375800004,SHINKO ELEC.INDS. DEAD - DELIST.06/06/25,JP,3.748553927923949e-06,28.62241170572764,42.744915274491525
2017,vw_50,JP3845400005,HOKURIKU ELEC.POWER,JP,3.5673544391035438e-06,3874.395122613518,8737.044218312882
2017,vw_50,JP3827200001,FURUKAWA ELECTRIC,JP,2.7198102949998284e-06,28.1415344137977,86.14009924658323
2017,vw_50,JP3111200006,ASAHI KASEI,JP,2.5732366138919256e-06,172.64555235877594,218.14740619661535
2017,vw_50,JP3634200004,TOYODA GOSEI,JP,2.308865409773369e-06,16.510333817936647,35.009770908789996
2017,vw_50,JP3903000002,MITSUBISHI MATERIALS,JP,1.8451501374010004e-06,887.8852946343144,2348.9122857677844
2017,vw_50,NZFBUE0001S0,FLETCHER BUILDING,NZ,1.5464769150233518e-06,204.92734766632464,267.4218010031721
2018,vw_50,AU000000BWP3,BWP GROUP STAPLED UNITS,AU,0.061961492117512604,0.0,0.0
2018,vw_50,JP3720800006,NSK,JP,0.02500341251083318,15.641451552955502,15.934390425994229
2018,vw_50,JP3769000005,HACHIJUNI NAGANO BANK,JP,0.023052260258017935,1.5980244737418854,0.8523313309120915
2018,vw_50,JP3633400001,TOYOTA MOTOR,JP,0.020334021289305376,9.62678113430414,11.311938686630686
2018,vw_50,JP3711200000,AOZORA BANK,JP,0.019278491520236928,0.0643597452319485,0.016407496585189776
2018,vw_50,JP3819400007,FUJI MEDIA HOLDINGS,JP,0.019124984989243865,0.0,0.0
2018,vw_50,HK0688002218,CHINA OVERSEAS LAND INVESTMENT,HK,0.01629926731763611,1.2205850288990403,0.5892730610166704
2018,vw_50,JP3726800000,JAPAN TOBACCO,JP,0.015836402592137522,19.501073797222265,5.767972766623396
2018,vw_50,HK2388011192,BOC HONG KONG HOLDINGS,HK,0.015762321944442714,0.026305711230595392,0.0062051107752028115
2018,vw_50,JP3436100006,SOFTBANK GROUP,JP,0.015464940152025495,0.13764861707567969,0.12750108621160747
2018,vw_50,JP3496400007,KDDI,JP,0.014619428237303684,0.5001970989985122,0.34440387901750535
2018,vw_50,JP3435000009,SONY GROUP,JP,0.013833816667468026,3.0438433169339705,3.7249000772672205
2018,vw_50,JP3890350006,SUMITOMO MITSUI FINL.GP.,JP,0.01347416308457344,0.33527154361035794,0.2653559652625482
2018,vw_50,AU000000CSL8,CSL,AU,0.013223889043355098,7.269576553695936,1.0470090681046476
2018,vw_50,JP3198900007,ORIENTAL LAND,JP,0.012994952991893386,13.750114584288202,1.6722533865221392
2018,vw_50,JP3735400008,NTT,JP,0.012803800261692106,1.7375987996329365,1.852275891387748
2018,vw_50,JP3592200004,TOSHIBA DEAD - DELIST.20/12/23,JP,0.01262320906516185,9.087157071344757,17.457398657155736
2018,vw_50,AU000000WBC1,WESTPAC BANKING,AU,0.01159687326766483,0.33260258270780757,0.11464708734663297
2018,vw_50,JP3389900006,JAFCO GROUP,JP,0.011459434391191289,0.020670918969997634,0.0049935796832643745
2018,vw_50,KYG217651051,CK HUTCHISON HOLDINGS,HK,0.01133395814607949,297.46067313037804,182.15481518699278
2018,vw_50,JP3765400001,HOUSE SHOKUHIN GP.HONSHA K K,JP,0.01122539056278494,21.316940114164897,16.479093796191954
2018,vw_50,JP3955000009,YOKOGAWA ELECTRIC,JP,0.011020637366076069,4.166145177670738,2.7321832824845638
2018,vw_50,HK0823032773,LINK REAL ESTATE INVESTMENT TRUST,HK,0.010204378747320981,0.0,0.0
2018,vw_50,AU000000BEN6,BENDIGO & ADELAIDE BANK,AU,0.009942100979989038,1.6000717406064644,0.8231438074190586
2018,vw_50,HK0011000095,HANG SENG BANK DEAD - DELIST.28/01/26,HK,0.009426464388743163,0.03540031642946735,0.004271026639695348
2018,vw_50,JP3787000003,HITACHI CON.MCH.,JP,0.00923964180256483,6.047889322202371,5.538704138715216
2018,vw_50,JP3205800000,KAO,JP,0.008905496208602679,48.32147715494704,17.916951084525138
2018,vw_50,AU000000CBA7,COMMONWEALTH BK.OF AUS.,AU,0.00874899720851522,0.26622384371298635,0.0777203316707817
2018,vw_50,JP3814800003,SUBARU,JP,0.008167927483351005,8.66108315643986,10.688367954133193
2018,vw_50,JP3870000001,MABUCHI MOTOR,JP,0.007895574148157685,2.4274561746866885,0.8150837157323013
2018,vw_50,JP3475350009,DAIICHI SANKYO,JP,0.007744840834333821,12.40767640188632,4.282667292062491
2018,vw_50,SG1L01001701,DBS GROUP HOLDINGS,SG,0.007699363553348059,1.7197879054367741e-06,3.8558728703291163e-07
2018,vw_50,AU000000ANZ3,ANZ GROUP HOLDINGS,AU,0.007153026925573104,0.5720828533875487,0.2645272491771613
2018,vw_50,JP3837800006,HOYA,JP,0.0070964318477116295,4.504858998081248,1.1042351476617438
2018,vw_50,AU000000CWY3,CLEANAWAY WASTE MANAGEMENT,AU,0.007090826106174412,591.6948317284719,300.9781790820166
2018,vw_50,JP3629000005,TOPPAN HOLDINGS,JP,0.006802939523252785,18.275685463957124,36.250833344671356
2018,vw_50,AU000000WES1,WESFARMERS,AU,0.0067093839607013355,45.50776670064103,63.11753726978319
2018,vw_50,JP3322930003,SUMCO,JP,0.006651774814090385,10.58840620345072,3.232342038676912
2018,vw_50,JP3902400005,MITSUBISHI ELECTRIC,JP,0.006643212506697047,7.765538648697577,7.775903478462628
2018,vw_50,JP3899600005,MITSUBISHI ESTATE,JP,0.006575853347924522,12.197100961610891,4.5851198921774285
2018,vw_50,JP3409000001,SUMITOMO REAL.&DEV.,JP,0.006299321334147863,2.024774570582099,0.9644450842090112
2018,vw_50,JP3910660004,TOKIO MARINE HOLDINGS,JP,0.006206047342131697,0.2948726907428433,0.40855210140131054
2018,vw_50,JP3854600008,HONDA MOTOR,JP,0.006037778072196567,9.79758074797736,21.148180128606
2018,vw_50,JP3351600006,SHISEIDO,JP,0.00594101786623401,3.034796369798373,1.297719316536998
2018,vw_50,HK0291001490,CHINA RESOURCES BEER HOLDINGS,HK,0.005937130887737328,57.50495326756555,20.571999151100112
2018,vw_50,JP3209000003,CASIO COMPUTER,JP,0.005892295527992987,1.9553990650805337,1.5371415094083873
2018,vw_50,JP3116000005,ASAHI GROUP HOLDINGS,JP,0.005863911797508822,24.513799495439294,18.50245227426309
2018,vw_50,HK0000055878,CHINA TAIPING INSURANCE HLDGS,HK,0.005852365861559975,0.0459794759464489,0.07559277881992205
2018,vw_50,AU000000ASX7,ASX,AU,0.005841405428054622,0.06378768445426647,0.00521314304370132
2018,vw_50,AU000000OZL8,OZ MINERALS DEAD - DELIST.03/05/23,AU,0.0056438660267928275,104.945064413606,38.32595356364208
2018,vw_50,JP3762600009,NOMURA HDG.,JP,0.005598932969274804,0.17492706938518454,0.12846566398757936
2018,vw_50,HK0083000502,SINO LAND,HK,0.005596422074252087,0.3521418425151032,0.042617566987624006
2018,vw_50,JP3350800003,SHIKOKU ELECTRIC POWER,JP,0.005553009569131196,1433.0411886931367,3742.0127795527155
2018,vw_50,JP3672400003,NISSAN MOTOR,JP,0.005531472826084959,8.405360106013676,20.34453058861118
2018,vw_50,JP3242800005,CANON,JP,0.0055230581313440354,4.342876307107153,3.026879108877136
2018,vw_50,JP3347200002,SHIONOGI,JP,0.005434034622174077,13.875115024626924,2.337105530081306
2018,vw_50,HK0002007356,CLP HOLDINGS,HK,0.005283591809058429,3248.8319877729405,1481.842824308344
2018,vw_50,JP3802300008,FAST RETAILING,JP,0.005281695752002412,0.7029763369413867,0.26581177683796786
2018,vw_50,JP3667600005,JGC HOLDINGS,JP,0.005265147297159411,18.574265005648417,21.672049775144018
2018,vw_50,JP3830000000,BROTHER INDUSTRIES,JP,0.0051828475476583735,10.599160417790369,9.962285675240896
2018,vw_50,JP3898400001,MITSUBISHI,JP,0.005177437465160586,81.35280628059729,120.45194256012687
2018,vw_50,JP3352400000,CITIZEN WATCH,JP,0.0050553475001679305,7.8814233496309205,9.360256885266148
2018,vw_50,JP3397200001,SUZUKI MOTOR,JP,0.004998934190003741,19.698294854987214,23.764110854824317
2018,vw_50,JP3407400005,SUMITOMO ELECTRIC IND.,JP,0.004931973230324607,7.02122554308649,14.38299373600724
2018,vw_50,AU000000STO6,SANTOS,AU,0.004837795685135496,1711.4309245904255,618.1200368845399
2018,vw_50,JP3894900004,ISETAN MITSUKOSHI HDG.,JP,0.004653530600095033,2.2209387129519857,5.203079158060471
2018,vw_50,SG1T75931496,SINGAPORE TELECOM,SG,0.004601569930449555,0.45875642669408156,0.14098004271519415
2018,vw_50,JP3201200007,OLYMPUS,JP,0.004581258498024803,4.258495361796813,2.2993629503656967
2018,vw_50,JP3893600001,MITSUI,JP,0.004579614257518696,78.61837060508374,104.31257468725892
2018,vw_50,JP3626800001,LIXIL,JP,0.004554375429849073,38.56203505580409,66.5030326481922
2018,vw_50,JP3210200006,KAJIMA,JP,0.004527511644197004,10.946435117684835,18.13189906830668
2018,vw_50,JP3493400000,DIC,JP,0.004433154535000395,38.39575685254359,73.47938302956673
2018,vw_50,JP3528600004,CHIYODA CORPORATION,JP,0.004332670390821335,0.21039439893087,0.4188776298738612
2018,vw_50,JP3165600002,NTN,JP,0.004211655374645423,15.451468503557196,38.90985992359469
2018,vw_50,BMG668971101,CTF SERVICES,HK,0.004203242408713733,87.66166173728116,52.87887719484167
2018,vw_50,HK0016000132,SUN HUNG KAI PROPERTIES,HK,0.004140545163084826,5.608352324412873,1.26397758077871
2018,vw_50,AU000000NAB4,NATIONAL AUS.BANK,AU,0.004134987889982765,0.7437438473085517,0.3009355982465895
2018,vw_50,JP3404200002,SUMITOMO RUBBER INDS.,JP,0.004127834458402106,50.29697218514567,78.18287365061246
2018,vw_50,SGXE21576413,GENTING SINGAPORE,SG,0.004127548886952559,1.8797883546553322,0.27960775793154624
2018,vw_50,JP3402600005,SUMITOMO METAL MINING,JP,0.004072490657216984,225.9936483378277,135.31208443241024
2018,vw_50,JP3695200000,NGK INSULATORS,JP,0.004065536423983184,80.22257754138859,48.055840887110826
2018,vw_50,BMG2442N1048,COSCO SHIPPING PORTS,HK,0.004007205366632483,72.5772028949307,15.23409112779859
2018,vw_50,AU000000TLS2,TELSTRA GROUP,AU,0.0038871888151298904,2.658689745456173,1.590644307454744
2018,vw_50,JP3900000005,MITSUBISHI HEAVY INDS.,JP,0.0038794047772222617,5.116718567192993,14.892950408129282
2018,vw_50,AU000000TAH8,TABCORP HOLDINGS,AU,0.003877889824228806,2.00096963739366,0.46793694152952375
2018,vw_50,HK0023000190,BANK OF EAST ASIA,HK,0.0038542483152352977,0.633024081468091,0.19307347971599742
2018,vw_50,JP3940000007,YAMATO HDG.,JP,0.0038469831598892347,47.6972777922128,61.84117266676644
2018,vw_50,JP3358800005,SHIMIZU,JP,0.0038126248485666416,16.104709225921386,27.60641440848473
2018,vw_50,BMG677491539,ORIENT OVERSEAS (INTL.),HK,0.0037667972584473565,927.3881571101396,965.2609531951272
2018,vw_50,JP3538800008,TDK,JP,0.0037071383073144087,11.373476973297363,10.650394905563884
2018,vw_50,JP3118000003,ASICS,JP,0.0036511349292042672,1.1039686320636959,1.214519609241517
2018,vw_50,JP3495000006,SUMITOMO PHARMA,JP,0.0035974343995129826,19.33049584658417,14.225058213049397
2018,vw_50,JP3519400000,CHUGAI PHARM.,JP,0.0035164415403089316,10.226027272712244,1.7214037677621508
2018,vw_50,JP3814000000,FUJIFILM HOLDINGS,JP,0.0035123839503759533,31.2212186491474,31.751489824271452
2018,vw_50,KYG2108Y1052,CHINA RESOURCES LAND,HK,0.003491964524070258,34.59934346236411,18.47090429596037
2018,vw_50,HK0012000102,HENDERSON LD.DEV.,HK,0.003461843491252516,0.2677183487823133,0.030411912458746804
2018,vw_50,JP3573000001,TOKYO GAS,JP,0.00345338206379144,250.0563299625928,342.3602855049639
2018,vw_50,AU000000ERA9,ENERGY RES.OF AUS.,AU,0.003452306747842848,596.2010798694939,329.6672747806446
2018,vw_50,JP3249600002,KYOCERA,JP,0.003439328490412628,9.04534091738534,5.309467221851627
2018,vw_50,JP3429800000,ANA HOLDINGS,JP,0.003415786172265364,660.8214561384347,832.4758061718832
2018,vw_50,JP3902900004,MITSUBISHI UFJ FINL.GP.,JP,0.00338956882446599,0.21647679192660813,0.11118274258968806
2018,vw_50,AU000000CGF5,CHALLENGER,AU,0.003386984528035644,0.0020408912980476833,0.0005261559646543456
2018,vw_50,AU000000DXS1,DEXUS STAPLED UNITS,AU,0.0033273678625470897,25.53880501635357,2.4733865797593073
2018,vw_50,JP3385980002,J S R DEAD - DELIST.25/06/24,JP,0.0033035547501427047,109.64562679879631,79.31111680279271
2018,vw_50,JP3566800003,CENTRAL JAPAN RAILWAY,JP,0.003302533330482377,4.506706008992097,1.8717431037648848
2018,vw_50,JP3371200001,SHIN-ETSU CHEMICAL,JP,0.0032444560239429216,139.07635813397386,36.4429418911617
2018,vw_50,JP3933800009,LY,JP,0.0032418521463215156,0.000250429361139674,7.409797753275223e-05
2018,vw_50,JP3942800008,YAMAHA MOTOR,JP,0.00316672302039904,9.660943303368834,12.512980225541318
2018,vw_50,HK0003000038,HONG KONG AND CHINA GAS,HK,0.0031030363233712508,194.3520850582984,29.225809395572597
2018,vw_50,JP3684000007,NITTO DENKO,JP,0.00307001672504065,48.88421167009087,25.450192324882956
2018,vw_50,JP3421800008,SECOM,JP,0.0030155813904028926,6.432718495373942,3.0677796528714403
2018,vw_50,HK0004000045,WHARF HOLDINGS,HK,0.0029905491275066705,2.7337782568742997,1.212825398047291
2018,vw_50,JP3596200000,TOTO,JP,0.0029883990807881033,34.047150977670526,19.037381634290846
2018,vw_50,JP3783600004,EAST JAPAN RAILWAY,JP,0.0029858379194498096,52.429952922805796,36.92395312623688
2018,vw_50,BMG2108M2182,CHINESE ESTATES HDG.,HK,0.002908899757256441,0.016502416056850825,0.0009820590094707317
2018,vw_50,JP3160400002,EISAI,JP,0.0028569799257227037,8.28119006753118,2.5247883803507345
2018,vw_50,JP3951600000,UNI CHARM,JP,0.0028471273137045164,5.389131934468871,1.8867879071145746
2018,vw_50,JP3134800006,IHI,JP,0.0028311893447612586,5.313544779726005,14.565420632366239
2018,vw_50,JP3560800009,TOKAI CARBON,JP,0.002793093478791918,2524.52319756316,732.4682371026812
2018,vw_50,JP3126400005,ALPS ALPINE,JP,0.0027690697919132957,1.1844623188519305,1.6222952062374514
2018,vw_50,JP3419400001,SEKISUI CHEMICAL,JP,0.002705688019526199,14.18395807593865,14.781461868762209
2018,vw_50,JP3197600004,ONO PHARM.,JP,0.0026990706175722993,3.6576680859853217,0.6196116565718564
2018,vw_50,HK0200030994,MELCO INTL.DEV.,HK,0.0026937459472379144,4.105944693012353,4.774683443655952
2018,vw_50,JP3711600001,NIPPON SANSO HOLDINGS,JP,0.0026752017877916586,3.2916358147994025,2.8369344981686844
2018,vw_50,HK0000049939,CHINA UNICOM (HONG KONG),HK,0.002654801421702282,9.09804468512024,8.125289326180736
2018,vw_50,AU000000BHP4,BHP GROUP,AU,0.002646821463472158,248.67903060921853,134.77749304954122
2018,vw_50,JP3820000002,FUJI ELECTRIC,JP,0.0025918338827986753,29.85633978763273,38.667007497193005
2018,vw_50,JP3743000006,NH FOODS,JP,0.0025901851039549753,30.558734854327035,66.7387752284077
2018,vw_50,JP3148800000,IBIDEN,JP,0.0025649430094814274,51.29877786404139,61.988536746712064
2018,vw_50,JP3877600001,MARUBENI,JP,0.0025535203091375854,9.820498579335762,51.79603290203243
2018,vw_50,JP3942600002,YAMAHA,JP,0.0025411586080668707,5.922674082197961,2.853867114020677
2018,vw_50,JP3359600008,SHARP,JP,0.002529936632719671,12.19924979234705,14.937474785938631
2018,vw_50,JP3027670003,NIPPON BUILDING FUND,JP,0.002450583421983204,10.824114119136938,1.0326516929265839
2018,vw_50,JP3404600003,SUMITOMO,JP,0.0024124973703073833,22.319547686318664,42.60620015258912
2018,vw_50,BMG8063F1068,SHANGRI-LA ASIA,HK,0.002399216895393161,69.5628864751178,18.283343469804354
2018,vw_50,AU000000SHL7,SONIC HEALTHCARE,AU,0.0023644166581549145,1.9855743971238768,1.0134175713023734
2018,vw_50,JP3635400009,TOYOTA BOSHOKU,JP,0.0023572002131901,5.0238161009054085,15.372187155303529
2018,vw_50,JP3505000004,DAIWA HOUSE INDUSTRY,JP,0.0021232152755497943,8.061956223219134,10.264421074096717
2018,vw_50,JP3228600007,KANSAI ELECTRIC PWR.,JP,0.0021115568129745008,1182.609563114172,2752.1966242942117
2018,vw_50,HK0000139300,TELEVISION BROADCASTS,HK,0.002008056921937112,1.4031590606520885,0.5115956327282294
2018,vw_50,JP3830800003,BRIDGESTONE,JP,0.0019798198501833927,56.59484453687057,50.35658011966427
2018,vw_50,HK0293001514,CATHAY PACIFIC AIRWAYS,HK,0.0019680252859412928,1479.7989608119262,2937.0360914397324
2018,vw_50,AU000000NCM7,NEWCREST MINING DEAD - DELIST.08/11/23,AU,0.0019115218117261757,396.51123544083663,98.60188307628401
2018,vw_50,AU000000MND5,MONADELPHOUS GROUP,AU,0.0017894684610457465,7.86070673615925,6.55874666171577
2018,vw_50,JP3891600003,MITSUI E&S,JP,0.0017710651387731569,18.507723142688835,86.78004379961675
2018,vw_50,JP3481800005,DAIKIN INDUSTRIES,JP,0.0016791711512621412,37.354732483346055,21.568323624749766
2018,vw_50,AU000000CQR9,CHARTER HALL RETAIL REIT,AU,0.0016393705235359156,0.48153183775209607,0.0697704961092688
2018,vw_50,AU000000GPT8,GPT GROUP STAPLED UNITS,AU,0.0015807066732036058,17.598046641774417,1.3776303195867945
2018,vw_50,KYG0535Q1331,ASMPT,HK,0.0015421951180755902,1.0266239293539903,0.4028204436629339
2018,vw_50,SG9999000020,FLEX,SG,0.0015405135770529788,2.972581952454433,8.210712340477238
2018,vw_50,AU0000038911,OVATO DEAD - DELIST.29/08/22,AU,0.0015379153112170532,33.01201637396012,134.15615776764153
2018,vw_50,SGXE34184239,SEATRIUM,SG,0.001507362435394412,26.995046461177946,11.05350659926034
2018,vw_50,JP3544000007,TEIJIN,JP,0.0015042751671310015,92.52679376907356,157.94560518649288
2018,vw_50,JP3818000006,FUJITSU,JP,0.001473290147138015,5.291213563079964,15.497541526366954
2018,vw_50,AU000000PPT9,PERPETUAL,AU,0.001465919132247093,0.34152522811529895,0.07316137886493905
2018,vw_50,JP3734800000,NIDEC,JP,0.0014015257838547119,7.067078636382596,1.9592947986899134
2018,vw_50,JP3443600006,TAISEI,JP,0.0013927314299664502,17.932454847039363,22.28128531185842
2018,vw_50,JP3982800009,ROHM,JP,0.0013488879381944113,10.15892759287989,2.941409559540218
2018,vw_50,SG1R89002252,CITY DEVELOPMENTS,SG,0.0013296214355781185,0.5328847043488835,0.16832086068864666
2018,vw_50,AU000000SBM8,ST BARBARA,AU,0.0013110087469479358,271.0772147104568,91.381019967725
2018,vw_50,AU000000MGR9,MIRVAC GROUP STAPLED UNITS,AU,0.001300696330568144,4.32381848446648,1.0880458352651763
2018,vw_50,JP3638600001,DOWA HDG.,JP,0.001265305403751181,204.74891166587963,327.7665233158836
2018,vw_50,HK0006000050,POWER ASSETS HOLDINGS,HK,0.0012480620146514366,62808.74455393191,604.3226943307233
2018,vw_50,JP3935600001,YAMAZAKI BAKING,JP,0.0012398945047862617,33.74970193877363,73.47723004534137
2018,vw_50,JP3197800000,OMRON,JP,0.00120800537197101,8.807647703438086,5.132792500559795
2018,vw_50,JP3293200006,COCA-COLA BOTTLERS JAPAN HOLDINGS,JP,0.0012052562403840103,28.377532551711088,30.861636327617706
2018,vw_50,JP3358200008,SHIMAMURA,JP,0.001203651882185284,0.14263774311919436,0.17107998340758515
2018,vw_50,JP3605400005,TOHOKU ELECTRIC PWR.,JP,0.00118597415484352,1785.5520423367452,5045.377634210122
2018,vw_50,AU000000QAN2,QANTAS AIRWAYS,AU,0.00114549311075937,943.7913950225922,1677.5593291018586
2018,vw_50,AU000000ORG5,ORIGIN ENERGY (EX BORAL),AU,0.001135172697259034,1542.8160768197024,1355.204239471648
2018,vw_50,HK0388045442,HONG KONG EXCHANGES AND CLEARING,HK,0.0010608828822481215,0.02566388416133128,0.0008294990829669349
2018,vw_50,JP3246400000,KYUSHU ELEC.POWER,JP,0.001051368347511839,1518.4312534563721,5049.828803152318
2018,vw_50,JP3294460005,INPEX,JP,0.0010407912037372776,67.56639715686644,30.439720331888385
2018,vw_50,HK0000745908,YUEXIU PROPERTY COMPANY,HK,0.0010225472898692074,0.6584688232584269,0.8601235415236789
2018,vw_50,JP3194000000,OKI ELECTRIC IND.,JP,0.001004166756676194,3.7807818656898244,12.389065232882036
2018,vw_50,BMG988031446,YUE YUEN INDL.HDG.,HK,0.0009986975025696964,5.346274103473285,6.626010773402703
2018,vw_50,AU000000QBE9,QBE INSURANCE GROUP,AU,0.0009960931238278692,0.4992647644763211,0.7123926676851865
2018,vw_50,JP3967200001,RAKUTEN GROUP,JP,0.0009865825018958193,0.1346745860886517,0.08942519690538996
2018,vw_50,JP3635000007,TOYOTA TSUSHO,JP,0.0009761573856053053,3.7747877591558074,14.819649311900363
2018,vw_50,JP3119600009,AJINOMOTO,JP,0.000841691466498007,120.57958367223887,116.91292087866258
2018,vw_50,AU000000LLC3,LENDLEASE GROUP STAPLED UNITS,AU,0.0008405193810098259,10.270912594642352,19.24023112674968
2018,vw_50,JP3368000000,RESONAC HOLDINGS,JP,0.0008403928619464442,446.41322673166536,449.22389313140087
2018,vw_50,JP3385820000,GS YUASA,JP,0.0008362095233729492,6.3567391588303925,10.479387296259267
2018,vw_50,AU000000IGO4,IGO,AU,0.0008322995429387254,161.80167391240056,31.086042466148587
2018,vw_50,JP3463000004,TAKEDA PHARMACEUTICAL,JP,0.0008294955483859648,9.89017088855397,3.426369985855516
2018,vw_50,BMG684371393,PACIFIC BASIN SHIP.,HK,0.0008025455121078232,952.1465442542475,1396.6784375401842
2018,vw_50,JP3659000008,WEST JAPAN RAILWAY,JP,0.0007975518293350484,7.424589006307114,7.035975647081091
2018,vw_50,JP3190000004,OBAYASHI,JP,0.0007947561511816422,8.742618467969658,17.3001874091683
2018,vw_50,JP3982100004,LAWSON DEAD - DELIST.24/07/24,JP,0.000788727585212614,0.8486212733046378,0.7533958208690642
2018,vw_50,JP3200450009,ORIX,JP,0.0007735520470831383,8.809352115363797,9.571282044605415
2018,vw_50,JP3401400001,SUMITOMO CHEMICAL,JP,0.0007047586775169614,337.2500565744798,557.3071665462144
2018,vw_50,JP3122400009,ADVANTEST,JP,0.0006566520740980642,2.242021878980236,0.9306630394170352
2018,vw_50,JP3256000005,KYOWA KIRIN,JP,0.0006366395366629971,21.24953261773738,5.928909217363414
2018,vw_50,JP3551500006,DENSO,JP,0.0006323965656220684,15.497562031350355,13.855009931431756
2018,vw_50,SG1S83002349,UOL GROUP,SG,0.0006317467082113701,1.393345427387703,0.38500857692374335
2018,vw_50,JP3742600004,NHK SPRING,JP,0.0006242850179803844,15.96626837055059,34.73351266664696
2018,vw_50,JP3890310000,MS&AD INSURANCE GP.HDG.,JP,0.0006102281369202538,0.5729071143284852,1.3847866706107421
2018,vw_50,JP3229400001,KANSAI PAINT,JP,0.0005922017920999966,13.727507536459195,7.174485903714488
2018,vw_50,JP3166000004,EBARA,JP,0.0005737355990827397,2.284973939420341,2.563341996941398
2018,vw_50,SG1V61937297,SINGAPORE AIRLINES,SG,0.0005679599544925327,1205.5477354731777,1376.54046475137
2018,vw_50,JP3786200000,HITACHI METALS DEAD - DELIST.29/12/22,JP,0.0005645177674414123,39.08981291231421,57.63650356313529
2018,vw_50,HK0165000859,CHINA EVERBRIGHT,HK,0.0005140402602036302,0.15098353240338888,0.018312302605240135
2018,vw_50,JP3131430005,AEON MALL DEAD - DELIST.27/06/25,JP,0.0005084297603552354,6.227762168634874,3.211005486665193
2018,vw_50,JP3868400007,MAZDA MOTOR,JP,0.0005004896661172142,4.430030211189242,15.452429076734282
2018,vw_50,JP3663900003,SOJITZ,JP,0.0004711417818114361,46.13040668499464,180.07427293496175
2018,vw_50,JP3792600003,HINO MOTORS,JP,0.00046864630093703237,10.480042964498946,21.33214904560464
2018,vw_50,AU000000MQG1,MACQUARIE GROUP,AU,0.00045707817524914904,0.04824296872700775,0.018255024096279392
2018,vw_50,AU000000COH5,COCHLEAR,AU,0.0004520124785464644,0.7190805251658429,0.09095372729124059
2018,vw_50,AU000000AMP6,AMP,AU,0.00041275308934460325,0.008380987030216482,0.00997048898710456
2018,vw_50,JP3866800000,PANASONIC HOLDINGS,JP,0.00040730213685588774,6.482055106825114,12.6139920981566
2018,vw_50,AU000000MTS0,METCASH,AU,0.0004056317159799135,2.117381916012828,9.979791134721735
2018,vw_50,JP3405400007,SUMITOMO HEAVY INDS.,JP,0.00040019724382760804,5.325883835193333,6.531438104795484
2018,vw_50,JP3676800000,NISSHIN SEIFUN,JP,0.0003944909509217841,12.332912551079684,9.57843520837967
2018,vw_50,JP3634200004,TOYODA GOSEI,JP,0.0003806044902342328,15.296101232379065,34.16074805827202
2018,vw_50,JP3582600007,TOKYO TATEMONO,JP,0.00036991539572987873,1.364395802126225,0.9654684130917516
2018,vw_50,JP3502200003,DAIWA SECURITIES GROUP,JP,0.00036054448495627785,0.1562839375346569,0.08142970323850336
2018,vw_50,HK0000608585,NEW WORLD DEVELOPMENT COMPANY,HK,0.00035463008419426076,42.00160655020956,19.490721478949137
2018,vw_50,JP3320800000,SAPPORO HOLDINGS,JP,0.00033778901188022794,23.90705251686902,49.7313133331668
2018,vw_50,NZTELE0001S4,SPARK NEW ZEALAND,NZ,0.0003371167394997103,1.3581102951550923,0.7500734446914594
2018,vw_50,NZCENE0001S6,CONTACT ENERGY,NZ,0.00032395654881083746,760.1844709971533,411.66757699256334
2018,vw_50,JP3266400005,KUBOTA,JP,0.0003142052021616286,19.91490913917238,12.689825330176404
2018,vw_50,JP3973400009,RICOH,JP,0.00030561955080934706,7.588835105834203,17.290305070288056
2018,vw_50,JP3762800005,NOMURA RESEARCH INST.,JP,0.0003007766541879166,0.48243502323889503,0.1717895749496442
2018,vw_50,SG1J26887955,SINGAPORE EXCHANGE,SG,0.0002857481345094195,0.07516026107280363,0.007012908275684211
2018,vw_50,JP3040890000,JAPAN PRIME REALTY INV.,JP,0.0002775653326406872,11.77534910189252,1.018598574971758
2018,vw_50,BMG2178K1009,CKI HOLDINGS,HK,0.00027597242485851976,11628.968070819103,381.40470494927916
2018,vw_50,AU0000224040,WOODSIDE ENERGY GROUP,AU,0.00027541796521458477,2420.666599088588,426.4136330118459
2018,vw_50,JP3766550002,HAKUHODO DY HDG.,JP,0.0002742974978188705,0.02197208890578075,0.04460060329976372
2018,vw_50,JP3675600005,NISSIN FOODS HOLDINGS,JP,0.00027214360386041233,47.589023774701076,25.23476322712657
2018,vw_50,AU000000MAH3,MACMAHON HOLDINGS,AU,0.0002667332785480109,1.5533842756014926,1.4778453067373125
2018,vw_50,AU000000BSL0,BLUESCOPE STEEL,AU,0.00026402539808427836,1016.4290427658486,1340.5538828185677
2018,vw_50,JP3143600009,ITOCHU,JP,0.00026211967562124087,31.555839532336876,46.83012580852036
2018,vw_50,SG1U68934629,KEPPEL,SG,0.000244688959321488,5.815718738493892,2.189869760245941
2018,vw_50,JP3326410002,SANKYO,JP,0.0002446057314873596,2.4648737074611247,0.46631582615969047
2018,vw_50,JP3657400002,NIKON,JP,0.0002446033545708212,6.267423685601022,5.141801586439205
2018,vw_50,AU000000WOW2,WOOLWORTHS GROUP,AU,0.0002317849390390249,14.89144296729175,23.126456294694986
2018,vw_50,JP3173400007,OBIC,JP,0.00023023194866541997,0.5109572876323372,0.03810114799875892
2018,vw_50,JP3665200006,NICHIREI,JP,0.00022435819197870403,8.6717602747056,11.782379451530238
2018,vw_50,JP3215800008,KANEKA,JP,0.00022019740390202808,213.77441807684013,350.2567520861107
2018,vw_50,JP3283650004,KOSE HOLDINGS,JP,0.00020272384168557484,3.1686475730162105,0.7975189005294666
2018,vw_50,JP3421100003,JAPAN PETROLEUM EXP.,JP,0.00018849070353820844,263.0739832596603,324.0717581611971
2018,vw_50,JP3243600008,CANON MARKETING JAPAN,JP,0.00015905819963692243,1.373114063453794,1.8931606442138715
2018,vw_50,HK0066009694,MTR,HK,0.00015420320491498513,7.118834452393606,1.4862132076816548
2018,vw_50,JP3268950007,MEDIPAL HOLDINGS,JP,0.00015312615503569856,1.3183440221948206,7.781444567234513
2018,vw_50,JP3351100007,SYSMEX,JP,0.00012378166282783006,1.3856178555349135,0.20930852075959966
2018,vw_50,AU0000088338,AMPOL,AU,0.00012127569949806591,43.54116168538793,99.81408777539428
2018,vw_50,JP3452000007,TAIYO YUDEN,JP,0.00012043533764316437,13.8088560248669,14.943812451200348
2018,vw_50,JP3269600007,KURARAY,JP,0.00011648767052750387,425.83353187821757,302.59062967597083
2018,vw_50,JP3778630008,BANDAI NAMCO HDG.,JP,0.00011518047056973875,0.3158322617085857,0.2610810711265301
2018,vw_50,JP3799000009,HIROSE ELECTRIC,JP,0.00011514274772096668,2.0716238172778048,0.3941246360008856
2018,vw_50,NZSKCE0001S2,SKY CITY ENTM.GP.,NZ,0.00011493436609543052,6.692948027239144,2.2994315844768543
2018,vw_50,JP3835620000,BENESSE HOLDINGS DEAD - DELIST.17/05/24,JP,0.00010625277208060146,0.030229213007630356,0.030743532329386203
2018,vw_50,HK0008011667,PCCW,HK,0.00010328643545538819,1.88410386320456,2.0412317375513456
2018,vw_50,JP3634600005,TOYOTA INDS.,JP,9.870691774804718e-05,11.15731939506823,8.838774330208256
2018,vw_50,JP3870400003,MARUI GROUP,JP,9.831791855283742e-05,6.538676739965232,3.1660311989760155
2018,vw_50,HK0019000162,SWIRE PACIFIC 'A',HK,9.80774676690817e-05,1817.6789762080734,2055.1008000563916
2018,vw_50,JP3027680002,JAPAN REAL ESTATE INV.,JP,8.933903783722715e-05,11.480274015642403,0.9809259373769883
2018,vw_50,JP3827200001,FURUKAWA ELECTRIC,JP,8.89304647172137e-05,27.895304001382108,60.945474286387395
2018,vw_50,JP3486800000,DAITO TST.CONSTRUCTION,JP,8.87216984009535e-05,2.736061261808081,2.897788176975994
2018,vw_50,HK0014000126,HYSAN DEVELOPMENT,HK,7.937198891204239e-05,0.066133629611994,0.0049582023541544775
2018,vw_50,IE00BKVD2N49,SEAGATE TECHNOLOGY HOLDINGS,SG,7.925906470631048e-05,24.688782232260493,17.79138191897059
2018,vw_50,JP3260800002,KINTETSU GROUP HDG.,JP,7.642088872677948e-05,5.365551297110267,7.9461324222463
2018,vw_50,JP3304200003,KOMATSU,JP,7.578250294235584e-05,5.384672774547643,3.142065716223334
2018,vw_50,JP3258000003,KIRIN HOLDINGS,JP,7.498877054862097e-05,22.34174959277788,16.26160939994965
2018,vw_50,JP3456000003,TAKASHIMAYA,JP,7.367346830697467e-05,1.8182977247592027,4.150103185260926
2018,vw_50,JP3942400007,ASTELLAS PHARMA,JP,7.32592113624997e-05,7.392336402418269,3.1339603237447076
2018,vw_50,AU000000BPT9,BEACH ENERGY,AU,7.114421710425511e-05,903.7461329094194,193.83849008207267
2018,vw_50,JP3270000007,KURITA WATER IND.,JP,7.11068891946347e-05,2.9356146320818644,1.6215383534359047
2018,vw_50,JP3420600003,SEKISUI HOUSE,JP,6.895684955463037e-05,3.936181714595643,6.201130860773337
2018,vw_50,AU000000DOW2,DOWNER EDI,AU,6.590277297017453e-05,43.31105581018396,103.01789809015222
2018,vw_50,JP3357200009,SHIMADZU,JP,5.9921585449050815e-05,1.1949919084110403,0.5174657631714442
2018,vw_50,JP3914400001,MURATA MANUFACTURING,JP,5.846053676195157e-05,21.268052106558194,7.582753977698244
2018,vw_50,AU000000ILU1,ILUKA RESOURCES,AU,5.827654856613137e-05,521.1248351037167,128.86225607183925
2018,vw_50,JP3738600000,NITERRA,JP,5.7822961441708504e-05,1.8670772231887165,1.2231572500273107
2018,vw_50,JP3156400008,USHIO,JP,5.277138861615103e-05,2.537050695653957,2.0111220021574123
2018,vw_50,SG1R50925390,SEMBCORP INDUSTRIES,SG,5.0112929982186946e-05,3740.861378666036,4892.195014083984
2018,vw_50,JP3571400005,TOKYO ELECTRON,JP,4.9323456652783535e-05,1.8124181346720492,0.5653798621005259
2018,vw_50,JP3546800008,TERUMO,JP,4.7501117390657624e-05,11.092188058647938,3.1137170537970875
2018,vw_50,JP3585800000,TOKYO ELECTRIC POWER CO. HDG.,JP,4.4152129650557834e-05,1637.0897627954282,12959.542439869934
2018,vw_50,AU000000SIG5,SIGMA HEALTHCARE,AU,4.3918513279026116e-05,1.369080073846625,6.245227446274681
2018,vw_50,JP3721400004,JAPAN STEEL WORKS,JP,4.119866975480972e-05,46.54930994369451,39.776669415753574
2018,vw_50,AU000000CSR5,CSR DEAD - DEAD.10/07/24,AU,4.087950314931711e-05,217.77568029037283,216.03373877858195
2018,vw_50,JP3619800000,TOYOBO,JP,4.070629395924795e-05,246.00328563733476,438.1036626183418
2018,vw_50,AU000000SGP0,STOCKLAND STAPLED UNITS,AU,3.556414331775502e-05,11.007602351067828,3.157505604066934
2018,vw_50,AU000000WOR2,WORLEY,AU,3.17566922014373e-05,2.732080087475984,3.2099631643571302
2018,vw_50,JP3388200002,AEON,JP,3.091174075565644e-05,2.8871546583171317,14.384507344014093
2018,vw_50,JP3419050004,SEGA SAMMY HDG.,JP,3.0455252510061884e-05,2.8117810787014683,2.419422026960226
2018,vw_50,AU000000TCL6,TRANSURBAN GROUP STAPLED UNITS,AU,2.8238785733914964e-05,1.7456654239895852,0.19902894400630203
2018,vw_50,HK0010000088,HANG LUNG GROUP,HK,2.5710457850061947e-05,1.957365084234476,0.5994018995950688
2018,vw_50,JP3362700001,MITSUI OSK LINES,JP,2.4741754109611733e-05,1180.0734760726061,4191.921812427182
2018,vw_50,AU000000CIM7,CIMIC GROUP DEAD - DELIST.11/05/22,AU,2.3467369709951998e-05,251.0067573931478,215.33223144731446
2018,vw_50,JP3223800008,KAWASAKI KISEN KAISHA,JP,2.2747697386223142e-05,1284.203964623968,5595.036549311339
2018,vw_50,JP3336000009,SANTEN PHARM.,JP,2.1564589626672237e-05,8.550703776175117,2.5021172219071817
2018,vw_50,AU000000APA1,APA GROUP,AU,1.9373055635844356e-05,656.3877946969252,164.3798975902629
2018,vw_50,JP3595200001,TOSOH,JP,1.8364795718350232e-05,1022.7949874151747,1022.8016401994895
2018,vw_50,SG1N31909426,COMFORTDELGRO CORPORATION,SG,1.7080649235644723e-05,317.7504383166647,272.5092713383198
2018,vw_50,SG1P66918738,SINGAPORE PRESS HDG. DEAD - DELIST.13/05/22,SG,1.69916712089684e-05,0.14208007415816937,0.0335504855950884
2018,vw_50,JP3600200004,TOHO GAS,JP,1.4929731357145096e-05,17.607000542154125,21.00876436556341
2018,vw_50,JP3888400003,MITSUI KINZOKU LIMITED,JP,1.4421543982470742e-05,170.27768735073096,234.65605083910083
2018,vw_50,BMG524401079,KERRY PROPERTIES,HK,1.3974701818383231e-05,1.1791036172232296,0.7697135872617357
2018,vw_50,JP3111200006,ASAHI KASEI,JP,1.374610439811811e-05,170.18659203051325,170.54744629956056
2018,vw_50,JP3224200000,KAWASAKI HEAVY INDUSTRY,JP,1.3159540662321343e-05,12.388991817634041,26.042051995324268
2018,vw_50,AU000000SUN6,SUNCORP GROUP,AU,1.2293685792857197e-05,0.6560012467513864,0.6083518561908562
2018,vw_50,JP3375800004,SHINKO ELEC.INDS. DEAD - DELIST.06/06/25,JP,1.2112430360946197e-05,28.813639956109053,33.99677693881616
2018,vw_50,JP3788600009,HITACHI,JP,1.1342824432729824e-05,25.1171710103773,54.78768093825454
2018,vw_50,JP3493800001,DAI NIPPON PRINTING,JP,1.0534203866841226e-05,21.043311751031183,37.2120561528544
2018,vw_50,JP3539220008,T & D HOLDINGS,JP,5.871991524802936e-06,0.11179134078329411,0.15785326234244904
2018,vw_50,JP3126340003,ALFRESA HOLDINGS,JP,5.62439185183028e-06,1.6496882174414234,6.490874249571183
2018,vw_50,JP3811000003,FUJIKURA,JP,4.93614863757312e-06,4.197057148705344,9.72821390270398
2018,vw_50,AU000000BLD2,BORAL DEAD - DELIST.08/07/24,AU,4.506934283886726e-06,504.38996945035314,270.0756449641595
2018,vw_50,JP3733000008,NEC,JP,4.3436952539852485e-06,2.175190292250022,7.137458529454125
2018,vw_50,JP3112000009,AGC,JP,4.251924699522013e-06,399.7456109440392,522.0682175704521
2018,vw_50,JP3621000003,TORAY INDS.,JP,3.951943205681759e-06,162.30404188637544,199.3453275877166
2018,vw_50,NZAIAE0002S6,AUCKLAND INTL.AIRPORT,NZ,3.847032760236001e-06,5.057198001482717,0.41313026814007314
2018,vw_50,SG1F60858221,SINGAPORE TECHS.ENGR.,SG,3.6620013303650803e-06,6.255908496380439,3.9588481516970093
2018,vw_50,BMG4600H1198,HOPSON DEVELOPMENT HOLDINGS,HK,3.2937098102238197e-06,1.192678717926957,0.906764168190128
2018,vw_50,HK0144000764,CHINA MERCHANTS PORT HOLDINGS,HK,2.9646268114186303e-06,20.188804373941,2.7683180826596385
2018,vw_50,JP3888300005,MITSUI CHEMICALS,JP,2.938233341328729e-06,347.5918623827863,651.0561400945778
2018,vw_50,JP3381000003,NIPPON STEEL,JP,2.3388581805934636e-06,1736.9336790854666,3561.2727326184013
2018,vw_50,AU000000IVC8,INVOCARE DEAD - DELIST.27/11/23,AU,2.254462319767339e-06,14.756597225975934,3.9602236873599233
2018,vw_50,JP3491000000,DAIDO STEEL,JP,2.2532224103256427e-06,90.98145477703522,158.1520764980478
2018,vw_50,HK0363006039,SHANGHAI INDUSTRIAL HOLDINGS,HK,1.4100663119918344e-06,1.6075295155567715,1.91756130725568
2019,vw_50,AU000000BWP3,BWP GROUP STAPLED UNITS,AU,0.24409033994198853,0.0,0.0
2019,vw_50,HK0363006039,SHANGHAI INDUSTRIAL HOLDINGS,HK,0.03731444504011632,4.512382023747477,7.6131481231580915
2019,vw_50,JP3826800009,FURUKAWA,JP,0.03429233559128542,3.1583955726117963,10.158672626958237
2019,vw_50,JP3820000002,FUJI ELECTRIC,JP,0.031434355366512276,32.74494486459284,61.341309047731066
2019,vw_50,JP3358000002,SHIMANO,JP,0.029804816673727797,3.2617512137680533,0.7976127716409813
2019,vw_50,AU000000BEN6,BENDIGO & ADELAIDE BANK,AU,0.02861009229544535,1.781290601374546,0.9826521379961449
2019,vw_50,AU000000GWA4,GWA GROUP,AU,0.026964010177939413,37.985969624882856,18.274408162520306
2019,vw_50,JP3436100006,SOFTBANK GROUP,JP,0.02297194266131055,0.13167382173739173,0.13472285089357966
2019,vw_50,JP3899600005,MITSUBISHI ESTATE,JP,0.021946344929537676,9.268058009386937,4.422011357924065
2019,vw_50,JP3493400000,DIC,JP,0.020154849886849468,36.7499711455554,89.77963689680452
2019,vw_50,KYG210961051,CHINA MENGNIU DAIRY,HK,0.019252213709399252,20.180457494815304,17.590385262942753
2019,vw_50,JP3435000009,SONY GROUP,JP,0.017528950040682154,2.4093095307981782,2.926713680852672
2019,vw_50,HK0011000095,HANG SENG BANK DEAD - DELIST.28/01/26,HK,0.0168525640039971,0.02959227471741797,0.0044453290109825105
2019,vw_50,JP3933800009,LY,JP,0.016794118031874743,0.41785303089129416,0.2655000532616322
2019,vw_50,HK0014000126,HYSAN DEVELOPMENT,HK,0.016672853883378122,0.08472234269380739,0.007597712003299578
2019,vw_50,JP3830000000,BROTHER INDUSTRIES,JP,0.015919663876672725,3.375295311021396,4.872376720215789
2019,vw_50,KYG217651051,CK HUTCHISON HOLDINGS,HK,0.015274501248551035,254.93206128791653,231.32213698251434
2019,vw_50,JP3389900006,JAFCO GROUP,JP,0.01525567182947368,0.03446806144951171,0.008311214777876082
2019,vw_50,JP3769000005,HACHIJUNI NAGANO BANK,JP,0.013981782405460193,1.9400861947550774,1.2761128352401685
2019,vw_50,JP3665200006,NICHIREI,JP,0.013204714507214986,8.128375402401842,11.405381748736787
2019,vw_50,JP3788600009,HITACHI,JP,0.013154465598471167,21.580602320611792,62.48627891535849
2019,vw_50,JP3528600004,CHIYODA CORPORATION,JP,0.011983654909007114,0.26821046274551597,1.3706801530182195
2019,vw_50,BMG684371393,PACIFIC BASIN SHIP.,HK,0.011908518882397464,897.5960528418004,1629.7768336417003
2019,vw_50,KYG2108Y1052,CHINA RESOURCES LAND,HK,0.010637887206464658,28.69305626660016,19.5691091029479
2019,vw_50,JP3293200006,COCA-COLA BOTTLERS JAPAN HOLDINGS,JP,0.009220068241195466,22.583581214991504,30.006218954181815
2019,vw_50,JP3560800009,TOKAI CARBON,JP,0.008868350209891924,1023.283966029242,692.6994471848681
2019,vw_50,BMG2442N1048,COSCO SHIPPING PORTS,HK,0.008357128123020988,104.56115279266405,31.615417667741873
2019,vw_50,JP3452000007,TAIYO YUDEN,JP,0.008307222345393087,14.070053323048015,14.198389473380084
2019,vw_50,AU000000MAH3,MACMAHON HOLDINGS,AU,0.007482150304578428,1.1149632272505428,2.1179667519181584
2019,vw_50,HK0006000050,POWER ASSETS HOLDINGS,HK,0.007269986714256542,48856.64616207542,678.0267855517131
2019,vw_50,JP3143000002,ITO EN,JP,0.00719874502493371,7.111777750480045,8.15690927292277
2019,vw_50,JP3111200006,ASAHI KASEI,JP,0.007106844300612043,162.19458453704155,207.0765479948739
2019,vw_50,JP3494600004,SCREEN HOLDINGS,JP,0.006997935639884592,3.4562760403340302,5.678657496346047
2019,vw_50,JP3814000000,FUJIFILM HOLDINGS,JP,0.006958499734323253,30.328064358679907,30.813885507156666
2019,vw_50,AU000000PPT9,PERPETUAL,AU,0.006952303420609002,0.3735630703277565,0.13162672476397969
2019,vw_50,AU000000NCM7,NEWCREST MINING DEAD - DELIST.08/11/23,AU,0.006872648669820123,395.33076051246,99.80152506977407
2019,vw_50,JP3951600000,UNI CHARM,JP,0.006421090738305524,4.977964173786027,1.6483984866264292
2019,vw_50,AU000000IGO4,IGO,AU,0.006372145085209921,131.3606356772808,40.04450412015029
2019,vw_50,AU000000COH5,COCHLEAR,AU,0.0061821371587811955,0.3958349261898517,0.05026373096983193
2019,vw_50,HK0688002218,CHINA OVERSEAS LAND INVESTMENT,HK,0.006155001381568715,2.008452753212935,1.065112530334552
2019,vw_50,JP3939000000,YAMADA HOLDINGS,JP,0.005906011556112188,0.6883388785913394,2.1113304548861462
2019,vw_50,MU0117U00026,GOLDEN AGRI-RESOURCES,SG,0.005436218953159668,533.2694291724541,1575.4074770439825
2019,vw_50,JP3862400003,MAKITA,JP,0.0054262726988982294,0.36770289248425575,0.16360455465526608
2019,vw_50,JP3678000005,NISSHINBO HOLDINGS,JP,0.005144121246076291,48.04966261765811,161.7225642114201
2019,vw_50,JP3670800006,NISSAN CHEMICAL,JP,0.005093428485040717,132.53063437010033,31.83555475434244
2019,vw_50,JP3201200007,OLYMPUS,JP,0.004832563620704129,3.7889730256524623,1.9543708276271454
2019,vw_50,JP3134800006,IHI,JP,0.004723949672100623,5.8114432394555395,16.718193820083894
2019,vw_50,JP3787000003,HITACHI CON.MCH.,JP,0.004610640610370661,11.813382070336017,20.59257955755907
2019,vw_50,JP3496400007,KDDI,JP,0.004478304317974303,0.5521383310505945,0.40814785412397964
2019,vw_50,JP3827200001,FURUKAWA ELECTRIC,JP,0.004269576059408702,21.49145927226646,96.33722920436206
2019,vw_50,JP3165700000,NTT DATA GROUP DEAD - DELIST.26/09/25,JP,0.003946494390231147,0.4587482635618913,0.5330129594835478
2019,vw_50,JP3621000003,TORAY INDS.,JP,0.003888249777525741,153.12129903854165,276.4465840055189
2019,vw_50,JP3942600002,YAMAHA,JP,0.003752736653775963,5.492006384707059,2.6252200113361774
2019,vw_50,JP3274400005,GLORY,JP,0.00343451256666505,1.4648908985998752,1.8708117277638083
2019,vw_50,HK0000055878,CHINA TAIPING INSURANCE HLDGS,HK,0.0031600757531736585,0.9493276540032185,2.6032924176444903
2019,vw_50,IE00BKVD2N49,SEAGATE TECHNOLOGY HOLDINGS,SG,0.0031518639773711913,24.84009167842031,22.098176300136064
2019,vw_50,AU000000SGM7,SIMS,AU,0.003113438087780605,7.561292973011441,24.537140307829578
2019,vw_50,JP3143600009,ITOCHU,JP,0.0030014431262652633,13.11791510475013,42.592987818790554
2019,vw_50,JP3242800005,CANON,JP,0.0029829592700033637,4.193072408048073,3.9516755444430474
2019,vw_50,JP3385820000,GS YUASA,JP,0.0027254655568385556,19.099117415534113,42.96679840970129
2019,vw_50,JP3592200004,TOSHIBA DEAD - DELIST.20/12/23,JP,0.002602761936035185,9.800564564404251,18.582707806595547
2019,vw_50,JP3368000000,RESONAC HOLDINGS,JP,0.002594714375344111,392.6820037541811,709.0744408723089
2019,vw_50,JP3802300008,FAST RETAILING,JP,0.0025125740789015316,0.6232983814773667,0.2495111752392375
2019,vw_50,AU000000FLT9,FLIGHT CENTRE TRAVEL GP.,AU,0.002411721308161521,23.919946091275783,17.029862268961534
2019,vw_50,SG1T75931496,SINGAPORE TELECOM,SG,0.0023271776457150215,0.5192582194938528,0.18207088940479899
2019,vw_50,JP3756100008,NITORI HOLDINGS,JP,0.002282184599872616,7.279791964129728,2.6246812642054262
2019,vw_50,AU000000QAN2,QANTAS AIRWAYS,AU,0.0022597802297182165,966.7178020524578,1971.2291250442115
2019,vw_50,SGXE34184239,SEATRIUM,SG,0.002144243428167212,14.417053478796234,21.208108217898204
2019,vw_50,JP3402600005,SUMITOMO METAL MINING,JP,0.0021220408610876803,212.121614085152,223.83427256904295
2019,vw_50,JP3854600008,HONDA MOTOR,JP,0.002042548455865038,9.58076595419,25.678011137558222
2019,vw_50,BMG8063F1068,SHANGRI-LA ASIA,HK,0.001984957391124177,60.36134183144007,32.13177556246958
2019,vw_50,JP3551520004,DENTSU GROUP,JP,0.001801782802202158,0.5249081706015987,0.3517457758844017
2019,vw_50,JP3893600001,MITSUI,JP,0.0017698892417667847,55.78871022292514,115.7825944886178
2019,vw_50,JP3194000000,OKI ELECTRIC IND.,JP,0.0017678439708246362,2.575807515656158,9.292590286987666
2019,vw_50,SG1U68934629,KEPPEL,SG,0.0017676614549782573,6.690021246316291,3.6332622182021965
2019,vw_50,JP3539220008,T & D HOLDINGS,JP,0.001724459865067962,0.10002386582657634,0.22638621038708803
2019,vw_50,AU000000CWY3,CLEANAWAY WASTE MANAGEMENT,AU,0.0016620681721604886,516.4125042095243,291.99433253619003
2019,vw_50,JP3626800001,LIXIL,JP,0.0016494672335739956,33.760867968140204,123.84791998726632
2019,vw_50,JP3711600001,NIPPON SANSO HOLDINGS,JP,0.0016174799464096258,2.210273065028286,2.0343041807857065
2019,vw_50,JP3359600008,SHARP,JP,0.0015734841047001001,12.232987918377995,42.79819440070415
2019,vw_50,JP3667600005,JGC HOLDINGS,JP,0.0015377896427310302,21.174785598399804,31.342621280707466
2019,vw_50,JP3738600000,NITERRA,JP,0.0015175003010906567,18.147885331253274,15.991568496838186
2019,vw_50,JP3538800008,TDK,JP,0.0014706178440359304,9.589826403674792,11.928275350715628
2019,vw_50,JP3205800000,KAO,JP,0.0014688601768628852,46.70902295023183,18.694225748451196
2019,vw_50,JP3756600007,NINTENDO,JP,0.0014009193285052675,0.04825995296369338,0.013262006174359822
2019,vw_50,JP3735400008,NTT,JP,0.001360389521806313,2.3113036877016753,2.9886174321033936
2019,vw_50,JP3475350009,DAIICHI SANKYO,JP,0.001288775515601957,11.919526032120087,3.8905943334507573
2019,vw_50,NZAIRE0001S2,AIR NEW ZEALAND,NZ,0.0012534640548527054,999.3836669449203,1887.422472234242
2019,vw_50,JP3197600004,ONO PHARM.,JP,0.0011524946946449802,3.65271802593276,0.8181213006923029
2019,vw_50,JP3246400000,KYUSHU ELEC.POWER,JP,0.0011245544002409923,950.1590704803757,3098.991239525904
2019,vw_50,JP3190000004,OBAYASHI,JP,0.0010554758276998973,6.93524772259183,18.68901537010402
2019,vw_50,JP3625000009,TOKUYAMA,JP,0.0010048463564713084,2281.350641544488,3934.943832800231
2019,vw_50,JP3481800005,DAIKIN INDUSTRIES,JP,0.0009908570365338122,30.88811799905697,22.16725029716966
2019,vw_50,SG1L01001701,DBS GROUP HOLDINGS,SG,0.0009432210281563164,0.11347078677357517,0.03383497455924861
2019,vw_50,JP3209000003,CASIO COMPUTER,JP,0.0008936960953290678,1.9103859284192752,1.4929433769767047
2019,vw_50,HK0293001514,CATHAY PACIFIC AIRWAYS,HK,0.000884798753895245,1302.138101731258,3043.2043315791475
2019,vw_50,JP3613000003,TOYO SUISAN KAISHA,JP,0.0008627602513548877,46.577996985706584,42.86776161044303
2019,vw_50,JP3720800006,NSK,JP,0.0008588134410478659,15.221917331267726,27.220951698146486
2019,vw_50,JP3502200003,DAIWA SECURITIES GROUP,JP,0.0008163430018343504,0.14031741463974395,0.1105688085859491
2019,vw_50,BMG677491539,ORIENT OVERSEAS (INTL.),HK,0.0007736970064407163,846.6638640870749,1342.9853299315785
2019,vw_50,JP3351600006,SHISEIDO,JP,0.0007734166345050332,2.700946590069915,1.1111773276423649
2019,vw_50,AU000000BHP4,BHP GROUP,AU,0.0006986775629416977,222.86707663618972,123.74901241338905
2019,vw_50,JP3200450009,ORIX,JP,0.0006662678274507889,40.27562197958913,45.62716514625565
2019,vw_50,JP3657400002,NIKON,JP,0.000664320967656948,5.807759062533557,5.599209385173622
2019,vw_50,SG1R50925390,SEMBCORP INDUSTRIES,SG,0.0006597120719147865,2985.1337422780152,7565.961033601714
2019,vw_50,JP3711200000,AOZORA BANK,JP,0.0006557775666583133,0.03687286309105934,0.015261053790726066
2019,vw_50,JP3942400007,ASTELLAS PHARMA,JP,0.0006269899758555277,6.875655849860394,2.6795972884471766
2019,vw_50,AU000000WOR2,WORLEY,AU,0.0006133765175271018,8.761989459096712,6.807122693093481
2019,vw_50,HK0308001558,CTII.INTL.INV.HK.,HK,0.0006129077784409572,52.72202934745419,19.491267833523814
2019,vw_50,JP3967200001,RAKUTEN GROUP,JP,0.0006098529297793717,0.2572817895929466,0.24631337982644935
2019,vw_50,JP3229400001,KANSAI PAINT,JP,0.0005769711673857068,12.145878880379135,10.08804302539776
2019,vw_50,AU000000MND5,MONADELPHOUS GROUP,AU,0.0005436280480936668,7.59532819094746,8.800084312185026
2019,vw_50,HK0291001490,CHINA RESOURCES BEER HOLDINGS,HK,0.0005374365270109986,40.561116241918974,16.520481584746257
2019,vw_50,JP3837800006,HOYA,JP,0.000535442098460504,4.368888066350719,0.9628018355144337
2019,vw_50,HK0000139300,TELEVISION BROADCASTS,HK,0.0005279175601520742,1.3425239492307854,0.9373944540982403
2019,vw_50,JP3358800005,SHIMIZU,JP,0.0005057658005868567,15.809665423092781,34.89495413322447
2019,vw_50,JP3973400009,RICOH,JP,0.0004628578602655836,7.620648725042376,18.180723308353524
2019,vw_50,AU000000APA1,APA GROUP,AU,0.0004480681319434607,702.1290685360834,154.77329326593352
2019,vw_50,JP3210200006,KAJIMA,JP,0.0004477964677345279,11.773937189663425,27.558801071163543
2019,vw_50,JP3830800003,BRIDGESTONE,JP,0.00044064563539049763,54.146494825009434,61.86625180557358
2019,vw_50,JP3982100004,LAWSON DEAD - DELIST.24/07/24,JP,0.0004286360072504945,0.6965474989987129,0.7172057663343613
2019,vw_50,AU000000CBA7,COMMONWEALTH BK.OF AUS.,AU,0.00041577074415816286,0.25666178558163366,0.08506555090655508
2019,vw_50,JP3866800000,PANASONIC HOLDINGS,JP,0.00041164376300376044,5.5002900128524335,17.377188837063425
2019,vw_50,HK0000745908,YUEXIU PROPERTY COMPANY,HK,0.00041084227569980627,0.6598691621220131,1.08826643286656
2019,vw_50,JP3198900007,ORIENTAL LAND,JP,0.0003903285873628857,13.18220011770429,1.6298688717916228
2019,vw_50,HK0823032773,LINK REAL ESTATE INVESTMENT TRUST,HK,0.00038162606924581094,1.2375536329905505,0.1192707445902198
2019,vw_50,JP3522200009,CHUGOKU ELEC.POWER,JP,0.00037997000184496573,1626.3050994119153,4107.228677279656
2019,vw_50,JP3955000009,YOKOGAWA ELECTRIC,JP,0.0003773779616578169,4.0266426167625795,3.0250465391775254
2019,vw_50,JP3499800005,MITSUBISHI HC CAPITAL,JP,0.0003625727607249877,0.5562154102752015,0.9683834464067298
2019,vw_50,JP3160400002,EISAI,JP,0.0003584818794028094,7.924093833879249,1.9464565984972901
2019,vw_50,JP3276400003,GUNMA BANK,JP,0.0003271029035235224,1.173362495766685,0.8421074545766823
2019,vw_50,JP3224200000,KAWASAKI HEAVY INDUSTRY,JP,0.0003112955759140966,11.23961506399816,39.91317652218261
2019,vw_50,AU000000CIM7,CIMIC GROUP DEAD - DELIST.11/05/22,AU,0.00030628610804416266,246.51350447584855,251.0730656936394
2019,vw_50,JP3350800003,SHIKOKU ELECTRIC POWER,JP,0.00030075811385610806,1398.6865780722367,3402.9169935210202
2019,vw_50,JP3891600003,MITSUI E&S,JP,0.0002944933436255257,20.928939020324357,139.89893974999725
2019,vw_50,AU000000BSL0,BLUESCOPE STEEL,AU,0.0002901719784399205,950.7158425450763,1773.6390572251532
2019,vw_50,JP3762600009,NOMURA HDG.,JP,0.000287191314245731,0.17519137438165877,0.21851098054587884
2019,vw_50,JP3404200002,SUMITOMO RUBBER INDS.,JP,0.0002850521051834722,49.4133268231683,113.04588711640649
2019,vw_50,NZAIAE0002S6,AUCKLAND INTL.AIRPORT,NZ,0.0002804926482944702,4.952786242794718,0.4040536122915986
2019,vw_50,JP3845400005,HOKURIKU ELEC.POWER,JP,0.0002746372611792711,2904.7866262255766,9485.959769883271
2019,vw_50,US89677Q1076,TRIP COM GROUP ADR 1:1,SG,0.0002722240326436016,0.009590179656032224,0.002418898147399078
2019,vw_50,JP3131430005,AEON MALL DEAD - DELIST.27/06/25,JP,0.00026877158272440183,5.432820124950238,4.023406419112959
2019,vw_50,AU0000038911,OVATO DEAD - DELIST.29/08/22,AU,0.00026782882259769375,49.31861402858112,364.963503649635
2019,vw_50,JP3940000007,YAMATO HDG.,JP,0.0002591545846475738,44.99600711408263,62.554939501033274
2019,vw_50,AU000000IAG3,INSURANCE AUS.GROUP,AU,0.0002506720926203572,1.368377015130415,0.6968591722410398
2019,vw_50,JP3415400005,SEINO HDG.,JP,0.00023801970490884593,74.4877913270524,145.59998052011298
2019,vw_50,SG9999003735,XP POWER (DI),SG,0.00023706652548345603,0.04624473484425159,0.023243651577662852
2019,vw_50,JP3371200001,SHIN-ETSU CHEMICAL,JP,0.00023697511053067966,116.87445189258742,47.587795414006806
2019,vw_50,HK0000049939,CHINA UNICOM (HONG KONG),HK,0.00023358373266748415,8.887337276272678,11.075948917723592
2019,vw_50,JP3505000004,DAIWA HOUSE INDUSTRY,JP,0.00023271428776473256,7.253522824395991,12.632299478112555
2019,vw_50,JP3900000005,MITSUBISHI HEAVY INDS.,JP,0.00022989453162863935,4.877975583730655,14.2906011746887
2019,vw_50,JP3357200009,SHIMADZU,JP,0.00022959788839118164,1.1177227516657562,0.5836067774255063
2019,vw_50,JP3386030005,JFE HOLDINGS,JP,0.00022048657075432614,1449.291346411613,4993.207137899397
2019,vw_50,JP3456000003,TAKASHIMAYA,JP,0.0002181989550340721,1.448138862134392,5.107740414318316
2019,vw_50,JP3126400005,ALPS ALPINE,JP,0.00021564590646131105,2.487276038468001,4.277052218371718
2019,vw_50,JP3582600007,TOKYO TATEMONO,JP,0.00021039786751118298,6.975059629576269,6.696841967747265
2019,vw_50,JP3164800009,NOK,JP,0.00020689799094797425,7.2709638484516175,16.662319974499407
2019,vw_50,HK0388045442,HONG KONG EXCHANGES AND CLEARING,HK,0.00019666738038657706,0.018129796155164683,0.0008499732773552953
2019,vw_50,JP3419400001,SEKISUI CHEMICAL,JP,0.0001925238788621469,19.393942173187714,26.612689664575235
2019,vw_50,JP3734800000,NIDEC,JP,0.00019249900011241808,5.196556178153607,2.049000873491879
2019,vw_50,JP3463000004,TAKEDA PHARMACEUTICAL,JP,0.00018517914184265012,11.979094282506248,3.098230118294962
2019,vw_50,BMG8403G1033,SINOFERT HOLDINGS,HK,0.00018513630041003802,456.8405979070141,1903.7596694373708
2019,vw_50,JP3870000001,MABUCHI MOTOR,JP,0.00017430453058285748,2.2247034556652747,1.204619847467236
2019,vw_50,JP3116000005,ASAHI GROUP HOLDINGS,JP,0.00017361860447473863,25.379782393126746,24.408454652117506
2019,vw_50,JP3902400005,MITSUBISHI ELECTRIC,JP,0.000172771117539805,6.7243807202135875,10.317577254715374
2019,vw_50,JP3409000001,SUMITOMO REAL.&DEV.,JP,0.00017147209748613113,2.062925104782112,1.0481735371091445
2019,vw_50,JP3551500006,DENSO,JP,0.00016981910651589068,13.700055331986437,19.00550793698168
2019,vw_50,AU000000NAB4,NATIONAL AUS.BANK,AU,0.00016920077400969284,0.793398894759982,0.4005451818635277
2019,vw_50,JP3511800009,CHIBA BANK,JP,0.0001633649410173842,1.208803974543736,0.5107995363178274
2019,vw_50,JP3742600004,NHK SPRING,JP,0.0001620009053693326,15.185092035893762,42.17759403187044
2019,vw_50,JP3718800000,NISSUI,JP,0.00015492732171071622,32.374917617293754,110.39603699784689
2019,vw_50,BMG4600H1198,HOPSON DEVELOPMENT HOLDINGS,HK,0.0001503306394556971,0.8441005341444568,0.6983240223463687
2019,vw_50,JP3519400000,CHUGAI PHARM.,JP,0.00015025921347721304,9.071843742967005,1.4026356915642353
2019,vw_50,JP3733000008,NEC,JP,0.00014975995115211008,1.955934893246578,5.941566974028497
2019,vw_50,JP3495000006,SUMITOMO PHARMA,JP,0.00014938239363308317,19.642255727619755,8.784018739239977
2019,vw_50,JP3726800000,JAPAN TOBACCO,JP,0.00014416525747634387,18.183139625277402,7.316711456729344
2019,vw_50,JP3893200000,MITSUI FUDOSAN,JP,0.00014019946729181676,5.14090171878251,3.7325905058834437
2019,vw_50,JP3902900004,MITSUBISHI UFJ FINL.GP.,JP,0.00013891565744367516,0.189527781568626,0.1510508704909846
2019,vw_50,JP3300600008,KONICA MINOLTA,JP,0.00013322534231308378,17.547747831522607,34.699081215484284
2019,vw_50,KYG5427W1309,LEE & MAN PAPER MNFG.,HK,0.00013095804761369023,1331.559573527771,1400.7938867516384
2019,vw_50,JP3935600001,YAMAZAKI BAKING,JP,0.00012531107433816268,40.77915229330596,92.03468892275144
2019,vw_50,JP3320800000,SAPPORO HOLDINGS,JP,0.00011882570244010451,25.036111059296164,66.99586090858104
2019,vw_50,JP3397200001,SUZUKI MOTOR,JP,0.00011366481012188635,17.51732640167077,24.079736552146805
2019,vw_50,JP3766550002,HAKUHODO DY HDG.,JP,0.00011076910437588986,0.03324894725043054,0.07263861869734743
2019,vw_50,HK0002007356,CLP HOLDINGS,HK,0.00010939099713356644,3282.525779349896,1313.2696723470287
2019,vw_50,BMG524401079,KERRY PROPERTIES,HK,0.00010574743130351908,4.093104583215416,1.8210456189844821
2019,vw_50,JP3491000000,DAIDO STEEL,JP,0.00010482421632922485,81.3350692958871,231.41905761072846
2019,vw_50,JP3814800003,SUBARU,JP,0.00010441237246481919,9.138230418186033,14.867607397202491
2019,vw_50,BMG2108M2182,CHINESE ESTATES HDG.,HK,0.00010362287569916835,0.027904380987815086,0.0013742052512963337
2019,vw_50,JP3526600006,CHUBU ELEC.POWER,JP,0.00010343600331980053,1943.6428621888128,4613.984694294057
2019,vw_50,JP3633400001,TOYOTA MOTOR,JP,9.788978463572244e-05,9.096974655890467,12.591973664441127
2019,vw_50,AU000000BPT9,BEACH ENERGY,AU,9.774649466131958e-05,411.3589034061733,193.80050466868937
2019,vw_50,JP3165600002,NTN,JP,9.729492957787218e-05,15.39452453591907,62.324777419965905
2019,vw_50,JP3351100007,SYSMEX,JP,9.622403019657268e-05,1.6902890291613817,0.3749436151242153
2019,vw_50,AU000000ABC7,ADBRI DEAD - DELIST.02/07/24,AU,9.529316807651363e-05,1820.1285284555315,1012.6463337324786
2019,vw_50,AU000000CSR5,CSR DEAD - DEAD.10/07/24,AU,9.337137035888929e-05,157.75809305425724,290.2207515953675
2019,vw_50,AU000000BLD2,BORAL DEAD - DELIST.08/07/24,AU,9.314389920520034e-05,379.37750233490925,374.01143923027877
2019,vw_50,JP3336000009,SANTEN PHARM.,JP,9.21136819871569e-05,8.108315430527345,2.9876319970506398
2019,vw_50,HK0066009694,MTR,HK,8.64749952014508e-05,7.663864352860192,1.552948765840316
2019,vw_50,AU000000SUN6,SUNCORP GROUP,AU,8.217744308320218e-05,0.26032946742331714,0.22169467325734146
2019,vw_50,JP3443600006,TAISEI,JP,7.954434492518105e-05,19.41382949612841,26.861710428869905
2019,vw_50,NZFBUE0001S0,FLETCHER BUILDING,NZ,7.796257729230788e-05,145.4648380852743,277.55369912085206
2019,vw_50,JP3672400003,NISSAN MOTOR,JP,7.723128280548872e-05,6.607193420073783,20.30429557677222
2019,vw_50,JP3675600005,NISSIN FOODS HOLDINGS,JP,7.576397184806829e-05,50.19730506130743,35.33721694814673
2019,vw_50,JP3868400007,MAZDA MOTOR,JP,7.491806146391706e-05,4.160910611897042,19.45929116288724
2019,vw_50,JP3585800000,TOKYO ELECTRIC POWER CO. HDG.,JP,7.373922333976978e-05,1440.1234661804465,8377.133189888802
2019,vw_50,JP3635400009,TOYOTA BOSHOKU,JP,7.109650903793905e-05,4.495565884686224,19.80936466255158
2019,vw_50,JP3122400009,ADVANTEST,JP,7.036473290438637e-05,1.7870739566046512,1.0346634359227187
2019,vw_50,AU000000WBC1,WESTPAC BANKING,AU,7.003327651072054e-05,0.3332840125782682,0.15056565369802088
2019,vw_50,AU000000ANZ3,ANZ GROUP HOLDINGS,AU,6.357662782273101e-05,0.6179023134811727,0.31298913581559584
2019,vw_50,JP3407400005,SUMITOMO ELECTRIC IND.,JP,5.79445140839404e-05,6.667954873649324,17.360029969033796
2019,vw_50,AU000000IVC8,INVOCARE DEAD - DELIST.27/11/23,AU,5.477146449020045e-05,15.647344393464799,5.55646014817227
2019,vw_50,BMG2178K1009,CKI HOLDINGS,HK,5.335179666658545e-05,9315.28439400259,397.21381573712733
2019,vw_50,JP3613400005,TOYO SEIKAN GROUP HDG.,JP,5.2560956787891304e-05,62.07885064810182,99.0114293148806
2019,vw_50,KYG0535Q1331,ASMPT,HK,5.2515924037913285e-05,0.9632739755882292,0.5536051226927353
2019,vw_50,AU000000SHL7,SONIC HEALTHCARE,AU,5.2138188488134566e-05,2.002713430717841,1.0890569644582506
2019,vw_50,JP3850200001,HOKKAIDO ELEC.POWER,JP,5.124278322657398e-05,2219.217481547236,9771.839218252862
2019,vw_50,AU000000ILU1,ILUKA RESOURCES,AU,4.733995496736864e-05,328.4293326152767,122.85152896739855
2019,vw_50,JP3260800002,KINTETSU GROUP HDG.,JP,4.499425204561165e-05,5.170386309605955,6.9833318856106015
2019,vw_50,JP3381000003,NIPPON STEEL,JP,4.450497784307464e-05,1476.9929167278851,4726.735340710582
2019,vw_50,JP3486800000,DAITO TST.CONSTRUCTION,JP,4.41832716563605e-05,2.672341783908056,3.697715019502412
2019,vw_50,JP3215800008,KANEKA,JP,4.163779532563426e-05,200.93147227712186,418.7573789846517
2019,vw_50,HK0003000038,HONG KONG AND CHINA GAS,HK,4.162841378773669e-05,162.06723078915897,24.067919848756834
2019,vw_50,AU000000AMP6,AMP,AU,3.994232167737524e-05,0.012535242835231252,0.015705655082873506
2019,vw_50,AU000000ASX7,ASX,AU,3.982790066905523e-05,0.04729993535462151,0.003267392287141441
2019,vw_50,JP3819400007,FUJI MEDIA HOLDINGS,JP,3.8162113364873415e-05,0.0,0.0
2019,vw_50,JP3743000006,NH FOODS,JP,3.7430058259315665e-05,30.745911721419425,81.86713528544107
2019,vw_50,JP3294460005,INPEX,JP,3.722729942753466e-05,1041.0356893555124,642.8493409112446
2019,vw_50,AU000000MQG1,MACQUARIE GROUP,AU,3.5865712773270686e-05,0.052614603668708126,0.019786273472727454
2019,vw_50,AU000000CGF5,CHALLENGER,AU,3.529813778010932e-05,0.0028178817137793004,0.0012507230742773165
2019,vw_50,JP3283650004,KOSE HOLDINGS,JP,3.0617950905840724e-05,2.6011436261017487,0.8536616088318055
2019,vw_50,JP3414750004,SEIKO EPSON,JP,3.0488323652396093e-05,12.728170062868113,21.513853637011298
2019,vw_50,JP3040890000,JAPAN PRIME REALTY INV.,JP,2.9847524835918703e-05,4.717716781035558,0.3524530040594324
2019,vw_50,JP3811000003,FUJIKURA,JP,2.9492253046420516e-05,4.2079277779679325,21.861034636052377
2019,vw_50,AU000000LLC3,LENDLEASE GROUP STAPLED UNITS,AU,2.6057472176775738e-05,10.42068597250213,23.78903041916939
2019,vw_50,JP3551200003,ELEC.POWER DEV.,JP,2.5838332592469596e-05,6698.631675135595,11790.809763725189
2019,vw_50,JP3027680002,JAPAN REAL ESTATE INV.,JP,2.5611260538463226e-05,5.396276434689579,0.39827233236372395
2019,vw_50,JP3888300005,MITSUI CHEMICALS,JP,2.4580217138416295e-05,278.6926013971052,753.765838056002
2019,vw_50,JP3835620000,BENESSE HOLDINGS DEAD - DELIST.17/05/24,JP,2.3719528785839545e-05,0.02255756678370411,0.0329693126083542
2019,vw_50,AU0000224040,WOODSIDE ENERGY GROUP,AU,2.2572725502121785e-05,1729.7994548000859,384.03625580290077
2019,vw_50,JP3256000005,KYOWA KIRIN,JP,2.2550546248857683e-05,5.4426973356538335,1.5698998738180687
2019,vw_50,JP3598600009,TOHO,JP,2.195157472343842e-05,3.266095754698117,1.0411255379899493
2019,vw_50,JP3574200006,TOKYU,JP,2.1731947194670736e-05,11.726074124667958,11.638442269520382
2019,vw_50,JP3243600008,CANON MARKETING JAPAN,JP,2.1698704637656883e-05,1.2801078281892941,2.565404593396596
2019,vw_50,JP3268950007,MEDIPAL HOLDINGS,JP,2.149086705443833e-05,1.2398690339455558,6.246930467858765
2019,vw_50,JP3228600007,KANSAI ELECTRIC PWR.,JP,2.1318784529490764e-05,961.7008032921666,2090.750706231177
2019,vw_50,JP3347200002,SHIONOGI,JP,2.0708561263174746e-05,13.715318763752878,2.175608710845702
2019,vw_50,HK0000608585,NEW WORLD DEVELOPMENT COMPANY,HK,1.9364779596527768e-05,3.091103162195665,1.9996596060713898
2019,vw_50,JP3166000004,EBARA,JP,1.5470249396049933e-05,2.264724684403537,3.8099608993863883
2019,vw_50,BMG668971101,CTF SERVICES,HK,1.4818516502569883e-05,100.31185684238037,44.77787736394056
2019,vw_50,JP3914400001,MURATA MANUFACTURING,JP,1.4374828584007128e-05,21.949512041945518,9.057342558275435
2019,vw_50,JP3894900004,ISETAN MITSUKOSHI HDG.,JP,1.3754614459803203e-05,2.1810892702180062,6.1017768523251155
2019,vw_50,JP3027670003,NIPPON BUILDING FUND,JP,1.3559431170275488e-05,20.454189876519155,1.5226329309749993
2019,vw_50,AU000000ELD6,ELDERS,AU,1.294102073290908e-05,13.093096786426225,29.09028805647273
2019,vw_50,JP3619800000,TOYOBO,JP,1.2875175240574526e-05,228.4924621658056,541.9039247907671
2019,vw_50,JP3733400000,NIPPON ELEC.GLASS,JP,1.2203333450848254e-05,363.8236223867704,374.1951433291007
2019,vw_50,JP3982800009,ROHM,JP,1.212736015027392e-05,40.99112191441467,19.50040424951207
2019,vw_50,AU000000SIG5,SIGMA HEALTHCARE,AU,1.1628707625684949e-05,1.5485696355924867,11.23843643412755
2019,vw_50,JP3596200000,TOTO,JP,1.154520402872019e-05,33.23408904062283,26.560070272901015
2019,vw_50,JP3421800008,SECOM,JP,1.1454066335735115e-05,6.9021675471869,3.282865708116952
2019,vw_50,SG2B80958517,OUE,SG,1.1386627799196906e-05,1.6516831758002275,0.7116880767143116
2019,vw_50,AU000000QBE9,QBE INSURANCE GROUP,AU,1.1255970262174925e-05,0.4841776964424457,0.6390636362139933
2019,vw_50,JP3419050004,SEGA SAMMY HDG.,JP,1.1071184489448218e-05,2.5141721217810633,1.9305236736532727
2019,vw_50,HK0019000162,SWIRE PACIFIC 'A',HK,1.0859203963102317e-05,1731.3907033185792,1778.3112330437432
2019,vw_50,JP3388200002,AEON,JP,1.0328431990859978e-05,2.692410353162234,11.788364580740465
2019,vw_50,HK0200030994,MELCO INTL.DEV.,HK,1.008852406833862e-05,5.852518987834452,8.570614311069225
2019,vw_50,AU000000WOW2,WOOLWORTHS GROUP,AU,1.0042616418485613e-05,13.745047189859724,20.421546482802135
2019,vw_50,JP3684000007,NITTO DENKO,JP,9.649512955300737e-06,48.302382987054564,38.364584274574
2019,vw_50,AU000000ERA9,ENERGY RES.OF AUS.,AU,9.626670083544854e-06,727.5213762605284,1143.35643266044
2019,vw_50,JP3358200008,SHIMAMURA,JP,9.54512836728498e-06,0.13007369581200548,0.2053988764398367
2019,vw_50,JP3676800000,NISSHIN SEIFUN,JP,9.37452612612132e-06,16.781941242372895,14.064151931638524
2019,vw_50,JP3890350006,SUMITOMO MITSUI FINL.GP.,JP,9.358615578971627e-06,0.2759444399432538,0.29461558939272875
2019,vw_50,JP3405400007,SUMITOMO HEAVY INDS.,JP,9.338871477148987e-06,4.669187785154898,9.061216243518082
2019,vw_50,AU000000ALL7,ARISTOCRAT LEISURE,AU,9.007673450491557e-06,5.977592567290613,1.3613548486332527
2019,vw_50,HK2388011192,BOC HONG KONG HOLDINGS,HK,8.653139847940652e-06,0.02525069430391231,0.008601425428221964
2019,vw_50,HK0023000190,BANK OF EAST ASIA,HK,8.403287358696082e-06,1.5339303303879213,0.6328294572832137
2019,vw_50,JP3877600001,MARUBENI,JP,8.278547364409997e-06,10.608354941517907,54.98914908879587
2019,vw_50,JP3420600003,SEKISUI HOUSE,JP,7.828497591509589e-06,3.695930997677082,7.131476088551441
2019,vw_50,SG1R89002252,CITY DEVELOPMENTS,SG,7.736877832555729e-06,0.12850162944541318,0.06593687774121908
2019,vw_50,JP3535800001,TSUMURA,JP,7.4879062934230275e-06,29.47330294778994,14.254148067791789
2019,vw_50,NZCENE0001S6,CONTACT ENERGY,NZ,7.46992780993405e-06,612.1774194049136,329.50048794834436
2019,vw_50,JP3156400008,USHIO,JP,7.012036774093122e-06,2.629442246108682,2.565898546440643
2019,vw_50,JP3635000007,TOYOTA TSUSHO,JP,6.628328807849006e-06,6.594553335084728,36.54907018197058
2019,vw_50,JP3352400000,CITIZEN WATCH,JP,6.278353101336484e-06,7.46757779318406,13.049564955432297
2019,vw_50,HK0392044647,BEIJING ENTERPRISES HOLDINGS,HK,6.179255489259687e-06,80.22996091066331,96.37303075403725
2019,vw_50,SG1P66918738,SINGAPORE PRESS HDG. DEAD - DELIST.13/05/22,SG,6.123671849027094e-06,0.34085279437192695,0.08398618138294979
2019,vw_50,JP3137200006,ISUZU MOTORS,JP,5.902117064523524e-06,6.4808731592722975,10.471488311218463
2019,vw_50,JP3579800008,TOKYO STEEL MNFG.,JP,5.71714101393923e-06,179.9284537052898,250.74900146014724
2019,vw_50,NZTELE0001S4,SPARK NEW ZEALAND,NZ,5.555447950895337e-06,1.440182236545406,0.685144692771332
2019,vw_50,JP3326410002,SANKYO,JP,5.501039617464e-06,1.3740123569358378,0.3465502628054372
2019,vw_50,AU000000WES1,WESFARMERS,AU,5.487490649055628e-06,126.45793938988268,94.65726730641173
2019,vw_50,JP3118000003,ASICS,JP,5.455785586794853e-06,1.0884834043053933,1.344659973651933
2019,vw_50,AU000000TAH8,TABCORP HOLDINGS,AU,5.3931040288122875e-06,1.3811555235635349,0.7655995118001196
2019,vw_50,SG1N31909426,COMFORTDELGRO CORPORATION,SG,5.380937031301427e-06,371.15686874745717,272.89295513108067
2019,vw_50,JP3126340003,ALFRESA HOLDINGS,JP,5.209963681837011e-06,1.4991551947209647,5.566017640103605
2019,vw_50,JP3686800008,NIPPON SHEET GLASS,JP,4.717670189326138e-06,553.6328969630837,4219.35764597101
2019,vw_50,AU000000ORG5,ORIGIN ENERGY (EX BORAL),AU,4.565424476486481e-06,1651.0239131195506,2005.350278111829
2019,vw_50,JP3870400003,MARUI GROUP,JP,4.407705777676262e-06,6.61175035248957,3.3630635062313163
2019,vw_50,AU000000CQR9,CHARTER HALL RETAIL REIT,AU,4.3087644749390375e-06,53.157139846782364,5.935979474567136
2019,vw_50,JP3721400004,JAPAN STEEL WORKS,JP,4.295880369206436e-06,44.01953002381271,65.46635841244118
2019,vw_50,HK0004000045,WHARF HOLDINGS,HK,4.1808470823449975e-06,7.769015098633249,2.2795044707637095
2019,vw_50,JP3605400005,TOHOKU ELECTRIC PWR.,JP,4.081110977396593e-06,1604.9798449247344,4804.802995546143
2019,vw_50,HK0083000502,SINO LAND,HK,3.929809403988824e-06,0.4154233904143401,0.05052505530738229
2019,vw_50,JP3197800000,OMRON,JP,3.840880435269265e-06,5.5051557606356365,4.8440650090192054
2019,vw_50,JP3172100004,OKUMA,JP,3.524392082169878e-06,3.658244634350379,3.747217140212048
2019,vw_50,JP3148800000,IBIDEN,JP,3.4019838432128854e-06,52.340206983710196,70.36678687659425
2019,vw_50,SG1F60858221,SINGAPORE TECHS.ENGR.,SG,3.321393466819312e-06,6.509098127173268,3.7332624437265585
2019,vw_50,JP3174410005,OJI HOLDINGS,JP,3.300487688560427e-06,450.2880005149368,1106.626606114311
2019,vw_50,JP3544000007,TEIJIN,JP,3.254620784465336e-06,88.4985781187017,209.701646393544
2019,vw_50,JP3663900003,SOJITZ,JP,3.191120224545767e-06,38.48746618231011,140.86860830359623
2019,vw_50,JP3634600005,TOYOTA INDS.,JP,3.141643002906117e-06,9.735421081903944,11.804831700021767
2019,vw_50,JP3421100003,JAPAN PETROLEUM EXP.,JP,3.1290554676282026e-06,279.21291234083674,661.2379991297344
2019,vw_50,JP3112000009,AGC,JP,2.9602411309825353e-06,445.28435607608816,820.2316757597727
2019,vw_50,AU000000GPT8,GPT GROUP STAPLED UNITS,AU,2.6792064403164263e-06,18.554156420346036,1.3383470166207037
2019,vw_50,JP3401400001,SUMITOMO CHEMICAL,JP,2.4690904189355415e-06,288.5722075226706,718.1245641226625
2019,vw_50,JP3762800005,NOMURA RESEARCH INST.,JP,2.2190053367364284e-06,0.22009221863960998,0.09949862642146226
2019,vw_50,JP3289800009,KOBE STEEL,JP,2.19771135526314e-06,919.7778714006961,5812.243277821684
2019,vw_50,JP3659000008,WEST JAPAN RAILWAY,JP,1.852741325168796e-06,7.204324957993382,7.113640405477503
2019,vw_50,SG1T58930911,FRASER AND NEAVE,SG,1.7002129385533797e-06,38.83476872854531,28.95751979614763
2019,vw_50,SG9999000020,FLEX,SG,1.6554942465745553e-06,3.111893664986783,16.818326491638988
2019,vw_50,JP3783600004,EAST JAPAN RAILWAY,JP,1.54624675492122e-06,43.803869633843455,33.96706440212023
2019,vw_50,AU000000ORI1,ORICA,AU,1.5314494426272426e-06,536.4010413154441,437.5287572677459
2019,vw_50,JP3818000006,FUJITSU,JP,1.5243104247818543e-06,4.035808548710068,10.675032406348375
2019,vw_50,SG1M51904654,CAPITALAND INTEG. COML. TST.,SG,1.443113531958488e-06,0.03303169886982042,0.0031025260767316752
2019,vw_50,JP3942800008,YAMAHA MOTOR,JP,1.2922545213782756e-06,10.187912921575094,21.015591077405208
2019,vw_50,AU000000MTS0,METCASH,AU,1.2661724606500905e-06,1.356244793920822,7.682877999199187
2019,vw_50,SGXE21576413,GENTING SINGAPORE,SG,1.249195629434876e-06,2.5897812081393123,0.49431366799613236
2019,vw_50,JP3485800001,DAICEL,JP,1.2224375680721755e-06,400.4207185429853,471.4073518909246
2019,vw_50,JP3910660004,TOKIO MARINE HOLDINGS,JP,1.2127952486547857e-06,0.3073144525766516,0.43071975863391204
2019,vw_50,JP3786200000,HITACHI METALS DEAD - DELIST.29/12/22,JP,1.1033025936227974e-06,36.715822715633834,82.00140302978595
2019,vw_50,JP3404600003,SUMITOMO,JP,1.0439769561601525e-06,19.827363685212436,49.45271950314901
2019,vw_50,JP3305990008,YOKOHAMA FINANCIAL GROUP,JP,1.019049866092475e-06,0.3350557108811965,0.18745756277773756
2020,vw_50,AU000000BWP3,BWP GROUP STAPLED UNITS,AU,0.21409249335497924,0.0,0.0
2020,vw_50,JP3352000008,77 BANK,JP,0.04098098639883584,1.5603774627386051,1.4069868320463155
2020,vw_50,HK0363006039,SHANGHAI INDUSTRIAL HOLDINGS,HK,0.03699348022049466,2.739877355126193,5.99366433588476
2020,vw_50,HK0011000095,HANG SENG BANK DEAD - DELIST.28/01/26,HK,0.035011942565033025,0.019330171827464975,0.0037352558580478717
2020,vw_50,JP3814000000,FUJIFILM HOLDINGS,JP,0.032551247424997216,29.15738608870248,24.378417744407116
2020,vw_50,JP3205800000,KAO,JP,0.029670742142312533,44.577001523650594,15.967405755368459
2020,vw_50,JP3788600009,HITACHI,JP,0.025623703208000576,18.395212041308625,41.93967430142345
2020,vw_50,JP3830000000,BROTHER INDUSTRIES,JP,0.024549274856588203,2.9171113381138314,3.366730074518769
2020,vw_50,JP3108600002,ACOM,JP,0.020636102224764395,0.0,0.0
2020,vw_50,JP3826800009,FURUKAWA,JP,0.020512209932761545,3.1515636328578194,9.82155545179561
2020,vw_50,JP3906000009,MINEBEA MITSUMI,JP,0.02018452936722995,7.782128243906513,7.885406592011884
2020,vw_50,JP3419050004,SEGA SAMMY HDG.,JP,0.019248568953037937,1.7357108549471663,1.5963335680070678
2020,vw_50,JP3435000009,SONY GROUP,JP,0.018946507982933937,2.3658220560279766,2.084083224537907
2020,vw_50,JP3475350009,DAIICHI SANKYO,JP,0.01596054787152542,10.381105049369761,1.9005746196179993
2020,vw_50,HK0014000126,HYSAN DEVELOPMENT,HK,0.015676756595575443,0.044799114925312085,0.0058817361862311115
2020,vw_50,JP3242800005,CANON,JP,0.014967433879173379,3.706483893249972,3.4769021021927804
2020,vw_50,JP3820000002,FUJI ELECTRIC,JP,0.014089946033948465,26.672760092165866,48.37595024187976
2020,vw_50,JP3548610009,DENA,JP,0.013796337609407714,0.011715226279595592,0.0053003029326983845
2020,vw_50,KYG217651051,CK HUTCHISON HOLDINGS,HK,0.013651605810754242,231.3105233942915,262.03516400471557
2020,vw_50,JP3899600005,MITSUBISHI ESTATE,JP,0.012160694430543743,10.579180902107336,4.31455953768436
2020,vw_50,JP3385820000,GS YUASA,JP,0.010098529884337593,17.963002419730234,40.175438596491226
2020,vw_50,JP3027670003,NIPPON BUILDING FUND,JP,0.0095577341920908,18.059733457258957,1.1404447752301972
2020,vw_50,JP3528600004,CHIYODA CORPORATION,JP,0.009055826778347065,0.37244682766564635,1.3097893432465924
2020,vw_50,SGXE34184239,SEATRIUM,SG,0.008678672761661408,24.041816478031727,28.821256423535036
2020,vw_50,SG9999000020,FLEX,SG,0.008544475206930184,4.134571739165733,15.690061356839916
2020,vw_50,AU000000IGO4,IGO,AU,0.00816949979595921,104.71200737018536,27.692736845775652
2020,vw_50,JP3496400007,KDDI,JP,0.008072391863654906,0.5250396934931375,0.35201570916780717
2020,vw_50,JP3407200009,OSAKA TITANIUM,JP,0.007936782757259855,172.37200032319748,146.3325406987379
2020,vw_50,AU000000MND5,MONADELPHOUS GROUP,AU,0.007834125233327539,9.277787149279948,8.503527320532523
2020,vw_50,AU000000BEN6,BENDIGO & ADELAIDE BANK,AU,0.0077229574298497425,1.3109072977887217,0.7384452500691456
2020,vw_50,JP3494600004,SCREEN HOLDINGS,JP,0.007254923361096799,4.052813996558519,4.523109296504968
2020,vw_50,JP3819400007,FUJI MEDIA HOLDINGS,JP,0.007220197656854661,0.0,0.0
2020,vw_50,HK2388011192,BOC HONG KONG HOLDINGS,HK,0.006770323041243442,0.0384334923995172,0.01787713434936468
2020,vw_50,JP3560800009,TOKAI CARBON,JP,0.006610626056232405,757.1552205541296,877.5937101776826
2020,vw_50,JP3493400000,DIC,JP,0.006181031444180036,35.79462644952791,100.17615460436467
2020,vw_50,JP3933800009,LY,JP,0.006016641129923858,0.4538503419049102,0.22345733097417403
2020,vw_50,HK0023000190,BANK OF EAST ASIA,HK,0.0058116642400571255,0.7768498163907586,0.5542052493773548
2020,vw_50,JP3040890000,JAPAN PRIME REALTY INV.,JP,0.005647956791902848,4.377841957535272,0.3067237256613656
2020,vw_50,JP3359600008,SHARP,JP,0.005426115218710919,11.490639118923326,34.27979111092369
2020,vw_50,JP3762600009,NOMURA HDG.,JP,0.005389848878057189,0.14699549360083797,0.15768769542851377
2020,vw_50,JP3733000008,NEC,JP,0.0051744196964387,0.9253716586208567,2.1724254043426785
2020,vw_50,AU000000SIG5,SIGMA HEALTHCARE,AU,0.0051245980099022,2.0458566712125186,10.9441085808502
2020,vw_50,JP3539220008,T & D HOLDINGS,JP,0.004937027941798076,0.09114852307287043,0.25389900752535716
2020,vw_50,JP3027680002,JAPAN REAL ESTATE INV.,JP,0.0047110112406650384,5.114518664485662,0.3231851060828917
2020,vw_50,JP3357200009,SHIMADZU,JP,0.00467728165514625,0.8317569229208087,0.3541900087721059
2020,vw_50,JP3201200007,OLYMPUS,JP,0.004387529674054091,3.753309359052422,1.2387815502245467
2020,vw_50,KYG2108Y1052,CHINA RESOURCES LAND,HK,0.004364402032352668,24.292159766259147,17.475352342576787
2020,vw_50,JP3951600000,UNI CHARM,JP,0.004359434779255331,4.7679842777978685,1.45498289607829
2020,vw_50,JP3519400000,CHUGAI PHARM.,JP,0.004216421111138784,6.776080567092561,0.7180281798906447
2020,vw_50,JP3407400005,SUMITOMO ELECTRIC IND.,JP,0.00417640730643935,11.484175134291565,31.27294993134977
2020,vw_50,AU000000WBC1,WESTPAC BANKING,AU,0.00398901425096999,0.30519165404914456,0.1265747885489319
2020,vw_50,JP3665200006,NICHIREI,JP,0.003976506850807008,7.843937028873532,12.328429358099777
2020,vw_50,AU000000NAB4,NATIONAL AUS.BANK,AU,0.0039686517562802235,0.7431992605573048,0.3294565209399338
2020,vw_50,AU000000CSL8,CSL,AU,0.003879057474209561,6.418713162922524,0.5852126115045426
2020,vw_50,JP3143000002,ITO EN,JP,0.0037746387254997934,5.278596632299338,5.466410049083807
2020,vw_50,JP3973400009,RICOH,JP,0.0034900233664391985,7.359913000009374,15.909805611525874
2020,vw_50,KYG0535Q1331,ASMPT,HK,0.003420486168661155,1.1248412384404223,0.4153333863033884
2020,vw_50,AU000000DXS1,DEXUS STAPLED UNITS,AU,0.0033694432778576477,28.06484164349426,1.8672613464272259
2020,vw_50,AU000000MAH3,MACMAHON HOLDINGS,AU,0.0032318641070425524,7.325327628540405,16.003243017051993
2020,vw_50,BMG2108M2182,CHINESE ESTATES HDG.,HK,0.003225588418552062,0.014411921541499128,0.0007611161006499932
2020,vw_50,JP3300600008,KONICA MINOLTA,JP,0.0031939921853976227,17.633792283660917,53.06352866343325
2020,vw_50,AU000000NCM7,NEWCREST MINING DEAD - DELIST.08/11/23,AU,0.003184328494552753,377.3724761561698,90.93940917048253
2020,vw_50,JP3735400008,NTT,JP,0.0029450977836271925,2.27477966165728,2.5003365452989974
2020,vw_50,BMG8063F1068,SHANGRI-LA ASIA,HK,0.0029063453115669357,61.91604365074348,45.934619876670965
2020,vw_50,KYG210961051,CHINA MENGNIU DAIRY,HK,0.00264415386732288,18.178459495016245,14.194349026875985
2020,vw_50,JP3769000005,HACHIJUNI NAGANO BANK,JP,0.002601321984363751,1.7950269456412413,1.3348717048333292
2020,vw_50,JP3122400009,ADVANTEST,JP,0.0025778241237821285,1.792977531350092,0.4273895655890344
2020,vw_50,JP3786200000,HITACHI METALS DEAD - DELIST.29/12/22,JP,0.002537953149240683,40.9354725627629,51.49568165548198
2020,vw_50,AU000000ERA9,ENERGY RES.OF AUS.,AU,0.002463466915435321,768.1159420289856,279.1594124714941
2020,vw_50,AU000000ANZ3,ANZ GROUP HOLDINGS,AU,0.0024554326634982867,0.4789871762810046,0.24491334228003453
2020,vw_50,JP3203500008,ONWARD HOLDINGS,JP,0.002452972594535557,0.9708871475761781,2.4439577140558297
2020,vw_50,JP3814800003,SUBARU,JP,0.0023471251790970855,9.268376256986352,14.258597599702718
2020,vw_50,HK0006000050,POWER ASSETS HOLDINGS,HK,0.002300064453735157,37478.094008770466,423.8341009980945
2020,vw_50,JP3818000006,FUJITSU,JP,0.002294383770115222,2.4296789472508324,3.823377536558301
2020,vw_50,HK0823032773,LINK REAL ESTATE INVESTMENT TRUST,HK,0.0022609758222839308,1.9666609192933437,0.16036437550023896
2020,vw_50,AU000000WES1,WESFARMERS,AU,0.0022213178492663213,130.1950447271667,73.29393628405138
2020,vw_50,HK0688002218,CHINA OVERSEAS LAND INVESTMENT,HK,0.0022094292064358916,0.9180002159557886,0.6141739947096014
2020,vw_50,JP3621000003,TORAY INDS.,JP,0.0021091465778227208,157.63858173529223,304.0984685675293
2020,vw_50,JP3787000003,HITACHI CON.MCH.,JP,0.002003134086801735,11.230160698040102,17.20877136187831
2020,vw_50,JP3162600005,SMC,JP,0.00198938613124482,10.467656920267164,1.7178091732568828
2020,vw_50,JP3188220002,OTSUKA HOLDINGS,JP,0.0019479226522317948,28.69538034391167,14.808952835802664
2020,vw_50,JP3802300008,FAST RETAILING,JP,0.0018991908030155788,0.6239330785071723,0.23176657515332785
2020,vw_50,US89677Q1076,TRIP COM GROUP ADR 1:1,SG,0.001848544136884365,0.006577118552755358,0.001892560456173866
2020,vw_50,JP3538800008,TDK,JP,0.0018370973790350464,8.82383755662255,7.935515782511518
2020,vw_50,JP3126400005,ALPS ALPINE,JP,0.0017400332886659653,5.718816114182649,11.40601156248467
2020,vw_50,JP3633400001,TOYOTA MOTOR,JP,0.0017021767026720116,10.451421977282129,12.92205054306236
2020,vw_50,AU000000JBH7,JB HI-FI,AU,0.0016778049904320042,0.06182837638065341,0.09806677693730918
2020,vw_50,BMG8403G1033,SINOFERT HOLDINGS,HK,0.0016722599762507633,298.41411120298505,1401.3591825307951
2020,vw_50,AU000000APA1,APA GROUP,AU,0.0016341659696458765,789.6395156276781,146.43219041016548
2020,vw_50,BMG677491539,ORIENT OVERSEAS (INTL.),HK,0.001598215513396643,798.3657640159895,1907.016541104852
2020,vw_50,KYG548561284,LIFESTYLE INTL.HDG. DEAD - DELIST.21/12/22,HK,0.0015234807127465872,4.386061097831093e-05,1.3210475907394563e-05
2020,vw_50,AU000000QBE9,QBE INSURANCE GROUP,AU,0.0015193566949688903,0.4666215942665178,0.5506658737301762
2020,vw_50,JP3459600007,TAKARA HDG.,JP,0.0015039984802170153,33.51004034842649,48.38364857718317
2020,vw_50,JP3914400001,MURATA MANUFACTURING,JP,0.0014902040175709364,20.81591125629992,7.542227464313423
2020,vw_50,JP3481800005,DAIKIN INDUSTRIES,JP,0.0014518542482245594,29.20407420215383,16.338217754910087
2020,vw_50,BMG684371393,PACIFIC BASIN SHIP.,HK,0.0014289936040525844,923.4695695831507,1776.542898038225
2020,vw_50,JP3164630000,SQUARE ENIX HOLDINGS,JP,0.001408872745261101,0.0,0.0
2020,vw_50,JP3582600007,TOKYO TATEMONO,JP,0.0014072592302878102,5.031066414451511,4.397239886348261
2020,vw_50,JP3421800008,SECOM,JP,0.0013347990305017678,7.070051297290416,3.320179564413739
2020,vw_50,JP3351600006,SHISEIDO,JP,0.001306655537572487,2.4947996186322947,1.0348183210024922
2020,vw_50,JP3551520004,DENTSU GROUP,JP,0.001291620817005858,0.3672493655352239,0.367583687591247
2020,vw_50,JP3711600001,NIPPON SANSO HOLDINGS,JP,0.0012037649646164592,134.78460315207957,111.52443709590786
2020,vw_50,JP3452000007,TAIYO YUDEN,JP,0.0011453360224026154,15.092382797005516,10.158604468223103
2020,vw_50,JP3358800005,SHIMIZU,JP,0.0010903788920767702,11.871061323978031,23.671068103779778
2020,vw_50,SG1U68934629,KEPPEL,SG,0.0010849220700276583,7.590695323289675,4.750853088065806
2020,vw_50,JP3436100006,SOFTBANK GROUP,JP,0.0010802791367406498,0.18038843589927808,0.18259803624206472
2020,vw_50,HK0242001243,SHUN TAK HOLDINGS,HK,0.0009796280933111973,16.969176357051577,24.340934329220985
2020,vw_50,JP3626800001,LIXIL,JP,0.0009675498451474385,32.06149594939767,99.31445690481483
2020,vw_50,JP3592200004,TOSHIBA DEAD - DELIST.20/12/23,JP,0.0009369805440853337,9.925151947873102,21.844419945320688
2020,vw_50,JP3134800006,IHI,JP,0.0008556573563609691,5.180332377181406,17.617533697711387
2020,vw_50,JP3850200001,HOKKAIDO ELEC.POWER,JP,0.0008368689413314757,1905.7255478596985,13272.496831432192
2020,vw_50,HK0066009694,MTR,HK,0.0008259708378097105,6.731963501230996,1.3634684216603163
2020,vw_50,HK0293001514,CATHAY PACIFIC AIRWAYS,HK,0.0008216760581923901,547.143054965261,1519.760143284738
2020,vw_50,BMG988031446,YUE YUEN INDL.HDG.,HK,0.0007861405027197766,1.7661900014217828,4.062160076188069
2020,vw_50,JP3350800003,SHIKOKU ELECTRIC POWER,JP,0.0007849631879838281,1076.961976247086,3831.020378540065
2020,vw_50,SG1R89002252,CITY DEVELOPMENTS,SG,0.0007632025382632671,0.5806832426789014,0.2095309961866799
2020,vw_50,AU000000PPT9,PERPETUAL,AU,0.000748118428151531,0.0,0.0
2020,vw_50,JP3684000007,NITTO DENKO,JP,0.000735028048133637,49.98106816305303,38.55611707680668
2020,vw_50,JP3420600003,SEKISUI HOUSE,JP,0.0007245096419068344,3.195784804853452,4.750285518921859
2020,vw_50,AU000000CBA7,COMMONWEALTH BK.OF AUS.,AU,0.0006469936861395211,0.4835959213629637,0.12499119393831626
2020,vw_50,JP3888400003,MITSUI KINZOKU LIMITED,JP,0.0006433293299345041,173.1844068015802,560.7038810078029
2020,vw_50,JP3711200000,AOZORA BANK,JP,0.0006216288949346424,0.09620356674723715,0.043247918693912854
2020,vw_50,JP3385980002,J S R DEAD - DELIST.25/06/24,JP,0.000613197170874166,92.54353175150429,98.86379331651679
2020,vw_50,SG9999003735,XP POWER (DI),SG,0.0006119939887877447,0.7621657916746836,0.22146663167623198
2020,vw_50,JP3551200003,ELEC.POWER DEV.,JP,0.0006099575816481048,6347.283908784305,12775.94777504941
2020,vw_50,AU000000BOQ8,BANK OF QLND.,AU,0.0005921756852663627,0.3718819894486816,0.24555535997183595
2020,vw_50,JP3277800003,KEIO,JP,0.0005898806287837296,24.677844413319953,13.738750086812766
2020,vw_50,AU000000FLT9,FLIGHT CENTRE TRAVEL GP.,AU,0.0005621384076288041,24.969430283210414,20.086083213773314
2020,vw_50,HK0165000859,CHINA EVERBRIGHT,HK,0.0005547775504809621,0.21518100804211848,0.03338904419645199
2020,vw_50,AU0000088338,AMPOL,AU,0.0005400129092545613,38.60584280182819,102.12553798196984
2020,vw_50,JP3571400005,TOKYO ELECTRON,JP,0.0005400093205447244,2.710655441326169,0.7654432969173685
2020,vw_50,HK0291001490,CHINA RESOURCES BEER HOLDINGS,HK,0.0005032099728563763,30.29975110918732,9.512802160894488
2020,vw_50,JP3695200000,NGK INSULATORS,JP,0.0004933412101507681,74.69920876857508,55.794502887230095
2020,vw_50,JP3762800005,NOMURA RESEARCH INST.,JP,0.000478578887576307,0.20717569597049487,0.06671625908592053
2020,vw_50,JP3224200000,KAWASAKI HEAVY INDUSTRY,JP,0.0004775247938534203,11.229623725587652,51.7075589206526
2020,vw_50,JP3765400001,HOUSE SHOKUHIN GP.HONSHA K K,JP,0.00045745848693230535,20.134575952506086,16.534552351310605
2020,vw_50,AU000000SGP0,STOCKLAND STAPLED UNITS,AU,0.0004365210091770151,10.904817763838198,2.6880950676497957
2020,vw_50,JP3902900004,MITSUBISHI UFJ FINL.GP.,JP,0.00043393815305361446,0.17479709853980382,0.1529528182707986
2020,vw_50,JP3967200001,RAKUTEN GROUP,JP,0.00043013332083666217,0.23265549020081738,0.24200857273990384
2020,vw_50,JP3119600009,AJINOMOTO,JP,0.00042947394750736617,98.99122856719717,104.74763460745285
2020,vw_50,JP3388200002,AEON,JP,0.0004130982854890266,2.7285847092549584,11.972239994966092
2020,vw_50,AU000000CWY3,CLEANAWAY WASTE MANAGEMENT,AU,0.00040909632760983706,484.0855435676989,279.16980797374606
2020,vw_50,JP3421100003,JAPAN PETROLEUM EXP.,JP,0.0004071863179889682,272.10897303699943,542.7532767058558
2020,vw_50,JP3670800006,NISSAN CHEMICAL,JP,0.00040559747809640795,119.63048548791552,36.08161348396692
2020,vw_50,HK0019000162,SWIRE PACIFIC 'A',HK,0.0004054492787681947,20.495943798308303,28.561968096534397
2020,vw_50,JP3276400003,GUNMA BANK,JP,0.0004037875385051276,1.265850460765044,1.1530959837371573
2020,vw_50,KYG525621408,KINGBOARD HOLDINGS,HK,0.0004006802359057747,334.6404739078907,610.6216640610472
2020,vw_50,JP3771800004,HAMAMATSU PHOTONICS,JP,0.0003943327284935171,9.613101945759148,1.8146931146322751
2020,vw_50,AU000000SGM7,SIMS,AU,0.0003923031543823889,18.8642903940604,55.62296256231087
2020,vw_50,JP3375800004,SHINKO ELEC.INDS. DEAD - DELIST.06/06/25,JP,0.0003893978146150599,29.438308282215615,24.130830709918076
2020,vw_50,JP3811000003,FUJIKURA,JP,0.0003604005713133147,4.511011502998865,25.30514227935866
2020,vw_50,JP3156400008,USHIO,JP,0.0003508126104347097,2.6749001419580054,2.1412383477294106
2020,vw_50,JP3229400001,KANSAI PAINT,JP,0.000337417386286936,12.547536618683518,7.3723516719937185
2020,vw_50,JP3351100007,SYSMEX,JP,0.00033113722628436246,1.4670498033479418,0.2703547109291866
2020,vw_50,KYG5427W1309,LEE & MAN PAPER MNFG.,HK,0.00032246466342725325,1491.4486812129253,1691.7668606708237
2020,vw_50,IE00BKVD2N49,SEAGATE TECHNOLOGY HOLDINGS,SG,0.0003216608488136444,31.130347459329183,20.49912712267894
2020,vw_50,JP3743000006,NH FOODS,JP,0.00030821932885239593,30.68900520531385,77.76484179994324
2020,vw_50,SGXE21576413,GENTING SINGAPORE,SG,0.00030726162436590595,2.490895679744191,0.6045601105481345
2020,vw_50,SG1R50925390,SEMBCORP INDUSTRIES,SG,0.00030323225958172446,3742.2930403180553,9680.583260339916
2020,vw_50,JP3198900007,ORIENTAL LAND,JP,0.00029665089084861084,10.951329343960616,1.1090435032978048
2020,vw_50,JP3688370000,NIPPON EXPRESS HOLDINGS,JP,0.0002878003056502866,34.19731665744062,127.27000080745317
2020,vw_50,JP3862400003,MAKITA,JP,0.0002861664855572156,0.9880207948185354,0.4194332450071562
2020,vw_50,JP3738600000,NITERRA,JP,0.00028457980242006423,16.30584215390346,17.58094844733324
2020,vw_50,AU000000QAN2,QANTAS AIRWAYS,AU,0.00027677032758239065,765.507626784995,1469.0502552553025
2020,vw_50,JP3209000003,CASIO COMPUTER,JP,0.00027414325566482256,1.6603441400964394,0.9560793219615937
2020,vw_50,JP3634600005,TOYOTA INDS.,JP,0.00026661096173967745,11.570087488793124,13.411914059269744
2020,vw_50,JP3143600009,ITOCHU,JP,0.00025767658339792446,11.636304323495507,32.60156302104542
2020,vw_50,AU000000MGR9,MIRVAC GROUP STAPLED UNITS,AU,0.0002474652432359528,4.819222603879548,0.8229821376345747
2020,vw_50,AU000000ILU1,ILUKA RESOURCES,AU,0.0002242863236206232,452.1374543188192,151.14380632379624
2020,vw_50,AU000000MTS0,METCASH,AU,0.0002242286217220816,1.6434646190953348,9.01822179329034
2020,vw_50,AU000000IRE2,IRESS,AU,0.00022310934755433368,0.46659584582968955,0.09923730823482418
2020,vw_50,AU000000LLC3,LENDLEASE GROUP STAPLED UNITS,AU,0.00022073829969277805,10.944685611299693,15.90273166145604
2020,vw_50,JP3495000006,SUMITOMO PHARMA,JP,0.00022001866897510217,19.071210068857837,12.34164552276273
2020,vw_50,JP3910660004,TOKIO MARINE HOLDINGS,JP,0.00021864642754955952,0.35415269464244664,0.44586893932784455
2020,vw_50,JP3629000005,TOPPAN HOLDINGS,JP,0.0002132114241114858,18.29617161096772,35.081201751844716
2020,vw_50,JP3659000008,WEST JAPAN RAILWAY,JP,0.00021276320029960742,11.373483861798062,10.357020063520983
2020,vw_50,MU0117U00026,GOLDEN AGRI-RESOURCES,SG,0.0002057041970678644,608.555596091616,2026.9741733872015
2020,vw_50,JP3246400000,KYUSHU ELEC.POWER,JP,0.0002011829150863721,1024.3358857624469,4823.269234179347
2020,vw_50,AU000000GPT8,GPT GROUP STAPLED UNITS,AU,0.0001906047897696246,12.923055037165014,0.8822450734714375
2020,vw_50,JP3322930003,SUMCO,JP,0.0001897369413120557,9.075507130262933,5.434936204718829
2020,vw_50,JP3837800006,HOYA,JP,0.00018837896232599204,3.91643813006864,0.5697681043815167
2020,vw_50,JP3942600002,YAMAHA,JP,0.00018148321475491402,5.87932907141621,2.3689335987912257
2020,vw_50,JP3676800000,NISSHIN SEIFUN,JP,0.0001786366558873006,14.70940043837246,17.298143966179275
2020,vw_50,AU000000STO6,SANTOS,AU,0.00017816332834044122,1318.174246747821,461.47709170358047
2020,vw_50,JP3499800005,MITSUBISHI HC CAPITAL,JP,0.00017688168023061263,0.5037038781783278,0.7599070415328197
2020,vw_50,SG1L01001701,DBS GROUP HOLDINGS,SG,0.0001562372388051654,0.06454165858269381,0.02126250404566294
2020,vw_50,JP3522200009,CHUGOKU ELEC.POWER,JP,0.0001514740541699391,1517.2396623926413,3664.529462083463
2020,vw_50,SG1J26887955,SINGAPORE EXCHANGE,SG,0.00015049986848721147,0.06445929395586687,0.00668926150552979
2020,vw_50,HK0388045442,HONG KONG EXCHANGES AND CLEARING,HK,0.00014800931285479063,0.09493830154234706,0.003926268462627009
2020,vw_50,JP3358000002,SHIMANO,JP,0.00014705214049343703,5.526336818332414,1.288653498416837
2020,vw_50,AU000000SHL7,SONIC HEALTHCARE,AU,0.00014535550246630625,1.7390656305283043,0.7641612945415482
2020,vw_50,JP3868400007,MAZDA MOTOR,JP,0.00013866881257385658,3.7902611166805165,23.093158178669114
2020,vw_50,JP3409000001,SUMITOMO REAL.&DEV.,JP,0.0001373784204329636,4.534856911348435,2.3924833915601056
2020,vw_50,JP3900000005,MITSUBISHI HEAVY INDS.,JP,0.00013484247535532624,4.983517084587552,14.869828715648687
2020,vw_50,BMG2442N1048,COSCO SHIPPING PORTS,HK,0.00012997265601651247,80.62268913400901,36.460346896476494
2020,vw_50,JP3102000001,AISIN,JP,0.00012876280145554894,17.579163131259037,62.39963602915722
2020,vw_50,AU000000CSR5,CSR DEAD - DEAD.10/07/24,AU,0.00012654801849463097,192.9513222932762,170.32659626547309
2020,vw_50,AU000000AMP6,AMP,AU,0.00012492449242201966,0.02242057589933351,0.08816064608094887
2020,vw_50,JP3194000000,OKI ELECTRIC IND.,JP,0.00011932234433922664,2.232054054104065,8.876746603379603
2020,vw_50,HK0000055878,CHINA TAIPING INSURANCE HLDGS,HK,0.00011876320472345447,0.15351604437813923,0.6384488638141224
2020,vw_50,SG1S83002349,UOL GROUP,SG,0.0001173867189206768,0.88934861207081,0.3074640842998562
2020,vw_50,JP3381000003,NIPPON STEEL,JP,0.0001162981497005499,1407.331806519695,5949.718516233515
2020,vw_50,AU000000MQG1,MACQUARIE GROUP,AU,0.00011608212818878044,0.04237772626707403,0.01417199874502049
2020,vw_50,JP3449020001,TAIHEIYO CEMENT,JP,0.00011576540387771568,3065.6783573653906,7246.103770002869
2020,vw_50,AU000000IVC8,INVOCARE DEAD - DELIST.27/11/23,AU,0.0001148248452627851,16.297972305386985,5.15084621044886
2020,vw_50,JP3896800004,MITSUBISHI GAS CHM.,JP,0.00010904855763920076,106.87877465523177,170.6648854875412
2020,vw_50,JP3402600005,SUMITOMO METAL MINING,JP,0.00010530569997484948,247.48228489197712,235.28329052703216
2020,vw_50,JP3546800008,TERUMO,JP,0.00010456607693906565,10.553809756009464,2.2361738045162802
2020,vw_50,JP3625000009,TOKUYAMA,JP,9.675152875671224e-05,2412.1135568524896,4064.8561557183134
2020,vw_50,JP3902400005,MITSUBISHI ELECTRIC,JP,9.608962927213532e-05,6.393396957524731,8.470079842488477
2020,vw_50,AU000000ORG5,ORIGIN ENERGY (EX BORAL),AU,9.528040184126561e-05,1733.7677965894336,1716.8200983949973
2020,vw_50,JP3939000000,YAMADA HOLDINGS,JP,9.389894714902935e-05,0.7352174997271341,2.257795037366508
2020,vw_50,JP3223800008,KAWASAKI KISEN KAISHA,JP,9.26355263153041e-05,1466.4534567712392,8385.151497925077
2020,vw_50,JP3256000005,KYOWA KIRIN,JP,8.852563646560732e-05,6.108764806689676,1.3199543142958312
2020,vw_50,AU000000WOR2,WORLEY,AU,8.768188233729083e-05,4.95129156199519,7.597900536799244
2020,vw_50,JP3305990008,YOKOHAMA FINANCIAL GROUP,JP,8.718150996128679e-05,0.34863937672576495,0.20308396011639313
2020,vw_50,JP3675600005,NISSIN FOODS HOLDINGS,JP,8.386320110788708e-05,59.73222560626446,31.025325949142896
2020,vw_50,JP3890310000,MS&AD INSURANCE GP.HDG.,JP,8.130405604399604e-05,0.47730460689330645,1.2005697210715494
2020,vw_50,AU000000TCL6,TRANSURBAN GROUP STAPLED UNITS,AU,8.029583316282105e-05,1.5078421751294442,0.14608228666455617
2020,vw_50,JP3210200006,KAJIMA,JP,7.792330769427508e-05,9.210467360243754,24.98780007408148
2020,vw_50,NZAIRE0001S2,AIR NEW ZEALAND,NZ,7.688854272638801e-05,836.5090721790109,1596.8842841846506
2020,vw_50,JP3885400006,MISUMI GROUP,JP,7.641946332770194e-05,3.50603711148487,1.4082553753585516
2020,vw_50,AU000000ANN9,ANSELL,AU,7.431555969831177e-05,83.53788952468084,43.77213663812014
2020,vw_50,JP3595200001,TOSOH,JP,7.375878222594367e-05,1040.2703221930035,1584.2911798837872
2020,vw_50,JP3200450009,ORIX,JP,7.369113323596373e-05,53.27976558823628,50.782726756150886
2020,vw_50,JP3893200000,MITSUI FUDOSAN,JP,7.272499764426728e-05,5.9110993394346485,3.931691398517752
2020,vw_50,JP3935600001,YAMAZAKI BAKING,JP,7.088460458405075e-05,40.05612364905345,92.5021232904259
2020,vw_50,HK0392044647,BEIJING ENTERPRISES HOLDINGS,HK,7.054628924674744e-05,81.26206714143744,128.55575195569213
2020,vw_50,JP3893600001,MITSUI,JP,6.955553039733907e-05,50.22393815432174,106.21160778867947
2020,vw_50,JP3414750004,SEIKO EPSON,JP,6.470616016544915e-05,12.579269263835519,19.975035902228306
2020,vw_50,JP3940000007,YAMATO HDG.,JP,6.0854475850533826e-05,44.2211471349182,94.50623115965747
2020,vw_50,JP3845400005,HOKURIKU ELEC.POWER,JP,6.0576522297415865e-05,2465.2140990870753,8256.800996610365
2020,vw_50,NZAIAE0002S6,AUCKLAND INTL.AIRPORT,NZ,6.018422165460056e-05,4.959303504408959,0.3632131865933876
2020,vw_50,AU000000ASX7,ASX,AU,5.930505509049681e-05,0.049745656338772544,0.002747949529691905
2020,vw_50,JP3827200001,FURUKAWA ELECTRIC,JP,5.616843526395013e-05,20.124580513649494,102.91513091762003
2020,vw_50,JP3197800000,OMRON,JP,5.3877833472819495e-05,5.405336595121996,2.801982585573138
2020,vw_50,JP3280200001,KEIKYU,JP,5.304706176287528e-05,28.934344058161678,17.640053937621488
2020,vw_50,JP3638600001,DOWA HDG.,JP,5.2883381192946784e-05,275.48598618794387,537.5440118962066
2020,vw_50,JP3574200006,TOKYU,JP,4.946512634294077e-05,13.743666297553926,13.432196156626025
2020,vw_50,NZFBUE0001S0,FLETCHER BUILDING,NZ,4.87153995940844e-05,165.4590624645004,273.38569825563604
2020,vw_50,AU000000ELD6,ELDERS,AU,4.751474780699751e-05,13.054659556800846,18.717971770205878
2020,vw_50,JP3148800000,IBIDEN,JP,4.621882040686211e-05,52.5908395646071,43.818234557158114
2020,vw_50,HK0008011667,PCCW,HK,4.514528153062826e-05,1.5234961867049854,1.613267420065548
2020,vw_50,JP3898400001,MITSUBISHI,JP,4.412133299012897e-05,48.767534404362486,168.2020832875186
2020,vw_50,AU000000IAG3,INSURANCE AUS.GROUP,AU,4.359774780654232e-05,1.1453816991723087,0.6223777577622057
2020,vw_50,JP3293200006,COCA-COLA BOTTLERS JAPAN HOLDINGS,JP,4.180808604686952e-05,22.380571197144867,34.08515043581502
2020,vw_50,JP3598600009,TOHO,JP,3.702908875410264e-05,2.872148160276069,0.9826042495497385
2020,vw_50,AU000000WOW2,WOOLWORTHS GROUP,AU,3.6703847594493504e-05,11.535481980847672,13.517605626823405
2020,vw_50,AU000000GWA4,GWA GROUP,AU,3.148522833789111e-05,36.88911159582621,16.048729662579145
2020,vw_50,JP3903000002,MITSUBISHI MATERIALS,JP,3.056647406452483e-05,675.5618392732547,2833.6072135844606
2020,vw_50,AU000000OZL8,OZ MINERALS DEAD - DELIST.03/05/23,AU,3.0483569815642986e-05,115.42784056643359,40.55046828195503
2020,vw_50,JP3190000004,OBAYASHI,JP,3.023397156869709e-05,13.686648415334146,32.38659685444552
2020,vw_50,JP3678000005,NISSHINBO HOLDINGS,JP,2.8493730048728572e-05,52.6209139870954,158.4711739200257
2020,vw_50,JP3866800000,PANASONIC HOLDINGS,JP,2.8311587771118723e-05,5.5237543887822005,16.06825464969969
2020,vw_50,JP3404600003,SUMITOMO,JP,2.6390239004255185e-05,15.824043983489688,42.0045727705357
2020,vw_50,JP3854600008,HONDA MOTOR,JP,2.6313861181664978e-05,8.684441874907968,26.487508576398948
2020,vw_50,JP3463000004,TAKEDA PHARMACEUTICAL,JP,2.589175032439988e-05,11.184380559128343,5.482127605492269
2020,vw_50,JP3942400007,ASTELLAS PHARMA,JP,2.5472542509341788e-05,5.975342966127615,2.1949933544624174
2020,vw_50,JP3485800001,DAICEL,JP,2.452646865181878e-05,435.65261071157624,529.3945873642367
2020,vw_50,JP3249600002,KYOCERA,JP,2.4504335592201693e-05,11.02540332140791,6.611576621094265
2020,vw_50,JP3228600007,KANSAI ELECTRIC PWR.,JP,2.3850899353380407e-05,881.3949286034365,2456.4889143466444
2020,vw_50,JP3596200000,TOTO,JP,2.3602233510638873e-05,32.80969421905807,24.30279682461259
2020,vw_50,JP3566800003,CENTRAL JAPAN RAILWAY,JP,2.336659101798557e-05,4.136636152080652,1.7830815361662673
2020,vw_50,JP3721400004,JAPAN STEEL WORKS,JP,2.3310302744320836e-05,45.13960115117382,65.83113651846806
2020,vw_50,JP3389900006,JAFCO GROUP,JP,2.305303299706782e-05,0.02074815817579472,0.0043765246089826374
2020,vw_50,JP3336000009,SANTEN PHARM.,JP,2.288945692220521e-05,6.838921403373855,2.0151717559766125
2020,vw_50,JP3720800006,NSK,JP,2.239998918532e-05,16.393469090300318,28.32472147357218
2020,vw_50,JP3039710003,JAPAN METROPOLITAN FUND INVESTMENT REIT,JP,2.0550567074076158e-05,10.25720289793113,1.1222956865920029
2020,vw_50,JP3429800000,ANA HOLDINGS,JP,2.0476460620298128e-05,649.1721932046732,1143.629562740366
2020,vw_50,HK0000139300,TELEVISION BROADCASTS,HK,2.0351158019149993e-05,1.4341004406786877,1.0141515115018667
2020,vw_50,NZSKCE0001S2,SKY CITY ENTM.GP.,NZ,2.0037768432405894e-05,9.098558754481077,3.0750650919078257
2020,vw_50,JP3579800008,TOKYO STEEL MNFG.,JP,1.9065995863002503e-05,171.2903715226331,263.83056354301505
2020,vw_50,BMG4600H1198,HOPSON DEVELOPMENT HOLDINGS,HK,1.8924344360585637e-05,0.6005225966463443,0.7284442800913848
2020,vw_50,AU000000CQR9,CHARTER HALL RETAIL REIT,AU,1.8888987668064287e-05,1.911420556128901,0.18884995404411764
2020,vw_50,AU000000BLD2,BORAL DEAD - DELIST.08/07/24,AU,1.882898317616698e-05,343.8663414455224,350.27996450496363
2020,vw_50,HK0016000132,SUN HUNG KAI PROPERTIES,HK,1.8554482172946632e-05,3.821275503326789,1.0610705022400377
2020,vw_50,JP3613400005,TOYO SEIKAN GROUP HDG.,JP,1.7813111299609252e-05,60.233914816258235,125.75061000582606
2020,vw_50,JP3352400000,CITIZEN WATCH,JP,1.7162745414587338e-05,7.190001884542315,13.092848388485871
2020,vw_50,JP3774200004,HANKYU HANSHIN HDG.,JP,1.582742650283486e-05,17.64846483837123,12.512521593113364
2020,vw_50,JP3274400005,GLORY,JP,1.5658191752122378e-05,1.427114706237239,1.6227005912957393
2020,vw_50,JP3796150005,HIROGIN HOLDINGS,JP,1.5653816792690095e-05,1.859855469008979,1.449478762996013
2020,vw_50,HK0000049939,CHINA UNICOM (HONG KONG),HK,1.4887415205141676e-05,4.70966937037796,7.763453774261278
2020,vw_50,JP3753000003,NIPPON YUSEN KK,JP,1.3780419274545662e-05,855.4142629653892,4894.562772465839
2020,vw_50,JP3778630008,BANDAI NAMCO HDG.,JP,1.3051297357434067e-05,0.9260498061512389,0.48496800262939116
2020,vw_50,JP3888300005,MITSUI CHEMICALS,JP,1.2970828172267717e-05,299.7707270783931,825.7656402640698
2020,vw_50,JP3493800001,DAI NIPPON PRINTING,JP,1.2372848174362499e-05,18.91561727628445,26.778198595461536
2020,vw_50,SG1V61937297,SINGAPORE AIRLINES,SG,1.2358569040439764e-05,1320.7818744283077,2187.3419098830923
2020,vw_50,JP3164800009,NOK,JP,1.2200004783578935e-05,7.428595219819907,17.999162829635832
2020,vw_50,AU000000BHP4,BHP GROUP,AU,1.2047108135187626e-05,217.79976768932278,127.2453839748754
2020,vw_50,NZCENE0001S6,CONTACT ENERGY,NZ,1.14738602647569e-05,629.9981299455773,273.836286559336
2020,vw_50,JP3734800000,NIDEC,JP,1.143902523533545e-05,4.455828367240749,1.6322554743084305
2020,vw_50,SG1M51904654,CAPITALAND INTEG. COML. TST.,SG,1.1175592100379372e-05,0.024350494054131148,0.0020941124029790247
2020,vw_50,JP3111200006,ASAHI KASEI,JP,1.103067963734471e-05,148.2074234608058,205.2923026157533
2020,vw_50,JP3320800000,SAPPORO HOLDINGS,JP,1.09204117128345e-05,26.399506016009838,62.0274065073579
2020,vw_50,JP3551500006,DENSO,JP,1.0565334403038768e-05,14.643907137773997,22.038700702355722
2020,vw_50,JP3982100004,LAWSON DEAD - DELIST.24/07/24,JP,1.0415507204706314e-05,0.6757671985004575,0.7791249906937848
2020,vw_50,JP3283650004,KOSE HOLDINGS,JP,9.629349418690724e-06,2.3671518959338083,0.924503536772395
2020,vw_50,JP3511800009,CHIBA BANK,JP,9.179488975127347e-06,1.1270374151105291,0.5356083978584257
2020,vw_50,AU000000COH5,COCHLEAR,AU,9.173959439587394e-06,0.5522433031855251,0.06021623985668751
2020,vw_50,JP3158800007,UBE,JP,7.914677137954224e-06,1802.4635882591317,5285.069215862625
2020,vw_50,JP3289800009,KOBE STEEL,JP,7.735231220740017e-06,886.8002847311069,9479.30655226683
2020,vw_50,JP3613000003,TOYO SUISAN KAISHA,JP,7.695348411528152e-06,44.56452403306815,35.29937067709079
2020,vw_50,JP3718800000,NISSUI,JP,6.423464666304729e-06,33.702905074218805,125.91468220376089
2020,vw_50,HK0003000038,HONG KONG AND CHINA GAS,HK,6.233068850134202e-06,321.5855198567587,51.94869371581409
2020,vw_50,JP3362700001,MITSUI OSK LINES,JP,5.755373825400141e-06,1044.4559385284301,3917.3168852822305
2020,vw_50,JP3180400008,OSAKA GAS,JP,5.558229357517005e-06,361.1036541305696,649.0432658087145
2020,vw_50,JP3977400005,RINNAI,JP,5.474256986066302e-06,11.639866837108743,9.966861265134305
2020,vw_50,AU000000RHC8,RAMSAY HEALTH CARE,AU,5.430631265201371e-06,6.519364369016399,5.227429511486059
2020,vw_50,JP3116000005,ASAHI GROUP HOLDINGS,JP,5.283541300361211e-06,24.093634420155727,20.729415757310925
2020,vw_50,JP3942800008,YAMAHA MOTOR,JP,5.186357541756472e-06,8.500438624043493,19.74148952142349
2020,vw_50,JP3197600004,ONO PHARM.,JP,5.078696730322432e-06,3.776524005044838,0.8040818698645241
2020,vw_50,JP3165700000,NTT DATA GROUP DEAD - DELIST.26/09/25,JP,4.899032565784112e-06,0.4366286138827652,0.4532103021902413
2020,vw_50,NZTELE0001S4,SPARK NEW ZEALAND,NZ,4.812478517420806e-06,1.0711183812103853,0.452822624731222
2020,vw_50,JP3600200004,TOHO GAS,JP,4.772729671946808e-06,14.012338354610389,15.155964016343832
2020,vw_50,BMG2178K1009,CKI HOLDINGS,HK,4.6968838783091594e-06,9655.811994900696,454.6207253931041
2020,vw_50,AU000000ORI1,ORICA,AU,4.6465230768220435e-06,469.80767867492386,329.79989048289195
2020,vw_50,JP3266400005,KUBOTA,JP,4.634814199780156e-06,16.476008299152223,14.91241645715832
2020,vw_50,JP3635400009,TOYOTA BOSHOKU,JP,4.491176588612552e-06,4.108199059308499,19.025941895808298
2020,vw_50,JP3799000009,HIROSE ELECTRIC,JP,4.4292391793409365e-06,1.805349808017563,0.4157835174660339
2020,vw_50,AU000000SBM8,ST BARBARA,AU,4.405242047234801e-06,380.45794091814287,138.4559393642103
2020,vw_50,AU000000TLS2,TELSTRA GROUP,AU,4.223770691834129e-06,2.2192124931591066,1.2100337222512758
2020,vw_50,JP3502200003,DAIWA SECURITIES GROUP,JP,4.040540559637085e-06,0.13405190094244046,0.10195811260028427
2020,vw_50,JP3726800000,JAPAN TOBACCO,JP,3.9313989175756296e-06,16.98471491631534,8.066444358064928
2020,vw_50,JP3619800000,TOYOBO,JP,3.6262432613531994e-06,226.9738444303736,573.4772906274612
2020,vw_50,JP3634200004,TOYODA GOSEI,JP,3.378694179336585e-06,15.88682586902229,44.35037517532821
2020,vw_50,SG2B80958517,OUE,SG,3.321386207714488e-06,2.378705288102504,1.577403002534607
2020,vw_50,JP3573000001,TOKYO GAS,JP,2.9477913841452213e-06,188.65962478881906,350.3478215176417
2020,vw_50,JP3835620000,BENESSE HOLDINGS DEAD - DELIST.17/05/24,JP,2.8630449885688988e-06,0.02116544644661016,0.030849482570042348
2020,vw_50,JP3371200001,SHIN-ETSU CHEMICAL,JP,2.8616951894955874e-06,131.60476623720805,38.69074609474238
2020,vw_50,JP3270000007,KURITA WATER IND.,JP,2.842899408136536e-06,10.757475204019654,7.518992686333653
2020,vw_50,JP3891600003,MITSUI E&S,JP,2.6614574662588557e-06,19.01855480101408,178.36967224644818
2020,vw_50,HK0000608585,NEW WORLD DEVELOPMENT COMPANY,HK,2.4864671669108945e-06,4.595177207941776,2.7575285715285234
2020,vw_50,JP3166000004,EBARA,JP,2.031173621724104e-06,37.247714363717485,67.49673828611076
2020,vw_50,SG1F60858221,SINGAPORE TECHS.ENGR.,SG,2.001297198230964e-06,5.9130064576987,3.6790126395725418
2020,vw_50,HK0083000502,SINO LAND,HK,1.9593155397861675e-06,4.666387497851438,0.428393358107872
2020,vw_50,JP3491000000,DAIDO STEEL,JP,1.937197225289235e-06,87.30309470920514,242.363731906559
2020,vw_50,JP3756100008,NITORI HOLDINGS,JP,1.878024034715823e-06,6.472821171273371,2.136691855583543
2020,vw_50,JP3549600009,DENKA,JP,1.5932939958269356e-06,515.367589543036,771.8186392537978
2020,vw_50,AU000000BPT9,BEACH ENERGY,AU,1.5725581984164693e-06,460.78925948037624,157.8390331490995
2020,vw_50,AU000000CGF5,CHALLENGER,AU,1.4890952976773515e-06,0.0011057830796390503,0.0005591199452062454
2020,vw_50,JP3160400002,EISAI,JP,1.3615238130976696e-06,8.12590694959989,2.088599843746701
2020,vw_50,JP3118000003,ASICS,JP,1.3480381472260452e-06,0.8261447050105547,1.0358528389506627
2020,vw_50,HK0002007356,CLP HOLDINGS,HK,1.3220152589866624e-06,4088.807021090376,1727.0122248190476
2020,vw_50,JP3425000001,CENTRAL GLASS,JP,1.1163512050990266e-06,190.17490782067762,417.00623392567974
2021,vw_50,AU000000BWP3,BWP GROUP STAPLED UNITS,AU,0.13392975189678807,0.0,0.0
2021,vw_50,JP3435000009,SONY GROUP,JP,0.03509780981479594,2.5018879394285785,1.6166808331974816
2021,vw_50,JP3814000000,FUJIFILM HOLDINGS,JP,0.02379986305014274,31.235484561375223,21.65013848332349
2021,vw_50,HK0363006039,SHANGHAI INDUSTRIAL HOLDINGS,HK,0.021822516018970405,30.45165344434844,71.03725371304446
2021,vw_50,JP3600200004,TOHO GAS,JP,0.021785911769939995,16.47557046331548,10.961154189928449
2021,vw_50,HK0014000126,HYSAN DEVELOPMENT,HK,0.02031192733559341,1.144939284789022,0.14161267898628063
2021,vw_50,HK0000055878,CHINA TAIPING INSURANCE HLDGS,HK,0.018649347167932748,0.08113869468189966,0.43217745433514865
2021,vw_50,JP3419050004,SEGA SAMMY HDG.,JP,0.018492354625365137,2.163697397703775,1.436885968842709
2021,vw_50,JP3519400000,CHUGAI PHARM.,JP,0.018356562291887348,6.530537454498055,0.5646100203787522
2021,vw_50,JP3249600002,KYOCERA,JP,0.018157061383625155,8.958562869929414,5.328033363851419
2021,vw_50,JP3906000009,MINEBEA MITSUMI,JP,0.017163978440068704,8.620865349603337,8.206441278295882
2021,vw_50,BMG8403G1033,SINOFERT HOLDINGS,HK,0.016802331138207473,447.597739616981,1632.6853319246345
2021,vw_50,AU000000BEN6,BENDIGO & ADELAIDE BANK,AU,0.015043973506619129,0.8579732401306741,0.38689415832046764
2021,vw_50,JP3830000000,BROTHER INDUSTRIES,JP,0.014755167839131673,3.1122531507351012,3.109485217886256
2021,vw_50,KYG2108Y1052,CHINA RESOURCES LAND,HK,0.014462232522909938,20.099849038675217,18.30605945873325
2021,vw_50,JP3475350009,DAIICHI SANKYO,JP,0.014086154146814802,9.517064496294866,1.2838755112208884
2021,vw_50,JP3826800009,FURUKAWA,JP,0.013548098318580877,2.78664114018294,8.652218782249742
2021,vw_50,HK2388011192,BOC HONG KONG HOLDINGS,HK,0.013003296601865071,0.03838247087854749,0.01823371258612822
2021,vw_50,JP3621000003,TORAY INDS.,JP,0.01294235034975552,158.03337642414223,256.0763453804647
2021,vw_50,JP3352400000,CITIZEN WATCH,JP,0.012605471460643393,8.60958091825262,17.198941603593624
2021,vw_50,KYG210961051,CHINA MENGNIU DAIRY,HK,0.01246882095128142,23.529122175509876,10.895377971138142
2021,vw_50,JP3791200003,HITACHI TRANSPORT SYSTEM DEAD - DELIST.24/02/23,JP,0.011805132895911235,6.717543079554712,11.729976060684722
2021,vw_50,JP3756600007,NINTENDO,JP,0.011224549542585381,0.036765734559230885,0.007563840773284713
2021,vw_50,JP3358000002,SHIMANO,JP,0.011197731237564137,6.050673416820617,0.9724054703839446
2021,vw_50,JP3900000005,MITSUBISHI HEAVY INDS.,JP,0.01112432288804438,4.189305098045831,15.337906264061864
2021,vw_50,JP3481800005,DAIKIN INDUSTRIES,JP,0.01093771559628322,23.684150579350927,8.643877737850048
2021,vw_50,JP3352000008,77 BANK,JP,0.010662586096533484,1.384284221236304,1.6543794526071987
2021,vw_50,JP3820000002,FUJI ELECTRIC,JP,0.010635066233916725,24.99608431765202,32.240525160206076
2021,vw_50,JP3436100006,SOFTBANK GROUP,JP,0.010422048782723821,0.25229903733580594,0.09057185527773763
2021,vw_50,JP3571400005,TOKYO ELECTRON,JP,0.010140361709324405,2.37509517784426,0.4711380811488231
2021,vw_50,JP3293200006,COCA-COLA BOTTLERS JAPAN HOLDINGS,JP,0.009937096992491542,24.998603233517724,59.247342265836316
2021,vw_50,SG9999000020,FLEX,SG,0.009844892679911323,3.17205059310087,8.262682087774037
2021,vw_50,JP3274400005,GLORY,JP,0.008996017067082807,1.4137099745873583,2.2423774297067234
2021,vw_50,JP3201200007,OLYMPUS,JP,0.008790858994164723,4.222985896293734,1.1253974739029087
2021,vw_50,JP3528600004,CHIYODA CORPORATION,JP,0.008771011000358788,15.619523489766559,61.24356527271675
2021,vw_50,JP3242800005,CANON,JP,0.00791586167991212,4.744268765028811,4.820396268978484
2021,vw_50,JP3397200001,SUZUKI MOTOR,JP,0.007694961601418298,13.146604498449774,16.539328346580753
2021,vw_50,JP3407200009,OSAKA TITANIUM,JP,0.0070214814082364884,214.52054657839727,155.2570768341999
2021,vw_50,AU000000NCM7,NEWCREST MINING DEAD - DELIST.08/11/23,AU,0.006945012529915621,290.6606285439366,86.60905350315166
2021,vw_50,JP3633400001,TOYOTA MOTOR,JP,0.006833517459537178,9.744521593169779,10.585344491179342
2021,vw_50,JP3156400008,USHIO,JP,0.006832536432334585,3.18130769583789,2.130657929074724
2021,vw_50,AU000000CSL8,CSL,AU,0.006625213881853418,5.095693185592611,0.5854720104461661
2021,vw_50,JP3802300008,FAST RETAILING,JP,0.006257855565944052,0.5256680528634731,0.10858860154252334
2021,vw_50,JP3197800000,OMRON,JP,0.006004566189785221,3.2451954207568185,1.0787468520631094
2021,vw_50,JP3769000005,HACHIJUNI NAGANO BANK,JP,0.005911742286797472,1.8518212445010067,1.598121954118626
2021,vw_50,JP3404600003,SUMITOMO,JP,0.005883282100483269,34.45692623593463,89.50557402263372
2021,vw_50,JP3626800001,LIXIL,JP,0.005871481262618126,34.96388328395498,62.202751604123534
2021,vw_50,JP3802400006,FANUC,JP,0.005869323606151601,9.951441189873766,0.8726159684014928
2021,vw_50,JP3421100003,JAPAN PETROLEUM EXP.,JP,0.005549906114146207,352.23151259905023,661.4594956482928
2021,vw_50,JP3914400001,MURATA MANUFACTURING,JP,0.0054573950453036995,18.45096453744527,4.342019976415647
2021,vw_50,AU000000ANZ3,ANZ GROUP HOLDINGS,AU,0.0052008851085528236,0.28236684956923674,0.1223296097449321
2021,vw_50,JP3756100008,NITORI HOLDINGS,JP,0.005195498123916131,6.301763090174576,1.8731289101515858
2021,vw_50,AU000000QBE9,QBE INSURANCE GROUP,AU,0.0049933143721866595,0.3781466249341749,0.7087353862694736
2021,vw_50,JP3734800000,NIDEC,JP,0.00485049985281798,4.041834060347008,0.730351624137683
2021,vw_50,JP3385820000,GS YUASA,JP,0.0048268345886952856,17.6414287825406,24.480057034657754
2021,vw_50,JP3357200009,SHIMADZU,JP,0.0048151299189046134,0.5496962515937756,0.1746537271542009
2021,vw_50,JP3539220008,T & D HOLDINGS,JP,0.004763028549399636,0.0967828546036112,0.25179514418014726
2021,vw_50,JP3243600008,CANON MARKETING JAPAN,JP,0.004708986645191166,1.1183723902394627,1.891191287477379
2021,vw_50,JP3198900007,ORIENTAL LAND,JP,0.004656146252524461,22.87398720449046,0.8041856815788333
2021,vw_50,JP3209000003,CASIO COMPUTER,JP,0.004641910457818298,1.6700011307179137,0.7286548530004028
2021,vw_50,JP3862400003,MAKITA,JP,0.00455314296588215,0.9142392576887222,0.3765695869859528
2021,vw_50,JP3890310000,MS&AD INSURANCE GP.HDG.,JP,0.004473741059053923,0.46314343111644884,1.1521005673887534
2021,vw_50,AU000000LLC3,LENDLEASE GROUP STAPLED UNITS,AU,0.004371556946833742,4.697980152143763,6.133135868198271
2021,vw_50,AU000000WBC1,WESTPAC BANKING,AU,0.004342792907645864,0.33992682848788586,0.13182455697898615
2021,vw_50,US89677Q1076,TRIP COM GROUP ADR 1:1,SG,0.0042657812276382,0.010149578472969606,0.0014222383292176214
2021,vw_50,JP3134800006,IHI,JP,0.003981916870176656,4.9948162893987185,20.484483573416412
2021,vw_50,HK0000139300,TELEVISION BROADCASTS,HK,0.0037295752269044464,1.6353439617127947,1.319239774135794
2021,vw_50,AU000000CWY3,CLEANAWAY WASTE MANAGEMENT,AU,0.0037169291362774614,491.95697565800316,244.92831679105433
2021,vw_50,HK0066009694,MTR,HK,0.003674208449347346,8.745824465095144,1.3480941483630986
2021,vw_50,JP3548610009,DENA,JP,0.0036476398471204817,0.014997485947750338,0.007610868319960905
2021,vw_50,JP3499800005,MITSUBISHI HC CAPITAL,JP,0.003382297659726263,0.389440466506719,0.7440731761173922
2021,vw_50,JP3452000007,TAIYO YUDEN,JP,0.003241771320369041,15.238039952689514,5.511933993278065
2021,vw_50,JP3771800004,HAMAMATSU PHOTONICS,JP,0.0032110711918332214,9.312642842148524,1.3088333525518563
2021,vw_50,JP3122400009,ADVANTEST,JP,0.0030567400386217643,1.3788950165069296,0.22775285049729027
2021,vw_50,AU000000ABC7,ADBRI DEAD - DELIST.02/07/24,AU,0.002919571701205206,1895.569038259614,1387.699052242716
2021,vw_50,JP3116000005,ASAHI GROUP HOLDINGS,JP,0.002889506724271038,25.604289744777063,23.85382146428663
2021,vw_50,JP3665200006,NICHIREI,JP,0.0028213591389722433,7.703787181778563,10.816156247102816
2021,vw_50,JP3711200000,AOZORA BANK,JP,0.0027972836364363873,0.08496727641867402,0.05170443206763302
2021,vw_50,JP3420600003,SEKISUI HOUSE,JP,0.002744199715240266,3.6938927753986057,6.455327258820342
2021,vw_50,AU000000APA1,APA GROUP,AU,0.0027428981652547857,742.4466624715218,163.34048767560787
2021,vw_50,JP3902000003,MITSUBISHI LOGISTICS,JP,0.002733197569466762,2.3516572997985983,1.8783020873522673
2021,vw_50,JP3684000007,NITTO DENKO,JP,0.0027201060608766947,51.87095507356072,24.3310090372434
2021,vw_50,AU000000JBH7,JB HI-FI,AU,0.002719804577147655,0.06363750969498617,0.09494476211624937
2021,vw_50,AU000000PPT9,PERPETUAL,AU,0.002670927991601083,0.0,0.0
2021,vw_50,JP3538800008,TDK,JP,0.002630903677709035,10.305729077997096,6.718340509981616
2021,vw_50,JP3973400009,RICOH,JP,0.002625963759608007,7.2206334055224355,20.311507280448303
2021,vw_50,JP3837800006,HOYA,JP,0.0025972730139349966,3.163024871853013,0.3440027950227096
2021,vw_50,JP3351100007,SYSMEX,JP,0.0025651665624255604,1.433960842276038,0.16373274951284028
2021,vw_50,JP3188220002,OTSUKA HOLDINGS,JP,0.0024672619943279556,26.764705035053996,15.28927101939304
2021,vw_50,AU000000TLS2,TELSTRA GROUP,AU,0.002407714400241084,1.9375810192607323,1.1578695759751074
2021,vw_50,JP3735400008,NTT,JP,0.002301816790963048,2.124363165238635,2.4285179020544034
2021,vw_50,AU000000CBA7,COMMONWEALTH BK.OF AUS.,AU,0.0022518561617351127,0.3601761363181233,0.0753087655091351
2021,vw_50,AU000000ALL7,ARISTOCRAT LEISURE,AU,0.0022439026553145304,6.024843393918606,1.1972285110151357
2021,vw_50,JP3271400008,CREDIT SAISON,JP,0.0021936594367006883,0.317797696137562,0.4775798884246399
2021,vw_50,JP3951600000,UNI CHARM,JP,0.0021930441530927983,5.128768199903493,1.2882613624652168
2021,vw_50,JP3388200002,AEON,JP,0.0020451604333632163,2.636734939913022,7.762730698652951
2021,vw_50,BMG4600H1198,HOPSON DEVELOPMENT HOLDINGS,HK,0.002029345928125779,0.29294747557756207,0.2297419426723993
2021,vw_50,JP3419400001,SEKISUI CHEMICAL,JP,0.0020266680231347273,20.082760760303643,23.223223223223222
2021,vw_50,AU000000ERA9,ENERGY RES.OF AUS.,AU,0.0020206510914126557,598.6181366929928,184.9648247737575
2021,vw_50,BMG8063F1068,SHANGRI-LA ASIA,HK,0.0020058417485563146,146.81057641909572,48.838653223782835
2021,vw_50,HK0011000095,HANG SENG BANK DEAD - DELIST.28/01/26,HK,0.0019679291735932333,0.011546599151318379,0.0020245911644602294
2021,vw_50,SG9999003735,XP POWER (DI),SG,0.0019445837903127872,0.6810282241225337,0.1565708039763076
2021,vw_50,JP3336000009,SANTEN PHARM.,JP,0.0019093786284496324,6.480036385883986,2.260488606285558
2021,vw_50,JP3939000000,YAMADA HOLDINGS,JP,0.0018968764520952196,3.3849806153443427,10.714880985451572
2021,vw_50,AU000000NAB4,NATIONAL AUS.BANK,AU,0.0017746150835991738,0.5416620510345664,0.1786440682443123
2021,vw_50,JP3940000007,YAMATO HDG.,JP,0.0017422608451637196,42.12284511953164,64.53510484056241
2021,vw_50,JP3143600009,ITOCHU,JP,0.001698877205178253,15.513353977532555,33.95058947578761
2021,vw_50,JP3351600006,SHISEIDO,JP,0.0016359384925349165,3.280523569005124,1.0255960135057265
2021,vw_50,AU000000SGM7,SIMS,AU,0.001628656874739492,20.4110230848388,37.474986356194286
2021,vw_50,JP3835620000,BENESSE HOLDINGS DEAD - DELIST.17/05/24,JP,0.0016219115343736777,0.01859311296417034,0.038372597925860105
2021,vw_50,HK0006000050,POWER ASSETS HOLDINGS,HK,0.0015949111988260236,42609.82159750493,606.5829601555616
2021,vw_50,JP3992400006,WACOAL HDG.,JP,0.0015570430011342493,1.0741360572339163,1.1733943216746543
2021,vw_50,AU000000ELD6,ELDERS,AU,0.001539878349255302,34.94288733584365,42.4383744170553
2021,vw_50,HK0293001514,CATHAY PACIFIC AIRWAYS,HK,0.0015327112920911618,994.3401782439225,1188.4905336341726
2021,vw_50,AU000000BHP4,BHP GROUP,AU,0.0015280671785023088,200.0919590946263,100.30537524588473
2021,vw_50,JP3579800008,TOKYO STEEL MNFG.,JP,0.0014898708992339587,190.08409576039216,238.51690722034465
2021,vw_50,JP3205800000,KAO,JP,0.00138073407721248,46.00987181725761,17.285136468295203
2021,vw_50,JP3375800004,SHINKO ELEC.INDS. DEAD - DELIST.06/06/25,JP,0.0013416894823772005,26.90087132334095,12.290945534860795
2021,vw_50,JP3893200000,MITSUI FUDOSAN,JP,0.0013338214351508249,5.815806137233099,5.842845740235208
2021,vw_50,JP3421800008,SECOM,JP,0.0013033237417007357,6.113321391496044,2.9073385132806555
2021,vw_50,JP3385980002,J S R DEAD - DELIST.25/06/24,JP,0.0012883812302540135,97.59407371605701,57.77241721820744
2021,vw_50,JP3780100008,PARK24,JP,0.0012741373122299238,58.40012901372535,44.90786490728362
2021,vw_50,JP3496400007,KDDI,JP,0.0012632086604851946,0.5080693992419133,0.36867305835331643
2021,vw_50,AU000000BLD2,BORAL DEAD - DELIST.08/07/24,AU,0.0012423300000579966,609.0577968164733,273.27042592922294
2021,vw_50,JP3786200000,HITACHI METALS DEAD - DELIST.29/12/22,JP,0.0012020988655070783,48.36735030514765,50.05012244921576
2021,vw_50,AU000000OZL8,OZ MINERALS DEAD - DELIST.03/05/23,AU,0.0011999590794867052,93.12779410420049,19.886208561651024
2021,vw_50,JP3910660004,TOKIO MARINE HOLDINGS,JP,0.0011811453280930746,0.2591522043244732,0.38422704627975807
2021,vw_50,BMG2108M2182,CHINESE ESTATES HDG.,HK,0.0011414891030147873,0.0,0.0
2021,vw_50,JP3119600009,AJINOMOTO,JP,0.0011134154244946974,99.72557970792427,83.83347834505477
2021,vw_50,JP3358800005,SHIMIZU,JP,0.001093368710653845,10.815723679927537,27.808173220778514
2021,vw_50,AU000000IRE2,IRESS,AU,0.0010798016364595988,0.19452509130521475,0.05352889221957552
2021,vw_50,JP3277800003,KEIO,JP,0.0010723658038610264,31.724963318925045,9.973930503090871
2021,vw_50,JP3766550002,HAKUHODO DY HDG.,JP,0.001048080396601052,0.02666319908344228,0.05612214942651798
2021,vw_50,AU000000IVC8,INVOCARE DEAD - DELIST.27/11/23,AU,0.0010429039269374896,15.159718462371412,4.329656561491432
2021,vw_50,NZAIAE0002S6,AUCKLAND INTL.AIRPORT,NZ,0.0010186113927693051,7.235195726307327,0.21353620548458943
2021,vw_50,JP3762600009,NOMURA HDG.,JP,0.0009936231875435036,0.12858082972157828,0.12824753203953504
2021,vw_50,JP3866800000,PANASONIC HOLDINGS,JP,0.0009685180931475898,5.248435238674898,10.232193270627558
2021,vw_50,JP3726800000,JAPAN TOBACCO,JP,0.0009615044401201845,17.68967023314898,8.86203067651223
2021,vw_50,JP3197600004,ONO PHARM.,JP,0.0009541337261262654,3.5143061837522835,0.6390390876799591
2021,vw_50,JP3266400005,KUBOTA,JP,0.0009345370992531463,17.523909077112688,11.309426645009175
2021,vw_50,SG1J26887955,SINGAPORE EXCHANGE,SG,0.0009237035975833447,0.07915458037112538,0.008153240787778668
2021,vw_50,AU000000SIG5,SIGMA HEALTHCARE,AU,0.0009178157747568746,1.721949517553358,8.450964111080356
2021,vw_50,AU000000STO6,SANTOS,AU,0.0009121233317949456,1666.3763526614764,603.2500094257814
2021,vw_50,HK0019000162,SWIRE PACIFIC 'A',HK,0.0009057839559784477,16.561842792663743,29.94447139252299
2021,vw_50,HK0388045442,HONG KONG EXCHANGES AND CLEARING,HK,0.0008997139969424802,0.046612163946862135,0.0011969480640714565
2021,vw_50,MU0117U00026,GOLDEN AGRI-RESOURCES,SG,0.000890962012269832,1139.2550403638295,4648.941457666683
2021,vw_50,JP3486800000,DAITO TST.CONSTRUCTION,JP,0.0008601464511822053,2.3212251706430127,4.819107456915428
2021,vw_50,AU000000CSR5,CSR DEAD - DEAD.10/07/24,AU,0.0008381883948403859,172.84676740471565,139.94783156190505
2021,vw_50,AU000000MAH3,MACMAHON HOLDINGS,AU,0.0007949717189418663,2.010370413934386,4.8298598846108565
2021,vw_50,JP3657400002,NIKON,JP,0.0007937689324783286,7.535152783680785,11.091515308175813
2021,vw_50,JP3131400008,AEON FINANCIAL SERVICE,JP,0.0007776390106630126,0.5471338546759411,0.9867783850714635
2021,vw_50,BMG677491539,ORIENT OVERSEAS (INTL.),HK,0.0007530563237775516,676.4105403373532,939.9761959661996
2021,vw_50,JP3165700000,NTT DATA GROUP DEAD - DELIST.26/09/25,JP,0.0007482812950656441,0.3333217331293907,0.3500793854924705
2021,vw_50,JP3305530002,COMSYS HOLDINGS,JP,0.0007457200214548736,16.984182819253572,20.866274998956683
2021,vw_50,JP3982100004,LAWSON DEAD - DELIST.24/07/24,JP,0.0007408275993092696,0.6677848179898124,0.8783199985293246
2021,vw_50,JP3868400007,MAZDA MOTOR,JP,0.0007329324088952044,3.5979663552311503,20.82045470155917
2021,vw_50,JP3942600002,YAMAHA,JP,0.0007063153492162054,6.353682348806186,1.9251484770762943
2021,vw_50,IE00BKVD2N49,SEAGATE TECHNOLOGY HOLDINGS,SG,0.0006935502788940483,34.919976405819895,22.47341292110839
2021,vw_50,BMG5320C1082,KUNLUN ENERGY,HK,0.0006882418501195417,30.23863360314388,60.279758384778894
2021,vw_50,JP3494600004,SCREEN HOLDINGS,JP,0.0006864715744424838,3.556442525456174,2.5272150632875223
2021,vw_50,HK0392044647,BEIJING ENTERPRISES HOLDINGS,HK,0.0006818057050478409,50.908019397066504,104.32462870252546
2021,vw_50,JP3200450009,ORIX,JP,0.0006735035289521597,45.90233640364757,45.670175639761865
2021,vw_50,KYG217651051,CK HUTCHISON HOLDINGS,HK,0.0006655243290880406,234.377460516798,294.65367635197197
2021,vw_50,JP3389900006,JAFCO GROUP,JP,0.0006433550010837897,0.021655177391994802,0.0016307449786644198
2021,vw_50,JP3733000008,NEC,JP,0.0006178259103363596,0.7928699146376407,1.3291986423106872
2021,vw_50,JP3634600005,TOYOTA INDS.,JP,0.0006128517465862505,11.333295465326483,8.010516794688215
2021,vw_50,JP3902400005,MITSUBISHI ELECTRIC,JP,0.0006103813447811189,6.124309616952777,7.249248639342991
2021,vw_50,JP3762800005,NOMURA RESEARCH INST.,JP,0.0006012717882545288,0.19362778698155192,0.046463737840439806
2021,vw_50,JP3368000000,RESONAC HOLDINGS,JP,0.0005963049677081528,375.73496879327337,936.2938257326143
2021,vw_50,JP3190000004,OBAYASHI,JP,0.0005738410307052418,12.556188517887827,36.24464809756561
2021,vw_50,JP3027670003,NIPPON BUILDING FUND,JP,0.0005729860423283133,15.379302044468632,1.2137806852347441
2021,vw_50,JP3560800009,TOKAI CARBON,JP,0.0005647200740192417,1079.462521530584,611.3552594272753
2021,vw_50,JP3967200001,RAKUTEN GROUP,JP,0.0005631081759698199,0.11892490156021962,0.11557732523052308
2021,vw_50,JP3322930003,SUMCO,JP,0.0005517266417208235,9.740400294376542,4.064000481659316
2021,vw_50,HK0308001558,CTII.INTL.INV.HK.,HK,0.0005414756996081415,59.21182382500739,19.475149723885824
2021,vw_50,JP3592200004,TOSHIBA DEAD - DELIST.20/12/23,JP,0.0005095915169818412,9.709546207366293,18.817204301075268
2021,vw_50,JP3818000006,FUJITSU,JP,0.0005072266049451644,2.1703105795464257,2.332582034577574
2021,vw_50,JP3409000001,SUMITOMO REAL.&DEV.,JP,0.00047660050155364663,4.579067099733777,2.8566288925678163
2021,vw_50,JP3381000003,NIPPON STEEL,JP,0.00047016129674623075,1356.2252941620889,5560.078687831991
2021,vw_50,KYG5427W1309,LEE & MAN PAPER MNFG.,HK,0.00046122836615537414,1538.293940871304,1280.3880716509038
2021,vw_50,AU000000TCL6,TRANSURBAN GROUP STAPLED UNITS,AU,0.00046093269251163793,2.189386190963235,0.161939498445409
2021,vw_50,JP3505000004,DAIWA HOUSE INDUSTRY,JP,0.0004554298393763221,5.388167146721484,11.428661964578543
2021,vw_50,JP3870000001,MABUCHI MOTOR,JP,0.0004505067298238462,3.693737526188798,1.4017106899280305
2021,vw_50,JP3933800009,LY,JP,0.00044942065298630036,0.3306594819668116,0.11586286279716679
2021,vw_50,JP3788600009,HITACHI,JP,0.0004368963150027428,15.260742990787652,29.65006603215525
2021,vw_50,JP3625000009,TOKUYAMA,JP,0.000435623664788693,2364.5019697770476,3678.851501744189
2021,vw_50,JP3283650004,KOSE HOLDINGS,JP,0.0004334701151280204,2.331465061216191,0.7234709089063548
2021,vw_50,JP3877600001,MARUBENI,JP,0.00043047224719336186,13.543890283583663,67.23798272991392
2021,vw_50,JP3359600008,SHARP,JP,0.0004165941690659887,12.165740095364082,24.051695110023143
2021,vw_50,AU0000088338,AMPOL,AU,0.000402689161392898,47.258119700575136,111.0747887420338
2021,vw_50,SG1S04926220,OVERSEA-CHINESE BKG.,SG,0.00039948961759781913,0.0094489322885924,0.006821535674472863
2021,vw_50,JP3942400007,ASTELLAS PHARMA,JP,0.000385640503734229,5.306598284823838,2.057013565834772
2021,vw_50,JP3814800003,SUBARU,JP,0.0003829714023463634,5.940259083276522,11.17999652165003
2021,vw_50,JP3300600008,KONICA MINOLTA,JP,0.0003748462602642126,17.928614240583975,64.87351383710643
2021,vw_50,JP3371200001,SHIN-ETSU CHEMICAL,JP,0.00037029258225909596,151.97131852720426,28.93933829401024
2021,vw_50,AU000000GMG2,GOODMAN GROUP,AU,0.00033165077218445327,2.1047268365695175,0.13116174147003293
2021,vw_50,JP3463000004,TAKEDA PHARMACEUTICAL,JP,0.0003252308282879991,9.625505737376322,5.306903865345918
2021,vw_50,NZCENE0001S6,CONTACT ENERGY,NZ,0.00032489298867698156,694.9203838496848,241.9458603225037
2021,vw_50,JP3402600005,SUMITOMO METAL MINING,JP,0.00032327116419873726,219.1967798509929,139.8078442851961
2021,vw_50,HK0003000038,HONG KONG AND CHINA GAS,HK,0.00032051463289041443,342.4244369835816,71.3018101510431
2021,vw_50,HK0291001490,CHINA RESOURCES BEER HOLDINGS,HK,0.00031338791988200806,49.88693388996649,7.519146616433491
2021,vw_50,JP3143000002,ITO EN,JP,0.0003054401354282599,7.832887017013505,5.899378062536982
2021,vw_50,JP3493400000,DIC,JP,0.00029247105326341374,43.77469945483778,123.87886242656883
2021,vw_50,JP3885400006,MISUMI GROUP,JP,0.0002905301928525261,3.044968179592978,0.8948187241948379
2021,vw_50,AU000000BSL0,BLUESCOPE STEEL,AU,0.0002904903739968622,1034.6720475855507,1365.934459868722
2021,vw_50,KYG525621408,KINGBOARD HOLDINGS,HK,0.000289533334356543,203.44339641128713,232.3661228426437
2021,vw_50,SG1P66918738,SINGAPORE PRESS HDG. DEAD - DELIST.13/05/22,SG,0.00027730349736664533,0.17483406168022464,0.07765462506841818
2021,vw_50,JP3270000007,KURITA WATER IND.,JP,0.00027131422985405255,5.53694964697991,2.764754904477718
2021,vw_50,AU000000AMP6,AMP,AU,0.0002697415086293269,0.058128655436422774,0.03712254508100851
2021,vw_50,JP3108600002,ACOM,JP,0.0002617135218967064,0.0,0.0
2021,vw_50,SG1U68934629,KEPPEL,SG,0.00025946680548110784,5.806538501479827,4.111446215711618
2021,vw_50,JP3039710003,JAPAN METROPOLITAN FUND INVESTMENT REIT,JP,0.00025907136677372043,9.376907192362033,1.1340839966349576
2021,vw_50,AU000000MTS0,METCASH,AU,0.00025587561750982233,1.439809139933286,5.731460789651011
2021,vw_50,AU000000RHC8,RAMSAY HEALTH CARE,AU,0.0002493704846044173,6.272968005375982,4.895081859208749
2021,vw_50,JP3300200007,KONAMI GROUP,JP,0.0002454442503776259,14.286684119465844,3.9052420173954294
2021,vw_50,KYG548561284,LIFESTYLE INTL.HDG. DEAD - DELIST.21/12/22,HK,0.00024543671495899476,0.00011667703795892968,2.7451913398363867e-05
2021,vw_50,JP3102000001,AISIN,JP,0.0002358182458594173,17.749094360994928,60.18461063549985
2021,vw_50,HK0270001396,GUANGDONG INVESTMENT,HK,0.000233538881761248,1015.4118972047365,256.3484676523143
2021,vw_50,JP3830800003,BRIDGESTONE,JP,0.00022458392284006713,60.43772496118052,64.88837842359676
2021,vw_50,JP3229400001,KANSAI PAINT,JP,0.00022453911886279195,4.473960378077215,1.9199333111370902
2021,vw_50,JP3919800007,MEIDENSHA,JP,0.00022440935486362637,8.437638894862861,18.738527814197415
2021,vw_50,JP3162600005,SMC,JP,0.00022246777043127358,10.657878866652476,1.2627883263295063
2021,vw_50,BMG2442N1048,COSCO SHIPPING PORTS,HK,0.00021745477862448234,85.72975208014773,35.20896826406008
2021,vw_50,AU000000WES1,WESFARMERS,AU,0.00021290107473294687,99.19920998819616,52.93951946171813
2021,vw_50,JP3224200000,KAWASAKI HEAVY INDUSTRY,JP,0.00021045842636631629,9.530616033108407,37.922269975507184
2021,vw_50,SGXE34184239,SEATRIUM,SG,0.0002101079604432795,54.66243336164562,43.25780283815792
2021,vw_50,JP3783600004,EAST JAPAN RAILWAY,JP,0.00020752688973986203,76.19550751287704,59.107452834099746
2021,vw_50,HK0688002218,CHINA OVERSEAS LAND INVESTMENT,HK,0.00020316838427843692,1.1184494606876625,1.2055128089977345
2021,vw_50,NZFBUE0001S0,FLETCHER BUILDING,NZ,0.00020160354576975785,157.02567799127718,221.80358928335613
2021,vw_50,SG1R50925390,SEMBCORP INDUSTRIES,SG,0.00020151865850826943,6349.3497353040175,11655.244934368106
2021,vw_50,JP3174410005,OJI HOLDINGS,JP,0.0001991354447175582,478.35911602716,998.9591187098811
2021,vw_50,JP3544000007,TEIJIN,JP,0.00019425819930330728,91.44429175108091,194.21034347877227
2021,vw_50,JP3902900004,MITSUBISHI UFJ FINL.GP.,JP,0.00016857273414937101,0.5038460430056978,0.4767628975332948
2021,vw_50,AU000000SHL7,SONIC HEALTHCARE,AU,0.0001637231279395997,5.774506976301158,2.6896949708901423
2021,vw_50,HK0000745908,YUEXIU PROPERTY COMPANY,HK,0.00016262753958659634,0.5195856066626781,1.135002194443993
2021,vw_50,JP3695200000,NGK INSULATORS,JP,0.00016061622314054034,64.24934977954442,45.34609894724909
2021,vw_50,JP3850200001,HOKKAIDO ELEC.POWER,JP,0.00015197961886616874,1833.056393836749,14266.289204431465
2021,vw_50,JP3027680002,JAPAN REAL ESTATE INV.,JP,0.00015137730116356773,4.893430155319013,0.4023826312949925
2021,vw_50,JP3551200003,ELEC.POWER DEV.,JP,0.00014749404282537895,6671.917366846498,18476.49918962723
2021,vw_50,AU000000BOQ8,BANK OF QLND.,AU,0.00014705660682518562,0.2885016943590185,0.15229561679724804
2021,vw_50,JP3292200007,JTEKT,JP,0.00014457239122405072,8.449665598082694,31.344091638726102
2021,vw_50,JP3414750004,SEIKO EPSON,JP,0.0001412003178589192,13.597917051933184,18.354825581480767
2021,vw_50,JP3219000001,KAMIGUMI,JP,0.0001396385949441893,12.63231337178418,13.73026397508877
2021,vw_50,AU000000CIM7,CIMIC GROUP DEAD - DELIST.11/05/22,AU,0.00013684651441677451,19.398085830626034,19.373282726949583
2021,vw_50,AU000000ANN9,ANSELL,AU,0.00013516271071816147,66.86914926762118,35.65359956135351
2021,vw_50,JP3982800009,ROHM,JP,0.00013427162475538974,39.3257866049858,11.573214187135273
2021,vw_50,JP3676800000,NISSHIN SEIFUN,JP,0.0001327718699813369,13.261580560900835,17.226255982163895
2021,vw_50,JP3635000007,TOYOTA TSUSHO,JP,0.00013244745067421502,6.90979774496955,27.890632521421008
2021,vw_50,JP3743000006,NH FOODS,JP,0.00013149443885092805,31.071287237134904,78.4708747141659
2021,vw_50,SG1T75931496,SINGAPORE TELECOM,SG,0.00012951565175049108,0.6490597635173723,0.26149394711479085
2021,vw_50,AU000000IGO4,IGO,AU,0.00012828714366606053,95.29100417654635,17.056523390056903
2021,vw_50,JP3196000008,ODAKYU ELECTRIC RY.,JP,0.00012553061853045117,20.29863864642588,7.266563905342105
2021,vw_50,JP3203500008,ONWARD HOLDINGS,JP,0.00012551112170402042,0.632484669470575,3.048984961436273
2021,vw_50,JP3774200004,HANKYU HANSHIN HDG.,JP,0.00011751756607913876,19.2170411200513,12.625246878694142
2021,vw_50,SG1L01001701,DBS GROUP HOLDINGS,SG,0.00011464687013120336,0.05549040137006314,0.015507652319664134
2021,vw_50,JP3670800006,NISSAN CHEMICAL,JP,0.00011159700852603411,111.81147453181106,26.430153773781893
2021,vw_50,JP3672400003,NISSAN MOTOR,JP,0.00011071053963186925,7.517857029112943,24.72122326006412
2021,vw_50,AU000000MGR9,MIRVAC GROUP STAPLED UNITS,AU,0.00010561975112057495,4.496450059059334,0.8745475230116868
2021,vw_50,JP3675600005,NISSIN FOODS HOLDINGS,JP,9.568425772652602e-05,60.33710596045625,32.16264331628562
2021,vw_50,JP3280200001,KEIKYU,JP,9.153716915370642e-05,29.383346852724674,15.291773631173609
2021,vw_50,JP3585800000,TOKYO ELECTRIC POWER CO. HDG.,JP,8.896787800019687e-05,3.738224340123759,35.403539307520724
2021,vw_50,SGXE21576413,GENTING SINGAPORE,SG,8.786520342228912e-05,4.17053698014012,0.42654228948208506
2021,vw_50,JP3040890000,JAPAN PRIME REALTY INV.,JP,8.785096641772314e-05,3.8031762169693204,0.3677206779167349
2021,vw_50,JP3711600001,NIPPON SANSO HOLDINGS,JP,8.695853275163923e-05,128.21510415496178,116.32758413419042
2021,vw_50,JP3522200009,CHUGOKU ELEC.POWER,JP,8.443844623540082e-05,1420.766108939054,3711.7834490058985
2021,vw_50,BMG988031446,YUE YUEN INDL.HDG.,HK,8.41765660141406e-05,1.6567682652192508,3.9043762480059794
2021,vw_50,JP3827200001,FURUKAWA ELECTRIC,JP,8.413918795812308e-05,18.75603176930763,71.03472256718494
2021,vw_50,JP3888300005,MITSUI CHEMICALS,JP,8.411857804615269e-05,327.09940752151965,596.6158798728284
2021,vw_50,AU000000ILU1,ILUKA RESOURCES,AU,7.444279108261026e-05,463.5222630542121,167.60664454387393
2021,vw_50,JP3411000007,SURUGA BANK,JP,6.900230265628116e-05,0.171757783821883,0.23874687008676412
2021,vw_50,JP3888400003,MITSUI KINZOKU LIMITED,JP,6.729671363469608e-05,170.91110538238343,371.6337094196503
2021,vw_50,AU000000SEK6,SEEK,AU,6.543221458153977e-05,0.0,0.0
2021,vw_50,JP3246400000,KYUSHU ELEC.POWER,JP,6.40523465590656e-05,1129.679663517938,5397.079572139255
2021,vw_50,JP3613000003,TOYO SUISAN KAISHA,JP,6.355405352672522e-05,41.911676497302835,33.15027259770161
2021,vw_50,SG1M77906915,CAPITALAND ASCENDAS REIT,SG,6.340544413595457e-05,0.7366909439818661,0.061192177671273905
2021,vw_50,JP3598600009,TOHO,JP,6.305773379325433e-05,2.876709297461225,0.7635434569499935
2021,vw_50,JP3688370000,NIPPON EXPRESS HOLDINGS,JP,6.248079612511466e-05,28.645010668119358,80.30365261234722
2021,vw_50,JP3148800000,IBIDEN,JP,6.212067333598665e-05,52.74209557616316,22.946407554845617
2021,vw_50,JP3256000005,KYOWA KIRIN,JP,6.137600682376484e-05,5.414918725047778,1.041539003737018
2021,vw_50,JP3940400009,YAMATO KOGYO,JP,6.115861728283506e-05,38.35307703250388,31.451396156067545
2021,vw_50,JP3574200006,TOKYU,JP,5.7005651549045206e-05,14.781219144262556,18.55642265369647
2021,vw_50,SG1F60858221,SINGAPORE TECHS.ENGR.,SG,5.605838519476723e-05,6.706131005759449,4.088762490601525
2021,vw_50,JP3215800008,KANEKA,JP,5.48288812344086e-05,171.87201227309856,373.10000919753503
2021,vw_50,JP3160400002,EISAI,JP,5.39336422511661e-05,6.68247870385836,2.0704435659341214
2021,vw_50,JP3276400003,GUNMA BANK,JP,5.1645038506282484e-05,1.1473934394058216,1.1252110692454598
2021,vw_50,AU000000SUN6,SUNCORP GROUP,AU,4.9644134856694924e-05,0.15987385200111545,0.18463019360892372
2021,vw_50,AU000000SGP0,STOCKLAND STAPLED UNITS,AU,4.854100055052778e-05,2.333174956850965,0.6126736051533707
2021,vw_50,AU000000CGF5,CHALLENGER,AU,4.606453509698519e-05,0.001088447939205235,0.000286857576661963
2021,vw_50,JP3811000003,FUJIKURA,JP,4.604689436478602e-05,4.0054185871905075,16.301398596666914
2021,vw_50,JP3634200004,TOYODA GOSEI,JP,4.5313293363330615e-05,14.6316893423366,26.107181848388475
2021,vw_50,JP3495000006,SUMITOMO PHARMA,JP,4.506220719991569e-05,3.9404653319217067,2.91701296915267
2021,vw_50,JP3502200003,DAIWA SECURITIES GROUP,JP,4.398997342612881e-05,0.15161503322475994,0.10806079639010205
2021,vw_50,JP3493800001,DAI NIPPON PRINTING,JP,4.370552571131179e-05,25.601151441145184,57.57447707585041
2021,vw_50,AU000000QAN2,QANTAS AIRWAYS,AU,4.215447868307386e-05,617.9574537140894,484.8763074083728
2021,vw_50,JP3491000000,DAIDO STEEL,JP,3.982127805212409e-05,105.59013321040084,203.0568188071903
2021,vw_50,JP3944130008,USS,JP,3.9489713627248136e-05,6.397870788601553,0.7121774429664565
2021,vw_50,JP3890350006,SUMITOMO MITSUI FINL.GP.,JP,3.6311906109302375e-05,0.2911168172786726,0.26467415721993043
2021,vw_50,AU000000WOW2,WOOLWORTHS GROUP,AU,3.6306683403366796e-05,9.941881331941651,10.830128610256928
2021,vw_50,JP3210200006,KAJIMA,JP,3.630570416345599e-05,6.641577216047936,17.372762030987964
2021,vw_50,JP3546800008,TERUMO,JP,3.393571183311723e-05,10.743066884740744,2.056275407429684
2021,vw_50,AU0000033359,HEALIUS,AU,3.3899106646230084e-05,5.554965050538794,3.3604997116655526
2021,vw_50,BMG507361001,JARDINE MATHESON HDG.,HK,3.204806923913128e-05,134.52902031912583,103.74854075211613
2021,vw_50,AU000000DXS1,DEXUS STAPLED UNITS,AU,3.077530400200754e-05,20.108611762064466,2.157922764901002
2021,vw_50,JP3659000008,WEST JAPAN RAILWAY,JP,3.069066660067571e-05,14.595165285912932,13.445771345321523
2021,vw_50,JP3304200003,KOMATSU,JP,3.0421228221300313e-05,5.134798827608526,3.779470612709913
2021,vw_50,JP3131430005,AEON MALL DEAD - DELIST.27/06/25,JP,2.9244917277476337e-05,5.370510912671094,3.816947277225139
2021,vw_50,JP3582600007,TOKYO TATEMONO,JP,2.8966413873973142e-05,4.957879049337203,5.679535055907587
2021,vw_50,JP3854600008,HONDA MOTOR,JP,2.7844406827601155e-05,9.051446912985037,23.14208329992884
2021,vw_50,JP3305800009,KOMORI,JP,2.615507547311218e-05,6.96011930810512,12.418132785411583
2021,vw_50,JP3942800008,YAMAHA MOTOR,JP,2.553580096471192e-05,10.786606041505166,18.746019627195025
2021,vw_50,JP3456000003,TAKASHIMAYA,JP,2.5502305570490376e-05,3.0635101817517807,12.19272085010279
2021,vw_50,JP3305990008,YOKOHAMA FINANCIAL GROUP,JP,2.5173026590259706e-05,0.3320488286540663,0.2058207553982812
2021,vw_50,JP3173400007,OBIC,JP,2.4935663259038228e-05,0.2104179712158356,0.008955357542649891
2021,vw_50,HK0165000859,CHINA EVERBRIGHT,HK,2.3499173921534733e-05,0.052137859120194315,0.011209615358952344
2021,vw_50,AU000000COH5,COCHLEAR,AU,2.1380726665841217e-05,0.47469828117160345,0.04683077196674423
2021,vw_50,HK0012000102,HENDERSON LD.DEV.,HK,1.9860050700537786e-05,2.1875357244318403,0.35775501508083557
2021,vw_50,JP3415400005,SEINO HDG.,JP,1.917147794886916e-05,70.63593827407068,141.97005735673318
2021,vw_50,JP3449020001,TAIHEIYO CEMENT,JP,1.9007439504634244e-05,2889.2907103333655,7484.364098475033
2021,vw_50,JP3845400005,HOKURIKU ELEC.POWER,JP,1.88488961420522e-05,2838.3528302153118,12484.571941504284
2021,vw_50,JP3511800009,CHIBA BANK,JP,1.8813441896790425e-05,1.1042930816607657,0.5388290189978892
2021,vw_50,JP3935600001,YAMAZAKI BAKING,JP,1.8110144540548317e-05,39.97926878124545,96.01990049751244
2021,vw_50,SG1N31909426,COMFORTDELGRO CORPORATION,SG,1.6123487982025262e-05,344.8213055523891,323.1314949201742
2021,vw_50,JP3289800009,KOBE STEEL,JP,1.5846263956479677e-05,900.6414243998172,8168.922040315038
2021,vw_50,JP3164800009,NOK,JP,1.5224438195738337e-05,6.877810626362214,15.842772985570567
2021,vw_50,JP3765400001,HOUSE SHOKUHIN GP.HONSHA K K,JP,1.514397397552706e-05,19.654309101418832,14.912326818834586
2021,vw_50,AU000000BPT9,BEACH ENERGY,AU,1.429905230928308e-05,490.0879860960243,191.46110251741933
2021,vw_50,AU000000IFL2,INSIGNIA FINANCIAL,AU,1.4122741728762196e-05,0.001602252553456486,0.0009585032014006927
2021,vw_50,AU000000IAG3,INSURANCE AUS.GROUP,AU,1.3536424034814101e-05,0.8142902115773165,0.6154806574212679
2021,vw_50,HK0242001243,SHUN TAK HOLDINGS,HK,1.3119856547824777e-05,11.006452185751916,6.636625248176323
2021,vw_50,AU000000GPT8,GPT GROUP STAPLED UNITS,AU,1.3084180819832947e-05,14.262175870099506,1.2203440024825896
2021,vw_50,HK0004000045,WHARF HOLDINGS,HK,1.305350892525463e-05,6.488791265585633,2.5743624143380432
2021,vw_50,JP3588600001,TBS HOLDINGS,JP,1.2794952727424737e-05,1.4179504001337275,1.2862734077463283
2021,vw_50,SG1R89002252,CITY DEVELOPMENTS,SG,1.210069166051165e-05,1.6734401147501794,0.5315430417279368
2021,vw_50,AU000000SXL4,SOUTHERN CROSS MEDIA GROUP,AU,1.1702427109383808e-05,0.5137460695735908,0.42204348594661484
2021,vw_50,BMG524401079,KERRY PROPERTIES,HK,1.1630530415891377e-05,2.3265567919983523,1.13742196528776
2021,vw_50,JP3903000002,MITSUBISHI MATERIALS,JP,1.14664591624985e-05,655.4388711822614,3064.9395763328944
2021,vw_50,JP3896800004,MITSUBISHI GAS CHM.,JP,1.0296117447454417e-05,118.82924982894411,124.44732428723891
2021,vw_50,HK0144000764,CHINA MERCHANTS PORT HOLDINGS,HK,1.0062677450304455e-05,53.63825351214388,11.827849509006796
2021,vw_50,JP3605400005,TOHOKU ELECTRIC PWR.,JP,1.005766887118008e-05,1525.6566803111848,7255.409520569808
2021,vw_50,HK0101000591,HANG LUNG PROPERTIES,HK,9.913962136030432e-06,2.276601955666718,0.22323205463257326
2021,vw_50,JP3405400007,SUMITOMO HEAVY INDS.,JP,9.87593922323398e-06,4.583061919457311,10.372710796729244
2021,vw_50,AU000000ORG5,ORIGIN ENERGY (EX BORAL),AU,9.662005918258476e-06,1572.0952979041404,2281.205714504577
2021,vw_50,JP3326410002,SANKYO,JP,9.550491828324256e-06,1.8185396288575635,0.5028670475960134
2021,vw_50,AU000000TAH8,TABCORP HOLDINGS,AU,9.390011971166308e-06,0.6795753723718989,0.35599867100945903
2021,vw_50,JP3738600000,NITERRA,JP,8.996136101803037e-06,15.891440731835392,16.24302282393191
2021,vw_50,AU000000GWA4,GWA GROUP,AU,8.94806012438639e-06,33.901404206185006,14.493341053850608
2021,vw_50,JP3122800000,AMADA,JP,8.59132284949512e-06,3.322856827154402,1.9565748430982
2021,vw_50,JP3753000003,NIPPON YUSEN KK,JP,8.157957907286214e-06,784.3627210352516,2868.58117923994
2021,vw_50,JP3137200006,ISUZU MOTORS,JP,8.107423087921704e-06,6.418589498727804,13.183718895105185
2021,vw_50,AU000000CQR9,CHARTER HALL RETAIL REIT,AU,8.011907294576058e-06,2.017235700955099,0.18925495345873083
2021,vw_50,JP3223800008,KAWASAKI KISEN KAISHA,JP,7.892399312596033e-06,1518.7977903805868,5450.52564869491
2021,vw_50,BMG2178K1009,CKI HOLDINGS,HK,7.688810911951167e-06,8081.865973918327,523.8707578651331
2021,vw_50,JP3401400001,SUMITOMO CHEMICAL,JP,7.311425232982183e-06,300.74870123810746,782.3132606165802
2021,vw_50,BMG2624N1535,DFI RETAIL GROUP HOLDINGS,HK,6.9502997556098995e-06,34.06364158820269,59.60896518836432
2021,vw_50,JP3404200002,SUMITOMO RUBBER INDS.,JP,6.705695634056127e-06,52.89441424353545,160.1435658902252
2021,vw_50,JP3899600005,MITSUBISHI ESTATE,JP,6.3979183676097955e-06,9.807783746564331,5.2600369643188145
2021,vw_50,JP3893600001,MITSUI,JP,6.206358469599789e-06,63.61806947908972,121.97390868354582
2021,vw_50,AU0000224040,WOODSIDE ENERGY GROUP,AU,5.9150005146385265e-06,2260.913651945793,486.6583123929745
2021,vw_50,JP3398000004,SUZUKEN,JP,5.9091850743620955e-06,1.8071101500420526,9.101327049485302
2021,vw_50,SG1B51001017,JARDINE CYC.& CARR.,SG,5.784937399507341e-06,219.66797222228118,470.3133594191952
2021,vw_50,JP3678000005,NISSHINBO HOLDINGS,JP,5.772291182561385e-06,54.70568959867547,172.4687903260885
2021,vw_50,JP3638600001,DOWA HDG.,JP,5.7012743241829434e-06,222.9161225144499,474.72887251892774
2021,vw_50,JP3667600005,JGC HOLDINGS,JP,5.377071757852321e-06,19.98308458253778,27.93300715840243
2021,vw_50,NZSKCE0001S2,SKY CITY ENTM.GP.,NZ,5.3490483907976276e-06,11.440871705034088,2.733186057928326
2021,vw_50,JP3194000000,OKI ELECTRIC IND.,JP,5.0565014743546254e-06,2.586265893598634,10.818668027784557
2021,vw_50,AU000000FLT9,FLIGHT CENTRE TRAVEL GP.,AU,5.049702210120328e-06,135.4576533574147,24.01811652217673
2021,vw_50,JP3429800000,ANA HOLDINGS,JP,4.7677644470078586e-06,618.7166942654995,519.9964270655547
2021,vw_50,SG1S83002349,UOL GROUP,SG,4.566413493445698e-06,1.1330489470400784,0.3587352021729104
2021,vw_50,HK0836012952,CHINA RESOURCES POWER,HK,4.523740596569152e-06,17055.72578687623,29963.1718061674
2021,vw_50,HK2380027329,CHIN.PWR.INTDVT.,HK,4.359888409475204e-06,12995.92535020833,23708.13536570288
2021,vw_50,JP3350800003,SHIKOKU ELECTRIC POWER,JP,4.2009286124836295e-06,1283.8616634547575,5496.379726468222
2021,vw_50,JP3258000003,KIRIN HOLDINGS,JP,4.184718435738847e-06,20.05915233772657,18.29666829591673
2021,vw_50,HK0008011667,PCCW,HK,4.13380863450204e-06,1.3340616206892828,1.4624460907261532
2021,vw_50,JP3778630008,BANDAI NAMCO HDG.,JP,4.034027291187876e-06,0.8636898851316767,0.31479915719940826
2021,vw_50,JP3787000003,HITACHI CON.MCH.,JP,3.6712952398466637e-06,12.957804666082055,16.427716751830086
2021,vw_50,HK0023000190,BANK OF EAST ASIA,HK,3.543648695993305e-06,1.6264077516135051,0.8644377100732964
2021,vw_50,JP3347200002,SHIONOGI,JP,3.3833660379577342e-06,15.071514781571244,2.6146984125647044
2021,vw_50,JP3549600009,DENKA,JP,3.1792392220395744e-06,550.8258529639239,533.9977615826589
2021,vw_50,AU000000ASX7,ASX,AU,3.1660577355541194e-06,0.030158634417033595,0.00207587316414967
2021,vw_50,HK0000049939,CHINA UNICOM (HONG KONG),HK,3.0333218237140334e-06,12.002696031994748,30.30777834835189
2021,vw_50,JP3260800002,KINTETSU GROUP HDG.,JP,2.837885941541209e-06,6.434341742999646,5.8269623008055405
2021,vw_50,AU000000ORI1,ORICA,AU,2.7858849241362e-06,382.8078817038995,338.59951248325723
2021,vw_50,JP3164630000,SQUARE ENIX HOLDINGS,JP,2.723143268780929e-06,0.0,0.0
2021,vw_50,HK0200030994,MELCO INTL.DEV.,HK,2.7225933246587103e-06,8.569838234343099,5.4603716525699655
2021,vw_50,JP3955000009,YOKOGAWA ELECTRIC,JP,2.376377797652358e-06,3.2712994314349366,1.9717329459475816
2021,vw_50,JP3977400005,RINNAI,JP,2.3741230573515864e-06,11.06032676736856,6.220147326261861
2021,vw_50,NZTELE0001S4,SPARK NEW ZEALAND,NZ,2.2722582455806765e-06,1.100332301141177,0.4361355183218989
2021,vw_50,HK0823032773,LINK REAL ESTATE INVESTMENT TRUST,HK,2.1441319328680357e-06,2.2343750684327546,0.16947097484288917
2021,vw_50,SG1T58930911,FRASER AND NEAVE,SG,2.086310375365215e-06,34.90909090909091,31.490070787054957
2021,vw_50,JP3686800008,NIPPON SHEET GLASS,JP,1.917716362898199e-06,607.0673239170734,6507.426828986579
2021,vw_50,JP3320800000,SAPPORO HOLDINGS,JP,1.7983746337933575e-06,28.87948806161286,77.68583227652586
2021,vw_50,JP3613400005,TOYO SEIKAN GROUP HDG.,JP,1.7453892193286319e-06,54.21653749716341,177.89188941359865
2021,vw_50,JP3358200008,SHIMAMURA,JP,1.4262747168743322e-06,0.11061105014249306,0.13467835639590156
2021,vw_50,JP3535800001,TSUMURA,JP,1.3946018907305859e-06,31.013762836222085,15.090413375566337
2021,vw_50,JP3425000001,CENTRAL GLASS,JP,1.255313914798431e-06,202.0729647445755,419.9129008540241
2021,vw_50,HK0010000088,HANG LUNG GROUP,HK,1.1209044529589152e-06,2.1444702605254764,0.7465687857211639
2021,vw_50,JP3720800006,NSK,JP,1.110770641229975e-06,17.52270431400219,22.517873562139947
2021,vw_50,JP3351500008,SHIZUOKA FINANCIAL GROUP,JP,1.0957133887235409e-06,0.67306561316184,0.3355173761703553
2021,vw_50,AU000000MQG1,MACQUARIE GROUP,AU,1.0797139889692686e-06,0.042374472232782935,0.012627147226019418
2021,vw_50,SG1V61937297,SINGAPORE AIRLINES,SG,1.0717931728053956e-06,567.7441237868717,423.58218677614764
2021,vw_50,JP3228600007,KANSAI ELECTRIC PWR.,JP,1.057822883063936e-06,998.5789158163234,3133.1111688636383
2022,vw_50,AU000000BWP3,BWP GROUP STAPLED UNITS,AU,0.11650233326155544,0.0,0.0
2022,vw_50,JP3198900007,ORIENTAL LAND,JP,0.03690132979831034,24.537205304330357,0.7457600047977226
2022,vw_50,JP3435000009,SONY GROUP,JP,0.034408080937719444,2.4395581546266416,1.4283738545846367
2022,vw_50,JP3201200007,OLYMPUS,JP,0.024576209679336988,4.078119944147929,1.0346920929779766
2022,vw_50,KYG2108Y1052,CHINA RESOURCES LAND,HK,0.01931819653809965,0.9911207708729277,0.9481164901377935
2022,vw_50,JP3621000003,TORAY INDS.,JP,0.018627637899511763,160.7232573247381,324.3268789154617
2022,vw_50,AU000000BEN6,BENDIGO & ADELAIDE BANK,AU,0.01825840756021661,0.9404325989955379,0.38858921871614455
2022,vw_50,BMG5320C1082,KUNLUN ENERGY,HK,0.018091938194482158,21.45973205006333,51.575332037722
2022,vw_50,SG1L01001701,DBS GROUP HOLDINGS,SG,0.01797031962007157,0.02605549114969527,0.004705394927643455
2022,vw_50,JP3906000009,MINEBEA MITSUMI,JP,0.017442911144947885,11.275189114953504,9.996627306114478
2022,vw_50,HK2388011192,BOC HONG KONG HOLDINGS,HK,0.016516736991808268,0.04492733296896615,0.01412820498330046
2022,vw_50,BMG8403G1033,SINOFERT HOLDINGS,HK,0.0164843671115476,423.19932208162896,1583.9328767415564
2022,vw_50,JP3826800009,FURUKAWA,JP,0.015672319384512603,2.5581356574098995,9.463180386369142
2022,vw_50,JP3837800006,HOYA,JP,0.015645165529219254,2.8453504040130824,0.3270013607344124
2022,vw_50,JP3814000000,FUJIFILM HOLDINGS,JP,0.014172436576991418,31.08977407513227,19.242491074653156
2022,vw_50,KYG210961051,CHINA MENGNIU DAIRY,HK,0.01331853744699432,18.575300107878782,10.872676967067402
2022,vw_50,JP3242800005,CANON,JP,0.012258474913882439,5.206316307280989,5.004314252870613
2022,vw_50,JP3862400003,MAKITA,JP,0.011646609194169974,3.353447072815625,2.055903281194133
2022,vw_50,JP3633400001,TOYOTA MOTOR,JP,0.010119415284513636,9.164496097646701,7.648516377493635
2022,vw_50,JP3756600007,NINTENDO,JP,0.0100708778993002,0.023600811703980654,0.005270754300622773
2022,vw_50,JP3910660004,TOKIO MARINE HOLDINGS,JP,0.009819006875882634,0.26324619921874787,0.3111907263156184
2022,vw_50,HK0011000095,HANG SENG BANK DEAD - DELIST.28/01/26,HK,0.009714069524834668,0.01935994758300929,0.002664099863748959
2022,vw_50,JP3375800004,SHINKO ELEC.INDS. DEAD - DELIST.06/06/25,JP,0.009130906801851003,21.704995182787698,7.824296723059021
2022,vw_50,JP3766550002,HAKUHODO DY HDG.,JP,0.00892830598712855,0.04059687963667399,0.05823699826111562
2022,vw_50,JP3539220008,T & D HOLDINGS,JP,0.008806419853542517,0.09253892673907498,0.2060070996670207
2022,vw_50,JP3866800000,PANASONIC HOLDINGS,JP,0.008728312784837346,5.322634041280899,12.332050812821597
2022,vw_50,JP3475350009,DAIICHI SANKYO,JP,0.008598052753004277,9.884570374149867,2.125800399932473
2022,vw_50,JP3352400000,CITIZEN WATCH,JP,0.008414653384599954,7.756432083435126,13.379379612512555
2022,vw_50,JP3890310000,MS&AD INSURANCE GP.HDG.,JP,0.008254380018574705,0.43494358101041863,0.8602428287821282
2022,vw_50,SG9999000020,FLEX,SG,0.007964346359692153,3.2180838600010744,10.503329285361437
2022,vw_50,AU000000BHP4,BHP GROUP,AU,0.007908741261875967,150.23564708887065,55.291348647740705
2022,vw_50,HK0019000162,SWIRE PACIFIC 'A',HK,0.007866740163309167,10.299482339434718,21.981927192193485
2022,vw_50,HK0066009694,MTR,HK,0.0077445749799155495,8.129772561526407,1.4717134751196466
2022,vw_50,JP3481800005,DAIKIN INDUSTRIES,JP,0.007496024192195168,23.238469768454983,9.92014120990341
2022,vw_50,JP3249600002,KYOCERA,JP,0.007445494028516012,8.645867429561992,5.863885104702594
2022,vw_50,JP3143600009,ITOCHU,JP,0.007389703373046022,14.313457194288114,28.79775453080052
2022,vw_50,JP3791200003,HITACHI TRANSPORT SYSTEM DEAD - DELIST.24/02/23,JP,0.007086374678234946,6.355565656950661,10.359762629787864
2022,vw_50,JP3122400009,ADVANTEST,JP,0.007079517115120195,1.0980320045584433,0.21937021443877203
2022,vw_50,JP3571400005,TOKYO ELECTRON,JP,0.006920701989953649,0.974505000185156,0.20606105408729183
2022,vw_50,JP3108600002,ACOM,JP,0.006919899876062735,0.0,0.0
2022,vw_50,AU000000ABC7,ADBRI DEAD - DELIST.02/07/24,AU,0.006893431348075534,1719.7497008108965,1387.8532398819104
2022,vw_50,JP3756100008,NITORI HOLDINGS,JP,0.0068885119840563945,4.110495351802995,1.6975611286741923
2022,vw_50,JP3890350006,SUMITOMO MITSUI FINL.GP.,JP,0.006676045661169597,0.5449738287684858,0.3750885797908465
2022,vw_50,JP3293200006,COCA-COLA BOTTLERS JAPAN HOLDINGS,JP,0.006587295383537944,27.704038020794513,77.15381465700722
2022,vw_50,JP3967200001,RAKUTEN GROUP,JP,0.006532667854356651,0.11869687294618698,0.12617872257962817
2022,vw_50,HK0014000126,HYSAN DEVELOPMENT,HK,0.006478665766550319,1.7042766760340684,0.24875935606323346
2022,vw_50,JP3162600005,SMC,JP,0.006411983443044622,10.256603932072586,1.6107466966219979
2022,vw_50,JP3711600001,NIPPON SANSO HOLDINGS,JP,0.006342034722589932,135.52596980551212,124.13096902092984
2022,vw_50,JP3940000007,YAMATO HDG.,JP,0.005899499345603952,43.446467074060855,78.83499306752604
2022,vw_50,AU000000IGO4,IGO,AU,0.005811516219488553,148.4896255054685,9.493184174641497
2022,vw_50,JP3528600004,CHIYODA CORPORATION,JP,0.005703130227110967,23.86365611995404,80.91289086573244
2022,vw_50,JP3519400000,CHUGAI PHARM.,JP,0.00569042161544583,5.751451479157983,0.8964861275170143
2022,vw_50,JP3914400001,MURATA MANUFACTURING,JP,0.005575532303884485,16.62531333120572,5.10440571073058
2022,vw_50,JP3735400008,NTT,JP,0.005443348539270416,1.3298251226204865,1.3564555451036862
2022,vw_50,JP3203500008,ONWARD HOLDINGS,JP,0.005324428734210184,1.0573026731443758,3.8263483381378274
2022,vw_50,JP3893200000,MITSUI FUDOSAN,JP,0.005309009706540687,7.9820085527221645,6.8502534593779965
2022,vw_50,JP3148800000,IBIDEN,JP,0.005242032331883352,53.279017849344406,22.864168100362452
2022,vw_50,JP3351100007,SYSMEX,JP,0.005219224056805149,1.3069500308463597,0.19731411494834666
2022,vw_50,JP3352000008,77 BANK,JP,0.005151073923264621,1.4434185758140277,1.438018772787216
2022,vw_50,SG1U68934629,KEPPEL,SG,0.005093622508282321,4.597372090857324,3.8547965487647486
2022,vw_50,AU000000BOQ8,BANK OF QLND.,AU,0.0049038010092632605,0.32046158589847806,0.11771286409590677
2022,vw_50,JP3771800004,HAMAMATSU PHOTONICS,JP,0.004853707125887592,7.153829301595712,1.3062736720675125
2022,vw_50,JP3899600005,MITSUBISHI ESTATE,JP,0.004745506603174979,10.349368010642154,6.049345718707152
2022,vw_50,HK0688002218,CHINA OVERSEAS LAND INVESTMENT,HK,0.004724244268948774,0.6716962676486775,0.7822816449726466
2022,vw_50,JP3658850007,NISHI-NIPPON FINL.HDG.,JP,0.004647276391592393,0.505619637287549,0.521055332770814
2022,vw_50,JP3463000004,TAKEDA PHARMACEUTICAL,JP,0.004436730098868969,10.429577807389858,6.871106735250169
2022,vw_50,JP3496400007,KDDI,JP,0.004358984436138808,0.5862409397539453,0.3751554340221955
2022,vw_50,JP3789000001,KANADEVIA,JP,0.004244170811978442,66.14804142501329,221.08499000273054
2022,vw_50,AU000000TLS2,TELSTRA GROUP,AU,0.004125851427105334,2.1226119616367307,0.9567974531035948
2022,vw_50,HK0388045442,HONG KONG EXCHANGES AND CLEARING,HK,0.004054878516154472,0.12178499513653408,0.004304612918549993
2022,vw_50,AU000000ANZ3,ANZ GROUP HOLDINGS,AU,0.003971726070822937,0.33384363198005135,0.10789164630526273
2022,vw_50,JP3336000009,SANTEN PHARM.,JP,0.003908656194299017,6.43097700079541,3.2387212951388586
2022,vw_50,JP3711200000,AOZORA BANK,JP,0.0038766841007258227,0.09192850970514348,0.0393412134976127
2022,vw_50,JP3762600009,NOMURA HDG.,JP,0.003860937994648695,0.15542350481618988,0.12630572813545438
2022,vw_50,HK0363006039,SHANGHAI INDUSTRIAL HOLDINGS,HK,0.0037873915045107073,47.96355209304841,148.64407931234376
2022,vw_50,JP3820000002,FUJI ELECTRIC,JP,0.003784491774533835,18.91083620290483,18.941065701591786
2022,vw_50,JP3900000005,MITSUBISHI HEAVY INDS.,JP,0.003741458275415104,5.227642747663702,18.801353257636812
2022,vw_50,JP3209000003,CASIO COMPUTER,JP,0.0036581893757755835,1.5585401690185288,1.0251277319001022
2022,vw_50,AU000000ELD6,ELDERS,AU,0.0035922302959590043,35.461098370442826,51.94636503723306
2022,vw_50,AU000000CSR5,CSR DEAD - DEAD.10/07/24,AU,0.0034262682254789815,176.97934808375373,138.56778548470658
2022,vw_50,JP3371200001,SHIN-ETSU CHEMICAL,JP,0.003391692720488997,125.70001959637281,28.56922383457305
2022,vw_50,JP3126400005,ALPS ALPINE,JP,0.003287366542246963,6.468963597681159,18.206246092569362
2022,vw_50,JP3788600009,HITACHI,JP,0.0032469918526965205,14.388794867618838,24.79721927497617
2022,vw_50,HK0003000038,HONG KONG AND CHINA GAS,HK,0.0031969805842746064,266.2625683570945,63.69282655190356
2022,vw_50,JP3894900004,ISETAN MITSUKOSHI HDG.,JP,0.003165066022727008,3.80743529460683,5.416254617263869
2022,vw_50,AU000000WOW2,WOOLWORTHS GROUP,AU,0.0030675975043735373,13.437133914975366,16.499058578660318
2022,vw_50,AU000000QBE9,QBE INSURANCE GROUP,AU,0.003062708551577775,0.4361682711551029,0.5818882716159456
2022,vw_50,JP3131400008,AEON FINANCIAL SERVICE,JP,0.0029532851792280447,0.8019780842399513,1.439290203582675
2022,vw_50,AU000000ERA9,ENERGY RES.OF AUS.,AU,0.002888077414433115,825.674499564839,133.21319915750058
2022,vw_50,JP3174410005,OJI HOLDINGS,JP,0.0028602647518397926,507.965644436752,1214.684814161577
2022,vw_50,JP3613400005,TOYO SEIKAN GROUP HDG.,JP,0.0028377614404089166,56.767973074623136,160.14127751801087
2022,vw_50,JP3266400005,KUBOTA,JP,0.0028132535593147693,15.726432560839163,11.896461393619242
2022,vw_50,KYG9431R1039,WANT WANT CHINA HOLDINGS,SG,0.0027476831536586924,57.01813169721158,17.74731415386834
2022,vw_50,KYG525621408,KINGBOARD HOLDINGS,HK,0.002718760352741583,162.36757865088,221.33254591161534
2022,vw_50,JP3834800009,HEIWA REAL ESTATE,JP,0.0027114734311234194,6.208311425890988,2.199431697821021
2022,vw_50,JP3600200004,TOHO GAS,JP,0.002694065703307474,23.092925931996263,31.903434591581235
2022,vw_50,AU000000IRE2,IRESS,AU,0.0025444336438671298,0.16960451524909487,0.046052294939364476
2022,vw_50,JP3768600003,HASEKO,JP,0.002522998749751722,5.252200178528365,10.55352092483741
2022,vw_50,JP3973400009,RICOH,JP,0.0024565294828446903,7.430909405041203,17.876948645711693
2022,vw_50,JP3243600008,CANON MARKETING JAPAN,JP,0.0024252710564197206,1.2467551627308684,2.1752726773170794
2022,vw_50,JP3684000007,NITTO DENKO,JP,0.002397308445913248,44.917382715760674,28.514980355330298
2022,vw_50,JP3672400003,NISSAN MOTOR,JP,0.00233536943450441,7.732274874323904,26.014878917993403
2022,vw_50,JP3134800006,IHI,JP,0.002240741574056572,6.325745686519587,20.252023784390154
2022,vw_50,JP3420600003,SEKISUI HOUSE,JP,0.0022076185381206628,2.3376157300241793,3.8059543691121958
2022,vw_50,JP3160400002,EISAI,JP,0.0021980960847490126,7.466680016642543,3.051617946404214
2022,vw_50,JP3802300008,FAST RETAILING,JP,0.002136764464858042,0.5204082548784132,0.16097384381669017
2022,vw_50,JP3271400008,CREDIT SAISON,JP,0.002120286237482533,0.12325438593426032,0.18439487116121245
2022,vw_50,JP3436100006,SOFTBANK GROUP,JP,0.002118917500525695,0.22709532083017697,0.15385294915882575
2022,vw_50,JP3359600008,SHARP,JP,0.0021111200039020447,12.75070269396755,40.8736111762224
2022,vw_50,JP3188220002,OTSUKA HOLDINGS,JP,0.0020942120193919696,25.436594619233297,17.058560283789625
2022,vw_50,JP3404600003,SUMITOMO,JP,0.0020667897686075976,35.00325793740981,82.43725411220011
2022,vw_50,AU000000ANN9,ANSELL,AU,0.001982929619662009,67.66626490852506,57.283906747718824
2022,vw_50,JP3893600001,MITSUI,JP,0.001923147259979074,36.248917771305415,90.68232497842357
2022,vw_50,JP3200450009,ORIX,JP,0.0018929905808023634,47.905550016683854,38.543687422282176
2022,vw_50,JP3322930003,SUMCO,JP,0.0018675518340856483,9.542176590927912,4.19203722529056
2022,vw_50,HK0023000190,BANK OF EAST ASIA,HK,0.0018328683151867847,0.9116450344372968,0.563720844310223
2022,vw_50,AU000000CBA7,COMMONWEALTH BK.OF AUS.,AU,0.0017564184658979136,0.3250306614532405,0.05789340596971585
2022,vw_50,US89677Q1076,TRIP COM GROUP ADR 1:1,SG,0.0016716447838826473,0.006108217030737834,0.001126891546771337
2022,vw_50,JP3868400007,MAZDA MOTOR,JP,0.0016574408019036915,3.5968748719540358,19.667318188822474
2022,vw_50,AU000000CSL8,CSL,AU,0.001622501874013992,10.288372913095962,1.1632089414899198
2022,vw_50,JP3502200003,DAIWA SECURITIES GROUP,JP,0.0016220159775853465,0.16842500726487322,0.09193886932537687
2022,vw_50,JP3869010003,MATSUKIYOKARA,JP,0.001557104591731497,0.3971255605717323,0.44067783182545595
2022,vw_50,AU000000SEK6,SEEK,AU,0.0015556055712448282,0.2114276653100058,0.009109115143234137
2022,vw_50,JP3592200004,TOSHIBA DEAD - DELIST.20/12/23,JP,0.0015517945952689006,10.36827812864607,16.577608072189957
2022,vw_50,JP3300600008,KONICA MINOLTA,JP,0.0015273962926499172,19.97959777574272,78.46155365111962
2022,vw_50,JP3358000002,SHIMANO,JP,0.0015088299994276916,3.798689548391742,0.844930880296182
2022,vw_50,AU000000CWY3,CLEANAWAY WASTE MANAGEMENT,AU,0.0014785502846069586,673.1116976773059,289.8005094167736
2022,vw_50,JP3551500006,DENSO,JP,0.0014268929712713547,12.66572400297556,10.33332526578703
2022,vw_50,AU000000SXL4,SOUTHERN CROSS MEDIA GROUP,AU,0.0014131871191461324,0.5060929886248314,0.5258086717136958
2022,vw_50,JP3780100008,PARK24,JP,0.0014122156173207165,77.22867913056427,70.38843357967016
2022,vw_50,AU0000088338,AMPOL,AU,0.001404934557059278,47.20681328276794,140.48548902357527
2022,vw_50,JP3388200002,AEON,JP,0.001377964714734423,2.654532626345452,9.960662815210378
2022,vw_50,JP3732200005,NIPPON TELEVISION HDG.,JP,0.001364096619151943,0.2759365681718643,0.3548026095623981
2022,vw_50,JP3625000009,TOKUYAMA,JP,0.0013572875134410705,2657.571052654175,5853.226624487445
2022,vw_50,JP3802400006,FANUC,JP,0.0013525893104290338,8.432887389972095,1.302160054587659
2022,vw_50,BMG677491539,ORIENT OVERSEAS (INTL.),HK,0.0013260803584080273,346.3557479919604,357.4341647094691
2022,vw_50,JP3402600005,SUMITOMO METAL MINING,JP,0.0013203497769620513,173.6641859719788,133.10805825452556
2022,vw_50,JP3670800006,NISSAN CHEMICAL,JP,0.0012537796905706315,128.80180332658128,30.48773641717616
2022,vw_50,AU000000BPT9,BEACH ENERGY,AU,0.0012366930771012521,489.55194885015135,232.08416025168202
2022,vw_50,JP3197800000,OMRON,JP,0.0012326995070700312,2.112388793845818,0.8908849042018484
2022,vw_50,JP3574200006,TOKYU,JP,0.0011806795930631073,18.584195694039128,17.641000031211963
2022,vw_50,JP3165700000,NTT DATA GROUP DEAD - DELIST.26/09/25,JP,0.0011259913058850417,1.1170577060290836,0.8903455573047047
2022,vw_50,JP3939000000,YAMADA HOLDINGS,JP,0.0010690413118012807,3.647514645459512,15.959625159596252
2022,vw_50,AU000000APA1,APA GROUP,AU,0.001065133751459394,786.4160210107472,178.88404828146454
2022,vw_50,JP3726800000,JAPAN TOBACCO,JP,0.0010504306740424893,16.738258822056714,8.477936474152468
2022,vw_50,JP3494600004,SCREEN HOLDINGS,JP,0.0010115609809459001,3.192651600988931,2.1181620433355626
2022,vw_50,JP3678000005,NISSHINBO HOLDINGS,JP,0.0009519558762905383,30.153295681290867,86.78048277284918
2022,vw_50,BMG4600H1198,HOPSON DEVELOPMENT HOLDINGS,HK,0.0009283488699503844,0.26042227967121373,0.20704977258798105
2022,vw_50,AU000000MQG1,MACQUARIE GROUP,AU,0.000886770602827959,0.03130142091111957,0.0065222914045707
2022,vw_50,HK0392044647,BEIJING ENTERPRISES HOLDINGS,HK,0.0008712147560480094,57.77484328173033,138.95135563400794
2022,vw_50,AU000000WBC1,WESTPAC BANKING,AU,0.0008631078457898583,0.384897562760272,0.13554661116753985
2022,vw_50,JP3854600008,HONDA MOTOR,JP,0.0008461084080526961,9.279063705355876,21.71194574409365
2022,vw_50,JP3397200001,SUZUKI MOTOR,JP,0.0008279970160366362,12.792259966353798,18.91016019269453
2022,vw_50,JP3116000005,ASAHI GROUP HOLDINGS,JP,0.0008239292783686758,25.17013888391511,23.209255020652463
2022,vw_50,JP3389900006,JAFCO GROUP,JP,0.0008079202946238774,0.00610928640625591,0.003209831254585473
2022,vw_50,JP3634600005,TOYOTA INDS.,JP,0.000797758124482672,16.365739122562722,14.113167570214376
2022,vw_50,JP3753000003,NIPPON YUSEN KK,JP,0.0007637892867900413,678.2452951117393,923.0394858402963
2022,vw_50,JP3579800008,TOKYO STEEL MNFG.,JP,0.0007490894843934369,159.08689960669318,208.14798531009154
2022,vw_50,HK0000745908,YUEXIU PROPERTY COMPANY,HK,0.0007390059578335046,0.2019499241658667,0.5720548364178553
2022,vw_50,JP3368000000,RESONAC HOLDINGS,JP,0.0007375340502426307,272.92642396762983,855.2965507837062
2022,vw_50,AU000000IVC8,INVOCARE DEAD - DELIST.27/11/23,AU,0.0007294162065582164,14.418354089425483,4.634620444957516
2022,vw_50,JP3902000003,MITSUBISHI LOGISTICS,JP,0.0007052089487457983,3.1313802930735126,3.1321677006956197
2022,vw_50,AU000000NCM7,NEWCREST MINING DEAD - DELIST.08/11/23,AU,0.0007048419584389921,357.1094666016129,106.58731211620776
2022,vw_50,HK0293001514,CATHAY PACIFIC AIRWAYS,HK,0.0007002846234100482,914.6030654073699,999.5443097572642
2022,vw_50,MU0117U00026,GOLDEN AGRI-RESOURCES,SG,0.0006816584379307109,769.8408702105199,3347.7783729351017
2022,vw_50,JP3486800000,DAITO TST.CONSTRUCTION,JP,0.0005917501535924702,3.071304633147681,5.355001160868098
2022,vw_50,JP3982100004,LAWSON DEAD - DELIST.24/07/24,JP,0.0005762913113282913,0.6952442972586517,0.9736218035648467
2022,vw_50,AU000000SIG5,SIGMA HEALTHCARE,AU,0.0005667621553169238,0.010646024419614236,0.07533061771106522
2022,vw_50,SG1S04926220,OVERSEA-CHINESE BKG.,SG,0.0005596107241063115,0.00574521464187687,0.003136041229127072
2022,vw_50,JP3814800003,SUBARU,JP,0.0005530531900502848,6.73523616904341,11.506836718092368
2022,vw_50,JP3143900003,ITOCHU TECHNO-SOLUTIONS DEAD - DELIST.01/12/23,JP,0.0005494531781702672,0.058995628694122754,0.041892451523877904
2022,vw_50,JP3197600004,ONO PHARM.,JP,0.0005226726973961069,3.252066948247804,0.762172074108247
2022,vw_50,AU000000WES1,WESFARMERS,AU,0.0005214207435670443,103.81942503317336,57.91055882958499
2022,vw_50,JP3902400005,MITSUBISHI ELECTRIC,JP,0.0005102669901902452,7.123740298162601,10.662986648472623
2022,vw_50,JP3407200009,OSAKA TITANIUM,JP,0.0004907675996306352,166.10957709635227,141.77943166441136
2022,vw_50,JP3224200000,KAWASAKI HEAVY INDUSTRY,JP,0.0004848530441536215,10.320732124136853,41.43825514079573
2022,vw_50,JP3111200006,ASAHI KASEI,JP,0.00046585525345224123,147.21132704813132,226.35830174719877
2022,vw_50,AU000000GMG2,GOODMAN GROUP,AU,0.0004643199359469735,2.391165394715563,0.0982795538962858
2022,vw_50,HK0006000050,POWER ASSETS HOLDINGS,HK,0.00046070892625154605,42401.69916995975,529.7898790281963
2022,vw_50,JP3720800006,NSK,JP,0.00045123277666968053,17.091939696945104,36.55212707476493
2022,vw_50,BMG8063F1068,SHANGRI-LA ASIA,HK,0.0004499822560409381,86.43719610661019,38.2522647485718
2022,vw_50,JP3942600002,YAMAHA,JP,0.0004468074024484125,6.818392955918237,2.786731442690868
2022,vw_50,SGXE34184239,SEATRIUM,SG,0.0004450116478567833,39.01096753742092,28.224341151028657
2022,vw_50,JP3818000006,FUJITSU,JP,0.0004398679152636888,2.220006655579953,2.482926334413288
2022,vw_50,JP3819400007,FUJI MEDIA HOLDINGS,JP,0.00043369112104405937,0.0,0.0
2022,vw_50,NZCENE0001S6,CONTACT ENERGY,NZ,0.00043092601575185976,461.21661369719124,188.82742699166545
2022,vw_50,AU000000JBH7,JB HI-FI,AU,0.00042587867146274844,0.08343288703620154,0.13468136940633416
2022,vw_50,AU000000TCL6,TRANSURBAN GROUP STAPLED UNITS,AU,0.0004141929145786135,2.6918378904117244,0.1890518975995046
2022,vw_50,HK0291001490,CHINA RESOURCES BEER HOLDINGS,HK,0.0003967776591713062,39.0453753652289,8.359387447262403
2022,vw_50,JP3421100003,JAPAN PETROLEUM EXP.,JP,0.0003957213606975933,242.4968243421289,409.1610720906358
2022,vw_50,JP3156400008,USHIO,JP,0.00039409722309175003,3.341464753821898,2.1246882793017456
2022,vw_50,JP3351600006,SHISEIDO,JP,0.0003923539706245072,2.642490253109722,1.1426124884601492
2022,vw_50,AU000000ASX7,ASX,AU,0.00037702092790228435,0.047815869524555556,0.002919763190030211
2022,vw_50,JP3419050004,SEGA SAMMY HDG.,JP,0.00036908707801098107,2.649719089931067,1.499433112605321
2022,vw_50,JP3358800005,SHIMIZU,JP,0.00035579557553140997,15.833364282155932,37.465743176571074
2022,vw_50,JP3944130008,USS,JP,0.0003463603127445987,5.8779160529040855,0.7882880737615133
2022,vw_50,HK0000139300,TELEVISION BROADCASTS,HK,0.00033912998347349966,1.4932339600624847,2.0502048802096793
2022,vw_50,JP3940400009,YAMATO KOGYO,JP,0.0003360516179146987,50.004110507389164,27.288284538180474
2022,vw_50,JP3419400001,SEKISUI CHEMICAL,JP,0.00033016606708250774,22.099705029209783,27.959905495519426
2022,vw_50,JP3137200006,ISUZU MOTORS,JP,0.00032241209514223264,6.1461835153632025,12.934233089677376
2022,vw_50,JP3456000003,TAKASHIMAYA,JP,0.00031087387645737925,3.1293659783982797,11.826741775680139
2022,vw_50,JP3300200007,KONAMI GROUP,JP,0.0002900401949943471,13.91812186962155,4.531950718530673
2022,vw_50,JP3783420007,HIKARI TSUSHIN,JP,0.00028750091163475195,0.22027780211970865,0.1954126828333242
2022,vw_50,SG1M31001969,UNITED OVERSEAS BANK,SG,0.0002856179126803741,0.6547990732109393,0.15476055473654016
2022,vw_50,HK0200030994,MELCO INTL.DEV.,HK,0.00028097392923836194,8.54751114535254,9.717241418381859
2022,vw_50,JP3919800007,MEIDENSHA,JP,0.00026527751219013315,7.658441570798335,16.316267037337347
2022,vw_50,JP3485800001,DAICEL,JP,0.0002612962157594802,415.6729302428445,727.9384905178749
2022,vw_50,JP3982800009,ROHM,JP,0.0002600061473010795,43.235402784730724,18.47450837418025
2022,vw_50,JP3190000004,OBAYASHI,JP,0.000253092802509127,8.990110179974458,25.08333689656647
2022,vw_50,JP3885400006,MISUMI GROUP,JP,0.00025304082136795716,2.511025053347032,0.8508409324865273
2022,vw_50,JP3762800005,NOMURA RESEARCH INST.,JP,0.0002447004379898089,0.19260589809337497,0.04535569066511853
2022,vw_50,AU000000MAH3,MACMAHON HOLDINGS,AU,0.00024449520392594195,14.072987865130068,57.959074187614966
2022,vw_50,JP3270000007,KURITA WATER IND.,JP,0.00023719325185869353,5.700105248371908,2.7130836521206625
2022,vw_50,JP3421800008,SECOM,JP,0.0002219256843622777,6.414925352628837,3.527924476935135
2022,vw_50,JP3493400000,DIC,JP,0.00021894758160270297,45.68557449332423,139.63783518639633
2022,vw_50,JP3491000000,DAIDO STEEL,JP,0.0002179713527465696,93.76022385419687,254.56164845216887
2022,vw_50,JP3452000007,TAIYO YUDEN,JP,0.0002173125369520177,14.718303381028441,6.5514114569296815
2022,vw_50,JP3835620000,BENESSE HOLDINGS DEAD - DELIST.17/05/24,JP,0.00021148520705344787,0.019569241848432308,0.03617892649889292
2022,vw_50,JP3877600001,MARUBENI,JP,0.00021069364302732352,14.633304915230909,55.53080811060634
2022,vw_50,BMG507361001,JARDINE MATHESON HDG.,HK,0.00021066275550577092,135.28627375620454,115.11897268573827
2022,vw_50,AU000000BSL0,BLUESCOPE STEEL,AU,0.00021040970952879016,738.1804175873016,1295.3058593190392
2022,vw_50,HK0101000591,HANG LUNG PROPERTIES,HK,0.00020749643731744064,2.971732357129557,0.4098552406261989
2022,vw_50,JP3811000003,FUJIKURA,JP,0.00020154003627316776,4.191288034339514,14.782921578552566
2022,vw_50,JP3544000007,TEIJIN,JP,0.00019465640644722936,96.39578657772549,310.3024441354853
2022,vw_50,JP3588600001,TBS HOLDINGS,JP,0.00019392988417408127,1.2398936006484513,1.440277105292562
2022,vw_50,JP3102000001,AISIN,JP,0.0001905211922488221,17.705032663570854,54.47683736065451
2022,vw_50,AU000000LLC3,LENDLEASE GROUP STAPLED UNITS,AU,0.00018731838700652073,3.6228916325697416,4.569659767582173
2022,vw_50,AU000000MTS0,METCASH,AU,0.0001860651525108642,1.4203647129408419,5.1562875861385855
2022,vw_50,JP3721400004,JAPAN STEEL WORKS,JP,0.00018040545798557255,36.21522989706517,26.17221316260997
2022,vw_50,JP3414750004,SEIKO EPSON,JP,0.0001790510086840044,12.685479263740984,19.85658882641007
2022,vw_50,JP3305530002,COMSYS HOLDINGS,JP,0.000177270262076871,18.66284818244486,28.294609430146565
2022,vw_50,JP3172100004,OKUMA,JP,0.00017691258819034088,5.563009024356587,5.363835211836661
2022,vw_50,KYG5427W1309,LEE & MAN PAPER MNFG.,HK,0.0001740840897427693,1133.7508339056508,1599.511197537962
2022,vw_50,NZAIAE0002S6,AUCKLAND INTL.AIRPORT,NZ,0.00017078148393393563,10.950221299382548,0.2709012332494765
2022,vw_50,JP3942800008,YAMAHA MOTOR,JP,0.00016658086934126672,9.77961129973969,18.641947087910104
2022,vw_50,JP3118000003,ASICS,JP,0.00015896472549180364,0.8589209586056151,0.7409614426524174
2022,vw_50,JP3888300005,MITSUI CHEMICALS,JP,0.00015852318550260057,281.5875332917025,682.0710156292744
2022,vw_50,JP3596200000,TOTO,JP,0.00015645240756763333,33.67683103886038,25.158848688260452
2022,vw_50,HK0440001847,DAH SING FINANCIAL HDG.,HK,0.00015277344562006646,0.09815868918468766,0.09096715505061258
2022,vw_50,JP3769000005,HACHIJUNI NAGANO BANK,JP,0.00014783709749864764,1.8870475909755975,1.2989933324617597
2022,vw_50,HK0242001243,SHUN TAK HOLDINGS,HK,0.00014436002026552676,7.974504820686595,6.190189889273009
2022,vw_50,JP3657400002,NIKON,JP,0.0001438045602858742,7.478919785269569,8.42252278028602
2022,vw_50,JP3276400003,GUNMA BANK,JP,0.00014150046580641915,1.2707925433147547,1.099659645429817
2022,vw_50,IE00BKVD2N49,SEAGATE TECHNOLOGY HOLDINGS,SG,0.00013758204208372786,27.283340292275575,13.520762351862283
2022,vw_50,JP3830800003,BRIDGESTONE,JP,0.00013584208077320353,63.22274896882428,56.76097932622123
2022,vw_50,JP3613000003,TOYO SUISAN KAISHA,JP,0.00013358353449725318,51.31634288204061,37.70778394777597
2022,vw_50,AU000000SUN6,SUNCORP GROUP,AU,0.00013289925378867263,0.1539620379305387,0.15290322900305706
2022,vw_50,AU000000COH5,COCHLEAR,AU,0.0001326596702516301,0.22503420340581648,0.02699026307441678
2022,vw_50,JP3210200006,KAJIMA,JP,0.00013106695450619684,14.007568889795536,38.81052858355827
2022,vw_50,JP3688370000,NIPPON EXPRESS HOLDINGS,JP,0.0001309716485549383,26.56679756572229,103.04958836785306
2022,vw_50,AU000000STO6,SANTOS,AU,0.00012862552543663905,1273.487657474776,329.23020145859635
2022,vw_50,JP3635000007,TOYOTA TSUSHO,JP,0.00012102689261153016,7.072179608476667,32.29390256994823
2022,vw_50,AU000000SBM8,ST BARBARA,AU,0.00012069352301134623,287.12416436967334,215.70319240724763
2022,vw_50,JP3173400007,OBIC,JP,0.00011740518118390733,0.20285109819163447,0.009395541454212997
2022,vw_50,JP3429800000,ANA HOLDINGS,JP,0.00011078688125429024,937.3395514047606,711.40456870578
2022,vw_50,JP3548610009,DENA,JP,0.00010532386949820253,0.011166610117807738,0.006341463414634147
2022,vw_50,JP3304200003,KOMATSU,JP,0.00010331730077083508,5.228992459027656,5.181462832271835
2022,vw_50,JP3942400007,ASTELLAS PHARMA,JP,0.0001018161442077012,5.600625811084335,2.0110011306770263
2022,vw_50,JP3598600009,TOHO,JP,0.00010107529123508006,2.8425152849911246,0.7396191517312438
2022,vw_50,AU000000SGP0,STOCKLAND STAPLED UNITS,AU,9.817340737166863e-05,2.069399667262596,0.565182061915101
2022,vw_50,JP3903000002,MITSUBISHI MATERIALS,JP,9.545801956518367e-05,603.4268978820575,3828.2298710837576
2022,vw_50,JP3164800009,NOK,JP,9.42659320469862e-05,7.031639634299858,21.740974844101302
2022,vw_50,JP3385980002,J S R DEAD - DELIST.25/06/24,JP,9.132499901976606e-05,118.41997894313651,48.16078417088579
2022,vw_50,AU000000IAG3,INSURANCE AUS.GROUP,AU,8.940722263807507e-05,0.7546860984774684,0.637421304193575
2022,vw_50,AU000000SGM7,SIMS,AU,8.809636017318588e-05,14.603458062587338,38.45841474892149
2022,vw_50,JP3870400003,MARUI GROUP,JP,8.463914067716931e-05,5.768625572962988,2.6289402926254986
2022,vw_50,JP3830000000,BROTHER INDUSTRIES,JP,8.011570981411362e-05,3.0630248932239645,3.723151136270995
2022,vw_50,JP3499800005,MITSUBISHI HC CAPITAL,JP,7.890325538891932e-05,0.24841111239634112,0.44678596503954876
2022,vw_50,JP3196000008,ODAKYU ELECTRIC RY.,JP,7.757664351619551e-05,24.05732861408737,12.191906707529874
2022,vw_50,JP3951600000,UNI CHARM,JP,7.52239797284144e-05,4.618341568157879,1.265787291655818
2022,vw_50,BMG684371393,PACIFIC BASIN SHIP.,HK,7.349001896784394e-05,874.2119613242153,1271.9287484358515
2022,vw_50,BMG2442N1048,COSCO SHIPPING PORTS,HK,7.330192056503762e-05,70.4417597371347,32.188287929629
2022,vw_50,JP3357200009,SHIMADZU,JP,7.317807421068841e-05,0.6061554368467378,0.20634451899096334
2022,vw_50,JP3538800008,TDK,JP,7.290442108698226e-05,9.400667873085924,9.159669843995921
2022,vw_50,JP3511800009,CHIBA BANK,JP,6.934154403572787e-05,1.3607851819053944,0.5194015052503493
2022,vw_50,JP3164630000,SQUARE ENIX HOLDINGS,JP,6.5874924761067e-05,0.0,0.0
2022,vw_50,SG1T75931496,SINGAPORE TELECOM,SG,6.54151598555933e-05,0.5368305497172001,0.21232042853664476
2022,vw_50,AU000000AMP6,AMP,AU,6.522169303730223e-05,0.01340933187772724,0.01312062834236696
2022,vw_50,JP3223800008,KAWASAKI KISEN KAISHA,JP,6.473341219596843e-05,1055.8778725857096,1113.489816421591
2022,vw_50,AU000000ALL7,ARISTOCRAT LEISURE,AU,6.324139190813828e-05,1.949863118364308,0.33403772864499187
2022,vw_50,JP3619800000,TOYOBO,JP,6.286227718052209e-05,223.77434594954448,712.5820211597272
2022,vw_50,KYG217651051,CK HUTCHISON HOLDINGS,HK,6.0193612127976404e-05,218.42454260638223,289.8142492261459
2022,vw_50,AU000000DOW2,DOWNER EDI,AU,5.958771036633475e-05,40.867867607399255,121.55294714991861
2022,vw_50,JP3841800000,HOKUETSU,JP,5.907153201521208e-05,305.2424949623766,545.7157302559247
2022,vw_50,JP3180400008,OSAKA GAS,JP,5.897057099100051e-05,358.31099977825437,623.1577005315934
2022,vw_50,HK0004000045,WHARF HOLDINGS,HK,5.74440404993157e-05,5.692719232900337,1.5671213229548855
2022,vw_50,JP3582600007,TOKYO TATEMONO,JP,5.6200372655455184e-05,6.12634297239517,5.811355632400044
2022,vw_50,JP3385820000,GS YUASA,JP,5.569596713844899e-05,18.200765416999246,39.05422240851351
2022,vw_50,JP3742600004,NHK SPRING,JP,5.5355396597780415e-05,15.0399014296283,40.203766940289775
2022,vw_50,NZTELE0001S4,SPARK NEW ZEALAND,NZ,5.191661071757532e-05,0.9769486253525582,0.4326177752649146
2022,vw_50,JP3896800004,MITSUBISHI GAS CHM.,JP,5.167629843722124e-05,127.1360297729466,180.31604484951808
2022,vw_50,AU000000FLT9,FLIGHT CENTRE TRAVEL GP.,AU,5.108122751641966e-05,133.5541428495112,20.931261736457472
2022,vw_50,JP3585800000,TOKYO ELECTRIC POWER CO. HDG.,JP,5.006425330753915e-05,4.40944565817634,43.135779960774066
2022,vw_50,JP3792600003,HINO MOTORS,JP,4.80134824445125e-05,11.566610886494168,28.740937563644046
2022,vw_50,AU000000MGR9,MIRVAC GROUP STAPLED UNITS,AU,4.800250163894424e-05,4.774323587235771,0.9682877275476159
2022,vw_50,JP3495000006,SUMITOMO PHARMA,JP,4.5807846448768116e-05,4.424349678698094,4.989344189668761
2022,vw_50,HK0010000088,HANG LUNG GROUP,HK,4.549199345041414e-05,2.809232983901427,1.3042011023840876
2022,vw_50,JP3215800008,KANEKA,JP,4.4907463245489076e-05,156.96530980597745,408.5856753087913
2022,vw_50,JP3283650004,KOSE HOLDINGS,JP,4.3246354438164825e-05,2.442838217225071,1.0664757639576796
2022,vw_50,JP3040890000,JAPAN PRIME REALTY INV.,JP,4.292334729318807e-05,3.966645434014709,0.37851810010314846
2022,vw_50,JP3595200001,TOSOH,JP,4.109077777532336e-05,1005.7797137060379,1527.437780497756
2022,vw_50,JP3686800008,NIPPON SHEET GLASS,JP,4.100375368529088e-05,592.2834541861511,7616.268833161456
2022,vw_50,JP3635400009,TOYOTA BOSHOKU,JP,3.982563053562659e-05,3.8119789744139307,13.581992811266279
2022,vw_50,NZFBUE0001S0,FLETCHER BUILDING,NZ,3.9594497344425694e-05,145.79333821885032,224.76750876536596
2022,vw_50,HK0144000764,CHINA MERCHANTS PORT HOLDINGS,HK,3.8894642741870554e-05,46.421327608930696,10.119163675149958
2022,vw_50,JP3039710003,JAPAN METROPOLITAN FUND INVESTMENT REIT,JP,3.869845101109499e-05,8.28753802825994,0.8819296311181185
2022,vw_50,AU000000BLD2,BORAL DEAD - DELIST.08/07/24,AU,3.7766313247759265e-05,633.8105020970551,262.4174766093294
2022,vw_50,HK0000608585,NEW WORLD DEVELOPMENT COMPANY,HK,3.7342625800359154e-05,5.255050901666262,4.4943359214726994
2022,vw_50,JP3112000009,AGC,JP,3.670669457383357e-05,402.21295302283454,586.2688526007331
2022,vw_50,JP3362700001,MITSUI OSK LINES,JP,3.640731601233509e-05,1034.0077734254057,1108.3141914273153
2022,vw_50,JP3796150005,HIROGIN HOLDINGS,JP,3.624489479667233e-05,1.266595006726465,0.8149643718217894
2022,vw_50,HK0823032773,LINK REAL ESTATE INVESTMENT TRUST,HK,3.603343625419215e-05,5.270188640168447,0.42238449714998355
2022,vw_50,AU0000224040,WOODSIDE ENERGY GROUP,AU,3.488801342521017e-05,1441.729267209635,534.8810679503067
2022,vw_50,JP3665200006,NICHIREI,JP,3.44427495845419e-05,14.389241410717231,25.045159203041166
2022,vw_50,JP3551200003,ELEC.POWER DEV.,JP,3.440028410248286e-05,5418.030119501745,17311.15676073779
2022,vw_50,HK2380027329,CHIN.PWR.INTDVT.,HK,3.3302168636741446e-05,11469.346197379677,11534.680805344045
2022,vw_50,JP3404200002,SUMITOMO RUBBER INDS.,JP,3.1913902135393336e-05,46.07384819045878,138.82649266097613
2022,vw_50,JP3898400001,MITSUBISHI,JP,3.184703331305262e-05,149.1197914868003,412.64635799296934
2022,vw_50,JP3166000004,EBARA,JP,3.170321446635897e-05,28.825707068992624,32.36108154140941
2022,vw_50,JP3027670003,NIPPON BUILDING FUND,JP,3.1678021110732524e-05,5.70975623049453,0.5032414640055473
2022,vw_50,JP3667600005,JGC HOLDINGS,JP,3.155832959968309e-05,22.409466581439137,34.47848234398424
2022,vw_50,JP3292200007,JTEKT,JP,3.0302713488497622e-05,9.500663311528072,37.68144434614502
2022,vw_50,JP3738600000,NITERRA,JP,2.9527738792659913e-05,15.385115235468712,17.011744443446517
2022,vw_50,JP3676800000,NISSHIN SEIFUN,JP,2.8583729189452473e-05,14.66534951364756,19.96522336674026
2022,vw_50,AU000000RHC8,RAMSAY HEALTH CARE,AU,2.8350407162607976e-05,9.007546065747276,7.866865954439343
2022,vw_50,JP3415400005,SEINO HDG.,JP,2.7775105053916545e-05,74.77425705886665,190.85486121133403
2022,vw_50,JP3560800009,TOKAI CARBON,JP,2.7752802017791668e-05,891.7433316997962,839.8150575760225
2022,vw_50,AU000000CPU5,COMPUTERSHARE,AU,2.718693159868731e-05,1.0683545954656566,0.26921505578446586
2022,vw_50,JP3289800009,KOBE STEEL,JP,2.704268202139726e-05,884.2794362319801,7843.619753618062
2022,vw_50,BMG524401079,KERRY PROPERTIES,HK,2.6989948769364165e-05,2.15089630849243,1.0302473811501263
2022,vw_50,HK0083000502,SINO LAND,HK,2.683223107878508e-05,0.9286275578276056,0.3792636062278221
2022,vw_50,JP3505000004,DAIWA HOUSE INDUSTRY,JP,2.545890487101993e-05,5.931709943456122,11.30390607648772
2022,vw_50,SG9999003735,XP POWER (DI),SG,2.5248700352613915e-05,1.7044677715830892,0.41940162377954876
2022,vw_50,AU000000OZL8,OZ MINERALS DEAD - DELIST.03/05/23,AU,2.4529467107202044e-05,63.89256548205941,16.085416094016388
2022,vw_50,JP3626800001,LIXIL,JP,2.4408823217158084e-05,41.16812870028827,72.7077803027495
2022,vw_50,JP3280200001,KEIKYU,JP,2.4093830253155713e-05,30.93660467078859,22.258264627498278
2022,vw_50,JP3409000001,SUMITOMO REAL.&DEV.,JP,2.377517772458364e-05,5.441303973870858,2.984876175125399
2022,vw_50,AU000000ILU1,ILUKA RESOURCES,AU,2.3005708946540553e-05,378.9969095097616,133.00140899354895
2022,vw_50,JP3381000003,NIPPON STEEL,JP,2.2263963987064954e-05,1290.3677829557635,4513.180187347197
2022,vw_50,AU000000TAH8,TABCORP HOLDINGS,AU,2.0559688775716252e-05,0.7971247843307484,0.40298840899188715
2022,vw_50,JP3205800000,KAO,JP,2.0466380362062376e-05,47.974744159558675,24.791501389990735
2022,vw_50,AU000000SHL7,SONIC HEALTHCARE,AU,1.9364632169725957e-05,5.535224818639278,2.7307222270536484
2022,vw_50,SG1B51001017,JARDINE CYC.& CARR.,SG,1.8891188166793693e-05,249.01786622922234,737.7653933611534
2022,vw_50,AU000000DXS1,DEXUS STAPLED UNITS,AU,1.8707827947783133e-05,19.810216757667845,1.623730585899088
2022,vw_50,JP3119600009,AJINOMOTO,JP,1.802671315309824e-05,101.71065117850704,64.20143414449112
2022,vw_50,JP3351500008,SHIZUOKA FINANCIAL GROUP,JP,1.7609511038767178e-05,0.6257658985648741,0.27985115705572805
2022,vw_50,JP3268950007,MEDIPAL HOLDINGS,JP,1.759424669218384e-05,1.0708455361472455,6.758720290250712
2022,vw_50,JP3493800001,DAI NIPPON PRINTING,JP,1.7166182290399404e-05,29.3318352056115,44.928179837375566
2022,vw_50,AU000000IFL2,INSIGNIA FINANCIAL,AU,1.7007360485247052e-05,0.0,0.0
2022,vw_50,JP3386030005,JFE HOLDINGS,JP,1.646663384762423e-05,1481.9737594701764,6446.059892466307
2022,vw_50,JP3675600005,NISSIN FOODS HOLDINGS,JP,1.6170420311442222e-05,60.17083176830985,39.687431004146184
2022,vw_50,JP3718800000,NISSUI,JP,1.532406793605523e-05,35.14281131968199,141.4502356718355
2022,vw_50,AU000000CQR9,CHARTER HALL RETAIL REIT,AU,1.4303941083696104e-05,2.334904304845106,0.193339599519328
2022,vw_50,JP3634200004,TOYODA GOSEI,JP,1.4239265397936518e-05,14.44271290775282,38.86409111897799
2022,vw_50,JP3122800000,AMADA,JP,1.392430869714568e-05,3.1195717267596934,2.2929158023358247
2022,vw_50,JP3411000007,SURUGA BANK,JP,1.362166671422267e-05,0.19214215445154942,0.1502403846153846
2022,vw_50,JP3783600004,EAST JAPAN RAILWAY,JP,1.3544757091677447e-05,88.98836203129433,64.97820863254866
2022,vw_50,JP3258000003,KIRIN HOLDINGS,JP,1.3372866360873736e-05,22.700963713462905,24.310719127964532
2022,vw_50,JP3546800008,TERUMO,JP,1.3123097023133752e-05,11.073639946494655,2.3504296857785025
2022,vw_50,AU0000033359,HEALIUS,AU,1.2463913278821206e-05,4.003629728408887,3.2644826688560045
2022,vw_50,JP3891600003,MITSUI E&S,JP,1.2133327263211941e-05,21.095292234421045,488.9638684301855
2022,vw_50,AU000000CIM7,CIMIC GROUP DEAD - DELIST.11/05/22,AU,1.2031743430104143e-05,16.644411400061312,30.906002751977983
2022,vw_50,JP3027680002,JAPAN REAL ESTATE INV.,JP,1.183585237169336e-05,4.794219550098082,0.4010613273518231
2022,vw_50,SG1M77906915,CAPITALAND ASCENDAS REIT,SG,1.1832217961848978e-05,0.5291792225484236,0.05711487301537449
2022,vw_50,SG1V61937297,SINGAPORE AIRLINES,SG,1.106152438726518e-05,2095.858561395011,705.0711143741473
2022,vw_50,NZAIRE0001S2,AIR NEW ZEALAND,NZ,1.0853469784196254e-05,946.8236772571211,1344.751695510342
2022,vw_50,JP3131430005,AEON MALL DEAD - DELIST.27/06/25,JP,9.97253818495891e-06,6.144729115233974,5.097694894378542
2022,vw_50,HK0270001396,GUANGDONG INVESTMENT,HK,9.799629089607774e-06,697.9516596632153,285.2798408303237
2022,vw_50,JP3992400006,WACOAL HDG.,JP,9.554611869753613e-06,1.1856813945689508,1.472659099777744
2022,vw_50,HK0836012952,CHINA RESOURCES POWER,HK,9.494744248831095e-06,13241.034425628972,13064.476490832072
2022,vw_50,JP3256000005,KYOWA KIRIN,JP,9.015134582907797e-06,5.267913047770725,1.177218524590521
2022,vw_50,HK0016000132,SUN HUNG KAI PROPERTIES,HK,8.729284810234291e-06,4.43984327653794,1.2830476597054004
2022,vw_50,JP3977400005,RINNAI,JP,8.602549856111096e-06,11.03392084103522,8.105992945230813
2022,vw_50,JP3638600001,DOWA HDG.,JP,8.310009560622662e-06,152.8873412930135,379.16194629103165
2022,vw_50,JP3294460005,INPEX,JP,8.180294490602742e-06,582.7451183719983,435.75455861548426
2022,vw_50,BMG2178K1009,CKI HOLDINGS,HK,8.155118584019847e-06,8102.955714048764,472.2098318569073
2022,vw_50,SG1J26887955,SINGAPORE EXCHANGE,SG,7.486698565183611e-06,0.04463807449201872,0.004728030194551688
2022,vw_50,JP3902900004,MITSUBISHI UFJ FINL.GP.,JP,7.3466270817232336e-06,0.5726809017464252,0.3285917070453579
2022,vw_50,JP3726200003,NIPPON SODA,JP,6.480492074180311e-06,47.03510717155547,72.67969295184926
2022,vw_50,JP3850200001,HOKKAIDO ELEC.POWER,JP,6.3779673227647534e-06,2402.415500998195,14865.107060398723
2022,vw_50,JP3326410002,SANKYO,JP,6.304604415653085e-06,1.2724659553237594,0.5269485724188726
2022,vw_50,JP3888400003,MITSUI KINZOKU LIMITED,JP,6.099419345770526e-06,145.92576900774688,490.2533693385578
2022,vw_50,SG2B80958517,OUE,SG,5.601065736927857e-06,9.7490927012859,2.3346566523605152
2022,vw_50,JP3260800002,KINTETSU GROUP HDG.,JP,5.564693344246591e-06,6.35458324375821,7.094004708011396
2022,vw_50,AU000000GPT8,GPT GROUP STAPLED UNITS,AU,4.972407197132303e-06,15.545806816075416,1.2958689945021957
2022,vw_50,JP3663900003,SOJITZ,JP,4.848383368729614e-06,41.46144247669977,180.55329027351823
2022,vw_50,JP3305990008,YOKOHAMA FINANCIAL GROUP,JP,4.682598918726023e-06,0.3266722498857803,0.1677749441574552
2022,vw_50,JP3219000001,KAMIGUMI,JP,4.5520219618469094e-06,14.63575659159334,13.174631464113459
2022,vw_50,AU000000MND5,MONADELPHOUS GROUP,AU,3.7496551135459525e-06,6.761974805846292,14.733954667222767
2022,vw_50,JP3695200000,NGK INSULATORS,JP,3.7355244019529904e-06,65.69922798311522,57.04341670599339
2022,vw_50,AU000000PPT9,PERPETUAL,AU,3.2625659695589676e-06,0.020769098602239664,0.007937596062952353
2022,vw_50,SG0531000230,VENTURE CORPORATION,SG,3.182972961388493e-06,1.255177498753063,0.7599430699179136
2022,vw_50,AU000000CGF5,CHALLENGER,AU,2.9730610252198533e-06,0.019230450972279687,0.014149187474124766
2022,vw_50,HK0000055878,CHINA TAIPING INSURANCE HLDGS,HK,2.7303484492739993e-06,0.1360113576639338,1.1092481119853381
2022,vw_50,AU000000ORI1,ORICA,AU,2.517752968682737e-06,452.3142694639348,397.3666761390546
2022,vw_50,JP3774200004,HANKYU HANSHIN HDG.,JP,2.423443879172637e-06,17.30625002376256,13.731454083774029
2022,vw_50,AU000000SWM4,SEVEN WEST MEDIA DEAD - DELIST.08/01/26,AU,2.151220277855812e-06,2.417788313353875,3.252282298778414
2022,vw_50,HK0165000859,CHINA EVERBRIGHT,HK,1.9638048422530106e-06,0.02496949928252198,0.00415625411021965
2022,vw_50,JP3535800001,TSUMURA,JP,1.8815669934476996e-06,35.658184814149195,18.088252854347886
2022,vw_50,JP3443600006,TAISEI,JP,1.7812085513664398e-06,18.548336055270106,32.933515968722574
2022,vw_50,JP3734800000,NIDEC,JP,1.7045222011507946e-06,3.543213403640633,1.062705992505872
2022,vw_50,JP3799000009,HIROSE ELECTRIC,JP,1.663126957455846e-06,1.222880316506772,0.28733075037991324
2022,vw_50,JP3787000003,HITACHI CON.MCH.,JP,1.5769239231651589e-06,11.650463337501352,17.571941523013678
2022,vw_50,JP3143000002,ITO EN,JP,1.4584698552870884e-06,8.900907586605134,6.586327196385753
2022,vw_50,JP3320800000,SAPPORO HOLDINGS,JP,1.3534920222230002e-06,31.25841328257822,77.66461864544526
2022,vw_50,JP3526600006,CHUBU ELEC.POWER,JP,1.2176048215987502e-06,11.656528221361443,35.83782190991699
2022,vw_50,JP3566800003,CENTRAL JAPAN RAILWAY,JP,1.134852755885513e-06,8.95659457659276,2.509702119567158
2023,vw_50,AU000000BWP3,BWP GROUP STAPLED UNITS,AU,0.09904602729785836,0.0,0.0
2023,vw_50,JP3198900007,ORIENTAL LAND,JP,0.029740185327118952,22.024606980823126,1.2367924015555969
2023,vw_50,JP3814000000,FUJIFILM HOLDINGS,JP,0.028990128455293213,28.61876620450384,22.574324587220215
2023,vw_50,KYG2108Y1052,CHINA RESOURCES LAND,HK,0.025442727425364742,1.1647821524406692,1.059670539746023
2023,vw_50,JP3242800005,CANON,JP,0.02121056616126903,5.147980185567935,5.46164240212385
2023,vw_50,SG9999000020,FLEX,SG,0.021111428202925563,2.778568225586611,7.923182716566631
2023,vw_50,AU000000BHP4,BHP GROUP,AU,0.01873992631605185,130.05612490785322,45.50208220372044
2023,vw_50,JP3906000009,MINEBEA MITSUMI,JP,0.018309245372811398,11.268006325796724,14.493196840217157
2023,vw_50,JP3783600004,EAST JAPAN RAILWAY,JP,0.0170932403250464,87.78130443018384,74.63360790644873
2023,vw_50,JP3201200007,OLYMPUS,JP,0.01678879448721557,4.399265709567274,1.1640321898046309
2023,vw_50,AU000000BEN6,BENDIGO & ADELAIDE BANK,AU,0.0162830837404062,0.7488546295378437,0.3440781428691661
2023,vw_50,SG1L01001701,DBS GROUP HOLDINGS,SG,0.015836338169730957,0.03446887753521704,0.008388472163748743
2023,vw_50,JP3435000009,SONY GROUP,JP,0.015058956112379564,2.749543650469882,2.038041190761896
2023,vw_50,JP3539220008,T & D HOLDINGS,JP,0.015023332437527265,0.08196249411724703,0.18151421576125268
2023,vw_50,JP3633400001,TOYOTA MOTOR,JP,0.014630824122678208,8.55329089274602,9.918284633928042
2023,vw_50,BMG5320C1082,KUNLUN ENERGY,HK,0.014488947325756727,14.668807351437023,54.26095665236986
2023,vw_50,HK2388011192,BOC HONG KONG HOLDINGS,HK,0.014337928298709772,0.038698282975544875,0.015426099552952762
2023,vw_50,JP3735400008,NTT,JP,0.013173244514176388,1.6643665154843688,1.5308171003705129
2023,vw_50,JP3621000003,TORAY INDS.,JP,0.012926711406527923,145.2791585187097,285.27489150021574
2023,vw_50,AU000000CBA7,COMMONWEALTH BK.OF AUS.,AU,0.011640812225432793,0.30295864785305365,0.059949187157092694
2023,vw_50,JP3868400007,MAZDA MOTOR,JP,0.011344974791975758,3.9703725878449325,22.25175995667799
2023,vw_50,JP3756600007,NINTENDO,JP,0.011213629339044278,0.1340907827806957,0.03089573910138811
2023,vw_50,AU000000MAH3,MACMAHON HOLDINGS,AU,0.011182245521760389,0.8187697140760097,4.318739608898741
2023,vw_50,JP3634600005,TOYOTA INDS.,JP,0.01110419876977936,14.238956916910125,17.840386191747598
2023,vw_50,JP3658850007,NISHI-NIPPON FINL.HDG.,JP,0.011046808990731865,0.49435053052680383,0.4589362135724475
2023,vw_50,JP3475350009,DAIICHI SANKYO,JP,0.010781371055160551,9.340830963172325,1.403853668585024
2023,vw_50,JP3837800006,HOYA,JP,0.010502818725962431,2.3595046564824393,0.34044166806989734
2023,vw_50,JP3866800000,PANASONIC HOLDINGS,JP,0.009251284447746042,6.361637914472136,17.84099007820225
2023,vw_50,JP3249600002,KYOCERA,JP,0.00921564304621383,7.839379790128732,6.410035406421633
2023,vw_50,JP3902900004,MITSUBISHI UFJ FINL.GP.,JP,0.00889092056617602,0.49736336230639233,0.33127522558262823
2023,vw_50,HK0066009694,MTR,HK,0.008601832528940796,8.261252811788236,1.5091569384183907
2023,vw_50,JP3156400008,USHIO,JP,0.008544854075145937,3.0529154115494044,2.3708731505462772
2023,vw_50,HK0019000162,SWIRE PACIFIC 'A',HK,0.008491956926356637,9.462171871233949,14.684503443516057
2023,vw_50,JP3711600001,NIPPON SANSO HOLDINGS,JP,0.00846836508699483,124.3722331265612,156.0097707660603
2023,vw_50,HK0388045442,HONG KONG EXCHANGES AND CLEARING,HK,0.008152534097316139,0.1320814337072736,0.005055204411929651
2023,vw_50,HK0014000126,HYSAN DEVELOPMENT,HK,0.007878276632897672,3.9755663595462325,0.5006993805486569
2023,vw_50,AU000000QBE9,QBE INSURANCE GROUP,AU,0.00778705300365849,0.4183117797547887,0.5624885089170804
2023,vw_50,JP3756100008,NITORI HOLDINGS,JP,0.007416876412911917,5.062038727910633,2.0816282982264167
2023,vw_50,AU000000WES1,WESFARMERS,AU,0.007149308730950526,28.59363574837614,20.97707171119606
2023,vw_50,JP3910660004,TOKIO MARINE HOLDINGS,JP,0.007000552177116026,0.2676351257943177,0.31228629936762137
2023,vw_50,HK0000139300,TELEVISION BROADCASTS,HK,0.006637694847574254,1.0127506943988802,2.115105284794226
2023,vw_50,JP3766550002,HAKUHODO DY HDG.,JP,0.006349298924090843,0.02127704561838475,0.03785674062927367
2023,vw_50,JP3496400007,KDDI,JP,0.006341467735537678,2.020724688487329,1.2264991423956304
2023,vw_50,AU000000ANZ3,ANZ GROUP HOLDINGS,AU,0.006265901961365683,0.3012399102894397,0.115206450518131
2023,vw_50,JP3528600004,CHIYODA CORPORATION,JP,0.006139348183439095,27.54078195966495,114.1602866701046
2023,vw_50,SG1V61937297,SINGAPORE AIRLINES,SG,0.00594346335328093,1263.2430647324663,939.9422437925348
2023,vw_50,JP3436120004,SBI HDG.,JP,0.005928695802556236,0.2064365006477955,0.2576692236541043
2023,vw_50,JP3375800004,SHINKO ELEC.INDS. DEAD - DELIST.06/06/25,JP,0.005704795579881993,18.660699978140748,10.72179925079803
2023,vw_50,JP3890310000,MS&AD INSURANCE GP.HDG.,JP,0.005680162291255112,0.42258483049718576,0.9751755043155752
2023,vw_50,JP3134800006,IHI,JP,0.005661553597185007,6.0565943610977255,13.322077905189996
2023,vw_50,JP3900000005,MITSUBISHI HEAVY INDS.,JP,0.00550851783454291,4.235566896157101,10.369879209830343
2023,vw_50,AU000000ELD6,ELDERS,AU,0.005333589229868616,24.19413483937441,56.67027109788423
2023,vw_50,SG9999003735,XP POWER (DI),SG,0.004787210469981437,1.4457805756063657,0.8702594810379242
2023,vw_50,JP3436100006,SOFTBANK GROUP,JP,0.0047547496806758,0.2980497141485127,0.17842171736829912
2023,vw_50,AU000000IGO4,IGO,AU,0.004696226737451152,139.20481100563748,13.450650412623247
2023,vw_50,JP3732200005,NIPPON TELEVISION HDG.,JP,0.0046766470955231345,0.6913055204746131,1.0341232626308432
2023,vw_50,SG1U68934629,KEPPEL,SG,0.0046553413419911744,0.6109125464163091,0.2903705206753956
2023,vw_50,JP3148800000,IBIDEN,JP,0.004462525913076196,54.292230229729746,30.730713872747064
2023,vw_50,JP3676800000,NISSHIN SEIFUN,JP,0.004245136589393947,13.760793311392328,22.03526172846717
2023,vw_50,JP3670800006,NISSAN CHEMICAL,JP,0.004233463820924127,130.98427499739935,34.95477893101701
2023,vw_50,AU000000BLD2,BORAL DEAD - DELIST.08/07/24,AU,0.004206955064423341,596.8265877718758,479.3950251051605
2023,vw_50,HK0363006039,SHANGHAI INDUSTRIAL HOLDINGS,HK,0.0041715777207921405,107.13040748194744,283.91550257569634
2023,vw_50,JP3783420007,HIKARI TSUSHIN,JP,0.004092866762727046,0.20124322231381586,0.15107566793966157
2023,vw_50,JP3420600003,SEKISUI HOUSE,JP,0.004058368788173119,2.4322775767794056,4.286069636368131
2023,vw_50,JP3899600005,MITSUBISHI ESTATE,JP,0.004032764401030742,10.526591847347836,6.499755341706083
2023,vw_50,JP3197600004,ONO PHARM.,JP,0.0039378509119552116,2.4544504874478803,0.7134523174584393
2023,vw_50,AU000000BPT9,BEACH ENERGY,AU,0.0038742125407966814,421.22320937328067,228.54665264514813
2023,vw_50,JP3890350006,SUMITOMO MITSUI FINL.GP.,JP,0.003841394736872391,0.3537550495234726,0.2510394746680624
2023,vw_50,JP3834800009,HEIWA REAL ESTATE,JP,0.0038090802878273607,8.368136213117184,2.546411618179255
2023,vw_50,JP3165700000,NTT DATA GROUP DEAD - DELIST.26/09/25,JP,0.00375475126672285,2.099368570972761,2.3486341589365005
2023,vw_50,JP3174410005,OJI HOLDINGS,JP,0.0035716026313250054,488.6779676342297,1508.2874490873432
2023,vw_50,JP3600200004,TOHO GAS,JP,0.003519385992811769,16.164870913037554,41.29329684688016
2023,vw_50,JP3672400003,NISSAN MOTOR,JP,0.0034229881364287113,7.6877370015972755,38.779345523968615
2023,vw_50,AU000000JBH7,JB HI-FI,AU,0.0034051968526012436,0.04806063815354721,0.0880494740443
2023,vw_50,JP3419050004,SEGA SAMMY HDG.,JP,0.0033120096436068122,2.3863905086544506,1.7289064275099828
2023,vw_50,KYG210961051,CHINA MENGNIU DAIRY,HK,0.003254112464587602,19.702631620173484,13.590500722497959
2023,vw_50,JP3162600005,SMC,JP,0.003233775173795489,10.05845173235915,1.8128652305630975
2023,vw_50,JP3789000001,KANADEVIA,JP,0.00318017520668435,52.39855718720311,178.22584274719833
2023,vw_50,HK0011000095,HANG SENG BANK DEAD - DELIST.28/01/26,HK,0.0031312218111780466,0.022632029336441768,0.004474205412337929
2023,vw_50,AU000000GMG2,GOODMAN GROUP,AU,0.0030665412931739386,2.3676823562914446,0.12818776203329577
2023,vw_50,JP3826800009,FURUKAWA,JP,0.003044164246194617,2.461388356080849,9.668755595344672
2023,vw_50,MU0117U00026,GOLDEN AGRI-RESOURCES,SG,0.003031656659520774,603.6702276988625,2905.6268959150148
2023,vw_50,JP3274400005,GLORY,JP,0.0030112285943958545,9.417142023260118,16.26753335614095
2023,vw_50,JP3200450009,ORIX,JP,0.00286377688073372,47.60769073168233,44.5329237805293
2023,vw_50,JP3194000000,OKI ELECTRIC IND.,JP,0.0028636796406536387,3.012785908952192,17.117770259384567
2023,vw_50,JP3404600003,SUMITOMO,JP,0.0028472070283740132,29.635783781433304,69.40570907379717
2023,vw_50,AU000000WOW2,WOOLWORTHS GROUP,AU,0.0028355432971629516,10.934655879067723,15.400442652956508
2023,vw_50,JP3293200006,COCA-COLA BOTTLERS JAPAN HOLDINGS,JP,0.0028059527618111693,30.6576571949329,90.3677142656261
2023,vw_50,JP3894900004,ISETAN MITSUKOSHI HDG.,JP,0.0027881339820816247,4.826244298487668,4.1399925620472615
2023,vw_50,JP3452000007,TAIYO YUDEN,JP,0.0027483852532306854,16.137169010334322,9.390448125599479
2023,vw_50,JP3914400001,MURATA MANUFACTURING,JP,0.0027439398115412226,19.125998382549092,6.6964234757329475
2023,vw_50,JP3358000002,SHIMANO,JP,0.0027125039505642634,2.114230510738968,0.6192302195827669
2023,vw_50,HK0006000050,POWER ASSETS HOLDINGS,HK,0.00267120900758917,42627.38059812528,563.5442645818597
2023,vw_50,JP3626800001,LIXIL,JP,0.002658768961743193,39.26585363183953,94.85396267118831
2023,vw_50,JP3499800005,MITSUBISHI HC CAPITAL,JP,0.0026423358692220698,0.22094668118267785,0.427128158400564
2023,vw_50,BMG684371393,PACIFIC BASIN SHIP.,HK,0.002641876806179259,875.5739280320943,1470.106134491661
2023,vw_50,JP3820000002,FUJI ELECTRIC,JP,0.00258189973052605,18.23143796180638,22.905834492602057
2023,vw_50,JP3762800005,NOMURA RESEARCH INST.,JP,0.0025785112936901884,0.18888673558010327,0.06677836461120634
2023,vw_50,JP3502200003,DAIWA SECURITIES GROUP,JP,0.0025760358590852634,0.14678647705115752,0.11359118532401886
2023,vw_50,JP3276400003,GUNMA BANK,JP,0.002521159095976597,1.169858268336998,0.9538518564279977
2023,vw_50,JP3336000009,SANTEN PHARM.,JP,0.0024628999672587303,8.052186224623117,5.5715727496572836
2023,vw_50,BMG8403G1033,SINOFERT HOLDINGS,HK,0.002308969207133522,490.40352504774256,1728.393479227183
2023,vw_50,JP3893200000,MITSUI FUDOSAN,JP,0.0023000861924901087,10.394944262649682,10.255220495646576
2023,vw_50,JP3802300008,FAST RETAILING,JP,0.002282309367722904,0.5134459118198815,0.14468872925057202
2023,vw_50,HK0293001514,CATHAY PACIFIC AIRWAYS,HK,0.00227460022518438,1778.5036808386792,1805.4409374385789
2023,vw_50,HK0270001396,GUANGDONG INVESTMENT,HK,0.002229775889204366,1002.4488145504313,405.0907997939753
2023,vw_50,SG1M31001969,UNITED OVERSEAS BANK,SG,0.0022180897968392056,0.37980140184697425,0.12571632112138958
2023,vw_50,JP3519400000,CHUGAI PHARM.,JP,0.0022038155795257902,4.89053042246006,1.1134092372296431
2023,vw_50,AU000000SIG5,SIGMA HEALTHCARE,AU,0.0021607244474259927,0.001260890143543176,0.00678477954499698
2023,vw_50,JP3197800000,OMRON,JP,0.002147569926557927,0.6367198486018305,0.34588150929209804
2023,vw_50,JP3352000008,77 BANK,JP,0.002143720464608695,1.2516186545046653,0.8841106294718465
2023,vw_50,AU000000NAB4,NATIONAL AUS.BANK,AU,0.0020948781388088825,0.41838734664367355,0.10783455706849128
2023,vw_50,JP3893600001,MITSUI,JP,0.002074655922341908,27.171067249693053,63.74624329773779
2023,vw_50,JP3119600009,AJINOMOTO,JP,0.0019799872419728913,94.58505467163413,59.19890767321872
2023,vw_50,JP3854600008,HONDA MOTOR,JP,0.001979260478169472,8.534000302776935,24.143674800205552
2023,vw_50,JP3571400005,TOKYO ELECTRON,JP,0.001979136725681942,1.2749408123215842,0.3784228779335084
2023,vw_50,JP3481800005,DAIKIN INDUSTRIES,JP,0.0018736354647022925,18.51704156849024,10.604414809811662
2023,vw_50,BMG8063F1068,SHANGRI-LA ASIA,HK,0.0017818750123513403,102.70722552178694,45.821674262882
2023,vw_50,JP3122400009,ADVANTEST,JP,0.0017796129096461935,0.8363579592671855,0.23312606511582648
2023,vw_50,JP3869010003,MATSUKIYOKARA,JP,0.0017590613879845652,0.325927811034816,0.3351219663496378
2023,vw_50,JP3143600009,ITOCHU,JP,0.0017280637382507296,10.892717929397831,23.151949261093428
2023,vw_50,JP3551500006,DENSO,JP,0.0017029595400692187,11.831625022273139,13.207687620919764
2023,vw_50,HK0688002218,CHINA OVERSEAS LAND INVESTMENT,HK,0.0016885798425677074,0.3882214306386254,0.35829941759078865
2023,vw_50,JP3188220002,OTSUKA HOLDINGS,JP,0.0016815962965398804,24.180027432827657,18.307551699372873
2023,vw_50,AU000000MQG1,MACQUARIE GROUP,AU,0.0016734943012264216,0.02947332319757232,0.007365370591012641
2023,vw_50,JP3351100007,SYSMEX,JP,0.0016722385688413982,4.449044979062195,0.9866214247671183
2023,vw_50,JP3734800000,NIDEC,JP,0.001665453672188939,16.378165094924245,8.461772741389321
2023,vw_50,AU000000AMP6,AMP,AU,0.0016008661906363195,0.01676362665540813,0.009389573400381842
2023,vw_50,JP3635000007,TOYOTA TSUSHO,JP,0.001566817279685015,6.298085691367878,31.568418200248225
2023,vw_50,JP3108600002,ACOM,JP,0.0015341096787723804,0.5688008219720176,0.3103957871512275
2023,vw_50,JP3494600004,SCREEN HOLDINGS,JP,0.0015068907424374324,2.7627389521414325,2.382513342754605
2023,vw_50,AU000000TCL6,TRANSURBAN GROUP STAPLED UNITS,AU,0.0014852538232503322,2.0151707689664384,0.19282362742164894
2023,vw_50,JP3300600008,KONICA MINOLTA,JP,0.0014687171593906322,18.154171261997966,72.83895981451371
2023,vw_50,JP3266400005,KUBOTA,JP,0.0014469464584160932,13.612274398719716,16.046267491279078
2023,vw_50,HK0000055878,CHINA TAIPING INSURANCE HLDGS,HK,0.0014274197110502322,0.26882442534730777,2.303716932693381
2023,vw_50,JP3126400005,ALPS ALPINE,JP,0.0014216651261297183,2.365738686739943,7.033864892751387
2023,vw_50,JP3371200001,SHIN-ETSU CHEMICAL,JP,0.0014134091235878945,104.71283274880324,37.217669345366716
2023,vw_50,US89677Q1076,TRIP COM GROUP ADR 1:1,SG,0.0013428296499414787,0.008407385585571043,0.0010617649931834686
2023,vw_50,JP3982100004,LAWSON DEAD - DELIST.24/07/24,JP,0.0013237729175750738,0.6045313419977202,1.0793064326663386
2023,vw_50,JP3939000000,YAMADA HOLDINGS,JP,0.0013082009453531398,4.242673902800501,15.137623850040415
2023,vw_50,JP3397200001,SUZUKI MOTOR,JP,0.0012946736469456527,12.236754987388132,22.760366398545937
2023,vw_50,JP3942600002,YAMAHA,JP,0.0012796189268240777,6.360668402165403,3.052854627225635
2023,vw_50,JP3818000006,FUJITSU,JP,0.001271548474249987,2.2678236195644237,2.1594505029028
2023,vw_50,JP3122800000,AMADA,JP,0.0012169161407084095,2.619308031711379,2.26155174355317
2023,vw_50,JP3544000007,TEIJIN,JP,0.0011772297744719249,95.8984611749326,371.6256391960994
2023,vw_50,AU0000088338,AMPOL,AU,0.0011521068200227335,25.010778159335384,131.5051873841587
2023,vw_50,JP3726200003,NIPPON SODA,JP,0.0011464466336294896,36.488344790445254,54.08120281261139
2023,vw_50,AU000000APA1,APA GROUP,AU,0.0011224141069005294,687.6116658956403,154.21212331263513
2023,vw_50,JP3579800008,TOKYO STEEL MNFG.,JP,0.0011221291121748488,134.83732469877714,220.71581764632083
2023,vw_50,NZCENE0001S6,CONTACT ENERGY,NZ,0.0010608096584347423,360.78704068455,132.4
2023,vw_50,SG1R89002252,CITY DEVELOPMENTS,SG,0.0010509351600334472,0.034958756612369364,0.015255159884476835
2023,vw_50,AU000000SBM8,ST BARBARA,AU,0.0010213389253770748,299.1707811245933,337.7670106454844
2023,vw_50,JP3305800009,KOMORI,JP,0.0010116038912432203,6.921921070537536,13.605461131234328
2023,vw_50,AU000000CWY3,CLEANAWAY WASTE MANAGEMENT,AU,0.0009983726503509781,466.3616587327558,257.70088955708655
2023,vw_50,BMG2624N1535,DFI RETAIL GROUP HOLDINGS,HK,0.0009957589228823107,25.753949602794435,52.35544019611106
2023,vw_50,AU000000CPU5,COMPUTERSHARE,AU,0.0009924761018470308,0.8831534465732308,0.26609791596950355
2023,vw_50,JP3320800000,SAPPORO HOLDINGS,JP,0.0009783138308867808,32.057990866231926,61.01857319452816
2023,vw_50,JP3224200000,KAWASAKI HEAVY INDUSTRY,JP,0.0009645266535962619,10.585453718096492,36.051751094846246
2023,vw_50,JP3305530002,COMSYS HOLDINGS,JP,0.0009399567700600377,19.36002666152243,31.884366032522053
2023,vw_50,JP3788600009,HITACHI,JP,0.0009372279248372078,5.705547477030776,9.571297670678211
2023,vw_50,JP3164800009,NOK,JP,0.0009336148106075451,6.988994305224076,23.725514052804478
2023,vw_50,JP3982800009,ROHM,JP,0.0009318633132113037,44.244965575419386,20.275292321554875
2023,vw_50,JP3294460005,INPEX,JP,0.0009056104049906858,365.744528717021,434.8568426582611
2023,vw_50,AU000000ABC7,ADBRI DEAD - DELIST.02/07/24,AU,0.0008604103396770681,1488.5414666128038,2073.8703203930527
2023,vw_50,JP3733000008,NEC,JP,0.0008588785243002624,0.8268965246067332,2.0017613480651995
2023,vw_50,JP3271400008,CREDIT SAISON,JP,0.0008554924571105285,0.11777776094145068,0.14170409533122297
2023,vw_50,JP3944130008,USS,JP,0.0008309524223883453,5.902769509203915,0.9207154000445731
2023,vw_50,JP3415400005,SEINO HDG.,JP,0.0008221280006638372,77.53194892105311,185.43372083339457
2023,vw_50,JP3598600009,TOHO,JP,0.0008024970806052654,3.2397233357334065,0.8749413597586049
2023,vw_50,JP3351600006,SHISEIDO,JP,0.0007948976018552854,2.5387772512566675,1.0396628546516353
2023,vw_50,AU000000TLS2,TELSTRA GROUP,AU,0.0007807476715773514,1.959440886821348,0.9088368998780353
2023,vw_50,AU000000BOQ8,BANK OF QLND.,AU,0.0007800976051376566,0.22736921284094697,0.1220870459218643
2023,vw_50,JP3753000003,NIPPON YUSEN KK,JP,0.0007752494743105456,544.2874654496082,894.9749598833317
2023,vw_50,AU000000CSL8,CSL,AU,0.0007589826990101685,11.145770328770501,1.2937379251126988
2023,vw_50,NZFBUE0001S0,FLETCHER BUILDING,NZ,0.0007071985975899883,136.19184691824984,283.95002773379963
2023,vw_50,AU000000IRE2,IRESS,AU,0.0007037951962485514,0.12072397942681166,0.04166470135056523
2023,vw_50,JP3463000004,TAKEDA PHARMACEUTICAL,JP,0.0006925007173019382,9.016203321699502,5.544421121402206
2023,vw_50,AU000000ERA9,ENERGY RES.OF AUS.,AU,0.0006850608338153196,3302.8896367645348,166.9560626503197
2023,vw_50,SG1T75931496,SINGAPORE TELECOM,SG,0.0006410463794011504,0.5472157172329531,0.19420479953969952
2023,vw_50,JP3625000009,TOKUYAMA,JP,0.0006368649924621993,2451.399084760839,5999.852651354687
2023,vw_50,JP3726800000,JAPAN TOBACCO,JP,0.0006263968944455286,16.278992811406408,8.22875787786462
2023,vw_50,JP3190000004,OBAYASHI,JP,0.0006257082261357094,18.327684160275084,52.164025862053116
2023,vw_50,JP3398000004,SUZUKEN,JP,0.0006165556200404999,1.5458492925718794,11.942601251461184
2023,vw_50,AU000000BSL0,BLUESCOPE STEEL,AU,0.0005999135648364326,632.0423330219912,1342.4449218984157
2023,vw_50,JP3665200006,NICHIREI,JP,0.0005890858813877178,15.405528402868967,28.492728315548362
2023,vw_50,JP3967200001,RAKUTEN GROUP,JP,0.0005890654639786055,0.19919799994818588,0.3619282024474623
2023,vw_50,JP3619800000,TOYOBO,JP,0.0005466929537095027,228.59050835703783,1009.4422547991039
2023,vw_50,JP3160400002,EISAI,JP,0.0005406247789511602,8.275238108841494,2.5920067742345565
2023,vw_50,JP3684400009,NITTO BOSEKI,JP,0.0005349734622710888,223.68229186575098,265.171858216971
2023,vw_50,AU000000CSR5,CSR DEAD - DEAD.10/07/24,AU,0.0005268102468403164,155.47276228776153,153.3197317910758
2023,vw_50,JP3209000003,CASIO COMPUTER,JP,0.0004963647966130462,1.6759920379484845,1.3082464982529916
2023,vw_50,JP3596200000,TOTO,JP,0.00048538581641515934,31.15825239297233,26.323830117282064
2023,vw_50,AU000000STO6,SANTOS,AU,0.00044723340477594546,671.8520615963743,337.1511099014538
2023,vw_50,JP3721400004,JAPAN STEEL WORKS,JP,0.00044495667517250383,34.20950799997757,39.492680905612495
2023,vw_50,SG1F60858221,SINGAPORE TECHS.ENGR.,SG,0.00043357406711112085,6.5162682982244045,5.014676285930156
2023,vw_50,JP3718800000,NISSUI,JP,0.0004058840012028918,33.99800445635879,153.60849569621826
2023,vw_50,JP3137200006,ISUZU MOTORS,JP,0.00038664173665855264,8.192877189029023,20.287777819143
2023,vw_50,JP3780100008,PARK24,JP,0.00036175302027118656,85.96995694532252,69.71894674597377
2023,vw_50,JP3635400009,TOYOTA BOSHOKU,JP,0.0003561714296925594,5.454791103669175,23.861822960668356
2023,vw_50,KYG9431R1039,WANT WANT CHINA HOLDINGS,SG,0.00035571142744905194,54.92086239310012,24.67818351251339
2023,vw_50,JP3407200009,OSAKA TITANIUM,JP,0.00033354635276271807,168.9998373719304,50.85145530348999
2023,vw_50,JP3404200002,SUMITOMO RUBBER INDS.,JP,0.000331795278629212,44.0579756213314,158.7742794090396
2023,vw_50,JP3768600003,HASEKO,JP,0.00033090652180773483,4.471751499974002,10.034392658244053
2023,vw_50,AU000000ORG5,ORIGIN ENERGY (EX BORAL),AU,0.00032630772476436237,1153.1415822012218,1525.9262561861874
2023,vw_50,SG1J26887955,SINGAPORE EXCHANGE,SG,0.00031978502571821125,0.03416385668945396,0.004007234393825654
2023,vw_50,JP3505000004,DAIWA HOUSE INDUSTRY,JP,0.0003173525655655477,6.479627237585651,15.001182312603452
2023,vw_50,JP3485800001,DAICEL,JP,0.00030147503087321555,415.3968931804343,802.22543799261
2023,vw_50,JP3414750004,SEIKO EPSON,JP,0.000289062437997544,16.011570460726414,27.661774185981454
2023,vw_50,AU000000MGR9,MIRVAC GROUP STAPLED UNITS,AU,0.0002835580758858712,7.557005097369406,1.4682993977106602
2023,vw_50,JP3304200003,KOMATSU,JP,0.0002820067230443701,4.939934640033523,5.510047442369424
2023,vw_50,HK0200030994,MELCO INTL.DEV.,HK,0.0002818441034489595,15.13591670198529,10.2369991817228
2023,vw_50,HK0004000045,WHARF HOLDINGS,HK,0.0002808275246879308,7.230194026559046,2.1454455979975497
2023,vw_50,JP3388200002,AEON,JP,0.00027945542235901957,2.871580272912132,11.200835437437204
2023,vw_50,JP3385980002,J S R DEAD - DELIST.25/06/24,JP,0.0002768663746494358,10.986110002626972,7.2132775223664645
2023,vw_50,JP3992400006,WACOAL HDG.,JP,0.00027298092353987395,1.1742809686402778,1.4197242346342605
2023,vw_50,JP3456000003,TAKASHIMAYA,JP,0.0002700257787903564,4.720098849443309,8.092805085744713
2023,vw_50,JP3322930003,SUMCO,JP,0.0002664171125577968,25.033766475711424,15.933656700102642
2023,vw_50,JP3486800000,DAITO TST.CONSTRUCTION,JP,0.0002590798004522678,2.672692249810934,4.944689827358329
2023,vw_50,JP3102000001,AISIN,JP,0.00024980830601611725,16.06784566511412,61.69917288804073
2023,vw_50,BMG4600H1198,HOPSON DEVELOPMENT HOLDINGS,HK,0.00024281234823881248,0.8636003530372919,0.876079042706299
2023,vw_50,BMG668971101,CTF SERVICES,HK,0.00024272481813614492,7.966658042856546,8.802239733884532
2023,vw_50,JP3402600005,SUMITOMO METAL MINING,JP,0.00024254087241299945,178.6418040913064,166.67670402543325
2023,vw_50,JP3940000007,YAMATO HDG.,JP,0.0002351495261834836,46.59987655081624,99.8871694215502
2023,vw_50,JP3263000006,KINDEN,JP,0.00023423961720979824,3.2669726586299843,6.5676944660409236
2023,vw_50,JP3228600007,KANSAI ELECTRIC PWR.,JP,0.00023397137863247978,805.1807695107863,2562.916440561867
2023,vw_50,JP3663900003,SOJITZ,JP,0.0002277871087579015,38.93227636224332,153.8346391229026
2023,vw_50,SGXE34184239,SEATRIUM,SG,0.00022474496600106525,48.129474070381065,20.5908393172319
2023,vw_50,AU000000CGF5,CHALLENGER,AU,0.00022054961291477487,0.026695590714523928,0.009948093187123917
2023,vw_50,HK0836012952,CHINA RESOURCES POWER,HK,0.0002200207137288459,10581.892252095007,13772.611402035373
2023,vw_50,JP3196000008,ODAKYU ELECTRIC RY.,JP,0.0002175755195258421,25.16803594684213,15.937917924821894
2023,vw_50,AU000000COH5,COCHLEAR,AU,0.00021027505986115412,0.7502858621898518,0.09036230747452148
2023,vw_50,AU000000ASX7,ASX,AU,0.0002077623461324325,0.06762385986172273,0.005268442974900084
2023,vw_50,AU000000WBC1,WESTPAC BANKING,AU,0.0002067814843271019,0.34571397684343586,0.11195224645265507
2023,vw_50,AU000000LLC3,LENDLEASE GROUP STAPLED UNITS,AU,0.00020473713751497266,3.72361639464965,6.126082760651188
2023,vw_50,JP3942400007,ASTELLAS PHARMA,JP,0.0002046397169560849,5.163923143935558,2.1736217704502874
2023,vw_50,AU000000MTS0,METCASH,AU,0.0002043347274655006,1.1817227829361552,4.612160060263233
2023,vw_50,SG1T58930911,FRASER AND NEAVE,SG,0.0002043100442840843,32.46653582519928,36.33346976961759
2023,vw_50,JP3551200003,ELEC.POWER DEV.,JP,0.00020417075357903621,3534.6054203112694,15780.26998425522
2023,vw_50,JP3548610009,DENA,JP,0.0001967156511746693,0.012537346827376164,0.007165297911040071
2023,vw_50,JP3359600008,SHARP,JP,0.00019620479057640705,16.545289556063388,60.27848294902006
2023,vw_50,JP3143000002,ITO EN,JP,0.00019556946865943405,9.050461754558718,9.541681244235235
2023,vw_50,JP3538800008,TDK,JP,0.00019156485522149955,8.474797105771374,10.316596503001577
2023,vw_50,JP3362700001,MITSUI OSK LINES,JP,0.00018013785448500058,872.0409134994648,1179.5614451496845
2023,vw_50,JP3814800003,SUBARU,JP,0.00017685554161370548,5.869678093817494,12.694645300822408
2023,vw_50,JP3389900006,JAFCO GROUP,JP,0.00017512499186400553,0.018574814210396258,0.00893612268019851
2023,vw_50,NZAIRE0001S2,AIR NEW ZEALAND,NZ,0.0001745164953528806,930.4940729855819,1659.9190898780503
2023,vw_50,JP3173400007,OBIC,JP,0.00017238835095824835,0.2862219103531873,0.013481266940889304
2023,vw_50,JP3811000003,FUJIKURA,JP,0.00017065804304506463,3.6034472805029956,10.040761054788856
2023,vw_50,JP3027670003,NIPPON BUILDING FUND,JP,0.00016708167098452656,5.613732887397854,0.5806548837556662
2023,vw_50,JP3283650004,KOSE HOLDINGS,JP,0.00016583795941833962,2.6604781862281444,0.8921503515768093
2023,vw_50,AU000000SUN6,SUNCORP GROUP,AU,0.00016529182979233123,0.14822497522899572,0.16381105376367427
2023,vw_50,JP3862400003,MAKITA,JP,0.00016195627966417178,3.5560224324682244,2.840201034368808
2023,vw_50,JP3613400005,TOYO SEIKAN GROUP HDG.,JP,0.00015960441092825116,56.57442030489395,149.66892003678237
2023,vw_50,JP3277800003,KEIO,JP,0.00015484622676782299,32.4286124167891,17.95109035131292
2023,vw_50,NZTELE0001S4,SPARK NEW ZEALAND,NZ,0.0001529559827547957,0.9538859522058524,0.41680655627120583
2023,vw_50,HK0440001847,DAH SING FINANCIAL HDG.,HK,0.00015181045287492308,0.07463823779120575,0.11218229623137599
2023,vw_50,JP3935600001,YAMAZAKI BAKING,JP,0.0001514657545136967,44.109335359342666,143.4859325616117
2023,vw_50,AU000000ANN9,ANSELL,AU,0.00014533039804094837,66.63621334964343,47.942186074254316
2023,vw_50,AU000000SGM7,SIMS,AU,0.00014293868761715468,12.96677403367702,38.49060168130726
2023,vw_50,JP3955000009,YOKOGAWA ELECTRIC,JP,0.00014097072632895103,4.632167104751087,3.2722401769008336
2023,vw_50,AU000000ALL7,ARISTOCRAT LEISURE,AU,0.00013687818209765022,1.1601203454401008,0.2775376358312325
2023,vw_50,AU000000FLT9,FLIGHT CENTRE TRAVEL GP.,AU,0.00013491664710024362,18.744172053448402,9.025607369672136
2023,vw_50,JP3888300005,MITSUI CHEMICALS,JP,0.0001347212190173991,242.55551288311884,763.3472724062342
2023,vw_50,AU000000GPT8,GPT GROUP STAPLED UNITS,AU,0.0001342208820086255,13.024619559949599,1.1967981474677978
2023,vw_50,AU000000SXL4,SOUTHERN CROSS MEDIA GROUP,AU,0.00013226525904679943,1.1648633690013674,2.1232876712328768
2023,vw_50,AU000000TAH8,TABCORP HOLDINGS,AU,0.0001287340328612955,6.655072052246752,2.023284254951801
2023,vw_50,JP3522200009,CHUGOKU ELEC.POWER,JP,0.00012826341064028178,1620.8511607951582,9439.298314858223
2023,vw_50,JP3229400001,KANSAI PAINT,JP,0.00012688855366114102,18.36681501083141,18.643216881295423
2023,vw_50,JP3240400006,KIKKOMAN,JP,0.00012647626351274796,23.126188250178547,10.50399678540637
2023,vw_50,JP3657400002,NIKON,JP,0.0001251615991346537,7.55254462674182,9.3253461229123
2023,vw_50,JP3381000003,NIPPON STEEL,JP,0.00012002108707154632,1039.9250659550285,3165.6263199887358
2023,vw_50,BMG507361001,JARDINE MATHESON HDG.,HK,0.000118087129711981,132.48465589312696,318.8122947192024
2023,vw_50,BMG677491539,ORIENT OVERSEAS (INTL.),HK,0.00011130469383278837,317.0974989065473,552.2333178510605
2023,vw_50,HK0003000038,HONG KONG AND CHINA GAS,HK,0.00011099487567804329,205.3431946100242,85.12226992719806
2023,vw_50,HK0002007356,CLP HOLDINGS,HK,0.00011059785001855882,2973.187555757492,2030.187623319149
2023,vw_50,JP3419400001,SEKISUI CHEMICAL,JP,0.00011021755600809583,19.49604292882693,29.08998137930069
2023,vw_50,JP3280200001,KEIKYU,JP,0.00011017537871267767,30.202918979238248,23.43108149477086
2023,vw_50,JP3574200006,TOKYU,JP,0.00010811912308514256,20.494120623817174,18.110948860697878
2023,vw_50,JP3870000001,MABUCHI MOTOR,JP,0.00010527620533021901,2.3998380990070456,1.5152926082277958
2023,vw_50,HK0165000859,CHINA EVERBRIGHT,HK,0.00010265462947215502,0.018635855385762207,0.006288517167651868
2023,vw_50,BMG2442N1048,COSCO SHIPPING PORTS,HK,0.00010177915535762375,54.52638379011055,30.222887878426192
2023,vw_50,HK0823032773,LINK REAL ESTATE INVESTMENT TRUST,HK,0.00010068442137622428,9.429834706920367,0.8176818250328235
2023,vw_50,AU000000SHL7,SONIC HEALTHCARE,AU,9.92716747941154e-05,5.279191477929981,3.029678790477433
2023,vw_50,JP3898400001,MITSUBISHI,JP,9.20585098506018e-05,118.32967604422984,395.5276478243548
2023,vw_50,JP3386030005,JFE HOLDINGS,JP,8.97413364642491e-05,1215.4062816711003,6008.922636960515
2023,vw_50,JP3347200002,SHIONOGI,JP,8.897826359458385e-05,11.705114622482048,2.753070056370866
2023,vw_50,IE00BKVD2N49,SEAGATE TECHNOLOGY HOLDINGS,SG,8.501910411493111e-05,29.931565440547477,18.732228574411288
2023,vw_50,BMG988031446,YUE YUEN INDL.HDG.,HK,8.474532014493957e-05,5.022374118657048,16.995241332426918
2023,vw_50,JP3495000006,SUMITOMO PHARMA,JP,8.399060517263774e-05,6.074353368069493,10.453894901336177
2023,vw_50,JP3385820000,GS YUASA,JP,8.062249975708706e-05,16.857291862192465,46.0917840742689
2023,vw_50,JP3269600007,KURARAY,JP,8.021570876187276e-05,296.72341303899094,602.9103877872706
2023,vw_50,JP3827200001,FURUKAWA ELECTRIC,JP,7.969012587793064e-05,18.7629739820962,112.43064243137832
2023,vw_50,JP3738600000,NITERRA,JP,7.953701790093114e-05,12.290915038875536,13.01996805308406
2023,vw_50,AU0000224040,WOODSIDE ENERGY GROUP,AU,7.931995500698224e-05,531.7145848933534,191.91876465042725
2023,vw_50,JP3830000000,BROTHER INDUSTRIES,JP,7.396457825056901e-05,3.096735128228607,4.792559069090763
2023,vw_50,JP3526600006,CHUBU ELEC.POWER,JP,7.353656691635684e-05,10.084345465473218,35.18776921676879
2023,vw_50,JP3491000000,DAIDO STEEL,JP,7.285190727190035e-05,82.10742694116946,225.9407013396375
2023,vw_50,JP3210200006,KAJIMA,JP,7.113135751532786e-05,15.897508598175719,46.46639808769215
2023,vw_50,JP3292200007,JTEKT,JP,7.011703388313257e-05,8.41351753978358,42.899681362516354
2023,vw_50,AU000000IAG3,INSURANCE AUS.GROUP,AU,6.999803797348998e-05,0.8564682949678637,0.6681329033746838
2023,vw_50,JP3300200007,KONAMI GROUP,JP,6.87839528623317e-05,15.207298777626296,5.2877073744282415
2023,vw_50,KYG217651051,CK HUTCHISON HOLDINGS,HK,6.82933836854327e-05,225.15073437653206,306.17057996179466
2023,vw_50,JP3493400000,DIC,JP,6.495377078848526e-05,33.865823334885796,158.2389128220304
2023,vw_50,JP3358800005,SHIMIZU,JP,6.332073807463091e-05,10.95805424406648,35.37521505512551
2023,vw_50,JP3039710003,JAPAN METROPOLITAN FUND INVESTMENT REIT,JP,6.167598084899685e-05,8.708318471157426,1.0110315915446966
2023,vw_50,JP3688370000,NIPPON EXPRESS HOLDINGS,JP,6.141696161393801e-05,26.81985856079344,105.18239627419725
2023,vw_50,JP3977400005,RINNAI,JP,5.697159206581942e-05,11.616397062910911,9.449945785949568
2023,vw_50,JP3599000001,TOHO ZINC,JP,5.671177340503919e-05,180.48342485347,880.785660809442
2023,vw_50,JP3112000009,AGC,JP,5.518203958063048e-05,369.0638706273468,709.6825831863923
2023,vw_50,JP3903000002,MITSUBISHI MATERIALS,JP,5.19881359278718e-05,67.76263199795724,411.6387612316017
2023,vw_50,AU000000QAN2,QANTAS AIRWAYS,AU,5.076435195979984e-05,858.1881608773666,1191.557090795872
2023,vw_50,JP3289800009,KOBE STEEL,JP,5.038670793387919e-05,792.2237045727744,6901.473253269984
2023,vw_50,AU000000SEK6,SEEK,AU,4.886475181873779e-05,0.10102946731065299,0.013763613073555564
2023,vw_50,HK0291001490,CHINA RESOURCES BEER HOLDINGS,HK,4.8757326972762424e-05,33.77885724901672,7.197029788132605
2023,vw_50,JP3421100003,JAPAN PETROLEUM EXP.,JP,4.7593519379094816e-05,91.9889884517787,123.34310983789192
2023,vw_50,HK0008011667,PCCW,HK,4.526776715191955e-05,1.1046460805286993,1.3031421630620763
2023,vw_50,JP3902000003,MITSUBISHI LOGISTICS,JP,4.509112371331775e-05,8.574555479653815,10.433556393097966
2023,vw_50,HK0392044647,BEIJING ENTERPRISES HOLDINGS,HK,4.452244658113325e-05,60.12649316871463,161.0100706721821
2023,vw_50,JP3973400009,RICOH,JP,4.2837069132802805e-05,7.254221584099298,24.05419709960834
2023,vw_50,JP3802400006,FANUC,JP,3.8978144453919e-05,8.984556588021656,1.6099126720703287
2023,vw_50,AU000000SWM4,SEVEN WEST MEDIA DEAD - DELIST.08/01/26,AU,3.82699078026088e-05,2.424168865023797,4.732111593210018
2023,vw_50,BMG524401079,KERRY PROPERTIES,HK,3.803791141759316e-05,2.6159971964164006,1.2766738802544428
2023,vw_50,HK0023000190,BANK OF EAST ASIA,HK,3.706102816271688e-05,0.8624810464907097,0.9530444055498244
2023,vw_50,JP3742600004,NHK SPRING,JP,3.6605258994300615e-05,8.234572719511686,25.274641305817283
2023,vw_50,JP3223800008,KAWASAKI KISEN KAISHA,JP,3.447282345685259e-05,918.7844906162312,1078.9286073550552
2023,vw_50,JP3850200001,HOKKAIDO ELEC.POWER,JP,3.409422601278972e-05,1821.082858359514,15003.188177487715
2023,vw_50,JP3027680002,JAPAN REAL ESTATE INV.,JP,3.3415073464587235e-05,4.825109279629377,0.4593268923113461
2023,vw_50,JP3877600001,MARUBENI,JP,3.24005104431664e-05,13.28827413084901,47.40575718937674
2023,vw_50,JP3902400005,MITSUBISHI ELECTRIC,JP,2.9955904818936576e-05,7.1848107395381176,11.121110115753583
2023,vw_50,JP3638600001,DOWA HDG.,JP,2.98454379113548e-05,164.12797495776744,487.43643153371244
2023,vw_50,JP3215800008,KANEKA,JP,2.848853209450444e-05,135.42169219248575,448.5093160658192
2023,vw_50,HK0000745908,YUEXIU PROPERTY COMPANY,HK,2.7965937117962054e-05,0.18000163415940992,0.4353376986827341
2023,vw_50,JP3560800009,TOKAI CARBON,JP,2.7496175255674782e-05,716.7193266761425,991.3181400784706
2023,vw_50,JP3368000000,RESONAC HOLDINGS,JP,2.7219410403073408e-05,303.51140196083855,1045.7267197153792
2023,vw_50,AU000000ILU1,ILUKA RESOURCES,AU,2.6579219096505083e-05,396.5837888077765,133.4344378413012
2023,vw_50,JP3258000003,KIRIN HOLDINGS,JP,2.589288449728638e-05,22.807758138272952,24.558384918792857
2023,vw_50,AU000000ORI1,ORICA,AU,2.5232472900224956e-05,286.80443725736416,306.539726149365
2023,vw_50,AU000000RHC8,RAMSAY HEALTH CARE,AU,2.496995417992047e-05,8.311282577517668,7.593996397987175
2023,vw_50,JP3720800006,NSK,JP,2.471655680777075e-05,14.731681016976129,35.50028864720676
2023,vw_50,JP3597800006,TOBU RAILWAY,JP,2.3320531371011516e-05,28.212977140742378,25.98900521868386
2023,vw_50,JP3885400006,MISUMI GROUP,JP,2.3191628776819886e-05,2.2064028595695127,0.8667670949478821
2023,vw_50,JP3585800000,TOKYO ELECTRIC POWER CO. HDG.,JP,2.3133679079722075e-05,3.5962538122263963,35.683575459447795
2023,vw_50,AU000000CQR9,CHARTER HALL RETAIL REIT,AU,2.2189812424224503e-05,2.6072786529060292,0.22570577136710693
2023,vw_50,SG1S04926220,OVERSEA-CHINESE BKG.,SG,2.214652149364637e-05,0.006806763929251455,0.0031948587073736662
2023,vw_50,AU000000SGP0,STOCKLAND STAPLED UNITS,AU,2.133186657636613e-05,1.5232311534581504,0.4405490565354388
2023,vw_50,JP3588600001,TBS HOLDINGS,JP,2.099653401264861e-05,6.333643392314874,8.966176455945755
2023,vw_50,JP3951600000,UNI CHARM,JP,2.047636998535765e-05,4.174880004369327,1.2357000515862453
2023,vw_50,JP3845400005,HOKURIKU ELEC.POWER,JP,1.959297340192047e-05,2902.9027200430983,20132.914089584556
2023,vw_50,JP3421800008,SECOM,JP,1.917972063633157e-05,6.719009663386614,4.109927310669652
2023,vw_50,JP3940400009,YAMATO KOGYO,JP,1.854030901510737e-05,42.45794717240686,23.991554972649627
2023,vw_50,BMG2108M2182,CHINESE ESTATES HDG.,HK,1.7846449227402332e-05,0.0,0.0
2023,vw_50,JP3549600009,DENKA,JP,1.7457800126751305e-05,488.6850141402059,835.6202564212512
2023,vw_50,HK0144000764,CHINA MERCHANTS PORT HOLDINGS,HK,1.6533264097904653e-05,39.2598135468299,10.984344309748645
2023,vw_50,JP3595200001,TOSOH,JP,1.649661656853575e-05,940.4825259699887,1829.9980850248944
2023,vw_50,SG1B51001017,JARDINE CYC.& CARR.,SG,1.6135999587657496e-05,200.74890997334026,522.8994115082826
2023,vw_50,SG1M51904654,CAPITALAND INTEG. COML. TST.,SG,1.606857049038749e-05,0.026184110957788595,0.0027903342820469893
2023,vw_50,JP3118000003,ASICS,JP,1.5895824974785076e-05,0.8255839893935244,0.6626149900692812
2023,vw_50,JP3792600003,HINO MOTORS,JP,1.4836279457594384e-05,11.807176487428308,54.48278857124809
2023,vw_50,JP3429800000,ANA HOLDINGS,JP,1.4132680838898657e-05,779.4023798519235,875.6770723140379
2023,vw_50,JP3830800003,BRIDGESTONE,JP,1.325975617523239e-05,49.326018962524856,59.031689798579634
2023,vw_50,JP3493800001,DAI NIPPON PRINTING,JP,1.3048819043936595e-05,30.170845939765456,43.090140277871
2023,vw_50,SG1R50925390,SEMBCORP INDUSTRIES,SG,1.30008384402371e-05,1702.7438789903017,2076.257969023003
2023,vw_50,JP3678000005,NISSHINBO HOLDINGS,JP,1.3000730547064699e-05,27.192369219133674,87.25571592796014
2023,vw_50,JP3126340003,ALFRESA HOLDINGS,JP,1.2398887097241448e-05,1.559065153755757,12.841662174588578
2023,vw_50,AU000000DXS1,DEXUS STAPLED UNITS,AU,1.2357497164626979e-05,20.622561434732013,1.8864084979955638
2023,vw_50,JP3743000006,NH FOODS,JP,1.2061378163963989e-05,51.78085942120208,166.55105101609863
2023,vw_50,KYG5427W1309,LEE & MAN PAPER MNFG.,HK,1.1692810850406881e-05,1450.1864793780635,2749.5648304371985
2023,vw_50,HK0083000502,SINO LAND,HK,1.152758783871499e-05,2.5139664804469275,0.3358014717804447
2023,vw_50,NZAIAE0002S6,AUCKLAND INTL.AIRPORT,NZ,1.1370763169548147e-05,6.850271683105102,0.24722145882262578
2023,vw_50,JP3116000005,ASAHI GROUP HOLDINGS,JP,1.1291873994967274e-05,24.338267559165256,28.07911704154648
2023,vw_50,JP3535800001,TSUMURA,JP,9.41157153383964e-06,39.91169125002206,26.358662315675836
2023,vw_50,JP3352400000,CITIZEN WATCH,JP,8.750841630065995e-06,8.0193989029556,13.389100126742711
2023,vw_50,HK0242001243,SHUN TAK HOLDINGS,HK,8.445860968674033e-06,262.1087229534972,172.11731382037058
2023,vw_50,JP3040890000,JAPAN PRIME REALTY INV.,JP,8.40677482404176e-06,4.9838198902867425,0.5259908901300001
2023,vw_50,HK0000049939,CHINA UNICOM (HONG KONG),HK,8.169646689593483e-06,1.900804213155348,4.593215636775856
2023,vw_50,HK0016000132,SUN HUNG KAI PROPERTIES,HK,7.556572147580386e-06,2.4339193313741365,0.4920149964610517
2023,vw_50,JP3443600006,TAISEI,JP,7.199908786748059e-06,16.969645214767283,32.34297263218141
2023,vw_50,JP3180400008,OSAKA GAS,JP,7.163084185775467e-06,265.7674259136431,646.1935917235351
2023,vw_50,HK0000608585,NEW WORLD DEVELOPMENT COMPANY,HK,6.790908755477142e-06,0.8639863278255282,1.035378886219293
2023,vw_50,SG1M77906915,CAPITALAND ASCENDAS REIT,SG,6.751451029130235e-06,0.49037766818164674,0.05366839915739555
2023,vw_50,SGXE21576413,GENTING SINGAPORE,SG,6.686738394081363e-06,1.3384180581032683,0.19189809504446273
2023,vw_50,KYG525621408,KINGBOARD HOLDINGS,HK,6.542272156777636e-06,201.20155868611414,273.1629451530475
2023,vw_50,JP3350800003,SHIKOKU ELECTRIC POWER,JP,6.436280622684203e-06,1276.7048704949402,6763.761621296235
2023,vw_50,JP3942800008,YAMAHA MOTOR,JP,6.434556796081901e-06,8.277684895553465,16.659636993015916
2023,vw_50,JP3172100004,OKUMA,JP,6.364532821542358e-06,5.073153696500349,6.464804402080765
2023,vw_50,JP3511800009,CHIBA BANK,JP,6.1525693913780585e-06,1.188572917813243,0.4024561860925315
2023,vw_50,JP3166000004,EBARA,JP,5.697198020906496e-06,16.217443482209465,22.163006334496462
2023,vw_50,AU000000CIM7,CIMIC GROUP DEAD - DELIST.11/05/22,AU,5.619405045751484e-06,14.553472876249668,23.63507445048452
2023,vw_50,JP3796150005,HIROGIN HOLDINGS,JP,5.41782251793306e-06,1.16122710907778,0.8515720995216027
2023,vw_50,JP3695200000,NGK INSULATORS,JP,5.291287492775025e-06,58.44169397424391,57.70340450086555
2023,vw_50,JP3131430005,AEON MALL DEAD - DELIST.27/06/25,JP,5.202473995233698e-06,4.8532629050511895,4.457980886792924
2023,vw_50,JP3407400005,SUMITOMO ELECTRIC IND.,JP,5.055715711265104e-06,10.196112359419846,31.781062862942342
2023,vw_50,HK0308001558,CTII.INTL.INV.HK.,HK,4.76002226421527e-06,67.84302567697246,22.246511904055097
2023,vw_50,JP3243600008,CANON MARKETING JAPAN,JP,4.418102170251242e-06,1.2367251256700476,1.8435054263818156
2023,vw_50,JP3164630000,SQUARE ENIX HOLDINGS,JP,4.308765888290355e-06,0.0,0.0
2023,vw_50,JP3778630008,BANDAI NAMCO HDG.,JP,4.234690419773111e-06,0.7839395577614235,0.4106904100339484
2023,vw_50,SG1S76928401,COSCO SHIPPING INTERNATIONAL,SG,4.166995629275042e-06,121.25835142220845,51.552329588014985
2023,vw_50,JP3765400001,HOUSE SHOKUHIN GP.HONSHA K K,JP,4.114677719169067e-06,26.579790290008514,26.058453974323953
2023,vw_50,JP3634200004,TOYODA GOSEI,JP,3.944148258592482e-06,14.637028567427706,49.21656679689129
2023,vw_50,JP3870400003,MARUI GROUP,JP,3.519359208480969e-06,5.998209436235205,2.8783267128666337
2023,vw_50,JP3358200008,SHIMAMURA,JP,3.220225077560075e-06,0.16256912071921417,0.2156539741549147
2023,vw_50,JP3659000008,WEST JAPAN RAILWAY,JP,3.0545479593541946e-06,14.550972528503673,14.310993230671787
2023,vw_50,JP3675600005,NISSIN FOODS HOLDINGS,JP,2.857917371874605e-06,58.79528851106294,36.40164791243928
2023,vw_50,JP3409000001,SUMITOMO REAL.&DEV.,JP,2.8243885997588393e-06,6.108078280575964,3.851446218054879
2023,vw_50,AU000000IFL2,INSIGNIA FINANCIAL,AU,2.7324043606854292e-06,0.0,0.0
2023,vw_50,JP3819400007,FUJI MEDIA HOLDINGS,JP,2.3571442937519394e-06,0.0,0.0
2023,vw_50,JP3158800007,UBE,JP,2.337908525014169e-06,795.6679984912821,2060.577326355331
2023,vw_50,HK0012000102,HENDERSON LD.DEV.,HK,2.0413923396943857e-06,5.964851756522081,1.0780908571970635
2023,vw_50,JP3546800008,TERUMO,JP,1.8919648563534696e-06,10.806362087159325,3.065919926653158
2023,vw_50,JP3733400000,NIPPON ELEC.GLASS,JP,1.683477643487534e-06,214.76023779455872,294.9580105815507
2023,vw_50,JP3787000003,HITACHI CON.MCH.,JP,1.6131689900282153e-06,9.869462464915426,19.07469067291487
2023,vw_50,JP3566800003,CENTRAL JAPAN RAILWAY,JP,1.4577221008318958e-06,7.18987123345684,2.8670338354411418
2023,vw_50,JP3111200006,ASAHI KASEI,JP,1.1796434476552724e-06,136.88121142340023,271.9575413713386
2024,vw_50,AU000000BWP3,BWP GROUP STAPLED UNITS,AU,0.07317911626755803,0.0,0.0
2024,vw_50,JP3633400001,TOYOTA MOTOR,JP,0.03566033925295233,8.68325956389896,7.8824987927614405
2024,vw_50,JP3198900007,ORIENTAL LAND,JP,0.028851359300393144,17.698023021999873,1.074674079927681
2024,vw_50,JP3902900004,MITSUBISHI UFJ FINL.GP.,JP,0.027001347855103042,0.3842093219010886,0.23676124022347622
2024,vw_50,JP3435000009,SONY GROUP,JP,0.025439473873960266,2.8403204824349157,1.9572985673792722
2024,vw_50,JP3242800005,CANON,JP,0.02072151158477502,7.021399252609229,5.5581101437362905
2024,vw_50,JP3122400009,ADVANTEST,JP,0.020477722164982396,0.7381710324423192,0.07820600470749693
2024,vw_50,JP3735400008,NTT,JP,0.01912615156580543,1.6746789260904795,1.3099475671653784
2024,vw_50,JP3732200005,NIPPON TELEVISION HDG.,JP,0.01752544746555192,1.41494284363383,1.0336655910747645
2024,vw_50,JP3756600007,NINTENDO,JP,0.0174108223718883,0.14581276563702686,0.022536092297360037
2024,vw_50,AU000000BHP4,BHP GROUP,AU,0.01663396369777155,150.87613865715858,52.12413145782233
2024,vw_50,JP3143600009,ITOCHU,JP,0.01564260670341281,11.372342811388137,14.736570255814494
2024,vw_50,BMG5320C1082,KUNLUN ENERGY,HK,0.014494306346324811,19.537684671149922,63.99946151393006
2024,vw_50,JP3906000009,MINEBEA MITSUMI,JP,0.014485686019901913,10.529406918731544,11.075322988737376
2024,vw_50,AU000000CBA7,COMMONWEALTH BK.OF AUS.,AU,0.014370916631682887,0.19011187237641752,0.057407578781184423
2024,vw_50,HK0019000162,SWIRE PACIFIC 'A',HK,0.012299401232953498,6.515174831830142,11.800679061860953
2024,vw_50,JP3898400001,MITSUBISHI,JP,0.011948575866564828,152.3072139013388,286.3101184559599
2024,vw_50,JP3900000005,MITSUBISHI HEAVY INDS.,JP,0.011832239623614075,4.226533271597552,5.734857531023801
2024,vw_50,AU000000WES1,WESFARMERS,AU,0.011280854077521834,29.154765481424313,19.069622623733597
2024,vw_50,JP3201200007,OLYMPUS,JP,0.011258316909502776,4.105339466174771,1.373209184178941
2024,vw_50,JP3539220008,T & D HOLDINGS,JP,0.011127541588515396,0.07639756645755359,0.19371022545946046
2024,vw_50,JP3868400007,MAZDA MOTOR,JP,0.010682908469560576,3.5355104459497158,14.858032822986438
2024,vw_50,JP3676800000,NISSHIN SEIFUN,JP,0.010381748555737248,26.18510284111857,35.1737819319317
2024,vw_50,JP3397200001,SUZUKI MOTOR,JP,0.009769929111068209,11.975402523217312,17.845018193213672
2024,vw_50,JP3452000007,TAIYO YUDEN,JP,0.009594105497180207,24.533092783213327,16.423991661665774
2024,vw_50,JP3475350009,DAIICHI SANKYO,JP,0.009356402871238652,8.40673094683883,1.4425669009544007
2024,vw_50,JP3814000000,FUJIFILM HOLDINGS,JP,0.009113890939619519,28.58579472850527,21.19248573930156
2024,vw_50,JP3670800006,NISSAN CHEMICAL,JP,0.008543167921090921,119.32838140845443,31.783915392760186
2024,vw_50,JP3162600005,SMC,JP,0.008538993908810836,10.195990309702825,1.4345649589212943
2024,vw_50,JP3726200003,NIPPON SODA,JP,0.008423869171998898,44.7585349194988,42.26353994214711
2024,vw_50,JP3893200000,MITSUI FUDOSAN,JP,0.008415383112320209,11.77688203122596,8.029541806715978
2024,vw_50,AU000000AMP6,AMP,AU,0.008365200700432427,0.014053484318203316,0.015078145388117262
2024,vw_50,JP3274400005,GLORY,JP,0.008052501445884212,7.964245574136108,15.02190435100063
2024,vw_50,JP3249600002,KYOCERA,JP,0.00800570955159192,8.611914046141104,5.439282536852183
2024,vw_50,SG1V61937297,SINGAPORE AIRLINES,SG,0.007953372227193826,1091.8199251781807,992.8591061441467
2024,vw_50,HK0388045442,HONG KONG EXCHANGES AND CLEARING,HK,0.007846307974446591,0.03016046877411267,0.001585622421546706
2024,vw_50,SG1L01001701,DBS GROUP HOLDINGS,SG,0.007702507629444853,0.049656529604459,0.02093218086112738
2024,vw_50,JP3893600001,MITSUI,JP,0.007692232654321933,29.467697062374555,43.9231483153299
2024,vw_50,JP3481800005,DAIKIN INDUSTRIES,JP,0.007386813406229873,18.239776622607398,11.276851657966201
2024,vw_50,AU000000MAH3,MACMAHON HOLDINGS,AU,0.007311440470206794,0.7274265860584708,3.636511552229092
2024,vw_50,JP3788600009,HITACHI,JP,0.007107653648327735,5.936434822717056,5.346166985387321
2024,vw_50,AU000000GMG2,GOODMAN GROUP,AU,0.007031677885578524,2.8839716539022677,0.1143908887252975
2024,vw_50,JP3320800000,SAPPORO HOLDINGS,JP,0.006739109119517037,34.1502031653949,33.109456073440064
2024,vw_50,JP3862400003,MAKITA,JP,0.00673183849905331,3.978904243055072,2.6308453783148984
2024,vw_50,US89677Q1076,TRIP COM GROUP ADR 1:1,SG,0.006707479653414879,0.5147063857183863,0.1356619805306385
2024,vw_50,AU000000BEN6,BENDIGO & ADELAIDE BANK,AU,0.006575453123037701,0.43363972167339576,0.34898994787273757
2024,vw_50,JP3436120004,SBI HDG.,JP,0.006464738621339969,0.15311730842625115,0.17832850298692848
2024,vw_50,HK0688002218,CHINA OVERSEAS LAND INVESTMENT,HK,0.006355696591685737,0.2851904465602999,0.4958964899617718
2024,vw_50,JP3152740001,ABC-MART,JP,0.006233857086240717,0.05418542429852083,0.027855662005790323
2024,vw_50,AU000000NAB4,NATIONAL AUS.BANK,AU,0.006203135629728417,0.21661545709016042,0.11169126353777381
2024,vw_50,JP3967200001,RAKUTEN GROUP,JP,0.00592582666956811,0.21410339354236677,0.32751271014303907
2024,vw_50,JP3890310000,MS&AD INSURANCE GP.HDG.,JP,0.005865022073511844,0.3687201644800836,0.7150422149658442
2024,vw_50,JP3494600004,SCREEN HOLDINGS,JP,0.005843371146995326,3.131878387909446,0.9164819191864573
2024,vw_50,JP3635000007,TOYOTA TSUSHO,JP,0.0057749094341178015,6.463649216554283,19.125514159705375
2024,vw_50,JP3292200007,JTEKT,JP,0.005556967769339108,8.426852850295528,34.242924474968746
2024,vw_50,JP3463000004,TAKEDA PHARMACEUTICAL,JP,0.0053194429449096355,9.922485825248877,6.10940164651659
2024,vw_50,KYG2108Y1052,CHINA RESOURCES LAND,HK,0.005301131566746098,0.9837716412141607,1.6292527085970918
2024,vw_50,JP3496400007,KDDI,JP,0.005191577515594864,0.7325894256003673,0.3718701279676889
2024,vw_50,NZFBUE0001S0,FLETCHER BUILDING,NZ,0.005090018132000525,146.79896272477615,348.227144120657
2024,vw_50,JP3834800009,HEIWA REAL ESTATE,JP,0.005033710095867207,8.682786998936614,2.8472088862834677
2024,vw_50,HK2388011192,BOC HONG KONG HOLDINGS,HK,0.004883177383356052,0.026533192562001966,0.02058109548752515
2024,vw_50,JP3436100006,SOFTBANK GROUP,JP,0.004705248952401241,0.16554971716837139,0.11679762986882644
2024,vw_50,JP3894900004,ISETAN MITSUKOSHI HDG.,JP,0.004687905014797147,8.260483750017043,5.982070860829069
2024,vw_50,JP3762800005,NOMURA RESEARCH INST.,JP,0.004606968616471286,0.20419348067390383,0.059570934387977156
2024,vw_50,JP3148800000,IBIDEN,JP,0.004523436455736334,63.42725885676062,23.248516659059792
2024,vw_50,JP3789000001,KANADEVIA,JP,0.0043418997205965405,56.7120882052194,192.82731515598132
2024,vw_50,JP3119600009,AJINOMOTO,JP,0.0042899486843857165,81.23740997746677,36.353675418554644
2024,vw_50,JP3783600004,EAST JAPAN RAILWAY,JP,0.004282911395807308,89.09006889761112,70.55898051476501
2024,vw_50,JP3910660004,TOKIO MARINE HOLDINGS,JP,0.004196410387487436,0.296885543734972,0.26693110758757277
2024,vw_50,JP3336000009,SANTEN PHARM.,JP,0.0041535035221420364,8.354311960738022,4.567617974211381
2024,vw_50,JP3802300008,FAST RETAILING,JP,0.004152034544733012,0.45398341685643534,0.10514133948626213
2024,vw_50,KYG210961051,CHINA MENGNIU DAIRY,HK,0.00413661794850032,19.9110982021821,31.296345376317404
2024,vw_50,JP3134800006,IHI,JP,0.004132882611442172,7.573267076417063,22.58623563897031
2024,vw_50,JP3771800004,HAMAMATSU PHOTONICS,JP,0.003997506538240036,3.8889900768353804,0.8844954770291998
2024,vw_50,AU000000ELD6,ELDERS,AU,0.003913479842045015,26.422330540999642,61.688591761915035
2024,vw_50,HK0004000045,WHARF HOLDINGS,HK,0.003700218281992249,6.999303824918776,1.8159742780696562
2024,vw_50,JP3266400005,KUBOTA,JP,0.003676127054659161,11.927525995993824,13.602875524732324
2024,vw_50,JP3621000003,TORAY INDS.,JP,0.003669448054401527,152.83053893141272,306.7042648170445
2024,vw_50,HK0293001514,CATHAY PACIFIC AIRWAYS,HK,0.003594770355098471,1165.599873401755,2127.7105630525825
2024,vw_50,JP3381000003,NIPPON STEEL,JP,0.003433701587071087,1096.6442121826688,2813.650379548339
2024,vw_50,JP3409000001,SUMITOMO REAL.&DEV.,JP,0.003331497807463873,6.5899342891598796,2.891133364620327
2024,vw_50,JP3404600003,SUMITOMO,JP,0.003277334189930763,98.59899963152705,163.48791542802616
2024,vw_50,AU000000ORG5,ORIGIN ENERGY (EX BORAL),AU,0.0032755326346580616,1519.3516027710039,1636.5264890845672
2024,vw_50,AU000000IGO4,IGO,AU,0.0032671999243544464,185.05540805629303,30.853263754004843
2024,vw_50,HK0066009694,MTR,HK,0.0031144651262515304,8.310321918271633,2.975233249265822
2024,vw_50,JP3197600004,ONO PHARM.,JP,0.0031073410429855704,1.9945165678835202,0.7573608123429465
2024,vw_50,JP3626800001,LIXIL,JP,0.003097139332477993,42.147290400285215,112.22603644045418
2024,vw_50,JP3634600005,TOYOTA INDS.,JP,0.003073689881522744,12.71875802326177,11.177779628283046
2024,vw_50,JP3899600005,MITSUBISHI ESTATE,JP,0.00303233543335927,9.867406133480547,5.117302923827356
2024,vw_50,SG1F60858221,SINGAPORE TECHS.ENGR.,SG,0.0029803568611731033,5.980587014550768,5.091246450269836
2024,vw_50,JP3351100007,SYSMEX,JP,0.0029794914099206247,4.710780091651314,1.2302377870738892
2024,vw_50,JP3200450009,ORIX,JP,0.00292642683505681,54.29913554841451,42.85810642828575
2024,vw_50,JP3551500006,DENSO,JP,0.002916961232449065,11.348478714564271,10.958998866296595
2024,vw_50,JP3837800006,HOYA,JP,0.0028044046603364838,2.1701303261903164,0.25464029858658427
2024,vw_50,AU000000WOW2,WOOLWORTHS GROUP,AU,0.0027957570658433462,10.80108844362592,15.956120814217831
2024,vw_50,AU0000224040,WOODSIDE ENERGY GROUP,AU,0.0027521984328605655,718.2232936722069,245.77946222796396
2024,vw_50,HK0000139300,TELEVISION BROADCASTS,HK,0.002706536670767797,0.8568328696970124,2.1442369986453857
2024,vw_50,JP3914400001,MURATA MANUFACTURING,JP,0.002652116832514524,18.100520264646313,4.651222699111688
2024,vw_50,SG1M31001969,UNITED OVERSEAS BANK,SG,0.0026459794634176048,0.2528238691113975,0.14189259120354966
2024,vw_50,AU000000TLS2,TELSTRA GROUP,AU,0.002592188127642913,2.229433564432526,1.0792467172247997
2024,vw_50,JP3165700000,NTT DATA GROUP DEAD - DELIST.26/09/25,JP,0.002576993703645182,1.3749714134926783,1.9580933235396452
2024,vw_50,AU000000WOR2,WORLEY,AU,0.002464095108328914,3.0627430971652467,4.727931354927304
2024,vw_50,JP3197800000,OMRON,JP,0.002457294751875828,0.6531247119469425,0.40212423448579454
2024,vw_50,JP3528600004,CHIYODA CORPORATION,JP,0.0024438637122288507,25.481036023544068,150.7850394632324
2024,vw_50,AU000000QBE9,QBE INSURANCE GROUP,AU,0.0023997753312921624,0.3791129608325802,0.49158261551652027
2024,vw_50,JP3866800000,PANASONIC HOLDINGS,JP,0.002167301703516851,5.541671466671923,13.808756587017236
2024,vw_50,HK0014000126,HYSAN DEVELOPMENT,HK,0.0021576438479450214,2.560417072695381,0.5901775586527555
2024,vw_50,JP3665200006,NICHIREI,JP,0.002103588769112398,18.65705221208986,25.809664352906168
2024,vw_50,SG9999003735,XP POWER (DI),SG,0.0020796997915645044,1.483611795855017,1.3478020458943876
2024,vw_50,JP3352000008,77 BANK,JP,0.0020382392615739976,1.2459203771482,0.6200452229819926
2024,vw_50,AU000000CGF5,CHALLENGER,AU,0.00203427884756762,0.0015499186025506315,0.0009921585264051017
2024,vw_50,JP3491000000,DAIDO STEEL,JP,0.002019199195716806,84.55093901203247,137.20368962211128
2024,vw_50,JP3305800009,KOMORI,JP,0.0020121798539371486,6.69764154069318,9.709235301652363
2024,vw_50,AU000000SEK6,SEEK,AU,0.0020048253601353838,0.1116423748257994,0.014392940510833582
2024,vw_50,AU000000BPT9,BEACH ENERGY,AU,0.001982429539029407,468.1333282583798,216.59729115302105
2024,vw_50,JP3371200001,SHIN-ETSU CHEMICAL,JP,0.0019508107627787376,134.6385950600727,27.957932414878258
2024,vw_50,BMG684371393,PACIFIC BASIN SHIP.,HK,0.0019052675378339015,1372.306967153772,2131.208427592261
2024,vw_50,AU000000ANZ3,ANZ GROUP HOLDINGS,AU,0.0018159009279763688,0.16711811652104513,0.11147848575618169
2024,vw_50,JP3143000002,ITO EN,JP,0.001793619818711251,13.524943294201163,15.85791309863622
2024,vw_50,JP3519400000,CHUGAI PHARM.,JP,0.0017520799902909022,6.823104124814123,0.8708454009749015
2024,vw_50,JP3826800009,FURUKAWA,JP,0.0017190070597177221,25.51178711977303,65.49945555619233
2024,vw_50,JP3160400002,EISAI,JP,0.001705139504264033,9.612048039269606,3.5721769281160602
2024,vw_50,IE00BKVD2N49,SEAGATE TECHNOLOGY HOLDINGS,SG,0.0016884055123118464,42.36037706691393,14.94920474947045
2024,vw_50,AU000000GPT8,GPT GROUP STAPLED UNITS,AU,0.0016224667375070282,11.230976362118037,1.137342277894657
2024,vw_50,JP3613400005,TOYO SEIKAN GROUP HDG.,JP,0.0016187304577014163,58.15927467525118,133.7110972983131
2024,vw_50,JP3711600001,NIPPON SANSO HOLDINGS,JP,0.001587704856150424,126.75128926470289,93.39260509965835
2024,vw_50,JP3305530002,COMSYS HOLDINGS,JP,0.0015742321172407434,16.359284107660198,22.70845488179376
2024,vw_50,JP3571400005,TOKYO ELECTRON,JP,0.0015249025154633962,1.690806008834703,0.23494292732846062
2024,vw_50,JP3820000002,FUJI ELECTRIC,JP,0.0015248299411240289,18.46616944133581,16.743172450936147
2024,vw_50,NZAIAE0002S6,AUCKLAND INTL.AIRPORT,NZ,0.0015110741645681573,4.361863401576867,0.2701541830029412
2024,vw_50,JP3420600003,SEKISUI HOUSE,JP,0.0015109660904771248,2.403581069051743,3.393691376273872
2024,vw_50,JP3944130008,USS,JP,0.0014669603824384366,6.601359239815366,0.8781944864444541
2024,vw_50,JP3766550002,HAKUHODO DY HDG.,JP,0.0014609915702670944,0.05347976167489089,0.11414105696283913
2024,vw_50,AU000000PPT9,PERPETUAL,AU,0.0014302073204713343,0.003604023531870981,0.0015897155998791815
2024,vw_50,AU000000CWY3,CLEANAWAY WASTE MANAGEMENT,AU,0.0013845680016230143,449.3828964869597,273.8134537088928
2024,vw_50,JP3854600008,HONDA MOTOR,JP,0.001346819679253149,8.184643664059664,17.85570653361996
2024,vw_50,AU000000JBH7,JB HI-FI,AU,0.0013453189712841981,0.04608588546969503,0.07094877315314913
2024,vw_50,JP3625000009,TOKUYAMA,JP,0.0013433733419990872,2665.9946930799542,5692.715207339246
2024,vw_50,AU000000ERA9,ENERGY RES.OF AUS.,AU,0.001342777044068994,5109.006866220886,125.15555946439173
2024,vw_50,AU000000ABC7,ADBRI DEAD - DELIST.02/07/24,AU,0.001330335553845727,1434.488447396825,1375.2523861967695
2024,vw_50,JP3188220002,OTSUKA HOLDINGS,JP,0.001315838696858207,27.084566579578272,17.230570380370402
2024,vw_50,JP3830800003,BRIDGESTONE,JP,0.0013135744656565024,51.87920487299539,49.77350423263656
2024,vw_50,JP3156400008,USHIO,JP,0.0012848387226907603,2.8781288686752333,2.0215758759387135
2024,vw_50,JP3293200006,COCA-COLA BOTTLERS JAPAN HOLDINGS,JP,0.0012663398292882752,31.816266833091387,66.24266075261939
2024,vw_50,AU0000088338,AMPOL,AU,0.0012542529971105677,29.50093508181021,127.23189249060624
2024,vw_50,JP3753000003,NIPPON YUSEN KK,JP,0.001239675134541751,719.2608047464832,664.0672218498912
2024,vw_50,JP3118000003,ASICS,JP,0.0012258614162409696,0.8478318558654656,0.55448371990243
2024,vw_50,JP3358800005,SHIMIZU,JP,0.0012203693346104771,15.989321998681428,44.878417919483404
2024,vw_50,JP3223800008,KAWASAKI KISEN KAISHA,JP,0.0012011118711470713,1045.355472992995,583.5966543164894
2024,vw_50,HK0308001558,CTII.INTL.INV.HK.,HK,0.0011926406639863336,48.51687579063127,30.062750679259928
2024,vw_50,JP3407200009,OSAKA TITANIUM,JP,0.001164153074329681,151.80073113437027,79.71300108026043
2024,vw_50,JP3579800008,TOKYO STEEL MNFG.,JP,0.0011480823410710552,153.32949599899075,204.66289823056763
2024,vw_50,HK0363006039,SHANGHAI INDUSTRIAL HOLDINGS,HK,0.0011382708961414354,93.24320116366641,290.29919360243036
2024,vw_50,AU000000MGR9,MIRVAC GROUP STAPLED UNITS,AU,0.0010918816368431631,6.903606040059091,1.9277806674789826
2024,vw_50,JP3359600008,SHARP,JP,0.0010900041496561038,18.330314414826518,67.44531115545448
2024,vw_50,AU000000TCL6,TRANSURBAN GROUP STAPLED UNITS,AU,0.001074658947750529,2.191622602010431,0.22490479882095363
2024,vw_50,AU000000SUN6,SUNCORP GROUP,AU,0.0010680045573057881,0.18323874974940674,0.14415144291272355
2024,vw_50,JP3940400009,YAMATO KOGYO,JP,0.001017445945362392,207.63043432924732,61.7355178056783
2024,vw_50,JP3415400005,SEINO HDG.,JP,0.000997659371788313,85.30682883733024,135.6060689050775
2024,vw_50,AU000000MQG1,MACQUARIE GROUP,AU,0.000995159971792803,0.02048108822291449,0.008162583674291256
2024,vw_50,JP3102000001,AISIN,JP,0.0009664302680689712,15.824131570877123,50.2145290735423
2024,vw_50,JP3404200002,SUMITOMO RUBBER INDS.,JP,0.0009528607347635321,47.47565518922763,125.26040541842623
2024,vw_50,JP3756100008,NITORI HOLDINGS,JP,0.0009527367976428511,4.07712930157943,1.7841455333138698
2024,vw_50,SG1R89002252,CITY DEVELOPMENTS,SG,0.000948488105227487,0.7840927522497838,0.7030930246155644
2024,vw_50,JP3818000006,FUJITSU,JP,0.0009402429714086867,2.5510504049692866,2.050913281297818
2024,vw_50,JP3414750004,SEIKO EPSON,JP,0.0009043347185200432,14.089260677503695,22.50905659771583
2024,vw_50,BMG677491539,ORIENT OVERSEAS (INTL.),HK,0.0008743510665079656,828.5499538018892,726.1246709111697
2024,vw_50,JP3173400007,OBIC,JP,0.0008570440672525713,0.29591300700553685,0.014372315492103467
2024,vw_50,JP3351600006,SHISEIDO,JP,0.0008156782750093586,2.7161453623094105,1.6048784704090122
2024,vw_50,HK0023000190,BANK OF EAST ASIA,HK,0.000805630598696504,0.3980875548893682,0.7467186123092621
2024,vw_50,JP3276400003,GUNMA BANK,JP,0.0007757435537762886,1.0247656645664656,0.6556754833353101
2024,vw_50,JP3619800000,TOYOBO,JP,0.0007312424635190371,239.25021840924032,1002.326500821118
2024,vw_50,AU000000BSL0,BLUESCOPE STEEL,AU,0.0007256360732891612,745.9982241731684,1251.7782614714433
2024,vw_50,JP3939000000,YAMADA HOLDINGS,JP,0.0007201366158292777,4.463994674454354,16.695129543770804
2024,vw_50,JP3263000006,KINDEN,JP,0.0006980643418470681,3.5648675782630366,4.170442505496069
2024,vw_50,JP3658850007,NISHI-NIPPON FINL.HDG.,JP,0.0006877434845553429,0.4035218584107099,0.28323950779790097
2024,vw_50,AU000000ALL7,ARISTOCRAT LEISURE,AU,0.0006668685063686513,1.2662857332213486,0.27741968201095907
2024,vw_50,JP3769000005,HACHIJUNI NAGANO BANK,JP,0.0006566422299253208,2.659302522560195,1.262553074325793
2024,vw_50,SG1S04926220,OVERSEA-CHINESE BKG.,SG,0.0006493178518814793,0.007174201181232225,0.003019118568333975
2024,vw_50,JP3869010003,MATSUKIYOKARA,JP,0.0006356231118103459,0.2596517898751699,0.22489845146451728
2024,vw_50,JP3411000007,SURUGA BANK,JP,0.0006298763664486729,0.31385123829438866,0.12851679234473468
2024,vw_50,JP3388200002,AEON,JP,0.0006287163572550363,3.163423347206912,9.64443695920979
2024,vw_50,JP3240400006,KIKKOMAN,JP,0.0006212189737063552,22.879086888542663,8.386120844085308
2024,vw_50,JP3459600007,TAKARA HDG.,JP,0.0006125012598880214,27.990642932791722,37.20004654951705
2024,vw_50,JP3814800003,SUBARU,JP,0.0006111795984703361,5.132377246189555,10.378211553396232
2024,vw_50,JP3726800000,JAPAN TOBACCO,JP,0.0006088584491278637,16.713454211072094,6.078365174104236
2024,vw_50,JP3385820000,GS YUASA,JP,0.0006078744119363182,15.467042481016517,40.18592888011895
2024,vw_50,JP3502200003,DAIWA SECURITIES GROUP,JP,0.0005801575604620164,0.11367038607790644,0.08687754956523697
2024,vw_50,JP3629000005,TOPPAN HOLDINGS,JP,0.0005715985274688685,23.203844327678606,29.047545797157838
2024,vw_50,JP3375800004,SHINKO ELEC.INDS. DEAD - DELIST.06/06/25,JP,0.0005691304689392335,32.22299720302383,9.259682915027625
2024,vw_50,AU000000IAG3,INSURANCE AUS.GROUP,AU,0.000555993136214289,0.7488270424018107,0.7530961024763584
2024,vw_50,JP3126400005,ALPS ALPINE,JP,0.0005537164989785834,2.0860442308169564,8.844677409926149
2024,vw_50,JP3322930003,SUMCO,JP,0.0005379906714793597,30.284686496058292,16.350310092087952
2024,vw_50,AU000000CSL8,CSL,AU,0.000527854522936043,8.101288183683304,1.1968877106429692
2024,vw_50,JP3443600006,TAISEI,JP,0.0005253457770636622,19.188946603411214,32.08911943334736
2024,vw_50,JP3229400001,KANSAI PAINT,JP,0.0005219504942584125,18.337312122856584,17.16111988339609
2024,vw_50,JP3209000003,CASIO COMPUTER,JP,0.0005194889372408338,1.998240465254245,1.727522632785484
2024,vw_50,JP3493800001,DAI NIPPON PRINTING,JP,0.0005137952014075455,32.577551649869086,37.6269302008307
2024,vw_50,AU000000SXL4,SOUTHERN CROSS MEDIA GROUP,AU,0.000510919719493873,1.1455406598699525,2.348971193415638
2024,vw_50,JP3347200002,SHIONOGI,JP,0.0004742845149641372,14.429540382730167,2.8630066274839225
2024,vw_50,JP3787000003,HITACHI CON.MCH.,JP,0.00044790433663162275,9.751447609847853,15.579817655566726
2024,vw_50,JP3368000000,RESONAC HOLDINGS,JP,0.0004354213590594107,379.62818525303254,895.8116732404766
2024,vw_50,JP3164800009,NOK,JP,0.0004152282209635624,7.239667586640722,15.78961218958061
2024,vw_50,JP3190000004,OBAYASHI,JP,0.00040477196327814416,14.51616227733481,32.79175135880515
2024,vw_50,BMG2442N1048,COSCO SHIPPING PORTS,HK,0.0003944600212048729,52.816251027396554,35.38685903039114
2024,vw_50,HK0006000050,POWER ASSETS HOLDINGS,HK,0.0003908124748552039,37866.39227673032,495.8273000414504
2024,vw_50,SG1T75931496,SINGAPORE TELECOM,SG,0.00038844963656907373,0.7848293558075881,0.280344502249419
2024,vw_50,JP3678000005,NISSHINBO HOLDINGS,JP,0.00038208509329771336,24.464600572247008,63.831308077197995
2024,vw_50,JP3780100008,PARK24,JP,0.0003785121170774914,87.96827024189683,89.6508075662088
2024,vw_50,JP3613000003,TOYO SUISAN KAISHA,JP,0.00036564031053435737,52.809914349908375,27.994488270812308
2024,vw_50,JP3224200000,KAWASAKI HEAVY INDUSTRY,JP,0.00036395572711611564,11.39741270307726,35.77491629501211
2024,vw_50,JP3544000007,TEIJIN,JP,0.0003544101416258457,98.0417406125765,373.11562686209754
2024,vw_50,JP3684400009,NITTO BOSEKI,JP,0.0003455781591829854,239.12330564057717,107.8956494932758
2024,vw_50,JP3421100003,JAPAN PETROLEUM EXP.,JP,0.00034522748516079796,94.2638083447362,98.4274290483383
2024,vw_50,JP3258000003,KIRIN HOLDINGS,JP,0.0003310124235280005,24.549935107350567,27.03587223361667
2024,vw_50,JP3942600002,YAMAHA,JP,0.00032306250688312276,6.5176917855249235,4.8971116835290545
2024,vw_50,NZAIRE0001S2,AIR NEW ZEALAND,NZ,0.0003210031057212552,795.659966679141,2482.4373444110147
2024,vw_50,SG1U68934629,KEPPEL,SG,0.00031406743770023273,0.2549558365615534,0.1338210095950574
2024,vw_50,JP3902400005,MITSUBISHI ELECTRIC,JP,0.0002940644409630163,6.6454874413919125,7.463426816475292
2024,vw_50,JP3499800005,MITSUBISHI HC CAPITAL,JP,0.0002825332337906486,0.23936990903478964,0.29906961493336226
2024,vw_50,NZTELE0001S4,SPARK NEW ZEALAND,NZ,0.00026858895302833805,2.3177075837178807,0.798812215840087
2024,vw_50,AU000000ASX7,ASX,AU,0.00026842053629620824,0.05006309422316066,0.004098681791606141
2024,vw_50,JP3600200004,TOHO GAS,JP,0.00026813891973031747,11.530740892780516,24.131172153024913
2024,vw_50,JP3270000007,KURITA WATER IND.,JP,0.0002674205452817159,5.078047639117997,3.0576508303874044
2024,vw_50,HK0242001243,SHUN TAK HOLDINGS,HK,0.0002547582314244389,237.42875541843276,400.0971785818406
2024,vw_50,JP3885400006,MISUMI GROUP,JP,0.00025470511015807795,2.5182914235923417,1.2776238098485742
2024,vw_50,JP3210200006,KAJIMA,JP,0.000253872260590214,15.260122585522005,28.63839743332326
2024,vw_50,JP3271400008,CREDIT SAISON,JP,0.00023356196699277033,0.23494961372164208,0.18869585632116445
2024,vw_50,JP3180400008,OSAKA GAS,JP,0.0002253809269976986,300.86114042848374,509.13757723745
2024,vw_50,JP3137200006,ISUZU MOTORS,JP,0.00022331089877181771,7.976402545268409,17.225349959516613
2024,vw_50,AU000000SGM7,SIMS,AU,0.00021981030436330197,14.592684445298334,42.672956817755384
2024,vw_50,HK0003000038,HONG KONG AND CHINA GAS,HK,0.0002144550725417349,223.46650912369284,122.9321275715317
2024,vw_50,HK0291001490,CHINA RESOURCES BEER HOLDINGS,HK,0.00021201688617624261,30.35461828249571,14.149556576620697
2024,vw_50,JP3951600000,UNI CHARM,JP,0.00021087172224599322,4.738770923405403,1.3758081730318745
2024,vw_50,HK0101000591,HANG LUNG PROPERTIES,HK,0.00020814371116876815,3.2501116941926593,0.8170724742523178
2024,vw_50,MU0117U00026,GOLDEN AGRI-RESOURCES,SG,0.00020807999195104497,720.6235909534727,2721.822956203814
2024,vw_50,JP3902000003,MITSUBISHI LOGISTICS,JP,0.00020324359565919152,8.523411409228252,5.9956292274439775
2024,vw_50,AU000000STO6,SANTOS,AU,0.00020148215392758209,749.158841415728,265.4565673596039
2024,vw_50,JP3493400000,DIC,JP,0.00019049231308278412,40.3750885349742,160.23838388416175
2024,vw_50,JP3486800000,DAITO TST.CONSTRUCTION,JP,0.00018666413202471135,2.9019805602557587,4.210462970392362
2024,vw_50,JP3421800008,SECOM,JP,0.00018197903278685407,6.9888984135808085,3.1900182605074914
2024,vw_50,BMG668971101,CTF SERVICES,HK,0.00017751711669382968,8.91324242355486,8.194365576943134
2024,vw_50,JP3982800009,ROHM,JP,0.00017064049599645328,56.683768595290104,24.17978844641338
2024,vw_50,AU000000APA1,APA GROUP,AU,0.00016279529573961753,1006.0181770277554,270.2415161563926
2024,vw_50,KYG9431R1039,WANT WANT CHINA HOLDINGS,SG,0.00016224890934959943,57.688850686189376,28.616654373891368
2024,vw_50,JP3362700001,MITSUI OSK LINES,JP,0.0001596341250936528,1016.3074559441026,847.5181024112962
2024,vw_50,SGXE34184239,SEATRIUM,SG,0.00015193634575010292,13.188074450179307,14.092129725263375
2024,vw_50,SG1M77906915,CAPITALAND ASCENDAS REIT,SG,0.0001470692199441586,3.198597441122047,0.3783652576801546
2024,vw_50,BMG2108M2182,CHINESE ESTATES HDG.,HK,0.0001437077074802696,0.0,0.0
2024,vw_50,JP3283650004,KOSE HOLDINGS,JP,0.00014157975704810432,2.7194959315405063,1.4238829035334126
2024,vw_50,JP3942400007,ASTELLAS PHARMA,JP,0.00013868244651297416,5.488008503511811,2.7858965086558163
2024,vw_50,AU000000FLT9,FLIGHT CENTRE TRAVEL GP.,AU,0.00013551276936582123,12.100298039253193,6.557881573917494
2024,vw_50,JP3300600008,KONICA MINOLTA,JP,0.00012856524354635705,19.017914910100924,98.1744812960784
2024,vw_50,BMG8063F1068,SHANGRI-LA ASIA,HK,0.00012784995082976998,69.93880820540748,66.3596427196836
2024,vw_50,JP3027670003,NIPPON BUILDING FUND,JP,0.00012784858783538116,6.1221219585763125,0.5680426797271296
2024,vw_50,JP3877600001,MARUBENI,JP,0.00012596612215527676,19.4177342233685,34.14911627813233
2024,vw_50,HK0392044647,BEIJING ENTERPRISES HOLDINGS,HK,0.00012352864441071896,67.00961954835415,156.03934755532353
2024,vw_50,JP3256000005,KYOWA KIRIN,JP,0.0001228215714268573,5.40900282302137,1.9147211471473822
2024,vw_50,JP3419400001,SEKISUI CHEMICAL,JP,0.00011940272515573729,21.63367590200016,28.95986605666322
2024,vw_50,SG1N31909426,COMFORTDELGRO CORPORATION,SG,0.00011533846211134954,289.1112593375753,367.08133466870487
2024,vw_50,JP3940000007,YAMATO HDG.,JP,0.00011120851781257675,54.96591183100551,99.79167394769512
2024,vw_50,JP3526600006,CHUBU ELEC.POWER,JP,0.00010903710017522908,7.662967956379934,19.980279464168863
2024,vw_50,JP3635400009,TOYOTA BOSHOKU,JP,0.00010587466159870679,4.9836525678653745,20.630514587492755
2024,vw_50,JP3774200004,HANKYU HANSHIN HDG.,JP,0.00010550791568547974,16.2215209301865,13.904639423849789
2024,vw_50,JP3289800009,KOBE STEEL,JP,0.00010195751495605668,850.8699856191396,2696.9903788996276
2024,vw_50,HK0002007356,CLP HOLDINGS,HK,0.00010121157589683169,3413.9907142682205,1831.9038658442714
2024,vw_50,HK0270001396,GUANGDONG INVESTMENT,HK,0.00010048389819657517,915.6258747168026,770.2747599578091
2024,vw_50,JP3116000005,ASAHI GROUP HOLDINGS,JP,9.942958552190109e-05,24.77409111574891,24.62837675990738
2024,vw_50,NZCENE0001S6,CONTACT ENERGY,NZ,9.509707928965662e-05,641.8833001041249,242.1337101881122
2024,vw_50,JP3294460005,INPEX,JP,9.322909127436305e-05,453.0609907499933,385.4658285184102
2024,vw_50,JP3711200000,AOZORA BANK,JP,9.205413196776691e-05,0.06428983753619687,0.05538518941734781
2024,vw_50,JP3675600005,NISSIN FOODS HOLDINGS,JP,8.826305422961264e-05,59.373946215893596,28.96429923047811
2024,vw_50,KYG217651051,CK HUTCHISON HOLDINGS,HK,8.671367632392064e-05,199.71393293434497,353.49548698836213
2024,vw_50,JP3352400000,CITIZEN WATCH,JP,8.594635873437838e-05,8.22489770878191,10.970865117228358
2024,vw_50,AU000000SHL7,SONIC HEALTHCARE,AU,8.489470176172191e-05,5.941038532943857,3.2848898905474644
2024,vw_50,JP3663900003,SOJITZ,JP,8.37870045261003e-05,36.54850440553854,105.93868501725413
2024,vw_50,JP3634200004,TOYODA GOSEI,JP,8.330563377115573e-05,12.657204234537994,35.08388947795172
2024,vw_50,JP3933800009,LY,JP,8.295827805892819e-05,0.29593697025492044,0.14903848371584727
2024,vw_50,AU000000SBM8,ST BARBARA,AU,8.241150307995048e-05,1918.1924013123082,1599.5587424158853
2024,vw_50,JP3684000007,NITTO DENKO,JP,8.105836731787997e-05,48.47524391098939,23.375012031256194
2024,vw_50,JP3215800008,KANEKA,JP,7.913946315734297e-05,167.4764642431845,519.6184986627914
2024,vw_50,JP3165600002,NTN,JP,7.681663680946962e-05,16.352985848557335,94.87072560467055
2024,vw_50,JP3942800008,YAMAHA MOTOR,JP,7.672306578671248e-05,8.90071046530848,14.743697320871894
2024,vw_50,JP3672400003,NISSAN MOTOR,JP,7.532549251428356e-05,5.583505849967185,29.58731459897021
2024,vw_50,JP3743000006,NH FOODS,JP,7.39937474453111e-05,50.136674907736854,120.05405224305642
2024,vw_50,AU000000WBC1,WESTPAC BANKING,AU,7.351748956832225e-05,0.20387240361396555,0.11406687575891268
2024,vw_50,JP3841800000,HOKUETSU,JP,7.146365062018779e-05,308.15450275264016,371.7793035180912
2024,vw_50,HK0011000095,HANG SENG BANK DEAD - DELIST.28/01/26,HK,7.142602092476301e-05,0.01285537728133312,0.005900130607781794
2024,vw_50,HK0144000764,CHINA MERCHANTS PORT HOLDINGS,HK,7.073604270173057e-05,43.36834061403043,12.291907480976151
2024,vw_50,JP3336600006,SUNDRUG,JP,6.829034253566251e-05,5.013421909957606,6.93977138528042
2024,vw_50,JP3131400008,AEON FINANCIAL SERVICE,JP,6.683773817637996e-05,0.792702902232168,1.3164897052365083
2024,vw_50,HK0008011667,PCCW,HK,6.618490043207305e-05,1.1785216133510878,1.366564130198861
2024,vw_50,JP3027680002,JAPAN REAL ESTATE INV.,JP,6.547384682460912e-05,5.189335612815843,0.4869633376492802
2024,vw_50,JP3657400002,NIKON,JP,6.527865958751482e-05,6.336991641356353,8.5734973412628
2024,vw_50,JP3548610009,DENA,JP,6.184437665171787e-05,0.5363518381897587,0.4015351867380507
2024,vw_50,JP3783420007,HIKARI TSUSHIN,JP,6.125520949254824e-05,0.26347084343663524,0.14025406094051676
2024,vw_50,SGXE21576413,GENTING SINGAPORE,SG,6.0481908175064834e-05,1.3548675839046174,0.2655308331356362
2024,vw_50,JP3402600005,SUMITOMO METAL MINING,JP,5.9715397525087094e-05,189.43362038910286,229.58079550372912
2024,vw_50,JP3538800008,TDK,JP,5.967657477612169e-05,9.475377959194095,6.542373196717258
2024,vw_50,JP3768600003,HASEKO,JP,5.810173109523674e-05,7.106463460784021,13.376295393189933
2024,vw_50,JP3830000000,BROTHER INDUSTRIES,JP,5.757315587312748e-05,3.4293421200167167,4.40545349957442
2024,vw_50,JP3196000008,ODAKYU ELECTRIC RY.,JP,5.471948699598051e-05,27.853991320518897,13.37096572712411
2024,vw_50,HK0165000859,CHINA EVERBRIGHT,HK,5.359050667984663e-05,0.032176067441037355,0.011717971853431609
2024,vw_50,AU000000SGP0,STOCKLAND STAPLED UNITS,AU,5.178569987702204e-05,1.1278482608935045,0.26963639426077873
2024,vw_50,JP3588600001,TBS HOLDINGS,JP,5.157261693494895e-05,7.096467800504453,3.978733173417325
2024,vw_50,HK0440001847,DAH SING FINANCIAL HDG.,HK,5.1393877207802254e-05,0.053762116076888786,0.1496282672734924
2024,vw_50,JP3495000006,SUMITOMO PHARMA,JP,5.086783083651616e-05,12.1616526165531,29.01060070671378
2024,vw_50,JP3546800008,TERUMO,JP,4.988673360457214e-05,10.740930393752596,2.5285313989316944
2024,vw_50,AU000000SIG5,SIGMA HEALTHCARE,AU,4.8748002426202266e-05,0.0033981876930839474,0.006875317881275885
2024,vw_50,JP3505000004,DAIWA HOUSE INDUSTRY,JP,4.748051844104212e-05,19.357459599963747,34.72259210617758
2024,vw_50,AU000000BOQ8,BANK OF QLND.,AU,4.436958857432753e-05,0.11931450904443994,0.12711847984900804
2024,vw_50,JP3973400009,RICOH,JP,4.3692238463873384e-05,6.944986258731364,22.392257303921163
2024,vw_50,JP3511800009,CHIBA BANK,JP,4.362598015370648e-05,1.287386030137835,0.4362112036525596
2024,vw_50,AU000000CQR9,CHARTER HALL RETAIL REIT,AU,4.2912567258099534e-05,1.0107164617755637,0.09976650392697942
2024,vw_50,JP3574200006,TOKYU,JP,4.276386307742601e-05,21.161930099142896,19.262627061554113
2024,vw_50,JP3891600003,MITSUI E&S,JP,3.96751107242948e-05,23.37506756855469,94.95361120452613
2024,vw_50,JP3992400006,WACOAL HDG.,JP,3.958784220972844e-05,1.2572543095618254,1.1211845620417211
2024,vw_50,AU000000COH5,COCHLEAR,AU,3.829650961173214e-05,0.6033067695107366,0.06481877624270695
2024,vw_50,SG1B51001017,JARDINE CYC.& CARR.,SG,3.666769869017842e-05,208.97800952562855,590.6282307730457
2024,vw_50,JP3205800000,KAO,JP,3.648989220848903e-05,48.66294448351347,27.594712129000616
2024,vw_50,JP3203500008,ONWARD HOLDINGS,JP,3.608484675698254e-05,0.9408657550229708,2.037383498395153
2024,vw_50,AU000000ANN9,ANSELL,AU,3.557927046509336e-05,109.83767375101684,86.15369301214413
2024,vw_50,JP3228600007,KANSAI ELECTRIC PWR.,JP,3.456026488986417e-05,705.6365121421627,1606.3809154383243
2024,vw_50,JP3845400005,HOKURIKU ELEC.POWER,JP,3.378973641898863e-05,2345.9286809137384,12553.938977355176
2024,vw_50,JP3551520004,DENTSU GROUP,JP,3.140334217844043e-05,0.34108129248101576,0.4196146424676305
2024,vw_50,JP3850200001,HOKKAIDO ELEC.POWER,JP,3.0918126762142556e-05,1799.9402307542093,11981.767777973897
2024,vw_50,JP3260800002,KINTETSU GROUP HDG.,JP,2.9652934031273803e-05,11.31438151365944,21.62668582516054
2024,vw_50,HK0000055878,CHINA TAIPING INSURANCE HLDGS,HK,2.6293976444472865e-05,0.7648172059319027,3.1807866970769574
2024,vw_50,JP3796150005,HIROGIN HOLDINGS,JP,2.5842423062791834e-05,1.1941844560978228,0.6980264418470972
2024,vw_50,HK2380027329,CHIN.PWR.INTDVT.,HK,2.4797010906251525e-05,7974.041232946708,10872.569664706922
2024,vw_50,JP3219000001,KAMIGUMI,JP,2.4309149439730187e-05,17.720526125923065,12.292891743569305
2024,vw_50,JP3268950007,MEDIPAL HOLDINGS,JP,2.3684123910400948e-05,1.3138626394887902,8.856020218885966
2024,vw_50,JP3108600002,ACOM,JP,2.2670476361939665e-05,0.6742884023421892,0.3274493862506172
2024,vw_50,AU000000RHC8,RAMSAY HEALTH CARE,AU,2.1874072044464972e-05,8.67298188378781,11.798153025678562
2024,vw_50,KYG525621408,KINGBOARD HOLDINGS,HK,2.1447054332999125e-05,255.706497605969,640.7241399727634
2024,vw_50,JP3935600001,YAMAZAKI BAKING,JP,2.1427660476463306e-05,46.66695759941134,70.31146076810519
2024,vw_50,JP3888300005,MITSUI CHEMICALS,JP,2.1307874267497357e-05,315.84915594362366,624.5432761755859
2024,vw_50,JP3560800009,TOKAI CARBON,JP,2.0196888301007063e-05,710.90520435571,1109.1689178452248
2024,vw_50,BMG988031446,YUE YUEN INDL.HDG.,HK,1.989811269078988e-05,8.986195179146762,45.49473927029002
2024,vw_50,JP3269600007,KURARAY,JP,1.9532267476885935e-05,363.964375159365,519.9391370149473
2024,vw_50,AU000000TAH8,TABCORP HOLDINGS,AU,1.9291488392108347e-05,2.271692919426438,2.8243949162501307
2024,vw_50,HK0012000102,HENDERSON LD.DEV.,HK,1.9251844014943993e-05,3.7262514228369263,1.0275893303421622
2024,vw_50,JP3389900006,JAFCO GROUP,JP,1.8500173881275005e-05,0.09436078303980942,0.01838069123451954
2024,vw_50,JP3718800000,NISSUI,JP,1.774649782436546e-05,38.80288514783173,123.94223843490788
2024,vw_50,KYG5427W1309,LEE & MAN PAPER MNFG.,HK,1.6361478892467173e-05,1812.9705861877133,4996.43650395824
2024,vw_50,JP3585800000,TOKYO ELECTRIC POWER CO. HDG.,JP,1.5855967363182932e-05,4.205542773828122,25.335393785263925
2024,vw_50,JP3122800000,AMADA,JP,1.4736818967573471e-05,2.5531248546137237,1.726713667386344
2024,vw_50,JP3351500008,SHIZUOKA FINANCIAL GROUP,JP,1.443198517457607e-05,0.5008686315353468,0.19783765375426351
2024,vw_50,AU000000IFL2,INSIGNIA FINANCIAL,AU,1.4007630989661691e-05,0.0,0.0
2024,vw_50,JP3429800000,ANA HOLDINGS,JP,1.3496801721069155e-05,787.2618224154925,987.7527620943458
2024,vw_50,JP3596200000,TOTO,JP,1.3295396875232643e-05,29.916716952212184,30.134193333290593
2024,vw_50,JP3720800006,NSK,JP,1.2867658699182625e-05,19.291458763372102,36.99042963296065
2024,vw_50,HK0000608585,NEW WORLD DEVELOPMENT COMPANY,HK,1.2511779532626318e-05,1.553109011730528,3.140061435280942
2024,vw_50,JP3762600009,NOMURA HDG.,JP,1.188025329571494e-05,0.09561847195762385,0.14327698048050713
2024,vw_50,JP3407400005,SUMITOMO ELECTRIC IND.,JP,1.0698297571889164e-05,9.894941829423573,27.46212753297601
2024,vw_50,JP3573000001,TOKYO GAS,JP,1.0689881790372993e-05,239.67759851146627,463.35344997616335
2024,vw_50,JP3638600001,DOWA HDG.,JP,1.0597122510531468e-05,205.46618728570098,479.7788087539247
2024,vw_50,JP3733000008,NEC,JP,1.0593159728362164e-05,0.8614878098021995,1.11211177875914
2024,vw_50,JP3386030005,JFE HOLDINGS,JP,9.385137820742485e-06,1344.8260922817963,4723.204285560547
2024,vw_50,AU000000ORI1,ORICA,AU,9.147939161733778e-06,178.20277003946137,188.32852820132993
2024,vw_50,JP3890350006,SUMITOMO MITSUI FINL.GP.,JP,9.041984279819896e-06,0.2511931809310805,0.205733927636997
2024,vw_50,HK0016000132,SUN HUNG KAI PROPERTIES,HK,8.927477690971724e-06,2.230039148235807,0.7564046100694248
2024,vw_50,JP3870000001,MABUCHI MOTOR,JP,8.882149696988359e-06,2.43073766954582,1.288044362552166
2024,vw_50,JP3401400001,SUMITOMO CHEMICAL,JP,8.091112490077826e-06,258.4454259010222,1146.6637251235584
2024,vw_50,BMG4600H1198,HOPSON DEVELOPMENT HOLDINGS,HK,8.07876689520713e-06,0.679804847435008,1.70742883326651
2024,vw_50,JP3126340003,ALFRESA HOLDINGS,JP,8.014576994034318e-06,1.7251713531794453,9.97175517922733
2024,vw_50,JP3888400003,MITSUI KINZOKU LIMITED,JP,7.884614012891461e-06,189.1600915497199,436.6337924143025
2024,vw_50,BMG507361001,JARDINE MATHESON HDG.,HK,7.578070598314745e-06,139.3048646531919,427.1706601450377
2024,vw_50,JP3357200009,SHIMADZU,JP,7.030914746123938e-06,0.765278073879082,0.31972823100364695
2024,vw_50,AU000000IRE2,IRESS,AU,6.79750397468315e-06,0.11521923523845479,0.04644819543819425
2024,vw_50,HK0836012952,CHINA RESOURCES POWER,HK,6.653155110175648e-06,11078.606685204179,15216.282739165596
2024,vw_50,JP3695200000,NGK INSULATORS,JP,6.405362380565712e-06,62.27127407811696,60.73504718449674
2024,vw_50,AU000000LLC3,LENDLEASE GROUP STAPLED UNITS,AU,6.191120804878524e-06,4.811224625081916,9.635786509352657
2024,vw_50,JP3164630000,SQUARE ENIX HOLDINGS,JP,6.112381463629857e-06,0.0,0.0
2024,vw_50,JP3582600007,TOKYO TATEMONO,JP,5.432888488617579e-06,5.445761274674133,4.336683417085427
2024,vw_50,BMG524401079,KERRY PROPERTIES,HK,5.360220709811655e-06,3.0432961753282712,2.242492009966631
2024,vw_50,JP3977400005,RINNAI,JP,5.327712710555596e-06,12.274127338968066,10.692977023405835
2024,vw_50,JP3721400004,JAPAN STEEL WORKS,JP,5.1265282220710305e-06,36.118354518820624,51.024249065252484
2024,vw_50,HK0000745908,YUEXIU PROPERTY COMPANY,HK,5.0690136303348675e-06,0.5582707801569586,2.4394759360762275
2024,vw_50,JP3742600004,NHK SPRING,JP,4.892166663906275e-06,8.76627613570594,21.678828160797778
2024,vw_50,AU000000CIM7,CIMIC GROUP DEAD - DELIST.11/05/22,AU,4.815214264264631e-06,13.206741547742828,25.75876357934819
2024,vw_50,JP3598600009,TOHO,JP,4.789576556161893e-06,3.073232882783071,0.9113219572773685
2024,vw_50,JP3919800007,MEIDENSHA,JP,4.6601615020763865e-06,10.60916117292327,24.02292250178716
2024,vw_50,JP3799000009,HIROSE ELECTRIC,JP,4.538211689401692e-06,1.1221422391108495,0.29906524281815505
2024,vw_50,SG9999000020,FLEX,SG,4.468855977826305e-06,2.847068763468298,7.914276358997557
2024,vw_50,JP3305990008,YOKOHAMA FINANCIAL GROUP,JP,4.452505020445449e-06,0.33444043667143664,0.13973767913941604
2024,vw_50,AU000000SWM4,SEVEN WEST MEDIA DEAD - DELIST.08/01/26,AU,4.370338742758183e-06,2.633561672851745,10.115653730371818
2024,vw_50,HK0823032773,LINK REAL ESTATE INVESTMENT TRUST,HK,4.0471301678641545e-06,5.27434845571533,0.6647129152834377
2024,vw_50,AU000000MND5,MONADELPHOUS GROUP,AU,3.3192879409859167e-06,7.691180472691495,10.437025589745922
2024,vw_50,AU000000DOW2,DOWNER EDI,AU,3.2905800431738688e-06,39.5983068442794,158.6258545614054
2024,vw_50,JP3597800006,TOBU RAILWAY,JP,2.9333539871864203e-06,30.22179719795739,23.330932641645322
2024,vw_50,JP3896800004,MITSUBISHI GAS CHM.,JP,2.8179382847554726e-06,131.91806467527584,204.484356231768
2024,vw_50,JP3419050004,SEGA SAMMY HDG.,JP,2.5045657264223388e-06,1.8395019487431867,1.609002202288827
2024,vw_50,JP3955000009,YOKOGAWA ELECTRIC,JP,2.4791900565464733e-06,3.334427532350858,2.2696751970744216
2024,vw_50,JP3131430005,AEON MALL DEAD - DELIST.27/06/25,JP,2.2442606776360225e-06,5.0759474385696,5.0681701327943545
2024,vw_50,JP3827200001,FURUKAWA ELECTRIC,JP,1.9047373831494144e-06,20.792438875960837,112.10724278702813
2024,vw_50,JP3350800003,SHIKOKU ELECTRIC POWER,JP,1.851073739162995e-06,1453.9032707677031,5389.935606963988
2024,vw_50,JP3659000008,WEST JAPAN RAILWAY,JP,1.78468454868251e-06,12.926968435171673,13.220282648619618
2024,vw_50,BMG8403G1033,SINOFERT HOLDINGS,HK,1.7005399268352177e-06,566.7410891956519,2515.933522250817
2024,vw_50,JP3733400000,NIPPON ELEC.GLASS,JP,1.6237076064995591e-06,246.786610608329,210.69765338879597
2024,vw_50,JP3277800003,KEIO,JP,1.5565304140966732e-06,33.78437566412835,23.423059454777825
2024,vw_50,JP3304200003,KOMATSU,JP,1.0448034192287903e-06,4.21484007725958,3.9358098566527033
2024,vw_50,JP3870400003,MARUI GROUP,JP,1.037220129529711e-06,5.319117557414025,2.3284306692911128
