year,portfolio,ISIN,name,country,weight,ci,cf_per_weight
2013,vw_nz,AU000000BWP3,BWP GROUP STAPLED UNITS,AU,0.06651052680010766,0.0,0.0
2013,vw_nz,JP3633400001,TOYOTA MOTOR,JP,0.05385044325061529,11.516275142521295,16.294735007992305
2013,vw_nz,AU000000BHP4,BHP GROUP,AU,0.03515900549044333,329.4660755146728,173.69586186189173
2013,vw_nz,AU000000CBA7,COMMONWEALTH BK.OF AUS.,AU,0.033083789047719636,0.22976128852495517,0.10066709056033145
2013,vw_nz,JP3902900004,MITSUBISHI UFJ FINL.GP.,JP,0.02895397998127739,0.37365369338331517,0.2356761279616212
2013,vw_nz,AU000000ANZ3,ANZ GROUP HOLDINGS,AU,0.025549022585660035,0.42653063075284786,0.21020265328751286
2013,vw_nz,AU000000WBC1,WESTPAC BANKING,AU,0.02510622348240364,0.2424948657744411,0.11672880416523579
2013,vw_nz,JP3726800000,JAPAN TOBACCO,JP,0.024360403842286833,22.18137304447431,6.349151739253161
2013,vw_nz,JP3854600008,HONDA MOTOR,JP,0.02145058753794429,13.690452442557799,20.508351116934257
2013,vw_nz,JP3890350006,SUMITOMO MITSUI FINL.GP.,JP,0.0207079102521675,0.13857339299016877,0.11247513568421956
2013,vw_nz,AU000000NAB4,NATIONAL AUS.BANK,AU,0.01784090182556498,0.42255082061363747,0.3056608692069693
2013,vw_nz,JP3551500006,DENSO,JP,0.016194017735265562,15.040850157403815,17.060009631422982
2013,vw_nz,JP3242800005,CANON,JP,0.015125662463132966,3.4083648386453236,2.678441648399843
2013,vw_nz,JP3898400001,MITSUBISHI,JP,0.014667067196721683,51.20743267166512,95.00547785344008
2013,vw_nz,AU000000WES1,WESFARMERS,AU,0.014540318911578913,40.87489855908115,63.39949334462042
2013,vw_nz,HK0388045442,HONG KONG EXCHANGES AND CLEARING,HK,0.013285568447669923,0.14082489395642683,0.005291591797485308
2013,vw_nz,AU000000CSL8,CSL,AU,0.013047728869506192,11.579611370152607,1.953427836778747
2013,vw_nz,JP3672400003,NISSAN MOTOR,JP,0.01291119050537417,8.176861977202416,18.31151658959873
2013,vw_nz,AU0000224040,WOODSIDE ENERGY GROUP,AU,0.012804638612580393,1442.9465773539716,300.6496835387096
2013,vw_nz,JP3762600009,NOMURA HDG.,JP,0.012577184797007035,0.17626858494552625,0.1717200012870719
2013,vw_nz,JP3496400007,KDDI,JP,0.012066474637632506,0.07503500381654968,0.08909902054568389
2013,vw_nz,JP3566800003,CENTRAL JAPAN RAILWAY,JP,0.011516376535906665,4.671222159296967,4.490025688559471
2013,vw_nz,JP3205800000,KAO,JP,0.011431002309215902,43.14549449572554,42.41382542361567
2013,vw_nz,JP3830000000,BROTHER INDUSTRIES,JP,0.009873219493525862,1.9596452228319061,3.630551471845191
2013,vw_nz,JP3902400005,MITSUBISHI ELECTRIC,JP,0.009822479354789129,8.315770357470692,18.542128060458854
2013,vw_nz,AU000000TLS2,TELSTRA GROUP,AU,0.00982212429160481,2.009111768485008,0.89149161861608
2013,vw_nz,JP3463000004,TAKEDA PHARMACEUTICAL,JP,0.009782059339293228,10.141722160875958,4.309650943783937
2013,vw_nz,JP3258000003,KIRIN HOLDINGS,JP,0.009578388623976655,22.73516162284791,43.946948437923496
2013,vw_nz,JP3294460005,INPEX,JP,0.009148392648866391,37.09274367432907,23.35972036203061
2013,vw_nz,JP3667600005,JGC HOLDINGS,JP,0.008714933466325887,18.147926068588394,16.463667772345165
2013,vw_nz,JP3830800003,BRIDGESTONE,JP,0.008140426735876068,62.029725339017894,96.42192263229956
2013,vw_nz,JP3629000005,TOPPAN HOLDINGS,JP,0.007952453976664836,18.1241193299167,68.20898677513549
2013,vw_nz,HK0066009694,MTR,HK,0.007871927513547247,11.277347649447377,2.1839733223591704
2013,vw_nz,JP3475350009,DAIICHI SANKYO,JP,0.007520676949229912,12.212849820260306,11.100384784483198
2013,vw_nz,JP3910660004,TOKIO MARINE HOLDINGS,JP,0.007455166080913934,0.5103550696134227,0.8094524969563086
2013,vw_nz,HK0823032773,LINK REAL ESTATE INVESTMENT TRUST,HK,0.007436413835962314,0.0,0.0
2013,vw_nz,JP3684000007,NITTO DENKO,JP,0.007413304800452374,58.31596714893823,40.55192817893168
2013,vw_nz,AU000000MQG1,MACQUARIE GROUP,AU,0.007355783959135137,0.0,0.0
2013,vw_nz,JP3788600009,HITACHI,JP,0.007011852850108252,9.086316711541375,32.0679867165324
2013,vw_nz,JP3951600000,UNI CHARM,JP,0.00696190131744153,6.080078629938535,2.890460355130046
2013,vw_nz,JP3304200003,KOMATSU,JP,0.006912793061728269,6.083805335337114,4.71964858727845
2013,vw_nz,JP3256000005,KYOWA KIRIN,JP,0.006801817031187289,18.817616035016137,12.674782621720603
2013,vw_nz,SGXE21576413,GENTING SINGAPORE,SG,0.006617478178166387,1.634446700255682,0.2586791652770816
2013,vw_nz,HK0011000095,HANG SENG BANK DEAD - DELIST.28/01/26,HK,0.006489698467146296,0.0,0.0
2013,vw_nz,JP3519400000,CHUGAI PHARM.,JP,0.006221816260510866,12.816324675490689,4.837261413680066
2013,vw_nz,JP3582600007,TOKYO TATEMONO,JP,0.0060527601498437285,1.2744789875523659,1.3637454001663851
2013,vw_nz,JP3358800005,SHIMIZU,JP,0.00595903502385195,14.699149221948744,86.98950031228027
2013,vw_nz,JP3942400007,ASTELLAS PHARMA,JP,0.00589890345554239,7.615397369506793,3.326401225463054
2013,vw_nz,AU000000QBE9,QBE INSURANCE GROUP,AU,0.005877937109675533,0.6487553522918545,0.7245952936604467
2013,vw_nz,JP3893600001,MITSUI,JP,0.0058530699809411155,25.87867836527121,50.26151464032432
2013,vw_nz,JP3505000004,DAIWA HOUSE INDUSTRY,JP,0.005818176925563573,9.574366107673903,18.549948328681076
2013,vw_nz,JP3783600004,EAST JAPAN RAILWAY,JP,0.005620861110500365,7.337568764375083,7.845276209760271
2013,vw_nz,JP3420600003,SEKISUI HOUSE,JP,0.005616443326111916,4.082690483597339,9.763162047742227
2013,vw_nz,AU000000WOW2,WOOLWORTHS GROUP,AU,0.005582699138462911,8.779929535268318,12.633744937067148
2013,vw_nz,JP3229400001,KANSAI PAINT,JP,0.005507564464527543,15.647860802928806,16.350847364668457
2013,vw_nz,JP3900000005,MITSUBISHI HEAVY INDS.,JP,0.0053663422623737075,5.074177870105436,8.51195681475978
2013,vw_nz,JP3435000009,SONY GROUP,JP,0.005290986309440738,4.183422626930422,20.344412565648707
2013,vw_nz,AU000000SUN6,SUNCORP GROUP,AU,0.005269952931516635,0.41453603601930317,0.45309060229256687
2013,vw_nz,AU000000SHL7,SONIC HEALTHCARE,AU,0.004982620399858241,2.387801432911426,1.4607407198445639
2013,vw_nz,AU000000ORG5,ORIGIN ENERGY (EX BORAL),AU,0.004867764511503683,950.9628751415604,960.6717319372199
2013,vw_nz,BMG8063F1068,SHANGRI-LA ASIA,HK,0.004853950365409159,73.80705822868507,20.107335900176555
2013,vw_nz,JP3421100003,JAPAN PETROLEUM EXP.,JP,0.004823184811748808,89.30636887922094,107.1924742537711
2013,vw_nz,JP3573000001,TOKYO GAS,JP,0.004798824260743303,131.11698355683038,226.02421901896508
2013,vw_nz,JP3351600006,SHISEIDO,JP,0.004560173307399592,4.134719403938894,5.956156127729395
2013,vw_nz,JP3866800000,PANASONIC HOLDINGS,JP,0.004512229189025735,8.275773164249243,41.717673648001444
2013,vw_nz,AU000000STO6,SANTOS,AU,0.004502566863544993,1071.9687806220209,309.9173776569972
2013,vw_nz,JP3522200009,CHUGOKU ELEC.POWER,JP,0.004426157265977959,3122.7360733726646,8642.91321100956
2013,vw_nz,NZFBUE0001S0,FLETCHER BUILDING,NZ,0.004346931242868698,114.87576690066092,156.04563800861692
2013,vw_nz,SG1R50925390,SEMBCORP INDUSTRIES,SG,0.004110822623424309,778.847665671851,810.1183785480654
2013,vw_nz,JP3539220008,T & D HOLDINGS,JP,0.004089364352631729,0.10857180229818672,0.3127162864038229
2013,vw_nz,JP3493400000,DIC,JP,0.003914382285509584,41.93205328904519,188.1453479488645
2013,vw_nz,JP3197800000,OMRON,JP,0.003752225948954701,5.442293018674887,6.619733916686327
2013,vw_nz,IE00BKVD2N49,SEAGATE TECHNOLOGY HOLDINGS,SG,0.003617864403000672,19.47856967915748,26.328534800535632
2013,vw_nz,AU000000COH5,COCHLEAR,AU,0.0035225004864283117,0.008368903393803546,0.001305659451581449
2013,vw_nz,JP3414750004,SEIKO EPSON,JP,0.0033546686235136885,20.108682311016203,85.74264241326959
2013,vw_nz,JP3877600001,MARUBENI,JP,0.0033486261214474467,0.0028830313095057417,0.011859420987809637
2013,vw_nz,JP3787000003,HITACHI CON.MCH.,JP,0.003288173791212062,4.749318139046107,8.36459215705815
2013,vw_nz,JP3659000008,WEST JAPAN RAILWAY,JP,0.0032556283138065463,7.131916273870434,12.815435936276526
2013,vw_nz,JP3429800000,ANA HOLDINGS,JP,0.0032266800358718563,572.4537636761308,1332.9158521882644
2013,vw_nz,JP3388200002,AEON,JP,0.003224413516096235,4.247676629539556,28.496480202527145
2013,vw_nz,JP3112000009,AGC,JP,0.003194553194121027,410.1454895786856,682.0381941388717
2013,vw_nz,AU000000MAH3,MACMAHON HOLDINGS,AU,0.0031669492158377423,77.60307754360407,219.67838931382332
2013,vw_nz,JP3190000004,OBAYASHI,JP,0.003083979940160431,9.869974878421518,40.90311882838043
2013,vw_nz,JP3493800001,DAI NIPPON PRINTING,JP,0.0030664039597405974,20.75498790709456,58.837707937604335
2013,vw_nz,AU000000OZL8,OZ MINERALS DEAD - DELIST.03/05/23,AU,0.002980067204524984,199.9358126431534,91.72477064220183
2013,vw_nz,SG1U68934629,KEPPEL,SG,0.002839794930570833,51.959358429316765,34.830470895991
2013,vw_nz,JP3405400007,SUMITOMO HEAVY INDS.,JP,0.0028385830370430973,2.4106837843524347,6.299162370877139
2013,vw_nz,JP3148800000,IBIDEN,JP,0.0028293831996159214,57.15276242538739,90.53960610296642
2013,vw_nz,JP3385980002,J S R DEAD - DELIST.25/06/24,JP,0.0027999924907980344,98.18887084823037,79.33619325315198
2013,vw_nz,BMG2442N1048,COSCO SHIPPING PORTS,HK,0.0027666323632439035,49.98286581485289,8.2397222041638
2013,vw_nz,JP3665200006,NICHIREI,JP,0.002720924106728508,8.067683302305314,26.5834580150668
2013,vw_nz,AU000000QAN2,QANTAS AIRWAYS,AU,0.002693497995861186,750.4054751008388,3441.3254253627565
2013,vw_nz,AU000000SBM8,ST BARBARA,AU,0.0026891815932988906,196.55234593529545,121.43992608796076
2013,vw_nz,JP3814000000,FUJIFILM HOLDINGS,JP,0.0025900804611769814,31.485407180680507,72.86969180145434
2013,vw_nz,JP3638600001,DOWA HDG.,JP,0.0025677368758744742,198.09157204721703,394.6567560588735
2013,vw_nz,JP3720800006,NSK,JP,0.0025005413620133752,16.29493248990595,32.66564255462982
2013,vw_nz,AU000000DOW2,DOWNER EDI,AU,0.002476870142589781,24.455746683155972,106.59009666639182
2013,vw_nz,JP3845400005,HOKURIKU ELEC.POWER,JP,0.002467404792275808,3438.1849799213337,7788.31920333737
2013,vw_nz,JP3955000009,YOKOGAWA ELECTRIC,JP,0.002336366492298262,12.681948864763205,15.73163833298188
2013,vw_nz,JP3769000005,HACHIJUNI NAGANO BANK,JP,0.002295349033180163,1.657130397515808,1.1093687687059817
2013,vw_nz,SG1R89002252,CITY DEVELOPMENTS,SG,0.0022948046783397257,1.0729419350592835,0.33822883243453666
2013,vw_nz,JP3686800008,NIPPON SHEET GLASS,JP,0.002247560641368659,627.6825583336786,3416.5340726062295
2013,vw_nz,JP3407400005,SUMITOMO ELECTRIC IND.,JP,0.002232096756702293,8.282217450006382,21.674097253767165
2013,vw_nz,JP3819400007,FUJI MEDIA HOLDINGS,JP,0.001963943072108779,0.0,0.0
2013,vw_nz,JP3526600006,CHUBU ELEC.POWER,JP,0.0019302608620240384,1913.7882534763532,5953.153246663381
2013,vw_nz,AU000000ORI1,ORICA,AU,0.0019157380664304056,273.73435320030035,194.84821324188457
2013,vw_nz,JP3126400005,ALPS ALPINE,JP,0.0018826065450535038,1.5597738551373352,8.935235788209113
2013,vw_nz,AU000000MTS0,METCASH,AU,0.0018495121796574306,1.5194987462073994,5.726038409240566
2013,vw_nz,JP3544000007,TEIJIN,JP,0.001839499673748317,127.29489641181597,496.0254321943142
2013,vw_nz,JP3402600005,SUMITOMO METAL MINING,JP,0.001835046292349922,153.01935328326965,143.81190049987416
2013,vw_nz,JP3270000007,KURITA WATER IND.,JP,0.0017991407105931718,5.948586679453238,4.692937571841013
2013,vw_nz,JP3122400009,ADVANTEST,JP,0.0017982526089689458,1.9120353199854236,1.112688099139311
2013,vw_nz,JP3371200001,SHIN-ETSU CHEMICAL,JP,0.001791944514127502,123.99632080143472,53.606763952058095
2013,vw_nz,AU000000CIM7,CIMIC GROUP DEAD - DELIST.11/05/22,AU,0.0017824654759037153,160.9360674876165,431.176273886649
2013,vw_nz,JP3870000001,MABUCHI MOTOR,JP,0.0017259046666893263,29.171088750544502,14.956196289633587
2013,vw_nz,AU000000BEN6,BENDIGO & ADELAIDE BANK,AU,0.0015801361553246193,1.0163613287941105,0.9637172170254136
2013,vw_nz,JP3359600008,SHARP,JP,0.0015588834375648934,10.51202569789636,65.38689301223845
2013,vw_nz,AU000000BLD2,BORAL DEAD - DELIST.08/07/24,AU,0.0015107725765175096,502.6346054910013,688.1335534537824
2013,vw_nz,JP3657400002,NIKON,JP,0.001509986246753043,2.5057608502902604,2.3776803027165423
2013,vw_nz,HK0006000050,POWER ASSETS HOLDINGS,HK,0.0014996420315305367,6673.762504925252,486.0802564073353
2013,vw_nz,JP3197600004,ONO PHARM.,JP,0.0014139779363365173,13.825063885174243,3.5088229920073215
2013,vw_nz,JP3320800000,SAPPORO HOLDINGS,JP,0.0013925667937224268,22.462605455398833,85.6089698568091
2013,vw_nz,JP3753000003,NIPPON YUSEN KK,JP,0.0013770068328350974,1010.3963584838287,5197.49120604621
2013,vw_nz,AU000000IGO4,IGO,AU,0.001369914686502754,157.515268270689,33.54516013582521
2013,vw_nz,JP3868400007,MAZDA MOTOR,JP,0.001365113431980916,6.482868234561631,18.081357699714903
2013,vw_nz,JP3973400009,RICOH,JP,0.0013624585980041844,8.674088765950007,22.210481243786948
2013,vw_nz,JP3357200009,SHIMADZU,JP,0.001336988213549901,1.1430550624263855,1.62427668542796
2013,vw_nz,JP3165700000,NTT DATA GROUP DEAD - DELIST.26/09/25,JP,0.0012945717855076622,0.42931259473203576,0.6840621735736835
2013,vw_nz,SG9999000020,FLEX,SG,0.0012926809677553872,1.7428997691965447,10.402864298087735
2013,vw_nz,SGXE34184239,SEATRIUM,SG,0.0012923248544517132,19.641435690286958,8.77112945399641
2013,vw_nz,JP3116000005,ASAHI GROUP HOLDINGS,JP,0.0012872472816454234,15.365847035573285,25.534270499536095
2013,vw_nz,AU000000BSL0,BLUESCOPE STEEL,AU,0.001254531664172778,1023.6302417423894,4053.255622984638
2013,vw_nz,JP3888400003,MITSUI KINZOKU LIMITED,JP,0.0012521756865579087,152.96623509023232,477.96106941187895
2013,vw_nz,JP3443600006,TAISEI,JP,0.0012347650913080359,7.9528598106774915,35.39414573037513
2013,vw_nz,JP3738600000,NITERRA,JP,0.0012129937211511584,24.188200889056272,26.822272257767274
2013,vw_nz,AU000000NCM7,NEWCREST MINING DEAD - DELIST.08/11/23,AU,0.0011946652408667657,382.4201615014239,81.96365784694898
2013,vw_nz,HK0002007356,CLP HOLDINGS,HK,0.001080758733149305,2829.3242424076534,1780.619485177722
2013,vw_nz,AU000000ERA9,ENERGY RES.OF AUS.,AU,0.0010723232550177543,258.8769809055373,157.20183929631725
2013,vw_nz,JP3293200006,COCA-COLA BOTTLERS JAPAN HOLDINGS,JP,0.0010491380518667529,23.702894279156034,57.270096649111636
2013,vw_nz,BMG677491539,ORIENT OVERSEAS (INTL.),HK,0.0010461383784765583,818.4432444385052,1203.3033955992669
2013,vw_nz,JP3551200003,ELEC.POWER DEV.,JP,0.0010264772947534903,7599.154637949945,14430.503346841644
2013,vw_nz,JP3246400000,KYUSHU ELEC.POWER,JP,0.0009381090390326977,65.8895769757379,244.68641211865065
2013,vw_nz,JP3215800008,KANEKA,JP,0.0009242747184098625,223.33744457886232,616.6768993376836
2013,vw_nz,JP3495000006,SUMITOMO PHARMA,JP,0.0008971524814201046,21.51759818139061,15.187562244107559
2013,vw_nz,JP3210200006,KAJIMA,JP,0.000861434536775409,10.017662588238911,51.390451072412056
2013,vw_nz,JP3535800001,TSUMURA,JP,0.0008552028050392708,30.41073583716113,14.737865772749494
2013,vw_nz,JP3502200003,DAIWA SECURITIES GROUP,JP,0.0008157523537678119,0.23520436845731868,0.11579757915289995
2013,vw_nz,AU000000CSR5,CSR DEAD - DEAD.10/07/24,AU,0.0008065501113203793,204.6701726784194,343.6551026903563
2013,vw_nz,JP3456000003,TAKASHIMAYA,JP,0.0007949183995645231,1.6754284009525962,6.504619556120911
2013,vw_nz,JP3688370000,NIPPON EXPRESS HOLDINGS,JP,0.0007902201659718686,44.425474902427254,182.17731521950554
2013,vw_nz,JP3119600009,AJINOMOTO,JP,0.0007530662257849316,105.22537042051734,151.62674814046957
2013,vw_nz,JP3634600005,TOYOTA INDS.,JP,0.0007321258008394414,11.48580846321351,18.11045898099484
2013,vw_nz,JP3820000002,FUJI ELECTRIC,JP,0.000710300035695606,26.125586243159226,113.6738430866913
2013,vw_nz,JP3118000003,ASICS,JP,0.0006862190032198906,2.208737855157513,2.16779685471072
2013,vw_nz,JP3194000000,OKI ELECTRIC IND.,JP,0.000684749469429338,2.4764962360459575,13.987869141072485
2013,vw_nz,JP3209000003,CASIO COMPUTER,JP,0.0006577391000879507,0.857362967407831,1.1718546426939032
2013,vw_nz,JP3165600002,NTN,JP,0.0006302280303226625,17.857831272218597,64.91738458554653
2013,vw_nz,JP3401400001,SUMITOMO CHEMICAL,JP,0.0006166268257038754,318.7530802581314,1373.703217946407
2013,vw_nz,JP3180400008,OSAKA GAS,JP,0.0006149229315275707,239.8980688028916,473.39251426918116
2013,vw_nz,JP3743000006,NH FOODS,JP,0.0005890576256814123,25.476697314189956,85.94585103335254
2013,vw_nz,AU000000WOR2,WORLEY,AU,0.0005887437617187421,4.440073837785844,6.124549745858287
2013,vw_nz,JP3733000008,NEC,JP,0.0005830843346892495,2.278184243792499,11.183966948948349
2013,vw_nz,JP3266400005,KUBOTA,JP,0.0005764589000480718,24.498023336716354,19.933114842729772
2013,vw_nz,JP3027680002,JAPAN REAL ESTATE INV.,JP,0.0005358765104662793,12.176057972460013,1.0766913620451029
2013,vw_nz,AU000000TAH8,TABCORP HOLDINGS,AU,0.0005093835249267107,0.8286484748218721,0.7230208835137716
2013,vw_nz,JP3903000002,MITSUBISHI MATERIALS,JP,0.0004984040521887973,751.882731767003,2607.6841526621643
2013,vw_nz,JP3711600001,NIPPON SANSO HOLDINGS,JP,0.00048145953022370164,23.522456497176915,44.975319793263445
2013,vw_nz,JP3385820000,GS YUASA,JP,0.00047975386823039776,4.997863042852533,10.233267392021101
2013,vw_nz,JP3814800003,SUBARU,JP,0.00047421263339503494,9.318698956141269,17.255395540725964
2013,vw_nz,JP3289800009,KOBE STEEL,JP,0.00046944977085159245,883.3805515638251,4092.384129319641
2013,vw_nz,JP3634200004,TOYODA GOSEI,JP,0.00046364679744970573,16.925649621819442,36.326529264321735
2013,vw_nz,JP3449020001,TAIHEIYO CEMENT,JP,0.00045870736553761096,1546.4462979648497,3771.1476210834912
2013,vw_nz,BMG684371393,PACIFIC BASIN SHIP.,HK,0.0004579752213689767,488.6910067270386,630.4654947334537
2013,vw_nz,HK0293001514,CATHAY PACIFIC AIRWAYS,HK,0.0004471211758829838,1242.2434126275682,2094.881640992157
2013,vw_nz,JP3914400001,MURATA MANUFACTURING,JP,0.00044348162300135273,17.492585333970244,8.987256775928271
2013,vw_nz,JP3635400009,TOYOTA BOSHOKU,JP,0.0004112210733701939,7.186872821661005,36.954662104362704
2013,vw_nz,AU0000088338,AMPOL,AU,0.00037705017694145723,76.45460548876285,339.18442870215347
2013,vw_nz,AU000000ASX7,ASX,AU,0.00036681356635291694,0.4849738922388011,0.045815656126011385
2013,vw_nz,AU000000MGR9,MIRVAC GROUP STAPLED UNITS,AU,0.0003655310303994247,4.559598063622719,1.2474137261409615
2013,vw_nz,JP3223800008,KAWASAKI KISEN KAISHA,JP,0.00036284469935554686,1097.9158314851934,7291.601286932908
2013,vw_nz,AU000000APA1,APA GROUP,AU,0.0003511160224447517,332.9115568810405,64.68765967678912
2013,vw_nz,HK0010000088,HANG LUNG GROUP,HK,0.0003498412003100984,0.47552345658625195,0.05974176541658022
2013,vw_nz,JP3626800001,LIXIL,JP,0.00034150078668957146,31.539923890262486,66.87669031886301
2013,vw_nz,HK0019000162,SWIRE PACIFIC 'A',HK,0.00033313557735302897,2844.092886297964,1378.1423635960036
2013,vw_nz,JP3224200000,KAWASAKI HEAVY INDUSTRY,JP,0.0003265168307196408,9.99338200481163,27.298980859074693
2013,vw_nz,AU000000AMP6,AMP,AU,0.0003202369534375591,0.008974394620985211,0.009040960117213592
2013,vw_nz,JP3201200007,OLYMPUS,JP,0.0003194775139127718,2.8671563098552943,3.8764053903197513
2013,vw_nz,SG1F60858221,SINGAPORE TECHS.ENGR.,SG,0.0003176500514600481,7.6680701667096836,3.964931251344121
2013,vw_nz,JP3164800009,NOK,JP,0.000314222408376914,7.947415022007363,17.378297842543823
2013,vw_nz,JP3595200001,TOSOH,JP,0.0003141237131084008,987.9906031762662,4733.0926124719435
2013,vw_nz,JP3481800005,DAIKIN INDUSTRIES,JP,0.00026773673559030137,69.43645308923807,82.8067899308793
2013,vw_nz,JP3613400005,TOYO SEIKAN GROUP HDG.,JP,0.00025865158748945784,22.88151961924129,64.47801623837415
2013,vw_nz,JP3362700001,MITSUI OSK LINES,JP,0.00023684868902637288,1191.3931552390347,4941.733043187318
2013,vw_nz,HK0003000038,HONG KONG AND CHINA GAS,HK,0.00022940143780863462,249.32330976849352,32.27980017957402
2013,vw_nz,JP3269600007,KURARAY,JP,0.00021885209334026985,273.30647594370595,219.49113891060725
2013,vw_nz,AU000000SGM7,SIMS,AU,0.00021175065723836938,13.56003718635604,54.76834671358379
2013,vw_nz,JP3551520004,DENTSU GROUP,JP,0.00020109145198322502,0.05786019863496524,0.15746238434536663
2013,vw_nz,JP3571400005,TOKYO ELECTRON,JP,0.00018419047966535283,1.5558012851685632,1.179544606196342
2013,vw_nz,JP3678000005,NISSHINBO HOLDINGS,JP,0.00017901007836276082,61.48087860819123,210.41177298763273
2013,vw_nz,JP3452000007,TAIYO YUDEN,JP,0.0001759882703286958,17.794976311052253,34.14192477458784
2013,vw_nz,JP3158800007,UBE,JP,0.00017569022299940968,1494.3371215756056,4875.227630113612
2013,vw_nz,JP3500610005,RESONA HOLDINGS,JP,0.00017307289773679725,3.662836017015211,2.932792657363545
2013,vw_nz,NZTELE0001S4,SPARK NEW ZEALAND,NZ,0.00014873756641782754,1.2343760470026675,1.1610816377983166
2013,vw_nz,JP3228600007,KANSAI ELECTRIC PWR.,JP,0.00014340251850360728,1682.7803812855693,6032.378702309749
2013,vw_nz,AU000000GPT8,GPT GROUP STAPLED UNITS,AU,0.00013704454316610032,14.996852402219837,1.4319168104220013
2013,vw_nz,AU000000DXS1,DEXUS STAPLED UNITS,AU,0.0001364174459667507,14.052385205493577,1.7371792348313153
2013,vw_nz,JP3982800009,ROHM,JP,0.00012426140709953347,48.32332680195319,41.10710351828254
2013,vw_nz,JP3596200000,TOTO,JP,0.00012055828367925067,31.460584339791723,52.68529318205916
2013,vw_nz,JP3850200001,HOKKAIDO ELEC.POWER,JP,0.00011481164364933199,2344.0433940256116,7722.403162703046
2013,vw_nz,NZCENE0001S6,CONTACT ENERGY,NZ,0.0001112504394962285,1219.003706292474,837.8650708371894
2013,vw_nz,AU000000GWA4,GWA GROUP,AU,9.872412766080682e-05,16.755987495084025,12.846064415571142
2013,vw_nz,JP3982100004,LAWSON DEAD - DELIST.24/07/24,JP,9.768853072827181e-05,1.3658511158070636,0.9878000142050888
2013,vw_nz,AU000000CQR9,CHARTER HALL RETAIL REIT,AU,8.305552477895045e-05,0.479643371046469,0.06240593223449947
2013,vw_nz,JP3792600003,HINO MOTORS,JP,8.094844423344125e-05,10.343452839329219,28.981626326841564
2013,vw_nz,AU000000SGP0,STOCKLAND STAPLED UNITS,AU,7.757966908890921e-05,9.613342494846648,2.330050050403671
2013,vw_nz,AU000000LLC3,LENDLEASE GROUP STAPLED UNITS,AU,6.849138592888533e-05,13.25695404095906,26.467050474787996
2013,vw_nz,JP3890310000,MS&AD INSURANCE GP.HDG.,JP,5.472599265292172e-05,0.626589574404727,1.749434979269899
2013,vw_nz,JP3350800003,SHIKOKU ELECTRIC POWER,JP,4.881495140086752e-05,1550.5618014714948,3436.199277554688
2013,vw_nz,JP3778630008,BANDAI NAMCO HDG.,JP,3.988952322177056e-05,0.0,0.0
2013,vw_nz,JP3368000000,RESONAC HOLDINGS,JP,3.830917126366049e-05,385.4314666800193,1400.4748605893003
2013,vw_nz,JP3940000007,YAMATO HDG.,JP,3.705254370083847e-05,42.49777339592504,76.41563964680282
2013,vw_nz,JP3200450009,ORIX,JP,3.650175377509883e-05,33.4321429456323,24.35581927855827
2013,vw_nz,JP3300600008,KONICA MINOLTA,JP,3.292977295087694e-05,20.247493609450068,40.24799084745445
2013,vw_nz,JP3134800006,IHI,JP,3.222591760908879e-05,5.598366055881602,20.336335404557406
2013,vw_nz,JP3174410005,OJI HOLDINGS,JP,3.105485210681843e-05,375.1461351584464,1485.4644861388763
2013,vw_nz,NZAIAE0002S6,AUCKLAND INTL.AIRPORT,NZ,2.6275614803166034e-05,6.711821628593924,0.7591451091350041
2013,vw_nz,JP3870400003,MARUI GROUP,JP,2.5223454178485747e-05,3.02691775570711,4.173377841063828
2013,vw_nz,JP3811000003,FUJIKURA,JP,2.2598414329320605e-05,5.350767328287233,25.508718284736634
2013,vw_nz,JP3111200006,ASAHI KASEI,JP,1.9233293671887058e-05,288.9519915667413,607.5686590275627
2013,vw_nz,JP3592200004,TOSHIBA DEAD - DELIST.20/12/23,JP,1.7489910763701047e-05,12.013458913170686,41.55096300304468
2013,vw_nz,JP3528600004,CHIYODA CORPORATION,JP,1.5541123126345077e-05,0.04308300966346653,0.05077698068926655
2013,vw_nz,JP3734800000,NIDEC,JP,1.2563942758659172e-05,2.344924546793303,2.1237098273247565
2013,vw_nz,JP3260800002,KINTETSU GROUP HDG.,JP,1.2249183167961515e-05,3.6024524974727834,5.228456696331669
2013,vw_nz,JP3827200001,FURUKAWA ELECTRIC,JP,1.0732053781014466e-05,16.16439605257159,108.74490258269144
2013,vw_nz,JP3818000006,FUJITSU,JP,1.0399821159787254e-05,4.719031783874553,26.771882146605204
2013,vw_nz,AU000000IAG3,INSURANCE AUS.GROUP,AU,8.580398477059635e-06,1.00136758696601,0.8474188207021862
2013,vw_nz,AU000000IVC8,INVOCARE DEAD - DELIST.27/11/23,AU,5.976880028802724e-06,14.241112997754286,5.001511445766577
2013,vw_nz,JP3491000000,DAIDO STEEL,JP,4.606039881282181e-06,81.95641168905462,212.03661135955196
2013,vw_nz,SG1J26887955,SINGAPORE EXCHANGE,SG,2.394875041902389e-06,0.08957828853455699,0.006906723584010266
2014,vw_nz,AU000000BWP3,BWP GROUP STAPLED UNITS,AU,0.06563048821780171,0.0,0.0
2014,vw_nz,JP3633400001,TOYOTA MOTOR,JP,0.05908736520492642,11.358912964361844,14.101496934334566
2014,vw_nz,JP3902900004,MITSUBISHI UFJ FINL.GP.,JP,0.030910406011156383,0.2840680665917468,0.1547432473987553
2014,vw_nz,AU000000BHP4,BHP GROUP,AU,0.027439652049357287,362.9017238151618,220.14781131373547
2014,vw_nz,AU000000CBA7,COMMONWEALTH BK.OF AUS.,AU,0.026961566684674306,0.3055375255884054,0.09975212448837996
2014,vw_nz,JP3890350006,SUMITOMO MITSUI FINL.GP.,JP,0.026397250732307382,0.23877351621972207,0.16240594079265083
2014,vw_nz,AU000000ANZ3,ANZ GROUP HOLDINGS,AU,0.021881187557952982,0.5838838444137706,0.24419210074397407
2014,vw_nz,JP3551500006,DENSO,JP,0.021804364854715673,16.087804825567222,14.055826227820345
2014,vw_nz,JP3726800000,JAPAN TOBACCO,JP,0.021800531947178476,18.76865582898574,6.3466050588417495
2014,vw_nz,AU000000WBC1,WESTPAC BANKING,AU,0.021595562231770195,0.3013277669165467,0.12098231514208531
2014,vw_nz,JP3496400007,KDDI,JP,0.020696494118296525,0.08590580197096383,0.07083796873089636
2014,vw_nz,JP3854600008,HONDA MOTOR,JP,0.018768185851836518,12.425374062581534,20.708358025480095
2014,vw_nz,AU000000NAB4,NATIONAL AUS.BANK,AU,0.016472678498735478,0.5548286538553964,0.34148772652593645
2014,vw_nz,AU000000WES1,WESFARMERS,AU,0.01513442907725472,46.628619856049056,59.037464865290964
2014,vw_nz,JP3902400005,MITSUBISHI ELECTRIC,JP,0.014976928996597208,9.891343326227783,14.6745094648603
2014,vw_nz,JP3566800003,CENTRAL JAPAN RAILWAY,JP,0.014671029876730664,4.963652414283307,3.4860240936555233
2014,vw_nz,JP3898400001,MITSUBISHI,JP,0.013258968023862467,25.880740163107717,61.072987290145434
2014,vw_nz,JP3667600005,JGC HOLDINGS,JP,0.011251917354184768,18.034943694908506,12.207578641211583
2014,vw_nz,JP3762600009,NOMURA HDG.,JP,0.011002087225175717,0.14912696674782847,0.11657341423314155
2014,vw_nz,HK0388045442,HONG KONG EXCHANGES AND CLEARING,HK,0.010853919872014166,0.03433024551847254,0.0019741008930064734
2014,vw_nz,JP3866800000,PANASONIC HOLDINGS,JP,0.010517906557051187,8.18825270848607,22.106287028030774
2014,vw_nz,JP3258000003,KIRIN HOLDINGS,JP,0.010504515304760608,16.57205549940967,27.636164280145326
2014,vw_nz,AU000000CSL8,CSL,AU,0.010134825086026448,11.423355970484042,1.8527476585990534
2014,vw_nz,AU0000224040,WOODSIDE ENERGY GROUP,AU,0.009913451884635575,1800.2054235632997,360.3381499486568
2014,vw_nz,JP3788600009,HITACHI,JP,0.009727335219011856,8.991472855469267,22.093359082300424
2014,vw_nz,JP3672400003,NISSAN MOTOR,JP,0.009567451872733668,7.9588163026584455,20.036863086780652
2014,vw_nz,JP3242800005,CANON,JP,0.009386298984359054,4.800210054982044,4.4838834536046805
2014,vw_nz,JP3420600003,SEKISUI HOUSE,JP,0.00914613222065814,3.9907738038810403,7.464356721311475
2014,vw_nz,JP3830800003,BRIDGESTONE,JP,0.008915919768506374,55.47885158947478,65.39209501555027
2014,vw_nz,HK0016000132,SUN HUNG KAI PROPERTIES,HK,0.008700157387812298,0.5156587373039863,0.10965616236743445
2014,vw_nz,JP3205800000,KAO,JP,0.008572533834256177,50.58066916146643,39.46239840084187
2014,vw_nz,JP3955000009,YOKOGAWA ELECTRIC,JP,0.008460308096754509,5.562564313617085,4.908520437125763
2014,vw_nz,HK0823032773,LINK REAL ESTATE INVESTMENT TRUST,HK,0.008160213313163345,0.0,0.0
2014,vw_nz,JP3830000000,BROTHER INDUSTRIES,JP,0.008141832816749989,1.7739739777149235,2.849299377438549
2014,vw_nz,JP3505000004,DAIWA HOUSE INDUSTRY,JP,0.00801328479846007,9.479587791565766,18.535681186283597
2014,vw_nz,JP3519400000,CHUGAI PHARM.,JP,0.0076782734151387136,12.939981725660724,4.212848405621178
2014,vw_nz,JP3463000004,TAKEDA PHARMACEUTICAL,JP,0.0076239934391081786,10.521626176064498,4.637540624120238
2014,vw_nz,JP3582600007,TOKYO TATEMONO,JP,0.007330357869922708,1.6074640080847202,0.8877288576685743
2014,vw_nz,JP3256000005,KYOWA KIRIN,JP,0.0073165633401981196,19.666208070889315,10.920703362298935
2014,vw_nz,JP3629000005,TOPPAN HOLDINGS,JP,0.007308697646047228,18.323084251464568,53.75412589483693
2014,vw_nz,JP3197800000,OMRON,JP,0.007096855611965458,6.63784427387474,5.4211010908879365
2014,vw_nz,HK0066009694,MTR,HK,0.006962688041958934,11.939304523475919,2.9033622319987398
2014,vw_nz,JP3385980002,J S R DEAD - DELIST.25/06/24,JP,0.006835124615470245,102.2495965357415,89.38279795801773
2014,vw_nz,AU000000MQG1,MACQUARIE GROUP,AU,0.006645279468033156,0.0,0.0
2014,vw_nz,JP3783600004,EAST JAPAN RAILWAY,JP,0.00660763215958673,44.59222248686103,39.98517524427078
2014,vw_nz,JP3951600000,UNI CHARM,JP,0.006395337344940912,6.397944553598052,2.7113673856934386
2014,vw_nz,JP3910660004,TOKIO MARINE HOLDINGS,JP,0.006344427398281465,0.3871292148206309,0.7056132644642953
2014,vw_nz,JP3435000009,SONY GROUP,JP,0.006113361703207755,4.038203150643676,18.75984641595084
2014,vw_nz,JP3942400007,ASTELLAS PHARMA,JP,0.005935518018283788,7.29719212056314,2.88179374088457
2014,vw_nz,JP3351600006,SHISEIDO,JP,0.005800429456302335,3.726073925907266,3.9885887253391905
2014,vw_nz,JP3900000005,MITSUBISHI HEAVY INDS.,JP,0.0057798058674473725,4.927111178341123,6.928314398842715
2014,vw_nz,JP3814800003,SUBARU,JP,0.005683983603286347,8.412557960612403,8.78227839540729
2014,vw_nz,JP3814000000,FUJIFILM HOLDINGS,JP,0.0054576445209477365,31.674496196046537,48.76947960628068
2014,vw_nz,JP3684000007,NITTO DENKO,JP,0.005422184038730957,56.168417096501855,54.331485332720305
2014,vw_nz,JP3358800005,SHIMIZU,JP,0.005386660695164174,15.101444128400429,52.46826415970508
2014,vw_nz,SGXE21576413,GENTING SINGAPORE,SG,0.005343419504016538,1.3566874617452196,0.23558078438293772
2014,vw_nz,BMG8063F1068,SHANGRI-LA ASIA,HK,0.005236061064435973,73.02068597973776,29.170181327686816
2014,vw_nz,AU000000STO6,SANTOS,AU,0.0050857493734919835,1240.4462276633296,341.1125013864241
2014,vw_nz,JP3546800008,TERUMO,JP,0.005056660207742454,18.13067984446611,9.130276289609204
2014,vw_nz,JP3914400001,MURATA MANUFACTURING,JP,0.0050394620979482396,15.032456944373882,5.912004029064612
2014,vw_nz,JP3659000008,WEST JAPAN RAILWAY,JP,0.004885121594899671,7.706842203870176,12.443971020480287
2014,vw_nz,AU000000TLS2,TELSTRA GROUP,AU,0.0045349332337176074,2.393916862092946,0.9305306949197633
2014,vw_nz,JP3126400005,ALPS ALPINE,JP,0.004482664060596466,1.4106209779269065,3.799196114553676
2014,vw_nz,JP3686800008,NIPPON SHEET GLASS,JP,0.004481578479202554,551.4106894753104,2716.699210459292
2014,vw_nz,IE00BKVD2N49,SEAGATE TECHNOLOGY HOLDINGS,SG,0.00437433393673306,22.74885452462772,18.918450663219833
2014,vw_nz,SG1R50925390,SEMBCORP INDUSTRIES,SG,0.0043551242187153715,673.0066252189042,781.7836187529316
2014,vw_nz,JP3868400007,MAZDA MOTOR,JP,0.004344606731249832,5.8379165503770505,10.56277481637967
2014,vw_nz,JP3414750004,SEIKO EPSON,JP,0.004301394032473203,11.174492014876122,17.896247149077336
2014,vw_nz,JP3304200003,KOMATSU,JP,0.00428277146610338,5.852384238708227,5.41502093694471
2014,vw_nz,AU000000SHL7,SONIC HEALTHCARE,AU,0.004132774486651737,2.5394181003421896,1.3944155009503494
2014,vw_nz,JP3475350009,DAIICHI SANKYO,JP,0.004070099038649681,12.996514673604564,11.62013961533991
2014,vw_nz,JP3294460005,INPEX,JP,0.0040134860593918666,46.48414083838704,34.72600640137549
2014,vw_nz,JP3573000001,TOKYO GAS,JP,0.0039240746612172455,140.66394790048506,225.23029797968425
2014,vw_nz,JP3819400007,FUJI MEDIA HOLDINGS,JP,0.003858297906908858,0.0,0.0
2014,vw_nz,JP3787000003,HITACHI CON.MCH.,JP,0.003812519069380422,5.477923708681192,10.06833819549738
2014,vw_nz,JP3845400005,HOKURIKU ELEC.POWER,JP,0.003771328177666078,3760.6550200074157,7143.87659454643
2014,vw_nz,AU000000SBM8,ST BARBARA,AU,0.0037250138574681725,181.6192337859201,692.8222618401675
2014,vw_nz,AU000000SUN6,SUNCORP GROUP,AU,0.003715943899051815,0.4876143558425835,0.4631807623290411
2014,vw_nz,JP3893600001,MITSUI,JP,0.0037106627642064785,26.081482983118565,59.07898293507624
2014,vw_nz,AU000000DOW2,DOWNER EDI,AU,0.003506479824566529,31.062235255783644,117.78682668185164
2014,vw_nz,JP3165700000,NTT DATA GROUP DEAD - DELIST.26/09/25,JP,0.003340635079180434,0.6659116021343819,0.8703259948817204
2014,vw_nz,JP3407400005,SUMITOMO ELECTRIC IND.,JP,0.0033395693397738,7.9402186911999335,15.336161797010908
2014,vw_nz,NZFBUE0001S0,FLETCHER BUILDING,NZ,0.0032986141752940536,124.05300620531203,169.27716012796026
2014,vw_nz,JP3522200009,CHUGOKU ELEC.POWER,JP,0.003136175335159366,3404.147672539395,8594.58543210445
2014,vw_nz,AU000000MTS0,METCASH,AU,0.003081530492180674,1.716040161507853,8.554903939932112
2014,vw_nz,JP3165600002,NTN,JP,0.0030367112602758027,17.201905966273905,47.892511631341854
2014,vw_nz,JP3134800006,IHI,JP,0.002982299810904424,6.112413317098525,11.227661858763728
2014,vw_nz,JP3688370000,NIPPON EXPRESS HOLDINGS,JP,0.002821568867471013,45.727432524041774,152.63232723318788
2014,vw_nz,JP3621000003,TORAY INDS.,JP,0.002814195904999273,181.26082772061258,290.85493995194685
2014,vw_nz,JP3371200001,SHIN-ETSU CHEMICAL,JP,0.0028094827248594666,110.64048421659419,49.78322025484031
2014,vw_nz,JP3320800000,SAPPORO HOLDINGS,JP,0.0027275965016492552,23.72395880398328,79.9502175222542
2014,vw_nz,JP3877600001,MARUBENI,JP,0.0025501661790893475,0.002143231537918029,0.011257865097906447
2014,vw_nz,JP3493400000,DIC,JP,0.002529711923433206,35.779864498289164,124.12255976225765
2014,vw_nz,HK0011000095,HANG SENG BANK DEAD - DELIST.28/01/26,HK,0.0025180518199675412,0.0,0.0
2014,vw_nz,JP3228600007,KANSAI ELECTRIC PWR.,JP,0.002516015267091072,1649.4262353024342,5449.002894618201
2014,vw_nz,JP3502200003,DAIWA SECURITIES GROUP,JP,0.0024543177625178836,0.1389427622487818,0.05750434888396412
2014,vw_nz,AU000000MAH3,MACMAHON HOLDINGS,AU,0.00232203704964343,75.80549993018937,548.534703480728
2014,vw_nz,JP3733000008,NEC,JP,0.0023214703492621903,2.0350834134901814,7.826879853480809
2014,vw_nz,AU000000TAH8,TABCORP HOLDINGS,AU,0.0023203830878292327,1.0186577281846865,0.7836079791847355
2014,vw_nz,JP3613400005,TOYO SEIKAN GROUP HDG.,JP,0.0023072538828545733,73.86710814796793,142.64711929925568
2014,vw_nz,JP3973400009,RICOH,JP,0.002084877737008708,8.6463467936142,21.502553940943557
2014,vw_nz,JP3820000002,FUJI ELECTRIC,JP,0.002075196669126232,28.41916129708592,66.03555659062084
2014,vw_nz,JP3419400001,SEKISUI CHEMICAL,JP,0.0020728767503468298,14.556639408674481,25.482620921831064
2014,vw_nz,JP3357200009,SHIMADZU,JP,0.002033009078831786,1.1406837508957681,1.2366813147122562
2014,vw_nz,BMG2442N1048,COSCO SHIPPING PORTS,HK,0.0019744119907412067,74.70517382492545,16.002394868752063
2014,vw_nz,JP3401400001,SUMITOMO CHEMICAL,JP,0.0019647384934591413,113.60456624951942,348.2472860828936
2014,vw_nz,JP3769000005,HACHIJUNI NAGANO BANK,JP,0.0019490795802535852,1.917675297482253,1.0460629866421518
2014,vw_nz,AU000000ORG5,ORIGIN ENERGY (EX BORAL),AU,0.0019177327987837344,1166.1681910641719,1081.667567211291
2014,vw_nz,JP3229400001,KANSAI PAINT,JP,0.0018885787721166722,15.180427496114191,12.627432501475848
2014,vw_nz,JP3539220008,T & D HOLDINGS,JP,0.0018415031166590585,0.11090863524973671,0.2863693925323305
2014,vw_nz,JP3270000007,KURITA WATER IND.,JP,0.0018325433484381152,7.09226784597973,4.7450722018152485
2014,vw_nz,AU000000WOR2,WORLEY,AU,0.0018022459107054972,4.823142028118368,11.240919020888402
2014,vw_nz,JP3421100003,JAPAN PETROLEUM EXP.,JP,0.0017946045395204457,81.2925150533338,92.87471820853271
2014,vw_nz,JP3350800003,SHIKOKU ELECTRIC POWER,JP,0.0017720070606481225,1566.0492555082064,2984.4851364995843
2014,vw_nz,AU000000ORI1,ORICA,AU,0.0017622214639230326,263.2634599202772,209.2482495076127
2014,vw_nz,SG9999000020,FLEX,SG,0.0016664207372784285,2.6335708446044914,13.086836201673515
2014,vw_nz,JP3266400005,KUBOTA,JP,0.0016622770951185927,23.059238687527735,17.334100656189047
2014,vw_nz,AU000000ERA9,ENERGY RES.OF AUS.,AU,0.0016578505449182457,349.0915781242813,202.9123963996079
2014,vw_nz,SGXE34184239,SEATRIUM,SG,0.0016515343518299188,14.186046511627907,9.440665735210574
2014,vw_nz,JP3402600005,SUMITOMO METAL MINING,JP,0.0016331486339017445,193.5367233504242,210.22589392164932
2014,vw_nz,JP3388200002,AEON,JP,0.001620043019216957,4.209479387722288,24.30930487199597
2014,vw_nz,AU000000BLD2,BORAL DEAD - DELIST.08/07/24,AU,0.0015343705046971933,653.7965265032202,745.1108727402748
2014,vw_nz,JP3405400007,SUMITOMO HEAVY INDS.,JP,0.0014764362925160145,2.7038307634676872,5.196308647578455
2014,vw_nz,JP3429800000,ANA HOLDINGS,JP,0.001461035383724943,613.9647844565877,1281.5763930383905
2014,vw_nz,BMG677491539,ORIENT OVERSEAS (INTL.),HK,0.0014485665335812773,787.6008195999792,1877.6240914765372
2014,vw_nz,JP3638600001,DOWA HDG.,JP,0.001422076850973297,192.8965653863915,305.25230838365
2014,vw_nz,BMG684371393,PACIFIC BASIN SHIP.,HK,0.001391214699886156,528.3762038571463,753.4183643638125
2014,vw_nz,NZCENE0001S6,CONTACT ENERGY,NZ,0.0013248046769709493,818.9566270686345,534.091058579002
2014,vw_nz,JP3118000003,ASICS,JP,0.0012885190994752402,2.426715034931699,1.7650721766204358
2014,vw_nz,JP3194000000,OKI ELECTRIC IND.,JP,0.001259572030532821,2.6071781864080688,7.346646347016716
2014,vw_nz,JP3753000003,NIPPON YUSEN KK,JP,0.001248899527475682,959.6070377264232,3701.552033183536
2014,vw_nz,JP3535800001,TSUMURA,JP,0.001215644150567499,31.708848039998273,19.170086411482167
2014,vw_nz,AU000000CWY3,CLEANAWAY WASTE MANAGEMENT,AU,0.0012033502117058856,436.05994241523865,355.88416826271487
2014,vw_nz,JP3500610005,RESONA HOLDINGS,JP,0.0011949240643627575,4.177315372896484,2.615059268740609
2014,vw_nz,HK0010000088,HANG LUNG GROUP,HK,0.0011611803807808506,1.923669706638955,0.3900271932758445
2014,vw_nz,JP3200450009,ORIX,JP,0.0011441227571730324,23.47564138273533,14.576093593730663
2014,vw_nz,AU000000CIM7,CIMIC GROUP DEAD - DELIST.11/05/22,AU,0.0011220379623036515,7.7079665603653815,31.934837834402074
2014,vw_nz,JP3720800006,NSK,JP,0.0010845171949425267,15.776062268056862,20.330021397543756
2014,vw_nz,JP3359600008,SHARP,JP,0.001084114949889351,12.810274336815468,62.099620865472616
2014,vw_nz,HK0242001243,SHUN TAK HOLDINGS,HK,0.0010512198458245575,850.0470109504029,225.38473496036062
2014,vw_nz,JP3711600001,NIPPON SANSO HOLDINGS,JP,0.0010252666751229286,24.04436666537094,39.34839065082238
2014,vw_nz,HK0019000162,SWIRE PACIFIC 'A',HK,0.0010057865377743782,2575.9583332641487,1746.0008471610895
2014,vw_nz,JP3112000009,AGC,JP,0.0009985086212756836,408.0736293692739,779.942002808964
2014,vw_nz,JP3738600000,NITERRA,JP,0.0009818531125784004,20.75724404526741,13.837746243451557
2014,vw_nz,JP3657400002,NIKON,JP,0.0009708202555524807,2.5603664818437535,3.6043992498170376
2014,vw_nz,JP3665200006,NICHIREI,JP,0.0009247559304359633,8.289846007959365,30.504020134078708
2014,vw_nz,AU000000QBE9,QBE INSURANCE GROUP,AU,0.0009206335199006243,0.6822935815484403,0.8901008232474144
2014,vw_nz,AU000000NCM7,NEWCREST MINING DEAD - DELIST.08/11/23,AU,0.0008961318175055322,439.29370760793427,235.50627182008725
2014,vw_nz,JP3544000007,TEIJIN,JP,0.0008880367209104915,142.94887912892187,480.28380721673744
2014,vw_nz,AU000000IAG3,INSURANCE AUS.GROUP,AU,0.0008444219928581512,0.995656028984099,0.8243270300433577
2014,vw_nz,JP3491000000,DAIDO STEEL,JP,0.0007757022746859699,93.27667554530056,190.69795851246272
2014,vw_nz,AU000000CQR9,CHARTER HALL RETAIL REIT,AU,0.0007259304925044213,0.5522385150631176,0.07488722864392444
2014,vw_nz,HK0293001514,CATHAY PACIFIC AIRWAYS,HK,0.0007220229406645303,1286.9095693625366,2041.7494164607117
2014,vw_nz,JP3300600008,KONICA MINOLTA,JP,0.0007153898528846445,18.084761956012567,28.760324781228626
2014,vw_nz,JP3743000006,NH FOODS,JP,0.0007145856424585538,25.762267640966698,71.0297790439239
2014,vw_nz,JP3762800005,NOMURA RESEARCH INST.,JP,0.0007138296432922191,0.5287593534224875,0.2643306882642461
2014,vw_nz,AU0000088338,AMPOL,AU,0.0006904068510600088,78.39835114100738,371.44370156643623
2014,vw_nz,JP3122400009,ADVANTEST,JP,0.000685227023622683,3.6048017050808943,1.9481106705822435
2014,vw_nz,JP3551200003,ELEC.POWER DEV.,JP,0.0006790997033071933,7962.301468720035,11241.18567595708
2014,vw_nz,JP3201200007,OLYMPUS,JP,0.0006715875716260513,2.886427812547534,1.99290750234442
2014,vw_nz,NZAIAE0002S6,AUCKLAND INTL.AIRPORT,NZ,0.0006538913938445177,6.026549166155391,0.5535405075871679
2014,vw_nz,AU000000APA1,APA GROUP,AU,0.0006516753877705647,287.9800036619265,70.13812720856015
2014,vw_nz,JP3197600004,ONO PHARM.,JP,0.0006424043738997355,15.055121169442963,2.1308247863038043
2014,vw_nz,AU000000BPT9,BEACH ENERGY,AU,0.0006337494780643504,77.98223334469351,38.65708912661467
2014,vw_nz,JP3027680002,JAPAN REAL ESTATE INV.,JP,0.0006107785277529387,11.571665809506236,0.9495674192867694
2014,vw_nz,AU000000TCL6,TRANSURBAN GROUP STAPLED UNITS,AU,0.0005984616480876381,0.14310630973968097,0.01656558693875736
2014,vw_nz,JP3634600005,TOYOTA INDS.,JP,0.0005851256157922572,9.998001143387409,12.958343344908727
2014,vw_nz,JP3888400003,MITSUI KINZOKU LIMITED,JP,0.0005835879102913194,151.43578711065382,413.1577604246414
2014,vw_nz,HK0004000045,WHARF HOLDINGS,HK,0.000581118287965881,7.852992640086958,1.5592380904494432
2014,vw_nz,AU000000QAN2,QANTAS AIRWAYS,AU,0.0005761661572231731,870.6759109934894,5686.218475387583
2014,vw_nz,SG1R89002252,CITY DEVELOPMENTS,SG,0.0005705627122306584,2.9685578001950548,1.1852273952845238
2014,vw_nz,JP3246400000,KYUSHU ELEC.POWER,JP,0.0005586862235374865,64.98201386468064,207.13329404077513
2014,vw_nz,JP3119600009,AJINOMOTO,JP,0.0004987563683922949,126.85651243070227,145.4886058494811
2014,vw_nz,JP3452000007,TAIYO YUDEN,JP,0.00044744992445031864,14.90999627965544,21.14551625205556
2014,vw_nz,JP3224200000,KAWASAKI HEAVY INDUSTRY,JP,0.0004056239950267637,10.592167845839041,19.06157348653983
2014,vw_nz,JP3940000007,YAMATO HDG.,JP,0.00040232822447128767,34.55895656345736,46.50988411033887
2014,vw_nz,AU000000SGP0,STOCKLAND STAPLED UNITS,AU,0.0003973645752259414,13.471733834125422,2.9725777752074256
2014,vw_nz,AU000000COH5,COCHLEAR,AU,0.000385479211860831,0.009360337210619511,0.002183816114337379
2014,vw_nz,JP3456000003,TAKASHIMAYA,JP,0.0003699246582201512,1.7698564919064788,5.0885462699270025
2014,vw_nz,JP3528600004,CHIYODA CORPORATION,JP,0.0003652087366403752,0.03806641196213784,0.04060400939834266
2014,vw_nz,JP3293200006,COCA-COLA BOTTLERS JAPAN HOLDINGS,JP,0.0003545441944136522,23.209728867623603,45.287379467207295
2014,vw_nz,JP3190000004,OBAYASHI,JP,0.0003539163556911627,9.420873950195757,34.08875258594231
2014,vw_nz,JP3116000005,ASAHI GROUP HOLDINGS,JP,0.0003505271141153907,21.416613712997847,27.113806182211935
2014,vw_nz,BMG668971101,CTF SERVICES,HK,0.0003329495966728465,164.49932897930486,72.12757836774244
2014,vw_nz,JP3385820000,GS YUASA,JP,0.00033157597456312104,4.865397954838394,7.191501336710286
2014,vw_nz,JP3596200000,TOTO,JP,0.00030123615167581625,32.298685868976804,30.505904810616784
2014,vw_nz,HK0002007356,CLP HOLDINGS,HK,0.00028841486297609875,2840.791553196561,2005.7279541679757
2014,vw_nz,JP3894900004,ISETAN MITSUKOSHI HDG.,JP,0.00027970333903355596,3.409699375423609,8.782100518972783
2014,vw_nz,BMG524401079,KERRY PROPERTIES,HK,0.0002751271413352335,2.020902669859204,0.7834096417990843
2014,vw_nz,SG1U68934629,KEPPEL,SG,0.00026372827689220835,62.65449019933329,41.626597849556525
2014,vw_nz,JP3164800009,NOK,JP,0.0002562869342458934,7.8477522363801375,15.862583222370173
2014,vw_nz,HK0006000050,POWER ASSETS HOLDINGS,HK,0.00024873960243239725,6805.780051772541,559.110664599122
2014,vw_nz,JP3180400008,OSAKA GAS,JP,0.000247725253437092,279.35820610019783,475.6704600682789
2014,vw_nz,JP3595200001,TOSOH,JP,0.00024062846739252169,928.5649109812194,2748.9443179877094
2014,vw_nz,JP3982100004,LAWSON DEAD - DELIST.24/07/24,JP,0.00023666774823770314,1.356427662025806,0.8796098321433791
2014,vw_nz,JP3111200006,ASAHI KASEI,JP,0.00022143757920448928,267.90832643751975,456.85619912924733
2014,vw_nz,AU000000CSR5,CSR DEAD - DEAD.10/07/24,AU,0.00020698013786632564,209.32035541475963,237.54243710215218
2014,vw_nz,JP3443600006,TAISEI,JP,0.00019842915644233746,11.193546583901263,32.59973920208638
2014,vw_nz,JP3289800009,KOBE STEEL,JP,0.0001960004643570006,932.8426246882317,3161.549885453912
2014,vw_nz,JP3397200001,SUZUKI MOTOR,JP,0.0001947545649839146,6.437274163435095,12.38960347074092
2014,vw_nz,JP3942800008,YAMAHA MOTOR,JP,0.0001931031679300216,11.954070723433308,36.105583261058115
2014,vw_nz,JP3786200000,HITACHI METALS DEAD - DELIST.29/12/22,JP,0.00017947110956146315,49.538809433506536,52.12711785248327
2014,vw_nz,JP3493800001,DAI NIPPON PRINTING,JP,0.0001794170270215033,23.107185267915487,47.000570444098635
2014,vw_nz,JP3678000005,NISSHINBO HOLDINGS,JP,0.0001788707644930374,60.167902343725174,182.52801007912888
2014,vw_nz,HK0003000038,HONG KONG AND CHINA GAS,HK,0.00016870208040139546,199.2912378927137,36.848867799477105
2014,vw_nz,AU000000GPT8,GPT GROUP STAPLED UNITS,AU,0.0001524255416782949,17.493821510297483,1.7775958927043416
2014,vw_nz,AU000000AMP6,AMP,AU,0.00014876007554450225,0.00841092554372201,0.013291628428119678
2014,vw_nz,JP3215800008,KANEKA,JP,0.0001417074249039913,223.48581957861796,512.2557758531202
2014,vw_nz,JP3982800009,ROHM,JP,0.00013940328758479628,22.988181792275245,13.12234989596219
2014,vw_nz,JP3818000006,FUJITSU,JP,0.0001375435228352341,4.740156576588696,17.580113635901196
2014,vw_nz,JP3605400005,TOHOKU ELECTRIC PWR.,JP,0.00013674110683344512,2127.150510092866,7728.225798821047
2014,vw_nz,AU000000BSL0,BLUESCOPE STEEL,AU,0.00013622336589449546,1173.060720405915,2895.670898138128
2014,vw_nz,AU000000WOW2,WOOLWORTHS GROUP,AU,0.00012602107971120354,9.369424364262178,13.278795787089201
2014,vw_nz,JP3495000006,SUMITOMO PHARMA,JP,0.0001199417235298698,22.970474223836465,11.90675858558986
2014,vw_nz,JP3850200001,HOKKAIDO ELEC.POWER,JP,0.00011195374315573343,2506.4197920735305,7207.689476677771
2014,vw_nz,JP3210200006,KAJIMA,JP,0.0001083493627893889,11.710299377526514,46.278214998421724
2014,vw_nz,JP3260800002,KINTETSU GROUP HDG.,JP,0.00010600293046609148,3.2001016676661247,5.555454399237686
2014,vw_nz,JP3158800007,UBE,JP,0.00010597604203960907,1618.1489042831608,4630.974865610926
2014,vw_nz,JP3888300005,MITSUI CHEMICALS,JP,9.612767165848188e-05,252.53378361360666,1502.0833416560467
2014,vw_nz,AU000000MGR9,MIRVAC GROUP STAPLED UNITS,AU,9.313973602389605e-05,7.627857112855083,2.115354392582115
2014,vw_nz,AU000000DXS1,DEXUS STAPLED UNITS,AU,8.427922924199042e-05,20.716665385545582,2.696391228065895
2014,vw_nz,JP3870000001,MABUCHI MOTOR,JP,7.362880374936545e-05,25.083740124456597,12.147173771440979
2014,vw_nz,AU000000ASX7,ASX,AU,7.323219747286341e-05,0.12803277639075605,0.016440878600552416
2014,vw_nz,AU000000IGO4,IGO,AU,5.945781686308464e-05,159.75937774119387,56.13760864801695
2014,vw_nz,JP3269600007,KURARAY,JP,5.6277413537760124e-05,483.41957834957736,405.9692766619558
2014,vw_nz,JP3891600003,MITSUI E&S,JP,5.465972558609947e-05,20.899060256762283,78.83062385378136
2014,vw_nz,JP3977400005,RINNAI,JP,3.212544213083686e-05,10.919120264353769,7.237688660812375
2014,vw_nz,JP3526600006,CHUBU ELEC.POWER,JP,2.9420221705440132e-05,2032.752493813691,6217.260859598983
2014,vw_nz,AU000000GWA4,GWA GROUP,AU,2.0979351814396182e-05,20.163612855410864,12.35729008528653
2014,vw_nz,JP3174410005,OJI HOLDINGS,JP,1.8300507562890393e-05,448.31775863599006,1143.1573751960323
2014,vw_nz,SG1F60858221,SINGAPORE TECHS.ENGR.,SG,1.4298997963242788e-05,5.6887264502523776,3.2455406438228036
2014,vw_nz,AU000000IVC8,INVOCARE DEAD - DELIST.27/11/23,AU,1.1976902123775836e-05,15.801583052368066,5.348746081504703
2014,vw_nz,JP3148800000,IBIDEN,JP,1.0863001388083747e-05,48.34055427213759,53.21671511680526
2014,vw_nz,JP3792600003,HINO MOTORS,JP,7.30109196418419e-06,10.24735067033254,20.116392742570167
2014,vw_nz,AU000000BEN6,BENDIGO & ADELAIDE BANK,AU,6.791741712482309e-06,1.2525066009805452,0.9035752352382285
2014,vw_nz,JP3626800001,LIXIL,JP,6.584035183230249e-06,24.30698965882118,44.323639234327096
2014,vw_nz,SG1J26887955,SINGAPORE EXCHANGE,SG,3.707556489155295e-06,0.07994402199234256,0.008135173340424639
2015,vw_nz,JP3633400001,TOYOTA MOTOR,JP,0.06160268506248003,11.952315201464645,12.182011978411145
2015,vw_nz,AU000000BWP3,BWP GROUP STAPLED UNITS,AU,0.05726543258949237,0.0,0.0
2015,vw_nz,JP3496400007,KDDI,JP,0.032392396594450326,0.12179750316680016,0.07596432079213256
2015,vw_nz,AU000000CBA7,COMMONWEALTH BK.OF AUS.,AU,0.02615205130694426,0.29998963958074837,0.0855714367135502
2015,vw_nz,AU000000ANZ3,ANZ GROUP HOLDINGS,AU,0.021860400056436375,0.7462289176269907,0.3143518640394935
2015,vw_nz,JP3902900004,MITSUBISHI UFJ FINL.GP.,JP,0.021482859474247492,0.2622179472524686,0.1581956244417073
2015,vw_nz,JP3890350006,SUMITOMO MITSUI FINL.GP.,JP,0.02066534707057954,0.42276688326081124,0.34258028411392116
2015,vw_nz,JP3551500006,DENSO,JP,0.020233975442477018,17.147883764452796,15.660805147251985
2015,vw_nz,JP3566800003,CENTRAL JAPAN RAILWAY,JP,0.018968125618682347,5.441753414929952,2.172502940637909
2015,vw_nz,JP3726800000,JAPAN TOBACCO,JP,0.01866363841644503,16.12761244865499,7.214598694796905
2015,vw_nz,AU000000BHP4,BHP GROUP,AU,0.018524109470336725,376.92924954224037,278.46452240912976
2015,vw_nz,AU000000WBC1,WESTPAC BANKING,AU,0.01798131457791356,0.3601263694403746,0.12737115578444988
2015,vw_nz,JP3898400001,MITSUBISHI,JP,0.017792184421539906,27.251215420086638,63.022329909656335
2015,vw_nz,JP3902400005,MITSUBISHI ELECTRIC,JP,0.01709382460063501,10.881749820192686,15.783426139879035
2015,vw_nz,AU000000WES1,WESFARMERS,AU,0.01604515748905586,52.250085104201155,64.92115166211204
2015,vw_nz,AU000000NAB4,NATIONAL AUS.BANK,AU,0.01567763217082466,0.6556440422827267,0.3418017692081859
2015,vw_nz,JP3951600000,UNI CHARM,JP,0.015281334961039755,4.975922545506993,1.7850955971516882
2015,vw_nz,JP3854600008,HONDA MOTOR,JP,0.015272541796075635,13.350087241369025,24.14710415853379
2015,vw_nz,HK0823032773,LINK REAL ESTATE INVESTMENT TRUST,HK,0.014732389631648168,0.0,0.0
2015,vw_nz,HK0016000132,SUN HUNG KAI PROPERTIES,HK,0.013900708995738078,0.6011564293944835,0.1246996366677656
2015,vw_nz,JP3435000009,SONY GROUP,JP,0.013226749637760596,4.1669550387106264,10.755293475845368
2015,vw_nz,HK0066009694,MTR,HK,0.012610015076287593,10.193645672537144,2.0652851678601634
2015,vw_nz,JP3385980002,J S R DEAD - DELIST.25/06/24,JP,0.011778080667030177,122.41856758641299,101.94680533368727
2015,vw_nz,JP3830800003,BRIDGESTONE,JP,0.011162630508080723,59.23703969532757,57.778689563132716
2015,vw_nz,JP3573000001,TOKYO GAS,JP,0.010571783182906422,159.86830633947196,204.55417228686514
2015,vw_nz,JP3942400007,ASTELLAS PHARMA,JP,0.01020726693485651,9.86200018425769,2.8852231566489746
2015,vw_nz,AU000000CSL8,CSL,AU,0.00967495445249128,11.218682368460072,1.696460324184645
2015,vw_nz,JP3667600005,JGC HOLDINGS,JP,0.008939166138080866,17.488766702703273,22.808070115770505
2015,vw_nz,JP3866800000,PANASONIC HOLDINGS,JP,0.008921007794061925,7.087423153483487,16.67295154166269
2015,vw_nz,JP3788600009,HITACHI,JP,0.008891555766327724,9.832573607192277,22.40668239191611
2015,vw_nz,JP3243600008,CANON MARKETING JAPAN,JP,0.008658799202254697,1.50969055966843,3.015782238499
2015,vw_nz,JP3814800003,SUBARU,JP,0.008598403263205942,7.943844242879426,6.567281802062126
2015,vw_nz,JP3546800008,TERUMO,JP,0.008483901060849506,18.631862512120463,8.115162032773842
2015,vw_nz,JP3258000003,KIRIN HOLDINGS,JP,0.008158373498052481,20.88022818084243,29.97578937523095
2015,vw_nz,AU000000NCM7,NEWCREST MINING DEAD - DELIST.08/11/23,AU,0.008067577575771204,488.9597713954645,185.04247823912317
2015,vw_nz,JP3629000005,TOPPAN HOLDINGS,JP,0.007947711150603276,20.53038198113465,56.10199518149627
2015,vw_nz,AU000000SHL7,SONIC HEALTHCARE,AU,0.007942179452302717,2.6425940713976486,1.3998217858403808
2015,vw_nz,JP3205800000,KAO,JP,0.007872737618916452,55.798030204050974,30.13858326066034
2015,vw_nz,JP3762600009,NOMURA HDG.,JP,0.0077601808711530865,0.1952499129959871,0.15138714054663582
2015,vw_nz,JP3371200001,SHIN-ETSU CHEMICAL,JP,0.007636700342381303,134.30238220120114,48.46093638403318
2015,vw_nz,JP3160400002,EISAI,JP,0.007202248737360742,7.816687948541821,2.4255585171891476
2015,vw_nz,JP3814000000,FUJIFILM HOLDINGS,JP,0.00680213084201682,35.160859219815734,43.23763797743535
2015,vw_nz,AU000000MQG1,MACQUARIE GROUP,AU,0.006759959065580275,0.0,0.0
2015,vw_nz,JP3304200003,KOMATSU,JP,0.006715236021278922,6.147931660552825,5.383672639857448
2015,vw_nz,JP3519400000,CHUGAI PHARM.,JP,0.006652405918484775,13.76806803039396,3.2088043127809285
2015,vw_nz,HK0388045442,HONG KONG EXCHANGES AND CLEARING,HK,0.006495157847866238,0.04410023644511386,0.0019267665670429542
2015,vw_nz,JP3787000003,HITACHI CON.MCH.,JP,0.006460242626912721,5.965680518793765,10.581197163034735
2015,vw_nz,JP3837800006,HOYA,JP,0.006293134385266947,6.718823825390105,1.615508503934313
2015,vw_nz,JP3830000000,BROTHER INDUSTRIES,JP,0.0057932568679853426,5.020515799959035,6.208488955738453
2015,vw_nz,JP3165600002,NTN,JP,0.00575047914591254,17.651333702687435,45.55644445225892
2015,vw_nz,JP3910660004,TOKIO MARINE HOLDINGS,JP,0.005538923677740411,0.41757191028956037,0.5552323252291129
2015,vw_nz,JP3686800008,NIPPON SHEET GLASS,JP,0.005495038292334401,584.9099644318137,3905.9054770874545
2015,vw_nz,AU000000CWY3,CLEANAWAY WASTE MANAGEMENT,AU,0.005425795522446126,516.8537664536304,555.5705657978385
2015,vw_nz,JP3582600007,TOKYO TATEMONO,JP,0.005319054286894516,1.6042018910092473,1.1059351512092648
2015,vw_nz,JP3266400005,KUBOTA,JP,0.005198865698333957,27.156409698204758,19.55003678422899
2015,vw_nz,JP3358800005,SHIMIZU,JP,0.005122579224014202,16.561617702938467,40.859677413403105
2015,vw_nz,JP3256000005,KYOWA KIRIN,JP,0.005005313457951157,22.75460641346104,9.734895385906924
2015,vw_nz,JP3769000005,HACHIJUNI NAGANO BANK,JP,0.0049970033021547264,1.876408316441495,0.7590053879278321
2015,vw_nz,JP3868400007,MAZDA MOTOR,JP,0.004985412831961328,5.9913066737304375,12.16912906230594
2015,vw_nz,AU0000224040,WOODSIDE ENERGY GROUP,AU,0.004826350093207321,1541.7130450656605,446.79734018058247
2015,vw_nz,JP3134800006,IHI,JP,0.0046557486126999744,6.338073021723915,9.510811436291648
2015,vw_nz,BMG8063F1068,SHANGRI-LA ASIA,HK,0.004609052473436215,71.87319208004416,32.107447105501365
2015,vw_nz,JP3270000007,KURITA WATER IND.,JP,0.004584598785802665,7.633748703206792,4.424433418264718
2015,vw_nz,JP3126400005,ALPS ALPINE,JP,0.004450676196095094,1.4543596490047077,2.341363223515812
2015,vw_nz,HK0019000162,SWIRE PACIFIC 'A',HK,0.0043031830661438165,2243.7011000585717,1453.4181133256486
2015,vw_nz,SGXE21576413,GENTING SINGAPORE,SG,0.004271026145515647,1.5060120093835405,0.3362244419359361
2015,vw_nz,IE00BKVD2N49,SEAGATE TECHNOLOGY HOLDINGS,SG,0.004246300805197982,21.312870031012125,15.933613413054005
2015,vw_nz,NZFBUE0001S0,FLETCHER BUILDING,NZ,0.004197206901005371,137.3445123545715,199.78896096248877
2015,vw_nz,JP3228600007,KANSAI ELECTRIC PWR.,JP,0.004029275094444919,1576.5291064832456,5366.339865060795
2015,vw_nz,HK0004000045,WHARF HOLDINGS,HK,0.004009890400545939,5.169995889212864,1.0358009127919172
2015,vw_nz,JP3027670003,NIPPON BUILDING FUND,JP,0.00394924415763604,22.811963958279932,1.9777073466044657
2015,vw_nz,HK2388011192,BOC HONG KONG HOLDINGS,HK,0.003847934556704574,0.02370480139905738,0.007480068955549958
2015,vw_nz,JP3657400002,NIKON,JP,0.0037020971680839405,3.3547885601615306,4.873092652297669
2015,vw_nz,BMG988031446,YUE YUEN INDL.HDG.,HK,0.0035953175827145413,15.319554300771504,19.841878967769873
2015,vw_nz,SG1R50925390,SEMBCORP INDUSTRIES,SG,0.0035825468904251275,855.8868830125432,1199.176218076278
2015,vw_nz,JP3672400003,NISSAN MOTOR,JP,0.0035534045814092376,8.945348038343534,22.03631325716037
2015,vw_nz,JP3973400009,RICOH,JP,0.003210841523167784,9.460616290679473,25.450731040611494
2015,vw_nz,JP3688370000,NIPPON EXPRESS HOLDINGS,JP,0.0032063886941544966,46.54566339657802,120.52585575279252
2015,vw_nz,AU000000TLS2,TELSTRA GROUP,AU,0.0031124258556600717,2.6168560087599233,0.8330441875612532
2015,vw_nz,JP3320800000,SAPPORO HOLDINGS,JP,0.0030075950147873285,27.00224081290444,72.85578711751108
2015,vw_nz,JP3401400001,SUMITOMO CHEMICAL,JP,0.002998033630449181,119.37128144549034,334.4039454934093
2015,vw_nz,JP3119600009,AJINOMOTO,JP,0.0029890685430389824,139.66832158244264,99.29023503525019
2015,vw_nz,JP3429800000,ANA HOLDINGS,JP,0.0029742065013619134,713.3827928632372,1061.5333745094738
2015,vw_nz,AU000000CSR5,CSR DEAD - DEAD.10/07/24,AU,0.0029330237145713087,240.03830659738375,219.61009460572626
2015,vw_nz,JP3197800000,OMRON,JP,0.002855208298038311,8.797717391518088,7.226660974807755
2015,vw_nz,JP3359600008,SHARP,JP,0.0027330593972957973,7.830089838187298,56.74610130516033
2015,vw_nz,JP3405400007,SUMITOMO HEAVY INDS.,JP,0.0027286476218524635,2.8154457492114973,4.5541540802914655
2015,vw_nz,JP3407400005,SUMITOMO ELECTRIC IND.,JP,0.002666729068047276,8.258393620366034,18.654131665775353
2015,vw_nz,BMG524401079,KERRY PROPERTIES,HK,0.0025969345457916427,3.895159047481074,1.4401695283039155
2015,vw_nz,JP3194000000,OKI ELECTRIC IND.,JP,0.002578509833357,2.6944113194015804,6.836983522869709
2015,vw_nz,JP3463000004,TAKEDA PHARMACEUTICAL,JP,0.002542001309513924,11.557895089141251,4.336303156450887
2015,vw_nz,AU0000088338,AMPOL,AU,0.002507371655170415,49.542162351562375,132.56335156020518
2015,vw_nz,AU000000TCL6,TRANSURBAN GROUP STAPLED UNITS,AU,0.002445165554134426,1.6121381396721985,0.14022513925135355
2015,vw_nz,JP3397200001,SUZUKI MOTOR,JP,0.002250837053027362,24.57907648762812,35.36703119035322
2015,vw_nz,AU000000ASX7,ASX,AU,0.0022487030415038324,0.04458116000178324,0.004959112968593425
2015,vw_nz,HK0000608585,NEW WORLD DEVELOPMENT COMPANY,HK,0.0022306285150143967,53.550432696484854,36.456550309625094
2015,vw_nz,JP3684000007,NITTO DENKO,JP,0.002229125403052786,63.70823411513216,39.803434016785104
2015,vw_nz,JP3967200001,RAKUTEN GROUP,JP,0.00220864228078071,0.03408695543150168,0.009162017644782257
2015,vw_nz,AU000000ORG5,ORIGIN ENERGY (EX BORAL),AU,0.0021976206598915598,1520.4375639207483,1769.8392938217776
2015,vw_nz,JP3443600006,TAISEI,JP,0.0021597151138592324,8.961905613354627,18.752362948960304
2015,vw_nz,JP3481800005,DAIKIN INDUSTRIES,JP,0.0021329458629053737,58.39720229336156,45.62192482513652
2015,vw_nz,JP3112000009,AGC,JP,0.0020219713443742847,428.75388813680604,779.4256913252924
2015,vw_nz,JP3385820000,GS YUASA,JP,0.0020158586437925407,6.874026657703635,11.57556270096463
2015,vw_nz,JP3505000004,DAIWA HOUSE INDUSTRY,JP,0.0020015340481076005,11.555856963795586,22.45023871814053
2015,vw_nz,JP3743000006,NH FOODS,JP,0.001998895895176269,32.622474546363364,67.03021811067659
2015,vw_nz,JP3819400007,FUJI MEDIA HOLDINGS,JP,0.0019897885281604383,0.0,0.0
2015,vw_nz,JP3164800009,NOK,JP,0.0019346203856723475,7.80019433698872,8.91173249441932
2015,vw_nz,JP3888400003,MITSUI KINZOKU LIMITED,JP,0.0019334055012216788,163.74483114003925,534.411619079056
2015,vw_nz,HK0293001514,CATHAY PACIFIC AIRWAYS,HK,0.0019114979996318322,1270.478684378346,1903.8369840805278
2015,vw_nz,AU000000PPT9,PERPETUAL,AU,0.001871553746692182,0.37276501664588607,0.08268940149981466
2015,vw_nz,JP3456000003,TAKASHIMAYA,JP,0.0018622579221147329,1.9998204085371296,4.88768849593138
2015,vw_nz,JP3486800000,DAITO TST.CONSTRUCTION,JP,0.001855847046651333,3.4529899158855097,4.495083323997631
2015,vw_nz,JP3300600008,KONICA MINOLTA,JP,0.0018518803893979837,20.207403341892526,33.20889884192622
2015,vw_nz,JP3242800005,CANON,JP,0.0018334606136027548,5.347416598214508,4.025202569703491
2015,vw_nz,JP3351600006,SHISEIDO,JP,0.0017886256368559203,7.387392239306639,7.834047240239872
2015,vw_nz,JP3539220008,T & D HOLDINGS,JP,0.0017360765650069024,0.12190591995930265,0.3100754806301449
2015,vw_nz,JP3420600003,SEKISUI HOUSE,JP,0.0017316593191120818,4.904431030825575,8.897519482787192
2015,vw_nz,AU000000GPT8,GPT GROUP STAPLED UNITS,AU,0.0015963403159576495,26.265842764019762,2.1047955124678266
2015,vw_nz,JP3786200000,HITACHI METALS DEAD - DELIST.29/12/22,JP,0.001543011375295735,42.80170563559914,49.577871647762116
2015,vw_nz,AU000000IAG3,INSURANCE AUS.GROUP,AU,0.0015392363351204139,0.9844561799050947,0.8975414139156175
2015,vw_nz,JP3955000009,YOKOGAWA ELECTRIC,JP,0.001528805707866287,4.627077297025954,5.553226346292741
2015,vw_nz,JP3551200003,ELEC.POWER DEV.,JP,0.0015216856289300448,8674.102008337657,8179.98693379791
2015,vw_nz,SG9999000020,FLEX,SG,0.001514923565136606,1.4416181216907014,5.690254125582433
2015,vw_nz,JP3388200002,AEON,JP,0.0014462417867123448,4.392628654110527,27.73383215220459
2015,vw_nz,JP3753000003,NIPPON YUSEN KK,JP,0.001429386537619316,1007.5987240556141,4027.969949453419
2015,vw_nz,JP3495000006,SUMITOMO PHARMA,JP,0.0014272309448582045,25.257497658275717,19.698317928698547
2015,vw_nz,SG1U68934629,KEPPEL,SG,0.0014121723401544278,69.90739148721177,58.57843743206551
2015,vw_nz,AU000000AMP6,AMP,AU,0.001304312117860738,0.010862579493541663,0.010948140582891947
2015,vw_nz,JP3027680002,JAPAN REAL ESTATE INV.,JP,0.001283737177169605,13.278871403818808,1.0115604561062648
2015,vw_nz,AU000000QAN2,QANTAS AIRWAYS,AU,0.0012684570950949618,964.6904093749979,2715.86660140256
2015,vw_nz,JP3549600009,DENKA,JP,0.0012305069448120026,564.9564456934095,1013.1723320978018
2015,vw_nz,JP3621000003,TORAY INDS.,JP,0.001193883817207679,188.19347925227166,224.00070141102404
2015,vw_nz,BMG677491539,ORIENT OVERSEAS (INTL.),HK,0.0011718635686019942,823.9672070485041,1305.7957847071743
2015,vw_nz,AU000000DOW2,DOWNER EDI,AU,0.001160044361460047,40.398164638894976,156.86620344359181
2015,vw_nz,JP3419400001,SEKISUI CHEMICAL,JP,0.0011550683025424505,16.260592932001302,26.2107277495216
2015,vw_nz,JP3116000005,ASAHI GROUP HOLDINGS,JP,0.0011517593415826105,23.704105533425125,22.606087974431034
2015,vw_nz,JP3180400008,OSAKA GAS,JP,0.0011422108007714548,299.4948501292371,468.53878148651893
2015,vw_nz,JP3502200003,DAIWA SECURITIES GROUP,JP,0.0011361285925179298,0.15361778195148193,0.0659971647427421
2015,vw_nz,SG1J26887955,SINGAPORE EXCHANGE,SG,0.0011239569278967182,0.08949208909178039,0.007432020982273431
2015,vw_nz,JP3111200006,ASAHI KASEI,JP,0.001102621746798967,290.7275042936948,343.120688340426
2015,vw_nz,JP3734800000,NIDEC,JP,0.0010990305584870385,2.0733482460949513,0.8676254212349899
2015,vw_nz,JP3940000007,YAMATO HDG.,JP,0.0010351752919197225,38.44491816940409,45.26434177938278
2015,vw_nz,JP3982100004,LAWSON DEAD - DELIST.24/07/24,JP,0.0010327393409985605,1.4974399913197576,0.9237651455838726
2015,vw_nz,AU000000MAH3,MACMAHON HOLDINGS,AU,0.0010279157386798316,119.15257090719422,1385.3329255505068
2015,vw_nz,SG1R89002252,CITY DEVELOPMENTS,SG,0.0010217784876956433,22.3611453691666,9.146367431935701
2015,vw_nz,HK0012000102,HENDERSON LD.DEV.,HK,0.0010189872910933862,0.2806545421250525,0.03869285828626312
2015,vw_nz,AU000000WOW2,WOOLWORTHS GROUP,AU,0.0010090719901277166,10.920430205552398,16.542501263579148
2015,vw_nz,JP3544000007,TEIJIN,JP,0.001006388908076208,134.49694109123647,304.45313451416047
2015,vw_nz,JP3778630008,BANDAI NAMCO HDG.,JP,0.0009974802124570793,0.0,0.0
2015,vw_nz,HK0003000038,HONG KONG AND CHINA GAS,HK,0.000990584863280603,220.22477641544694,37.16708965960244
2015,vw_nz,AU000000SUN6,SUNCORP GROUP,AU,0.0009820652959565057,0.45708986019498593,0.39880640728323064
2015,vw_nz,JP3347200002,SHIONOGI,JP,0.0009752354947147039,18.49166719139367,4.033304203286961
2015,vw_nz,JP3738600000,NITERRA,JP,0.0009405584215572114,24.736436507128815,11.337473183632829
2015,vw_nz,JP3596200000,TOTO,JP,0.0009381490575003521,36.44212351450396,40.75436083577423
2015,vw_nz,BMG684371393,PACIFIC BASIN SHIP.,HK,0.0009052119805274193,606.7541098428547,1480.4405836597969
2015,vw_nz,JP3209000003,CASIO COMPUTER,JP,0.0008975168733045691,2.0070574379321346,1.3520695327120447
2015,vw_nz,AU000000WOR2,WORLEY,AU,0.0008795725709955168,5.468453845546619,21.428024920756368
2015,vw_nz,AU000000ERA9,ENERGY RES.OF AUS.,AU,0.0008688013592649795,362.3493314405936,216.31830964505588
2015,vw_nz,HK0011000095,HANG SENG BANK DEAD - DELIST.28/01/26,HK,0.0008161358148463805,0.0,0.0
2015,vw_nz,JP3942800008,YAMAHA MOTOR,JP,0.0007909452870595193,11.485455597575536,19.607662516597426
2015,vw_nz,JP3493400000,DIC,JP,0.000788317123814455,46.965466327896834,140.2200731327735
2015,vw_nz,JP3845400005,HOKURIKU ELEC.POWER,JP,0.0007822144739593886,4118.868956805252,6197.37916449156
2015,vw_nz,NZCENE0001S6,CONTACT ENERGY,NZ,0.0007630883465667688,806.8011659819796,392.1592738446695
2015,vw_nz,JP3246400000,KYUSHU ELEC.POWER,JP,0.0007598596692308899,69.43080374613271,250.24569577403267
2015,vw_nz,JP3914400001,MURATA MANUFACTURING,JP,0.0007398249410336805,14.689548061989411,4.879998754042871
2015,vw_nz,JP3118000003,ASICS,JP,0.0007339631175273015,1.4069221863232955,1.1609316968787662
2015,vw_nz,JP3357200009,SHIMADZU,JP,0.0007146013189302476,1.5066475171767235,1.308194201429202
2015,vw_nz,AU000000MGR9,MIRVAC GROUP STAPLED UNITS,AU,0.000697403098849057,6.647640683803526,1.7457846034077038
2015,vw_nz,AU000000CIM7,CIMIC GROUP DEAD - DELIST.11/05/22,AU,0.0006706299871784934,5.8795248804340146,14.162821587087851
2015,vw_nz,JP3229400001,KANSAI PAINT,JP,0.0006440540980345885,16.47731571055056,10.081880936579262
2015,vw_nz,JP3224200000,KAWASAKI HEAVY INDUSTRY,JP,0.0006329150979630114,10.964160492159657,17.100016916650308
2015,vw_nz,BMG668971101,CTF SERVICES,HK,0.0006106245760053417,126.92062812338646,54.11412071228698
2015,vw_nz,JP3783600004,EAST JAPAN RAILWAY,JP,0.0006066349463293902,46.27406379856592,34.33609569342699
2015,vw_nz,JP3200450009,ORIX,JP,0.0005875182450622565,14.203561166518288,15.558378994666862
2015,vw_nz,JP3592200004,TOSHIBA DEAD - DELIST.20/12/23,JP,0.0005517416532155176,13.330240954413972,44.326162542264996
2015,vw_nz,BMG2442N1048,COSCO SHIPPING PORTS,HK,0.000546982539060505,69.71261284136776,14.335499113998818
2015,vw_nz,AU000000SGP0,STOCKLAND STAPLED UNITS,AU,0.0005324743424338322,16.457602438642294,3.248254435974633
2015,vw_nz,JP3402600005,SUMITOMO METAL MINING,JP,0.0005311873935912937,303.6391609550794,275.5094560048055
2015,vw_nz,JP3197600004,ONO PHARM.,JP,0.0005306950977092696,18.294235376835957,1.7204648902272044
2015,vw_nz,JP3528600004,CHIYODA CORPORATION,JP,0.0005289183445005153,0.8251627265769708,1.6241333457637597
2015,vw_nz,AU000000BSL0,BLUESCOPE STEEL,AU,0.0004953966671028762,1205.354614247168,3515.7850194246
2015,vw_nz,AU000000LLC3,LENDLEASE GROUP STAPLED UNITS,AU,0.00047405345901332675,8.336655962283723,11.575456450802712
2015,vw_nz,JP3762800005,NOMURA RESEARCH INST.,JP,0.0004640386665052544,0.28792870424596945,0.13045208168909356
2015,vw_nz,JP3665200006,NICHIREI,JP,0.00044464447931211236,9.073777459307186,26.89957241316473
2015,vw_nz,SG1V61937297,SINGAPORE AIRLINES,SG,0.00042135952004580406,1216.5684301817355,1231.370065630817
2015,vw_nz,HK0010000088,HANG LUNG GROUP,HK,0.0003871120059339245,0.42617961766500734,0.1519555282744286
2015,vw_nz,JP3870000001,MABUCHI MOTOR,JP,0.0003784908042377649,25.69610769132137,8.633172161925827
2015,vw_nz,JP3293200006,COCA-COLA BOTTLERS JAPAN HOLDINGS,JP,0.0003635396068367959,27.341059387653324,61.67735582107041
2015,vw_nz,JP3148800000,IBIDEN,JP,0.00036045064590307024,46.2810386211535,54.26909593813323
2015,vw_nz,AU000000IGO4,IGO,AU,0.00033805609726920126,93.85823193820367,40.67765086867096
2015,vw_nz,JP3350800003,SHIKOKU ELECTRIC POWER,JP,0.00032979200518706234,1659.1999716678765,3276.8654002182243
2015,vw_nz,JP3659000008,WEST JAPAN RAILWAY,JP,0.0003046304246538582,8.738246948626012,9.477927328939998
2015,vw_nz,AU000000CQR9,CHARTER HALL RETAIL REIT,AU,0.00030254018542372847,0.547348899506742,0.0662530398453576
2015,vw_nz,JP3421100003,JAPAN PETROLEUM EXP.,JP,0.00029639814809084017,68.69270583424553,108.7558627921423
2015,vw_nz,SG1F60858221,SINGAPORE TECHS.ENGR.,SG,0.00028655013854315183,5.923283527989752,3.660491138988324
2015,vw_nz,AU000000MTS0,METCASH,AU,0.00027624959231414115,1.9086945230719994,19.486617320359716
2015,vw_nz,AU000000SBM8,ST BARBARA,AU,0.0002691291589597947,224.72396857113463,974.5215451450041
2015,vw_nz,JP3289800009,KOBE STEEL,JP,0.0002663981150788475,1016.805619042003,2549.921507064364
2015,vw_nz,JP3122400009,ADVANTEST,JP,0.00025946624455850027,2.886740596951817,1.5195169918824207
2015,vw_nz,JP3362700001,MITSUI OSK LINES,JP,0.0002524873480670277,1225.5596084544645,4479.880682643947
2015,vw_nz,HK0006000050,POWER ASSETS HOLDINGS,HK,0.0002503559390646145,32598.88814506505,398.1548013425282
2015,vw_nz,JP3260800002,KINTETSU GROUP HDG.,JP,0.00022032036749521214,3.439972835742871,5.399900594515589
2015,vw_nz,SG1T75931496,SINGAPORE TELECOM,SG,0.00021758086954650288,0.6864032967693767,0.177772529340388
2015,vw_nz,JP3891600003,MITSUI E&S,JP,0.0002116062658004326,18.899761791130377,93.1929592474185
2015,vw_nz,NZSKCE0001S2,SKY CITY ENTM.GP.,NZ,0.00020087985022089008,8.272545348912272,3.0866502077437223
2015,vw_nz,JP3223800008,KAWASAKI KISEN KAISHA,JP,0.0001898644549087808,1096.257128737617,4495.073531284915
2015,vw_nz,JP3535800001,TSUMURA,JP,0.0001759127354817583,35.21090540880162,20.34344931465582
2015,vw_nz,JP3605400005,TOHOKU ELECTRIC PWR.,JP,0.00017547970687206005,2199.300831862956,6399.597896399559
2015,vw_nz,AU000000CGF5,CHALLENGER,AU,0.0001586728663704384,0.0,0.0
2015,vw_nz,AU000000OZL8,OZ MINERALS DEAD - DELIST.03/05/23,AU,0.00015659502387803878,277.4567363553121,198.37156846564338
2015,vw_nz,JP3850200001,HOKKAIDO ELEC.POWER,JP,0.0001423799676624067,2621.0483741591747,9166.78317639979
2015,vw_nz,AU000000BLD2,BORAL DEAD - DELIST.08/07/24,AU,0.0001367757799554807,553.5196721364824,544.9043723406423
2015,vw_nz,JP3375800004,SHINKO ELEC.INDS. DEAD - DELIST.06/06/25,JP,9.483827981696067e-05,32.6475600466828,39.54865835319632
2015,vw_nz,JP3493800001,DAI NIPPON PRINTING,JP,7.691059852615081e-05,26.175970059363674,51.657020127444866
2015,vw_nz,AU000000APA1,APA GROUP,AU,7.189897714882658e-05,322.7320048411364,48.34875050632807
2015,vw_nz,JP3210200006,KAJIMA,JP,6.535969571025574e-05,14.457149964229183,48.550158977971556
2015,vw_nz,JP3475350009,DAIICHI SANKYO,JP,6.466508227300967e-05,15.600080190150832,11.718317954380238
2015,vw_nz,JP3619800000,TOYOBO,JP,5.897080986394195e-05,234.9580149944292,580.0069566945763
2015,vw_nz,JP3820000002,FUJI ELECTRIC,JP,5.817703637999687e-05,30.789141789320073,66.18490363687978
2015,vw_nz,JP3190000004,OBAYASHI,JP,5.804622708738627e-05,10.692467669363158,34.93532037550541
2015,vw_nz,JP3452000007,TAIYO YUDEN,JP,5.6049293720350394e-05,18.298429672837255,22.355363175675677
2015,vw_nz,JP3900000005,MITSUBISHI HEAVY INDS.,JP,5.142529279890019e-05,4.702591124599475,7.988085495760557
2015,vw_nz,AU000000QBE9,QBE INSURANCE GROUP,AU,4.75632285046343e-05,0.8581669429525912,1.1075304928153424
2015,vw_nz,JP3877600001,MARUBENI,JP,3.841945764048881e-05,0.002018878095385021,0.013859629670695199
2015,vw_nz,JP3894900004,ISETAN MITSUKOSHI HDG.,JP,3.6385152476616e-05,2.476613854615628,4.855150737948147
2015,vw_nz,JP3733000008,NEC,JP,3.404821864390803e-05,2.2964050807883227,8.034008790313756
2015,vw_nz,AU000000SGM7,SIMS,AU,3.27145925026057e-05,19.390577122757044,60.030125465718015
2015,vw_nz,JP3522200009,CHUGOKU ELEC.POWER,JP,2.7279060243286977e-05,3721.0733434700187,7972.264981238875
2015,vw_nz,JP3166000004,EBARA,JP,2.649538210173492e-05,2.621966975103624,5.83608263401457
2015,vw_nz,JP3982800009,ROHM,JP,1.7515385687015275e-05,17.41096500058279,7.20129946613417
2015,vw_nz,JP3818000006,FUJITSU,JP,1.709658198007975e-05,4.8382178539964364,16.26977769041834
2015,vw_nz,JP3201200007,OLYMPUS,JP,1.5471008452254994e-05,2.124715463636284,1.137826728331408
2015,vw_nz,JP3626800001,LIXIL,JP,1.4959917293526995e-05,22.994997719604836,52.37938499322708
2015,vw_nz,JP3890310000,MS&AD INSURANCE GP.HDG.,JP,1.1223569411162795e-05,0.5748516329770794,1.4900311257861676
2015,vw_nz,JP3269600007,KURARAY,JP,8.219850201681501e-06,250.74823658577097,241.1114559802013
2015,vw_nz,JP3634600005,TOYOTA INDS.,JP,7.784663233946701e-06,10.727587818214449,11.170524946713845
2015,vw_nz,JP3585800000,TOKYO ELECTRIC POWER CO. HDG.,JP,5.752367242878086e-06,1685.4798628865108,14717.901439218125
2015,vw_nz,AU0000038911,OVATO DEAD - DELIST.29/08/22,AU,4.5988063479092934e-06,36.947432670693445,235.094978371262
2015,vw_nz,JP3792600003,HINO MOTORS,JP,4.581288294666906e-06,12.029303383041087,20.959504031946697
2015,vw_nz,AU000000ORI1,ORICA,AU,3.749043009780046e-06,338.70717353567954,333.28210663916474
2015,vw_nz,AU000000GWA4,GWA GROUP,AU,2.036772216735135e-06,31.1403617905397,15.585790342165074
2015,vw_nz,JP3215800008,KANEKA,JP,1.0556888943861054e-06,242.97445257427685,529.6066445802809
2016,vw_nz,AU000000BWP3,BWP GROUP STAPLED UNITS,AU,0.0451188884471157,0.0,0.0
2016,vw_nz,JP3633400001,TOYOTA MOTOR,JP,0.03888899727336367,10.487988763547921,12.281646263432435
2016,vw_nz,JP3898400001,MITSUBISHI,JP,0.02911570013308392,28.64620239536721,68.89836113764973
2016,vw_nz,AU000000WBC1,WESTPAC BANKING,AU,0.028546408528780712,0.3987546871724223,0.15583453802611177
2016,vw_nz,JP3496400007,KDDI,JP,0.02355342001539024,0.14636854410709532,0.07451533657813415
2016,vw_nz,JP3551500006,DENSO,JP,0.022820541669904007,16.232596394745663,16.19972078055035
2016,vw_nz,AU000000CBA7,COMMONWEALTH BK.OF AUS.,AU,0.021534925127972376,0.3110532211271961,0.0965151872711984
2016,vw_nz,JP3726800000,JAPAN TOBACCO,JP,0.019995309670066,21.458057957146977,5.071600400277954
2016,vw_nz,JP3160400002,EISAI,JP,0.018119614535868234,6.30493036298039,1.549042762718654
2016,vw_nz,HK0823032773,LINK REAL ESTATE INVESTMENT TRUST,HK,0.016999868989082602,0.0,0.0
2016,vw_nz,JP3711200000,AOZORA BANK,JP,0.01527962589760577,0.37792083417435035,0.09343313691139778
2016,vw_nz,JP3890350006,SUMITOMO MITSUI FINL.GP.,JP,0.014435045679317257,0.4126788098762171,0.39011596343329247
2016,vw_nz,JP3814800003,SUBARU,JP,0.013936788092679137,6.9496122636648705,5.988083393827919
2016,vw_nz,JP3802300008,FAST RETAILING,JP,0.013664253650855303,0.8010294282322592,0.3493017466000617
2016,vw_nz,JP3942400007,ASTELLAS PHARMA,JP,0.013038469879933555,8.708666546660947,3.0665879212550036
2016,vw_nz,JP3667600005,JGC HOLDINGS,JP,0.013031958685744773,17.009556181807845,30.818900971796225
2016,vw_nz,JP3735400008,NTT,JP,0.012971680572480233,2.076606432957789,2.127748278522034
2016,vw_nz,JP3902400005,MITSUBISHI ELECTRIC,JP,0.012284649529649,10.04072654371625,17.613285558486343
2016,vw_nz,JP3566800003,CENTRAL JAPAN RAILWAY,JP,0.01211399184446169,5.069632443314217,1.8856037767868743
2016,vw_nz,KYG217651051,CK HUTCHISON HOLDINGS,HK,0.011635939303522469,210.9938647899574,93.8841375663751
2016,vw_nz,AU000000WES1,WESFARMERS,AU,0.011541750441867227,55.67027218595224,73.81658919956149
2016,vw_nz,JP3765400001,HOUSE SHOKUHIN GP.HONSHA K K,JP,0.011003533730831985,28.50481446843263,25.767794543514707
2016,vw_nz,JP3830800003,BRIDGESTONE,JP,0.01066694929575779,57.99778510646702,62.03644471443043
2016,vw_nz,JP3165600002,NTN,JP,0.010644143313636441,16.109538835196684,53.57691735660106
2016,vw_nz,JP3783600004,EAST JAPAN RAILWAY,JP,0.010596964232447423,44.880167834891786,28.228178486239962
2016,vw_nz,JP3788600009,HITACHI,JP,0.010406668156819218,9.204985156961435,32.338579042836855
2016,vw_nz,HK0066009694,MTR,HK,0.010163430794787733,10.069466561290337,2.0245232190921927
2016,vw_nz,HK0291001490,CHINA RESOURCES BEER HOLDINGS,HK,0.009994503121363905,106.25763517033771,120.68825334878143
2016,vw_nz,JP3845400005,HOKURIKU ELEC.POWER,JP,0.00903082538748546,4111.4267694286555,6033.339740227586
2016,vw_nz,JP3659000008,WEST JAPAN RAILWAY,JP,0.009012069226172346,8.413424931973253,8.037280120109115
2016,vw_nz,JP3819400007,FUJI MEDIA HOLDINGS,JP,0.008983441933264278,0.0,0.0
2016,vw_nz,HK2388011192,BOC HONG KONG HOLDINGS,HK,0.008955055059643667,0.023659578131785045,0.010348838034707089
2016,vw_nz,JP3629000005,TOPPAN HOLDINGS,JP,0.008721118456102574,20.38943708665513,41.241415297057465
2016,vw_nz,JP3762600009,NOMURA HDG.,JP,0.008710069002507684,0.19148129972029845,0.14014833423895787
2016,vw_nz,AU000000CSL8,CSL,AU,0.008519921856867453,9.889916795626243,1.5794521497266907
2016,vw_nz,JP3814000000,FUJIFILM HOLDINGS,JP,0.008152699217463137,35.51208238908525,36.62462389717123
2016,vw_nz,JP3910660004,TOKIO MARINE HOLDINGS,JP,0.008005779065960563,0.41088805537102596,0.5370835079734669
2016,vw_nz,JP3684000007,NITTO DENKO,JP,0.007544084664100316,57.889023687558094,40.76173194047866
2016,vw_nz,JP3435000009,SONY GROUP,JP,0.007363768148685429,4.388864820461668,10.612877535937313
2016,vw_nz,JP3866800000,PANASONIC HOLDINGS,JP,0.0071959637073343964,6.744428674506297,18.7125748502994
2016,vw_nz,JP3769000005,HACHIJUNI NAGANO BANK,JP,0.0070840876836624185,1.924168869043549,1.0102034844021304
2016,vw_nz,JP3358800005,SHIMIZU,JP,0.007053032321408875,15.945558278147269,34.81858588653697
2016,vw_nz,JP3505000004,DAIWA HOUSE INDUSTRY,JP,0.006881200044961096,11.09528737536854,14.321841388255082
2016,vw_nz,JP3854600008,HONDA MOTOR,JP,0.00657060882838875,10.913508933802579,25.66147847726746
2016,vw_nz,JP3481800005,DAIKIN INDUSTRIES,JP,0.006549688802095021,55.395064923916166,47.58644157321632
2016,vw_nz,JP3546800008,TERUMO,JP,0.006522769949407487,13.198220589850381,4.630593762596745
2016,vw_nz,AU000000TAH8,TABCORP HOLDINGS,AU,0.006361905719646315,1.289700845477799,0.7242688655928349
2016,vw_nz,AU000000MQG1,MACQUARIE GROUP,AU,0.005993890321335271,0.0,0.0
2016,vw_nz,JP3205800000,KAO,JP,0.005976505976775045,53.027572049681524,24.037909524123467
2016,vw_nz,HK0000608585,NEW WORLD DEVELOPMENT COMPANY,HK,0.005973281418869455,0.007157025003004067,0.007816035213295488
2016,vw_nz,AU000000ASX7,ASX,AU,0.005877621461721662,0.017458433058019134,0.001961364681884479
2016,vw_nz,AU000000ANZ3,ANZ GROUP HOLDINGS,AU,0.0058401320175297386,0.7501952205297624,0.4209468174491444
2016,vw_nz,JP3350800003,SHIKOKU ELECTRIC POWER,JP,0.005617455669992086,1698.6682223591147,2775.22731984717
2016,vw_nz,JP3837800006,HOYA,JP,0.005597907097440636,5.4888357701121535,1.45969884410809
2016,vw_nz,JP3942800008,YAMAHA MOTOR,JP,0.005474384974279782,10.964359819139915,20.9167044200582
2016,vw_nz,KYG2108Y1052,CHINA RESOURCES LAND,HK,0.005377304638584069,39.52200578206175,31.903439602315366
2016,vw_nz,JP3890310000,MS&AD INSURANCE GP.HDG.,JP,0.005373564454282637,0.644757259848158,1.4479027120531969
2016,vw_nz,JP3243600008,CANON MARKETING JAPAN,JP,0.00531300448125547,1.552327336858569,3.0102411008551697
2016,vw_nz,JP3902900004,MITSUBISHI UFJ FINL.GP.,JP,0.005035008941298789,0.24906919062634778,0.16645871555325145
2016,vw_nz,BMG988031446,YUE YUEN INDL.HDG.,HK,0.004949195820688917,25.684162473532567,38.57901809599304
2016,vw_nz,AU000000BHP4,BHP GROUP,AU,0.004923045458742314,382.77671445266975,334.5637185484198
2016,vw_nz,JP3592200004,TOSHIBA DEAD - DELIST.20/12/23,JP,0.004920115370365972,15.329235645703742,114.8164212997219
2016,vw_nz,JP3352400000,CITIZEN WATCH,JP,0.004689607235886734,7.233734559537326,10.415781726941352
2016,vw_nz,HK0388045442,HONG KONG EXCHANGES AND CLEARING,HK,0.004675067186362339,0.024159303906877327,0.0014535556457440082
2016,vw_nz,JP3626800001,LIXIL,JP,0.0046429734705018995,36.27882871210158,79.90002253590379
2016,vw_nz,AU000000NAB4,NATIONAL AUS.BANK,AU,0.004620979804991563,0.6078786002944272,0.35405116196342407
2016,vw_nz,JP3940000007,YAMATO HDG.,JP,0.004579129623313467,39.00664552302078,49.106645051165266
2016,vw_nz,JP3951600000,UNI CHARM,JP,0.004553916740526066,5.099598117286849,2.4929412026853672
2016,vw_nz,JP3738600000,NITERRA,JP,0.004140377032796849,22.985314425028044,13.368097670999246
2016,vw_nz,JP3977400005,RINNAI,JP,0.004031143818057461,13.656520785430182,7.408748114630468
2016,vw_nz,JP3502200003,DAIWA SECURITIES GROUP,JP,0.004007565154167166,0.1786215429583046,0.09165545879806364
2016,vw_nz,HK0242001243,SHUN TAK HOLDINGS,HK,0.004006440308345747,797.2299384489706,456.26404096419685
2016,vw_nz,JP3835620000,BENESSE HOLDINGS DEAD - DELIST.17/05/24,JP,0.003977409105518237,0.04356812158195311,0.056256836768357264
2016,vw_nz,JP3733000008,NEC,JP,0.003963152472499606,2.4613448913639546,8.674863187115328
2016,vw_nz,BMG8063F1068,SHANGRI-LA ASIA,HK,0.003958839827088007,71.86761206931648,45.87729026838032
2016,vw_nz,JP3165700000,NTT DATA GROUP DEAD - DELIST.26/09/25,JP,0.003958025323576083,0.4592914131034713,0.43757952880041384
2016,vw_nz,AU0000224040,WOODSIDE ENERGY GROUP,AU,0.003900074026763119,2121.8560643441697,643.1183971785445
2016,vw_nz,JP3830000000,BROTHER INDUSTRIES,JP,0.003879121631860855,11.991326094254468,26.430313130427155
2016,vw_nz,JP3190000004,OBAYASHI,JP,0.0037956485648099033,10.87251031310105,24.788592398872087
2016,vw_nz,JP3486800000,DAITO TST.CONSTRUCTION,JP,0.003706674558889568,3.2455467336750203,3.6833393599186315
2016,vw_nz,NZTELE0001S4,SPARK NEW ZEALAND,NZ,0.0036971383683655186,0.8285484883038371,0.4568475042038899
2016,vw_nz,JP3320800000,SAPPORO HOLDINGS,JP,0.0036541498621016077,26.913254753667257,66.65789826119952
2016,vw_nz,JP3197600004,ONO PHARM.,JP,0.0036452026965006143,18.51692250454603,1.0469648152275965
2016,vw_nz,JP3126400005,ALPS ALPINE,JP,0.003626516021419517,1.3951069169413242,2.3943279179057413
2016,vw_nz,SG9999000020,FLEX,SG,0.0035296819119665147,1.258024274351214,5.401710390923246
2016,vw_nz,JP3456000003,TAKASHIMAYA,JP,0.003511165083501061,2.017525279741009,5.134887838458312
2016,vw_nz,JP3463000004,TAKEDA PHARMACEUTICAL,JP,0.0034809815377412467,10.573479939120398,4.117743946916398
2016,vw_nz,HK0004000045,WHARF HOLDINGS,HK,0.003480835370084044,5.6613949198375595,2.129622527489464
2016,vw_nz,JP3711600001,NIPPON SANSO HOLDINGS,JP,0.003448142236418113,19.78066303558949,25.60224666312986
2016,vw_nz,AU000000TCL6,TRANSURBAN GROUP STAPLED UNITS,AU,0.0034195532944046197,1.4681598288212856,0.12995209142451294
2016,vw_nz,JP3621000003,TORAY INDS.,JP,0.003341708919679134,193.18386731811924,243.06037461500458
2016,vw_nz,HK0016000132,SUN HUNG KAI PROPERTIES,HK,0.0033355967753202504,6.959279122778249,2.0106360789120092
2016,vw_nz,HK0165000859,CHINA EVERBRIGHT,HK,0.003320497787548995,0.18916127629504811,0.02500783291318258
2016,vw_nz,JP3787000003,HITACHI CON.MCH.,JP,0.0033172841099846986,6.327945839057039,13.22082385354568
2016,vw_nz,HK0011000095,HANG SENG BANK DEAD - DELIST.28/01/26,HK,0.003314792489913803,0.010995850077243826,0.0017288864509329947
2016,vw_nz,JP3209000003,CASIO COMPUTER,JP,0.0033087642065229464,1.8565759445238272,0.9931119173067833
2016,vw_nz,JP3868400007,MAZDA MOTOR,JP,0.0032334242494208346,5.341678040063437,14.101544236216325
2016,vw_nz,JP3194000000,OKI ELECTRIC IND.,JP,0.0031501742876481917,2.5396315271704784,11.070630623377147
2016,vw_nz,AU000000DXS1,DEXUS STAPLED UNITS,AU,0.0031056810251512343,26.074777378073954,3.4795508023073713
2016,vw_nz,JP3266400005,KUBOTA,JP,0.0029369409610559114,22.67874528428822,17.203284563212453
2016,vw_nz,AU000000ERA9,ENERGY RES.OF AUS.,AU,0.0027611319313983872,463.7759092686742,891.356091450047
2016,vw_nz,AU000000QAN2,QANTAS AIRWAYS,AU,0.002700549861782117,1056.5658965301095,2086.2671284965636
2016,vw_nz,JP3672400003,NISSAN MOTOR,JP,0.0026733987701762023,9.113134283276064,20.875059125616595
2016,vw_nz,AU000000SHL7,SONIC HEALTHCARE,AU,0.002672895659554039,2.5644875657826534,1.5591881660853335
2016,vw_nz,JP3256000005,KYOWA KIRIN,JP,0.0026667483781949285,21.340611032275973,7.5049944686477374
2016,vw_nz,JP3200450009,ORIX,JP,0.0026659184580294644,11.827146687568751,12.115562881919253
2016,vw_nz,JP3118000003,ASICS,JP,0.0026536045270125924,1.3569156955434791,1.2741925282509698
2016,vw_nz,JP3371200001,SHIN-ETSU CHEMICAL,JP,0.002626967463558915,147.1405411077235,73.71652041364547
2016,vw_nz,JP3357200009,SHIMADZU,JP,0.002539534264811898,1.4152478806662987,0.832317212736118
2016,vw_nz,HK0688002218,CHINA OVERSEAS LAND INVESTMENT,HK,0.002512199256165416,0.10594916219004591,0.06797587391438321
2016,vw_nz,HK0003000038,HONG KONG AND CHINA GAS,HK,0.0025078680215960747,219.53804352117965,41.37906397977288
2016,vw_nz,JP3197800000,OMRON,JP,0.002485984628358738,10.291293950079309,13.036847056030474
2016,vw_nz,AU000000PPT9,PERPETUAL,AU,0.0024129624494918216,0.4109359988437111,0.10536642081168476
2016,vw_nz,JP3870000001,MABUCHI MOTOR,JP,0.002393487597719618,22.56014933686401,6.785391219975642
2016,vw_nz,JP3419400001,SEKISUI CHEMICAL,JP,0.0023902826480898115,15.3218880508834,22.48320694780965
2016,vw_nz,JP3638600001,DOWA HDG.,JP,0.002329051486659655,239.8235409823939,427.3858506771062
2016,vw_nz,AU000000APA1,APA GROUP,AU,0.0023209970761714958,832.5054880422489,160.5174524733405
2016,vw_nz,AU000000TLS2,TELSTRA GROUP,AU,0.0023070575196660896,2.6618656203714215,1.0472679252167794
2016,vw_nz,JP3358200008,SHIMAMURA,JP,0.0022901562075125326,0.22485717881130124,0.24402964256692017
2016,vw_nz,JP3894900004,ISETAN MITSUKOSHI HDG.,JP,0.002247410533881452,2.5310200334631388,5.384918291002165
2016,vw_nz,AU000000BEN6,BENDIGO & ADELAIDE BANK,AU,0.00223997032699132,1.6793043995803307,1.110518360451676
2016,vw_nz,JP3304200003,KOMATSU,JP,0.0021093600617265386,5.709159327546542,6.199822745155877
2016,vw_nz,HK0083000502,SINO LAND,HK,0.0020988383731780987,0.23654907857810717,0.08939414119730173
2016,vw_nz,HK0006000050,POWER ASSETS HOLDINGS,HK,0.0020861240740626453,53359.06002298727,461.235142411498
2016,vw_nz,JP3582600007,TOKYO TATEMONO,JP,0.0020424203673984195,1.1807571275550697,1.1374876360039565
2016,vw_nz,AU000000RHC8,RAMSAY HEALTH CARE,AU,0.0020281470596322693,2.6545812300298333,1.7346801407744858
2016,vw_nz,JP3544000007,TEIJIN,JP,0.0019810445831520895,129.4336675029687,252.45186535509114
2016,vw_nz,HK0019000162,SWIRE PACIFIC 'A',HK,0.001929070957270014,2294.9406907901976,2094.437678861452
2016,vw_nz,JP3967200001,RAKUTEN GROUP,JP,0.0018683764899849054,0.0505588267116438,0.01998253526417911
2016,vw_nz,JP3166000004,EBARA,JP,0.0018412434142378925,2.543046421511814,5.164719425870135
2016,vw_nz,JP3119600009,AJINOMOTO,JP,0.0017810918280500613,127.7267426891687,80.9709627210659
2016,vw_nz,SG1R89002252,CITY DEVELOPMENTS,SG,0.0017458149020383432,0.33706408538956834,0.1749691000082998
2016,vw_nz,NZCENE0001S6,CONTACT ENERGY,NZ,0.0016997300458058712,736.0524067518892,514.721317241124
2016,vw_nz,JP3762800005,NOMURA RESEARCH INST.,JP,0.0016701990038275603,0.28712612589332115,0.1083343805656788
2016,vw_nz,AU000000STO6,SANTOS,AU,0.0016430171795718215,2202.8434162954463,1386.8785875852352
2016,vw_nz,JP3888400003,MITSUI KINZOKU LIMITED,JP,0.0016399294712262451,166.99114245561557,750.9363513027748
2016,vw_nz,JP3596200000,TOTO,JP,0.0016116645125826264,35.23077626401944,29.611507595880475
2016,vw_nz,HK0000745908,YUEXIU PROPERTY COMPANY,HK,0.0016073349544560717,0.4162241804469518,0.8170163366253343
2016,vw_nz,JP3322930003,SUMCO,JP,0.0016040757730448247,11.171113531519042,11.275748427801895
2016,vw_nz,JP3903000002,MITSUBISHI MATERIALS,JP,0.001574014672306313,863.2932643766782,2635.66839388798
2016,vw_nz,AU000000NCM7,NEWCREST MINING DEAD - DELIST.08/11/23,AU,0.0015730332689532162,487.8884756224639,214.05214157867718
2016,vw_nz,JP3519400000,CHUGAI PHARM.,JP,0.0015183723679600169,10.810511103048682,2.6543408274483133
2016,vw_nz,AU000000MTS0,METCASH,AU,0.0014600590474541147,2.1171691381729274,17.441628244201898
2016,vw_nz,JP3982100004,LAWSON DEAD - DELIST.24/07/24,JP,0.0014503941762544696,1.1583536887667913,0.6607455853184734
2016,vw_nz,JP3670800006,NISSAN CHEMICAL,JP,0.0014444865731999047,236.08249876727933,98.08696536757392
2016,vw_nz,AU000000QBE9,QBE INSURANCE GROUP,AU,0.0014221333123747635,0.627485406774314,0.830560336584433
2016,vw_nz,JP3228600007,KANSAI ELECTRIC PWR.,JP,0.001361444181535437,1516.123685225157,3888.6940407159286
2016,vw_nz,BMG668971101,CTF SERVICES,HK,0.001356625612444523,116.27486985417141,73.22106274911908
2016,vw_nz,JP3870400003,MARUI GROUP,JP,0.001333731374180119,7.061909866467572,3.214112344738823
2016,vw_nz,AU000000CGF5,CHALLENGER,AU,0.0013250865656014696,0.0,0.0
2016,vw_nz,BMG2442N1048,COSCO SHIPPING PORTS,HK,0.0012677114729605686,653.9784415577875,154.2955163144372
2016,vw_nz,JP3877600001,MARUBENI,JP,0.001266693604040128,0.0021736255718708248,0.016746491610007703
2016,vw_nz,AU000000IAG3,INSURANCE AUS.GROUP,AU,0.0012283783192377788,1.4493316352704146,1.4478820265680294
2016,vw_nz,JP3900000005,MITSUBISHI HEAVY INDS.,JP,0.0011798004772467254,4.390393053422546,11.61048660378677
2016,vw_nz,AU000000CWY3,CLEANAWAY WASTE MANAGEMENT,AU,0.001162331117262257,550.2047144327119,634.3544783313863
2016,vw_nz,JP3347200002,SHIONOGI,JP,0.0011306423727812003,17.207211328923574,2.6235342204904413
2016,vw_nz,JP3495000006,SUMITOMO PHARMA,JP,0.0011294503805259046,24.959484407066004,18.531770678620614
2016,vw_nz,JP3686800008,NIPPON SHEET GLASS,JP,0.0011187148614686337,563.9782575102164,4697.335045250995
2016,vw_nz,JP3351600006,SHISEIDO,JP,0.001109744952570756,3.7395297775926544,3.8345372569932614
2016,vw_nz,JP3201200007,OLYMPUS,JP,0.0010703958370589124,2.0207446631796753,0.9865430408858231
2016,vw_nz,JP3539220008,T & D HOLDINGS,JP,0.0010642153320865586,0.13783078868325277,0.3238278550705987
2016,vw_nz,JP3786200000,HITACHI METALS DEAD - DELIST.29/12/22,JP,0.001050439753547945,39.21901120031484,73.94094554655395
2016,vw_nz,AU000000CIM7,CIMIC GROUP DEAD - DELIST.11/05/22,AU,0.0009768699582486016,208.98681637064104,344.67258737968064
2016,vw_nz,AU000000ORG5,ORIGIN ENERGY (EX BORAL),AU,0.0009315264919043361,2048.9906334443017,3432.6372488758047
2016,vw_nz,JP3388200002,AEON,JP,0.0008866894198736872,3.83981795691552,21.42629345034747
2016,vw_nz,AU0000038911,OVATO DEAD - DELIST.29/08/22,AU,0.0008572719126297027,45.7013326508601,242.88351306713298
2016,vw_nz,AU000000BLD2,BORAL DEAD - DELIST.08/07/24,AU,0.0008206513478373396,574.6301295189122,597.9099029474578
2016,vw_nz,JP3300600008,KONICA MINOLTA,JP,0.0007832154957648616,19.40694932520381,39.8392717716288
2016,vw_nz,AU0000088338,AMPOL,AU,0.000747107414683888,51.96388794671459,104.56946212524038
2016,vw_nz,JP3573000001,TOKYO GAS,JP,0.0007437516801695542,186.68207936414186,278.8784987828608
2016,vw_nz,SG1J26887955,SINGAPORE EXCHANGE,SG,0.0007321764709500569,0.08007287492616937,0.008940089862322616
2016,vw_nz,SGXE34184239,SEATRIUM,SG,0.0007249932693948811,14.092408377790928,22.947221624252407
2016,vw_nz,JP3402600005,SUMITOMO METAL MINING,JP,0.0007229364554470042,278.20902771615744,355.8287652997836
2016,vw_nz,JP3634600005,TOYOTA INDS.,JP,0.0006781290448834322,10.19249955800535,12.097670216085547
2016,vw_nz,JP3665200006,NICHIREI,JP,0.0006391985761161192,9.665643594913975,17.713284551169743
2016,vw_nz,AU000000MGR9,MIRVAC GROUP STAPLED UNITS,AU,0.0006154617778213537,5.682487014611321,1.2336091102202489
2016,vw_nz,SG1U68934629,KEPPEL,SG,0.0005982560324920152,167.20168013040563,193.26834147334475
2016,vw_nz,JP3850200001,HOKKAIDO ELEC.POWER,JP,0.0005898892727289471,2503.2169990345683,7193.180788292479
2016,vw_nz,JP3260800002,KINTETSU GROUP HDG.,JP,0.0005896681794836708,3.623464149695297,4.510289911132026
2016,vw_nz,JP3148800000,IBIDEN,JP,0.0005557230058651827,47.328210706684715,66.76234183370394
2016,vw_nz,JP3942600002,YAMAHA,JP,0.0005532708912499436,7.031032815452696,5.528668271398073
2016,vw_nz,JP3452000007,TAIYO YUDEN,JP,0.0005450456152046653,16.531560318192195,23.681777429115765
2016,vw_nz,AU000000WOR2,WORLEY,AU,0.0005387829962803302,3.1865271804034743,32.62345995017235
2016,vw_nz,NZSKCE0001S2,SKY CITY ENTM.GP.,NZ,0.0005372323223309461,7.728732207617557,2.7185864236851582
2016,vw_nz,SG1T75931496,SINGAPORE TELECOM,SG,0.0005164776268373037,0.6010432244927562,0.18532719345851043
2016,vw_nz,JP3535800001,TSUMURA,JP,0.0005154478306634658,36.258228293948484,16.800449802713743
2016,vw_nz,JP3027670003,NIPPON BUILDING FUND,JP,0.0005061603345461362,12.802943061555217,1.0224137620138125
2016,vw_nz,JP3405400007,SUMITOMO HEAVY INDS.,JP,0.0004972798784268564,2.750719365342886,6.271508694772023
2016,vw_nz,AU000000GPT8,GPT GROUP STAPLED UNITS,AU,0.00048154818376114556,28.071744627705726,2.1883936891488065
2016,vw_nz,AU000000AMP6,AMP,AU,0.0004635826583270053,0.015201781235540663,0.013118122052308133
2016,vw_nz,JP3605400005,TOHOKU ELECTRIC PWR.,JP,0.00043920896414037324,2294.952892343146,6173.073987130439
2016,vw_nz,JP3134800006,IHI,JP,0.00043320612830016953,5.937015379250011,23.93014969720624
2016,vw_nz,JP3443600006,TAISEI,JP,0.0004257188851869408,9.526558332828476,16.957235970536804
2016,vw_nz,AU000000SGM7,SIMS,AU,0.00042369855062989137,21.80413791055587,83.42225919013227
2016,vw_nz,JP3449020001,TAIHEIYO CEMENT,JP,0.0004227693790369839,2093.1314353148596,4227.124094034167
2016,vw_nz,JP3420600003,SEKISUI HOUSE,JP,0.00039719714661391416,5.563531028233045,7.40101996382106
2016,vw_nz,JP3385820000,GS YUASA,JP,0.00039702959224674874,7.152544219746621,15.43541471588389
2016,vw_nz,NZFBUE0001S0,FLETCHER BUILDING,NZ,0.0003821247865706708,206.45543084085693,364.5558623685272
2016,vw_nz,AU000000GWA4,GWA GROUP,AU,0.00037056464383842955,34.61257903816303,25.71135079609656
2016,vw_nz,NZAIRE0001S2,AIR NEW ZEALAND,NZ,0.0003613177083510308,976.5817528446436,1544.8811324630697
2016,vw_nz,JP3027680002,JAPAN REAL ESTATE INV.,JP,0.0003475549137755029,13.959254736286224,0.9818687281992351
2016,vw_nz,JP3246400000,KYUSHU ELEC.POWER,JP,0.0003359434177068017,1778.1102089518731,5452.789746375877
2016,vw_nz,JP3818000006,FUJITSU,JP,0.0003357904420738518,4.737981714549236,24.20039463289026
2016,vw_nz,IE00BKVD2N49,SEAGATE TECHNOLOGY HOLDINGS,SG,0.0003289042148191421,23.100336921686253,33.14706572506996
2016,vw_nz,JP3270000007,KURITA WATER IND.,JP,0.0003219017940656307,7.158192680089318,4.627770237995951
2016,vw_nz,AU000000CQR9,CHARTER HALL RETAIL REIT,AU,0.00032031276682439847,0.589696271732042,0.07141536858731999
2016,vw_nz,JP3619800000,TOYOBO,JP,0.00030622715867247426,238.09323066765893,598.5871674116872
2016,vw_nz,JP3397200001,SUZUKI MOTOR,JP,0.00030063273543056996,20.489178770617983,33.14231309241885
2016,vw_nz,AU000000SBM8,ST BARBARA,AU,0.0002983068301206248,296.9349961693119,234.61566014757503
2016,vw_nz,JP3475350009,DAIICHI SANKYO,JP,0.0002933078079832766,17.064643587881232,8.023633578534517
2016,vw_nz,AU000000MAH3,MACMAHON HOLDINGS,AU,0.0002790638124754641,0.40041491813564295,1.6384982582892529
2016,vw_nz,JP3040890000,JAPAN PRIME REALTY INV.,JP,0.000277160774889576,16.848381529118907,1.2537869224943194
2016,vw_nz,AU000000SGP0,STOCKLAND STAPLED UNITS,AU,0.0002522759097973458,22.801300811738283,5.062237666250063
2016,vw_nz,JP3827200001,FURUKAWA ELECTRIC,JP,0.0002491306989176358,21.173365054221573,104.25564830197817
2016,vw_nz,JP3634200004,TOYODA GOSEI,JP,0.00024300462154159896,16.97379462140568,39.07304528210739
2016,vw_nz,JP3973400009,RICOH,JP,0.00023935018282035298,8.37657897702557,20.581326133633794
2016,vw_nz,SG1V61937297,SINGAPORE AIRLINES,SG,0.0002331894288830845,1292.6099948965514,1519.163930513888
2016,vw_nz,JP3112000009,AGC,JP,0.00019787940961827228,479.64439943987685,738.3792505659977
2016,vw_nz,JP3143600009,ITOCHU,JP,0.0001975416220577545,1.7216803427430516,3.895811646482196
2016,vw_nz,JP3893600001,MITSUI,JP,0.00017072566868888894,6.952761542630747,14.176268925818182
2016,vw_nz,JP3635400009,TOYOTA BOSHOKU,JP,0.00016675145728334861,4.2636743936537895,13.193180375058207
2016,vw_nz,JP3158800007,UBE,JP,0.00016541925638509204,2132.1251906985344,5651.90537347673
2016,vw_nz,JP3381000003,NIPPON STEEL,JP,0.0001640710972148297,2080.53576273832,5201.934418219162
2016,vw_nz,JP3820000002,FUJI ELECTRIC,JP,0.00015762769485485047,38.38165951299665,99.72361535953294
2016,vw_nz,JP3164800009,NOK,JP,0.00015563384137571773,6.945997138447578,14.5808650014198
2016,vw_nz,HK0012000102,HENDERSON LD.DEV.,HK,0.00014127594062237782,0.27874830807025774,0.04831204785976486
2016,vw_nz,JP3116000005,ASAHI GROUP HOLDINGS,JP,0.00013913576473459317,23.755151932646452,23.323582172284073
2016,vw_nz,BMG524401079,KERRY PROPERTIES,HK,0.00012798005180214353,4.024811425967454,1.6871300566775163
2016,vw_nz,JP3549600009,DENKA,JP,0.00012205088248767084,599.0142085137477,930.1020305891315
2016,vw_nz,AU000000BSL0,BLUESCOPE STEEL,AU,0.00011012102690489503,1361.5889660913308,4484.353564437503
2016,vw_nz,JP3743000006,NH FOODS,JP,9.830839439594637e-05,32.315379527684605,77.42360214468013
2016,vw_nz,JP3528600004,CHIYODA CORPORATION,JP,9.394097583543152e-05,0.682265755086064,1.8303598147876097
2016,vw_nz,JP3688370000,NIPPON EXPRESS HOLDINGS,JP,8.974042101649564e-05,45.103139704321535,155.40421464522007
2016,vw_nz,JP3289800009,KOBE STEEL,JP,8.756799546636381e-05,1046.3937745400535,4744.116221063023
2016,vw_nz,JP3734800000,NIDEC,JP,7.763251967314378e-05,1.7849560662964299,0.8377635197066912
2016,vw_nz,JP3362700001,MITSUI OSK LINES,JP,6.442109369658245e-05,1255.1760217022595,8094.835619703964
2016,vw_nz,JP3551200003,ELEC.POWER DEV.,JP,5.724058526637563e-05,8280.431850009829,8531.653396257367
2016,vw_nz,JP3429800000,ANA HOLDINGS,JP,4.507076365849307e-05,717.5907058767264,1082.0094722804267
2016,vw_nz,SGXE21576413,GENTING SINGAPORE,SG,4.478482325708148e-05,1.8019432441401162,0.5184361365386261
2016,vw_nz,JP3375800004,SHINKO ELEC.INDS. DEAD - DELIST.06/06/25,JP,4.1798078001976076e-05,31.267850737941203,43.56829671791668
2016,vw_nz,AU000000IGO4,IGO,AU,3.9240977736974415e-05,159.5652663226097,62.2900610046946
2016,vw_nz,AU000000CSR5,CSR DEAD - DEAD.10/07/24,AU,3.6840075313077e-05,292.04707382807476,462.26881418943475
2016,vw_nz,HK0200030994,MELCO INTL.DEV.,HK,3.440558044932524e-05,285.43048771597284,8.526891204686768
2016,vw_nz,JP3792600003,HINO MOTORS,JP,3.321594086441442e-05,11.605432401104919,28.81557861176316
2016,vw_nz,KYG0535Q1331,ASMPT,HK,2.809566199158516e-05,1.5005957365073934,0.816609177380579
2016,vw_nz,JP3242800005,CANON,JP,2.796703902006114e-05,5.213917145395157,4.405676584423484
2016,vw_nz,JP3229400001,KANSAI PAINT,JP,2.746416115568195e-05,16.654754618202844,12.169236578122927
2016,vw_nz,JP3386030005,JFE HOLDINGS,JP,2.303257993207928e-05,1837.8734238765428,7022.39077101229
2016,vw_nz,JP3385980002,J S R DEAD - DELIST.25/06/24,JP,2.0350567030229377e-05,126.07942987242183,127.49669481108562
2016,vw_nz,JP3720800006,NSK,JP,1.9615844906152198e-05,15.597371499639694,23.77900763498948
2016,vw_nz,JP3663900003,SOJITZ,JP,1.751310206601058e-05,0.5356861954932933,2.855151104077172
2016,vw_nz,AU000000COH5,COCHLEAR,AU,1.657413539108254e-05,0.008225784691395541,0.0016162406448491339
2016,vw_nz,AU000000DOW2,DOWNER EDI,AU,1.4434863678879365e-05,44.99646133356849,233.26690892040793
2016,vw_nz,JP3156400008,USHIO,JP,1.3694688313577076e-05,2.378741583263005,1.787579275583877
2016,vw_nz,JP3122400009,ADVANTEST,JP,1.2649779816808755e-05,2.9148167346540155,2.106314600885955
2016,vw_nz,AU000000ORI1,ORICA,AU,9.658982073897275e-06,451.72298439322185,518.8560952619791
2016,vw_nz,JP3888300005,MITSUI CHEMICALS,JP,8.05942447498123e-06,357.3609479690948,1004.7996486781275
2016,vw_nz,AU000000WOW2,WOOLWORTHS GROUP,AU,6.906980587309934e-06,30.563728487204106,60.15983085977151
2016,vw_nz,JP3914400001,MURATA MANUFACTURING,JP,6.8759951127321346e-06,12.0718596244583,4.181616516973936
2016,vw_nz,JP3293200006,COCA-COLA BOTTLERS JAPAN HOLDINGS,JP,6.38196387305041e-06,27.01640171352955,38.71526826863639
2016,vw_nz,JP3571400005,TOKYO ELECTRON,JP,5.806635083185627e-06,3.5288635453750983,1.9322738031979132
2016,vw_nz,HK0293001514,CATHAY PACIFIC AIRWAYS,HK,4.8527601817857e-06,1309.1286607081015,2857.2140501839745
2016,vw_nz,JP3359600008,SHARP,JP,3.7489506024143416e-06,6.9723696837902756,75.6309998121583
2016,vw_nz,JP3891600003,MITSUI E&S,JP,3.12089256857739e-06,18.020779684410744,114.68845816412362
2016,vw_nz,JP3955000009,YOKOGAWA ELECTRIC,JP,1.649424645670079e-06,3.431461131001457,4.137290080104036
2016,vw_nz,JP3493400000,DIC,JP,1.4580355166628693e-06,48.75701622887432,138.20904332932867
2016,vw_nz,JP3401400001,SUMITOMO CHEMICAL,JP,1.436727466428691e-06,77.43959374876559,179.66722179712232
2016,vw_nz,JP3269600007,KURARAY,JP,1.2460295400448964e-06,273.3692063188393,280.46577182477745
2017,vw_nz,AU000000BWP3,BWP GROUP STAPLED UNITS,AU,0.058904409024524415,0.0,0.0
2017,vw_nz,JP3633400001,TOYOTA MOTOR,JP,0.032044045770304716,10.56841639040032,13.663936290691403
2017,vw_nz,JP3711200000,AOZORA BANK,JP,0.025521705295002597,0.3283342656955824,0.0865731613789599
2017,vw_nz,AU000000WBC1,WESTPAC BANKING,AU,0.023418640694649665,0.3211164242325381,0.11242423577522474
2017,vw_nz,JP3496400007,KDDI,JP,0.02016483018758659,0.6452305848839158,0.3877842137114204
2017,vw_nz,JP3819400007,FUJI MEDIA HOLDINGS,JP,0.019862862721434765,0.0,0.0
2017,vw_nz,JP3898400001,MITSUBISHI,JP,0.019593000718675858,108.11694150394638,160.40622250207875
2017,vw_nz,JP3726800000,JAPAN TOBACCO,JP,0.017042457559333705,20.35234098605833,6.03331947328499
2017,vw_nz,JP3551500006,DENSO,JP,0.01677261304428437,17.121468256546066,19.355672435985383
2017,vw_nz,JP3902400005,MITSUBISHI ELECTRIC,JP,0.015952446178102875,10.052455564905808,11.98937488976874
2017,vw_nz,JP3629000005,TOPPAN HOLDINGS,JP,0.014673301085369716,19.327890199956997,36.48237969095575
2017,vw_nz,HK2388011192,BOC HONG KONG HOLDINGS,HK,0.014638709211628303,0.029494685039549277,0.007707748809224177
2017,vw_nz,JP3890350006,SUMITOMO MITSUI FINL.GP.,JP,0.014410919834484462,0.3812316762116766,0.3071100836944888
2017,vw_nz,JP3765400001,HOUSE SHOKUHIN GP.HONSHA K K,JP,0.014267686672885443,22.160469095379142,24.720661008979157
2017,vw_nz,AU000000CSL8,CSL,AU,0.014263313874694422,8.064115711608014,1.412857222669084
2017,vw_nz,AU000000ANZ3,ANZ GROUP HOLDINGS,AU,0.013986191311522948,0.6312926008020708,0.2871577944457971
2017,vw_nz,JP3566800003,CENTRAL JAPAN RAILWAY,JP,0.01342482142566383,4.574161361337423,2.1220393814643748
2017,vw_nz,JP3814800003,SUBARU,JP,0.012522489336852098,9.328360926638966,8.995950247038945
2017,vw_nz,JP3830000000,BROTHER INDUSTRIES,JP,0.012492121743041101,12.869160617706985,13.927161589424237
2017,vw_nz,HK0823032773,LINK REAL ESTATE INVESTMENT TRUST,HK,0.012378501950102906,0.0,0.0
2017,vw_nz,JP3165600002,NTN,JP,0.011385239197782407,16.039872349584122,40.364698518673066
2017,vw_nz,HK0011000095,HANG SENG BANK DEAD - DELIST.28/01/26,HK,0.011352226316336192,0.013532822606637908,0.0016451310629588723
2017,vw_nz,AU000000BEN6,BENDIGO & ADELAIDE BANK,AU,0.011283557399055264,1.6084927731583036,0.8267234436881529
2017,vw_nz,JP3626800001,LIXIL,JP,0.011170393602309002,35.71964276073402,77.15912879586851
2017,vw_nz,JP3910660004,TOKIO MARINE HOLDINGS,JP,0.010841832018174314,0.3420374480098951,0.47049961722225425
2017,vw_nz,JP3638600001,DOWA HDG.,JP,0.010696288059169798,250.8009866772781,325.7667450729635
2017,vw_nz,AU000000CBA7,COMMONWEALTH BK.OF AUS.,AU,0.010471849321004539,0.30528999794195366,0.08934817492481352
2017,vw_nz,JP3249600002,KYOCERA,JP,0.010404617163688852,10.70634260938217,6.645686404680667
2017,vw_nz,JP3762600009,NOMURA HDG.,JP,0.010187169933734771,0.20583078706845945,0.1228979849122593
2017,vw_nz,JP3435000009,SONY GROUP,JP,0.010151359192222303,3.994001884452597,7.060059689633978
2017,vw_nz,JP3802300008,FAST RETAILING,JP,0.010120411128041639,0.8273025240336739,0.39840397119088977
2017,vw_nz,JP3735400008,NTT,JP,0.009527944877348513,1.8727427166719461,2.0974230949464796
2017,vw_nz,KYG217651051,CK HUTCHISON HOLDINGS,HK,0.009100703221397631,238.61899180998319,174.70316360217757
2017,vw_nz,JP3160400002,EISAI,JP,0.008850659068286597,8.718231068077575,2.526887398351021
2017,vw_nz,JP3854600008,HONDA MOTOR,JP,0.008648476955206763,10.357535825057596,23.249131517794122
2017,vw_nz,HK0291001490,CHINA RESOURCES BEER HOLDINGS,HK,0.008645721675969073,86.92805972861754,56.8391089446569
2017,vw_nz,JP3951600000,UNI CHARM,JP,0.008637854948038879,4.953585633178492,2.226784249443055
2017,vw_nz,JP3942400007,ASTELLAS PHARMA,JP,0.007999400127997403,8.097843900990933,3.3687079677548657
2017,vw_nz,JP3505000004,DAIWA HOUSE INDUSTRY,JP,0.007809737299335401,9.343797131629477,16.161915456346836
2017,vw_nz,JP3198900007,ORIENTAL LAND,JP,0.00759490131390818,14.307413863407119,3.015348121940678
2017,vw_nz,JP3347200002,SHIONOGI,JP,0.0075293115465714265,14.153190227974108,2.6862473608039448
2017,vw_nz,SG1T75931496,SINGAPORE TELECOM,SG,0.007442768902924284,0.38318384011182444,0.10003576049918447
2017,vw_nz,JP3769000005,HACHIJUNI NAGANO BANK,JP,0.007090355623463473,1.458896722901752,0.8931326328501614
2017,vw_nz,HK0688002218,CHINA OVERSEAS LAND INVESTMENT,HK,0.006853508839361533,0.0866786755498376,0.054594380381495555
2017,vw_nz,JP3788600009,HITACHI,JP,0.006834633041969522,16.399459382174726,48.243493424872995
2017,vw_nz,JP3955000009,YOKOGAWA ELECTRIC,JP,0.006790073670336431,3.631195257855274,2.9512296399171403
2017,vw_nz,JP3837800006,HOYA,JP,0.0066985612884540155,5.0936900962820975,1.2798102767175061
2017,vw_nz,AU000000WES1,WESFARMERS,AU,0.006043027392219071,48.45909415755871,71.10080069464951
2017,vw_nz,AU000000OZL8,OZ MINERALS DEAD - DELIST.03/05/23,AU,0.005966055122953345,167.22223805046676,48.08542208102536
2017,vw_nz,JP3720800006,NSK,JP,0.005940840657803054,16.42869245955394,19.1498581233139
2017,vw_nz,KYG2108Y1052,CHINA RESOURCES LAND,HK,0.005820952712509538,37.23237240633744,30.429927706342617
2017,vw_nz,JP3830800003,BRIDGESTONE,JP,0.005661795416341042,63.03450676003815,63.235672354722716
2017,vw_nz,JP3362700001,MITSUI OSK LINES,JP,0.005591472517984927,1386.0033383469959,4917.403930573378
2017,vw_nz,AU000000APA1,APA GROUP,AU,0.005503917140864191,733.7613103353314,174.02112138136917
2017,vw_nz,HK0000055878,CHINA TAIPING INSURANCE HLDGS,HK,0.0054641935483043325,0.03812949974237451,0.10456489637965272
2017,vw_nz,JP3711600001,NIPPON SANSO HOLDINGS,JP,0.005419065865136788,19.834733885931612,20.461999859574508
2017,vw_nz,JP3814000000,FUJIFILM HOLDINGS,JP,0.00536761449877716,31.78014333373511,34.381420509219524
2017,vw_nz,JP3519400000,CHUGAI PHARM.,JP,0.005055505443869723,10.523278913984448,2.495689795387268
2017,vw_nz,NZTELE0001S4,SPARK NEW ZEALAND,NZ,0.005008827180926679,1.3812785344327798,0.7616371814346706
2017,vw_nz,AU000000CGF5,CHALLENGER,AU,0.0050020940362927825,0.0,0.0
2017,vw_nz,AU000000SHL7,SONIC HEALTHCARE,AU,0.004838036838511611,2.167026976462459,1.2410723006751456
2017,vw_nz,HK0242001243,SHUN TAK HOLDINGS,HK,0.004835643726454167,905.4999466181059,430.9830391470676
2017,vw_nz,AU000000ERA9,ENERGY RES.OF AUS.,AU,0.004774481298332324,502.92671505502227,406.25200727973447
2017,vw_nz,AU000000ASX7,ASX,AU,0.0047735652926541305,0.06815684024888606,0.006451136004730833
2017,vw_nz,JP3200450009,ORIX,JP,0.0046688213705952135,10.1537549053633,11.208278662095232
2017,vw_nz,AU000000NAB4,NATIONAL AUS.BANK,AU,0.0046383794349704015,0.6922686991507989,0.31089760612373296
2017,vw_nz,JP3835620000,BENESSE HOLDINGS DEAD - DELIST.17/05/24,JP,0.0045716396966162896,0.46701346451361486,0.6075939078042287
2017,vw_nz,JP3942800008,YAMAHA MOTOR,JP,0.004568276540312135,11.149709895684534,20.605203455698458
2017,vw_nz,JP3385980002,J S R DEAD - DELIST.25/06/24,JP,0.004380814303758288,130.19193163587693,108.09871681172056
2017,vw_nz,JP3134800006,IHI,JP,0.004372735541057609,5.625491078038335,17.71120403480368
2017,vw_nz,JP3266400005,KUBOTA,JP,0.004356481383089173,21.06088094917939,14.996955467568958
2017,vw_nz,JP3592200004,TOSHIBA DEAD - DELIST.20/12/23,JP,0.004336044566516663,18.932201307899575,92.54780810432342
2017,vw_nz,AU000000TCL6,TRANSURBAN GROUP STAPLED UNITS,AU,0.004292275541184926,1.437572146908775,0.17032171949265712
2017,vw_nz,JP3870000001,MABUCHI MOTOR,JP,0.004123648715661168,2.7383315274887896,0.9515902414101417
2017,vw_nz,AU000000TAH8,TABCORP HOLDINGS,AU,0.004079195084529033,1.189016569748971,0.7003378671056051
2017,vw_nz,JP3888400003,MITSUI KINZOKU LIMITED,JP,0.004039441334121161,172.4216887101601,405.9729936433506
2017,vw_nz,JP3371200001,SHIN-ETSU CHEMICAL,JP,0.003980447461965323,151.29117389297497,44.14348398032966
2017,vw_nz,AU000000MTS0,METCASH,AU,0.003969833673834025,1.9219020965639315,12.589941584977561
2017,vw_nz,SG9999000020,FLEX,SG,0.003945055139729222,3.1549114424034395,8.88596424440843
2017,vw_nz,HK0144000764,CHINA MERCHANTS PORT HOLDINGS,HK,0.0038862359133578087,25.878548559854543,3.779291963481478
2017,vw_nz,HK0002007356,CLP HOLDINGS,HK,0.0038524641731587637,3735.899409601882,1549.6070776667361
2017,vw_nz,JP3358800005,SHIMIZU,JP,0.0037991656736042307,15.833198504569676,30.77480006392396
2017,vw_nz,JP3350800003,SHIKOKU ELECTRIC POWER,JP,0.0036737947780565387,1560.4547135058438,4324.209574178423
2017,vw_nz,JP3357200009,SHIMADZU,JP,0.0036436803321816583,0.9999410034807946,0.594558599695586
2017,vw_nz,HK0003000038,HONG KONG AND CHINA GAS,HK,0.0035912401751487383,223.3492938412655,34.49437829758073
2017,vw_nz,JP3582600007,TOKYO TATEMONO,JP,0.0035759410681034157,1.0610885743908347,0.851338323692866
2017,vw_nz,JP3419400001,SEKISUI CHEMICAL,JP,0.003500303355428833,14.830692011872593,16.863655880870738
2017,vw_nz,JP3197800000,OMRON,JP,0.003475786341796673,7.255559331843324,5.545931933069007
2017,vw_nz,JP3495000006,SUMITOMO PHARMA,JP,0.003437202973868377,22.90607590965076,12.271977420157636
2017,vw_nz,HK0006000050,POWER ASSETS HOLDINGS,HK,0.0033697491470671584,64111.19143578344,517.2512024792263
2017,vw_nz,SGXE34184239,SEATRIUM,SG,0.003312646696585033,21.79077249594108,24.478962031646244
2017,vw_nz,JP3165700000,NTT DATA GROUP DEAD - DELIST.26/09/25,JP,0.003254515462112293,0.7184305884816374,0.7535229178990807
2017,vw_nz,JP3866800000,PANASONIC HOLDINGS,JP,0.0031360323137861724,6.839610359833455,17.257595499219093
2017,vw_nz,JP3933800009,LY,JP,0.0030507365865080523,0.0036223464970299444,0.0011388162131998922
2017,vw_nz,JP3112000009,AGC,JP,0.0030340199654765553,444.76682393623895,574.9952971413419
2017,vw_nz,AU000000NCM7,NEWCREST MINING DEAD - DELIST.08/11/23,AU,0.003015297127254865,350.41722911120434,98.78969480460715
2017,vw_nz,JP3148800000,IBIDEN,JP,0.002974102613003352,56.43298078162205,69.35746006770117
2017,vw_nz,JP3407400005,SUMITOMO ELECTRIC IND.,JP,0.002898866157113912,7.80673279447891,16.48431608722801
2017,vw_nz,AU000000TLS2,TELSTRA GROUP,AU,0.0027592515554240487,2.740693127951298,1.1469785019912095
2017,vw_nz,JP3783600004,EAST JAPAN RAILWAY,JP,0.0026861656172389196,53.89010191516441,39.156423100473674
2017,vw_nz,JP3429800000,ANA HOLDINGS,JP,0.0026792058748085195,716.6247257452176,1058.1429685547926
2017,vw_nz,AU0000038911,OVATO DEAD - DELIST.29/08/22,AU,0.0025857365147812744,35.29597795272033,149.40536664076973
2017,vw_nz,HK0016000132,SUN HUNG KAI PROPERTIES,HK,0.0025791496457718043,4.478096853824506,1.4805872752039442
2017,vw_nz,AU000000BHP4,BHP GROUP,AU,0.0025390455928565206,299.30833264991264,157.48177935812825
2017,vw_nz,JP3635000007,TOYOTA TSUSHO,JP,0.0025225098734955875,1.7322682796813962,11.693432637444308
2017,vw_nz,BMG2442N1048,COSCO SHIPPING PORTS,HK,0.002385716407773447,95.52533272959555,17.62546995285552
2017,vw_nz,SG1R89002252,CITY DEVELOPMENTS,SG,0.0023699899772323535,0.22726944777131644,0.10541286706266209
2017,vw_nz,JP3665200006,NICHIREI,JP,0.0023692167424444878,9.110259844305922,14.572897749572599
2017,vw_nz,JP3900000005,MITSUBISHI HEAVY INDS.,JP,0.002334799970271797,4.349250699180883,10.37615625173708
2017,vw_nz,JP3546800008,TERUMO,JP,0.0022948865688947294,15.284812621248,4.94806068900104
2017,vw_nz,JP3481800005,DAIKIN INDUSTRIES,JP,0.0022203285548695138,56.41958834480793,34.69679126822612
2017,vw_nz,JP3190000004,OBAYASHI,JP,0.0021543150922841586,8.40362121706126,19.80232721155194
2017,vw_nz,HK0004000045,WHARF HOLDINGS,HK,0.0021258400434946392,4.69569978274671,1.2385747764775699
2017,vw_nz,JP3402600005,SUMITOMO METAL MINING,JP,0.0021006821687133705,264.38659274111427,222.67158498507413
2017,vw_nz,AU000000GPT8,GPT GROUP STAPLED UNITS,AU,0.002061937714562193,17.926999102357144,1.518660149331264
2017,vw_nz,JP3684000007,NITTO DENKO,JP,0.0020439603937034007,58.03387282565853,26.57405470672141
2017,vw_nz,AU000000BSL0,BLUESCOPE STEEL,AU,0.002042455615258889,1133.9100711224494,1790.4825629301959
2017,vw_nz,HK0165000859,CHINA EVERBRIGHT,HK,0.002013837882335253,0.08869666138364148,0.021016825989450868
2017,vw_nz,HK0388045442,HONG KONG EXCHANGES AND CLEARING,HK,0.002005766282809203,0.063296276466221,0.002876154479948974
2017,vw_nz,JP3205800000,KAO,JP,0.0019618463710155826,50.36569505353341,26.02033172137445
2017,vw_nz,JP3560800009,TOKAI CARBON,JP,0.0019242622473058402,56.26580936993513,54.97997097962372
2017,vw_nz,JP3940000007,YAMATO HDG.,JP,0.0019161702121535823,35.50418972694797,55.40072383827827
2017,vw_nz,AU000000WOR2,WORLEY,AU,0.0019061140487515436,2.394345036635419,6.120554131189399
2017,vw_nz,KYG0535Q1331,ASMPT,HK,0.0019056238224559891,1.4158366777936908,0.5313713468219906
2017,vw_nz,JP3420600003,SEKISUI HOUSE,JP,0.0019003424331340843,4.437251167274385,7.0173161046527435
2017,vw_nz,JP3902900004,MITSUBISHI UFJ FINL.GP.,JP,0.0018782743856615546,0.2322178627689417,0.12556707756782257
2017,vw_nz,AU000000SBM8,ST BARBARA,AU,0.0018630940078551454,296.2950510320944,150.11338351307904
2017,vw_nz,JP3672400003,NISSAN MOTOR,JP,0.0018418214926348658,9.411620414075122,23.072863830116322
2017,vw_nz,JP3596200000,TOTO,JP,0.0018311813047496776,34.767684542548714,25.73677085347893
2017,vw_nz,HK0200030994,MELCO INTL.DEV.,HK,0.0018225028435197009,5.630660669823836,7.618096114150407
2017,vw_nz,AU0000088338,AMPOL,AU,0.001818560473480811,53.57716901092762,129.48839250449817
2017,vw_nz,JP3209000003,CASIO COMPUTER,JP,0.0018023691766150213,1.9557138292829441,1.6535277829273962
2017,vw_nz,JP3397200001,SUZUKI MOTOR,JP,0.0017900693154591597,22.287457488501683,31.6073148653347
2017,vw_nz,NZCENE0001S6,CONTACT ENERGY,NZ,0.001712004614755392,751.0793797707666,459.12913842086016
2017,vw_nz,JP3197600004,ONO PHARM.,JP,0.0017045689520183884,10.306379696526987,1.7701179616398308
2017,vw_nz,AU000000DXS1,DEXUS STAPLED UNITS,AU,0.0016851018137118538,34.20381269613573,2.941431242644555
2017,vw_nz,HK0000608585,NEW WORLD DEVELOPMENT COMPANY,HK,0.001624186222641996,49.84343225735034,30.221854916719163
2017,vw_nz,JP3762800005,NOMURA RESEARCH INST.,JP,0.0015167571527182097,0.2700246208449286,0.11089904748808113
2017,vw_nz,SG1P66918738,SINGAPORE PRESS HDG. DEAD - DELIST.13/05/22,SG,0.0014733775916951938,0.14033376541685022,0.0280363370872838
2017,vw_nz,AU0000224040,WOODSIDE ENERGY GROUP,AU,0.0014538709184809602,2347.377139164098,474.3906794207662
2017,vw_nz,JP3194000000,OKI ELECTRIC IND.,JP,0.0014325306210446543,3.9310561544000926,12.60656486865535
2017,vw_nz,JP3359600008,SHARP,JP,0.0014281828122830289,8.334657648902715,10.808959974929016
2017,vw_nz,JP3528600004,CHIYODA CORPORATION,JP,0.0014068681664130712,0.1971550728168107,0.6135503494392719
2017,vw_nz,BMG2178K1009,CKI HOLDINGS,HK,0.0014026459800919504,10884.988866221121,345.4651061078485
2017,vw_nz,HK0019000162,SWIRE PACIFIC 'A',HK,0.0013993074495579753,2296.011772454923,2014.6012484176524
2017,vw_nz,AU000000PPT9,PERPETUAL,AU,0.001338403442651415,0.36891543949277944,0.08748853598493991
2017,vw_nz,JP3294460005,INPEX,JP,0.001329243677818662,51.49767546446707,26.780754946718908
2017,vw_nz,JP3894900004,ISETAN MITSUKOSHI HDG.,JP,0.0013205351782370495,2.455175785222471,5.883697708073181
2017,vw_nz,HK0066009694,MTR,HK,0.0012980237976605374,9.46857467927678,1.8250961896487525
2017,vw_nz,JP3358200008,SHIMAMURA,JP,0.0012538038522308642,0.17224262477122784,0.1813187387067462
2017,vw_nz,JP3421800008,SECOM,JP,0.0012107015400191433,6.786918018752721,3.348369633722413
2017,vw_nz,JP3401400001,SUMITOMO CHEMICAL,JP,0.00118163009714154,76.01500891090934,145.49412345412495
2017,vw_nz,JP3967200001,RAKUTEN GROUP,JP,0.0011100006618989138,0.04370956146657081,0.021969635650937177
2017,vw_nz,JP3502200003,DAIWA SECURITIES GROUP,JP,0.0010785113361026508,0.18898185513526072,0.09162766848658173
2017,vw_nz,AU000000QBE9,QBE INSURANCE GROUP,AU,0.0010755311540981778,0.521196763779568,0.5985557117239374
2017,vw_nz,AU000000CQR9,CHARTER HALL RETAIL REIT,AU,0.0010701757630154885,0.5197791244473525,0.06505135230281786
2017,vw_nz,JP3463000004,TAKEDA PHARMACEUTICAL,JP,0.00106357831142132,10.462874990089514,4.708055248589703
2017,vw_nz,JP3493800001,DAI NIPPON PRINTING,JP,0.0010603595767283145,20.883930212734192,39.368075035850396
2017,vw_nz,HK0012000102,HENDERSON LD.DEV.,HK,0.0010413215872235452,0.25856504291663795,0.04236607571295094
2017,vw_nz,AU000000ORG5,ORIGIN ENERGY (EX BORAL),AU,0.001033733032006605,1891.2030568963073,1792.5649964186018
2017,vw_nz,AU000000STO6,SANTOS,AU,0.0010334508627419172,2171.5745370572477,944.4280368554116
2017,vw_nz,JP3126400005,ALPS ALPINE,JP,0.0010318634782439634,1.3804037734281858,1.652275566205739
2017,vw_nz,JP3443600006,TAISEI,JP,0.0010260211863640724,16.663642667636825,26.34765175021936
2017,vw_nz,SG1T58930911,FRASER AND NEAVE,SG,0.0010196423163439416,28.642631051600855,18.660695244188524
2017,vw_nz,JP3381000003,NIPPON STEEL,JP,0.0010103118180420294,2211.9628018440712,3858.150125389879
2017,vw_nz,HK0308001558,CTII.INTL.INV.HK.,HK,0.0009945519397994275,38.9690674432407,13.285332292378259
2017,vw_nz,JP3539220008,T & D HOLDINGS,JP,0.000974189275726507,0.12113353817053056,0.1944225931320243
2017,vw_nz,JP3289800009,KOBE STEEL,JP,0.0009647182594791412,1166.6281679371248,4949.2629840379195
2017,vw_nz,JP3733000008,NEC,JP,0.0009569015975168151,2.278262126461521,8.862120180196444
2017,vw_nz,JP3695200000,NGK INSULATORS,JP,0.0009398775075270612,85.08993496122638,46.14110444628491
2017,vw_nz,HK0010000088,HANG LUNG GROUP,HK,0.0008971706055833967,2.822780386775648,0.9312619502868068
2017,vw_nz,JP3982100004,LAWSON DEAD - DELIST.24/07/24,JP,0.0008934416269633834,0.9770109327523375,0.7253606616384118
2017,vw_nz,JP3888300005,MITSUI CHEMICALS,JP,0.0008928644645808872,405.1232302129874,882.5083123582239
2017,vw_nz,BMG684371393,PACIFIC BASIN SHIP.,HK,0.0008125128053784704,1207.1598461675665,1799.5175703086454
2017,vw_nz,JP3304200003,KOMATSU,JP,0.0008053066833880988,6.044518403653202,3.835433233028416
2017,vw_nz,JP3210200006,KAJIMA,JP,0.0007825901203929404,11.855549928975643,25.646961944067442
2017,vw_nz,AU000000CIM7,CIMIC GROUP DEAD - DELIST.11/05/22,AU,0.0007677571527496545,267.06058501078275,257.58143017596404
2017,vw_nz,JP3799000009,HIROSE ELECTRIC,JP,0.0007633262047889836,2.656727149183624,0.5284384349578722
2017,vw_nz,JP3619800000,TOYOBO,JP,0.0007364519944746843,234.21312175630055,477.4092956833093
2017,vw_nz,AU000000WOW2,WOOLWORTHS GROUP,AU,0.0007142593612101235,15.973026656558334,26.677237799717012
2017,vw_nz,JP3686800008,NIPPON SHEET GLASS,JP,0.0006824706257723855,581.1820234975767,4386.029035512215
2017,vw_nz,JP3786200000,HITACHI METALS DEAD - DELIST.29/12/22,JP,0.0006491855087430413,42.68889186916027,57.80375791251585
2017,vw_nz,JP3734800000,NIDEC,JP,0.0006475500952880991,8.594251890881909,3.1099813083055228
2017,vw_nz,JP3670800006,NISSAN CHEMICAL,JP,0.0006340896101636446,202.96583659017804,57.20205383650523
2017,vw_nz,AU000000RHC8,RAMSAY HEALTH CARE,AU,0.0006316573703052436,2.318441698092646,1.5072943960132723
2017,vw_nz,JP3890310000,MS&AD INSURANCE GP.HDG.,JP,0.0006189530423238288,0.5702802402393551,1.2339062334420239
2017,vw_nz,JP3634600005,TOYOTA INDS.,JP,0.0006164048863171413,13.293220637727138,12.4982554263039
2017,vw_nz,JP3675600005,NISSIN FOODS HOLDINGS,JP,0.0005975247660170865,50.89532207797805,35.83089753170308
2017,vw_nz,JP3868400007,MAZDA MOTOR,JP,0.0005766392934026675,5.275280431979921,17.352083575935833
2017,vw_nz,JP3526600006,CHUBU ELEC.POWER,JP,0.000531730135295021,2481.9425622499703,5773.405293449903
2017,vw_nz,AU000000MQG1,MACQUARIE GROUP,AU,0.0005272798616404724,0.04040874990352761,0.019745776547124914
2017,vw_nz,JP3605400005,TOHOKU ELECTRIC PWR.,JP,0.0004911525818639593,2324.546439472878,6568.307672017667
2017,vw_nz,HK0000745908,YUEXIU PROPERTY COMPANY,HK,0.0004872031118324506,0.2042520372618945,0.34274010257068444
2017,vw_nz,JP3352400000,CITIZEN WATCH,JP,0.00047131186311966843,7.962326344679286,10.988490711545406
2017,vw_nz,AU000000IAG3,INSURANCE AUS.GROUP,AU,0.0004706980161997768,1.2849476301765297,1.1571964558051628
2017,vw_nz,JP3131430005,AEON MALL DEAD - DELIST.27/06/25,JP,0.00046194077525479535,5.9270111305738125,4.20574488026905
2017,vw_nz,AU000000IGO4,IGO,AU,0.000439492401752729,239.37953245842738,43.53706644807623
2017,vw_nz,JP3274400005,GLORY,JP,0.00043117937141788523,0.5169807926313926,0.49091156551979837
2017,vw_nz,AU000000GWA4,GWA GROUP,AU,0.00042378242879808974,29.441516890938175,18.50407525828451
2017,vw_nz,JP3753000003,NIPPON YUSEN KK,JP,0.00042139572980111854,1278.1365693901105,6167.537787823139
2017,vw_nz,JP3246400000,KYUSHU ELEC.POWER,JP,0.0004056356846573307,1690.682244387442,5313.794029614257
2017,vw_nz,AU000000SGP0,STOCKLAND STAPLED UNITS,AU,0.00038323806052126177,14.587308821741555,3.4066647405133823
2017,vw_nz,JP3659000008,WEST JAPAN RAILWAY,JP,0.00037552038372423946,7.799212700674717,8.00418779105228
2017,vw_nz,BMG668971101,CTF SERVICES,HK,0.00034963529484099195,106.3685497845476,56.714433068785326
2017,vw_nz,JP3721400004,JAPAN STEEL WORKS,JP,0.00034637080559893124,47.36191328233249,67.00653669807056
2017,vw_nz,JP3787000003,HITACHI CON.MCH.,JP,0.00034269720616908884,6.988075988046634,8.91068894355583
2017,vw_nz,AU000000COH5,COCHLEAR,AU,0.0003405567698529013,0.006927415467330287,0.0011245693329226627
2017,vw_nz,IE00BKVD2N49,SEAGATE TECHNOLOGY HOLDINGS,SG,0.0003316313843236906,27.307495429616086,22.356643330477112
2017,vw_nz,JP3421100003,JAPAN PETROLEUM EXP.,JP,0.00033114583784993307,108.44362759044508,152.38921494938512
2017,vw_nz,JP3551520004,DENTSU GROUP,JP,0.0003277535036088041,0.728438189364427,0.4151860885144333
2017,vw_nz,NZSKCE0001S2,SKY CITY ENTM.GP.,NZ,0.0003272800109915599,6.514349920105698,2.519476123664514
2017,vw_nz,JP3585800000,TOKYO ELECTRIC POWER CO. HDG.,JP,0.0003166775693192609,1836.7335194131444,14521.123843598596
2017,vw_nz,JP3118000003,ASICS,JP,0.00031653681082926107,1.2566253819735527,1.1960458899830821
2017,vw_nz,HK0363006039,SHANGHAI INDUSTRIAL HOLDINGS,HK,0.00028894764579295065,2.4086171697591277,2.370052472340763
2017,vw_nz,AU000000SIG5,SIGMA HEALTHCARE,AU,0.0002854145919364946,1.3424848985104867,4.634783136675504
2017,vw_nz,JP3270000007,KURITA WATER IND.,JP,0.0002621057049667269,15.120820345578894,10.434925230512512
2017,vw_nz,JP3818000006,FUJITSU,JP,0.0002609176409380265,5.160293092739299,16.65445606786691
2017,vw_nz,AU000000BLD2,BORAL DEAD - DELIST.08/07/24,AU,0.0002523518493813675,594.319552744351,346.00387008843404
2017,vw_nz,HK0083000502,SINO LAND,HK,0.0002470492304932803,2.6504878160411,0.535761919997533
2017,vw_nz,SG1U68934629,KEPPEL,SG,0.00022114526507387256,51.64826722866719,30.664024839438543
2017,vw_nz,JP3475350009,DAIICHI SANKYO,JP,0.00021631890198025046,13.490824816135902,7.155236674786023
2017,vw_nz,JP3228600007,KANSAI ELECTRIC PWR.,JP,0.00021308452785515056,1444.8748944699819,3905.388526326512
2017,vw_nz,SG1N31909426,COMFORTDELGRO CORPORATION,SG,0.0002114592115464608,333.0829904132775,261.21246431166765
2017,vw_nz,JP3811000003,FUJIKURA,JP,0.00020484733015490572,4.954731291116713,14.959465878221515
2017,vw_nz,JP3571400005,TOKYO ELECTRON,JP,0.00017743868703390614,2.7174608046241593,1.011223389953912
2017,vw_nz,BMG4600H1198,HOPSON DEVELOPMENT HOLDINGS,HK,0.00017219874314783283,2.415786544367615,2.587256470684464
2017,vw_nz,AU000000MGR9,MIRVAC GROUP STAPLED UNITS,AU,0.0001709968679703206,2.346218997294769,0.7995877987037717
2017,vw_nz,SG1R50925390,SEMBCORP INDUSTRIES,SG,0.00016921800132653128,3955.5827259346,5502.254189272587
2017,vw_nz,JP3386030005,JFE HOLDINGS,JP,0.00016627984731804624,1935.0867752721806,4912.604761296534
2017,vw_nz,JP3116000005,ASAHI GROUP HOLDINGS,JP,0.00014036577088605962,23.75625157581996,21.142679276738075
2017,vw_nz,JP3742600004,NHK SPRING,JP,0.00012369859022285588,3.2417585586001194,7.300892857142857
2017,vw_nz,JP3778630008,BANDAI NAMCO HDG.,JP,0.00012262273007800588,0.0,0.0
2017,vw_nz,JP3419050004,SEGA SAMMY HDG.,JP,0.00011601677521739194,2.491128626171341,2.0618778816736327
2017,vw_nz,JP3977400005,RINNAI,JP,0.00010498781891962907,13.315103686854163,8.762490566208783
2017,vw_nz,JP3893600001,MITSUI,JP,9.511017529930559e-05,8.284092013256764,11.873094018645295
2017,vw_nz,JP3850200001,HOKKAIDO ELEC.POWER,JP,8.361999515962751e-05,2391.154883410586,9686.038744154976
2017,vw_nz,BMG988031446,YUE YUEN INDL.HDG.,HK,8.210603703529313e-05,29.071985984109528,42.123530426554204
2017,vw_nz,JP3126340003,ALFRESA HOLDINGS,JP,8.041016764265785e-05,1.7965748191573787,10.450945481335953
2017,vw_nz,JP3573000001,TOKYO GAS,JP,7.942791725718473e-05,255.89621202600517,370.97074008262894
2017,vw_nz,NZAIAE0002S6,AUCKLAND INTL.AIRPORT,NZ,7.670256312705182e-05,5.454528980582964,0.4042893623879935
2017,vw_nz,JP3667600005,JGC HOLDINGS,JP,7.51346400491788e-05,18.177471289572726,27.165374041910173
2017,vw_nz,JP3414750004,SEIKO EPSON,JP,7.242776927105982e-05,14.633711220830449,15.694015995767217
2017,vw_nz,JP3877600001,MARUBENI,JP,6.927037491826574e-05,10.19871517730095,59.48186371022967
2017,vw_nz,JP3320800000,SAPPORO HOLDINGS,JP,5.923362328270046e-05,24.78481128219386,58.853135207839614
2017,vw_nz,JP3827200001,FURUKAWA ELECTRIC,JP,5.075433179561423e-05,28.1415344137977,86.14009924658323
2017,vw_nz,JP3224200000,KAWASAKI HEAVY INDUSTRY,JP,4.914523404263383e-05,13.251800949361982,34.81081585661833
2017,vw_nz,JP3522200009,CHUGOKU ELEC.POWER,JP,4.8214521079021386e-05,3859.308427340743,10043.332811644103
2017,vw_nz,JP3143600009,ITOCHU,JP,4.737436000303461e-05,2.0341791747592533,3.7794241156223563
2017,vw_nz,JP3243600008,CANON MARKETING JAPAN,JP,4.595579779473432e-05,1.4897392179253197,2.805335486366924
2017,vw_nz,AU000000LLC3,LENDLEASE GROUP STAPLED UNITS,AU,4.1478269443864096e-05,6.942441615774876,12.9155131603936
2017,vw_nz,AU000000ORI1,ORICA,AU,3.8741269714622504e-05,460.13211531850106,331.64695123749965
2017,vw_nz,JP3166000004,EBARA,JP,3.464910318960793e-05,2.4377042065715586,3.3481320579754326
2017,vw_nz,JP3229400001,KANSAI PAINT,JP,3.211850332745575e-05,16.578733343065085,8.541315255111359
2017,vw_nz,JP3914400001,MURATA MANUFACTURING,JP,3.1720833609759876e-05,14.062004463938438,4.769272087310828
2017,vw_nz,JP3158800007,UBE,JP,2.9086659327441126e-05,2123.4461279653915,4681.071022433578
2017,vw_nz,SG1J26887955,SINGAPORE EXCHANGE,SG,2.7185345134340552e-05,0.08247810339384093,0.008129370629370629
2017,vw_nz,JP3385820000,GS YUASA,JP,2.5635740675062723e-05,7.264210369807717,13.424336516491886
2017,vw_nz,JP3942600002,YAMAHA,JP,2.001089885158675e-05,7.163848794296695,4.4103079073428235
2017,vw_nz,JP3404600003,SUMITOMO,JP,1.9882690317038626e-05,1.7555836391915216,4.087354528330543
2017,vw_nz,AU000000MAH3,MACMAHON HOLDINGS,AU,1.637483727061245e-05,0.6276579907702088,1.1454585505543726
2017,vw_nz,SG1V61937297,SINGAPORE AIRLINES,SG,1.6220096712671705e-05,1334.6869845750848,1663.8788084977696
2017,vw_nz,JP3891600003,MITSUI E&S,JP,1.5601138051684252e-05,19.99583377421422,94.78047030332023
2017,vw_nz,JP3738600000,NITERRA,JP,1.5255472703213214e-05,2.124699725895419,1.4063162999333212
2017,vw_nz,JP3258000003,KIRIN HOLDINGS,JP,1.398758531703689e-05,20.14897248621797,24.713440724809395
2017,vw_nz,JP3256000005,KYOWA KIRIN,JP,1.272388462971158e-05,22.520141156065158,8.584196612846
2017,vw_nz,AU000000SGM7,SIMS,AU,1.1956113436266225e-05,18.905219550514115,38.825077631685275
2017,vw_nz,JP3156400008,USHIO,JP,1.1442359355678674e-05,2.5261968603550202,2.1557943338256016
2017,vw_nz,JP3322930003,SUMCO,JP,1.0808830222641263e-05,12.233931927211296,5.029422119398481
2017,vw_nz,JP3300600008,KONICA MINOLTA,JP,1.0355537861244695e-05,18.81716874787256,34.45042235990544
2017,vw_nz,SG1F60858221,SINGAPORE TECHS.ENGR.,SG,7.542487687666777e-06,6.63992428378404,4.3200157989149215
2017,vw_nz,AU000000CWY3,CLEANAWAY WASTE MANAGEMENT,AU,6.810436456233016e-06,508.44246632376814,403.44218187588814
2017,vw_nz,HK0008011667,PCCW,HK,4.461555664685379e-06,1.313377488584512,1.3719428501442261
2017,vw_nz,JP3544000007,TEIJIN,JP,3.841983550349071e-06,114.77640637826262,180.56495162063064
2017,vw_nz,JP3595200001,TOSOH,JP,2.375527271667591e-06,1233.560143493924,1459.4770366686434
2017,vw_nz,HK0293001514,CATHAY PACIFIC AIRWAYS,HK,2.3431314533898237e-06,1505.5886163324494,3400.2244533201333
2017,vw_nz,JP3663900003,SOJITZ,JP,1.2141423616615156e-06,69.32008476430181,286.7027020375264
2017,vw_nz,AU000000SUN6,SUNCORP GROUP,AU,1.0652243657393884e-06,0.5642223069393281,0.540945266097959
2018,vw_nz,AU000000BWP3,BWP GROUP STAPLED UNITS,AU,0.07800134755592701,0.0,0.0
2018,vw_nz,JP3720800006,NSK,JP,0.024345048535021674,15.641451552955502,15.934390425994229
2018,vw_nz,JP3633400001,TOYOTA MOTOR,JP,0.024259207143905875,9.62678113430414,11.311938686630686
2018,vw_nz,JP3769000005,HACHIJUNI NAGANO BANK,JP,0.024041603407770618,1.5980244737418854,0.8523313309120915
2018,vw_nz,JP3711200000,AOZORA BANK,JP,0.023137911280391884,0.0643597452319485,0.016407496585189776
2018,vw_nz,JP3819400007,FUJI MEDIA HOLDINGS,JP,0.01930456017622909,0.0,0.0
2018,vw_nz,JP3496400007,KDDI,JP,0.018593707097440314,0.5001970989985122,0.34440387901750535
2018,vw_nz,JP3726800000,JAPAN TOBACCO,JP,0.017328545358995247,19.501073797222265,5.767972766623396
2018,vw_nz,HK2388011192,BOC HONG KONG HOLDINGS,HK,0.016061641840206503,0.026305711230595392,0.0062051107752028115
2018,vw_nz,JP3787000003,HITACHI CON.MCH.,JP,0.015444352003911137,6.047889322202371,5.538704138715216
2018,vw_nz,JP3436100006,SOFTBANK GROUP,JP,0.01484400163531275,0.13764861707567969,0.12750108621160747
2018,vw_nz,KYG217651051,CK HUTCHISON HOLDINGS,HK,0.014276206893172352,297.46067313037804,182.15481518699278
2018,vw_nz,JP3765400001,HOUSE SHOKUHIN GP.HONSHA K K,JP,0.014070358011157743,21.316940114164897,16.479093796191954
2018,vw_nz,JP3955000009,YOKOGAWA ELECTRIC,JP,0.01384075647902469,4.166145177670738,2.7321832824845638
2018,vw_nz,AU000000BEN6,BENDIGO & ADELAIDE BANK,AU,0.013700259396792548,1.6000717406064644,0.8231438074190586
2018,vw_nz,AU000000WBC1,WESTPAC BANKING,AU,0.0136436101172783,0.33260258270780757,0.11464708734663297
2018,vw_nz,JP3435000009,SONY GROUP,JP,0.013550935346271218,3.0438433169339705,3.7249000772672205
2018,vw_nz,JP3592200004,TOSHIBA DEAD - DELIST.20/12/23,JP,0.013441197219347114,9.087157071344757,17.457398657155736
2018,vw_nz,AU000000CSL8,CSL,AU,0.012761388758227165,7.269576553695936,1.0470090681046476
2018,vw_nz,JP3205800000,KAO,JP,0.01228116133249315,48.32147715494704,17.916951084525138
2018,vw_nz,JP3890350006,SUMITOMO MITSUI FINL.GP.,JP,0.01214234286811721,0.33527154361035794,0.2653559652625482
2018,vw_nz,JP3899600005,MITSUBISHI ESTATE,JP,0.011901990305491869,12.197100961610891,4.5851198921774285
2018,vw_nz,JP3667600005,JGC HOLDINGS,JP,0.011793172393927845,18.574265005648417,21.672049775144018
2018,vw_nz,HK0688002218,CHINA OVERSEAS LAND INVESTMENT,HK,0.011753093692416389,1.2205850288990403,0.5892730610166704
2018,vw_nz,JP3389900006,JAFCO GROUP,JP,0.011687451470626428,0.020670918969997634,0.0049935796832643745
2018,vw_nz,JP3198900007,ORIENTAL LAND,JP,0.011621437952286645,13.750114584288202,1.6722533865221392
2018,vw_nz,HK0823032773,LINK REAL ESTATE INVESTMENT TRUST,HK,0.010534852897690529,0.0,0.0
2018,vw_nz,JP3735400008,NTT,JP,0.010331058581638877,1.7375987996329365,1.852275891387748
2018,vw_nz,JP3629000005,TOPPAN HOLDINGS,JP,0.009110862955538354,18.275685463957124,36.250833344671356
2018,vw_nz,JP3902900004,MITSUBISHI UFJ FINL.GP.,JP,0.008906891032760387,0.21647679192660813,0.11118274258968806
2018,vw_nz,AU000000ANZ3,ANZ GROUP HOLDINGS,AU,0.00840971014396805,0.5720828533875487,0.2645272491771613
2018,vw_nz,JP3870000001,MABUCHI MOTOR,JP,0.00813859134823085,2.4274561746866885,0.8150837157323013
2018,vw_nz,JP3350800003,SHIKOKU ELECTRIC POWER,JP,0.007866096589088252,1433.0411886931367,3742.0127795527155
2018,vw_nz,JP3201200007,OLYMPUS,JP,0.007589007530364863,4.258495361796813,2.2993629503656967
2018,vw_nz,HK0011000095,HANG SENG BANK DEAD - DELIST.28/01/26,HK,0.007454551859657095,0.03540031642946735,0.004271026639695348
2018,vw_nz,AU000000CWY3,CLEANAWAY WASTE MANAGEMENT,AU,0.00674558688271017,591.6948317284719,300.9781790820166
2018,vw_nz,JP3165600002,NTN,JP,0.0066376628611462245,15.451468503557196,38.90985992359469
2018,vw_nz,JP3894900004,ISETAN MITSUKOSHI HDG.,JP,0.0065382243395870785,2.2209387129519857,5.203079158060471
2018,vw_nz,JP3351600006,SHISEIDO,JP,0.006375406693544104,3.034796369798373,1.297719316536998
2018,vw_nz,JP3210200006,KAJIMA,JP,0.006305461332308973,10.946435117684835,18.13189906830668
2018,vw_nz,JP3854600008,HONDA MOTOR,JP,0.006237481854459393,9.79758074797736,21.148180128606
2018,vw_nz,JP3898400001,MITSUBISHI,JP,0.006081365247044896,81.35280628059729,120.45194256012687
2018,vw_nz,HK0002007356,CLP HOLDINGS,HK,0.0060021935487989215,3248.8319877729405,1481.842824308344
2018,vw_nz,HK0023000190,BANK OF EAST ASIA,HK,0.005904736045272293,0.633024081468091,0.19307347971599742
2018,vw_nz,KYG2108Y1052,CHINA RESOURCES LAND,HK,0.005837977709825553,34.59934346236411,18.47090429596037
2018,vw_nz,HK0000055878,CHINA TAIPING INSURANCE HLDGS,HK,0.005828004227558651,0.0459794759464489,0.07559277881992205
2018,vw_nz,JP3322930003,SUMCO,JP,0.005793552215618779,10.58840620345072,3.232342038676912
2018,vw_nz,AU000000OZL8,OZ MINERALS DEAD - DELIST.03/05/23,AU,0.005783254124754801,104.945064413606,38.32595356364208
2018,vw_nz,JP3475350009,DAIICHI SANKYO,JP,0.005721508524615273,12.40767640188632,4.282667292062491
2018,vw_nz,JP3407400005,SUMITOMO ELECTRIC IND.,JP,0.005688080823606873,7.02122554308649,14.38299373600724
2018,vw_nz,JP3404200002,SUMITOMO RUBBER INDS.,JP,0.005668192286248768,50.29697218514567,78.18287365061246
2018,vw_nz,JP3209000003,CASIO COMPUTER,JP,0.0056347304728929385,1.9553990650805337,1.5371415094083873
2018,vw_nz,JP3519400000,CHUGAI PHARM.,JP,0.005581204503553427,10.226027272712244,1.7214037677621508
2018,vw_nz,BMG2442N1048,COSCO SHIPPING PORTS,HK,0.0054861264890110764,72.5772028949307,15.23409112779859
2018,vw_nz,AU000000ASX7,ASX,AU,0.005344592472936746,0.06378768445426647,0.00521314304370132
2018,vw_nz,JP3837800006,HOYA,JP,0.005304186395291211,4.504858998081248,1.1042351476617438
2018,vw_nz,HK0004000045,WHARF HOLDINGS,HK,0.005150673202943161,2.7337782568742997,1.212825398047291
2018,vw_nz,JP3409000001,SUMITOMO REAL.&DEV.,JP,0.005085528042646459,2.024774570582099,0.9644450842090112
2018,vw_nz,SGXE21576413,GENTING SINGAPORE,SG,0.00507037211285185,1.8797883546553322,0.27960775793154624
2018,vw_nz,HK0291001490,CHINA RESOURCES BEER HOLDINGS,HK,0.005045179833370895,57.50495326756555,20.571999151100112
2018,vw_nz,JP3118000003,ASICS,JP,0.005025420930820296,1.1039686320636959,1.214519609241517
2018,vw_nz,JP3126400005,ALPS ALPINE,JP,0.00501690456472267,1.1844623188519305,1.6222952062374514
2018,vw_nz,JP3112000009,AGC,JP,0.004901243127022951,399.7456109440392,522.0682175704521
2018,vw_nz,AU000000WES1,WESFARMERS,AU,0.004682863152161824,45.50776670064103,63.11753726978319
2018,vw_nz,HK0083000502,SINO LAND,HK,0.004568452115526393,0.3521418425151032,0.042617566987624006
2018,vw_nz,JP3242800005,CANON,JP,0.004531292044532418,4.342876307107153,3.026879108877136
2018,vw_nz,AU000000CBA7,COMMONWEALTH BK.OF AUS.,AU,0.004473369358562921,0.26622384371298635,0.0777203316707817
2018,vw_nz,JP3402600005,SUMITOMO METAL MINING,JP,0.004436645298346791,225.9936483378277,135.31208443241024
2018,vw_nz,JP3551500006,DENSO,JP,0.00433274154148699,15.497562031350355,13.855009931431756
2018,vw_nz,JP3493400000,DIC,JP,0.004157464868650596,38.39575685254359,73.47938302956673
2018,vw_nz,AU000000STO6,SANTOS,AU,0.004083189229179468,1711.4309245904255,618.1200368845399
2018,vw_nz,JP3814800003,SUBARU,JP,0.004014500976045489,8.66108315643986,10.688367954133193
2018,vw_nz,JP3902400005,MITSUBISHI ELECTRIC,JP,0.004010548469506884,7.765538648697577,7.775903478462628
2018,vw_nz,AU000000ERA9,ENERGY RES.OF AUS.,AU,0.003977613459562028,596.2010798694939,329.6672747806446
2018,vw_nz,JP3421800008,SECOM,JP,0.0039511416639512395,6.432718495373942,3.0677796528714403
2018,vw_nz,JP3429800000,ANA HOLDINGS,JP,0.003915857785834804,660.8214561384347,832.4758061718832
2018,vw_nz,JP3397200001,SUZUKI MOTOR,JP,0.0038223859555065313,19.698294854987214,23.764110854824317
2018,vw_nz,SG1T75931496,SINGAPORE TELECOM,SG,0.003758087690241346,0.45875642669408156,0.14098004271519415
2018,vw_nz,BMG2108M2182,CHINESE ESTATES HDG.,HK,0.0037261025765544676,0.016502416056850825,0.0009820590094707317
2018,vw_nz,JP3419400001,SEKISUI CHEMICAL,JP,0.0036811886042693452,14.18395807593865,14.781461868762209
2018,vw_nz,JP3134800006,IHI,JP,0.0036445266353418047,5.313544779726005,14.565420632366239
2018,vw_nz,JP3695200000,NGK INSULATORS,JP,0.0035695876194409234,80.22257754138859,48.055840887110826
2018,vw_nz,JP3352400000,CITIZEN WATCH,JP,0.003562356923974842,7.8814233496309205,9.360256885266148
2018,vw_nz,JP3933800009,LY,JP,0.003534567351489757,0.000250429361139674,7.409797753275223e-05
2018,vw_nz,JP3197800000,OMRON,JP,0.003532377761684619,8.807647703438086,5.132792500559795
2018,vw_nz,HK0000049939,CHINA UNICOM (HONG KONG),HK,0.0035095190567714027,9.09804468512024,8.125289326180736
2018,vw_nz,HK0016000132,SUN HUNG KAI PROPERTIES,HK,0.0034929525722623847,5.608352324412873,1.26397758077871
2018,vw_nz,JP3900000005,MITSUBISHI HEAVY INDS.,JP,0.0034449968289988857,5.116718567192993,14.892950408129282
2018,vw_nz,JP3818000006,FUJITSU,JP,0.0034154500286737626,5.291213563079964,15.497541526366954
2018,vw_nz,BMG677491539,ORIENT OVERSEAS (INTL.),HK,0.0034107462434377783,927.3881571101396,965.2609531951272
2018,vw_nz,JP3359600008,SHARP,JP,0.0033792504159473585,12.19924979234705,14.937474785938631
2018,vw_nz,JP3197600004,ONO PHARM.,JP,0.0033263581238966644,3.6576680859853217,0.6196116565718564
2018,vw_nz,JP3982800009,ROHM,JP,0.0032910941845555796,10.15892759287989,2.941409559540218
2018,vw_nz,AU000000NAB4,NATIONAL AUS.BANK,AU,0.0032561913740945646,0.7437438473085517,0.3009355982465895
2018,vw_nz,JP3830000000,BROTHER INDUSTRIES,JP,0.0032315388723764007,10.599160417790369,9.962285675240896
2018,vw_nz,JP3538800008,TDK,JP,0.003182915632923699,11.373476973297363,10.650394905563884
2018,vw_nz,JP3528600004,CHIYODA CORPORATION,JP,0.003174334189314366,0.21039439893087,0.4188776298738612
2018,vw_nz,JP3560800009,TOKAI CARBON,JP,0.0030932862805292745,2524.52319756316,732.4682371026812
2018,vw_nz,JP3743000006,NH FOODS,JP,0.0030480271742688676,30.558734854327035,66.7387752284077
2018,vw_nz,SG1L01001701,DBS GROUP HOLDINGS,SG,0.0029749975680505416,1.7197879054367741e-06,3.8558728703291163e-07
2018,vw_nz,BMG668971101,CTF SERVICES,HK,0.002961329413460069,87.66166173728116,52.87887719484167
2018,vw_nz,JP3635400009,TOYOTA BOSHOKU,JP,0.002960020711725761,5.0238161009054085,15.372187155303529
2018,vw_nz,JP3495000006,SUMITOMO PHARMA,JP,0.002928871708386656,19.33049584658417,14.225058213049397
2018,vw_nz,AU000000LLC3,LENDLEASE GROUP STAPLED UNITS,AU,0.002912741320524559,10.270912594642352,19.24023112674968
2018,vw_nz,JP3910660004,TOKIO MARINE HOLDINGS,JP,0.0028860856579640683,0.2948726907428433,0.40855210140131054
2018,vw_nz,JP3249600002,KYOCERA,JP,0.0028082860540625957,9.04534091738534,5.309467221851627
2018,vw_nz,AU000000CGF5,CHALLENGER,AU,0.002791153459065237,0.0020408912980476833,0.0005261559646543456
2018,vw_nz,JP3814000000,FUJIFILM HOLDINGS,JP,0.0027330271795498757,31.2212186491474,31.751489824271452
2018,vw_nz,JP3358800005,SHIMIZU,JP,0.002693941883352501,16.104709225921386,27.60641440848473
2018,vw_nz,HK0000139300,TELEVISION BROADCASTS,HK,0.00264758813951259,1.4031590606520885,0.5115956327282294
2018,vw_nz,JP3116000005,ASAHI GROUP HOLDINGS,JP,0.0026350560755123856,24.513799495439294,18.50245227426309
2018,vw_nz,JP3173400007,OBIC,JP,0.002620559948284382,0.5109572876323372,0.03810114799875892
2018,vw_nz,JP3951600000,UNI CHARM,JP,0.002582680943497644,5.389131934468871,1.8867879071145746
2018,vw_nz,JP3672400003,NISSAN MOTOR,JP,0.0025512046744817713,8.405360106013676,20.34453058861118
2018,vw_nz,AU000000SHL7,SONIC HEALTHCARE,AU,0.0025361820725295857,1.9855743971238768,1.0134175713023734
2018,vw_nz,HK0019000162,SWIRE PACIFIC 'A',HK,0.0025214940611620234,1817.6789762080734,2055.1008000563916
2018,vw_nz,JP3362700001,MITSUI OSK LINES,JP,0.00246663500668531,1180.0734760726061,4191.921812427182
2018,vw_nz,JP3802300008,FAST RETAILING,JP,0.0024543914167288244,0.7029763369413867,0.26581177683796786
2018,vw_nz,AU000000NCM7,NEWCREST MINING DEAD - DELIST.08/11/23,AU,0.0024328347197240846,396.51123544083663,98.60188307628401
2018,vw_nz,JP3942800008,YAMAHA MOTOR,JP,0.0024154253593860397,9.660943303368834,12.512980225541318
2018,vw_nz,HK0000745908,YUEXIU PROPERTY COMPANY,HK,0.002340567791529248,0.6584688232584269,0.8601235415236789
2018,vw_nz,HK0003000038,HONG KONG AND CHINA GAS,HK,0.002327429530524779,194.3520850582984,29.225809395572597
2018,vw_nz,JP3027670003,NIPPON BUILDING FUND,JP,0.0023023243012576253,10.824114119136938,1.0326516929265839
2018,vw_nz,JP3544000007,TEIJIN,JP,0.002211317279071678,92.52679376907356,157.94560518649288
2018,vw_nz,AU000000TLS2,TELSTRA GROUP,AU,0.0021363643070860376,2.658689745456173,1.590644307454744
2018,vw_nz,JP3893600001,MITSUI,JP,0.0020531071169292976,78.61837060508374,104.31257468725892
2018,vw_nz,JP3762600009,NOMURA HDG.,JP,0.0019682595582053886,0.17492706938518454,0.12846566398757936
2018,vw_nz,AU000000TAH8,TABCORP HOLDINGS,AU,0.001948410776374535,2.00096963739366,0.46793694152952375
2018,vw_nz,JP3942600002,YAMAHA,JP,0.001903476010625532,5.922674082197961,2.853867114020677
2018,vw_nz,JP3573000001,TOKYO GAS,JP,0.001885168937468305,250.0563299625928,342.3602855049639
2018,vw_nz,SG9999000020,FLEX,SG,0.0018756904305453,2.972581952454433,8.210712340477238
2018,vw_nz,JP3371200001,SHIN-ETSU CHEMICAL,JP,0.0018071306464850462,139.07635813397386,36.4429418911617
2018,vw_nz,JP3940000007,YAMATO HDG.,JP,0.001804875366689286,47.6972777922128,61.84117266676644
2018,vw_nz,BMG684371393,PACIFIC BASIN SHIP.,HK,0.0017975536950593535,952.1465442542475,1396.6784375401842
2018,vw_nz,JP3200450009,ORIX,JP,0.0017839104277179102,8.809352115363797,9.571282044605415
2018,vw_nz,JP3711600001,NIPPON SANSO HOLDINGS,JP,0.0017490415069404102,3.2916358147994025,2.8369344981686844
2018,vw_nz,JP3942400007,ASTELLAS PHARMA,JP,0.0017042838061534955,7.392336402418269,3.1339603237447076
2018,vw_nz,AU000000SBM8,ST BARBARA,AU,0.0016610613099446003,271.0772147104568,91.381019967725
2018,vw_nz,JP3293200006,COCA-COLA BOTTLERS JAPAN HOLDINGS,JP,0.0016434651433836218,28.377532551711088,30.861636327617706
2018,vw_nz,JP3935600001,YAMAZAKI BAKING,JP,0.0015827957457100277,33.74970193877363,73.47723004534137
2018,vw_nz,JP3890310000,MS&AD INSURANCE GP.HDG.,JP,0.0015531325964436421,0.5729071143284852,1.3847866706107421
2018,vw_nz,BMG988031446,YUE YUEN INDL.HDG.,HK,0.0015019341426123075,5.346274103473285,6.626010773402703
2018,vw_nz,SG1S83002349,UOL GROUP,SG,0.001463365205697783,1.393345427387703,0.38500857692374335
2018,vw_nz,JP3977400005,RINNAI,JP,0.0014403982218644806,13.027512796292461,8.305571179278617
2018,vw_nz,JP3347200002,SHIONOGI,JP,0.0014363033696461192,13.875115024626924,2.337105530081306
2018,vw_nz,AU000000CQR9,CHARTER HALL RETAIL REIT,AU,0.0013945711191997675,0.48153183775209607,0.0697704961092688
2018,vw_nz,HK0308001558,CTII.INTL.INV.HK.,HK,0.0013670496801345315,50.05841151277214,15.601547369571046
2018,vw_nz,HK0006000050,POWER ASSETS HOLDINGS,HK,0.0012943861584880515,62808.74455393191,604.3226943307233
2018,vw_nz,KYG0535Q1331,ASMPT,HK,0.001285369167045712,1.0266239293539903,0.4028204436629339
2018,vw_nz,JP3877600001,MARUBENI,JP,0.0012829205573280295,9.820498579335762,51.79603290203243
2018,vw_nz,JP3783600004,EAST JAPAN RAILWAY,JP,0.001272328319157404,52.429952922805796,36.92395312623688
2018,vw_nz,JP3670800006,NISSAN CHEMICAL,JP,0.0012604340920673368,153.24025298918355,43.29211814693386
2018,vw_nz,JP3596200000,TOTO,JP,0.0012598084662322053,34.047150977670526,19.037381634290846
2018,vw_nz,JP3404600003,SUMITOMO,JP,0.001150306694380395,22.319547686318664,42.60620015258912
2018,vw_nz,HK0200030994,MELCO INTL.DEV.,HK,0.0011438050007818831,4.105944693012353,4.774683443655952
2018,vw_nz,JP3582600007,TOKYO TATEMONO,JP,0.001106718794394053,1.364395802126225,0.9654684130917516
2018,vw_nz,AU000000COH5,COCHLEAR,AU,0.0011066064817861901,0.7190805251658429,0.09095372729124059
2018,vw_nz,JP3148800000,IBIDEN,JP,0.0010647548422610387,51.29877786404139,61.988536746712064
2018,vw_nz,IE00BKVD2N49,SEAGATE TECHNOLOGY HOLDINGS,SG,0.0010644687173947797,24.688782232260493,17.79138191897059
2018,vw_nz,JP3566800003,CENTRAL JAPAN RAILWAY,JP,0.001052514332153333,4.506706008992097,1.8717431037648848
2018,vw_nz,MU0117U00026,GOLDEN AGRI-RESOURCES,SG,0.0010511536130632761,261.78488713150523,546.0920635174764
2018,vw_nz,JP3585800000,TOKYO ELECTRIC POWER CO. HDG.,JP,0.0009835546044480031,1637.0897627954282,12959.542439869934
2018,vw_nz,SG1V61937297,SINGAPORE AIRLINES,SG,0.0009822924770048558,1205.5477354731777,1376.54046475137
2018,vw_nz,SGXE34184239,SEATRIUM,SG,0.0009727823160424477,26.995046461177946,11.05350659926034
2018,vw_nz,JP3621000003,TORAY INDS.,JP,0.0009593549434599673,162.30404188637544,199.3453275877166
2018,vw_nz,HK0012000102,HENDERSON LD.DEV.,HK,0.0009460877035784305,0.2677183487823133,0.030411912458746804
2018,vw_nz,AU000000IGO4,IGO,AU,0.0009392937760210906,161.80167391240056,31.086042466148587
2018,vw_nz,NZAIRE0001S2,AIR NEW ZEALAND,NZ,0.0009033569570421789,970.394513496309,1450.7350424691203
2018,vw_nz,JP3665200006,NICHIREI,JP,0.0008581925021230189,8.6717602747056,11.782379451530238
2018,vw_nz,JP3820000002,FUJI ELECTRIC,JP,0.0008492399785977061,29.85633978763273,38.667007497193005
2018,vw_nz,AU000000MND5,MONADELPHOUS GROUP,AU,0.0007963163513645777,7.86070673615925,6.55874666171577
2018,vw_nz,JP3659000008,WEST JAPAN RAILWAY,JP,0.0007962340434487267,7.424589006307114,7.035975647081091
2018,vw_nz,JP3194000000,OKI ELECTRIC IND.,JP,0.0007740976636587931,3.7807818656898244,12.389065232882036
2018,vw_nz,BMG8063F1068,SHANGRI-LA ASIA,HK,0.0007688327016947909,69.5628864751178,18.283343469804354
2018,vw_nz,JP3526600006,CHUBU ELEC.POWER,JP,0.0007676636524080073,2249.5163539838936,5887.707635646938
2018,vw_nz,AU000000MAH3,MACMAHON HOLDINGS,AU,0.0007380978392065937,1.5533842756014926,1.4778453067373125
2018,vw_nz,JP3481800005,DAIKIN INDUSTRIES,JP,0.0007341033327256964,37.354732483346055,21.568323624749766
2018,vw_nz,SG1R50925390,SEMBCORP INDUSTRIES,SG,0.0006930537065008021,3740.861378666036,4892.195014083984
2018,vw_nz,AU000000MTS0,METCASH,AU,0.0006765835278335859,2.117381916012828,9.979791134721735
2018,vw_nz,JP3505000004,DAIWA HOUSE INDUSTRY,JP,0.0006731697115609857,8.061956223219134,10.264421074096717
2018,vw_nz,AU0000038911,OVATO DEAD - DELIST.29/08/22,AU,0.0006545432733866866,33.01201637396012,134.15615776764153
2018,vw_nz,JP3421100003,JAPAN PETROLEUM EXP.,JP,0.0006447633244300304,263.0739832596603,324.0717581611971
2018,vw_nz,AU000000DXS1,DEXUS STAPLED UNITS,AU,0.0006370692318916719,25.53880501635357,2.4733865797593073
2018,vw_nz,AU000000BHP4,BHP GROUP,AU,0.0006344529828634048,248.67903060921853,134.77749304954122
2018,vw_nz,AU000000PPT9,PERPETUAL,AU,0.0006320267385660855,0.34152522811529895,0.07316137886493905
2018,vw_nz,JP3420600003,SEKISUI HOUSE,JP,0.0006222624781734314,3.936181714595643,6.201130860773337
2018,vw_nz,JP3166000004,EBARA,JP,0.00061823063831255,2.284973939420341,2.563341996941398
2018,vw_nz,AU000000QAN2,QANTAS AIRWAYS,AU,0.0006161367848579558,943.7913950225922,1677.5593291018586
2018,vw_nz,JP3215800008,KANEKA,JP,0.0005655633066591375,213.77441807684013,350.2567520861107
2018,vw_nz,JP3734800000,NIDEC,JP,0.000528647939427463,7.067078636382596,1.9592947986899134
2018,vw_nz,JP3401400001,SUMITOMO CHEMICAL,JP,0.0005256175620337794,337.2500565744798,557.3071665462144
2018,vw_nz,JP3190000004,OBAYASHI,JP,0.0005217708568714991,8.742618467969658,17.3001874091683
2018,vw_nz,JP3835620000,BENESSE HOLDINGS DEAD - DELIST.17/05/24,JP,0.0004926197828375399,0.030229213007630356,0.030743532329386203
2018,vw_nz,JP3626800001,LIXIL,JP,0.0004921755870942863,38.56203505580409,66.5030326481922
2018,vw_nz,AU000000GPT8,GPT GROUP STAPLED UNITS,AU,0.0004908248061312192,17.598046641774417,1.3776303195867945
2018,vw_nz,HK0144000764,CHINA MERCHANTS PORT HOLDINGS,HK,0.0004903905313843686,20.188804373941,2.7683180826596385
2018,vw_nz,JP3246400000,KYUSHU ELEC.POWER,JP,0.00048595610180533495,1518.4312534563721,5049.828803152318
2018,vw_nz,JP3684000007,NITTO DENKO,JP,0.0004616840049294158,48.88421167009087,25.450192324882956
2018,vw_nz,AU000000GWA4,GWA GROUP,AU,0.00045584705905293247,35.6073377006736,16.82010617566024
2018,vw_nz,JP3868400007,MAZDA MOTOR,JP,0.0004480666060714132,4.430030211189242,15.452429076734282
2018,vw_nz,HK0165000859,CHINA EVERBRIGHT,HK,0.00043438495787402777,0.15098353240338888,0.018312302605240135
2018,vw_nz,AU000000ORG5,ORIGIN ENERGY (EX BORAL),AU,0.0004252900160453459,1542.8160768197024,1355.204239471648
2018,vw_nz,JP3358200008,SHIMAMURA,JP,0.00042312173696678083,0.14263774311919436,0.17107998340758515
2018,vw_nz,AU000000DOW2,DOWNER EDI,AU,0.0004101473882109967,43.31105581018396,103.01789809015222
2018,vw_nz,HK0242001243,SHUN TAK HOLDINGS,HK,0.000392848514568942,518.2572903671291,330.95735115906336
2018,vw_nz,JP3811000003,FUJIKURA,JP,0.0003799659591887199,4.197057148705344,9.72821390270398
2018,vw_nz,JP3156400008,USHIO,JP,0.0003577584408519492,2.537050695653957,2.0111220021574123
2018,vw_nz,JP3122400009,ADVANTEST,JP,0.00035241534655953207,2.242021878980236,0.9306630394170352
2018,vw_nz,JP3600200004,TOHO GAS,JP,0.00035218657250160894,17.607000542154125,21.00876436556341
2018,vw_nz,SG1U68934629,KEPPEL,SG,0.0003306293392090315,5.815718738493892,2.189869760245941
2018,vw_nz,JP3224200000,KAWASAKI HEAVY INDUSTRY,JP,0.0003221495466406449,12.388991817634041,26.042051995324268
2018,vw_nz,JP3605400005,TOHOKU ELECTRIC PWR.,JP,0.00031987050460907906,1785.5520423367452,5045.377634210122
2018,vw_nz,JP3463000004,TAKEDA PHARMACEUTICAL,JP,0.00030585390060382955,9.89017088855397,3.426369985855516
2018,vw_nz,JP3638600001,DOWA HDG.,JP,0.0002977460651752859,204.74891166587963,327.7665233158836
2018,vw_nz,HK0293001514,CATHAY PACIFIC AIRWAYS,HK,0.0002899775295800967,1479.7989608119262,2937.0360914397324
2018,vw_nz,JP3634600005,TOYOTA INDS.,JP,0.0002761169373258832,11.15731939506823,8.838774330208256
2018,vw_nz,JP3982100004,LAWSON DEAD - DELIST.24/07/24,JP,0.0002668316754285551,0.8486212733046378,0.7533958208690642
2018,vw_nz,JP3827200001,FURUKAWA ELECTRIC,JP,0.0002650538654282584,27.895304001382108,60.945474286387395
2018,vw_nz,JP3160400002,EISAI,JP,0.00026464287461596086,8.28119006753118,2.5247883803507345
2018,vw_nz,JP3676800000,NISSHIN SEIFUN,JP,0.00026341975419912577,12.332912551079684,9.57843520837967
2018,vw_nz,AU000000MQG1,MACQUARIE GROUP,AU,0.00024010621266902754,0.04824296872700775,0.018255024096279392
2018,vw_nz,JP3799000009,HIROSE ELECTRIC,JP,0.00023707821977012706,2.0716238172778048,0.3941246360008856
2018,vw_nz,JP3228600007,KANSAI ELECTRIC PWR.,JP,0.00021638554237487872,1182.609563114172,2752.1966242942117
2018,vw_nz,JP3336000009,SANTEN PHARM.,JP,0.00021086016963466867,8.550703776175117,2.5021172219071817
2018,vw_nz,JP3385980002,J S R DEAD - DELIST.25/06/24,JP,0.00020635457374653337,109.64562679879631,79.31111680279271
2018,vw_nz,JP3830800003,BRIDGESTONE,JP,0.00019336566211801008,56.59484453687057,50.35658011966427
2018,vw_nz,JP3119600009,AJINOMOTO,JP,0.0001864135661488698,120.57958367223887,116.91292087866258
2018,vw_nz,JP3571400005,TOKYO ELECTRON,JP,0.00017729854220278657,1.8124181346720492,0.5653798621005259
2018,vw_nz,JP3788600009,HITACHI,JP,0.00017560252253608365,25.1171710103773,54.78768093825454
2018,vw_nz,AU0000088338,AMPOL,AU,0.0001707136633585293,43.54116168538793,99.81408777539428
2018,vw_nz,JP3486800000,DAITO TST.CONSTRUCTION,JP,0.00016827746543594726,2.736061261808081,2.897788176975994
2018,vw_nz,JP3443600006,TAISEI,JP,0.00015600135013691053,17.932454847039363,22.28128531185842
2018,vw_nz,AU000000QBE9,QBE INSURANCE GROUP,AU,0.00014050292666144466,0.4992647644763211,0.7123926676851865
2018,vw_nz,JP3762800005,NOMURA RESEARCH INST.,JP,0.00013716336247678734,0.48243502323889503,0.1717895749496442
2018,vw_nz,AU000000MGR9,MIRVAC GROUP STAPLED UNITS,AU,0.0001212431856115322,4.32381848446648,1.0880458352651763
2018,vw_nz,JP3891600003,MITSUI E&S,JP,0.00012124047071039227,18.507723142688835,86.78004379961675
2018,vw_nz,AU000000BSL0,BLUESCOPE STEEL,AU,0.00011480309094996042,1016.4290427658486,1340.5538828185677
2018,vw_nz,JP3635000007,TOYOTA TSUSHO,JP,0.00011248762859126154,3.7747877591558074,14.819649311900363
2018,vw_nz,AU000000ORI1,ORICA,AU,0.00010507356986926926,560.7979725303959,389.42310195284233
2018,vw_nz,JP3738600000,NITERRA,JP,0.00010009091183322129,1.8670772231887165,1.2231572500273107
2018,vw_nz,JP3320800000,SAPPORO HOLDINGS,JP,9.81520764309505e-05,23.90705251686902,49.7313133331668
2018,vw_nz,JP3381000003,NIPPON STEEL,JP,9.42953980722367e-05,1736.9336790854666,3561.2727326184013
2018,vw_nz,AU000000IAG3,INSURANCE AUS.GROUP,AU,8.935481612697524e-05,1.2625410000853738,0.8260698148280289
2018,vw_nz,AU000000AMP6,AMP,AU,8.580190916369008e-05,0.008380987030216482,0.00997048898710456
2018,vw_nz,JP3546800008,TERUMO,JP,8.215384753867806e-05,11.092188058647938,3.1137170537970875
2018,vw_nz,JP3766550002,HAKUHODO DY HDG.,JP,7.964813009961128e-05,0.02197208890578075,0.04460060329976372
2018,vw_nz,JP3914400001,MURATA MANUFACTURING,JP,7.92801544703968e-05,21.268052106558194,7.582753977698244
2018,vw_nz,JP3866800000,PANASONIC HOLDINGS,JP,7.179904747529192e-05,6.482055106825114,12.6139920981566
2018,vw_nz,AU000000WOW2,WOOLWORTHS GROUP,AU,6.798177565403652e-05,14.89144296729175,23.126456294694986
2018,vw_nz,JP3535800001,TSUMURA,JP,6.046343576954355e-05,31.611239788266268,12.761364838919377
2018,vw_nz,SG1F60858221,SINGAPORE TECHS.ENGR.,SG,5.936943257410942e-05,6.255908496380439,3.9588481516970093
2018,vw_nz,BMG4600H1198,HOPSON DEVELOPMENT HOLDINGS,HK,4.805101873820218e-05,1.192678717926957,0.906764168190128
2018,vw_nz,NZAIAE0002S6,AUCKLAND INTL.AIRPORT,NZ,3.9962464958735916e-05,5.057198001482717,0.41313026814007314
2018,vw_nz,JP3870400003,MARUI GROUP,JP,3.8511858573550754e-05,6.538676739965232,3.1660311989760155
2018,vw_nz,AU000000BLD2,BORAL DEAD - DELIST.08/07/24,AU,3.844389337699495e-05,504.38996945035314,270.0756449641595
2018,vw_nz,SG1N31909426,COMFORTDELGRO CORPORATION,SG,3.324784603315062e-05,317.7504383166647,272.5092713383198
2018,vw_nz,JP3256000005,KYOWA KIRIN,JP,2.8297516198468712e-05,21.24953261773738,5.928909217363414
2018,vw_nz,JP3304200003,KOMATSU,JP,2.6820467352213282e-05,5.384672774547643,3.142065716223334
2018,vw_nz,JP3294460005,INPEX,JP,2.5662218456701634e-05,67.56639715686644,30.439720331888385
2018,vw_nz,SG1T58930911,FRASER AND NEAVE,SG,2.2333202903811206e-05,28.795060753210013,14.852967642083287
2018,vw_nz,AU000000TCL6,TRANSURBAN GROUP STAPLED UNITS,AU,2.047946184664285e-05,1.7456654239895852,0.19902894400630203
2018,vw_nz,AU000000SGP0,STOCKLAND STAPLED UNITS,AU,2.029025676628511e-05,11.007602351067828,3.157505604066934
2018,vw_nz,JP3845400005,HOKURIKU ELEC.POWER,JP,1.965895009135427e-05,3230.320638205192,10079.378887880783
2018,vw_nz,JP3289800009,KOBE STEEL,JP,1.881209822901021e-05,1051.57150231723,4424.30317225037
2018,vw_nz,JP3657400002,NIKON,JP,1.809802549955966e-05,6.267423685601022,5.141801586439205
2018,vw_nz,JP3258000003,KIRIN HOLDINGS,JP,1.710130698373896e-05,22.34174959277788,16.26160939994965
2018,vw_nz,JP3967200001,RAKUTEN GROUP,JP,1.564854525129792e-05,0.1346745860886517,0.08942519690538996
2018,vw_nz,JP3452000007,TAIYO YUDEN,JP,1.2806113689659973e-05,13.8088560248669,14.943812451200348
2018,vw_nz,JP3143600009,ITOCHU,JP,1.0926824302863434e-05,31.555839532336876,46.83012580852036
2018,vw_nz,JP3266400005,KUBOTA,JP,1.0226526655476072e-05,19.91490913917238,12.689825330176404
2018,vw_nz,AU000000SGM7,SIMS,AU,8.508665027198282e-06,17.775669718304396,30.145049558912525
2018,vw_nz,HK0010000088,HANG LUNG GROUP,HK,8.210772307782779e-06,1.957365084234476,0.5994018995950688
2018,vw_nz,JP3027680002,JAPAN REAL ESTATE INV.,JP,7.656489225899638e-06,11.480274015642403,0.9809259373769883
2018,vw_nz,JP3111200006,ASAHI KASEI,JP,7.602594926137772e-06,170.18659203051325,170.54744629956056
2018,vw_nz,JP3385820000,GS YUASA,JP,6.765785049383957e-06,6.3567391588303925,10.479387296259267
2018,vw_nz,HK0388045442,HONG KONG EXCHANGES AND CLEARING,HK,6.7490715974900455e-06,0.02566388416133128,0.0008294990829669349
2018,vw_nz,JP3778630008,BANDAI NAMCO HDG.,JP,4.312954762048367e-06,0.3158322617085857,0.2610810711265301
2018,vw_nz,JP3165700000,NTT DATA GROUP DEAD - DELIST.26/09/25,JP,4.168952224993707e-06,0.46536331805631875,0.5320808095462625
2018,vw_nz,HK0066009694,MTR,HK,2.973926274380711e-06,7.118834452393606,1.4862132076816548
2018,vw_nz,AU000000SUN6,SUNCORP GROUP,AU,2.513387785859006e-06,0.6560012467513864,0.6083518561908562
2018,vw_nz,HK0014000126,HYSAN DEVELOPMENT,HK,2.1956594435696097e-06,0.066133629611994,0.0049582023541544775
2018,vw_nz,JP3786200000,HITACHI METALS DEAD - DELIST.29/12/22,JP,2.1218227740152364e-06,39.08981291231421,57.63650356313529
2018,vw_nz,BMG2178K1009,CKI HOLDINGS,HK,2.004035369483031e-06,11628.968070819103,381.40470494927916
2018,vw_nz,AU0000224040,WOODSIDE ENERGY GROUP,AU,1.7941775182687573e-06,2420.666599088588,426.4136330118459
2018,vw_nz,JP3634200004,TOYODA GOSEI,JP,1.7694816482295447e-06,15.296101232379065,34.16074805827202
2018,vw_nz,AU000000APA1,APA GROUP,AU,1.0279484440288748e-06,656.3877946969252,164.3798975902629
2019,vw_nz,AU000000BWP3,BWP GROUP STAPLED UNITS,AU,0.25145519010560285,0.0,0.0
2019,vw_nz,HK0363006039,SHANGHAI INDUSTRIAL HOLDINGS,HK,0.033494921175358024,4.512382023747477,7.6131481231580915
2019,vw_nz,JP3826800009,FURUKAWA,JP,0.029641124295770656,3.1583955726117963,10.158672626958237
2019,vw_nz,JP3358000002,SHIMANO,JP,0.02760600994230604,3.2617512137680533,0.7976127716409813
2019,vw_nz,JP3820000002,FUJI ELECTRIC,JP,0.026691880524745228,32.74494486459284,61.341309047731066
2019,vw_nz,AU000000BEN6,BENDIGO & ADELAIDE BANK,AU,0.02551146264388907,1.781290601374546,0.9826521379961449
2019,vw_nz,JP3899600005,MITSUBISHI ESTATE,JP,0.02468516600071267,9.268058009386937,4.422011357924065
2019,vw_nz,JP3435000009,SONY GROUP,JP,0.0236513596538381,2.4093095307981782,2.926713680852672
2019,vw_nz,AU000000GWA4,GWA GROUP,AU,0.022511956138494948,37.985969624882856,18.274408162520306
2019,vw_nz,JP3436100006,SOFTBANK GROUP,JP,0.021744476167043607,0.13167382173739173,0.13472285089357966
2019,vw_nz,KYG210961051,CHINA MENGNIU DAIRY,HK,0.01868305373701526,20.180457494815304,17.590385262942753
2019,vw_nz,HK0014000126,HYSAN DEVELOPMENT,HK,0.01798073460076657,0.08472234269380739,0.007597712003299578
2019,vw_nz,JP3493400000,DIC,JP,0.017888161300639298,36.7499711455554,89.77963689680452
2019,vw_nz,JP3830000000,BROTHER INDUSTRIES,JP,0.01520201665041989,3.375295311021396,4.872376720215789
2019,vw_nz,JP3769000005,HACHIJUNI NAGANO BANK,JP,0.014855830052234021,1.9400861947550774,1.2761128352401685
2019,vw_nz,HK0011000095,HANG SENG BANK DEAD - DELIST.28/01/26,HK,0.014722340965182665,0.02959227471741797,0.0044453290109825105
2019,vw_nz,KYG217651051,CK HUTCHISON HOLDINGS,HK,0.014668052471121256,254.93206128791653,231.32213698251434
2019,vw_nz,JP3788600009,HITACHI,JP,0.014289739901340396,21.580602320611792,62.48627891535849
2019,vw_nz,KYG2108Y1052,CHINA RESOURCES LAND,HK,0.013242336488921088,28.69305626660016,19.5691091029479
2019,vw_nz,BMG684371393,PACIFIC BASIN SHIP.,HK,0.012893369013678976,897.5960528418004,1629.7768336417003
2019,vw_nz,JP3933800009,LY,JP,0.012579557988308026,0.41785303089129416,0.2655000532616322
2019,vw_nz,JP3528600004,CHIYODA CORPORATION,JP,0.011951361088818207,0.26821046274551597,1.3706801530182195
2019,vw_nz,JP3389900006,JAFCO GROUP,JP,0.01190135238329187,0.03446806144951171,0.008311214777876082
2019,vw_nz,JP3814000000,FUJIFILM HOLDINGS,JP,0.009201043157815385,30.328064358679907,30.813885507156666
2019,vw_nz,JP3293200006,COCA-COLA BOTTLERS JAPAN HOLDINGS,JP,0.009023317065317874,22.583581214991504,30.006218954181815
2019,vw_nz,JP3452000007,TAIYO YUDEN,JP,0.008579717898691119,14.070053323048015,14.198389473380084
2019,vw_nz,AU000000PPT9,PERPETUAL,AU,0.008549568760362657,0.3735630703277565,0.13162672476397969
2019,vw_nz,JP3939000000,YAMADA HOLDINGS,JP,0.008282012218170473,0.6883388785913394,2.1113304548861462
2019,vw_nz,JP3670800006,NISSAN CHEMICAL,JP,0.007689370695516996,132.53063437010033,31.83555475434244
2019,vw_nz,HK0006000050,POWER ASSETS HOLDINGS,HK,0.007548045420590589,48856.64616207542,678.0267855517131
2019,vw_nz,JP3205800000,KAO,JP,0.007417561358897491,46.70902295023183,18.694225748451196
2019,vw_nz,JP3385820000,GS YUASA,JP,0.007316721785570133,19.099117415534113,42.96679840970129
2019,vw_nz,AU000000IGO4,IGO,AU,0.007229884205335309,131.3606356772808,40.04450412015029
2019,vw_nz,JP3560800009,TOKAI CARBON,JP,0.0071893165703548825,1023.283966029242,692.6994471848681
2019,vw_nz,JP3665200006,NICHIREI,JP,0.0071188483677985135,8.128375402401842,11.405381748736787
2019,vw_nz,JP3111200006,ASAHI KASEI,JP,0.007094969426270856,162.19458453704155,207.0765479948739
2019,vw_nz,HK0000055878,CHINA TAIPING INSURANCE HLDGS,HK,0.007003090599438325,0.9493276540032185,2.6032924176444903
2019,vw_nz,JP3621000003,TORAY INDS.,JP,0.006504218740358144,153.12129903854165,276.4465840055189
2019,vw_nz,HK0291001490,CHINA RESOURCES BEER HOLDINGS,HK,0.00629115203805676,40.561116241918974,16.520481584746257
2019,vw_nz,JP3756600007,NINTENDO,JP,0.00607660095547329,0.04825995296369338,0.013262006174359822
2019,vw_nz,AU000000MAH3,MACMAHON HOLDINGS,AU,0.006009135510731445,1.1149632272505428,2.1179667519181584
2019,vw_nz,JP3201200007,OLYMPUS,JP,0.005915372900652895,3.7889730256524623,1.9543708276271454
2019,vw_nz,JP3143000002,ITO EN,JP,0.0057430249276248626,7.111777750480045,8.15690927292277
2019,vw_nz,JP3494600004,SCREEN HOLDINGS,JP,0.0054667005167052035,3.4562760403340302,5.678657496346047
2019,vw_nz,JP3359600008,SHARP,JP,0.005342951176937242,12.232987918377995,42.79819440070415
2019,vw_nz,BMG2442N1048,COSCO SHIPPING PORTS,HK,0.0051943005175528936,104.56115279266405,31.615417667741873
2019,vw_nz,JP3787000003,HITACHI CON.MCH.,JP,0.005192388414254553,11.813382070336017,20.59257955755907
2019,vw_nz,JP3274400005,GLORY,JP,0.005136053882016544,1.4648908985998752,1.8708117277638083
2019,vw_nz,MU0117U00026,GOLDEN AGRI-RESOURCES,SG,0.004940457258154861,533.2694291724541,1575.4074770439825
2019,vw_nz,JP3862400003,MAKITA,JP,0.004864068063195742,0.36770289248425575,0.16360455465526608
2019,vw_nz,HK0003000038,HONG KONG AND CHINA GAS,HK,0.004678836149248449,162.06723078915897,24.067919848756834
2019,vw_nz,AU000000NCM7,NEWCREST MINING DEAD - DELIST.08/11/23,AU,0.004345550741017379,395.33076051246,99.80152506977407
2019,vw_nz,JP3134800006,IHI,JP,0.004054583417784697,5.8114432394555395,16.718193820083894
2019,vw_nz,AU000000DOW2,DOWNER EDI,AU,0.003929099087323527,39.20372104159324,114.81437322566197
2019,vw_nz,JP3496400007,KDDI,JP,0.00381247275050203,0.5521383310505945,0.40814785412397964
2019,vw_nz,JP3827200001,FURUKAWA ELECTRIC,JP,0.0037997097236823706,21.49145927226646,96.33722920436206
2019,vw_nz,JP3481800005,DAIKIN INDUSTRIES,JP,0.0037027372819041513,30.88811799905697,22.16725029716966
2019,vw_nz,JP3143600009,ITOCHU,JP,0.003537471558215845,13.11791510475013,42.592987818790554
2019,vw_nz,HK0688002218,CHINA OVERSEAS LAND INVESTMENT,HK,0.003505455745824773,2.008452753212935,1.065112530334552
2019,vw_nz,AU000000COH5,COCHLEAR,AU,0.0034830272898999466,0.3958349261898517,0.05026373096983193
2019,vw_nz,JP3667600005,JGC HOLDINGS,JP,0.003402899153302079,21.174785598399804,31.342621280707466
2019,vw_nz,HK0823032773,LINK REAL ESTATE INVESTMENT TRUST,HK,0.003313663281913943,1.2375536329905505,0.1192707445902198
2019,vw_nz,JP3386030005,JFE HOLDINGS,JP,0.0032623346965960816,1449.291346411613,4993.207137899397
2019,vw_nz,JP3902900004,MITSUBISHI UFJ FINL.GP.,JP,0.0028216595440101267,0.189527781568626,0.1510508704909846
2019,vw_nz,AU000000NAB4,NATIONAL AUS.BANK,AU,0.002695804200101396,0.793398894759982,0.4005451818635277
2019,vw_nz,JP3539220008,T & D HOLDINGS,JP,0.0024961120977251817,0.10002386582657634,0.22638621038708803
2019,vw_nz,BMG8063F1068,SHANGRI-LA ASIA,HK,0.0023516943675750135,60.36134183144007,32.13177556246958
2019,vw_nz,JP3678000005,NISSHINBO HOLDINGS,JP,0.002277518324786684,48.04966261765811,161.7225642114201
2019,vw_nz,IE00BKVD2N49,SEAGATE TECHNOLOGY HOLDINGS,SG,0.0022678192180122974,24.84009167842031,22.098176300136064
2019,vw_nz,JP3942600002,YAMAHA,JP,0.002262748093016384,5.492006384707059,2.6252200113361774
2019,vw_nz,JP3711600001,NIPPON SANSO HOLDINGS,JP,0.0021492864640489584,2.210273065028286,2.0343041807857065
2019,vw_nz,HK0000049939,CHINA UNICOM (HONG KONG),HK,0.002005232537430706,8.887337276272678,11.075948917723592
2019,vw_nz,AU000000SGM7,SIMS,AU,0.0019259706828878608,7.561292973011441,24.537140307829578
2019,vw_nz,JP3951600000,UNI CHARM,JP,0.0019105416303951703,4.977964173786027,1.6483984866264292
2019,vw_nz,JP3735400008,NTT,JP,0.0019072206247130884,2.3113036877016753,2.9886174321033936
2019,vw_nz,KYG5427W1309,LEE & MAN PAPER MNFG.,HK,0.0018938867141080687,1331.559573527771,1400.7938867516384
2019,vw_nz,JP3626800001,LIXIL,JP,0.0018925948600261766,33.760867968140204,123.84791998726632
2019,vw_nz,JP3165700000,NTT DATA GROUP DEAD - DELIST.26/09/25,JP,0.0018767619896648178,0.4587482635618913,0.5330129594835478
2019,vw_nz,JP3802300008,FAST RETAILING,JP,0.0018661512459985914,0.6232983814773667,0.2495111752392375
2019,vw_nz,JP3402600005,SUMITOMO METAL MINING,JP,0.0016766352732582755,212.121614085152,223.83427256904295
2019,vw_nz,JP3738600000,NITERRA,JP,0.0016587234162940096,18.147885331253274,15.991568496838186
2019,vw_nz,AU000000WOR2,WORLEY,AU,0.0015883310578566256,8.761989459096712,6.807122693093481
2019,vw_nz,JP3898400001,MITSUBISHI,JP,0.001474854901427861,48.766725014739364,138.7241355979872
2019,vw_nz,JP3592200004,TOSHIBA DEAD - DELIST.20/12/23,JP,0.0014461863434907245,9.800564564404251,18.582707806595547
2019,vw_nz,JP3538800008,TDK,JP,0.001399315232201061,9.589826403674792,11.928275350715628
2019,vw_nz,AU000000QAN2,QANTAS AIRWAYS,AU,0.0013280412940140152,966.7178020524578,1971.2291250442115
2019,vw_nz,SGXE34184239,SEATRIUM,SG,0.0012808223197630449,14.417053478796234,21.208108217898204
2019,vw_nz,JP3368000000,RESONAC HOLDINGS,JP,0.001270543211262057,392.6820037541811,709.0744408723089
2019,vw_nz,JP3625000009,TOKUYAMA,JP,0.0012436672652708974,2281.350641544488,3934.943832800231
2019,vw_nz,JP3657400002,NIKON,JP,0.0011953913566381243,5.807759062533557,5.599209385173622
2019,vw_nz,AU0000038911,OVATO DEAD - DELIST.29/08/22,AU,0.0011438078070907772,49.31861402858112,364.963503649635
2019,vw_nz,JP3197600004,ONO PHARM.,JP,0.0011276944725972556,3.65271802593276,0.8181213006923029
2019,vw_nz,JP3551520004,DENTSU GROUP,JP,0.0011233870178050057,0.5249081706015987,0.3517457758844017
2019,vw_nz,JP3711200000,AOZORA BANK,JP,0.0010612346283639276,0.03687286309105934,0.015261053790726066
2019,vw_nz,SG1U68934629,KEPPEL,SG,0.0010498257406384628,6.690021246316291,3.6332622182021965
2019,vw_nz,JP3300600008,KONICA MINOLTA,JP,0.0009594508153815213,17.547747831522607,34.699081215484284
2019,vw_nz,JP3409000001,SUMITOMO REAL.&DEV.,JP,0.0009446727303562032,2.062925104782112,1.0481735371091445
2019,vw_nz,JP3967200001,RAKUTEN GROUP,JP,0.0009419860408977349,0.2572817895929466,0.24631337982644935
2019,vw_nz,JP3276400003,GUNMA BANK,JP,0.0009010605963992537,1.173362495766685,0.8421074545766823
2019,vw_nz,JP3404600003,SUMITOMO,JP,0.000895891088236298,19.827363685212436,49.45271950314901
2019,vw_nz,AU000000FLT9,FLIGHT CENTRE TRAVEL GP.,AU,0.0008798936184461817,23.919946091275783,17.029862268961534
2019,vw_nz,JP3246400000,KYUSHU ELEC.POWER,JP,0.0008488772171982103,950.1590704803757,3098.991239525904
2019,vw_nz,SG1T75931496,SINGAPORE TELECOM,SG,0.0008379969362739259,0.5192582194938528,0.18207088940479899
2019,vw_nz,AU000000CWY3,CLEANAWAY WASTE MANAGEMENT,AU,0.0007852856576815561,516.4125042095243,291.99433253619003
2019,vw_nz,JP3850200001,HOKKAIDO ELEC.POWER,JP,0.0007482973816139965,2219.217481547236,9771.839218252862
2019,vw_nz,SG1L01001701,DBS GROUP HOLDINGS,SG,0.0007204047278719198,0.11347078677357517,0.03383497455924861
2019,vw_nz,JP3756100008,NITORI HOLDINGS,JP,0.0007042367393158004,7.279791964129728,2.6246812642054262
2019,vw_nz,NZAIRE0001S2,AIR NEW ZEALAND,NZ,0.0006936531913647435,999.3836669449203,1887.422472234242
2019,vw_nz,AU000000CBA7,COMMONWEALTH BK.OF AUS.,AU,0.0006911233250549669,0.25666178558163366,0.08506555090655508
2019,vw_nz,AU000000MND5,MONADELPHOUS GROUP,AU,0.000634421520010151,7.59532819094746,8.800084312185026
2019,vw_nz,JP3190000004,OBAYASHI,JP,0.0006244954503421183,6.93524772259183,18.68901537010402
2019,vw_nz,JP3126400005,ALPS ALPINE,JP,0.0006117648197275538,2.487276038468001,4.277052218371718
2019,vw_nz,JP3160400002,EISAI,JP,0.0006077664459046154,7.924093833879249,1.9464565984972901
2019,vw_nz,HK0000139300,TELEVISION BROADCASTS,HK,0.0005989976662479463,1.3425239492307854,0.9373944540982403
2019,vw_nz,NZAIAE0002S6,AUCKLAND INTL.AIRPORT,NZ,0.000571040421433855,4.952786242794718,0.4040536122915986
2019,vw_nz,HK0004000045,WHARF HOLDINGS,HK,0.0005596525161435827,7.769015098633249,2.2795044707637095
2019,vw_nz,JP3200450009,ORIX,JP,0.0005511857333252438,40.27562197958913,45.62716514625565
2019,vw_nz,HK0000745908,YUEXIU PROPERTY COMPANY,HK,0.0005187058773886185,0.6598691621220131,1.08826643286656
2019,vw_nz,JP3574200006,TOKYU,JP,0.0004688353606235108,11.726074124667958,11.638442269520382
2019,vw_nz,AU000000CIM7,CIMIC GROUP DEAD - DELIST.11/05/22,AU,0.0004683192568825047,246.51350447584855,251.0730656936394
2019,vw_nz,JP3357200009,SHIMADZU,JP,0.00044842702268155704,1.1177227516657562,0.5836067774255063
2019,vw_nz,JP3499800005,MITSUBISHI HC CAPITAL,JP,0.0004463097501254259,0.5562154102752015,0.9683834464067298
2019,vw_nz,JP3463000004,TAKEDA PHARMACEUTICAL,JP,0.0004432671341342147,11.979094282506248,3.098230118294962
2019,vw_nz,HK0293001514,CATHAY PACIFIC AIRWAYS,HK,0.0004431072201112956,1302.138101731258,3043.2043315791475
2019,vw_nz,JP3613400005,TOYO SEIKAN GROUP HDG.,JP,0.00044140864277515587,62.07885064810182,99.0114293148806
2019,vw_nz,JP3358800005,SHIMIZU,JP,0.00042616851260267877,15.809665423092781,34.89495413322447
2019,vw_nz,JP3720800006,NSK,JP,0.0004089963489747663,15.221917331267726,27.220951698146486
2019,vw_nz,JP3973400009,RICOH,JP,0.00040173174182869635,7.620648725042376,18.180723308353524
2019,vw_nz,AU000000APA1,APA GROUP,AU,0.000398697789919409,702.1290685360834,154.77329326593352
2019,vw_nz,JP3209000003,CASIO COMPUTER,JP,0.00039471798734418834,1.9103859284192752,1.4929433769767047
2019,vw_nz,JP3866800000,PANASONIC HOLDINGS,JP,0.00038945307643746253,5.5002900128524335,17.377188837063425
2019,vw_nz,KYG525621408,KINGBOARD HOLDINGS,HK,0.00038334938971185085,727.3265316289151,1123.083920357852
2019,vw_nz,JP3242800005,CANON,JP,0.0003800317545332924,4.193072408048073,3.9516755444430474
2019,vw_nz,JP3350800003,SHIKOKU ELECTRIC POWER,JP,0.0003623638882700153,1398.6865780722367,3402.9169935210202
2019,vw_nz,JP3814800003,SUBARU,JP,0.00032719179526151116,9.138230418186033,14.867607397202491
2019,vw_nz,JP3830800003,BRIDGESTONE,JP,0.0003271887693701007,54.146494825009434,61.86625180557358
2019,vw_nz,JP3522200009,CHUGOKU ELEC.POWER,JP,0.00030162920159443454,1626.3050994119153,4107.228677279656
2019,vw_nz,JP3982100004,LAWSON DEAD - DELIST.24/07/24,JP,0.00029050869815313364,0.6965474989987129,0.7172057663343613
2019,vw_nz,JP3837800006,HOYA,JP,0.0002887997470498648,4.368888066350719,0.9628018355144337
2019,vw_nz,AU000000IVC8,INVOCARE DEAD - DELIST.27/11/23,AU,0.00028294947800392914,15.647344393464799,5.55646014817227
2019,vw_nz,JP3684000007,NITTO DENKO,JP,0.0002772011987955291,48.302382987054564,38.364584274574
2019,vw_nz,HK0023000190,BANK OF EAST ASIA,HK,0.00026663628781610824,1.5339303303879213,0.6328294572832137
2019,vw_nz,AU000000BPT9,BEACH ENERGY,AU,0.00026572767738156674,411.3589034061733,193.80050466868937
2019,vw_nz,JP3164800009,NOK,JP,0.00025537575128028946,7.2709638484516175,16.662319974499407
2019,vw_nz,JP3633400001,TOYOTA MOTOR,JP,0.00024847517392563996,9.096974655890467,12.591973664441127
2019,vw_nz,HK0388045442,HONG KONG EXCHANGES AND CLEARING,HK,0.00024612495922461615,0.018129796155164683,0.0008499732773552953
2019,vw_nz,JP3511800009,CHIBA BANK,JP,0.0002433016802374433,1.208803974543736,0.5107995363178274
2019,vw_nz,BMG524401079,KERRY PROPERTIES,HK,0.000238699724621505,4.093104583215416,1.8210456189844821
2019,vw_nz,KYG0535Q1331,ASMPT,HK,0.0002365518006590971,0.9632739755882292,0.5536051226927353
2019,vw_nz,JP3893200000,MITSUI FUDOSAN,JP,0.00023303664299498128,5.14090171878251,3.7325905058834437
2019,vw_nz,JP3381000003,NIPPON STEEL,JP,0.00022256431748098683,1476.9929167278851,4726.735340710582
2019,vw_nz,AU000000ASX7,ASX,AU,0.00021867597201125373,0.04729993535462151,0.003267392287141441
2019,vw_nz,JP3502200003,DAIWA SECURITIES GROUP,JP,0.00021632622491909103,0.14031741463974395,0.1105688085859491
2019,vw_nz,HK2388011192,BOC HONG KONG HOLDINGS,HK,0.0002123596013274752,0.02525069430391231,0.008601425428221964
2019,vw_nz,JP3942400007,ASTELLAS PHARMA,JP,0.00020886403434726124,6.875655849860394,2.6795972884471766
2019,vw_nz,AU000000WBC1,WESTPAC BANKING,AU,0.0002081565130328988,0.3332840125782682,0.15056565369802088
2019,vw_nz,JP3888400003,MITSUI KINZOKU LIMITED,JP,0.00020810185955371597,157.82075697417943,570.008992120464
2019,vw_nz,JP3224200000,KAWASAKI HEAVY INDUSTRY,JP,0.00020545367653067005,11.23961506399816,39.91317652218261
2019,vw_nz,US89677Q1076,TRIP COM GROUP ADR 1:1,SG,0.00020060292172245048,0.009590179656032224,0.002418898147399078
2019,vw_nz,JP3415400005,SEINO HDG.,JP,0.0001793905909932956,74.4877913270524,145.59998052011298
2019,vw_nz,JP3613000003,TOYO SUISAN KAISHA,JP,0.00017638195124719674,46.577996985706584,42.86776161044303
2019,vw_nz,HK0002007356,CLP HOLDINGS,HK,0.00017188209521429626,3282.525779349896,1313.2696723470287
2019,vw_nz,JP3955000009,YOKOGAWA ELECTRIC,JP,0.0001695991217567975,4.0266426167625795,3.0250465391775254
2019,vw_nz,AU000000BSL0,BLUESCOPE STEEL,AU,0.00016218076511137584,950.7158425450763,1773.6390572251532
2019,vw_nz,JP3351100007,SYSMEX,JP,0.0001557181668451694,1.6902890291613817,0.3749436151242153
2019,vw_nz,JP3027670003,NIPPON BUILDING FUND,JP,0.00015071611233097388,20.454189876519155,1.5226329309749993
2019,vw_nz,JP3910660004,TOKIO MARINE HOLDINGS,JP,0.0001410338856559442,0.3073144525766516,0.43071975863391204
2019,vw_nz,HK0000608585,NEW WORLD DEVELOPMENT COMPANY,HK,0.00013919722886107595,3.091103162195665,1.9996596060713898
2019,vw_nz,SG9999000020,FLEX,SG,0.00013809227076070753,3.111893664986783,16.818326491638988
2019,vw_nz,JP3210200006,KAJIMA,JP,0.00013754924579250546,11.773937189663425,27.558801071163543
2019,vw_nz,JP3718800000,NISSUI,JP,0.00012124703687279464,32.374917617293754,110.39603699784689
2019,vw_nz,JP3352400000,CITIZEN WATCH,JP,0.00012030935899631384,7.46757779318406,13.049564955432297
2019,vw_nz,SG1R89002252,CITY DEVELOPMENTS,SG,0.00011640283622400024,0.12850162944541318,0.06593687774121908
2019,vw_nz,BMG668971101,CTF SERVICES,HK,0.00011421733281187133,100.31185684238037,44.77787736394056
2019,vw_nz,JP3116000005,ASAHI GROUP HOLDINGS,JP,0.00011355540754110169,25.379782393126746,24.408454652117506
2019,vw_nz,BMG8403G1033,SINOFERT HOLDINGS,HK,0.0001083415249654259,456.8405979070141,1903.7596694373708
2019,vw_nz,JP3900000005,MITSUBISHI HEAVY INDS.,JP,0.00010817451207439588,4.877975583730655,14.2906011746887
2019,vw_nz,JP3495000006,SUMITOMO PHARMA,JP,0.00010778143692670778,19.642255727619755,8.784018739239977
2019,vw_nz,JP3891600003,MITSUI E&S,JP,0.00010622067663939275,20.928939020324357,139.89893974999725
2019,vw_nz,AU000000ANZ3,ANZ GROUP HOLDINGS,AU,0.00010565077470947918,0.6179023134811727,0.31298913581559584
2019,vw_nz,JP3407400005,SUMITOMO ELECTRIC IND.,JP,0.0001056254102844567,6.667954873649324,17.360029969033796
2019,vw_nz,JP3818000006,FUJITSU,JP,0.00010396233836009465,4.035808548710068,10.675032406348375
2019,vw_nz,JP3260800002,KINTETSU GROUP HDG.,JP,0.00010118815567990033,5.170386309605955,6.9833318856106015
2019,vw_nz,JP3456000003,TAKASHIMAYA,JP,0.00010106743743827309,1.448138862134392,5.107740414318316
2019,vw_nz,JP3397200001,SUZUKI MOTOR,JP,9.987654702654627e-05,17.51732640167077,24.079736552146805
2019,vw_nz,JP3419050004,SEGA SAMMY HDG.,JP,9.869611688619758e-05,2.5141721217810633,1.9305236736532727
2019,vw_nz,HK0308001558,CTII.INTL.INV.HK.,HK,9.478815432331837e-05,52.72202934745419,19.491267833523814
2019,vw_nz,JP3404200002,SUMITOMO RUBBER INDS.,JP,9.241435153339449e-05,49.4133268231683,113.04588711640649
2019,vw_nz,JP3845400005,HOKURIKU ELEC.POWER,JP,9.174574078752543e-05,2904.7866262255766,9485.959769883271
2019,vw_nz,JP3229400001,KANSAI PAINT,JP,8.458780737192329e-05,12.145878880379135,10.08804302539776
2019,vw_nz,JP3336000009,SANTEN PHARM.,JP,8.455991722867356e-05,8.108315430527345,2.9876319970506398
2019,vw_nz,HK0066009694,MTR,HK,8.068652545101276e-05,7.663864352860192,1.552948765840316
2019,vw_nz,JP3659000008,WEST JAPAN RAILWAY,JP,7.829295032492119e-05,7.204324957993382,7.113640405477503
2019,vw_nz,AU000000SIG5,SIGMA HEALTHCARE,AU,7.677581669019928e-05,1.5485696355924867,11.23843643412755
2019,vw_nz,JP3040890000,JAPAN PRIME REALTY INV.,JP,7.271787172101237e-05,4.717716781035558,0.3524530040594324
2019,vw_nz,AU000000CSL8,CSL,AU,7.07857975236346e-05,6.836701792259466,0.8664357860836174
2019,vw_nz,JP3358200008,SHIMAMURA,JP,7.068484879523893e-05,0.13007369581200548,0.2053988764398367
2019,vw_nz,JP3734800000,NIDEC,JP,6.954859805539383e-05,5.196556178153607,2.049000873491879
2019,vw_nz,JP3475350009,DAIICHI SANKYO,JP,6.945180460922787e-05,11.919526032120087,3.8905943334507573
2019,vw_nz,JP3385980002,J S R DEAD - DELIST.25/06/24,JP,6.860047501099668e-05,99.23626417866316,120.4436706851055
2019,vw_nz,JP3320800000,SAPPORO HOLDINGS,JP,6.73794616151947e-05,25.036111059296164,66.99586090858104
2019,vw_nz,JP3870000001,MABUCHI MOTOR,JP,6.674326047585429e-05,2.2247034556652747,1.204619847467236
2019,vw_nz,JP3198900007,ORIENTAL LAND,JP,6.520038710712058e-05,13.18220011770429,1.6298688717916228
2019,vw_nz,HK0010000088,HANG LUNG GROUP,HK,6.505657419673104e-05,4.838584444511872,1.5415537835767807
2019,vw_nz,HK0016000132,SUN HUNG KAI PROPERTIES,HK,6.446652348445277e-05,7.244950012689257,1.300156172913583
2019,vw_nz,JP3551500006,DENSO,JP,5.525104647288336e-05,13.700055331986437,19.00550793698168
2019,vw_nz,JP3166000004,EBARA,JP,5.416876948864941e-05,2.264724684403537,3.8099608993863883
2019,vw_nz,JP3249600002,KYOCERA,JP,5.084859861136771e-05,8.161144115995851,5.897100867685206
2019,vw_nz,JP3675600005,NISSIN FOODS HOLDINGS,JP,5.0731941971595356e-05,50.19730506130743,35.33721694814673
2019,vw_nz,JP3888300005,MITSUI CHEMICALS,JP,5.042765879992556e-05,278.6926013971052,753.765838056002
2019,vw_nz,AU000000BHP4,BHP GROUP,AU,4.8631093964934116e-05,222.86707663618972,123.74901241338905
2019,vw_nz,SGXE21576413,GENTING SINGAPORE,SG,4.6190152777964884e-05,2.5897812081393123,0.49431366799613236
2019,vw_nz,JP3266400005,KUBOTA,JP,4.591750555327128e-05,18.324581178397068,16.11062490515519
2019,vw_nz,JP3982800009,ROHM,JP,4.253887559851994e-05,40.99112191441467,19.50040424951207
2019,vw_nz,SG2B80958517,OUE,SG,3.8521179981467636e-05,1.6516831758002275,0.7116880767143116
2019,vw_nz,AU000000ABC7,ADBRI DEAD - DELIST.02/07/24,AU,3.761119293022126e-05,1820.1285284555315,1012.6463337324786
2019,vw_nz,AU000000IAG3,INSURANCE AUS.GROUP,AU,3.712443126720899e-05,1.368377015130415,0.6968591722410398
2019,vw_nz,JP3519400000,CHUGAI PHARM.,JP,3.658260034753765e-05,9.071843742967005,1.4026356915642353
2019,vw_nz,JP3721400004,JAPAN STEEL WORKS,JP,3.615345212857673e-05,44.01953002381271,65.46635841244118
2019,vw_nz,JP3940000007,YAMATO HDG.,JP,3.604279424265308e-05,44.99600711408263,62.554939501033274
2019,vw_nz,HK0012000102,HENDERSON LD.DEV.,HK,3.591128930656848e-05,0.28950234511178324,0.032529012389502635
2019,vw_nz,JP3112000009,AGC,JP,3.518731397684892e-05,445.28435607608816,820.2316757597727
2019,vw_nz,AU000000OZL8,OZ MINERALS DEAD - DELIST.03/05/23,AU,3.4423077920376896e-05,95.31757104317545,33.92545891195827
2019,vw_nz,JP3102000001,AISIN,JP,2.8925249776283598e-05,21.36832646539993,69.32062279753464
2019,vw_nz,HK0083000502,SINO LAND,HK,2.6527028236664385e-05,0.4154233904143401,0.05052505530738229
2019,vw_nz,SG1J26887955,SINGAPORE EXCHANGE,SG,2.5747014509839744e-05,0.07928931895139098,0.008463255366284714
2019,vw_nz,JP3283650004,KOSE HOLDINGS,JP,2.299744910498347e-05,2.6011436261017487,0.8536616088318055
2019,vw_nz,JP3197800000,OMRON,JP,2.170488504684082e-05,5.5051557606356365,4.8440650090192054
2019,vw_nz,JP3799000009,HIROSE ELECTRIC,JP,1.7925835547486392e-05,1.9207491268927455,0.5382990528662235
2019,vw_nz,JP3491000000,DAIDO STEEL,JP,1.777620361122798e-05,81.3350692958871,231.41905761072846
2019,vw_nz,JP3158800007,UBE,JP,1.513610410386918e-05,1687.9189414812756,4744.61328238673
2019,vw_nz,JP3347200002,SHIONOGI,JP,1.4689152356269929e-05,13.715318763752878,2.175608710845702
2019,vw_nz,JP3819400007,FUJI MEDIA HOLDINGS,JP,1.4302298766624358e-05,0.0,0.0
2019,vw_nz,JP3419400001,SEKISUI CHEMICAL,JP,1.3702699235716871e-05,19.393942173187714,26.612689664575235
2019,vw_nz,JP3635400009,TOYOTA BOSHOKU,JP,1.310895284305575e-05,4.495565884686224,19.80936466255158
2019,vw_nz,HK0200030994,MELCO INTL.DEV.,HK,1.2085866280104166e-05,5.852518987834452,8.570614311069225
2019,vw_nz,JP3893600001,MITSUI,JP,1.1169221165316437e-05,55.78871022292514,115.7825944886178
2019,vw_nz,JP3582600007,TOKYO TATEMONO,JP,1.0706376527860617e-05,6.975059629576269,6.696841967747265
2019,vw_nz,JP3405400007,SUMITOMO HEAVY INDS.,JP,7.80217855276917e-06,4.669187785154898,9.061216243518082
2019,vw_nz,HK0165000859,CHINA EVERBRIGHT,HK,4.623878595621268e-06,0.20590550181531975,0.025241914650581558
2019,vw_nz,JP3148800000,IBIDEN,JP,4.370937747803854e-06,52.340206983710196,70.36678687659425
2019,vw_nz,JP3935600001,YAMAZAKI BAKING,JP,3.998563613284096e-06,40.77915229330596,92.03468892275144
2019,vw_nz,JP3027680002,JAPAN REAL ESTATE INV.,JP,3.3606550281291164e-06,5.396276434689579,0.39827233236372395
2019,vw_nz,AU000000GPT8,GPT GROUP STAPLED UNITS,AU,2.66057486992033e-06,18.554156420346036,1.3383470166207037
2019,vw_nz,HK0392044647,BEIJING ENTERPRISES HOLDINGS,HK,2.533428024279173e-06,80.22996091066331,96.37303075403725
2019,vw_nz,AU000000MGR9,MIRVAC GROUP STAPLED UNITS,AU,2.279374563369527e-06,3.4991434553645075,1.0386259628241585
2019,vw_nz,JP3766550002,HAKUHODO DY HDG.,JP,1.9317437913702857e-06,0.03324894725043054,0.07263861869734743
2019,vw_nz,AU000000LLC3,LENDLEASE GROUP STAPLED UNITS,AU,1.1288791882888255e-06,10.42068597250213,23.78903041916939
2020,vw_nz,AU000000BWP3,BWP GROUP STAPLED UNITS,AU,0.231355289353714,0.0,0.0
2020,vw_nz,HK0363006039,SHANGHAI INDUSTRIAL HOLDINGS,HK,0.031106332603405975,2.739877355126193,5.99366433588476
2020,vw_nz,JP3352000008,77 BANK,JP,0.028359387987300644,1.5603774627386051,1.4069868320463155
2020,vw_nz,HK0011000095,HANG SENG BANK DEAD - DELIST.28/01/26,HK,0.026328635844690435,0.019330171827464975,0.0037352558580478717
2020,vw_nz,JP3814000000,FUJIFILM HOLDINGS,JP,0.024689541790247096,29.15738608870248,24.378417744407116
2020,vw_nz,JP3205800000,KAO,JP,0.0239465591987122,44.577001523650594,15.967405755368459
2020,vw_nz,JP3788600009,HITACHI,JP,0.022295740854142678,18.395212041308625,41.93967430142345
2020,vw_nz,JP3906000009,MINEBEA MITSUMI,JP,0.02202501390423736,7.782128243906513,7.885406592011884
2020,vw_nz,JP3435000009,SONY GROUP,JP,0.0189074377654926,2.3658220560279766,2.084083224537907
2020,vw_nz,JP3899600005,MITSUBISHI ESTATE,JP,0.017874776620347768,10.579180902107336,4.31455953768436
2020,vw_nz,JP3830000000,BROTHER INDUSTRIES,JP,0.017846608270505278,2.9171113381138314,3.366730074518769
2020,vw_nz,JP3108600002,ACOM,JP,0.017563152994073742,0.0,0.0
2020,vw_nz,JP3475350009,DAIICHI SANKYO,JP,0.01728640675776754,10.381105049369761,1.9005746196179993
2020,vw_nz,JP3826800009,FURUKAWA,JP,0.01644565290735575,3.1515636328578194,9.82155545179561
2020,vw_nz,KYG217651051,CK HUTCHISON HOLDINGS,HK,0.01595002330137124,231.3105233942915,262.03516400471557
2020,vw_nz,JP3242800005,CANON,JP,0.015381732550857504,3.706483893249972,3.4769021021927804
2020,vw_nz,HK0014000126,HYSAN DEVELOPMENT,HK,0.01400186383300971,0.044799114925312085,0.0058817361862311115
2020,vw_nz,JP3528600004,CHIYODA CORPORATION,JP,0.013491159608870254,0.37244682766564635,1.3097893432465924
2020,vw_nz,HK0688002218,CHINA OVERSEAS LAND INVESTMENT,HK,0.013325419294438739,0.9180002159557886,0.6141739947096014
2020,vw_nz,JP3359600008,SHARP,JP,0.013258714550237733,11.490639118923326,34.27979111092369
2020,vw_nz,AU000000BEN6,BENDIGO & ADELAIDE BANK,AU,0.012249366943167368,1.3109072977887217,0.7384452500691456
2020,vw_nz,JP3548610009,DENA,JP,0.011486855066896054,0.011715226279595592,0.0053003029326983845
2020,vw_nz,JP3820000002,FUJI ELECTRIC,JP,0.011226692662216582,26.672760092165866,48.37595024187976
2020,vw_nz,HK2388011192,BOC HONG KONG HOLDINGS,HK,0.010584041352264196,0.0384334923995172,0.01787713434936468
2020,vw_nz,JP3493400000,DIC,JP,0.009711226810041421,35.79462644952791,100.17615460436467
2020,vw_nz,JP3419050004,SEGA SAMMY HDG.,JP,0.0096935646403151,1.7357108549471663,1.5963335680070678
2020,vw_nz,JP3814800003,SUBARU,JP,0.009354433029069659,9.268376256986352,14.258597599702718
2020,vw_nz,JP3973400009,RICOH,JP,0.009164356997519158,7.359913000009374,15.909805611525874
2020,vw_nz,JP3496400007,KDDI,JP,0.00900846641817471,0.5250396934931375,0.35201570916780717
2020,vw_nz,JP3385820000,GS YUASA,JP,0.008882185553217278,17.963002419730234,40.175438596491226
2020,vw_nz,JP3143000002,ITO EN,JP,0.00880828005177068,5.278596632299338,5.466410049083807
2020,vw_nz,JP3910660004,TOKIO MARINE HOLDINGS,JP,0.00880806251535837,0.35415269464244664,0.44586893932784455
2020,vw_nz,JP3027670003,NIPPON BUILDING FUND,JP,0.008702550807268434,18.059733457258957,1.1404447752301972
2020,vw_nz,AU000000IGO4,IGO,AU,0.007974157965470846,104.71200737018536,27.692736845775652
2020,vw_nz,AU000000MND5,MONADELPHOUS GROUP,AU,0.007781364194615025,9.277787149279948,8.503527320532523
2020,vw_nz,AU000000NAB4,NATIONAL AUS.BANK,AU,0.007666393956642066,0.7431992605573048,0.3294565209399338
2020,vw_nz,KYG210961051,CHINA MENGNIU DAIRY,HK,0.007479884944927631,18.178459495016245,14.194349026875985
2020,vw_nz,HK0023000190,BANK OF EAST ASIA,HK,0.007439348388325396,0.7768498163907586,0.5542052493773548
2020,vw_nz,JP3819400007,FUJI MEDIA HOLDINGS,JP,0.007408709932258468,0.0,0.0
2020,vw_nz,JP3519400000,CHUGAI PHARM.,JP,0.006998213318909226,6.776080567092561,0.7180281798906447
2020,vw_nz,JP3452000007,TAIYO YUDEN,JP,0.006369364200444577,15.092382797005516,10.158604468223103
2020,vw_nz,SG9999000020,FLEX,SG,0.00613761583843571,4.134571739165733,15.690061356839916
2020,vw_nz,JP3357200009,SHIMADZU,JP,0.006099084250278703,0.8317569229208087,0.3541900087721059
2020,vw_nz,JP3407200009,OSAKA TITANIUM,JP,0.006052564995189723,172.37200032319748,146.3325406987379
2020,vw_nz,JP3756600007,NINTENDO,JP,0.005988685664732601,0.05085532719084927,0.011825659061403523
2020,vw_nz,JP3665200006,NICHIREI,JP,0.00598457307224403,7.843937028873532,12.328429358099777
2020,vw_nz,BMG8403G1033,SINOFERT HOLDINGS,HK,0.005782283765349468,298.41411120298505,1401.3591825307951
2020,vw_nz,JP3494600004,SCREEN HOLDINGS,JP,0.005657422780785488,4.052813996558519,4.523109296504968
2020,vw_nz,HK0006000050,POWER ASSETS HOLDINGS,HK,0.0055630250856130185,37478.094008770466,423.8341009980945
2020,vw_nz,JP3358000002,SHIMANO,JP,0.005140990388742434,5.526336818332414,1.288653498416837
2020,vw_nz,JP3560800009,TOKAI CARBON,JP,0.005107997912419613,757.1552205541296,877.5937101776826
2020,vw_nz,AU000000ANZ3,ANZ GROUP HOLDINGS,AU,0.0050925848948651115,0.4789871762810046,0.24491334228003453
2020,vw_nz,JP3386030005,JFE HOLDINGS,JP,0.0050726760355188074,1523.5373415114361,7238.503914812797
2020,vw_nz,JP3027680002,JAPAN REAL ESTATE INV.,JP,0.004632766893873992,5.114518664485662,0.3231851060828917
2020,vw_nz,KYG2108Y1052,CHINA RESOURCES LAND,HK,0.0044562601284993605,24.292159766259147,17.475352342576787
2020,vw_nz,JP3769000005,HACHIJUNI NAGANO BANK,JP,0.004360787462089021,1.7950269456412413,1.3348717048333292
2020,vw_nz,JP3786200000,HITACHI METALS DEAD - DELIST.29/12/22,JP,0.004316089288740031,40.9354725627629,51.49568165548198
2020,vw_nz,JP3040890000,JAPAN PRIME REALTY INV.,JP,0.004109498570106728,4.377841957535272,0.3067237256613656
2020,vw_nz,JP3300600008,KONICA MINOLTA,JP,0.004026482428466872,17.633792283660917,53.06352866343325
2020,vw_nz,MU0117U00026,GOLDEN AGRI-RESOURCES,SG,0.003924325058605143,608.555596091616,2026.9741733872015
2020,vw_nz,JP3201200007,OLYMPUS,JP,0.003678642246676145,3.753309359052422,1.2387815502245467
2020,vw_nz,SGXE34184239,SEATRIUM,SG,0.003640047941768306,24.041816478031727,28.821256423535036
2020,vw_nz,JP3203500008,ONWARD HOLDINGS,JP,0.0036028298583784244,0.9708871475761781,2.4439577140558297
2020,vw_nz,JP3111200006,ASAHI KASEI,JP,0.0035400492137803974,148.2074234608058,205.2923026157533
2020,vw_nz,JP3274400005,GLORY,JP,0.003530632269837373,1.427114706237239,1.6227005912957393
2020,vw_nz,JP3621000003,TORAY INDS.,JP,0.0033422888715340998,157.63858173529223,304.0984685675293
2020,vw_nz,JP3633400001,TOYOTA MOTOR,JP,0.003333701781383724,10.451421977282129,12.92205054306236
2020,vw_nz,KYG0535Q1331,ASMPT,HK,0.003159031023923533,1.1248412384404223,0.4153333863033884
2020,vw_nz,HK0000139300,TELEVISION BROADCASTS,HK,0.0031069061393936776,1.4341004406786877,1.0141515115018667
2020,vw_nz,JP3733000008,NEC,JP,0.0028333372861999917,0.9253716586208567,2.1724254043426785
2020,vw_nz,JP3933800009,LY,JP,0.0028252766184626013,0.4538503419049102,0.22345733097417403
2020,vw_nz,JP3738600000,NITERRA,JP,0.0026019639740020193,16.30584215390346,17.58094844733324
2020,vw_nz,JP3407400005,SUMITOMO ELECTRIC IND.,JP,0.0025381644796237837,11.484175134291565,31.27294993134977
2020,vw_nz,JP3188220002,OTSUKA HOLDINGS,JP,0.0024331327335991044,28.69538034391167,14.808952835802664
2020,vw_nz,HK0000055878,CHINA TAIPING INSURANCE HLDGS,HK,0.0022146749962185693,0.15351604437813923,0.6384488638141224
2020,vw_nz,AU000000CBA7,COMMONWEALTH BK.OF AUS.,AU,0.002207894933988277,0.4835959213629637,0.12499119393831626
2020,vw_nz,JP3122400009,ADVANTEST,JP,0.0021791792514636913,1.792977531350092,0.4273895655890344
2020,vw_nz,HK0003000038,HONG KONG AND CHINA GAS,HK,0.002130890324473824,321.5855198567587,51.94869371581409
2020,vw_nz,AU000000ERA9,ENERGY RES.OF AUS.,AU,0.002048745949997549,768.1159420289856,279.1594124714941
2020,vw_nz,JP3625000009,TOKUYAMA,JP,0.0020160675732751204,2412.1135568524896,4064.8561557183134
2020,vw_nz,JP3735400008,NTT,JP,0.001841286253489396,2.27477966165728,2.5003365452989974
2020,vw_nz,AU000000WBC1,WESTPAC BANKING,AU,0.0017787131828725595,0.30519165404914456,0.1265747885489319
2020,vw_nz,JP3684000007,NITTO DENKO,JP,0.001666547700168037,49.98106816305303,38.55611707680668
2020,vw_nz,JP3164630000,SQUARE ENIX HOLDINGS,JP,0.0016507761411048622,0.0,0.0
2020,vw_nz,BMG8063F1068,SHANGRI-LA ASIA,HK,0.0016176840545590113,61.91604365074348,45.934619876670965
2020,vw_nz,JP3951600000,UNI CHARM,JP,0.0015821890313103583,4.7679842777978685,1.45498289607829
2020,vw_nz,JP3351600006,SHISEIDO,JP,0.0014989167805697582,2.4947996186322947,1.0348183210024922
2020,vw_nz,AU000000APA1,APA GROUP,AU,0.001472287723544795,789.6395156276781,146.43219041016548
2020,vw_nz,JP3421800008,SECOM,JP,0.001455663560963584,7.070051297290416,3.320179564413739
2020,vw_nz,JP3293200006,COCA-COLA BOTTLERS JAPAN HOLDINGS,JP,0.0013654934856052565,22.380571197144867,34.08515043581502
2020,vw_nz,HK0308001558,CTII.INTL.INV.HK.,HK,0.001362736121252,15.702023926226024,10.407254076680697
2020,vw_nz,IE00BKVD2N49,SEAGATE TECHNOLOGY HOLDINGS,SG,0.0013626509020576857,31.130347459329183,20.49912712267894
2020,vw_nz,JP3787000003,HITACHI CON.MCH.,JP,0.0013374267161907467,11.230160698040102,17.20877136187831
2020,vw_nz,JP3818000006,FUJITSU,JP,0.0013080790083015634,2.4296789472508324,3.823377536558301
2020,vw_nz,AU000000PPT9,PERPETUAL,AU,0.0012319152120995255,0.0,0.0
2020,vw_nz,KYG525621408,KINGBOARD HOLDINGS,HK,0.0011635348658135811,334.6404739078907,610.6216640610472
2020,vw_nz,JP3711200000,AOZORA BANK,JP,0.0011397329779531463,0.09620356674723715,0.043247918693912854
2020,vw_nz,JP3890310000,MS&AD INSURANCE GP.HDG.,JP,0.0011073086706493425,0.47730460689330645,1.2005697210715494
2020,vw_nz,AU000000CSL8,CSL,AU,0.0010802836227480448,6.418713162922524,0.5852126115045426
2020,vw_nz,JP3229400001,KANSAI PAINT,JP,0.0010472114801441546,12.547536618683518,7.3723516719937185
2020,vw_nz,AU000000MAH3,MACMAHON HOLDINGS,AU,0.0009762569153523971,7.325327628540405,16.003243017051993
2020,vw_nz,JP3358800005,SHIMIZU,JP,0.000938231565818829,11.871061323978031,23.671068103779778
2020,vw_nz,JP3198900007,ORIENTAL LAND,JP,0.0009246458055002254,10.951329343960616,1.1090435032978048
2020,vw_nz,JP3539220008,T & D HOLDINGS,JP,0.0009235987569209219,0.09114852307287043,0.25389900752535716
2020,vw_nz,BMG684371393,PACIFIC BASIN SHIP.,HK,0.0009063321989363987,923.4695695831507,1776.542898038225
2020,vw_nz,JP3481800005,DAIKIN INDUSTRIES,JP,0.0008442645535021208,29.20407420215383,16.338217754910087
2020,vw_nz,JP3143600009,ITOCHU,JP,0.000815609706176045,11.636304323495507,32.60156302104542
2020,vw_nz,JP3695200000,NGK INSULATORS,JP,0.0007771123304522212,74.69920876857508,55.794502887230095
2020,vw_nz,JP3854600008,HONDA MOTOR,JP,0.0007239369027146106,8.684441874907968,26.487508576398948
2020,vw_nz,JP3249600002,KYOCERA,JP,0.0007146949886360124,11.02540332140791,6.611576621094265
2020,vw_nz,JP3351100007,SYSMEX,JP,0.0007139934570431287,1.4670498033479418,0.2703547109291866
2020,vw_nz,JP3538800008,TDK,JP,0.0007084899028232193,8.82383755662255,7.935515782511518
2020,vw_nz,HK0242001243,SHUN TAK HOLDINGS,HK,0.0006807926211385456,16.969176357051577,24.340934329220985
2020,vw_nz,JP3119600009,AJINOMOTO,JP,0.0006113588317926353,98.99122856719717,104.74763460745285
2020,vw_nz,JP3850200001,HOKKAIDO ELEC.POWER,JP,0.0006098386418718856,1905.7255478596985,13272.496831432192
2020,vw_nz,JP3935600001,YAMAZAKI BAKING,JP,0.0005830971894078624,40.05612364905345,92.5021232904259
2020,vw_nz,JP3711600001,NIPPON SANSO HOLDINGS,JP,0.0005410549192661918,134.78460315207957,111.52443709590786
2020,vw_nz,JP3902900004,MITSUBISHI UFJ FINL.GP.,JP,0.0005346423672777243,0.17479709853980382,0.1529528182707986
2020,vw_nz,HK0823032773,LINK REAL ESTATE INVESTMENT TRUST,HK,0.0005024555216182655,1.9666609192933437,0.16036437550023896
2020,vw_nz,BMG677491539,ORIENT OVERSEAS (INTL.),HK,0.0004946296385567116,798.3657640159895,1907.016541104852
2020,vw_nz,AU000000FLT9,FLIGHT CENTRE TRAVEL GP.,AU,0.00046467751515858326,24.969430283210414,20.086083213773314
2020,vw_nz,AU000000DXS1,DEXUS STAPLED UNITS,AU,0.00044924719612851615,28.06484164349426,1.8672613464272259
2020,vw_nz,JP3939000000,YAMADA HOLDINGS,JP,0.0004325847794610574,0.7352174997271341,2.257795037366508
2020,vw_nz,AU000000SIG5,SIGMA HEALTHCARE,AU,0.00042300870973056723,2.0458566712125186,10.9441085808502
2020,vw_nz,JP3811000003,FUJIKURA,JP,0.00041942184558290297,4.511011502998865,25.30514227935866
2020,vw_nz,HK0291001490,CHINA RESOURCES BEER HOLDINGS,HK,0.00041533292202884284,30.29975110918732,9.512802160894488
2020,vw_nz,AU000000NCM7,NEWCREST MINING DEAD - DELIST.08/11/23,AU,0.00041315617681307457,377.3724761561698,90.93940917048253
2020,vw_nz,JP3162600005,SMC,JP,0.00040227638034347397,10.467656920267164,1.7178091732568828
2020,vw_nz,JP3551520004,DENTSU GROUP,JP,0.0003990947514260737,0.3672493655352239,0.367583687591247
2020,vw_nz,JP3888400003,MITSUI KINZOKU LIMITED,JP,0.00037412125507052383,173.1844068015802,560.7038810078029
2020,vw_nz,AU000000BHP4,BHP GROUP,AU,0.00036552221121775554,217.79976768932278,127.2453839748754
2020,vw_nz,AU000000MGR9,MIRVAC GROUP STAPLED UNITS,AU,0.0003609272938258067,4.819222603879548,0.8229821376345747
2020,vw_nz,JP3914400001,MURATA MANUFACTURING,JP,0.0003401349954491007,20.81591125629992,7.542227464313423
2020,vw_nz,AU000000JBH7,JB HI-FI,AU,0.0003372453965779537,0.06182837638065341,0.09806677693730918
2020,vw_nz,JP3180400008,OSAKA GAS,JP,0.0003281877163703275,361.1036541305696,649.0432658087145
2020,vw_nz,JP3765400001,HOUSE SHOKUHIN GP.HONSHA K K,JP,0.0002921108922908281,20.134575952506086,16.534552351310605
2020,vw_nz,JP3802300008,FAST RETAILING,JP,0.0002863623339722747,0.6239330785071723,0.23176657515332785
2020,vw_nz,JP3982100004,LAWSON DEAD - DELIST.24/07/24,JP,0.0002671903685064818,0.6757671985004575,0.7791249906937848
2020,vw_nz,JP3397200001,SUZUKI MOTOR,JP,0.000265058790717795,15.747623475630046,23.349005068055742
2020,vw_nz,AU000000COH5,COCHLEAR,AU,0.00026206046181647205,0.5522433031855251,0.06021623985668751
2020,vw_nz,JP3940000007,YAMATO HDG.,JP,0.00023577431941938372,44.2211471349182,94.50623115965747
2020,vw_nz,JP3499800005,MITSUBISHI HC CAPITAL,JP,0.00023147424409733435,0.5037038781783278,0.7599070415328197
2020,vw_nz,JP3613000003,TOYO SUISAN KAISHA,JP,0.00021416044759990356,44.56452403306815,35.29937067709079
2020,vw_nz,JP3667600005,JGC HOLDINGS,JP,0.00021318961612972728,24.172215671349072,32.37318565446616
2020,vw_nz,JP3898400001,MITSUBISHI,JP,0.000209542272896245,48.767534404362486,168.2020832875186
2020,vw_nz,JP3837800006,HOYA,JP,0.0001947437905590467,3.91643813006864,0.5697681043815167
2020,vw_nz,AU000000CSR5,CSR DEAD - DEAD.10/07/24,AU,0.00018319968598092844,192.9513222932762,170.32659626547309
2020,vw_nz,JP3762800005,NOMURA RESEARCH INST.,JP,0.0001767161742409644,0.20717569597049487,0.06671625908592053
2020,vw_nz,JP3200450009,ORIX,JP,0.00016337113383613872,53.27976558823628,50.782726756150886
2020,vw_nz,HK0066009694,MTR,HK,0.00015412304005228702,6.731963501230996,1.3634684216603163
2020,vw_nz,JP3893600001,MITSUI,JP,0.00015355027404107428,50.22393815432174,106.21160778867947
2020,vw_nz,JP3420600003,SEKISUI HOUSE,JP,0.00014835938009309267,3.195784804853452,4.750285518921859
2020,vw_nz,JP3762600009,NOMURA HDG.,JP,0.00014433429071761736,0.14699549360083797,0.15768769542851377
2020,vw_nz,JP3756100008,NITORI HOLDINGS,JP,0.00014393716336668153,6.472821171273371,2.136691855583543
2020,vw_nz,HK0165000859,CHINA EVERBRIGHT,HK,0.00014249859962556038,0.21518100804211848,0.03338904419645199
2020,vw_nz,JP3522200009,CHUGOKU ELEC.POWER,JP,0.00013554339794384098,1517.2396623926413,3664.529462083463
2020,vw_nz,HK0000745908,YUEXIU PROPERTY COMPANY,HK,0.00012868719083005404,0.6224696401426575,1.1219374135657543
2020,vw_nz,JP3210200006,KAJIMA,JP,0.00012498337998018255,9.210467360243754,24.98780007408148
2020,vw_nz,JP3404600003,SUMITOMO,JP,0.00012373828103673024,15.824043983489688,42.0045727705357
2020,vw_nz,AU000000ASX7,ASX,AU,0.00011854124753543051,0.049745656338772544,0.002747949529691905
2020,vw_nz,NZFBUE0001S0,FLETCHER BUILDING,NZ,0.00011823919650818362,165.4590624645004,273.38569825563604
2020,vw_nz,JP3894900004,ISETAN MITSUKOSHI HDG.,JP,0.00011707421754599951,2.0967086791738487,7.726748385197559
2020,vw_nz,JP3546800008,TERUMO,JP,0.00011701147495142202,10.553809756009464,2.2361738045162802
2020,vw_nz,JP3579800008,TOKYO STEEL MNFG.,JP,0.00011581501410671759,171.2903715226331,263.83056354301505
2020,vw_nz,JP3277800003,KEIO,JP,0.00011434071098705912,24.677844413319953,13.738750086812766
2020,vw_nz,JP3967200001,RAKUTEN GROUP,JP,0.00011396578198442957,0.23265549020081738,0.24200857273990384
2020,vw_nz,JP3796150005,HIROGIN HOLDINGS,JP,0.00011384044327110202,1.859855469008979,1.449478762996013
2020,vw_nz,JP3172100004,OKUMA,JP,0.00011048291426787333,3.7088390192688454,4.112674630492003
2020,vw_nz,JP3375800004,SHINKO ELEC.INDS. DEAD - DELIST.06/06/25,JP,0.00011041665133264074,29.438308282215615,24.130830709918076
2020,vw_nz,AU000000GWA4,GWA GROUP,AU,0.00010534800131163568,36.88911159582621,16.048729662579145
2020,vw_nz,AU000000STO6,SANTOS,AU,0.00010318524366844856,1318.174246747821,461.47709170358047
2020,vw_nz,AU000000SGP0,STOCKLAND STAPLED UNITS,AU,9.357147368737676e-05,10.904817763838198,2.6880950676497957
2020,vw_nz,AU000000OZL8,OZ MINERALS DEAD - DELIST.03/05/23,AU,9.249481908291368e-05,115.42784056643359,40.55046828195503
2020,vw_nz,JP3896800004,MITSUBISHI GAS CHM.,JP,8.85869445979021e-05,106.87877465523177,170.6648854875412
2020,vw_nz,HK0008011667,PCCW,HK,8.430458651868335e-05,1.5234961867049854,1.613267420065548
2020,vw_nz,JP3305990008,YOKOHAMA FINANCIAL GROUP,JP,8.149239177509919e-05,0.34863937672576495,0.20308396011639313
2020,vw_nz,JP3992400006,WACOAL HDG.,JP,8.109707912802421e-05,1.0154659332240077,0.9643764527812314
2020,vw_nz,KYG5427W1309,LEE & MAN PAPER MNFG.,HK,8.101638010368027e-05,1491.4486812129253,1691.7668606708237
2020,vw_nz,JP3165700000,NTT DATA GROUP DEAD - DELIST.26/09/25,JP,7.974511964881745e-05,0.4366286138827652,0.4532103021902413
2020,vw_nz,JP3626800001,LIXIL,JP,7.841595820686367e-05,32.06149594939767,99.31445690481483
2020,vw_nz,JP3449020001,TAIHEIYO CEMENT,JP,7.21656902015626e-05,3065.6783573653906,7246.103770002869
2020,vw_nz,SG1U68934629,KEPPEL,SG,7.152297293061803e-05,7.590695323289675,4.750853088065806
2020,vw_nz,SG1J26887955,SINGAPORE EXCHANGE,SG,7.019417109581171e-05,0.06445929395586687,0.00668926150552979
2020,vw_nz,JP3573000001,TOKYO GAS,JP,6.77042524447858e-05,188.65962478881906,350.3478215176417
2020,vw_nz,JP3582600007,TOKYO TATEMONO,JP,6.712849343495532e-05,5.031066414451511,4.397239886348261
2020,vw_nz,SG1R50925390,SEMBCORP INDUSTRIES,SG,6.697115100396319e-05,3742.2930403180553,9680.583260339916
2020,vw_nz,AU000000RHC8,RAMSAY HEALTH CARE,AU,6.54240983746238e-05,6.519364369016399,5.227429511486059
2020,vw_nz,JP3276400003,GUNMA BANK,JP,6.402980301241442e-05,1.265850460765044,1.1530959837371573
2020,vw_nz,KYG548561284,LIFESTYLE INTL.HDG. DEAD - DELIST.21/12/22,HK,5.990416655933143e-05,4.386061097831093e-05,1.3210475907394563e-05
2020,vw_nz,AU000000CWY3,CLEANAWAY WASTE MANAGEMENT,AU,5.9288166949381164e-05,484.0855435676989,279.16980797374606
2020,vw_nz,JP3678000005,NISSHINBO HOLDINGS,JP,5.826620986755487e-05,52.6209139870954,158.4711739200257
2020,vw_nz,JP3942800008,YAMAHA MOTOR,JP,5.6644075792739986e-05,8.500438624043493,19.74148952142349
2020,vw_nz,HK0000049939,CHINA UNICOM (HONG KONG),HK,5.5676018851108907e-05,4.70966937037796,7.763453774261278
2020,vw_nz,HK0016000132,SUN HUNG KAI PROPERTIES,HK,5.511112527005014e-05,3.821275503326789,1.0610705022400377
2020,vw_nz,JP3942600002,YAMAHA,JP,4.9392157441222586e-05,5.87932907141621,2.3689335987912257
2020,vw_nz,JP3688370000,NIPPON EXPRESS HOLDINGS,JP,4.914060146108308e-05,34.19731665744062,127.27000080745317
2020,vw_nz,SG1S83002349,UOL GROUP,SG,4.898895741752625e-05,0.88934861207081,0.3074640842998562
2020,vw_nz,AU000000WES1,WESFARMERS,AU,4.5213578948839826e-05,130.1950447271667,73.29393628405138
2020,vw_nz,AU000000BSL0,BLUESCOPE STEEL,AU,4.460302801993786e-05,1044.3024865561558,1811.7813124010192
2020,vw_nz,JP3352400000,CITIZEN WATCH,JP,4.375488950268865e-05,7.190001884542315,13.092848388485871
2020,vw_nz,HK0392044647,BEIJING ENTERPRISES HOLDINGS,HK,4.2467764841650685e-05,81.26206714143744,128.55575195569213
2020,vw_nz,BMG2442N1048,COSCO SHIPPING PORTS,HK,3.9365645804876786e-05,80.62268913400901,36.460346896476494
2020,vw_nz,BMG2108M2182,CHINESE ESTATES HDG.,HK,3.936108660000173e-05,0.014411921541499128,0.0007611161006499932
2020,vw_nz,JP3592200004,TOSHIBA DEAD - DELIST.20/12/23,JP,3.838926435996028e-05,9.925151947873102,21.844419945320688
2020,vw_nz,NZAIRE0001S2,AIR NEW ZEALAND,NZ,3.810072812255014e-05,836.5090721790109,1596.8842841846506
2020,vw_nz,JP3634200004,TOYODA GOSEI,JP,3.6950901939489814e-05,15.88682586902229,44.35037517532821
2020,vw_nz,JP3197800000,OMRON,JP,3.691346772803558e-05,5.405336595121996,2.801982585573138
2020,vw_nz,JP3280200001,KEIKYU,JP,3.6902582941291104e-05,28.934344058161678,17.640053937621488
2020,vw_nz,JP3402600005,SUMITOMO METAL MINING,JP,3.46482449973256e-05,247.48228489197712,235.28329052703216
2020,vw_nz,JP3903000002,MITSUBISHI MATERIALS,JP,3.445461324961964e-05,675.5618392732547,2833.6072135844606
2020,vw_nz,SG1P66918738,SINGAPORE PRESS HDG. DEAD - DELIST.13/05/22,SG,3.2944446786770675e-05,0.17564098866553224,0.05258250012951354
2020,vw_nz,JP3156400008,USHIO,JP,3.221045057497076e-05,2.6749001419580054,2.1412383477294106
2020,vw_nz,AU000000CGF5,CHALLENGER,AU,3.10375939305351e-05,0.0011057830796390503,0.0005591199452062454
2020,vw_nz,JP3670800006,NISSAN CHEMICAL,JP,3.0920181905398346e-05,119.63048548791552,36.08161348396692
2020,vw_nz,JP3862400003,MAKITA,JP,2.5565800800903003e-05,0.9880207948185354,0.4194332450071562
2020,vw_nz,JP3246400000,KYUSHU ELEC.POWER,JP,2.4020793626888603e-05,1024.3358857624469,4823.269234179347
2020,vw_nz,HK0002007356,CLP HOLDINGS,HK,2.3153192877494636e-05,4088.807021090376,1727.0122248190476
2020,vw_nz,AU000000DOW2,DOWNER EDI,AU,2.224251030429241e-05,36.866922075421265,111.08470795258516
2020,vw_nz,JP3598600009,TOHO,JP,2.1184604272025784e-05,2.872148160276069,0.9826042495497385
2020,vw_nz,JP3977400005,RINNAI,JP,1.9454696916056525e-05,11.639866837108743,9.966861265134305
2020,vw_nz,SG1L01001701,DBS GROUP HOLDINGS,SG,1.8054399831004355e-05,0.06454165858269381,0.02126250404566294
2020,vw_nz,JP3657400002,NIKON,JP,1.745948506974814e-05,6.425639849927353,7.646682488907233
2020,vw_nz,JP3260800002,KINTETSU GROUP HDG.,JP,1.4855050576618839e-05,4.700455666768259,5.311476717121626
2020,vw_nz,JP3174410005,OJI HOLDINGS,JP,1.2709037974661311e-05,453.78361375385623,1201.467679322329
2020,vw_nz,AU000000QAN2,QANTAS AIRWAYS,AU,1.1823851821830523e-05,765.507626784995,1469.0502552553025
2020,vw_nz,JP3600200004,TOHO GAS,JP,1.1650877517917212e-05,14.012338354610389,15.155964016343832
2020,vw_nz,JP3638600001,DOWA HDG.,JP,1.131762327566922e-05,275.48598618794387,537.5440118962066
2020,vw_nz,JP3868400007,MAZDA MOTOR,JP,1.0836856484091317e-05,3.7902611166805165,23.093158178669114
2020,vw_nz,HK0293001514,CATHAY PACIFIC AIRWAYS,HK,9.333599844323022e-06,547.143054965261,1519.760143284738
2020,vw_nz,JP3414750004,SEIKO EPSON,JP,9.054555148236849e-06,12.579269263835519,19.975035902228306
2020,vw_nz,JP3116000005,ASAHI GROUP HOLDINGS,JP,8.903743147133536e-06,24.093634420155727,20.729415757310925
2020,vw_nz,AU000000LLC3,LENDLEASE GROUP STAPLED UNITS,AU,8.637428085502966e-06,10.944685611299693,15.90273166145604
2020,vw_nz,JP3381000003,NIPPON STEEL,JP,8.40059082142566e-06,1407.331806519695,5949.718516233515
2020,vw_nz,JP3256000005,KYOWA KIRIN,JP,8.341629919489092e-06,6.108764806689676,1.3199543142958312
2020,vw_nz,JP3771800004,HAMAMATSU PHOTONICS,JP,8.271590081770045e-06,9.613101945759148,1.8146931146322751
2020,vw_nz,SG1T75931496,SINGAPORE TELECOM,SG,7.642598285962453e-06,0.47379676688691513,0.1521083468711745
2020,vw_nz,HK0004000045,WHARF HOLDINGS,HK,7.196431974021263e-06,7.836833300649172,2.2799745538554257
2020,vw_nz,JP3571400005,TOKYO ELECTRON,JP,7.10849938797605e-06,2.710655441326169,0.7654432969173685
2020,vw_nz,JP3409000001,SUMITOMO REAL.&DEV.,JP,5.393447226229027e-06,4.534856911348435,2.3924833915601056
2020,vw_nz,NZAIAE0002S6,AUCKLAND INTL.AIRPORT,NZ,5.3885785384720636e-06,4.959303504408959,0.3632131865933876
2020,vw_nz,JP3596200000,TOTO,JP,4.450965542738144e-06,32.80969421905807,24.30279682461259
2020,vw_nz,SGXE21576413,GENTING SINGAPORE,SG,4.013166635499905e-06,2.490895679744191,0.6045601105481345
2020,vw_nz,JP3258000003,KIRIN HOLDINGS,JP,2.8985479333986226e-06,19.991445677194264,17.596834344288716
2020,vw_nz,JP3350800003,SHIKOKU ELECTRIC POWER,JP,2.847792098926832e-06,1076.961976247086,3831.020378540065
2020,vw_nz,JP3866800000,PANASONIC HOLDINGS,JP,2.8470708263234714e-06,5.5237543887822005,16.06825464969969
2020,vw_nz,JP3388200002,AEON,JP,2.7098739415848054e-06,2.7285847092549584,11.972239994966092
2020,vw_nz,JP3955000009,YOKOGAWA ELECTRIC,JP,2.6308773651037836e-06,3.7506925385865895,2.955494475336399
2020,vw_nz,AU000000WOR2,WORLEY,AU,2.5393010290967238e-06,4.95129156199519,7.597900536799244
2020,vw_nz,JP3942400007,ASTELLAS PHARMA,JP,2.4349375374958665e-06,5.975342966127615,2.1949933544624174
2020,vw_nz,JP3783600004,EAST JAPAN RAILWAY,JP,2.4287235870599693e-06,50.47033121407211,42.2429561379317
2020,vw_nz,US89677Q1076,TRIP COM GROUP ADR 1:1,SG,2.385826623467917e-06,0.006577118552755358,0.001892560456173866
2020,vw_nz,JP3574200006,TOKYU,JP,1.8740636293858928e-06,13.743666297553926,13.432196156626025
2020,vw_nz,JP3544000007,TEIJIN,JP,1.4948865787470914e-06,88.31772350648156,198.68344313942163
2020,vw_nz,JP3502200003,DAIWA SECURITIES GROUP,JP,1.401184090469181e-06,0.13405190094244046,0.10195811260028427
2020,vw_nz,JP3870400003,MARUI GROUP,JP,1.3513253161092563e-06,6.036924905689269,2.735204885582358
2020,vw_nz,AU000000MTS0,METCASH,AU,1.3042677006503276e-06,1.6434646190953348,9.01822179329034
2020,vw_nz,JP3845400005,HOKURIKU ELEC.POWER,JP,1.2838394315416343e-06,2465.2140990870753,8256.800996610365
2020,vw_nz,JP3371200001,SHIN-ETSU CHEMICAL,JP,1.1008094629601844e-06,131.60476623720805,38.69074609474238
2021,vw_nz,AU000000BWP3,BWP GROUP STAPLED UNITS,AU,0.15525367323961817,0.0,0.0
2021,vw_nz,JP3435000009,SONY GROUP,JP,0.03873142688573915,2.5018879394285785,1.6166808331974816
2021,vw_nz,HK0363006039,SHANGHAI INDUSTRIAL HOLDINGS,HK,0.026668291620282458,30.45165344434844,71.03725371304446
2021,vw_nz,JP3814000000,FUJIFILM HOLDINGS,JP,0.021646832367713968,31.235484561375223,21.65013848332349
2021,vw_nz,AU000000BEN6,BENDIGO & ADELAIDE BANK,AU,0.02052817980455093,0.8579732401306741,0.38689415832046764
2021,vw_nz,JP3826800009,FURUKAWA,JP,0.020263025059146438,2.78664114018294,8.652218782249742
2021,vw_nz,JP3475350009,DAIICHI SANKYO,JP,0.01933961451281794,9.517064496294866,1.2838755112208884
2021,vw_nz,HK0014000126,HYSAN DEVELOPMENT,HK,0.01919078733711514,1.144939284789022,0.14161267898628063
2021,vw_nz,BMG8403G1033,SINOFERT HOLDINGS,HK,0.01836137848903574,447.597739616981,1632.6853319246345
2021,vw_nz,HK0000055878,CHINA TAIPING INSURANCE HLDGS,HK,0.018173706378902085,0.08113869468189966,0.43217745433514865
2021,vw_nz,JP3830000000,BROTHER INDUSTRIES,JP,0.016420877219516267,3.1122531507351012,3.109485217886256
2021,vw_nz,JP3621000003,TORAY INDS.,JP,0.016160609588794995,158.03337642414223,256.0763453804647
2021,vw_nz,JP3906000009,MINEBEA MITSUMI,JP,0.01552393319272876,8.620865349603337,8.206441278295882
2021,vw_nz,JP3600200004,TOHO GAS,JP,0.015024456851058894,16.47557046331548,10.961154189928449
2021,vw_nz,JP3519400000,CHUGAI PHARM.,JP,0.01450083016216153,6.530537454498055,0.5646100203787522
2021,vw_nz,JP3419050004,SEGA SAMMY HDG.,JP,0.013899934022069408,2.163697397703775,1.436885968842709
2021,vw_nz,JP3791200003,HITACHI TRANSPORT SYSTEM DEAD - DELIST.24/02/23,JP,0.013802903845950969,6.717543079554712,11.729976060684722
2021,vw_nz,JP3352400000,CITIZEN WATCH,JP,0.013301881798686787,8.60958091825262,17.198941603593624
2021,vw_nz,HK2388011192,BOC HONG KONG HOLDINGS,HK,0.01329436684481828,0.03838247087854749,0.01823371258612822
2021,vw_nz,KYG210961051,CHINA MENGNIU DAIRY,HK,0.01308440432523761,23.529122175509876,10.895377971138142
2021,vw_nz,JP3352000008,77 BANK,JP,0.01302481403678336,1.384284221236304,1.6543794526071987
2021,vw_nz,KYG2108Y1052,CHINA RESOURCES LAND,HK,0.012992158712103024,20.099849038675217,18.30605945873325
2021,vw_nz,JP3756600007,NINTENDO,JP,0.012866325717518686,0.036765734559230885,0.007563840773284713
2021,vw_nz,JP3358000002,SHIMANO,JP,0.011862019187888952,6.050673416820617,0.9724054703839446
2021,vw_nz,JP3436100006,SOFTBANK GROUP,JP,0.011633076243578401,0.25229903733580594,0.09057185527773763
2021,vw_nz,JP3249600002,KYOCERA,JP,0.011612900123541296,8.958562869929414,5.328033363851419
2021,vw_nz,JP3293200006,COCA-COLA BOTTLERS JAPAN HOLDINGS,JP,0.011407630336316735,24.998603233517724,59.247342265836316
2021,vw_nz,JP3201200007,OLYMPUS,JP,0.010870833897712541,4.222985896293734,1.1253974739029087
2021,vw_nz,JP3820000002,FUJI ELECTRIC,JP,0.010715334065501124,24.99608431765202,32.240525160206076
2021,vw_nz,SG9999000020,FLEX,SG,0.010556174206540708,3.17205059310087,8.262682087774037
2021,vw_nz,JP3481800005,DAIKIN INDUSTRIES,JP,0.010532410076372577,23.684150579350927,8.643877737850048
2021,vw_nz,JP3900000005,MITSUBISHI HEAVY INDS.,JP,0.009966806992320004,4.189305098045831,15.337906264061864
2021,vw_nz,JP3274400005,GLORY,JP,0.009617302464740747,1.4137099745873583,2.2423774297067234
2021,vw_nz,JP3528600004,CHIYODA CORPORATION,JP,0.00955189843006958,15.619523489766559,61.24356527271675
2021,vw_nz,JP3397200001,SUZUKI MOTOR,JP,0.008860554428236654,13.146604498449774,16.539328346580753
2021,vw_nz,JP3802400006,FANUC,JP,0.00788092490870693,9.951441189873766,0.8726159684014928
2021,vw_nz,JP3862400003,MAKITA,JP,0.007833466257324334,0.9142392576887222,0.3765695869859528
2021,vw_nz,JP3665200006,NICHIREI,JP,0.007566164123620783,7.703787181778563,10.816156247102816
2021,vw_nz,JP3571400005,TOKYO ELECTRON,JP,0.007362499142768197,2.37509517784426,0.4711380811488231
2021,vw_nz,JP3452000007,TAIYO YUDEN,JP,0.007023093278527455,15.238039952689514,5.511933993278065
2021,vw_nz,JP3626800001,LIXIL,JP,0.007015817434220179,34.96388328395498,62.202751604123534
2021,vw_nz,JP3769000005,HACHIJUNI NAGANO BANK,JP,0.006511095516281743,1.8518212445010067,1.598121954118626
2021,vw_nz,JP3407200009,OSAKA TITANIUM,JP,0.006419731752131795,214.52054657839727,155.2570768341999
2021,vw_nz,JP3771800004,HAMAMATSU PHOTONICS,JP,0.006340565054383402,9.312642842148524,1.3088333525518563
2021,vw_nz,JP3421100003,JAPAN PETROLEUM EXP.,JP,0.006241810286449403,352.23151259905023,661.4594956482928
2021,vw_nz,AU000000ABC7,ADBRI DEAD - DELIST.02/07/24,AU,0.0061331460663126315,1895.569038259614,1387.699052242716
2021,vw_nz,JP3802300008,FAST RETAILING,JP,0.005990103523104059,0.5256680528634731,0.10858860154252334
2021,vw_nz,JP3385820000,GS YUASA,JP,0.0059538122847281084,17.6414287825406,24.480057034657754
2021,vw_nz,JP3837800006,HOYA,JP,0.005260776950989591,3.163024871853013,0.3440027950227096
2021,vw_nz,US89677Q1076,TRIP COM GROUP ADR 1:1,SG,0.005037127569754194,0.010149578472969606,0.0014222383292176214
2021,vw_nz,JP3122400009,ADVANTEST,JP,0.0049784636965764595,1.3788950165069296,0.22775285049729027
2021,vw_nz,JP3711200000,AOZORA BANK,JP,0.004648961476633437,0.08496727641867402,0.05170443206763302
2021,vw_nz,JP3633400001,TOYOTA MOTOR,JP,0.004607060614270066,9.744521593169779,10.585344491179342
2021,vw_nz,AU000000CSL8,CSL,AU,0.0045145303643259705,5.095693185592611,0.5854720104461661
2021,vw_nz,HK0000139300,TELEVISION BROADCASTS,HK,0.004481434539812832,1.6353439617127947,1.319239774135794
2021,vw_nz,JP3788600009,HITACHI,JP,0.004447715579605933,15.260742990787652,29.65006603215525
2021,vw_nz,JP3116000005,ASAHI GROUP HOLDINGS,JP,0.004412373713310244,25.604289744777063,23.85382146428663
2021,vw_nz,JP3756100008,NITORI HOLDINGS,JP,0.004224194824370902,6.301763090174576,1.8731289101515858
2021,vw_nz,JP3404600003,SUMITOMO,JP,0.00394264782382409,34.45692623593463,89.50557402263372
2021,vw_nz,JP3357200009,SHIMADZU,JP,0.0039302836596815,0.5496962515937756,0.1746537271542009
2021,vw_nz,JP3914400001,MURATA MANUFACTURING,JP,0.003924036064093317,18.45096453744527,4.342019976415647
2021,vw_nz,JP3209000003,CASIO COMPUTER,JP,0.003787841750633617,1.6700011307179137,0.7286548530004028
2021,vw_nz,JP3134800006,IHI,JP,0.0036966527401776873,4.9948162893987185,20.484483573416412
2021,vw_nz,JP3548610009,DENA,JP,0.00366383244467445,0.014997485947750338,0.007610868319960905
2021,vw_nz,JP3243600008,CANON MARKETING JAPAN,JP,0.0036475028380373764,1.1183723902394627,1.891191287477379
2021,vw_nz,BMG5320C1082,KUNLUN ENERGY,HK,0.003605524564238022,30.23863360314388,60.279758384778894
2021,vw_nz,JP3242800005,CANON,JP,0.003557364128764513,4.744268765028811,4.820396268978484
2021,vw_nz,AU000000CWY3,CLEANAWAY WASTE MANAGEMENT,AU,0.0035250112780547,491.95697565800316,244.92831679105433
2021,vw_nz,AU000000QBE9,QBE INSURANCE GROUP,AU,0.003514696077123949,0.3781466249341749,0.7087353862694736
2021,vw_nz,JP3899600005,MITSUBISHI ESTATE,JP,0.003470314095106947,9.807783746564331,5.2600369643188145
2021,vw_nz,JP3499800005,MITSUBISHI HC CAPITAL,JP,0.0033717340246410643,0.389440466506719,0.7440731761173922
2021,vw_nz,JP3890310000,MS&AD INSURANCE GP.HDG.,JP,0.003361829504357695,0.46314343111644884,1.1521005673887534
2021,vw_nz,JP3420600003,SEKISUI HOUSE,JP,0.003030596474937155,3.6938927753986057,6.455327258820342
2021,vw_nz,JP3156400008,USHIO,JP,0.0030155038990906805,3.18130769583789,2.130657929074724
2021,vw_nz,BMG8063F1068,SHANGRI-LA ASIA,HK,0.0028332881680293975,146.81057641909572,48.838653223782835
2021,vw_nz,JP3198900007,ORIENTAL LAND,JP,0.0028049535820785093,22.87398720449046,0.8041856815788333
2021,vw_nz,JP3188220002,OTSUKA HOLDINGS,JP,0.002800333907018409,26.764705035053996,15.28927101939304
2021,vw_nz,AU000000WBC1,WESTPAC BANKING,AU,0.002792933511308891,0.33992682848788586,0.13182455697898615
2021,vw_nz,JP3973400009,RICOH,JP,0.0027647836623333768,7.2206334055224355,20.311507280448303
2021,vw_nz,AU000000APA1,APA GROUP,AU,0.0027356468565323654,742.4466624715218,163.34048767560787
2021,vw_nz,AU000000LLC3,LENDLEASE GROUP STAPLED UNITS,AU,0.0027256446436752795,4.697980152143763,6.133135868198271
2021,vw_nz,JP3205800000,KAO,JP,0.002720737519827333,46.00987181725761,17.285136468295203
2021,vw_nz,JP3277800003,KEIO,JP,0.0026831494713198912,31.724963318925045,9.973930503090871
2021,vw_nz,AU000000CSR5,CSR DEAD - DEAD.10/07/24,AU,0.0026231091062605973,172.84676740471565,139.94783156190505
2021,vw_nz,JP3359600008,SHARP,JP,0.0024814788252458427,12.165740095364082,24.051695110023143
2021,vw_nz,JP3539220008,T & D HOLDINGS,JP,0.0024572062411273776,0.0967828546036112,0.25179514418014726
2021,vw_nz,HK0688002218,CHINA OVERSEAS LAND INVESTMENT,HK,0.0023249492722329573,1.1184494606876625,1.2055128089977345
2021,vw_nz,JP3197800000,OMRON,JP,0.002264268679003704,3.2451954207568185,1.0787468520631094
2021,vw_nz,AU000000JBH7,JB HI-FI,AU,0.0022595475551349707,0.06363750969498617,0.09494476211624937
2021,vw_nz,AU000000IVC8,INVOCARE DEAD - DELIST.27/11/23,AU,0.0022266255803032866,15.159718462371412,4.329656561491432
2021,vw_nz,AU000000NCM7,NEWCREST MINING DEAD - DELIST.08/11/23,AU,0.0021305565130440456,290.6606285439366,86.60905350315166
2021,vw_nz,JP3143600009,ITOCHU,JP,0.0021298682134252753,15.513353977532555,33.95058947578761
2021,vw_nz,JP3388200002,AEON,JP,0.0020989383649560305,2.636734939913022,7.762730698652951
2021,vw_nz,JP3174410005,OJI HOLDINGS,JP,0.0020161605914737727,478.35911602716,998.9591187098811
2021,vw_nz,JP3271400008,CREDIT SAISON,JP,0.0019514790943839877,0.317797696137562,0.4775798884246399
2021,vw_nz,JP3992400006,WACOAL HDG.,JP,0.0018993174086587275,1.0741360572339163,1.1733943216746543
2021,vw_nz,JP3734800000,NIDEC,JP,0.001892438457701784,4.041834060347008,0.730351624137683
2021,vw_nz,JP3351600006,SHISEIDO,JP,0.00187389060221429,3.280523569005124,1.0255960135057265
2021,vw_nz,HK0066009694,MTR,HK,0.0018288777165899831,8.745824465095144,1.3480941483630986
2021,vw_nz,JP3951600000,UNI CHARM,JP,0.0017992577745797249,5.128768199903493,1.2882613624652168
2021,vw_nz,JP3939000000,YAMADA HOLDINGS,JP,0.0017647278723086145,3.3849806153443427,10.714880985451572
2021,vw_nz,JP3538800008,TDK,JP,0.001697624811895262,10.305729077997096,6.718340509981616
2021,vw_nz,JP3684000007,NITTO DENKO,JP,0.0016422775440999736,51.87095507356072,24.3310090372434
2021,vw_nz,HK0293001514,CATHAY PACIFIC AIRWAYS,HK,0.001573328987412867,994.3401782439225,1188.4905336341726
2021,vw_nz,JP3735400008,NTT,JP,0.0015203817738746253,2.124363165238635,2.4285179020544034
2021,vw_nz,JP3967200001,RAKUTEN GROUP,JP,0.0015088472019996132,0.11892490156021962,0.11557732523052308
2021,vw_nz,AU000000OZL8,OZ MINERALS DEAD - DELIST.03/05/23,AU,0.0014921536860639571,93.12779410420049,19.886208561651024
2021,vw_nz,HK0006000050,POWER ASSETS HOLDINGS,HK,0.001457317962232086,42609.82159750493,606.5829601555616
2021,vw_nz,HK0019000162,SWIRE PACIFIC 'A',HK,0.0014508345242223145,16.561842792663743,29.94447139252299
2021,vw_nz,BMG2108M2182,CHINESE ESTATES HDG.,HK,0.0014407363407713978,0.0,0.0
2021,vw_nz,JP3902000003,MITSUBISHI LOGISTICS,JP,0.0014208521441422932,2.3516572997985983,1.8783020873522673
2021,vw_nz,AU000000ERA9,ENERGY RES.OF AUS.,AU,0.0013956799375248715,598.6181366929928,184.9648247737575
2021,vw_nz,AU000000PPT9,PERPETUAL,AU,0.001378821710856411,0.0,0.0
2021,vw_nz,JP3027670003,NIPPON BUILDING FUND,JP,0.001322654114315115,15.379302044468632,1.2137806852347441
2021,vw_nz,JP3910660004,TOKIO MARINE HOLDINGS,JP,0.0012999649763865587,0.2591522043244732,0.38422704627975807
2021,vw_nz,JP3940000007,YAMATO HDG.,JP,0.0012835413750153203,42.12284511953164,64.53510484056241
2021,vw_nz,AU000000SIG5,SIGMA HEALTHCARE,AU,0.0012743002066524793,1.721949517553358,8.450964111080356
2021,vw_nz,JP3902900004,MITSUBISHI UFJ FINL.GP.,JP,0.0012633213055651214,0.5038460430056978,0.4767628975332948
2021,vw_nz,AU000000BSL0,BLUESCOPE STEEL,AU,0.0012496303468545757,1034.6720475855507,1365.934459868722
2021,vw_nz,KYG5427W1309,LEE & MAN PAPER MNFG.,HK,0.0011701526889790577,1538.293940871304,1280.3880716509038
2021,vw_nz,AU000000CBA7,COMMONWEALTH BK.OF AUS.,AU,0.0011456919988701636,0.3601761363181233,0.0753087655091351
2021,vw_nz,KYG217651051,CK HUTCHISON HOLDINGS,HK,0.0010925737586440739,234.377460516798,294.65367635197197
2021,vw_nz,JP3419400001,SEKISUI CHEMICAL,JP,0.0010720121787022308,20.082760760303643,23.223223223223222
2021,vw_nz,JP3885400006,MISUMI GROUP,JP,0.0010706961992678755,3.044968179592978,0.8948187241948379
2021,vw_nz,JP3162600005,SMC,JP,0.0010393631227420838,10.657878866652476,1.2627883263295063
2021,vw_nz,JP3351100007,SYSMEX,JP,0.0010048488839535287,1.433960842276038,0.16373274951284028
2021,vw_nz,JP3496400007,KDDI,JP,0.0009393196500079792,0.5080693992419133,0.36867305835331643
2021,vw_nz,JP3305530002,COMSYS HOLDINGS,JP,0.000938969716662872,16.984182819253572,20.866274998956683
2021,vw_nz,AU000000ELD6,ELDERS,AU,0.0009102414950989888,34.94288733584365,42.4383744170553
2021,vw_nz,HK0823032773,LINK REAL ESTATE INVESTMENT TRUST,HK,0.0008997211672372722,2.2343750684327546,0.16947097484288917
2021,vw_nz,AU000000BHP4,BHP GROUP,AU,0.0008973064984664511,200.0919590946263,100.30537524588473
2021,vw_nz,JP3358800005,SHIMIZU,JP,0.0008929259107970986,10.815723679927537,27.808173220778514
2021,vw_nz,JP3039710003,JAPAN METROPOLITAN FUND INVESTMENT REIT,JP,0.0008924177968821991,9.376907192362033,1.1340839966349576
2021,vw_nz,AU000000BLD2,BORAL DEAD - DELIST.08/07/24,AU,0.000889133817515088,609.0577968164733,273.27042592922294
2021,vw_nz,JP3579800008,TOKYO STEEL MNFG.,JP,0.0008876329951997113,190.08409576039216,238.51690722034465
2021,vw_nz,HK0392044647,BEIJING ENTERPRISES HOLDINGS,HK,0.0008706179795501431,50.908019397066504,104.32462870252546
2021,vw_nz,JP3421800008,SECOM,JP,0.0008662293032203896,6.113321391496044,2.9073385132806555
2021,vw_nz,JP3336000009,SANTEN PHARM.,JP,0.000841944670170248,6.480036385883986,2.260488606285558
2021,vw_nz,KYG548561284,LIFESTYLE INTL.HDG. DEAD - DELIST.21/12/22,HK,0.0008264874154946037,0.00011667703795892968,2.7451913398363867e-05
2021,vw_nz,HK0291001490,CHINA RESOURCES BEER HOLDINGS,HK,0.0007883446081309027,49.88693388996649,7.519146616433491
2021,vw_nz,NZAIAE0002S6,AUCKLAND INTL.AIRPORT,NZ,0.0007430277137148897,7.235195726307327,0.21353620548458943
2021,vw_nz,JP3835620000,BENESSE HOLDINGS DEAD - DELIST.17/05/24,JP,0.0007088511159708879,0.01859311296417034,0.038372597925860105
2021,vw_nz,JP3726800000,JAPAN TOBACCO,JP,0.0007069893180277868,17.68967023314898,8.86203067651223
2021,vw_nz,HK0388045442,HONG KONG EXCHANGES AND CLEARING,HK,0.0006924186892594007,0.046612163946862135,0.0011969480640714565
2021,vw_nz,JP3783600004,EAST JAPAN RAILWAY,JP,0.0006629769161066024,76.19550751287704,59.107452834099746
2021,vw_nz,JP3780100008,PARK24,JP,0.000662832914970383,58.40012901372535,44.90786490728362
2021,vw_nz,BMG4600H1198,HOPSON DEVELOPMENT HOLDINGS,HK,0.0006584249957202374,0.29294747557756207,0.2297419426723993
2021,vw_nz,JP3762600009,NOMURA HDG.,JP,0.0006486882586800445,0.12858082972157828,0.12824753203953504
2021,vw_nz,HK0011000095,HANG SENG BANK DEAD - DELIST.28/01/26,HK,0.0006226037269337083,0.011546599151318379,0.0020245911644602294
2021,vw_nz,JP3629000005,TOPPAN HOLDINGS,JP,0.0006162676144921416,17.327866476333107,47.05213676045509
2021,vw_nz,JP3494600004,SCREEN HOLDINGS,JP,0.0006069962222541685,3.556442525456174,2.5272150632875223
2021,vw_nz,SG1J26887955,SINGAPORE EXCHANGE,SG,0.0006032970019324441,0.07915458037112538,0.008153240787778668
2021,vw_nz,JP3385980002,J S R DEAD - DELIST.25/06/24,JP,0.0005927819685576043,97.59407371605701,57.77241721820744
2021,vw_nz,JP3870000001,MABUCHI MOTOR,JP,0.0005849503155703733,3.693737526188798,1.4017106899280305
2021,vw_nz,AU000000TLS2,TELSTRA GROUP,AU,0.0005640810943282294,1.9375810192607323,1.1578695759751074
2021,vw_nz,JP3818000006,FUJITSU,JP,0.0005506582473894012,2.1703105795464257,2.332582034577574
2021,vw_nz,JP3486800000,DAITO TST.CONSTRUCTION,JP,0.0005490945607429963,2.3212251706430127,4.819107456915428
2021,vw_nz,MU0117U00026,GOLDEN AGRI-RESOURCES,SG,0.0005361275173172143,1139.2550403638295,4648.941457666683
2021,vw_nz,JP3596200000,TOTO,JP,0.0005073682100547817,30.94692398694225,15.140882740662972
2021,vw_nz,JP3131400008,AEON FINANCIAL SERVICE,JP,0.0005045054174530597,0.5471338546759411,0.9867783850714635
2021,vw_nz,IE00BKVD2N49,SEAGATE TECHNOLOGY HOLDINGS,SG,0.0004970306414971425,34.919976405819895,22.47341292110839
2021,vw_nz,JP3544000007,TEIJIN,JP,0.0004939002815055903,91.44429175108091,194.21034347877227
2021,vw_nz,JP3850200001,HOKKAIDO ELEC.POWER,JP,0.0004912157546621358,1833.056393836749,14266.289204431465
2021,vw_nz,JP3165700000,NTT DATA GROUP DEAD - DELIST.26/09/25,JP,0.0004624790659431376,0.3333217331293907,0.3500793854924705
2021,vw_nz,JP3027680002,JAPAN REAL ESTATE INV.,JP,0.00045022939064565744,4.893430155319013,0.4023826312949925
2021,vw_nz,AU000000ANZ3,ANZ GROUP HOLDINGS,AU,0.00044467491443577747,0.28236684956923674,0.1223296097449321
2021,vw_nz,AU000000GMG2,GOODMAN GROUP,AU,0.00041828846213743157,2.1047268365695175,0.13116174147003293
2021,vw_nz,JP3786200000,HITACHI METALS DEAD - DELIST.29/12/22,JP,0.0004178276147154826,48.36735030514765,50.05012244921576
2021,vw_nz,JP3634600005,TOYOTA INDS.,JP,0.00041608932561834486,11.333295465326483,8.010516794688215
2021,vw_nz,NZFBUE0001S0,FLETCHER BUILDING,NZ,0.0004122008057869391,157.02567799127718,221.80358928335613
2021,vw_nz,JP3375800004,SHINKO ELEC.INDS. DEAD - DELIST.06/06/25,JP,0.0004070880655525164,26.90087132334095,12.290945534860795
2021,vw_nz,JP3190000004,OBAYASHI,JP,0.00039604515211118604,12.556188517887827,36.24464809756561
2021,vw_nz,KYG525621408,KINGBOARD HOLDINGS,HK,0.0003664167108337844,203.44339641128713,232.3661228426437
2021,vw_nz,AU000000ALL7,ARISTOCRAT LEISURE,AU,0.0003594506606741254,6.024843393918606,1.1972285110151357
2021,vw_nz,BMG677491539,ORIENT OVERSEAS (INTL.),HK,0.000333173997000183,676.4105403373532,939.9761959661996
2021,vw_nz,AU000000STO6,SANTOS,AU,0.0003298520941195053,1666.3763526614764,603.2500094257814
2021,vw_nz,JP3854600008,HONDA MOTOR,JP,0.0003279718726127604,9.051446912985037,23.14208329992884
2021,vw_nz,JP3409000001,SUMITOMO REAL.&DEV.,JP,0.0003217806068975632,4.579067099733777,2.8566288925678163
2021,vw_nz,AU000000SGM7,SIMS,AU,0.00029886399811593025,20.4110230848388,37.474986356194286
2021,vw_nz,JP3197600004,ONO PHARM.,JP,0.00029102552117801696,3.5143061837522835,0.6390390876799591
2021,vw_nz,JP3511800009,CHIBA BANK,JP,0.00029072373490008534,1.1042930816607657,0.5388290189978892
2021,vw_nz,JP3258000003,KIRIN HOLDINGS,JP,0.0002881939169571585,20.05915233772657,18.29666829591673
2021,vw_nz,JP3040890000,JAPAN PRIME REALTY INV.,JP,0.00028743165170724854,3.8031762169693204,0.3677206779167349
2021,vw_nz,JP3982100004,LAWSON DEAD - DELIST.24/07/24,JP,0.00026348107509610396,0.6677848179898124,0.8783199985293246
2021,vw_nz,HK0308001558,CTII.INTL.INV.HK.,HK,0.0002597805075293617,59.21182382500739,19.475149723885824
2021,vw_nz,JP3659000008,WEST JAPAN RAILWAY,JP,0.00025679576857664296,14.595165285912932,13.445771345321523
2021,vw_nz,JP3463000004,TAKEDA PHARMACEUTICAL,JP,0.0002510563365619458,9.625505737376322,5.306903865345918
2021,vw_nz,JP3893200000,MITSUI FUDOSAN,JP,0.000243773900470787,5.815806137233099,5.842845740235208
2021,vw_nz,JP3266400005,KUBOTA,JP,0.00024200956809520614,17.523909077112688,11.309426645009175
2021,vw_nz,JP3381000003,NIPPON STEEL,JP,0.00024101101359402948,1356.2252941620889,5560.078687831991
2021,vw_nz,JP3160400002,EISAI,JP,0.00022912613817600982,6.68247870385836,2.0704435659341214
2021,vw_nz,AU000000IRE2,IRESS,AU,0.000222399846798571,0.19452509130521475,0.05352889221957552
2021,vw_nz,JP3415400005,SEINO HDG.,JP,0.00022016086965287958,70.63593827407068,141.97005735673318
2021,vw_nz,JP3411000007,SURUGA BANK,JP,0.0002153543569659781,0.171757783821883,0.23874687008676412
2021,vw_nz,JP3688370000,NIPPON EXPRESS HOLDINGS,JP,0.00020854681706712847,28.645010668119358,80.30365261234722
2021,vw_nz,JP3270000007,KURITA WATER IND.,JP,0.00020312866910503203,5.53694964697991,2.764754904477718
2021,vw_nz,JP3456000003,TAKASHIMAYA,JP,0.00019725550518319535,3.0635101817517807,12.19272085010279
2021,vw_nz,AU000000SEK6,SEEK,AU,0.00019142048457944412,0.0,0.0
2021,vw_nz,JP3933800009,LY,JP,0.00017331391447989816,0.3306594819668116,0.11586286279716679
2021,vw_nz,JP3283650004,KOSE HOLDINGS,JP,0.00017294293978946574,2.331465061216191,0.7234709089063548
2021,vw_nz,JP3164630000,SQUARE ENIX HOLDINGS,JP,0.00017158581375374096,0.0,0.0
2021,vw_nz,AU000000WES1,WESFARMERS,AU,0.0001669755174840931,99.19920998819616,52.93951946171813
2021,vw_nz,JP3942400007,ASTELLAS PHARMA,JP,0.00016186680996434498,5.306598284823838,2.057013565834772
2021,vw_nz,JP3402600005,SUMITOMO METAL MINING,JP,0.00016158174356871455,219.1967798509929,139.8078442851961
2021,vw_nz,JP3200450009,ORIX,JP,0.00016044827852278436,45.90233640364757,45.670175639761865
2021,vw_nz,JP3493800001,DAI NIPPON PRINTING,JP,0.00015696293704047513,25.601151441145184,57.57447707585041
2021,vw_nz,JP3551500006,DENSO,JP,0.00015096283303062902,12.69923719694764,12.097269608445405
2021,vw_nz,AU000000IFL2,INSIGNIA FINANCIAL,AU,0.00014849020075462986,0.001602252553456486,0.0009585032014006927
2021,vw_nz,AU000000MTS0,METCASH,AU,0.0001471476983738583,1.439809139933286,5.731460789651011
2021,vw_nz,JP3877600001,MARUBENI,JP,0.00014257942428754037,13.543890283583663,67.23798272991392
2021,vw_nz,BMG684371393,PACIFIC BASIN SHIP.,HK,0.0001412410413879502,2314.099223628543,3937.8453996809026
2021,vw_nz,JP3766550002,HAKUHODO DY HDG.,JP,0.0001387922652236455,0.02666319908344228,0.05612214942651798
2021,vw_nz,JP3657400002,NIKON,JP,0.00013682770055038995,7.535152783680785,11.091515308175813
2021,vw_nz,JP3588600001,TBS HOLDINGS,JP,0.00012972471019448786,1.4179504001337275,1.2862734077463283
2021,vw_nz,JP3322930003,SUMCO,JP,0.00011463142510127481,9.740400294376542,4.064000481659316
2021,vw_nz,JP3502200003,DAIWA SECURITIES GROUP,JP,0.00011138978705480917,0.15161503322475994,0.10806079639010205
2021,vw_nz,JP3893600001,MITSUI,JP,0.00010952253703495692,63.61806947908972,121.97390868354582
2021,vw_nz,JP3613000003,TOYO SUISAN KAISHA,JP,0.00010716539250443753,41.911676497302835,33.15027259770161
2021,vw_nz,JP3389900006,JAFCO GROUP,JP,0.00010400498330461228,0.021655177391994802,0.0016307449786644198
2021,vw_nz,JP3429800000,ANA HOLDINGS,JP,0.00010051689567801525,618.7166942654995,519.9964270655547
2021,vw_nz,JP3827200001,FURUKAWA ELECTRIC,JP,0.00010045147517143546,18.75603176930763,71.03472256718494
2021,vw_nz,HK0270001396,GUANGDONG INVESTMENT,HK,9.902203692837163e-05,1015.4118972047365,256.3484676523143
2021,vw_nz,JP3300200007,KONAMI GROUP,JP,9.738129679407652e-05,14.286684119465844,3.9052420173954294
2021,vw_nz,JP3711600001,NIPPON SANSO HOLDINGS,JP,9.514758860258921e-05,128.21510415496178,116.32758413419042
2021,vw_nz,JP3224200000,KAWASAKI HEAVY INDUSTRY,JP,9.02634294578936e-05,9.530616033108407,37.922269975507184
2021,vw_nz,HK0000745908,YUEXIU PROPERTY COMPANY,HK,8.279910814633644e-05,0.5195856066626781,1.135002194443993
2021,vw_nz,HK0003000038,HONG KONG AND CHINA GAS,HK,8.223825350229321e-05,342.4244369835816,71.3018101510431
2021,vw_nz,JP3762800005,NOMURA RESEARCH INST.,JP,8.202221707614259e-05,0.19362778698155192,0.046463737840439806
2021,vw_nz,SG1V61937297,SINGAPORE AIRLINES,SG,8.097469534094666e-05,567.7441237868717,423.58218677614764
2021,vw_nz,JP3919800007,MEIDENSHA,JP,7.957059512411542e-05,8.437638894862861,18.738527814197415
2021,vw_nz,JP3371200001,SHIN-ETSU CHEMICAL,JP,7.210440595603872e-05,151.97131852720426,28.93933829401024
2021,vw_nz,JP3592200004,TOSHIBA DEAD - DELIST.20/12/23,JP,7.090752161514052e-05,9.709546207366293,18.817204301075268
2021,vw_nz,JP3625000009,TOKUYAMA,JP,6.823843754101216e-05,2364.5019697770476,3678.851501744189
2021,vw_nz,SG1P66918738,SINGAPORE PRESS HDG. DEAD - DELIST.13/05/22,SG,6.80644324324254e-05,0.17483406168022464,0.07765462506841818
2021,vw_nz,JP3300600008,KONICA MINOLTA,JP,6.230710400642931e-05,17.928614240583975,64.87351383710643
2021,vw_nz,JP3765400001,HOUSE SHOKUHIN GP.HONSHA K K,JP,6.116288206917425e-05,19.654309101418832,14.912326818834586
2021,vw_nz,JP3635400009,TOYOTA BOSHOKU,JP,5.91160738153975e-05,4.64052997181541,17.009016633168017
2021,vw_nz,JP3935600001,YAMAZAKI BAKING,JP,5.8194013325167296e-05,39.97926878124545,96.01990049751244
2021,vw_nz,AU000000NAB4,NATIONAL AUS.BANK,AU,5.801571424108318e-05,0.5416620510345664,0.1786440682443123
2021,vw_nz,JP3229400001,KANSAI PAINT,JP,5.7248671390313385e-05,4.473960378077215,1.9199333111370902
2021,vw_nz,JP3830800003,BRIDGESTONE,JP,5.3336811074252024e-05,60.43772496118052,64.88837842359676
2021,vw_nz,JP3888300005,MITSUI CHEMICALS,JP,5.081383269304429e-05,327.09940752151965,596.6158798728284
2021,vw_nz,JP3276400003,GUNMA BANK,JP,5.0574463163863776e-05,1.1473934394058216,1.1252110692454598
2021,vw_nz,JP3811000003,FUJIKURA,JP,4.957246217271032e-05,4.0054185871905075,16.301398596666914
2021,vw_nz,HK0242001243,SHUN TAK HOLDINGS,HK,4.415232767908121e-05,11.006452185751916,6.636625248176323
2021,vw_nz,JP3203500008,ONWARD HOLDINGS,JP,4.34433603631839e-05,0.632484669470575,3.048984961436273
2021,vw_nz,SG9999003735,XP POWER (DI),SG,4.3279035589559474e-05,0.6810282241225337,0.1565708039763076
2021,vw_nz,JP3137200006,ISUZU MOTORS,JP,4.3227528272742416e-05,6.418589498727804,13.183718895105185
2021,vw_nz,JP3787000003,HITACHI CON.MCH.,JP,3.7089182988938736e-05,12.957804666082055,16.427716751830086
2021,vw_nz,HK0101000591,HANG LUNG PROPERTIES,HK,3.6139172273578365e-05,2.276601955666718,0.22323205463257326
2021,vw_nz,AU000000RHC8,RAMSAY HEALTH CARE,AU,3.416604631671815e-05,6.272968005375982,4.895081859208749
2021,vw_nz,JP3215800008,KANEKA,JP,3.3396285960978275e-05,171.87201227309856,373.10000919753503
2021,vw_nz,AU0000088338,AMPOL,AU,3.324696393385721e-05,47.258119700575136,111.0747887420338
2021,vw_nz,AU000000CQR9,CHARTER HALL RETAIL REIT,AU,3.2525694148231026e-05,2.017235700955099,0.18925495345873083
2021,vw_nz,SGXE34184239,SEATRIUM,SG,3.1260073869703915e-05,54.66243336164562,43.25780283815792
2021,vw_nz,JP3676800000,NISSHIN SEIFUN,JP,3.108227144893888e-05,13.261580560900835,17.226255982163895
2021,vw_nz,JP3102000001,AISIN,JP,3.0907338971499064e-05,17.749094360994928,60.18461063549985
2021,vw_nz,JP3368000000,RESONAC HOLDINGS,JP,3.0651827906183945e-05,375.73496879327337,936.2938257326143
2021,vw_nz,AU000000ASX7,ASX,AU,2.549118087410901e-05,0.030158634417033595,0.00207587316414967
2021,vw_nz,JP3256000005,KYOWA KIRIN,JP,2.4918180078906957e-05,5.414918725047778,1.041539003737018
2021,vw_nz,JP3613400005,TOYO SEIKAN GROUP HDG.,JP,2.3240005737161462e-05,54.21653749716341,177.89188941359865
2021,vw_nz,JP3894900004,ISETAN MITSUKOSHI HDG.,JP,2.2879509969435674e-05,2.114750877876179,6.729230465277092
2021,vw_nz,JP3566800003,CENTRAL JAPAN RAILWAY,JP,2.204318825093903e-05,7.464160727139616,2.415725214319058
2021,vw_nz,AU000000TCL6,TRANSURBAN GROUP STAPLED UNITS,AU,2.1639019640346892e-05,2.189386190963235,0.161939498445409
2021,vw_nz,JP3407400005,SUMITOMO ELECTRIC IND.,JP,2.1390414732133286e-05,12.060023956297128,29.578091588967645
2021,vw_nz,HK0012000102,HENDERSON LD.DEV.,HK,1.9873900115933873e-05,2.1875357244318403,0.35775501508083557
2021,vw_nz,JP3890350006,SUMITOMO MITSUI FINL.GP.,JP,1.8383838393102484e-05,0.2911168172786726,0.26467415721993043
2021,vw_nz,JP3574200006,TOKYU,JP,1.7903427694715145e-05,14.781219144262556,18.55642265369647
2021,vw_nz,JP3796150005,HIROGIN HOLDINGS,JP,1.774054833712751e-05,1.7133470604287533,1.064885433129402
2021,vw_nz,JP3598600009,TOHO,JP,1.6882393506898438e-05,2.876709297461225,0.7635434569499935
2021,vw_nz,JP3721400004,JAPAN STEEL WORKS,JP,1.524969461053106e-05,31.063209419207485,26.2649465352529
2021,vw_nz,JP3774200004,HANKYU HANSHIN HDG.,JP,1.4617545270035313e-05,19.2170411200513,12.625246878694142
2021,vw_nz,JP3505000004,DAIWA HOUSE INDUSTRY,JP,1.2551844779150095e-05,5.388167146721484,11.428661964578543
2021,vw_nz,JP3122800000,AMADA,JP,1.2089530586748922e-05,3.322856827154402,1.9565748430982
2021,vw_nz,BMG2624N1535,DFI RETAIL GROUP HOLDINGS,HK,1.0977247684719492e-05,34.06364158820269,59.60896518836432
2021,vw_nz,JP3814800003,SUBARU,JP,1.01207899915182e-05,5.940259083276522,11.17999652165003
2021,vw_nz,JP3595200001,TOSOH,JP,9.631719357723006e-06,1121.7432967042066,1369.7566822572464
2021,vw_nz,JP3742600004,NHK SPRING,JP,8.732984388982661e-06,14.724350044182254,45.091253424117056
2021,vw_nz,JP3119600009,AJINOMOTO,JP,8.713375823536282e-06,99.72557970792427,83.83347834505477
2021,vw_nz,JP3675600005,NISSIN FOODS HOLDINGS,JP,8.679550200929121e-06,60.33710596045625,32.16264331628562
2021,vw_nz,JP3888400003,MITSUI KINZOKU LIMITED,JP,7.868575007566353e-06,170.91110538238343,371.6337094196503
2021,vw_nz,JP3219000001,KAMIGUMI,JP,7.539215094077871e-06,12.63231337178418,13.73026397508877
2021,vw_nz,JP3404200002,SUMITOMO RUBBER INDS.,JP,7.403201615395608e-06,52.89441424353545,160.1435658902252
2021,vw_nz,SG1R50925390,SEMBCORP INDUSTRIES,SG,6.309485153891289e-06,6349.3497353040175,11655.244934368106
2021,vw_nz,JP3414750004,SEIKO EPSON,JP,5.223671948355793e-06,13.597917051933184,18.354825581480767
2021,vw_nz,AU000000QAN2,QANTAS AIRWAYS,AU,4.9479287470792525e-06,617.9574537140894,484.8763074083728
2021,vw_nz,AU000000WOW2,WOOLWORTHS GROUP,AU,4.027279781755427e-06,9.941881331941651,10.830128610256928
2021,vw_nz,SG1U68934629,KEPPEL,SG,2.977254552185719e-06,5.806538501479827,4.111446215711618
2021,vw_nz,JP3560800009,TOKAI CARBON,JP,1.9948627714799063e-06,1079.462521530584,611.3552594272753
2021,vw_nz,SG1T75931496,SINGAPORE TELECOM,SG,1.4696718724018804e-06,0.6490597635173723,0.26149394711479085
2021,vw_nz,JP3551200003,ELEC.POWER DEV.,JP,1.4420312978995634e-06,6671.917366846498,18476.49918962723
2021,vw_nz,HK0165000859,CHINA EVERBRIGHT,HK,1.4072587224994742e-06,0.052137859120194315,0.011209615358952344
2021,vw_nz,AU000000SUN6,SUNCORP GROUP,AU,1.2095550933065409e-06,0.15987385200111545,0.18463019360892372
2021,vw_nz,AU000000SGP0,STOCKLAND STAPLED UNITS,AU,1.1863408046769595e-06,2.333174956850965,0.6126736051533707
2022,vw_nz,AU000000BWP3,BWP GROUP STAPLED UNITS,AU,0.12659502243730988,0.0,0.0
2022,vw_nz,JP3198900007,ORIENTAL LAND,JP,0.03686058919260842,24.537205304330357,0.7457600047977226
2022,vw_nz,JP3435000009,SONY GROUP,JP,0.03376849296580194,2.4395581546266416,1.4283738545846367
2022,vw_nz,JP3201200007,OLYMPUS,JP,0.02523647668577818,4.078119944147929,1.0346920929779766
2022,vw_nz,JP3621000003,TORAY INDS.,JP,0.02021972795784351,160.7232573247381,324.3268789154617
2022,vw_nz,KYG2108Y1052,CHINA RESOURCES LAND,HK,0.020108616007591968,0.9911207708729277,0.9481164901377935
2022,vw_nz,BMG5320C1082,KUNLUN ENERGY,HK,0.01914464104210082,21.45973205006333,51.575332037722
2022,vw_nz,JP3906000009,MINEBEA MITSUMI,JP,0.018779162966762217,11.275189114953504,9.996627306114478
2022,vw_nz,JP3826800009,FURUKAWA,JP,0.01683709849015684,2.5581356574098995,9.463180386369142
2022,vw_nz,HK2388011192,BOC HONG KONG HOLDINGS,HK,0.01676630906225461,0.04492733296896615,0.01412820498330046
2022,vw_nz,BMG8403G1033,SINOFERT HOLDINGS,HK,0.01663290639787576,423.19932208162896,1583.9328767415564
2022,vw_nz,AU000000BEN6,BENDIGO & ADELAIDE BANK,AU,0.01609023651763996,0.9404325989955379,0.38858921871614455
2022,vw_nz,JP3837800006,HOYA,JP,0.015504413588686936,2.8453504040130824,0.3270013607344124
2022,vw_nz,JP3862400003,MAKITA,JP,0.014115725422941382,3.353447072815625,2.055903281194133
2022,vw_nz,JP3814000000,FUJIFILM HOLDINGS,JP,0.014054241392945636,31.08977407513227,19.242491074653156
2022,vw_nz,SG1L01001701,DBS GROUP HOLDINGS,SG,0.01405226578273633,0.02605549114969527,0.004705394927643455
2022,vw_nz,JP3242800005,CANON,JP,0.013800631971530745,5.206316307280989,5.004314252870613
2022,vw_nz,KYG210961051,CHINA MENGNIU DAIRY,HK,0.012553676683183359,18.575300107878782,10.872676967067402
2022,vw_nz,JP3756600007,NINTENDO,JP,0.011631075265137339,0.023600811703980654,0.005270754300622773
2022,vw_nz,HK0011000095,HANG SENG BANK DEAD - DELIST.28/01/26,HK,0.009964143966911544,0.01935994758300929,0.002664099863748959
2022,vw_nz,JP3633400001,TOYOTA MOTOR,JP,0.009854550887458072,9.164496097646701,7.648516377493635
2022,vw_nz,AU000000BHP4,BHP GROUP,AU,0.009011552113419205,150.23564708887065,55.291348647740705
2022,vw_nz,JP3539220008,T & D HOLDINGS,JP,0.008752961539096585,0.09253892673907498,0.2060070996670207
2022,vw_nz,JP3910660004,TOKIO MARINE HOLDINGS,JP,0.008736216434773346,0.26324619921874787,0.3111907263156184
2022,vw_nz,JP3375800004,SHINKO ELEC.INDS. DEAD - DELIST.06/06/25,JP,0.00860017483944061,21.704995182787698,7.824296723059021
2022,vw_nz,SG9999000020,FLEX,SG,0.008501591849461834,3.2180838600010744,10.503329285361437
2022,vw_nz,JP3122400009,ADVANTEST,JP,0.0083966844197559,1.0980320045584433,0.21937021443877203
2022,vw_nz,JP3352400000,CITIZEN WATCH,JP,0.008305157384748975,7.756432083435126,13.379379612512555
2022,vw_nz,JP3866800000,PANASONIC HOLDINGS,JP,0.008166871950069201,5.322634041280899,12.332050812821597
2022,vw_nz,HK0019000162,SWIRE PACIFIC 'A',HK,0.008081735597530431,10.299482339434718,21.981927192193485
2022,vw_nz,JP3766550002,HAKUHODO DY HDG.,JP,0.007892956425556987,0.04059687963667399,0.05823699826111562
2022,vw_nz,JP3711600001,NIPPON SANSO HOLDINGS,JP,0.007842829656346537,135.52596980551212,124.13096902092984
2022,vw_nz,JP3249600002,KYOCERA,JP,0.007835293733714211,8.645867429561992,5.863885104702594
2022,vw_nz,JP3108600002,ACOM,JP,0.007749817999927304,0.0,0.0
2022,vw_nz,JP3481800005,DAIKIN INDUSTRIES,JP,0.007603795147072497,23.238469768454983,9.92014120990341
2022,vw_nz,JP3890310000,MS&AD INSURANCE GP.HDG.,JP,0.007602851304629897,0.43494358101041863,0.8602428287821282
2022,vw_nz,JP3967200001,RAKUTEN GROUP,JP,0.007268710800743168,0.11869687294618698,0.12617872257962817
2022,vw_nz,JP3756100008,NITORI HOLDINGS,JP,0.00722772179711178,4.110495351802995,1.6975611286741923
2022,vw_nz,HK0066009694,MTR,HK,0.007105569325869791,8.129772561526407,1.4717134751196466
2022,vw_nz,JP3143600009,ITOCHU,JP,0.007088655257706416,14.313457194288114,28.79775453080052
2022,vw_nz,JP3791200003,HITACHI TRANSPORT SYSTEM DEAD - DELIST.24/02/23,JP,0.006979670340770965,6.355565656950661,10.359762629787864
2022,vw_nz,JP3475350009,DAIICHI SANKYO,JP,0.006911797974374078,9.884570374149867,2.125800399932473
2022,vw_nz,HK0014000126,HYSAN DEVELOPMENT,HK,0.0068900377394070615,1.7042766760340684,0.24875935606323346
2022,vw_nz,JP3162600005,SMC,JP,0.006477968798756758,10.256603932072586,1.6107466966219979
2022,vw_nz,AU000000ABC7,ADBRI DEAD - DELIST.02/07/24,AU,0.006477763027148399,1719.7497008108965,1387.8532398819104
2022,vw_nz,JP3293200006,COCA-COLA BOTTLERS JAPAN HOLDINGS,JP,0.0064642944108536295,27.704038020794513,77.15381465700722
2022,vw_nz,JP3148800000,IBIDEN,JP,0.0063795969671835975,53.279017849344406,22.864168100362452
2022,vw_nz,AU000000IGO4,IGO,AU,0.006290784854514499,148.4896255054685,9.493184174641497
2022,vw_nz,JP3711200000,AOZORA BANK,JP,0.006187149331209578,0.09192850970514348,0.0393412134976127
2022,vw_nz,JP3571400005,TOKYO ELECTRON,JP,0.0060099840214249715,0.974505000185156,0.20606105408729183
2022,vw_nz,JP3940000007,YAMATO HDG.,JP,0.0056680566705221164,43.446467074060855,78.83499306752604
2022,vw_nz,JP3203500008,ONWARD HOLDINGS,JP,0.0055773895284394245,1.0573026731443758,3.8263483381378274
2022,vw_nz,JP3528600004,CHIYODA CORPORATION,JP,0.005558512070174547,23.86365611995404,80.91289086573244
2022,vw_nz,JP3893200000,MITSUI FUDOSAN,JP,0.0055354032962994775,7.9820085527221645,6.8502534593779965
2022,vw_nz,SG1U68934629,KEPPEL,SG,0.005359084350576135,4.597372090857324,3.8547965487647486
2022,vw_nz,JP3789000001,KANADEVIA,JP,0.005314630007598881,66.14804142501329,221.08499000273054
2022,vw_nz,JP3890350006,SUMITOMO MITSUI FINL.GP.,JP,0.005298385583080307,0.5449738287684858,0.3750885797908465
2022,vw_nz,JP3914400001,MURATA MANUFACTURING,JP,0.005288106478633335,16.62531333120572,5.10440571073058
2022,vw_nz,JP3351100007,SYSMEX,JP,0.005265212293367847,1.3069500308463597,0.19731411494834666
2022,vw_nz,JP3658850007,NISHI-NIPPON FINL.HDG.,JP,0.005039805712464363,0.505619637287549,0.521055332770814
2022,vw_nz,JP3771800004,HAMAMATSU PHOTONICS,JP,0.0049871012967675245,7.153829301595712,1.3062736720675125
2022,vw_nz,HK0688002218,CHINA OVERSEAS LAND INVESTMENT,HK,0.004824233938604771,0.6716962676486775,0.7822816449726466
2022,vw_nz,JP3735400008,NTT,JP,0.004805170961054236,1.3298251226204865,1.3564555451036862
2022,vw_nz,JP3463000004,TAKEDA PHARMACEUTICAL,JP,0.004786955034818542,10.429577807389858,6.871106735250169
2022,vw_nz,JP3519400000,CHUGAI PHARM.,JP,0.004689565595640715,5.751451479157983,0.8964861275170143
2022,vw_nz,JP3352000008,77 BANK,JP,0.004682499563917495,1.4434185758140277,1.438018772787216
2022,vw_nz,JP3496400007,KDDI,JP,0.004154615793157643,0.5862409397539453,0.3751554340221955
2022,vw_nz,AU000000CSR5,CSR DEAD - DEAD.10/07/24,AU,0.003958852669578917,176.97934808375373,138.56778548470658
2022,vw_nz,JP3899600005,MITSUBISHI ESTATE,JP,0.003917582935826657,10.349368010642154,6.049345718707152
2022,vw_nz,JP3174410005,OJI HOLDINGS,JP,0.0038063292715977506,507.965644436752,1214.684814161577
2022,vw_nz,AU000000ELD6,ELDERS,AU,0.0037333628998974843,35.461098370442826,51.94636503723306
2022,vw_nz,AU000000BOQ8,BANK OF QLND.,AU,0.003573833179968789,0.32046158589847806,0.11771286409590677
2022,vw_nz,AU000000TLS2,TELSTRA GROUP,AU,0.0034652359752191135,2.1226119616367307,0.9567974531035948
2022,vw_nz,AU000000QBE9,QBE INSURANCE GROUP,AU,0.003461416554320347,0.4361682711551029,0.5818882716159456
2022,vw_nz,JP3820000002,FUJI ELECTRIC,JP,0.0034546906234547733,18.91083620290483,18.941065701591786
2022,vw_nz,HK0363006039,SHANGHAI INDUSTRIAL HOLDINGS,HK,0.003386733588547673,47.96355209304841,148.64407931234376
2022,vw_nz,JP3762600009,NOMURA HDG.,JP,0.0033826161521058385,0.15542350481618988,0.12630572813545438
2022,vw_nz,JP3266400005,KUBOTA,JP,0.0033423592291040036,15.726432560839163,11.896461393619242
2022,vw_nz,JP3894900004,ISETAN MITSUKOSHI HDG.,JP,0.003340836306332453,3.80743529460683,5.416254617263869
2022,vw_nz,AU000000ANZ3,ANZ GROUP HOLDINGS,AU,0.0033249976147527783,0.33384363198005135,0.10789164630526273
2022,vw_nz,KYG9431R1039,WANT WANT CHINA HOLDINGS,SG,0.0032875364698755835,57.01813169721158,17.74731415386834
2022,vw_nz,JP3834800009,HEIWA REAL ESTATE,JP,0.0031378499923764096,6.208311425890988,2.199431697821021
2022,vw_nz,HK0388045442,HONG KONG EXCHANGES AND CLEARING,HK,0.003106107608947388,0.12178499513653408,0.004304612918549993
2022,vw_nz,JP3336000009,SANTEN PHARM.,JP,0.002986761034911058,6.43097700079541,3.2387212951388586
2022,vw_nz,JP3358000002,SHIMANO,JP,0.00296650112629195,3.798689548391742,0.844930880296182
2022,vw_nz,JP3243600008,CANON MARKETING JAPAN,JP,0.0028940188473876834,1.2467551627308684,2.1752726773170794
2022,vw_nz,JP3209000003,CASIO COMPUTER,JP,0.0028778343727679954,1.5585401690185288,1.0251277319001022
2022,vw_nz,AU000000ERA9,ENERGY RES.OF AUS.,AU,0.0028378868203897717,825.674499564839,133.21319915750058
2022,vw_nz,JP3126400005,ALPS ALPINE,JP,0.002795074903676343,6.468963597681159,18.206246092569362
2022,vw_nz,HK0023000190,BANK OF EAST ASIA,HK,0.0027945336312214146,0.9116450344372968,0.563720844310223
2022,vw_nz,JP3672400003,NISSAN MOTOR,JP,0.002781041105625585,7.732274874323904,26.014878917993403
2022,vw_nz,JP3900000005,MITSUBISHI HEAVY INDS.,JP,0.0026637829669401178,5.227642747663702,18.801353257636812
2022,vw_nz,JP3131400008,AEON FINANCIAL SERVICE,JP,0.002659023376615756,0.8019780842399513,1.439290203582675
2022,vw_nz,US89677Q1076,TRIP COM GROUP ADR 1:1,SG,0.002636497557641868,0.006108217030737834,0.001126891546771337
2022,vw_nz,JP3404600003,SUMITOMO,JP,0.0026133301933650285,35.00325793740981,82.43725411220011
2022,vw_nz,JP3973400009,RICOH,JP,0.0025988052585473806,7.430909405041203,17.876948645711693
2022,vw_nz,JP3134800006,IHI,JP,0.0025895939552508357,6.325745686519587,20.252023784390154
2022,vw_nz,JP3371200001,SHIN-ETSU CHEMICAL,JP,0.0023959205116112843,125.70001959637281,28.56922383457305
2022,vw_nz,JP3613400005,TOYO SEIKAN GROUP HDG.,JP,0.0022682221863061227,56.767973074623136,160.14127751801087
2022,vw_nz,AU000000SXL4,SOUTHERN CROSS MEDIA GROUP,AU,0.0022299216572964687,0.5060929886248314,0.5258086717136958
2022,vw_nz,JP3359600008,SHARP,JP,0.002163852951110151,12.75070269396755,40.8736111762224
2022,vw_nz,JP3436100006,SOFTBANK GROUP,JP,0.0021207457659083552,0.22709532083017697,0.15385294915882575
2022,vw_nz,JP3200450009,ORIX,JP,0.002110391553837435,47.905550016683854,38.543687422282176
2022,vw_nz,JP3869010003,MATSUKIYOKARA,JP,0.002084280487606726,0.3971255605717323,0.44067783182545595
2022,vw_nz,JP3322930003,SUMCO,JP,0.0020675089607127884,9.542176590927912,4.19203722529056
2022,vw_nz,AU000000CBA7,COMMONWEALTH BK.OF AUS.,AU,0.002039004019097451,0.3250306614532405,0.05789340596971585
2022,vw_nz,AU000000ANN9,ANSELL,AU,0.0020356729944533657,67.66626490852506,57.283906747718824
2022,vw_nz,JP3300600008,KONICA MINOLTA,JP,0.0020245316833547205,19.97959777574272,78.46155365111962
2022,vw_nz,AU000000WOW2,WOOLWORTHS GROUP,AU,0.002000652346085329,13.437133914975366,16.499058578660318
2022,vw_nz,AU000000BPT9,BEACH ENERGY,AU,0.0019518149684431886,489.55194885015135,232.08416025168202
2022,vw_nz,JP3160400002,EISAI,JP,0.001934685141676357,7.466680016642543,3.051617946404214
2022,vw_nz,HK0003000038,HONG KONG AND CHINA GAS,HK,0.0019310698480963086,266.2625683570945,63.69282655190356
2022,vw_nz,JP3188220002,OTSUKA HOLDINGS,JP,0.0019195660954484928,25.436594619233297,17.058560283789625
2022,vw_nz,JP3768600003,HASEKO,JP,0.001895943386000235,5.252200178528365,10.55352092483741
2022,vw_nz,JP3600200004,TOHO GAS,JP,0.0018915538690217311,23.092925931996263,31.903434591581235
2022,vw_nz,AU000000IRE2,IRESS,AU,0.001858488883942623,0.16960451524909487,0.046052294939364476
2022,vw_nz,AU000000CWY3,CLEANAWAY WASTE MANAGEMENT,AU,0.0018390861480380672,673.1116976773059,289.8005094167736
2022,vw_nz,JP3732200005,NIPPON TELEVISION HDG.,JP,0.001837525514886718,0.2759365681718643,0.3548026095623981
2022,vw_nz,JP3402600005,SUMITOMO METAL MINING,JP,0.0018292956849075895,173.6641859719788,133.10805825452556
2022,vw_nz,JP3420600003,SEKISUI HOUSE,JP,0.0017952318034058423,2.3376157300241793,3.8059543691121958
2022,vw_nz,BMG677491539,ORIENT OVERSEAS (INTL.),HK,0.001732918573192341,346.3557479919604,357.4341647094691
2022,vw_nz,BMG8063F1068,SHANGRI-LA ASIA,HK,0.0017317404473036586,86.43719610661019,38.2522647485718
2022,vw_nz,JP3788600009,HITACHI,JP,0.00170015153794865,14.388794867618838,24.79721927497617
2022,vw_nz,JP3802300008,FAST RETAILING,JP,0.0016992756138285662,0.5204082548784132,0.16097384381669017
2022,vw_nz,JP3684000007,NITTO DENKO,JP,0.0016509657509690473,44.917382715760674,28.514980355330298
2022,vw_nz,AU000000MQG1,MACQUARIE GROUP,AU,0.0016254874394201733,0.03130142091111957,0.0065222914045707
2022,vw_nz,JP3780100008,PARK24,JP,0.001603652241723588,77.22867913056427,70.38843357967016
2022,vw_nz,KYG525621408,KINGBOARD HOLDINGS,HK,0.0015222271230478667,162.36757865088,221.33254591161534
2022,vw_nz,JP3452000007,TAIYO YUDEN,JP,0.0014787224317292724,14.718303381028441,6.5514114569296815
2022,vw_nz,AU000000CSL8,CSL,AU,0.001418244203276161,10.288372913095962,1.1632089414899198
2022,vw_nz,JP3902000003,MITSUBISHI LOGISTICS,JP,0.0013575620232503594,3.1313802930735126,3.1321677006956197
2022,vw_nz,JP3902900004,MITSUBISHI UFJ FINL.GP.,JP,0.001352396973712989,0.5726809017464252,0.3285917070453579
2022,vw_nz,JP3271400008,CREDIT SAISON,JP,0.0012618795564675583,0.12325438593426032,0.18439487116121245
2022,vw_nz,JP3868400007,MAZDA MOTOR,JP,0.0012406061616342925,3.5968748719540358,19.667318188822474
2022,vw_nz,JP3592200004,TOSHIBA DEAD - DELIST.20/12/23,JP,0.001194426538297741,10.36827812864607,16.577608072189957
2022,vw_nz,JP3939000000,YAMADA HOLDINGS,JP,0.001168632246746734,3.647514645459512,15.959625159596252
2022,vw_nz,AU0000088338,AMPOL,AU,0.0011222912899610323,47.20681328276794,140.48548902357527
2022,vw_nz,JP3893600001,MITSUI,JP,0.0011151374290236608,36.248917771305415,90.68232497842357
2022,vw_nz,JP3502200003,DAIWA SECURITIES GROUP,JP,0.0010992282242833977,0.16842500726487322,0.09193886932537687
2022,vw_nz,JP3802400006,FANUC,JP,0.0010962296531516333,8.432887389972095,1.302160054587659
2022,vw_nz,JP3165700000,NTT DATA GROUP DEAD - DELIST.26/09/25,JP,0.0010849247854732421,1.1170577060290836,0.8903455573047047
2022,vw_nz,JP3551500006,DENSO,JP,0.0009601665457414028,12.66572400297556,10.33332526578703
2022,vw_nz,HK0293001514,CATHAY PACIFIC AIRWAYS,HK,0.0009404519599895045,914.6030654073699,999.5443097572642
2022,vw_nz,JP3274400005,GLORY,JP,0.0009317165571237501,1.3637981181176404,2.2533360706220487
2022,vw_nz,AU000000APA1,APA GROUP,AU,0.00088489651515006,786.4160210107472,178.88404828146454
2022,vw_nz,JP3197800000,OMRON,JP,0.0008620318430158249,2.112388793845818,0.8908849042018484
2022,vw_nz,JP3634600005,TOYOTA INDS.,JP,0.0008475341712399225,16.365739122562722,14.113167570214376
2022,vw_nz,JP3942600002,YAMAHA,JP,0.0008440904515199008,6.818392955918237,2.786731442690868
2022,vw_nz,JP3678000005,NISSHINBO HOLDINGS,JP,0.0008277139665522392,30.153295681290867,86.78048277284918
2022,vw_nz,JP3670800006,NISSAN CHEMICAL,JP,0.0008270306828693204,128.80180332658128,30.48773641717616
2022,vw_nz,JP3368000000,RESONAC HOLDINGS,JP,0.0008215145432717258,272.92642396762983,855.2965507837062
2022,vw_nz,JP3116000005,ASAHI GROUP HOLDINGS,JP,0.0008066787783703311,25.17013888391511,23.209255020652463
2022,vw_nz,JP3119600009,AJINOMOTO,JP,0.0007865515008495986,101.71065117850704,64.20143414449112
2022,vw_nz,AU000000SEK6,SEEK,AU,0.0007627252506708235,0.2114276653100058,0.009109115143234137
2022,vw_nz,HK0392044647,BEIJING ENTERPRISES HOLDINGS,HK,0.0007551176949321812,57.77484328173033,138.95135563400794
2022,vw_nz,JP3407200009,OSAKA TITANIUM,JP,0.0007394496916236543,166.10957709635227,141.77943166441136
2022,vw_nz,JP3854600008,HONDA MOTOR,JP,0.0007254932630938831,9.279063705355876,21.71194574409365
2022,vw_nz,AU000000WBC1,WESTPAC BANKING,AU,0.0006799658530633713,0.384897562760272,0.13554661116753985
2022,vw_nz,SG1V61937297,SINGAPORE AIRLINES,SG,0.000676805910936444,2095.858561395011,705.0711143741473
2022,vw_nz,JP3579800008,TOKYO STEEL MNFG.,JP,0.0006688488338628636,159.08689960669318,208.14798531009154
2022,vw_nz,MU0117U00026,GOLDEN AGRI-RESOURCES,SG,0.0006672495080230223,769.8408702105199,3347.7783729351017
2022,vw_nz,SG1S04926220,OVERSEA-CHINESE BKG.,SG,0.0006606291144065431,0.00574521464187687,0.003136041229127072
2022,vw_nz,AU000000NCM7,NEWCREST MINING DEAD - DELIST.08/11/23,AU,0.0006485797150151283,357.1094666016129,106.58731211620776
2022,vw_nz,JP3726800000,JAPAN TOBACCO,JP,0.0006348188670266577,16.738258822056714,8.477936474152468
2022,vw_nz,BMG4600H1198,HOPSON DEVELOPMENT HOLDINGS,HK,0.0006345882830532884,0.26042227967121373,0.20704977258798105
2022,vw_nz,JP3814800003,SUBARU,JP,0.0006318178943063031,6.73523616904341,11.506836718092368
2022,vw_nz,JP3389900006,JAFCO GROUP,JP,0.0006269239593659478,0.00610928640625591,0.003209831254585473
2022,vw_nz,JP3902400005,MITSUBISHI ELECTRIC,JP,0.0006246884468840135,7.123740298162601,10.662986648472623
2022,vw_nz,JP3819400007,FUJI MEDIA HOLDINGS,JP,0.0006152441882113035,0.0,0.0
2022,vw_nz,NZCENE0001S6,CONTACT ENERGY,NZ,0.0006068496499233811,461.21661369719124,188.82742699166545
2022,vw_nz,JP3982100004,LAWSON DEAD - DELIST.24/07/24,JP,0.0006002057404729132,0.6952442972586517,0.9736218035648467
2022,vw_nz,JP3419050004,SEGA SAMMY HDG.,JP,0.0005871989286565258,2.649719089931067,1.499433112605321
2022,vw_nz,JP3351500008,SHIZUOKA FINANCIAL GROUP,JP,0.0005666259053468969,0.6257658985648741,0.27985115705572805
2022,vw_nz,JP3388200002,AEON,JP,0.0005639480860091408,2.654532626345452,9.960662815210378
2022,vw_nz,JP3625000009,TOKUYAMA,JP,0.0005442582807699173,2657.571052654175,5853.226624487445
2022,vw_nz,JP3734800000,NIDEC,JP,0.0005325176923981225,3.543213403640633,1.062705992505872
2022,vw_nz,JP3397200001,SUZUKI MOTOR,JP,0.0004778743975999806,12.792259966353798,18.91016019269453
2022,vw_nz,AU000000ASX7,ASX,AU,0.00046545231643686487,0.047815869524555556,0.002919763190030211
2022,vw_nz,HK0101000591,HANG LUNG PROPERTIES,HK,0.0004638261892485941,2.971732357129557,0.4098552406261989
2022,vw_nz,JP3351600006,SHISEIDO,JP,0.00043757524360536266,2.642490253109722,1.1426124884601492
2022,vw_nz,JP3940400009,YAMATO KOGYO,JP,0.0004362356198837596,50.004110507389164,27.288284538180474
2022,vw_nz,BMG684371393,PACIFIC BASIN SHIP.,HK,0.0004311106754913158,874.2119613242153,1271.9287484358515
2022,vw_nz,JP3783600004,EAST JAPAN RAILWAY,JP,0.00042825087612008916,88.98836203129433,64.97820863254866
2022,vw_nz,AU000000SIG5,SIGMA HEALTHCARE,AU,0.00039767673371999965,0.010646024419614236,0.07533061771106522
2022,vw_nz,JP3560800009,TOKAI CARBON,JP,0.0003583178871703166,891.7433316997962,839.8150575760225
2022,vw_nz,JP3494600004,SCREEN HOLDINGS,JP,0.00034590920583349216,3.192651600988931,2.1181620433355626
2022,vw_nz,JP3166000004,EBARA,JP,0.00034388775037944334,28.825707068992624,32.36108154140941
2022,vw_nz,JP3783420007,HIKARI TSUSHIN,JP,0.0003407537098284785,0.22027780211970865,0.1954126828333242
2022,vw_nz,JP3197600004,ONO PHARM.,JP,0.0003401873838989057,3.252066948247804,0.762172074108247
2022,vw_nz,HK0308001558,CTII.INTL.INV.HK.,HK,0.00033983279291338375,25.163716927599644,10.36204879164577
2022,vw_nz,JP3419400001,SEKISUI CHEMICAL,JP,0.00033922816000218946,22.099705029209783,27.959905495519426
2022,vw_nz,JP3224200000,KAWASAKI HEAVY INDUSTRY,JP,0.00033474049254863375,10.320732124136853,41.43825514079573
2022,vw_nz,AU000000IVC8,INVOCARE DEAD - DELIST.27/11/23,AU,0.0003339188581330179,14.418354089425483,4.634620444957516
2022,vw_nz,KYG217651051,CK HUTCHISON HOLDINGS,HK,0.00033226273333376237,218.42454260638223,289.8142492261459
2022,vw_nz,AU000000WES1,WESFARMERS,AU,0.00032345154565275924,103.81942503317336,57.91055882958499
2022,vw_nz,JP3885400006,MISUMI GROUP,JP,0.0003174205417613604,2.511025053347032,0.8508409324865273
2022,vw_nz,HK0000139300,TELEVISION BROADCASTS,HK,0.0003113404569410191,1.4932339600624847,2.0502048802096793
2022,vw_nz,JP3362700001,MITSUI OSK LINES,JP,0.0002940566234879536,1034.0077734254057,1108.3141914273153
2022,vw_nz,JP3485800001,DAICEL,JP,0.00028753080970833123,415.6729302428445,727.9384905178749
2022,vw_nz,AU000000CPU5,COMPUTERSHARE,AU,0.0002737317001385778,1.0683545954656566,0.26921505578446586
2022,vw_nz,JP3919800007,MEIDENSHA,JP,0.00027291276247689596,7.658441570798335,16.316267037337347
2022,vw_nz,JP3721400004,JAPAN STEEL WORKS,JP,0.00026591426455223745,36.21522989706517,26.17221316260997
2022,vw_nz,AU000000ORG5,ORIGIN ENERGY (EX BORAL),AU,0.0002648974165046127,1433.0366843285835,1793.2112644093581
2022,vw_nz,HK0006000050,POWER ASSETS HOLDINGS,HK,0.00025319610515467297,42401.69916995975,529.7898790281963
2022,vw_nz,JP3676800000,NISSHIN SEIFUN,JP,0.0002526437066953468,14.66534951364756,19.96522336674026
2022,vw_nz,JP3190000004,OBAYASHI,JP,0.0002510271283633423,8.990110179974458,25.08333689656647
2022,vw_nz,SGXE34184239,SEATRIUM,SG,0.00023602091370643563,39.01096753742092,28.224341151028657
2022,vw_nz,JP3143900003,ITOCHU TECHNO-SOLUTIONS DEAD - DELIST.01/12/23,JP,0.00022977927379946392,0.058995628694122754,0.041892451523877904
2022,vw_nz,JP3762800005,NOMURA RESEARCH INST.,JP,0.00022586146654318288,0.19260589809337497,0.04535569066511853
2022,vw_nz,AU000000TCL6,TRANSURBAN GROUP STAPLED UNITS,AU,0.00021682251183806104,2.6918378904117244,0.1890518975995046
2022,vw_nz,JP3111200006,ASAHI KASEI,JP,0.00021540192223765012,147.21132704813132,226.35830174719877
2022,vw_nz,JP3486800000,DAITO TST.CONSTRUCTION,JP,0.00019043669259598264,3.071304633147681,5.355001160868098
2022,vw_nz,JP3164630000,SQUARE ENIX HOLDINGS,JP,0.0001772124163471077,0.0,0.0
2022,vw_nz,SG1M31001969,UNITED OVERSEAS BANK,SG,0.00017383087272730932,0.6547990732109393,0.15476055473654016
2022,vw_nz,JP3456000003,TAKASHIMAYA,JP,0.00017075015939515005,3.1293659783982797,11.826741775680139
2022,vw_nz,JP3421100003,JAPAN PETROLEUM EXP.,JP,0.00016881748827246899,242.4968243421289,409.1610720906358
2022,vw_nz,JP3305530002,COMSYS HOLDINGS,JP,0.0001652241742448368,18.66284818244486,28.294609430146565
2022,vw_nz,JP3499800005,MITSUBISHI HC CAPITAL,JP,0.00015328597993927013,0.24841111239634112,0.44678596503954876
2022,vw_nz,JP3276400003,GUNMA BANK,JP,0.00015156097783750895,1.2707925433147547,1.099659645429817
2022,vw_nz,JP3495000006,SUMITOMO PHARMA,JP,0.00014794069171576016,4.424349678698094,4.989344189668761
2022,vw_nz,AU000000AMP6,AMP,AU,0.00014308298540624922,0.01340933187772724,0.01312062834236696
2022,vw_nz,HK0200030994,MELCO INTL.DEV.,HK,0.00014192697016017828,8.54751114535254,9.717241418381859
2022,vw_nz,JP3888300005,MITSUI CHEMICALS,JP,0.0001381729036581599,281.5875332917025,682.0710156292744
2022,vw_nz,JP3898400001,MITSUBISHI,JP,0.00013652180906144486,149.1197914868003,412.64635799296934
2022,vw_nz,JP3835620000,BENESSE HOLDINGS DEAD - DELIST.17/05/24,JP,0.0001346117246819109,0.019569241848432308,0.03617892649889292
2022,vw_nz,JP3942400007,ASTELLAS PHARMA,JP,0.00013241223322292087,5.600625811084335,2.0110011306770263
2022,vw_nz,JP3551200003,ELEC.POWER DEV.,JP,0.00012855097630665152,5418.030119501745,17311.15676073779
2022,vw_nz,AU000000BSL0,BLUESCOPE STEEL,AU,0.00012572211009994445,738.1804175873016,1295.3058593190392
2022,vw_nz,JP3726200003,NIPPON SODA,JP,0.00011877397467270078,47.03510717155547,72.67969295184926
2022,vw_nz,JP3720800006,NSK,JP,0.0001185272536271771,17.091939696945104,36.55212707476493
2022,vw_nz,JP3870400003,MARUI GROUP,JP,0.00011714317710888658,5.768625572962988,2.6289402926254986
2022,vw_nz,JP3544000007,TEIJIN,JP,0.00011558458475891133,96.39578657772549,310.3024441354853
2022,vw_nz,JP3657400002,NIKON,JP,0.00011542739089529605,7.478919785269569,8.42252278028602
2022,vw_nz,JP3421800008,SECOM,JP,0.00011378972552531477,6.414925352628837,3.527924476935135
2022,vw_nz,JP3944130008,USS,JP,0.00011330132367758271,5.8779160529040855,0.7882880737615133
2022,vw_nz,JP3205800000,KAO,JP,0.00011318197580998731,47.974744159558675,24.791501389990735
2022,vw_nz,JP3982800009,ROHM,JP,0.00011092582753028925,43.235402784730724,18.47450837418025
2022,vw_nz,JP3172100004,OKUMA,JP,0.00010981929729640548,5.563009024356587,5.363835211836661
2022,vw_nz,HK0000745908,YUEXIU PROPERTY COMPANY,HK,0.00010872621807037395,0.2019499241658667,0.5720548364178553
2022,vw_nz,JP3951600000,UNI CHARM,JP,0.00010720034056575083,4.618341568157879,1.265787291655818
2022,vw_nz,JP3738600000,NITERRA,JP,0.00010513552627659824,15.385115235468712,17.011744443446517
2022,vw_nz,JP3210200006,KAJIMA,JP,9.835362344826874e-05,14.007568889795536,38.81052858355827
2022,vw_nz,AU000000GMG2,GOODMAN GROUP,AU,9.719176750663156e-05,2.391165394715563,0.0982795538962858
2022,vw_nz,HK0270001396,GUANGDONG INVESTMENT,HK,9.647145271657933e-05,697.9516596632153,285.2798408303237
2022,vw_nz,JP3665200006,NICHIREI,JP,9.314816248899132e-05,14.389241410717231,25.045159203041166
2022,vw_nz,AU000000CGF5,CHALLENGER,AU,9.177378274314313e-05,0.019230450972279687,0.014149187474124766
2022,vw_nz,JP3304200003,KOMATSU,JP,8.769105073195539e-05,5.228992459027656,5.181462832271835
2022,vw_nz,AU000000IFL2,INSIGNIA FINANCIAL,AU,8.676454765708494e-05,0.0,0.0
2022,vw_nz,JP3877600001,MARUBENI,JP,8.611302593259137e-05,14.633304915230909,55.53080811060634
2022,vw_nz,AU000000JBH7,JB HI-FI,AU,8.130879874168327e-05,0.08343288703620154,0.13468136940633416
2022,vw_nz,JP3684400009,NITTO BOSEKI,JP,8.114492726978795e-05,196.9697179865256,148.34315323220926
2022,vw_nz,JP3588600001,TBS HOLDINGS,JP,8.033420078851902e-05,1.2398936006484513,1.440277105292562
2022,vw_nz,JP3493400000,DIC,JP,8.014058829867304e-05,45.68557449332423,139.63783518639633
2022,vw_nz,JP3753000003,NIPPON YUSEN KK,JP,7.82087275624897e-05,678.2452951117393,923.0394858402963
2022,vw_nz,JP3538800008,TDK,JP,7.763768738455913e-05,9.400667873085924,9.159669843995921
2022,vw_nz,JP3574200006,TOKYU,JP,7.527564879749105e-05,18.584195694039128,17.641000031211963
2022,vw_nz,JP3358800005,SHIMIZU,JP,7.402436725248276e-05,15.833364282155932,37.465743176571074
2022,vw_nz,JP3903000002,MITSUBISHI MATERIALS,JP,7.065242320743725e-05,603.4268978820575,3828.2298710837576
2022,vw_nz,JP3695200000,NGK INSULATORS,JP,6.939554694008688e-05,65.69922798311522,57.04341670599339
2022,vw_nz,JP3942800008,YAMAHA MOTOR,JP,6.872564719873753e-05,9.77961129973969,18.641947087910104
2022,vw_nz,JP3635400009,TOYOTA BOSHOKU,JP,6.656088055071389e-05,3.8119789744139307,13.581992811266279
2022,vw_nz,JP3122800000,AMADA,JP,6.108416427104626e-05,3.1195717267596934,2.2929158023358247
2022,vw_nz,JP3548610009,DENA,JP,6.047223860541648e-05,0.011166610117807738,0.006341463414634147
2022,vw_nz,JP3830000000,BROTHER INDUSTRIES,JP,6.0417627688556094e-05,3.0630248932239645,3.723151136270995
2022,vw_nz,JP3164800009,NOK,JP,6.0021776563767596e-05,7.031639634299858,21.740974844101302
2022,vw_nz,JP3409000001,SUMITOMO REAL.&DEV.,JP,5.980555624856719e-05,5.441303973870858,2.984876175125399
2022,vw_nz,HK0012000102,HENDERSON LD.DEV.,HK,5.8111648022192784e-05,1.7016593911921818,0.2428580951358885
2022,vw_nz,JP3137200006,ISUZU MOTORS,JP,5.7485563917306666e-05,6.1461835153632025,12.934233089677376
2022,vw_nz,AU000000STO6,SANTOS,AU,5.698785274946369e-05,1273.487657474776,329.23020145859635
2022,vw_nz,JP3549600009,DENKA,JP,5.6119186551211554e-05,492.37053618239594,522.5199654233702
2022,vw_nz,JP3992400006,WACOAL HDG.,JP,5.314437954767557e-05,1.1856813945689508,1.472659099777744
2022,vw_nz,JP3491000000,DAIDO STEEL,JP,5.293095866182186e-05,93.76022385419687,254.56164845216887
2022,vw_nz,HK0291001490,CHINA RESOURCES BEER HOLDINGS,HK,5.237226935213028e-05,39.0453753652289,8.359387447262403
2022,vw_nz,JP3596200000,TOTO,JP,5.171246610324801e-05,33.67683103886038,25.158848688260452
2022,vw_nz,JP3511800009,CHIBA BANK,JP,5.165612462501531e-05,1.3607851819053944,0.5194015052503493
2022,vw_nz,AU000000TAH8,TABCORP HOLDINGS,AU,4.900889393274912e-05,0.7971247843307484,0.40298840899188715
2022,vw_nz,AU000000NAB4,NATIONAL AUS.BANK,AU,4.7475897762327866e-05,0.44295536015135034,0.10251265184851112
2022,vw_nz,JP3270000007,KURITA WATER IND.,JP,4.408255388974227e-05,5.700105248371908,2.7130836521206625
2022,vw_nz,IE00BKVD2N49,SEAGATE TECHNOLOGY HOLDINGS,SG,4.387765963383673e-05,27.283340292275575,13.520762351862283
2022,vw_nz,JP3818000006,FUJITSU,JP,4.376031053752876e-05,2.220006655579953,2.482926334413288
2022,vw_nz,JP3357200009,SHIMADZU,JP,4.0136229616086144e-05,0.6061554368467378,0.20634451899096334
2022,vw_nz,JP3102000001,AISIN,JP,4.011151761705294e-05,17.705032663570854,54.47683736065451
2022,vw_nz,JP3787000003,HITACHI CON.MCH.,JP,3.545743431521355e-05,11.650463337501352,17.571941523013678
2022,vw_nz,AU000000WOR2,WORLEY,AU,3.417525953258914e-05,3.35848395515175,5.03511767023353
2022,vw_nz,AU0000224040,WOODSIDE ENERGY GROUP,AU,3.332292199063403e-05,1441.729267209635,534.8810679503067
2022,vw_nz,JP3277800003,KEIO,JP,3.0149024554069975e-05,31.682300348509074,14.128765385786453
2022,vw_nz,JP3294460005,INPEX,JP,2.9097806028517703e-05,582.7451183719983,435.75455861548426
2022,vw_nz,AU000000SGM7,SIMS,AU,2.7605577065087366e-05,14.603458062587338,38.45841474892149
2022,vw_nz,JP3196000008,ODAKYU ELECTRIC RY.,JP,2.7598815956709428e-05,24.05732861408737,12.191906707529874
2022,vw_nz,BMG2624N1535,DFI RETAIL GROUP HOLDINGS,HK,2.4352867248008636e-05,26.244162341940083,65.31497871728024
2022,vw_nz,JP3156400008,USHIO,JP,2.278810659539536e-05,3.341464753821898,2.1246882793017456
2022,vw_nz,JP3626800001,LIXIL,JP,2.019738047384698e-05,41.16812870028827,72.7077803027495
2022,vw_nz,JP3493800001,DAI NIPPON PRINTING,JP,1.5048835272816327e-05,29.3318352056115,44.928179837375566
2022,vw_nz,SG1T75931496,SINGAPORE TELECOM,SG,1.460894498994554e-05,0.5368305497172001,0.21232042853664476
2022,vw_nz,JP3830800003,BRIDGESTONE,JP,1.3841492535784095e-05,63.22274896882428,56.76097932622123
2022,vw_nz,JP3688370000,NIPPON EXPRESS HOLDINGS,JP,1.3255098454281461e-05,26.56679756572229,103.04958836785306
2022,vw_nz,JP3585800000,TOKYO ELECTRIC POWER CO. HDG.,JP,1.2809614740304202e-05,4.40944565817634,43.135779960774066
2022,vw_nz,JP3667600005,JGC HOLDINGS,JP,1.2432600038233682e-05,22.409466581439137,34.47848234398424
2022,vw_nz,NZFBUE0001S0,FLETCHER BUILDING,NZ,1.17712222926274e-05,145.79333821885032,224.76750876536596
2022,vw_nz,HK0823032773,LINK REAL ESTATE INVESTMENT TRUST,HK,1.1013538342994316e-05,5.270188640168447,0.42238449714998355
2022,vw_nz,JP3845400005,HOKURIKU ELEC.POWER,JP,1.0229492695938294e-05,3506.7039543694823,19000.16204829039
2022,vw_nz,AU000000SUN6,SUNCORP GROUP,AU,9.95467744337855e-06,0.1539620379305387,0.15290322900305706
2022,vw_nz,AU000000CQR9,CHARTER HALL RETAIL REIT,AU,9.870174963322915e-06,2.334904304845106,0.193339599519328
2022,vw_nz,AU000000MTS0,METCASH,AU,9.622630448390488e-06,1.4203647129408419,5.1562875861385855
2022,vw_nz,JP3292200007,JTEKT,JP,9.232100130568271e-06,9.500663311528072,37.68144434614502
2022,vw_nz,JP3300200007,KONAMI GROUP,JP,9.102148562514623e-06,13.91812186962155,4.531950718530673
2022,vw_nz,AU000000LLC3,LENDLEASE GROUP STAPLED UNITS,AU,9.075267137229794e-06,3.6228916325697416,4.569659767582173
2022,vw_nz,JP3143000002,ITO EN,JP,8.193631570037402e-06,8.900907586605134,6.586327196385753
2022,vw_nz,HK0016000132,SUN HUNG KAI PROPERTIES,HK,8.134187715471426e-06,4.43984327653794,1.2830476597054004
2022,vw_nz,JP3385820000,GS YUASA,JP,7.0870172187156705e-06,18.200765416999246,39.05422240851351
2022,vw_nz,JP3675600005,NISSIN FOODS HOLDINGS,JP,6.536388529618429e-06,60.17083176830985,39.687431004146184
2022,vw_nz,NZAIAE0002S6,AUCKLAND INTL.AIRPORT,NZ,6.303911859221456e-06,10.950221299382548,0.2709012332494765
2022,vw_nz,JP3280200001,KEIKYU,JP,6.0222998323880454e-06,30.93660467078859,22.258264627498278
2022,vw_nz,JP3229400001,KANSAI PAINT,JP,5.876778468641701e-06,19.64704141419311,12.606642345667554
2022,vw_nz,JP3398000004,SUZUKEN,JP,5.672663890849734e-06,1.847429400007968,11.4596740977192
2022,vw_nz,JP3381000003,NIPPON STEEL,JP,5.4673367337450005e-06,1290.3677829557635,4513.180187347197
2022,vw_nz,AU000000SGP0,STOCKLAND STAPLED UNITS,AU,5.312912688141999e-06,2.069399667262596,0.565182061915101
2022,vw_nz,AU000000FLT9,FLIGHT CENTRE TRAVEL GP.,AU,4.707223968596744e-06,133.5541428495112,20.931261736457472
2022,vw_nz,JP3449020001,TAIHEIYO CEMENT,JP,4.639229342457125e-06,3665.04699212771,9722.279248133884
2022,vw_nz,JP3613000003,TOYO SUISAN KAISHA,JP,4.6228145740175985e-06,51.31634288204061,37.70778394777597
2022,vw_nz,AU000000ORI1,ORICA,AU,4.581769738393187e-06,452.3142694639348,397.3666761390546
2022,vw_nz,JP3040890000,JAPAN PRIME REALTY INV.,JP,4.4618581843153634e-06,3.966645434014709,0.37851810010314846
2022,vw_nz,JP3118000003,ASICS,JP,4.390074788523388e-06,0.8589209586056151,0.7409614426524174
2022,vw_nz,JP3260800002,KINTETSU GROUP HDG.,JP,4.036300146001693e-06,6.35458324375821,7.094004708011396
2022,vw_nz,JP3769000005,HACHIJUNI NAGANO BANK,JP,3.987130684360269e-06,1.8870475909755975,1.2989933324617597
2022,vw_nz,BMG2442N1048,COSCO SHIPPING PORTS,HK,2.8464399902865635e-06,70.4417597371347,32.188287929629
2022,vw_nz,JP3598600009,TOHO,JP,2.71619365255205e-06,2.8425152849911246,0.7396191517312438
2022,vw_nz,HK0002007356,CLP HOLDINGS,HK,1.9039017476725757e-06,4097.363173541027,1747.9278970337773
2022,vw_nz,HK0083000502,SINO LAND,HK,1.8853527376389137e-06,0.9286275578276056,0.3792636062278221
2022,vw_nz,SG1S83002349,UOL GROUP,SG,1.4149879607719743e-06,1.1730930000625581,0.49682069786995514
2022,vw_nz,AU000000GPT8,GPT GROUP STAPLED UNITS,AU,1.2418538987383673e-06,15.545806816075416,1.2958689945021957
2022,vw_nz,HK0008011667,PCCW,HK,1.2232161820729236e-06,0.8742273894473335,1.0662915628696426
2023,vw_nz,AU000000BWP3,BWP GROUP STAPLED UNITS,AU,0.10563768546851443,0.0,0.0
2023,vw_nz,JP3198900007,ORIENTAL LAND,JP,0.03128737527493031,22.024606980823126,1.2367924015555969
2023,vw_nz,JP3814000000,FUJIFILM HOLDINGS,JP,0.03013571357831424,28.61876620450384,22.574324587220215
2023,vw_nz,KYG2108Y1052,CHINA RESOURCES LAND,HK,0.02454851888825801,1.1647821524406692,1.059670539746023
2023,vw_nz,JP3633400001,TOYOTA MOTOR,JP,0.021992590337766446,8.55329089274602,9.918284633928042
2023,vw_nz,JP3906000009,MINEBEA MITSUMI,JP,0.021451891784536263,11.268006325796724,14.493196840217157
2023,vw_nz,JP3242800005,CANON,JP,0.021205135885418423,5.147980185567935,5.46164240212385
2023,vw_nz,SG9999000020,FLEX,SG,0.020965349169958458,2.778568225586611,7.923182716566631
2023,vw_nz,AU000000BHP4,BHP GROUP,AU,0.01979017887207862,130.05612490785322,45.50208220372044
2023,vw_nz,JP3539220008,T & D HOLDINGS,JP,0.017913278673570503,0.08196249411724703,0.18151421576125268
2023,vw_nz,JP3201200007,OLYMPUS,JP,0.01738204651825313,4.399265709567274,1.1640321898046309
2023,vw_nz,SG1L01001701,DBS GROUP HOLDINGS,SG,0.01700023268363328,0.03446887753521704,0.008388472163748743
2023,vw_nz,AU000000BEN6,BENDIGO & ADELAIDE BANK,AU,0.01616002873869384,0.7488546295378437,0.3440781428691661
2023,vw_nz,BMG5320C1082,KUNLUN ENERGY,HK,0.016128754245334557,14.668807351437023,54.26095665236986
2023,vw_nz,JP3435000009,SONY GROUP,JP,0.012830863894567375,2.749543650469882,2.038041190761896
2023,vw_nz,JP3783600004,EAST JAPAN RAILWAY,JP,0.012451130252430543,87.78130443018384,74.63360790644873
2023,vw_nz,JP3658850007,NISHI-NIPPON FINL.HDG.,JP,0.01233684673415426,0.49435053052680383,0.4589362135724475
2023,vw_nz,AU000000MAH3,MACMAHON HOLDINGS,AU,0.011926720989823678,0.8187697140760097,4.318739608898741
2023,vw_nz,JP3756600007,NINTENDO,JP,0.011442879356470079,0.1340907827806957,0.03089573910138811
2023,vw_nz,HK2388011192,BOC HONG KONG HOLDINGS,HK,0.011364892402069353,0.038698282975544875,0.015426099552952762
2023,vw_nz,JP3837800006,HOYA,JP,0.011229195430284307,2.3595046564824393,0.34044166806989734
2023,vw_nz,JP3621000003,TORAY INDS.,JP,0.011012398663293413,145.2791585187097,285.27489150021574
2023,vw_nz,JP3866800000,PANASONIC HOLDINGS,JP,0.010609380195454413,6.361637914472136,17.84099007820225
2023,vw_nz,JP3475350009,DAIICHI SANKYO,JP,0.010518164214904448,9.340830963172325,1.403853668585024
2023,vw_nz,JP3249600002,KYOCERA,JP,0.010054274953663286,7.839379790128732,6.410035406421633
2023,vw_nz,JP3634600005,TOYOTA INDS.,JP,0.010005655763709136,14.238956916910125,17.840386191747598
2023,vw_nz,JP3528600004,CHIYODA CORPORATION,JP,0.009535182247271633,27.54078195966495,114.1602866701046
2023,vw_nz,AU000000CBA7,COMMONWEALTH BK.OF AUS.,AU,0.009091189024063001,0.30295864785305365,0.059949187157092694
2023,vw_nz,JP3902900004,MITSUBISHI UFJ FINL.GP.,JP,0.008821936922903268,0.49736336230639233,0.33127522558262823
2023,vw_nz,HK0019000162,SWIRE PACIFIC 'A',HK,0.008668447425679949,9.462171871233949,14.684503443516057
2023,vw_nz,HK0066009694,MTR,HK,0.008543074152447143,8.261252811788236,1.5091569384183907
2023,vw_nz,JP3496400007,KDDI,JP,0.008479118041793032,2.020724688487329,1.2264991423956304
2023,vw_nz,JP3735400008,NTT,JP,0.008424076431111795,1.6643665154843688,1.5308171003705129
2023,vw_nz,JP3868400007,MAZDA MOTOR,JP,0.008419470230590278,3.9703725878449325,22.25175995667799
2023,vw_nz,HK0388045442,HONG KONG EXCHANGES AND CLEARING,HK,0.008105508190966086,0.1320814337072736,0.005055204411929651
2023,vw_nz,JP3756100008,NITORI HOLDINGS,JP,0.007872282538685363,5.062038727910633,2.0816282982264167
2023,vw_nz,AU000000ANZ3,ANZ GROUP HOLDINGS,AU,0.0077211096259510534,0.3012399102894397,0.115206450518131
2023,vw_nz,JP3711600001,NIPPON SANSO HOLDINGS,JP,0.007217591266676159,124.3722331265612,156.0097707660603
2023,vw_nz,HK0000139300,TELEVISION BROADCASTS,HK,0.007020843485188654,1.0127506943988802,2.115105284794226
2023,vw_nz,HK0014000126,HYSAN DEVELOPMENT,HK,0.006950981679143585,3.9755663595462325,0.5006993805486569
2023,vw_nz,AU000000QBE9,QBE INSURANCE GROUP,AU,0.006946101080668472,0.4183117797547887,0.5624885089170804
2023,vw_nz,AU000000WES1,WESFARMERS,AU,0.006600356264822275,28.59363574837614,20.97707171119606
2023,vw_nz,JP3899600005,MITSUBISHI ESTATE,JP,0.006541818738744791,10.526591847347836,6.499755341706083
2023,vw_nz,JP3156400008,USHIO,JP,0.006152282778698151,3.0529154115494044,2.3708731505462772
2023,vw_nz,JP3375800004,SHINKO ELEC.INDS. DEAD - DELIST.06/06/25,JP,0.006074411528291377,18.660699978140748,10.72179925079803
2023,vw_nz,JP3732200005,NIPPON TELEVISION HDG.,JP,0.006034752770146576,0.6913055204746131,1.0341232626308432
2023,vw_nz,JP3900000005,MITSUBISHI HEAVY INDS.,JP,0.0055966625760447836,4.235566896157101,10.369879209830343
2023,vw_nz,JP3134800006,IHI,JP,0.005531502303323253,6.0565943610977255,13.322077905189996
2023,vw_nz,SG1V61937297,SINGAPORE AIRLINES,SG,0.005445221602411815,1263.2430647324663,939.9422437925348
2023,vw_nz,HK0363006039,SHANGHAI INDUSTRIAL HOLDINGS,HK,0.005326165116514859,107.13040748194744,283.91550257569634
2023,vw_nz,JP3893200000,MITSUI FUDOSAN,JP,0.005202014890785934,10.394944262649682,10.255220495646576
2023,vw_nz,JP3910660004,TOKIO MARINE HOLDINGS,JP,0.005200450002571311,0.2676351257943177,0.31228629936762137
2023,vw_nz,AU000000IGO4,IGO,AU,0.005045378310289682,139.20481100563748,13.450650412623247
2023,vw_nz,HK0011000095,HANG SENG BANK DEAD - DELIST.28/01/26,HK,0.00499719954179751,0.022632029336441768,0.004474205412337929
2023,vw_nz,JP3890310000,MS&AD INSURANCE GP.HDG.,JP,0.004671400656231809,0.42258483049718576,0.9751755043155752
2023,vw_nz,JP3676800000,NISSHIN SEIFUN,JP,0.004607190864287835,13.760793311392328,22.03526172846717
2023,vw_nz,SG9999003735,XP POWER (DI),SG,0.004357360957943187,1.4457805756063657,0.8702594810379242
2023,vw_nz,JP3481800005,DAIKIN INDUSTRIES,JP,0.004313769192994217,18.51704156849024,10.604414809811662
2023,vw_nz,SG1U68934629,KEPPEL,SG,0.004248117795953316,0.6109125464163091,0.2903705206753956
2023,vw_nz,JP3600200004,TOHO GAS,JP,0.004237222090124481,16.164870913037554,41.29329684688016
2023,vw_nz,JP3766550002,HAKUHODO DY HDG.,JP,0.00413149381372461,0.02127704561838475,0.03785674062927367
2023,vw_nz,JP3436120004,SBI HDG.,JP,0.004115685204500907,0.2064365006477955,0.2576692236541043
2023,vw_nz,JP3420600003,SEKISUI HOUSE,JP,0.00411095470076648,2.4322775767794056,4.286069636368131
2023,vw_nz,JP3436100006,SOFTBANK GROUP,JP,0.004089230815560566,0.2980497141485127,0.17842171736829912
2023,vw_nz,JP3419050004,SEGA SAMMY HDG.,JP,0.004015728793676448,2.3863905086544506,1.7289064275099828
2023,vw_nz,JP3197800000,OMRON,JP,0.00396226715784717,0.6367198486018305,0.34588150929209804
2023,vw_nz,AU000000NAB4,NATIONAL AUS.BANK,AU,0.0038743978655562086,0.41838734664367355,0.10783455706849128
2023,vw_nz,JP3894900004,ISETAN MITSUKOSHI HDG.,JP,0.003797031484336804,4.826244298487668,4.1399925620472615
2023,vw_nz,AU000000ELD6,ELDERS,AU,0.0037592616663679993,24.19413483937441,56.67027109788423
2023,vw_nz,JP3789000001,KANADEVIA,JP,0.0037487414619605127,52.39855718720311,178.22584274719833
2023,vw_nz,JP3783420007,HIKARI TSUSHIN,JP,0.0036710416107544183,0.20124322231381586,0.15107566793966157
2023,vw_nz,JP3834800009,HEIWA REAL ESTATE,JP,0.0033838047345205267,8.368136213117184,2.546411618179255
2023,vw_nz,AU000000BLD2,BORAL DEAD - DELIST.08/07/24,AU,0.0033544566632567234,596.8265877718758,479.3950251051605
2023,vw_nz,SG1M31001969,UNITED OVERSEAS BANK,SG,0.003237388027823766,0.37980140184697425,0.12571632112138958
2023,vw_nz,JP3733000008,NEC,JP,0.0032086617392084967,0.8268965246067332,2.0017613480651995
2023,vw_nz,JP3148800000,IBIDEN,JP,0.0031713669449786198,54.292230229729746,30.730713872747064
2023,vw_nz,JP3826800009,FURUKAWA,JP,0.0031529241578887282,2.461388356080849,9.668755595344672
2023,vw_nz,JP3174410005,OJI HOLDINGS,JP,0.002984967806755039,488.6779676342297,1508.2874490873432
2023,vw_nz,JP3670800006,NISSAN CHEMICAL,JP,0.002914348072038807,130.98427499739935,34.95477893101701
2023,vw_nz,JP3162600005,SMC,JP,0.002886969983092682,10.05845173235915,1.8128652305630975
2023,vw_nz,JP3197600004,ONO PHARM.,JP,0.002851332373761232,2.4544504874478803,0.7134523174584393
2023,vw_nz,JP3914400001,MURATA MANUFACTURING,JP,0.0028377576161655307,19.125998382549092,6.6964234757329475
2023,vw_nz,NZCENE0001S6,CONTACT ENERGY,NZ,0.002766360494143524,360.78704068455,132.4
2023,vw_nz,JP3571400005,TOKYO ELECTRON,JP,0.0026807139608563666,1.2749408123215842,0.3784228779335084
2023,vw_nz,JP3293200006,COCA-COLA BOTTLERS JAPAN HOLDINGS,JP,0.0026768823341261558,30.6576571949329,90.3677142656261
2023,vw_nz,JP3762800005,NOMURA RESEARCH INST.,JP,0.0026687818731467305,0.18888673558010327,0.06677836461120634
2023,vw_nz,HK0000055878,CHINA TAIPING INSURANCE HLDGS,HK,0.002655733249542869,0.26882442534730777,2.303716932693381
2023,vw_nz,AU000000WOW2,WOOLWORTHS GROUP,AU,0.002641391653869501,10.934655879067723,15.400442652956508
2023,vw_nz,AU000000GMG2,GOODMAN GROUP,AU,0.002621413233204305,2.3676823562914446,0.12818776203329577
2023,vw_nz,KYG210961051,CHINA MENGNIU DAIRY,HK,0.0026043799372736146,19.702631620173484,13.590500722497959
2023,vw_nz,JP3352000008,77 BANK,JP,0.0025474433458419128,1.2516186545046653,0.8841106294718465
2023,vw_nz,AU000000BPT9,BEACH ENERGY,AU,0.0025206095220161166,421.22320937328067,228.54665264514813
2023,vw_nz,JP3351100007,SYSMEX,JP,0.002519658326166345,4.449044979062195,0.9866214247671183
2023,vw_nz,JP3122400009,ADVANTEST,JP,0.0024708019472574273,0.8363579592671855,0.23312606511582648
2023,vw_nz,JP3200450009,ORIX,JP,0.002463072082123754,47.60769073168233,44.5329237805293
2023,vw_nz,JP3665200006,NICHIREI,JP,0.002425221191049008,15.405528402868967,28.492728315548362
2023,vw_nz,JP3626800001,LIXIL,JP,0.00242204913299558,39.26585363183953,94.85396267118831
2023,vw_nz,HK0006000050,POWER ASSETS HOLDINGS,HK,0.0023566666157620354,42627.38059812528,563.5442645818597
2023,vw_nz,AU000000SIG5,SIGMA HEALTHCARE,AU,0.0023524561540561014,0.001260890143543176,0.00678477954499698
2023,vw_nz,AU000000ORG5,ORIGIN ENERGY (EX BORAL),AU,0.002310954468573173,1153.1415822012218,1525.9262561861874
2023,vw_nz,JP3165700000,NTT DATA GROUP DEAD - DELIST.26/09/25,JP,0.0022904633968921406,2.099368570972761,2.3486341589365005
2023,vw_nz,JP3499800005,MITSUBISHI HC CAPITAL,JP,0.0022760389277737287,0.22094668118267785,0.427128158400564
2023,vw_nz,JP3143600009,ITOCHU,JP,0.0022723912841829045,10.892717929397831,23.151949261093428
2023,vw_nz,JP3194000000,OKI ELECTRIC IND.,JP,0.0021980593925531623,3.012785908952192,17.117770259384567
2023,vw_nz,NZAIAE0002S6,AUCKLAND INTL.AIRPORT,NZ,0.0021842699611895047,6.850271683105102,0.24722145882262578
2023,vw_nz,BMG684371393,PACIFIC BASIN SHIP.,HK,0.0021795144159097945,875.5739280320943,1470.106134491661
2023,vw_nz,JP3890350006,SUMITOMO MITSUI FINL.GP.,JP,0.0021781936710336914,0.3537550495234726,0.2510394746680624
2023,vw_nz,AU000000JBH7,JB HI-FI,AU,0.002173508671479769,0.04806063815354721,0.0880494740443
2023,vw_nz,JP3802300008,FAST RETAILING,JP,0.0021476528788491735,0.5134459118198815,0.14468872925057202
2023,vw_nz,JP3336000009,SANTEN PHARM.,JP,0.0020971923865298124,8.052186224623117,5.5715727496572836
2023,vw_nz,JP3672400003,NISSAN MOTOR,JP,0.001980015742073095,7.6877370015972755,38.779345523968615
2023,vw_nz,AU000000MQG1,MACQUARIE GROUP,AU,0.001917325341201107,0.02947332319757232,0.007365370591012641
2023,vw_nz,JP3869010003,MATSUKIYOKARA,JP,0.0019169837714827405,0.325927811034816,0.3351219663496378
2023,vw_nz,AU000000APA1,APA GROUP,AU,0.0019087692613395896,687.6116658956403,154.21212331263513
2023,vw_nz,KYG9431R1039,WANT WANT CHINA HOLDINGS,SG,0.001898771204658795,54.92086239310012,24.67818351251339
2023,vw_nz,MU0117U00026,GOLDEN AGRI-RESOURCES,SG,0.0018981113867311272,603.6702276988625,2905.6268959150148
2023,vw_nz,JP3967200001,RAKUTEN GROUP,JP,0.0018954838169218606,0.19919799994818588,0.3619282024474623
2023,vw_nz,JP3276400003,GUNMA BANK,JP,0.001881847679306582,1.169858268336998,0.9538518564279977
2023,vw_nz,HK0293001514,CATHAY PACIFIC AIRWAYS,HK,0.0018798878028746574,1778.5036808386792,1805.4409374385789
2023,vw_nz,JP3358000002,SHIMANO,JP,0.0018602911039495137,2.114230510738968,0.6192302195827669
2023,vw_nz,JP3397200001,SUZUKI MOTOR,JP,0.0018467743710590292,12.236754987388132,22.760366398545937
2023,vw_nz,AU000000AMP6,AMP,AU,0.0018006725045084464,0.01676362665540813,0.009389573400381842
2023,vw_nz,JP3266400005,KUBOTA,JP,0.001771005353361051,13.612274398719716,16.046267491279078
2023,vw_nz,JP3131400008,AEON FINANCIAL SERVICE,JP,0.0017494458820362796,0.7881336468498584,1.278358849982315
2023,vw_nz,JP3452000007,TAIYO YUDEN,JP,0.0017283115547343782,16.137169010334322,9.390448125599479
2023,vw_nz,HK0270001396,GUANGDONG INVESTMENT,HK,0.0017107019826750067,1002.4488145504313,405.0907997939753
2023,vw_nz,JP3274400005,GLORY,JP,0.0017015024135561324,9.417142023260118,16.26753335614095
2023,vw_nz,JP3820000002,FUJI ELECTRIC,JP,0.0016683009234477405,18.23143796180638,22.905834492602057
2023,vw_nz,JP3598600009,TOHO,JP,0.0016603177376797622,3.2397233357334065,0.8749413597586049
2023,vw_nz,JP3625000009,TOKUYAMA,JP,0.0015762030690755278,2451.399084760839,5999.852651354687
2023,vw_nz,JP3519400000,CHUGAI PHARM.,JP,0.001533333136682417,4.89053042246006,1.1134092372296431
2023,vw_nz,JP3982100004,LAWSON DEAD - DELIST.24/07/24,JP,0.001523900745686155,0.6045313419977202,1.0793064326663386
2023,vw_nz,BMG8063F1068,SHANGRI-LA ASIA,HK,0.0014952204635175572,102.70722552178694,45.821674262882
2023,vw_nz,JP3305800009,KOMORI,JP,0.001485964045171445,6.921921070537536,13.605461131234328
2023,vw_nz,JP3502200003,DAIWA SECURITIES GROUP,JP,0.0014789765079027788,0.14678647705115752,0.11359118532401886
2023,vw_nz,BMG8403G1033,SINOFERT HOLDINGS,HK,0.0014435463557703942,490.40352504774256,1728.393479227183
2023,vw_nz,US89677Q1076,TRIP COM GROUP ADR 1:1,SG,0.0013846857669655716,0.008407385585571043,0.0010617649931834686
2023,vw_nz,JP3893600001,MITSUI,JP,0.0013835791893222022,27.171067249693053,63.74624329773779
2023,vw_nz,JP3126400005,ALPS ALPINE,JP,0.0013566570956954245,2.365738686739943,7.033864892751387
2023,vw_nz,JP3414750004,SEIKO EPSON,JP,0.0013433587139327944,16.011570460726414,27.661774185981454
2023,vw_nz,JP3271400008,CREDIT SAISON,JP,0.001309418431038382,0.11777776094145068,0.14170409533122297
2023,vw_nz,JP3734800000,NIDEC,JP,0.0013032490864771332,16.378165094924245,8.461772741389321
2023,vw_nz,BMG2624N1535,DFI RETAIL GROUP HOLDINGS,HK,0.001267506486196081,25.753949602794435,52.35544019611106
2023,vw_nz,AU000000TLS2,TELSTRA GROUP,AU,0.001172958918011682,1.959440886821348,0.9088368998780353
2023,vw_nz,JP3753000003,NIPPON YUSEN KK,JP,0.0011542173464914936,544.2874654496082,894.9749598833317
2023,vw_nz,JP3407200009,OSAKA TITANIUM,JP,0.001145626252924277,168.9998373719304,50.85145530348999
2023,vw_nz,JP3944130008,USS,JP,0.001106675567613609,5.902769509203915,0.9207154000445731
2023,vw_nz,JP3188220002,OTSUKA HOLDINGS,JP,0.0011045845524543447,24.180027432827657,18.307551699372873
2023,vw_nz,JP3371200001,SHIN-ETSU CHEMICAL,JP,0.0010999904671992952,104.71283274880324,37.217669345366716
2023,vw_nz,JP3494600004,SCREEN HOLDINGS,JP,0.00108962933007524,2.7627389521414325,2.382513342754605
2023,vw_nz,JP3294460005,INPEX,JP,0.001077449434222286,365.744528717021,434.8568426582611
2023,vw_nz,JP3551500006,DENSO,JP,0.0010634599566388845,11.831625022273139,13.207687620919764
2023,vw_nz,JP3300600008,KONICA MINOLTA,JP,0.0010134308023335493,18.154171261997966,72.83895981451371
2023,vw_nz,AU000000CWY3,CLEANAWAY WASTE MANAGEMENT,AU,0.0009807583007544966,466.3616587327558,257.70088955708655
2023,vw_nz,AU000000IRE2,IRESS,AU,0.000971421399996113,0.12072397942681166,0.04166470135056523
2023,vw_nz,JP3108600002,ACOM,JP,0.0009572016843099552,0.5688008219720176,0.3103957871512275
2023,vw_nz,NZFBUE0001S0,FLETCHER BUILDING,NZ,0.0009319900692137071,136.19184691824984,283.95002773379963
2023,vw_nz,JP3283650004,KOSE HOLDINGS,JP,0.0009207541303832418,2.6604781862281444,0.8921503515768093
2023,vw_nz,JP3613400005,TOYO SEIKAN GROUP HDG.,JP,0.0009143656829075945,56.57442030489395,149.66892003678237
2023,vw_nz,SG1F60858221,SINGAPORE TECHS.ENGR.,SG,0.0009065167798410103,6.5162682982244045,5.014676285930156
2023,vw_nz,JP3788600009,HITACHI,JP,0.0009041285107952159,5.705547477030776,9.571297670678211
2023,vw_nz,AU000000ERA9,ENERGY RES.OF AUS.,AU,0.0009033608002985057,3302.8896367645348,166.9560626503197
2023,vw_nz,SG1R89002252,CITY DEVELOPMENTS,SG,0.000869050398085321,0.034958756612369364,0.015255159884476835
2023,vw_nz,JP3352400000,CITIZEN WATCH,JP,0.000850546180500431,8.0193989029556,13.389100126742711
2023,vw_nz,JP3305530002,COMSYS HOLDINGS,JP,0.0008493682983848757,19.36002666152243,31.884366032522053
2023,vw_nz,JP3579800008,TOKYO STEEL MNFG.,JP,0.0008429845837713188,134.83732469877714,220.71581764632083
2023,vw_nz,JP3359600008,SHARP,JP,0.0008391363650005462,16.545289556063388,60.27848294902006
2023,vw_nz,AU0000088338,AMPOL,AU,0.0008386525247158447,25.010778159335384,131.5051873841587
2023,vw_nz,AU000000SBM8,ST BARBARA,AU,0.0008306885043330855,299.1707811245933,337.7670106454844
2023,vw_nz,JP3398000004,SUZUKEN,JP,0.0008133708708887373,1.5458492925718794,11.942601251461184
2023,vw_nz,JP3160400002,EISAI,JP,0.000811704983010464,8.275238108841494,2.5920067742345565
2023,vw_nz,BMG4600H1198,HOPSON DEVELOPMENT HOLDINGS,HK,0.0008102035781777225,0.8636003530372919,0.876079042706299
2023,vw_nz,JP3357200009,SHIMADZU,JP,0.0008045270732085872,0.6478290220728972,0.25356045675705974
2023,vw_nz,AU000000CPU5,COMPUTERSHARE,AU,0.0008036698915217477,0.8831534465732308,0.26609791596950355
2023,vw_nz,JP3939000000,YAMADA HOLDINGS,JP,0.0007736933686381946,4.242673902800501,15.137623850040415
2023,vw_nz,AU000000ABC7,ADBRI DEAD - DELIST.02/07/24,AU,0.0007730518783847074,1488.5414666128038,2073.8703203930527
2023,vw_nz,JP3119600009,AJINOMOTO,JP,0.0007516200265607345,94.58505467163413,59.19890767321872
2023,vw_nz,JP3931600005,YAKULT HONSHA,JP,0.0007507935029533257,71.0486496842322,21.31481785803059
2023,vw_nz,JP3635000007,TOYOTA TSUSHO,JP,0.0007460776032742843,6.298085691367878,31.568418200248225
2023,vw_nz,JP3659000008,WEST JAPAN RAILWAY,JP,0.0007211396319086252,14.550972528503673,14.310993230671787
2023,vw_nz,NZAIRE0001S2,AIR NEW ZEALAND,NZ,0.0007031224616883044,930.4940729855819,1659.9190898780503
2023,vw_nz,AU000000TCL6,TRANSURBAN GROUP STAPLED UNITS,AU,0.0006817284143742501,2.0151707689664384,0.19282362742164894
2023,vw_nz,JP3942600002,YAMAHA,JP,0.0006776421825978752,6.360668402165403,3.052854627225635
2023,vw_nz,JP3292200007,JTEKT,JP,0.000669001079477668,8.41351753978358,42.899681362516354
2023,vw_nz,JP3463000004,TAKEDA PHARMACEUTICAL,JP,0.0006688189137263192,9.016203321699502,5.544421121402206
2023,vw_nz,JP3854600008,HONDA MOTOR,JP,0.0006505871477424998,8.534000302776935,24.143674800205552
2023,vw_nz,JP3388200002,AEON,JP,0.0006480220163372882,2.871580272912132,11.200835437437204
2023,vw_nz,JP3818000006,FUJITSU,JP,0.0006320194806779936,2.2678236195644237,2.1594505029028
2023,vw_nz,JP3768600003,HASEKO,JP,0.0006152472489761972,4.471751499974002,10.034392658244053
2023,vw_nz,BMG668971101,CTF SERVICES,HK,0.000597932484843185,7.966658042856546,8.802239733884532
2023,vw_nz,JP3116000005,ASAHI GROUP HOLDINGS,JP,0.0005957102817914763,24.338267559165256,28.07911704154648
2023,vw_nz,JP3203500008,ONWARD HOLDINGS,JP,0.0005904657414085222,0.9072527239655994,3.0013875027384924
2023,vw_nz,SG1T75931496,SINGAPORE TELECOM,SG,0.0005888868425240825,0.5472157172329531,0.19420479953969952
2023,vw_nz,JP3381000003,NIPPON STEEL,JP,0.0005871565959794836,1039.9250659550285,3165.6263199887358
2023,vw_nz,JP3726800000,JAPAN TOBACCO,JP,0.0005635841040462097,16.278992811406408,8.22875787786462
2023,vw_nz,JP3544000007,TEIJIN,JP,0.0005598667801802196,95.8984611749326,371.6256391960994
2023,vw_nz,HK0688002218,CHINA OVERSEAS LAND INVESTMENT,HK,0.0005529550606599685,0.3882214306386254,0.35829941759078865
2023,vw_nz,HK0823032773,LINK REAL ESTATE INVESTMENT TRUST,HK,0.0005338863474391983,9.429834706920367,0.8176818250328235
2023,vw_nz,JP3982800009,ROHM,JP,0.000527300205265835,44.244965575419386,20.275292321554875
2023,vw_nz,JP3898400001,MITSUBISHI,JP,0.0005187677812107642,118.32967604422984,395.5276478243548
2023,vw_nz,JP3351600006,SHISEIDO,JP,0.0005148423795941739,2.5387772512566675,1.0396628546516353
2023,vw_nz,JP3389900006,JAFCO GROUP,JP,0.0005038398170440129,0.018574814210396258,0.00893612268019851
2023,vw_nz,JP3862400003,MAKITA,JP,0.0004917075545615847,3.5560224324682244,2.840201034368808
2023,vw_nz,JP3415400005,SEINO HDG.,JP,0.00047984901491937907,77.53194892105311,185.43372083339457
2023,vw_nz,SG1J26887955,SINGAPORE EXCHANGE,SG,0.00045973737157727524,0.03416385668945396,0.004007234393825654
2023,vw_nz,JP3122800000,AMADA,JP,0.00043196047085911505,2.619308031711379,2.26155174355317
2023,vw_nz,AU000000BOQ8,BANK OF QLND.,AU,0.00041888033620258547,0.22736921284094697,0.1220870459218643
2023,vw_nz,JP3830000000,BROTHER INDUSTRIES,JP,0.00039931285816688106,3.096735128228607,4.792559069090763
2023,vw_nz,JP3209000003,CASIO COMPUTER,JP,0.0003832143117026281,1.6759920379484845,1.3082464982529916
2023,vw_nz,JP3190000004,OBAYASHI,JP,0.0003584623749244542,18.327684160275084,52.164025862053116
2023,vw_nz,JP3362700001,MITSUI OSK LINES,JP,0.000333333508553984,872.0409134994648,1179.5614451496845
2023,vw_nz,JP3456000003,TAKASHIMAYA,JP,0.00032818960492433165,4.720098849443309,8.092805085744713
2023,vw_nz,SG1S04926220,OVERSEA-CHINESE BKG.,SG,0.00032717987383540034,0.006806763929251455,0.0031948587073736662
2023,vw_nz,JP3493800001,DAI NIPPON PRINTING,JP,0.00031587606642238797,30.170845939765456,43.090140277871
2023,vw_nz,JP3486800000,DAITO TST.CONSTRUCTION,JP,0.0003035680571133677,2.672692249810934,4.944689827358329
2023,vw_nz,HK0392044647,BEIJING ENTERPRISES HOLDINGS,HK,0.0002845813622063374,60.12649316871463,161.0100706721821
2023,vw_nz,JP3830800003,BRIDGESTONE,JP,0.00028370818683129135,49.326018962524856,59.031689798579634
2023,vw_nz,JP3814800003,SUBARU,JP,0.000274159672311202,5.869678093817494,12.694645300822408
2023,vw_nz,JP3769000005,HACHIJUNI NAGANO BANK,JP,0.00027350060049331206,1.6501444136472978,1.1412316090933947
2023,vw_nz,JP3619800000,TOYOBO,JP,0.000270326873140259,228.59050835703783,1009.4422547991039
2023,vw_nz,AU000000SUN6,SUNCORP GROUP,AU,0.00026390530976837993,0.14822497522899572,0.16381105376367427
2023,vw_nz,JP3684400009,NITTO BOSEKI,JP,0.00024840278955081687,223.68229186575098,265.171858216971
2023,vw_nz,JP3973400009,RICOH,JP,0.00024173090728888387,7.254221584099298,24.05419709960834
2023,vw_nz,HK0836012952,CHINA RESOURCES POWER,HK,0.00023167216288891412,10581.892252095007,13772.611402035373
2023,vw_nz,JP3992400006,WACOAL HDG.,JP,0.00022099393366139045,1.1742809686402778,1.4197242346342605
2023,vw_nz,AU000000ASX7,ASX,AU,0.0002100963316366085,0.06762385986172273,0.005268442974900084
2023,vw_nz,JP3721400004,JAPAN STEEL WORKS,JP,0.0002077974584567592,34.20950799997757,39.492680905612495
2023,vw_nz,AU000000WOR2,WORLEY,AU,0.00020709750294873298,3.0151186587028507,3.9362557103378264
2023,vw_nz,AU0000224040,WOODSIDE ENERGY GROUP,AU,0.0001895315843107109,531.7145848933534,191.91876465042725
2023,vw_nz,AU000000CSL8,CSL,AU,0.00018688550514695418,11.145770328770501,1.2937379251126988
2023,vw_nz,AU000000IFL2,INSIGNIA FINANCIAL,AU,0.00018137802608361912,0.0,0.0
2023,vw_nz,JP3404200002,SUMITOMO RUBBER INDS.,JP,0.0001718338115426785,44.0579756213314,158.7742794090396
2023,vw_nz,AU000000SHL7,SONIC HEALTHCARE,AU,0.00017168761331212275,5.279191477929981,3.029678790477433
2023,vw_nz,JP3495000006,SUMITOMO PHARMA,JP,0.00017151991407925299,6.074353368069493,10.453894901336177
2023,vw_nz,AU000000WBC1,WESTPAC BANKING,AU,0.00015773758524786343,0.34571397684343586,0.11195224645265507
2023,vw_nz,AU000000CGF5,CHALLENGER,AU,0.0001479755428746759,0.026695590714523928,0.009948093187123917
2023,vw_nz,JP3771800004,HAMAMATSU PHOTONICS,JP,0.00014700719426122212,4.21989874610414,0.8014468757622457
2023,vw_nz,JP3802400006,FANUC,JP,0.0001396967512964957,8.984556588021656,1.6099126720703287
2023,vw_nz,JP3811000003,FUJIKURA,JP,0.00013894493974941552,3.6034472805029956,10.040761054788856
2023,vw_nz,JP3955000009,YOKOGAWA ELECTRIC,JP,0.00013096415315005786,4.632167104751087,3.2722401769008336
2023,vw_nz,JP3743000006,NH FOODS,JP,0.00012944891428567524,51.78085942120208,166.55105101609863
2023,vw_nz,JP3240400006,KIKKOMAN,JP,0.00012882224951488313,23.126188250178547,10.50399678540637
2023,vw_nz,JP3657400002,NIKON,JP,0.00012608260791982447,7.55254462674182,9.3253461229123
2023,vw_nz,JP3164800009,NOK,JP,0.000122068811467659,6.988994305224076,23.725514052804478
2023,vw_nz,JP3385980002,J S R DEAD - DELIST.25/06/24,JP,0.00012158004607858296,10.986110002626972,7.2132775223664645
2023,vw_nz,JP3269600007,KURARAY,JP,0.00011900359775341666,296.72341303899094,602.9103877872706
2023,vw_nz,AU000000TAH8,TABCORP HOLDINGS,AU,0.00011716535989566602,6.655072052246752,2.023284254951801
2023,vw_nz,JP3718800000,NISSUI,JP,0.00011651919325261279,33.99800445635879,153.60849569621826
2023,vw_nz,AU000000ALL7,ARISTOCRAT LEISURE,AU,0.00011622104778135413,1.1601203454401008,0.2775376358312325
2023,vw_nz,HK0308001558,CTII.INTL.INV.HK.,HK,0.0001146665357711563,67.84302567697246,22.246511904055097
2023,vw_nz,JP3635400009,TOYOTA BOSHOKU,JP,0.00011302287334583364,5.454791103669175,23.861822960668356
2023,vw_nz,JP3263000006,KINDEN,JP,0.00010972645620678438,3.2669726586299843,6.5676944660409236
2023,vw_nz,JP3277800003,KEIO,JP,0.00010713474836769557,32.4286124167891,17.95109035131292
2023,vw_nz,JP3667600005,JGC HOLDINGS,JP,0.00010691040615008233,20.262429771746877,25.093332687920903
2023,vw_nz,JP3320800000,SAPPORO HOLDINGS,JP,9.75174562997555e-05,32.057990866231926,61.01857319452816
2023,vw_nz,JP3942400007,ASTELLAS PHARMA,JP,9.621137232754518e-05,5.163923143935558,2.1736217704502874
2023,vw_nz,JP3726200003,NIPPON SODA,JP,9.104119724805766e-05,36.488344790445254,54.08120281261139
2023,vw_nz,JP3243600008,CANON MARKETING JAPAN,JP,8.30238649359596e-05,1.2367251256700476,1.8435054263818156
2023,vw_nz,JP3402600005,SUMITOMO METAL MINING,JP,8.261418072942736e-05,178.6418040913064,166.67670402543325
2023,vw_nz,AU000000RHC8,RAMSAY HEALTH CARE,AU,8.259955528170338e-05,8.311282577517668,7.593996397987175
2023,vw_nz,AU000000STO6,SANTOS,AU,7.877030183835166e-05,671.8520615963743,337.1511099014538
2023,vw_nz,JP3780100008,PARK24,JP,7.361485205796199e-05,85.96995694532252,69.71894674597377
2023,vw_nz,JP3210200006,KAJIMA,JP,7.330636064825252e-05,15.897508598175719,46.46639808769215
2023,vw_nz,AU000000FLT9,FLIGHT CENTRE TRAVEL GP.,AU,7.313887519788051e-05,18.744172053448402,9.025607369672136
2023,vw_nz,SGXE34184239,SEATRIUM,SG,7.115652280837997e-05,48.129474070381065,20.5908393172319
2023,vw_nz,JP3551520004,DENTSU GROUP,JP,7.050434490951004e-05,0.46459825308579533,0.5288214132138385
2023,vw_nz,JP3762600009,NOMURA HDG.,JP,6.928541504823436e-05,0.14963796145052613,0.18916460839560414
2023,vw_nz,AU000000GPT8,GPT GROUP STAPLED UNITS,AU,6.698216562622738e-05,13.024619559949599,1.1967981474677978
2023,vw_nz,JP3942800008,YAMAHA MOTOR,JP,6.417806218214705e-05,8.277684895553465,16.659636993015916
2023,vw_nz,HK0004000045,WHARF HOLDINGS,HK,5.6607210482119474e-05,7.230194026559046,2.1454455979975497
2023,vw_nz,JP3347200002,SHIONOGI,JP,5.1702279078435235e-05,11.705114622482048,2.753070056370866
2023,vw_nz,HK0200030994,MELCO INTL.DEV.,HK,4.1065532193635746e-05,15.13591670198529,10.2369991817228
2023,vw_nz,JP3137200006,ISUZU MOTORS,JP,3.9922087000257396e-05,8.192877189029023,20.287777819143
2023,vw_nz,JP3215800008,KANEKA,JP,3.90070377159558e-05,135.42169219248575,448.5093160658192
2023,vw_nz,JP3196000008,ODAKYU ELECTRIC RY.,JP,3.8798476432330555e-05,25.16803594684213,15.937917924821894
2023,vw_nz,BMG2442N1048,COSCO SHIPPING PORTS,HK,3.733364449983046e-05,54.52638379011055,30.222887878426192
2023,vw_nz,JP3634200004,TOYODA GOSEI,JP,3.52686933523704e-05,14.637028567427706,49.21656679689129
2023,vw_nz,JP3678000005,NISSHINBO HOLDINGS,JP,3.1186529360454006e-05,27.192369219133674,87.25571592796014
2023,vw_nz,JP3787000003,HITACHI CON.MCH.,JP,3.1078373719400285e-05,9.869462464915426,19.07469067291487
2023,vw_nz,AU000000DOW2,DOWNER EDI,AU,3.0348206809438296e-05,42.478056759056734,186.58044854692582
2023,vw_nz,JP3903000002,MITSUBISHI MATERIALS,JP,2.9172155546482756e-05,67.76263199795724,411.6387612316017
2023,vw_nz,JP3421800008,SECOM,JP,2.8478705970948835e-05,6.719009663386614,4.109927310669652
2023,vw_nz,SG1T58930911,FRASER AND NEAVE,SG,2.8249934423963885e-05,32.46653582519928,36.33346976961759
2023,vw_nz,JP3919800007,MEIDENSHA,JP,2.6819428403948772e-05,9.789965297609358,30.592927012791574
2023,vw_nz,HK0023000190,BANK OF EAST ASIA,HK,2.5382591763645676e-05,0.8624810464907097,0.9530444055498244
2023,vw_nz,JP3118000003,ASICS,JP,2.4153918228087624e-05,0.8255839893935244,0.6626149900692812
2023,vw_nz,JP3684000007,NITTO DENKO,JP,2.2895094042025977e-05,40.642259987409595,31.3520128298537
2023,vw_nz,JP3143000002,ITO EN,JP,2.1085644875523172e-05,9.050461754558718,9.541681244235235
2023,vw_nz,JP3885400006,MISUMI GROUP,JP,2.0160959057836436e-05,2.2064028595695127,0.8667670949478821
2023,vw_nz,JP3566800003,CENTRAL JAPAN RAILWAY,JP,1.75001185982894e-05,7.18987123345684,2.8670338354411418
2023,vw_nz,JP3358800005,SHIMIZU,JP,1.7242840993121404e-05,10.95805424406648,35.37521505512551
2023,vw_nz,JP3172100004,OKUMA,JP,1.5969059349569857e-05,5.073153696500349,6.464804402080765
2023,vw_nz,JP3229400001,KANSAI PAINT,JP,1.484997028245304e-05,18.36681501083141,18.643216881295423
2023,vw_nz,JP3582600007,TOKYO TATEMONO,JP,1.4832882331225416e-05,5.303988705175131,5.651997122392168
2023,vw_nz,JP3774200004,HANKYU HANSHIN HDG.,JP,1.4786685722771116e-05,14.051629104129205,13.55343452958674
2023,vw_nz,KYG217651051,CK HUTCHISON HOLDINGS,HK,1.4519715364395976e-05,225.15073437653206,306.17057996179466
2023,vw_nz,JP3404600003,SUMITOMO,JP,1.4044669736668052e-05,29.635783781433304,69.40570907379717
2023,vw_nz,JP3459600007,TAKARA HDG.,JP,1.3730070344262795e-05,25.800627586859257,42.82967661368596
2023,vw_nz,JP3280200001,KEIKYU,JP,1.3225359276534634e-05,30.202918979238248,23.43108149477086
2023,vw_nz,JP3270000007,KURITA WATER IND.,JP,1.3160034072487474e-05,5.078142852845967,2.4554245995769115
2023,vw_nz,AU000000CIM7,CIMIC GROUP DEAD - DELIST.11/05/22,AU,1.1959602594288899e-05,14.553472876249668,23.63507445048452
2023,vw_nz,HK0000745908,YUEXIU PROPERTY COMPANY,HK,1.170156914239728e-05,0.18000163415940992,0.4353376986827341
2023,vw_nz,JP3173400007,OBIC,JP,1.0833409634127531e-05,0.2862219103531873,0.013481266940889304
2023,vw_nz,JP3219000001,KAMIGUMI,JP,1.0546034905690587e-05,14.680295230938855,13.069380592940234
2023,vw_nz,AU000000SXL4,SOUTHERN CROSS MEDIA GROUP,AU,1.0405610799406946e-05,1.1648633690013674,2.1232876712328768
2023,vw_nz,JP3940400009,YAMATO KOGYO,JP,1.0321136392855225e-05,42.45794717240686,23.991554972649627
2023,vw_nz,JP3386030005,JFE HOLDINGS,JP,8.555695695280435e-06,1215.4062816711003,6008.922636960515
2023,vw_nz,JP3511800009,CHIBA BANK,JP,8.538615426470695e-06,1.188572917813243,0.4024561860925315
2023,vw_nz,JP3891600003,MITSUI E&S,JP,8.104399823418326e-06,4.472427223085722,31.24081152602176
2023,vw_nz,AU000000MND5,MONADELPHOUS GROUP,AU,6.5869853689602805e-06,7.552839036953406,10.001306648663952
2023,vw_nz,JP3493400000,DIC,JP,6.3099336532824985e-06,33.865823334885796,158.2389128220304
2023,vw_nz,JP3551200003,ELEC.POWER DEV.,JP,6.295660681234303e-06,3534.6054203112694,15780.26998425522
2023,vw_nz,HK0003000038,HONG KONG AND CHINA GAS,HK,5.888095293392826e-06,205.3431946100242,85.12226992719806
2023,vw_nz,HK0101000591,HANG LUNG PROPERTIES,HK,5.850730737366812e-06,3.057501337751577,0.4507297822441069
2023,vw_nz,JP3688370000,NIPPON EXPRESS HOLDINGS,JP,5.8382006501268964e-06,26.81985856079344,105.18239627419725
2023,vw_nz,JP3720800006,NSK,JP,5.083329825009126e-06,14.731681016976129,35.50028864720676
2023,vw_nz,JP3596200000,TOTO,JP,4.272211320624723e-06,31.15825239297233,26.323830117282064
2023,vw_nz,BMG2108M2182,CHINESE ESTATES HDG.,HK,4.192996591603681e-06,0.0,0.0
2023,vw_nz,JP3126340003,ALFRESA HOLDINGS,JP,3.978171549878681e-06,1.559065153755757,12.841662174588578
2023,vw_nz,JP3526600006,CHUBU ELEC.POWER,JP,3.81529041339949e-06,10.084345465473218,35.18776921676879
2023,vw_nz,JP3546800008,TERUMO,JP,3.5185825369196853e-06,10.806362087159325,3.065919926653158
2023,vw_nz,JP3505000004,DAIWA HOUSE INDUSTRY,JP,3.4187196256353847e-06,6.479627237585651,15.001182312603452
2023,vw_nz,AU000000MGR9,MIRVAC GROUP STAPLED UNITS,AU,3.0860432342470775e-06,7.557005097369406,1.4682993977106602
2023,vw_nz,JP3260800002,KINTETSU GROUP HDG.,JP,2.959622631960998e-06,7.625576709354283,12.472425431584387
2023,vw_nz,JP3256000005,KYOWA KIRIN,JP,2.779769169286963e-06,5.4081946073402545,1.3891912969400537
2023,vw_nz,JP3405400007,SUMITOMO HEAVY INDS.,JP,2.5214979242069505e-06,4.089551619540011,13.753929341994
2023,vw_nz,JP3613000003,TOYO SUISAN KAISHA,JP,2.1664488006602682e-06,56.0850947957693,40.111672299260704
2023,vw_nz,HK0165000859,CHINA EVERBRIGHT,HK,2.1106452744158333e-06,0.018635855385762207,0.006288517167651868
2023,vw_nz,JP3351500008,SHIZUOKA FINANCIAL GROUP,JP,2.0239392563449045e-06,0.5418656845255222,0.2388800038967681
2023,vw_nz,HK2380027329,CHIN.PWR.INTDVT.,HK,2.006852603598595e-06,7536.856600288193,9020.750859929061
2023,vw_nz,JP3443600006,TAISEI,JP,1.6729249352334093e-06,16.969645214767283,32.34297263218141
2023,vw_nz,JP3574200006,TOKYU,JP,1.672628334956163e-06,20.494120623817174,18.110948860697878
2023,vw_nz,AU000000ORI1,ORICA,AU,1.6080113490546962e-06,286.80443725736416,306.539726149365
2023,vw_nz,JP3951600000,UNI CHARM,JP,1.5885669255065716e-06,4.174880004369327,1.2357000515862453
2024,vw_nz,AU000000BWP3,BWP GROUP STAPLED UNITS,AU,0.07431688858001438,0.0,0.0
2024,vw_nz,JP3902900004,MITSUBISHI UFJ FINL.GP.,JP,0.030052960387701243,0.3842093219010886,0.23676124022347622
2024,vw_nz,JP3633400001,TOYOTA MOTOR,JP,0.025892297717076716,8.68325956389896,7.8824987927614405
2024,vw_nz,JP3198900007,ORIENTAL LAND,JP,0.025596443664608164,17.698023021999873,1.074674079927681
2024,vw_nz,JP3122400009,ADVANTEST,JP,0.022836546708065113,0.7381710324423192,0.07820600470749693
2024,vw_nz,JP3143600009,ITOCHU,JP,0.021266350443463585,11.372342811388137,14.736570255814494
2024,vw_nz,JP3756600007,NINTENDO,JP,0.020393616097731188,0.14581276563702686,0.022536092297360037
2024,vw_nz,JP3435000009,SONY GROUP,JP,0.01986396020322765,2.8403204824349157,1.9572985673792722
2024,vw_nz,JP3735400008,NTT,JP,0.01897323908490859,1.6746789260904795,1.3099475671653784
2024,vw_nz,JP3732200005,NIPPON TELEVISION HDG.,JP,0.01874163335186638,1.41494284363383,1.0336655910747645
2024,vw_nz,JP3242800005,CANON,JP,0.01857908972638657,7.021399252609229,5.5581101437362905
2024,vw_nz,AU000000BHP4,BHP GROUP,AU,0.018258296605441447,150.87613865715858,52.12413145782233
2024,vw_nz,JP3906000009,MINEBEA MITSUMI,JP,0.016335032515734677,10.529406918731544,11.075322988737376
2024,vw_nz,JP3868400007,MAZDA MOTOR,JP,0.016067747146913593,3.5355104459497158,14.858032822986438
2024,vw_nz,JP3539220008,T & D HOLDINGS,JP,0.016005576811675845,0.07639756645755359,0.19371022545946046
2024,vw_nz,JP3201200007,OLYMPUS,JP,0.015472998880663539,4.105339466174771,1.373209184178941
2024,vw_nz,BMG5320C1082,KUNLUN ENERGY,HK,0.014921547374640704,19.537684671149922,63.99946151393006
2024,vw_nz,JP3898400001,MITSUBISHI,JP,0.01329296472404937,152.3072139013388,286.3101184559599
2024,vw_nz,JP3676800000,NISSHIN SEIFUN,JP,0.01295179266767935,26.18510284111857,35.1737819319317
2024,vw_nz,HK0019000162,SWIRE PACIFIC 'A',HK,0.012925941416258734,6.515174831830142,11.800679061860953
2024,vw_nz,JP3397200001,SUZUKI MOTOR,JP,0.012757250855081566,11.975402523217312,17.845018193213672
2024,vw_nz,AU000000CBA7,COMMONWEALTH BK.OF AUS.,AU,0.01263961810921296,0.19011187237641752,0.057407578781184423
2024,vw_nz,AU000000WES1,WESFARMERS,AU,0.01183850224128256,29.154765481424313,19.069622623733597
2024,vw_nz,JP3900000005,MITSUBISHI HEAVY INDS.,JP,0.010932505380146246,4.226533271597552,5.734857531023801
2024,vw_nz,JP3893200000,MITSUI FUDOSAN,JP,0.009602447337172101,11.77688203122596,8.029541806715978
2024,vw_nz,JP3475350009,DAIICHI SANKYO,JP,0.009333629868278544,8.40673094683883,1.4425669009544007
2024,vw_nz,JP3452000007,TAIYO YUDEN,JP,0.009242462874024084,24.533092783213327,16.423991661665774
2024,vw_nz,HK0388045442,HONG KONG EXCHANGES AND CLEARING,HK,0.008775273720998967,0.03016046877411267,0.001585622421546706
2024,vw_nz,SG1V61937297,SINGAPORE AIRLINES,SG,0.008596303412494535,1091.8199251781807,992.8591061441467
2024,vw_nz,AU000000AMP6,AMP,AU,0.007866795269988692,0.014053484318203316,0.015078145388117262
2024,vw_nz,AU000000GMG2,GOODMAN GROUP,AU,0.007520053683807366,2.8839716539022677,0.1143908887252975
2024,vw_nz,JP3481800005,DAIKIN INDUSTRIES,JP,0.007480162919703707,18.239776622607398,11.276851657966201
2024,vw_nz,JP3162600005,SMC,JP,0.0072845775319718056,10.195990309702825,1.4345649589212943
2024,vw_nz,JP3292200007,JTEKT,JP,0.007253606379588726,8.426852850295528,34.242924474968746
2024,vw_nz,JP3670800006,NISSAN CHEMICAL,JP,0.007078149840754191,119.32838140845443,31.783915392760186
2024,vw_nz,AU000000MAH3,MACMAHON HOLDINGS,AU,0.006671928676129724,0.7274265860584708,3.636511552229092
2024,vw_nz,AU000000BEN6,BENDIGO & ADELAIDE BANK,AU,0.006429032853857611,0.43363972167339576,0.34898994787273757
2024,vw_nz,KYG2108Y1052,CHINA RESOURCES LAND,HK,0.006255063090515949,0.9837716412141607,1.6292527085970918
2024,vw_nz,JP3726200003,NIPPON SODA,JP,0.006105427274660776,44.7585349194988,42.26353994214711
2024,vw_nz,JP3635000007,TOYOTA TSUSHO,JP,0.005984418917743801,6.463649216554283,19.125514159705375
2024,vw_nz,JP3967200001,RAKUTEN GROUP,JP,0.0059740297782593455,0.21410339354236677,0.32751271014303907
2024,vw_nz,JP3788600009,HITACHI,JP,0.005908861980340098,5.936434822717056,5.346166985387321
2024,vw_nz,AU000000NAB4,NATIONAL AUS.BANK,AU,0.005846929730569038,0.21661545709016042,0.11169126353777381
2024,vw_nz,JP3274400005,GLORY,JP,0.0058097668750563165,7.964245574136108,15.02190435100063
2024,vw_nz,JP3837800006,HOYA,JP,0.0057128001980854375,2.1701303261903164,0.25464029858658427
2024,vw_nz,US89677Q1076,TRIP COM GROUP ADR 1:1,SG,0.0056736667855942545,0.5147063857183863,0.1356619805306385
2024,vw_nz,JP3771800004,HAMAMATSU PHOTONICS,JP,0.0054711985302904,3.8889900768353804,0.8844954770291998
2024,vw_nz,JP3814000000,FUJIFILM HOLDINGS,JP,0.005380091904897636,28.58579472850527,21.19248573930156
2024,vw_nz,JP3551500006,DENSO,JP,0.005356863926757559,11.348478714564271,10.958998866296595
2024,vw_nz,JP3621000003,TORAY INDS.,JP,0.00534066165710327,152.83053893141272,306.7042648170445
2024,vw_nz,JP3320800000,SAPPORO HOLDINGS,JP,0.005296626922128618,34.1502031653949,33.109456073440064
2024,vw_nz,JP3496400007,KDDI,JP,0.00529128817291098,0.7325894256003673,0.3718701279676889
2024,vw_nz,JP3783600004,EAST JAPAN RAILWAY,JP,0.005282059226830391,89.09006889761112,70.55898051476501
2024,vw_nz,JP3910660004,TOKIO MARINE HOLDINGS,JP,0.005046931059122047,0.296885543734972,0.26693110758757277
2024,vw_nz,HK0688002218,CHINA OVERSEAS LAND INVESTMENT,HK,0.00504521223226998,0.2851904465602999,0.4958964899617718
2024,vw_nz,JP3148800000,IBIDEN,JP,0.004978751924367119,63.42725885676062,23.248516659059792
2024,vw_nz,JP3894900004,ISETAN MITSUKOSHI HDG.,JP,0.004937401583167991,8.260483750017043,5.982070860829069
2024,vw_nz,HK0004000045,WHARF HOLDINGS,HK,0.0048191019986963835,6.999303824918776,1.8159742780696562
2024,vw_nz,JP3890310000,MS&AD INSURANCE GP.HDG.,JP,0.0048062582958554485,0.3687201644800836,0.7150422149658442
2024,vw_nz,JP3266400005,KUBOTA,JP,0.00469454626998211,11.927525995993824,13.602875524732324
2024,vw_nz,SG1L01001701,DBS GROUP HOLDINGS,SG,0.004546592306396697,0.049656529604459,0.02093218086112738
2024,vw_nz,AU000000ELD6,ELDERS,AU,0.0045050071475200406,26.422330540999642,61.688591761915035
2024,vw_nz,KYG210961051,CHINA MENGNIU DAIRY,HK,0.004452553329547641,19.9110982021821,31.296345376317404
2024,vw_nz,JP3409000001,SUMITOMO REAL.&DEV.,JP,0.004418624219389209,6.5899342891598796,2.891133364620327
2024,vw_nz,JP3571400005,TOKYO ELECTRON,JP,0.004412880931236339,1.690806008834703,0.23494292732846062
2024,vw_nz,HK0000139300,TELEVISION BROADCASTS,HK,0.0042783625237133764,0.8568328696970124,2.1442369986453857
2024,vw_nz,AU000000IGO4,IGO,AU,0.004267070556371617,185.05540805629303,30.853263754004843
2024,vw_nz,JP3119600009,AJINOMOTO,JP,0.004261518064127581,81.23740997746677,36.353675418554644
2024,vw_nz,JP3862400003,MAKITA,JP,0.004209297445731198,3.978904243055072,2.6308453783148984
2024,vw_nz,JP3336000009,SANTEN PHARM.,JP,0.004103293951457309,8.354311960738022,4.567617974211381
2024,vw_nz,JP3762800005,NOMURA RESEARCH INST.,JP,0.004070743156923698,0.20419348067390383,0.059570934387977156
2024,vw_nz,JP3436100006,SOFTBANK GROUP,JP,0.004042084194972906,0.16554971716837139,0.11679762986882644
2024,vw_nz,JP3200450009,ORIX,JP,0.003955263073076316,54.29913554841451,42.85810642828575
2024,vw_nz,SG1F60858221,SINGAPORE TECHS.ENGR.,SG,0.003918900206652658,5.980587014550768,5.091246450269836
2024,vw_nz,JP3528600004,CHIYODA CORPORATION,JP,0.0038929443016110293,25.481036023544068,150.7850394632324
2024,vw_nz,JP3866800000,PANASONIC HOLDINGS,JP,0.0037079330725362015,5.541671466671923,13.808756587017236
2024,vw_nz,JP3293200006,COCA-COLA BOTTLERS JAPAN HOLDINGS,JP,0.003681344472626882,31.816266833091387,66.24266075261939
2024,vw_nz,AU000000MGR9,MIRVAC GROUP STAPLED UNITS,AU,0.0036326196585096614,6.903606040059091,1.9277806674789826
2024,vw_nz,SG1M31001969,UNITED OVERSEAS BANK,SG,0.003621932817804559,0.2528238691113975,0.14189259120354966
2024,vw_nz,HK2388011192,BOC HONG KONG HOLDINGS,HK,0.0036182731355243435,0.026533192562001966,0.02058109548752515
2024,vw_nz,JP3134800006,IHI,JP,0.0035624519478687543,7.573267076417063,22.58623563897031
2024,vw_nz,JP3152740001,ABC-MART,JP,0.0035038533095512778,0.05418542429852083,0.027855662005790323
2024,vw_nz,JP3494600004,SCREEN HOLDINGS,JP,0.003464345996883549,3.131878387909446,0.9164819191864573
2024,vw_nz,JP3165700000,NTT DATA GROUP DEAD - DELIST.26/09/25,JP,0.0034516305070220812,1.3749714134926783,1.9580933235396452
2024,vw_nz,JP3404600003,SUMITOMO,JP,0.0033454816051318712,98.59899963152705,163.48791542802616
2024,vw_nz,JP3899600005,MITSUBISHI ESTATE,JP,0.0033119338360710782,9.867406133480547,5.117302923827356
2024,vw_nz,JP3463000004,TAKEDA PHARMACEUTICAL,JP,0.0032352570586592034,9.922485825248877,6.10940164651659
2024,vw_nz,JP3626800001,LIXIL,JP,0.003046211766981641,42.147290400285215,112.22603644045418
2024,vw_nz,AU000000WOW2,WOOLWORTHS GROUP,AU,0.0030438825728456988,10.80108844362592,15.956120814217831
2024,vw_nz,JP3834800009,HEIWA REAL ESTATE,JP,0.0029598259525843956,8.682786998936614,2.8472088862834677
2024,vw_nz,JP3436120004,SBI HDG.,JP,0.002953642234087346,0.15311730842625115,0.17832850298692848
2024,vw_nz,HK0014000126,HYSAN DEVELOPMENT,HK,0.0029503063815492945,2.560417072695381,0.5901775586527555
2024,vw_nz,JP3802300008,FAST RETAILING,JP,0.0028766211750588418,0.45398341685643534,0.10514133948626213
2024,vw_nz,JP3249600002,KYOCERA,JP,0.0028610332893727877,8.611914046141104,5.439282536852183
2024,vw_nz,NZFBUE0001S0,FLETCHER BUILDING,NZ,0.0028107030219027395,146.79896272477615,348.227144120657
2024,vw_nz,JP3658850007,NISHI-NIPPON FINL.HDG.,JP,0.0027927222058058325,0.4035218584107099,0.28323950779790097
2024,vw_nz,JP3351100007,SYSMEX,JP,0.0027538483210268667,4.710780091651314,1.2302377870738892
2024,vw_nz,HK0006000050,POWER ASSETS HOLDINGS,HK,0.002736771825988806,37866.39227673032,495.8273000414504
2024,vw_nz,JP3197800000,OMRON,JP,0.002732413717023311,0.6531247119469425,0.40212423448579454
2024,vw_nz,HK0066009694,MTR,HK,0.0027296498813269747,8.310321918271633,2.975233249265822
2024,vw_nz,AU000000TLS2,TELSTRA GROUP,AU,0.002708266315057309,2.229433564432526,1.0792467172247997
2024,vw_nz,AU000000PPT9,PERPETUAL,AU,0.0026524164802642297,0.003604023531870981,0.0015897155998791815
2024,vw_nz,JP3197600004,ONO PHARM.,JP,0.002641254065264665,1.9945165678835202,0.7573608123429465
2024,vw_nz,AU000000SEK6,SEEK,AU,0.0026330032818434306,0.1116423748257994,0.014392940510833582
2024,vw_nz,AU0000224040,WOODSIDE ENERGY GROUP,AU,0.00258672874016382,718.2232936722069,245.77946222796396
2024,vw_nz,AU000000CGF5,CHALLENGER,AU,0.0025834602738571185,0.0015499186025506315,0.0009921585264051017
2024,vw_nz,JP3305800009,KOMORI,JP,0.0025821954978660234,6.69764154069318,9.709235301652363
2024,vw_nz,JP3358000002,SHIMANO,JP,0.002510553196036986,3.094415299289347,0.7731487772534944
2024,vw_nz,JP3766550002,HAKUHODO DY HDG.,JP,0.002456726363609179,0.05347976167489089,0.11414105696283913
2024,vw_nz,JP3820000002,FUJI ELECTRIC,JP,0.0023557078747508805,18.46616944133581,16.743172450936147
2024,vw_nz,JP3711600001,NIPPON SANSO HOLDINGS,JP,0.0023335877793901846,126.75128926470289,93.39260509965835
2024,vw_nz,JP3634600005,TOYOTA INDS.,JP,0.002264867015745639,12.71875802326177,11.177779628283046
2024,vw_nz,NZAIAE0002S6,AUCKLAND INTL.AIRPORT,NZ,0.002178947251675199,4.361863401576867,0.2701541830029412
2024,vw_nz,AU000000WOR2,WORLEY,AU,0.0021662524013968177,3.0627430971652467,4.727931354927304
2024,vw_nz,JP3893600001,MITSUI,JP,0.0021183509374265693,29.467697062374555,43.9231483153299
2024,vw_nz,JP3414750004,SEIKO EPSON,JP,0.002091620819956754,14.089260677503695,22.50905659771583
2024,vw_nz,JP3944130008,USS,JP,0.0020374163989398775,6.601359239815366,0.8781944864444541
2024,vw_nz,JP3143000002,ITO EN,JP,0.002026017073061909,13.524943294201163,15.85791309863622
2024,vw_nz,BMG684371393,PACIFIC BASIN SHIP.,HK,0.0020148971981286553,1372.306967153772,2131.208427592261
2024,vw_nz,AU000000JBH7,JB HI-FI,AU,0.0019172107252708264,0.04608588546969503,0.07094877315314913
2024,vw_nz,JP3352000008,77 BANK,JP,0.0018473652710552784,1.2459203771482,0.6200452229819926
2024,vw_nz,AU000000ORG5,ORIGIN ENERGY (EX BORAL),AU,0.0018377196513361155,1519.3516027710039,1636.5264890845672
2024,vw_nz,AU000000QBE9,QBE INSURANCE GROUP,AU,0.0018322338338757095,0.3791129608325802,0.49158261551652027
2024,vw_nz,JP3830800003,BRIDGESTONE,JP,0.0017994168985459669,51.87920487299539,49.77350423263656
2024,vw_nz,AU000000BPT9,BEACH ENERGY,AU,0.0017813576661992526,468.1333282583798,216.59729115302105
2024,vw_nz,JP3789000001,KANADEVIA,JP,0.0017586095965092374,56.7120882052194,192.82731515598132
2024,vw_nz,AU000000GPT8,GPT GROUP STAPLED UNITS,AU,0.0017511157888829656,11.230976362118037,1.137342277894657
2024,vw_nz,JP3780100008,PARK24,JP,0.0017216046035426846,87.96827024189683,89.6508075662088
2024,vw_nz,JP3385820000,GS YUASA,JP,0.0016723251774528093,15.467042481016517,40.18592888011895
2024,vw_nz,JP3826800009,FURUKAWA,JP,0.0016407192297896104,25.51178711977303,65.49945555619233
2024,vw_nz,JP3914400001,MURATA MANUFACTURING,JP,0.0015884202724671087,18.100520264646313,4.651222699111688
2024,vw_nz,AU000000ERA9,ENERGY RES.OF AUS.,AU,0.001580477323179909,5109.006866220886,125.15555946439173
2024,vw_nz,JP3519400000,CHUGAI PHARM.,JP,0.0015740059399786867,6.823104124814123,0.8708454009749015
2024,vw_nz,JP3188220002,OTSUKA HOLDINGS,JP,0.0015682399815404823,27.084566579578272,17.230570380370402
2024,vw_nz,HK0293001514,CATHAY PACIFIC AIRWAYS,HK,0.0015448757924275503,1165.599873401755,2127.7105630525825
2024,vw_nz,HK0011000095,HANG SENG BANK DEAD - DELIST.28/01/26,HK,0.0015430930595424983,0.01285537728133312,0.005900130607781794
2024,vw_nz,AU0000088338,AMPOL,AU,0.0015402146550206257,29.50093508181021,127.23189249060624
2024,vw_nz,JP3491000000,DAIDO STEEL,JP,0.0015274463203454101,84.55093901203247,137.20368962211128
2024,vw_nz,JP3841800000,HOKUETSU,JP,0.0015004766062560436,308.15450275264016,371.7793035180912
2024,vw_nz,HK0023000190,BANK OF EAST ASIA,HK,0.0014319332824947696,0.3980875548893682,0.7467186123092621
2024,vw_nz,JP3305530002,COMSYS HOLDINGS,JP,0.0014051958455557486,16.359284107660198,22.70845488179376
2024,vw_nz,JP3223800008,KAWASAKI KISEN KAISHA,JP,0.0013445155834395696,1045.355472992995,583.5966543164894
2024,vw_nz,JP3818000006,FUJITSU,JP,0.0013292698245234151,2.5510504049692866,2.050913281297818
2024,vw_nz,JP3357200009,SHIMADZU,JP,0.0013073258628785117,0.765278073879082,0.31972823100364695
2024,vw_nz,IE00BKVD2N49,SEAGATE TECHNOLOGY HOLDINGS,SG,0.0012865907627979758,42.36037706691393,14.94920474947045
2024,vw_nz,BMG677491539,ORIENT OVERSEAS (INTL.),HK,0.0012758647096575773,828.5499538018892,726.1246709111697
2024,vw_nz,AU000000SUN6,SUNCORP GROUP,AU,0.001275585827728426,0.18323874974940674,0.14415144291272355
2024,vw_nz,JP3388200002,AEON,JP,0.001256292620137153,3.163423347206912,9.64443695920979
2024,vw_nz,JP3160400002,EISAI,JP,0.0012187886197064844,9.612048039269606,3.5721769281160602
2024,vw_nz,JP3421100003,JAPAN PETROLEUM EXP.,JP,0.0011747508755972813,94.2638083447362,98.4274290483383
2024,vw_nz,AU000000SHL7,SONIC HEALTHCARE,AU,0.0011534066995492198,5.941038532943857,3.2848898905474644
2024,vw_nz,AU000000TCL6,TRANSURBAN GROUP STAPLED UNITS,AU,0.0011436374531702564,2.191622602010431,0.22490479882095363
2024,vw_nz,JP3783420007,HIKARI TSUSHIN,JP,0.0010985687773167687,0.26347084343663524,0.14025406094051676
2024,vw_nz,JP3495000006,SUMITOMO PHARMA,JP,0.0010694949111613652,12.1616526165531,29.01060070671378
2024,vw_nz,JP3753000003,NIPPON YUSEN KK,JP,0.0010299417884141106,719.2608047464832,664.0672218498912
2024,vw_nz,JP3869010003,MATSUKIYOKARA,JP,0.0009857177386262904,0.2596517898751699,0.22489845146451728
2024,vw_nz,JP3203500008,ONWARD HOLDINGS,JP,0.0009780797155248618,0.9408657550229708,2.037383498395153
2024,vw_nz,AU000000ANZ3,ANZ GROUP HOLDINGS,AU,0.0009755014694258483,0.16711811652104513,0.11147848575618169
2024,vw_nz,SG9999003735,XP POWER (DI),SG,0.0009733042174509244,1.483611795855017,1.3478020458943876
2024,vw_nz,JP3156400008,USHIO,JP,0.0009669183065434838,2.8781288686752333,2.0215758759387135
2024,vw_nz,JP3613000003,TOYO SUISAN KAISHA,JP,0.0009634602994719597,52.809914349908375,27.994488270812308
2024,vw_nz,JP3347200002,SHIONOGI,JP,0.0008707699256717823,14.429540382730167,2.8630066274839225
2024,vw_nz,JP3420600003,SEKISUI HOUSE,JP,0.0008539753147732094,2.403581069051743,3.393691376273872
2024,vw_nz,JP3456000003,TAKASHIMAYA,JP,0.0008516953272339931,6.095125221695873,7.44159499301305
2024,vw_nz,AU000000BSL0,BLUESCOPE STEEL,AU,0.0008504080748547345,745.9982241731684,1251.7782614714433
2024,vw_nz,NZTELE0001S4,SPARK NEW ZEALAND,NZ,0.0008487629189199009,2.3177075837178807,0.798812215840087
2024,vw_nz,AU000000ALL7,ARISTOCRAT LEISURE,AU,0.0008463328641908784,1.2662857332213486,0.27741968201095907
2024,vw_nz,JP3935600001,YAMAZAKI BAKING,JP,0.0008376354550309366,46.66695759941134,70.31146076810519
2024,vw_nz,JP3579800008,TOKYO STEEL MNFG.,JP,0.0008305459623640554,153.32949599899075,204.66289823056763
2024,vw_nz,JP3756100008,NITORI HOLDINGS,JP,0.0008264565365419799,4.07712930157943,1.7841455333138698
2024,vw_nz,SG1U68934629,KEPPEL,SG,0.0007927772508085287,0.2549558365615534,0.1338210095950574
2024,vw_nz,JP3126400005,ALPS ALPINE,JP,0.0007903898126565425,2.0860442308169564,8.844677409926149
2024,vw_nz,JP3502200003,DAIWA SECURITIES GROUP,JP,0.0007672286981057078,0.11367038607790644,0.08687754956523697
2024,vw_nz,JP3684400009,NITTO BOSEKI,JP,0.0007652201779396079,239.12330564057717,107.8956494932758
2024,vw_nz,JP3940400009,YAMATO KOGYO,JP,0.0007413526761917091,207.63043432924732,61.7355178056783
2024,vw_nz,SG1N31909426,COMFORTDELGRO CORPORATION,SG,0.0007090409853492185,289.1112593375753,367.08133466870487
2024,vw_nz,BMG668971101,CTF SERVICES,HK,0.0007086552858846445,8.91324242355486,8.194365576943134
2024,vw_nz,JP3358800005,SHIMIZU,JP,0.0006909913754378004,15.989321998681428,44.878417919483404
2024,vw_nz,AU000000CWY3,CLEANAWAY WASTE MANAGEMENT,AU,0.0006825505066304869,449.3828964869597,273.8134537088928
2024,vw_nz,JP3499800005,MITSUBISHI HC CAPITAL,JP,0.0006811673688881435,0.23936990903478964,0.29906961493336226
2024,vw_nz,JP3362700001,MITSUI OSK LINES,JP,0.0006799325012618591,1016.3074559441026,847.5181024112962
2024,vw_nz,AU000000MQG1,MACQUARIE GROUP,AU,0.0006583441422810436,0.02048108822291449,0.008162583674291256
2024,vw_nz,JP3368000000,RESONAC HOLDINGS,JP,0.0006456937953568159,379.62818525303254,895.8116732404766
2024,vw_nz,JP3351600006,SHISEIDO,JP,0.0006358875958655136,2.7161453623094105,1.6048784704090122
2024,vw_nz,JP3118000003,ASICS,JP,0.0005814048076203826,0.8478318558654656,0.55448371990243
2024,vw_nz,JP3404200002,SUMITOMO RUBBER INDS.,JP,0.0005812011627914427,47.47565518922763,125.26040541842623
2024,vw_nz,JP3814800003,SUBARU,JP,0.0005324877400578826,5.132377246189555,10.378211553396232
2024,vw_nz,JP3625000009,TOKUYAMA,JP,0.0005253475058577069,2665.9946930799542,5692.715207339246
2024,vw_nz,JP3459600007,TAKARA HDG.,JP,0.0005187028728933362,27.990642932791722,37.20004654951705
2024,vw_nz,JP3407200009,OSAKA TITANIUM,JP,0.000510989251772013,151.80073113437027,79.71300108026043
2024,vw_nz,AU000000APA1,APA GROUP,AU,0.0005097691256179763,1006.0181770277554,270.2415161563926
2024,vw_nz,JP3891600003,MITSUI E&S,JP,0.00048621118903051245,23.37506756855469,94.95361120452613
2024,vw_nz,NZCENE0001S6,CONTACT ENERGY,NZ,0.00047520734864479576,641.8833001041249,242.1337101881122
2024,vw_nz,JP3381000003,NIPPON STEEL,JP,0.0004648548474060833,1096.6442121826688,2813.650379548339
2024,vw_nz,JP3597800006,TOBU RAILWAY,JP,0.00046033421688732403,30.22179719795739,23.330932641645322
2024,vw_nz,JP3304200003,KOMATSU,JP,0.00045686075933315767,4.21484007725958,3.9358098566527033
2024,vw_nz,NZAIRE0001S2,AIR NEW ZEALAND,NZ,0.00045233499643069624,795.659966679141,2482.4373444110147
2024,vw_nz,JP3939000000,YAMADA HOLDINGS,JP,0.0004355237635081377,4.463994674454354,16.695129543770804
2024,vw_nz,JP3209000003,CASIO COMPUTER,JP,0.00042461969881300675,1.998240465254245,1.727522632785484
2024,vw_nz,AU000000CPU5,COMPUTERSHARE,AU,0.00042019010382690115,1.1733788060602233,0.3463880536413627
2024,vw_nz,AU000000ABC7,ADBRI DEAD - DELIST.02/07/24,AU,0.0004178156291262625,1434.488447396825,1375.2523861967695
2024,vw_nz,JP3830000000,BROTHER INDUSTRIES,JP,0.00040877117091384703,3.4293421200167167,4.40545349957442
2024,vw_nz,KYG217651051,CK HUTCHISON HOLDINGS,HK,0.0004063899719279035,199.71393293434497,353.49548698836213
2024,vw_nz,AU000000IAG3,INSURANCE AUS.GROUP,AU,0.0004036509609523613,0.7488270424018107,0.7530961024763584
2024,vw_nz,SGXE34184239,SEATRIUM,SG,0.00039651726139698553,13.188074450179307,14.092129725263375
2024,vw_nz,JP3792600003,HINO MOTORS,JP,0.0003951527181790076,11.661363637458805,65.61039355391439
2024,vw_nz,HK0363006039,SHANGHAI INDUSTRIAL HOLDINGS,HK,0.00039184055562489745,93.24320116366641,290.29919360243036
2024,vw_nz,JP3544000007,TEIJIN,JP,0.00037838260180660024,98.0417406125765,373.11562686209754
2024,vw_nz,JP3419400001,SEKISUI CHEMICAL,JP,0.0003780964730825492,21.63367590200016,28.95986605666322
2024,vw_nz,JP3493800001,DAI NIPPON PRINTING,JP,0.00036790079002618775,32.577551649869086,37.6269302008307
2024,vw_nz,HK0392044647,BEIJING ENTERPRISES HOLDINGS,HK,0.0003628556017303475,67.00961954835415,156.03934755532353
2024,vw_nz,JP3613400005,TOYO SEIKAN GROUP HDG.,JP,0.0003394472200592008,58.15927467525118,133.7110972983131
2024,vw_nz,HK0308001558,CTII.INTL.INV.HK.,HK,0.0003201928861100146,48.51687579063127,30.062750679259928
2024,vw_nz,HK0823032773,LINK REAL ESTATE INVESTMENT TRUST,HK,0.0003176322660641204,5.27434845571533,0.6647129152834377
2024,vw_nz,JP3933800009,LY,JP,0.0003174196238171513,0.29593697025492044,0.14903848371584727
2024,vw_nz,JP3359600008,SHARP,JP,0.00030410899109081086,18.330314414826518,67.44531115545448
2024,vw_nz,JP3190000004,OBAYASHI,JP,0.000302035180575759,14.51616227733481,32.79175135880515
2024,vw_nz,JP3243600008,CANON MARKETING JAPAN,JP,0.00029885104976102585,1.3260960423416555,1.4048425962913804
2024,vw_nz,JP3726800000,JAPAN TOBACCO,JP,0.0002927104200658219,16.713454211072094,6.078365174104236
2024,vw_nz,JP3271400008,CREDIT SAISON,JP,0.0002810158156231187,0.23494961372164208,0.18869585632116445
2024,vw_nz,JP3811000003,FUJIKURA,JP,0.0002724466373973378,3.770834849255457,8.37345118775156
2024,vw_nz,JP3276400003,GUNMA BANK,JP,0.00026893518268122105,1.0247656645664656,0.6556754833353101
2024,vw_nz,HK0003000038,HONG KONG AND CHINA GAS,HK,0.00026863542358306725,223.46650912369284,122.9321275715317
2024,vw_nz,JP3173400007,OBIC,JP,0.0002554038651885687,0.29591300700553685,0.014372315492103467
2024,vw_nz,JP3411000007,SURUGA BANK,JP,0.0002483768999643733,0.31385123829438866,0.12851679234473468
2024,vw_nz,JP3588600001,TBS HOLDINGS,JP,0.00024501662898408625,7.096467800504453,3.978733173417325
2024,vw_nz,JP3371200001,SHIN-ETSU CHEMICAL,JP,0.00024361824741229258,134.6385950600727,27.957932414878258
2024,vw_nz,JP3415400005,SEINO HDG.,JP,0.00024072846545667576,85.30682883733024,135.6060689050775
2024,vw_nz,JP3229400001,KANSAI PAINT,JP,0.0002383156287564848,18.337312122856584,17.16111988339609
2024,vw_nz,JP3890350006,SUMITOMO MITSUI FINL.GP.,JP,0.000236525881918763,0.2511931809310805,0.205733927636997
2024,vw_nz,JP3386030005,JFE HOLDINGS,JP,0.00022824250010441375,1344.8260922817963,4723.204285560547
2024,vw_nz,JP3854600008,HONDA MOTOR,JP,0.000226093907612018,8.184643664059664,17.85570653361996
2024,vw_nz,JP3678000005,NISSHINBO HOLDINGS,JP,0.0002214308725920028,24.464600572247008,63.831308077197995
2024,vw_nz,HK0002007356,CLP HOLDINGS,HK,0.0002126285497961371,3413.9907142682205,1831.9038658442714
2024,vw_nz,JP3164800009,NOK,JP,0.00021116404258843843,7.239667586640722,15.78961218958061
2024,vw_nz,JP3326410002,SANKYO,JP,0.00020906526223736028,0.6937900227800574,0.24704536387007792
2024,vw_nz,JP3421800008,SECOM,JP,0.00020902949306611323,6.9888984135808085,3.1900182605074914
2024,vw_nz,SG1T75931496,SINGAPORE TELECOM,SG,0.00020626978008679366,0.7848293558075881,0.280344502249419
2024,vw_nz,JP3205800000,KAO,JP,0.00020560249302745327,48.66294448351347,27.594712129000616
2024,vw_nz,HK0836012952,CHINA RESOURCES POWER,HK,0.00020500516589221454,11078.606685204179,15216.282739165596
2024,vw_nz,KYG0535Q1331,ASMPT,HK,0.00020307670041846968,0.5852779192199415,0.24343392318110596
2024,vw_nz,AU000000ORI1,ORICA,AU,0.00019818047019527782,178.20277003946137,188.32852820132993
2024,vw_nz,JP3635400009,TOYOTA BOSHOKU,JP,0.00019737300174004472,4.9836525678653745,20.630514587492755
2024,vw_nz,HK0101000591,HANG LUNG PROPERTIES,HK,0.0001949171955027626,3.2501116941926593,0.8170724742523178
2024,vw_nz,JP3102000001,AISIN,JP,0.00019474858893918912,15.824131570877123,50.2145290735423
2024,vw_nz,AU000000LLC3,LENDLEASE GROUP STAPLED UNITS,AU,0.00018429210800222697,4.811224625081916,9.635786509352657
2024,vw_nz,JP3486800000,DAITO TST.CONSTRUCTION,JP,0.00018408759290161145,2.9019805602557587,4.210462970392362
2024,vw_nz,JP3769000005,HACHIJUNI NAGANO BANK,JP,0.0001837945859960779,2.659302522560195,1.262553074325793
2024,vw_nz,HK0008011667,PCCW,HK,0.0001764713311475217,1.1785216133510878,1.366564130198861
2024,vw_nz,JP3137200006,ISUZU MOTORS,JP,0.00016925132399083946,7.976402545268409,17.225349959516613
2024,vw_nz,JP3180400008,OSAKA GAS,JP,0.0001635444106754616,300.86114042848374,509.13757723745
2024,vw_nz,JP3283650004,KOSE HOLDINGS,JP,0.0001618190190266032,2.7194959315405063,1.4238829035334126
2024,vw_nz,JP3263000006,KINDEN,JP,0.0001593371385205073,3.5648675782630366,4.170442505496069
2024,vw_nz,JP3294460005,INPEX,JP,0.00015685780623412546,453.0609907499933,385.4658285184102
2024,vw_nz,JP3885400006,MISUMI GROUP,JP,0.0001540122916691399,2.5182914235923417,1.2776238098485742
2024,vw_nz,AU000000WBC1,WESTPAC BANKING,AU,0.00014535754280649508,0.20387240361396555,0.11406687575891268
2024,vw_nz,AU000000CSL8,CSL,AU,0.00014202297738000384,8.101288183683304,1.1968877106429692
2024,vw_nz,JP3398000004,SUZUKEN,JP,0.000136799742281979,1.6564520561521678,10.380729954466014
2024,vw_nz,JP3600200004,TOHO GAS,JP,0.0001364397060449935,11.530740892780516,24.131172153024913
2024,vw_nz,JP3258000003,KIRIN HOLDINGS,JP,0.00013363876520725278,24.549935107350567,27.03587223361667
2024,vw_nz,HK0291001490,CHINA RESOURCES BEER HOLDINGS,HK,0.0001306103198513094,30.35461828249571,14.149556576620697
2024,vw_nz,AU000000DOW2,DOWNER EDI,AU,0.00012995054324559723,39.5983068442794,158.6258545614054
2024,vw_nz,JP3485800001,DAICEL,JP,0.0001257888061940034,443.89865360666306,590.3357714680643
2024,vw_nz,AU000000CQR9,CHARTER HALL RETAIL REIT,AU,0.00012067303676445379,1.0107164617755637,0.09976650392697942
2024,vw_nz,SG1M77906915,CAPITALAND ASCENDAS REIT,SG,0.00011923671664303114,3.198597441122047,0.3783652576801546
2024,vw_nz,JP3672400003,NISSAN MOTOR,JP,0.00011231308062520346,5.583505849967185,29.58731459897021
2024,vw_nz,JP3260800002,KINTETSU GROUP HDG.,JP,0.00011227374454809287,11.31438151365944,21.62668582516054
2024,vw_nz,JP3743000006,NH FOODS,JP,0.00011104587771236525,50.136674907736854,120.05405224305642
2024,vw_nz,JP3210200006,KAJIMA,JP,0.00010793216793893021,15.260122585522005,28.63839743332326
2024,vw_nz,JP3574200006,TOKYU,JP,0.00010609483645666769,21.161930099142896,19.262627061554113
2024,vw_nz,JP3546800008,TERUMO,JP,0.00010523520207778576,10.740930393752596,2.5285313989316944
2024,vw_nz,JP3774200004,HANKYU HANSHIN HDG.,JP,0.00010327188694165197,16.2215209301865,13.904639423849789
2024,vw_nz,JP3629000005,TOPPAN HOLDINGS,JP,9.172216025644639e-05,23.203844327678606,29.047545797157838
2024,vw_nz,JP3663900003,SOJITZ,JP,8.95221692512318e-05,36.54850440553854,105.93868501725413
2024,vw_nz,AU000000ASX7,ASX,AU,8.935550016851866e-05,0.05006309422316066,0.004098681791606141
2024,vw_nz,JP3870400003,MARUI GROUP,JP,8.933887190711696e-05,5.319117557414025,2.3284306692911128
2024,vw_nz,JP3942600002,YAMAHA,JP,8.664054742829647e-05,6.5176917855249235,4.8971116835290545
2024,vw_nz,JP3443600006,TAISEI,JP,8.57818257291892e-05,19.188946603411214,32.08911943334736
2024,vw_nz,JP3992400006,WACOAL HDG.,JP,8.342338744117325e-05,1.2572543095618254,1.1211845620417211
2024,vw_nz,KYG9431R1039,WANT WANT CHINA HOLDINGS,SG,7.748589932840552e-05,57.688850686189376,28.616654373891368
2024,vw_nz,JP3505000004,DAIWA HOUSE INDUSTRY,JP,7.672815744912942e-05,19.357459599963747,34.72259210617758
2024,vw_nz,MU0117U00026,GOLDEN AGRI-RESOURCES,SG,7.491989574885379e-05,720.6235909534727,2721.822956203814
2024,vw_nz,JP3551200003,ELEC.POWER DEV.,JP,6.775039913097035e-05,4697.1581611139,13776.088137171231
2024,vw_nz,JP3240400006,KIKKOMAN,JP,6.597035300151067e-05,22.879086888542663,8.386120844085308
2024,vw_nz,AU000000IFL2,INSIGNIA FINANCIAL,AU,6.22960475657562e-05,0.0,0.0
2024,vw_nz,JP3902400005,MITSUBISHI ELECTRIC,JP,6.132095398889078e-05,6.6454874413919125,7.463426816475292
2024,vw_nz,JP3429800000,ANA HOLDINGS,JP,5.835027296779251e-05,787.2618224154925,987.7527620943458
2024,vw_nz,SG1S83002349,UOL GROUP,SG,5.7848555572828356e-05,1.0652655354561218,0.5453222218805416
2024,vw_nz,JP3122800000,AMADA,JP,5.7644828873807385e-05,2.5531248546137237,1.726713667386344
2024,vw_nz,JP3787000003,HITACHI CON.MCH.,JP,5.732500789002507e-05,9.751447609847853,15.579817655566726
2024,vw_nz,AU000000MND5,MONADELPHOUS GROUP,AU,5.3868647302794454e-05,7.691180472691495,10.437025589745922
2024,vw_nz,AU000000SXL4,SOUTHERN CROSS MEDIA GROUP,AU,5.251360231818898e-05,1.1455406598699525,2.348971193415638
2024,vw_nz,JP3256000005,KYOWA KIRIN,JP,5.0800849633987475e-05,5.40900282302137,1.9147211471473822
2024,vw_nz,JP3955000009,YOKOGAWA ELECTRIC,JP,4.967660427854206e-05,3.334427532350858,2.2696751970744216
2024,vw_nz,JP3131400008,AEON FINANCIAL SERVICE,JP,4.958207175115989e-05,0.792702902232168,1.3164897052365083
2024,vw_nz,JP3596200000,TOTO,JP,4.5552304568484325e-05,29.916716952212184,30.134193333290593
2024,vw_nz,JP3931600005,YAKULT HONSHA,JP,4.3386745207135625e-05,67.88962209609997,31.073466149220863
2024,vw_nz,JP3903000002,MITSUBISHI MATERIALS,JP,3.899594520427111e-05,97.43190957832644,398.299154959901
2024,vw_nz,SG1R89002252,CITY DEVELOPMENTS,SG,3.79534285872814e-05,0.7840927522497838,0.7030930246155644
2024,vw_nz,JP3027670003,NIPPON BUILDING FUND,JP,3.666776667772592e-05,6.1221219585763125,0.5680426797271296
2024,vw_nz,JP3573000001,TOKYO GAS,JP,3.4984086926331255e-05,239.67759851146627,463.35344997616335
2024,vw_nz,JP3224200000,KAWASAKI HEAVY INDUSTRY,JP,3.4051833744671294e-05,11.39741270307726,35.77491629501211
2024,vw_nz,AU000000RHC8,RAMSAY HEALTH CARE,AU,3.219897105288544e-05,8.67298188378781,11.798153025678562
2024,vw_nz,JP3126340003,ALFRESA HOLDINGS,JP,2.8169509663567146e-05,1.7251713531794453,9.97175517922733
2024,vw_nz,AU000000GWA4,GWA GROUP,AU,2.630811376404425e-05,1.1540874865543205,0.8014940471558634
2024,vw_nz,JP3598600009,TOHO,JP,2.58914819978355e-05,3.073232882783071,0.9113219572773685
2024,vw_nz,JP3389900006,JAFCO GROUP,JP,2.487881800859293e-05,0.09436078303980942,0.01838069123451954
2024,vw_nz,SG1T58930911,FRASER AND NEAVE,SG,2.0802290640640686e-05,32.091765309300534,44.038404156354765
2024,vw_nz,JP3116000005,ASAHI GROUP HOLDINGS,JP,1.8974510617908495e-05,24.77409111574891,24.62837675990738
2024,vw_nz,JP3196000008,ODAKYU ELECTRIC RY.,JP,1.65287695400056e-05,27.853991320518897,13.37096572712411
2024,vw_nz,SG1S04926220,OVERSEA-CHINESE BKG.,SG,1.547074222724279e-05,0.007174201181232225,0.003019118568333975
2024,vw_nz,JP3351500008,SHIZUOKA FINANCIAL GROUP,JP,1.3112289179821837e-05,0.5008686315353468,0.19783765375426351
2024,vw_nz,JP3305990008,YOKOHAMA FINANCIAL GROUP,JP,1.30892902238385e-05,0.33444043667143664,0.13973767913941604
2024,vw_nz,JP3322930003,SUMCO,JP,1.203005076171004e-05,30.284686496058292,16.350310092087952
2024,vw_nz,JP3582600007,TOKYO TATEMONO,JP,1.0908971868119838e-05,5.445761274674133,4.336683417085427
2024,vw_nz,SGXE21576413,GENTING SINGAPORE,SG,9.147126663549726e-06,1.3548675839046174,0.2655308331356362
2024,vw_nz,JP3870000001,MABUCHI MOTOR,JP,8.76346714457195e-06,2.43073766954582,1.288044362552166
2024,vw_nz,HK0440001847,DAH SING FINANCIAL HDG.,HK,8.138852750130882e-06,0.053762116076888786,0.1496282672734924
2024,vw_nz,JP3352400000,CITIZEN WATCH,JP,7.595325002591284e-06,8.22489770878191,10.970865117228358
2024,vw_nz,AU000000IRE2,IRESS,AU,7.163080157424276e-06,0.11521923523845479,0.04644819543819425
2024,vw_nz,JP3619800000,TOYOBO,JP,7.123093746753739e-06,239.25021840924032,1002.326500821118
2024,vw_nz,JP3336600006,SUNDRUG,JP,6.451285724149868e-06,5.013421909957606,6.93977138528042
2024,vw_nz,NZSKCE0001S2,SKY CITY ENTM.GP.,NZ,5.023964405796506e-06,9.719212115289173,5.1085259606184215
2024,vw_nz,JP3738600000,NITERRA,JP,4.9447821290030726e-06,11.87709875139525,8.775714672263621
2024,vw_nz,JP3549600009,DENKA,JP,4.756041162423148e-06,527.5490963218028,903.841538950468
2024,vw_nz,SG9999000020,FLEX,SG,4.617599000607798e-06,2.847068763468298,7.914276358997557
2024,vw_nz,JP3269600007,KURARAY,JP,2.704371804861298e-06,363.964375159365,519.9391370149473
2024,vw_nz,JP3493400000,DIC,JP,2.613506989152763e-06,40.3750885349742,160.23838388416175
2024,vw_nz,AU000000MTS0,METCASH,AU,2.193680526579622e-06,1.4898817103757154,6.614592701080022
2024,vw_nz,JP3711200000,AOZORA BANK,JP,1.993941840330233e-06,0.06428983753619687,0.05538518941734781
2024,vw_nz,HK2380027329,CHIN.PWR.INTDVT.,HK,1.2792802244781493e-06,7974.041232946708,10872.569664706922
2024,vw_nz,JP3634200004,TOYODA GOSEI,JP,1.1005389850920733e-06,12.657204234537994,35.08388947795172
