year,portfolio,ISIN,name,country,weight,ci,cf_per_weight
2013,vw_nz,HK0011000095,HANG SENG BANK DEAD - DELIST.28/01/26,HK,0.09667911464572233,0.003793298747196484,0.0006676549107725307
2013,vw_nz,JP3633400001,TOYOTA MOTOR,JP,0.05484943493058756,11.516275142521295,16.294735007992305
2013,vw_nz,AU000000BHP4,BHP GROUP,AU,0.038226237677853096,329.4660755146728,173.69586186189173
2013,vw_nz,AU000000CBA7,COMMONWEALTH BK.OF AUS.,AU,0.032867744169393,0.22976128852495517,0.10066709056033145
2013,vw_nz,AU000000WBC1,WESTPAC BANKING,AU,0.02828651802377057,0.2424948657744411,0.11672880416523579
2013,vw_nz,JP3902900004,MITSUBISHI UFJ FINL.GP.,JP,0.025778652027012672,0.37365369338331517,0.2356761279616212
2013,vw_nz,AU000000ANZ3,ANZ GROUP HOLDINGS,AU,0.02248130553453708,0.42653063075284786,0.21020265328751286
2013,vw_nz,JP3242800005,CANON,JP,0.021897493627793658,3.4083648386453236,2.678441648399843
2013,vw_nz,AU000000NAB4,NATIONAL AUS.BANK,AU,0.02119339443176989,0.42255082061363747,0.3056608692069693
2013,vw_nz,JP3854600008,HONDA MOTOR,JP,0.020461847299713967,13.690452442557799,20.508351116934257
2013,vw_nz,JP3726800000,JAPAN TOBACCO,JP,0.020037813635769407,22.18137304447431,6.349151739253161
2013,vw_nz,JP3890350006,SUMITOMO MITSUI FINL.GP.,JP,0.01981100998315272,0.13857339299016877,0.11247513568421956
2013,vw_nz,AU000000WES1,WESFARMERS,AU,0.01564018975197642,40.87489855908115,63.39949334462042
2013,vw_nz,JP3463000004,TAKEDA PHARMACEUTICAL,JP,0.014583985483777089,10.141722160875958,4.309650943783937
2013,vw_nz,AU000000TLS2,TELSTRA GROUP,AU,0.014008922096004066,2.009111768485008,0.89149161861608
2013,vw_nz,JP3672400003,NISSAN MOTOR,JP,0.01312076815167452,8.176861977202416,18.31151658959873
2013,vw_nz,JP3304200003,KOMATSU,JP,0.012571954171763757,6.083805335337114,4.71964858727845
2013,vw_nz,AU000000WOW2,WOOLWORTHS GROUP,AU,0.01163398545577833,8.779929535268318,12.633744937067148
2013,vw_nz,JP3898400001,MITSUBISHI,JP,0.011034758416939816,51.20743267166512,95.00547785344008
2013,vw_nz,JP3496400007,KDDI,JP,0.010916323911509884,0.07503500381654968,0.08909902054568389
2013,vw_nz,JP3942400007,ASTELLAS PHARMA,JP,0.009082134548773955,7.615397369506793,3.326401225463054
2013,vw_nz,AU000000CSL8,CSL,AU,0.008997183445508079,11.579611370152607,1.953427836778747
2013,vw_nz,JP3830800003,BRIDGESTONE,JP,0.008582302704446754,62.029725339017894,96.42192263229956
2013,vw_nz,JP3551500006,DENSO,JP,0.008466287051562578,15.040850157403815,17.060009631422982
2013,vw_nz,AU0000224040,WOODSIDE ENERGY GROUP,AU,0.008424769829926732,1442.9465773539716,300.6496835387096
2013,vw_nz,JP3783600004,EAST JAPAN RAILWAY,JP,0.007834632268779186,7.337568764375083,7.845276209760271
2013,vw_nz,JP3910660004,TOKIO MARINE HOLDINGS,JP,0.0077268882203327454,0.5103550696134227,0.8094524969563086
2013,vw_nz,JP3566800003,CENTRAL JAPAN RAILWAY,JP,0.007599702263250291,4.671222159296967,4.490025688559471
2013,vw_nz,JP3762600009,NOMURA HDG.,JP,0.007554731720787805,0.17626858494552625,0.1717200012870719
2013,vw_nz,JP3200450009,ORIX,JP,0.007508180213729279,33.4321429456323,24.35581927855827
2013,vw_nz,BMG2442N1048,COSCO SHIPPING PORTS,HK,0.0069423885833128345,49.98286581485289,8.2397222041638
2013,vw_nz,JP3592200004,TOSHIBA DEAD - DELIST.20/12/23,JP,0.00691662445466439,12.013458913170686,41.55096300304468
2013,vw_nz,SG1U68934629,KEPPEL,SG,0.006859660548397954,51.959358429316765,34.830470895991
2013,vw_nz,AU000000BLD2,BORAL DEAD - DELIST.08/07/24,AU,0.0064975405302993075,502.6346054910013,688.1335534537824
2013,vw_nz,AU000000SUN6,SUNCORP GROUP,AU,0.006373679873558422,0.41453603601930317,0.45309060229256687
2013,vw_nz,SGXE21576413,GENTING SINGAPORE,SG,0.006347513110812606,1.634446700255682,0.2586791652770816
2013,vw_nz,JP3452000007,TAIYO YUDEN,JP,0.006298059004175238,17.794976311052253,34.14192477458784
2013,vw_nz,JP3258000003,KIRIN HOLDINGS,JP,0.006228205021082139,22.73516162284791,43.946948437923496
2013,vw_nz,JP3893600001,MITSUI,JP,0.00619348593587856,25.87867836527121,50.26151464032432
2013,vw_nz,JP3420600003,SEKISUI HOUSE,JP,0.006158065577794219,4.082690483597339,9.763162047742227
2013,vw_nz,JP3866800000,PANASONIC HOLDINGS,JP,0.006010152359336334,8.275773164249243,41.717673648001444
2013,vw_nz,JP3890310000,MS&AD INSURANCE GP.HDG.,JP,0.005973656078183313,0.626589574404727,1.749434979269899
2013,vw_nz,JP3634600005,TOYOTA INDS.,JP,0.005872304440149271,11.48580846321351,18.11045898099484
2013,vw_nz,JP3818000006,FUJITSU,JP,0.005664962161355901,4.719031783874553,26.771882146605204
2013,vw_nz,AU000000TCL6,TRANSURBAN GROUP STAPLED UNITS,AU,0.005633698568210531,0.14034712522305168,0.015493091346001834
2013,vw_nz,JP3820000002,FUJI ELECTRIC,JP,0.005555135906204449,26.125586243159226,113.6738430866913
2013,vw_nz,AU000000QBE9,QBE INSURANCE GROUP,AU,0.005544555087352105,0.6487553522918545,0.7245952936604467
2013,vw_nz,JP3505000004,DAIWA HOUSE INDUSTRY,JP,0.0055329013096410825,9.574366107673903,18.549948328681076
2013,vw_nz,JP3165700000,NTT DATA GROUP DEAD - DELIST.26/09/25,JP,0.005462877772055156,0.42931259473203576,0.6840621735736835
2013,vw_nz,JP3573000001,TOKYO GAS,JP,0.005450976390748231,131.11698355683038,226.02421901896508
2013,vw_nz,JP3371200001,SHIN-ETSU CHEMICAL,JP,0.005436755353172991,123.99632080143472,53.606763952058095
2013,vw_nz,JP3678000005,NISSHINBO HOLDINGS,JP,0.005175130045364241,61.48087860819123,210.41177298763273
2013,vw_nz,JP3266400005,KUBOTA,JP,0.005131986315153963,24.498023336716354,19.933114842729772
2013,vw_nz,JP3402600005,SUMITOMO METAL MINING,JP,0.005092545183515656,153.01935328326965,143.81190049987416
2013,vw_nz,JP3877600001,MARUBENI,JP,0.005057964311050634,0.0028830313095057417,0.011859420987809637
2013,vw_nz,AU000000MAH3,MACMAHON HOLDINGS,AU,0.005020634795796574,77.60307754360407,219.67838931382332
2013,vw_nz,SGXE34184239,SEATRIUM,SG,0.004890788126798573,19.641435690286958,8.77112945399641
2013,vw_nz,JP3209000003,CASIO COMPUTER,JP,0.004860391195947997,0.857362967407831,1.1718546426939032
2013,vw_nz,JP3388200002,AEON,JP,0.004858564762987888,4.247676629539556,28.496480202527145
2013,vw_nz,JP3435000009,SONY GROUP,JP,0.004765639697896941,4.183422626930422,20.344412565648707
2013,vw_nz,JP3914400001,MURATA MANUFACTURING,JP,0.004765483125124266,17.492585333970244,8.987256775928271
2013,vw_nz,JP3571400005,TOKYO ELECTRON,JP,0.004693420371734195,1.5558012851685632,1.179544606196342
2013,vw_nz,JP3900000005,MITSUBISHI HEAVY INDS.,JP,0.00459337132643496,5.074177870105436,8.51195681475978
2013,vw_nz,JP3942800008,YAMAHA MOTOR,JP,0.004429332220861134,14.620592207556378,44.59656295977489
2013,vw_nz,JP3788600009,HITACHI,JP,0.004185931228689692,9.086316711541375,32.0679867165324
2013,vw_nz,JP3134800006,IHI,JP,0.0041785992235210045,5.598366055881602,20.336335404557406
2013,vw_nz,SG1R50925390,SEMBCORP INDUSTRIES,SG,0.003975801880797155,778.847665671851,810.1183785480654
2013,vw_nz,HK0002007356,CLP HOLDINGS,HK,0.00395281068959929,2829.3242424076534,1780.619485177722
2013,vw_nz,AU000000AMP6,AMP,AU,0.003945225987531926,0.008974394620985211,0.009040960117213592
2013,vw_nz,HK0388045442,HONG KONG EXCHANGES AND CLEARING,HK,0.0038337604040190815,0.14082489395642683,0.005291591797485308
2013,vw_nz,AU000000SBM8,ST BARBARA,AU,0.0037800983779332493,196.55234593529545,121.43992608796076
2013,vw_nz,JP3613400005,TOYO SEIKAN GROUP HDG.,JP,0.003774102768759251,22.88151961924129,64.47801623837415
2013,vw_nz,JP3502200003,DAIWA SECURITIES GROUP,JP,0.0037661056546230633,0.23520436845731868,0.11579757915289995
2013,vw_nz,BMG524401079,KERRY PROPERTIES,HK,0.0035519798416401172,0.6379610267494771,0.28326936306182937
2013,vw_nz,JP3868400007,MAZDA MOTOR,JP,0.00350370998773489,6.482868234561631,18.081357699714903
2013,vw_nz,JP3551520004,DENTSU GROUP,JP,0.0034506083516593457,0.05786019863496524,0.15746238434536663
2013,vw_nz,SG1J26887955,SINGAPORE EXCHANGE,SG,0.00343044272975383,0.08957828853455699,0.006906723584010266
2013,vw_nz,JP3539220008,T & D HOLDINGS,JP,0.003428468898620495,0.10857180229818672,0.3127162864038229
2013,vw_nz,JP3300600008,KONICA MINOLTA,JP,0.0032447788496244943,20.247493609450068,40.24799084745445
2013,vw_nz,AU000000MGR9,MIRVAC GROUP STAPLED UNITS,AU,0.0031900782523643745,4.559598063622719,1.2474137261409615
2013,vw_nz,AU000000GWA4,GWA GROUP,AU,0.0031762408632837963,16.755987495084025,12.846064415571142
2013,vw_nz,JP3180400008,OSAKA GAS,JP,0.0031188981052793943,239.8980688028916,473.39251426918116
2013,vw_nz,JP3951600000,UNI CHARM,JP,0.003055956555470108,6.080078629938535,2.890460355130046
2013,vw_nz,JP3122400009,ADVANTEST,JP,0.003010595103829926,1.9120353199854236,1.112688099139311
2013,vw_nz,AU000000IGO4,IGO,AU,0.0030035789608412362,157.515268270689,33.54516013582521
2013,vw_nz,JP3814000000,FUJIFILM HOLDINGS,JP,0.003003032691967088,31.485407180680507,72.86969180145434
2013,vw_nz,JP3743000006,NH FOODS,JP,0.0029895422723376407,25.476697314189956,85.94585103335254
2013,vw_nz,AU000000CIM7,CIMIC GROUP DEAD - DELIST.11/05/22,AU,0.002974812564646771,160.9360674876165,431.176273886649
2013,vw_nz,JP3684000007,NITTO DENKO,JP,0.00294622570383544,58.31596714893823,40.55192817893168
2013,vw_nz,JP3973400009,RICOH,JP,0.002930408305239398,8.674088765950007,22.210481243786948
2013,vw_nz,HK0066009694,MTR,HK,0.0029241523440983823,11.277347649447377,2.1839733223591704
2013,vw_nz,JP3456000003,TAKASHIMAYA,JP,0.002915920142618076,1.6754284009525962,6.504619556120911
2013,vw_nz,JP3519400000,CHUGAI PHARM.,JP,0.0028893548902491468,12.816324675490689,4.837261413680066
2013,vw_nz,NZAIAE0002S6,AUCKLAND INTL.AIRPORT,NZ,0.0028392552327410094,6.711821628593924,0.7591451091350041
2013,vw_nz,JP3811000003,FUJIKURA,JP,0.0028111638748748165,5.350767328287233,25.508718284736634
2013,vw_nz,AU000000OZL8,OZ MINERALS DEAD - DELIST.03/05/23,AU,0.0027619887559288854,199.9358126431534,91.72477064220183
2013,vw_nz,JP3449020001,TAIHEIYO CEMENT,JP,0.0027338388787407726,1546.4462979648497,3771.1476210834912
2013,vw_nz,JP3359600008,SHARP,JP,0.002596078990883169,10.51202569789636,65.38689301223845
2013,vw_nz,JP3475350009,DAIICHI SANKYO,JP,0.0024837504058826286,12.212849820260306,11.100384784483198
2013,vw_nz,AU000000CWY3,CLEANAWAY WASTE MANAGEMENT,AU,0.0024562061098625586,264.02782527839076,483.8501321687162
2013,vw_nz,JP3528600004,CHIYODA CORPORATION,JP,0.002432832512006195,0.04308300966346653,0.05077698068926655
2013,vw_nz,JP3621000003,TORAY INDS.,JP,0.002388545172525513,187.79411518876543,343.84550513322284
2013,vw_nz,JP3158800007,UBE,JP,0.0023599501673087202,1494.3371215756056,4875.227630113612
2013,vw_nz,AU000000WOR2,WORLEY,AU,0.0023458014590343693,4.440073837785844,6.124549745858287
2013,vw_nz,JP3595200001,TOSOH,JP,0.0023275839604250423,987.9906031762662,4733.0926124719435
2013,vw_nz,AU000000MND5,MONADELPHOUS GROUP,AU,0.0022904152457515446,3.827732452961815,3.6266790912177904
2013,vw_nz,AU000000IAG3,INSURANCE AUS.GROUP,AU,0.002289226969712538,1.00136758696601,0.8474188207021862
2013,vw_nz,AU000000ORI1,ORICA,AU,0.0022880388813027535,273.73435320030035,194.84821324188457
2013,vw_nz,SG1R89002252,CITY DEVELOPMENTS,SG,0.0022719985651970843,1.0729419350592835,0.33822883243453666
2013,vw_nz,AU000000QAN2,QANTAS AIRWAYS,AU,0.002263520558789044,750.4054751008388,3441.3254253627565
2013,vw_nz,JP3289800009,KOBE STEEL,JP,0.0022225274043151085,883.3805515638251,4092.384129319641
2013,vw_nz,AU000000STO6,SANTOS,AU,0.0021964290762161477,1071.9687806220209,309.9173776569972
2013,vw_nz,JP3902400005,MITSUBISHI ELECTRIC,JP,0.002093293634952238,8.315770357470692,18.542128060458854
2013,vw_nz,NZTELE0001S4,SPARK NEW ZEALAND,NZ,0.002054228469346988,1.2343760470026675,1.1610816377983166
2013,vw_nz,AU000000SIG5,SIGMA HEALTHCARE,AU,0.002037654079777192,1.4966958315387144,5.621563236449332
2013,vw_nz,JP3626800001,LIXIL,JP,0.0020193036610113386,31.539923890262486,66.87669031886301
2013,vw_nz,JP3596200000,TOTO,JP,0.001944649418640805,31.460584339791723,52.68529318205916
2013,vw_nz,JP3164800009,NOK,JP,0.001904180817455551,7.947415022007363,17.378297842543823
2013,vw_nz,JP3421100003,JAPAN PETROLEUM EXP.,JP,0.0018625189656891156,89.30636887922094,107.1924742537711
2013,vw_nz,AU000000SGP0,STOCKLAND STAPLED UNITS,AU,0.0018394093238260061,9.613342494846648,2.330050050403671
2013,vw_nz,JP3294460005,INPEX,JP,0.0017595544512575205,37.09274367432907,23.35972036203061
2013,vw_nz,AU000000LLC3,LENDLEASE GROUP STAPLED UNITS,AU,0.0017571436945384357,13.25695404095906,26.467050474787996
2013,vw_nz,JP3293200006,COCA-COLA BOTTLERS JAPAN HOLDINGS,JP,0.0017447824394750569,23.702894279156034,57.270096649111636
2013,vw_nz,JP3116000005,ASAHI GROUP HOLDINGS,JP,0.0017028824768949176,15.365847035573285,25.534270499536095
2013,vw_nz,JP3551200003,ELEC.POWER DEV.,JP,0.0016573810442026065,7599.154637949945,14430.503346841644
2013,vw_nz,JP3126400005,ALPS ALPINE,JP,0.0016526974729538697,1.5597738551373352,8.935235788209113
2013,vw_nz,AU000000NCM7,NEWCREST MINING DEAD - DELIST.08/11/23,AU,0.0016158544576326953,382.4201615014239,81.96365784694898
2013,vw_nz,JP3827200001,FURUKAWA ELECTRIC,JP,0.0015871241470260535,16.16439605257159,108.74490258269144
2013,vw_nz,JP3357200009,SHIMADZU,JP,0.0015508505911799788,1.1430550624263855,1.62427668542796
2013,vw_nz,HK0006000050,POWER ASSETS HOLDINGS,HK,0.0015196200170740832,6673.762504925252,486.0802564073353
2013,vw_nz,JP3888400003,MITSUI KINZOKU LIMITED,JP,0.0015189901823812182,152.96623509023232,477.96106941187895
2013,vw_nz,JP3320800000,SAPPORO HOLDINGS,JP,0.001509446764192308,22.462605455398833,85.6089698568091
2013,vw_nz,HK0010000088,HANG LUNG GROUP,HK,0.0014686730939783015,0.47552345658625195,0.05974176541658022
2013,vw_nz,NZFBUE0001S0,FLETCHER BUILDING,NZ,0.001440549472233578,114.87576690066092,156.04563800861692
2013,vw_nz,AU000000CSR5,CSR DEAD - DEAD.10/07/24,AU,0.0014096496376238634,204.6701726784194,343.6551026903563
2013,vw_nz,JP3224200000,KAWASAKI HEAVY INDUSTRY,JP,0.0014037641047272562,9.99338200481163,27.298980859074693
2013,vw_nz,JP3210200006,KAJIMA,JP,0.0013572407704254981,10.017662588238911,51.390451072412056
2013,vw_nz,HK0200030994,MELCO INTL.DEV.,HK,0.0012963805361727815,6.082937136819863,0.04301424718530306
2013,vw_nz,AU000000ASX7,ASX,AU,0.0012443062114645157,0.4849738922388011,0.045815656126011385
2013,vw_nz,AU000000DXS1,DEXUS STAPLED UNITS,AU,0.0012206983863571298,14.052385205493577,1.7371792348313153
2013,vw_nz,JP3814800003,SUBARU,JP,0.0012027394301735524,9.318698956141269,17.255395540725964
2013,vw_nz,JP3197600004,ONO PHARM.,JP,0.0011719333273866384,13.825063885174243,3.5088229920073215
2013,vw_nz,JP3269600007,KURARAY,JP,0.0011527578967354284,273.30647594370595,219.49113891060725
2013,vw_nz,SG1F60858221,SINGAPORE TECHS.ENGR.,SG,0.0011517113757901296,7.6680701667096836,3.964931251344121
2013,vw_nz,JP3659000008,WEST JAPAN RAILWAY,JP,0.0010889124377439648,7.131916273870434,12.815435936276526
2013,vw_nz,JP3491000000,DAIDO STEEL,JP,0.001059696262796102,81.95641168905462,212.03661135955196
2013,vw_nz,AU000000APA1,APA GROUP,AU,0.0010533686413285565,332.9115568810405,64.68765967678912
2013,vw_nz,JP3414750004,SEIKO EPSON,JP,0.0010513987420083571,20.108682311016203,85.74264241326959
2013,vw_nz,AU000000CQR9,CHARTER HALL RETAIL REIT,AU,0.0010375558082273157,0.479643371046469,0.06240593223449947
2013,vw_nz,JP3619800000,TOYOBO,JP,0.0010237526812865681,190.7803174618741,498.86812075278164
2013,vw_nz,BMG677491539,ORIENT OVERSEAS (INTL.),HK,0.0010232047925605324,818.4432444385052,1203.3033955992669
2013,vw_nz,JP3870400003,MARUI GROUP,JP,0.0009762109472382371,3.02691775570711,4.173377841063828
2013,vw_nz,JP3657400002,NIKON,JP,0.0009048042288041824,2.5057608502902604,2.3776803027165423
2013,vw_nz,JP3870000001,MABUCHI MOTOR,JP,0.0008705542146969079,29.171088750544502,14.956196289633587
2013,vw_nz,AU000000SHL7,SONIC HEALTHCARE,AU,0.0008324008718124404,2.387801432911426,1.4607407198445639
2013,vw_nz,JP3493400000,DIC,JP,0.0008279872293595641,41.93205328904519,188.1453479488645
2013,vw_nz,JP3223800008,KAWASAKI KISEN KAISHA,JP,0.0007663032621710252,1097.9158314851934,7291.601286932908
2013,vw_nz,JP3638600001,DOWA HDG.,JP,0.0006989985902709776,198.09157204721703,394.6567560588735
2013,vw_nz,AU000000ERA9,ENERGY RES.OF AUS.,AU,0.0006958257275556099,258.8769809055373,157.20183929631725
2013,vw_nz,SG1V61937297,SINGAPORE AIRLINES,SG,0.000691778852350288,1164.5597140301559,1323.5577419916451
2013,vw_nz,JP3738600000,NITERRA,JP,0.0006262749004008805,24.188200889056272,26.822272257767274
2013,vw_nz,AU000000ORG5,ORIGIN ENERGY (EX BORAL),AU,0.0005894283778014009,950.9628751415604,960.6717319372199
2013,vw_nz,JP3830000000,BROTHER INDUSTRIES,JP,0.0005783834769122446,1.9596452228319061,3.630551471845191
2013,vw_nz,JP3667600005,JGC HOLDINGS,JP,0.0005782181849830983,18.147926068588394,16.463667772345165
2013,vw_nz,HK0019000162,SWIRE PACIFIC 'A',HK,0.00057526878612001,2844.092886297964,1378.1423635960036
2013,vw_nz,AU0000088338,AMPOL,AU,0.0005440751900150324,76.45460548876285,339.18442870215347
2013,vw_nz,JP3720800006,NSK,JP,0.0004969631359403505,16.29493248990595,32.66564255462982
2013,vw_nz,SG9999000020,FLEX,SG,0.0004861072760194572,1.7428997691965447,10.402864298087735
2013,vw_nz,JP3197800000,OMRON,JP,0.0004794018134090983,5.442293018674887,6.619733916686327
2013,vw_nz,JP3982800009,ROHM,JP,0.0004410480583698635,48.32332680195319,41.10710351828254
2013,vw_nz,JP3362700001,MITSUI OSK LINES,JP,0.00043677469784141954,1191.3931552390347,4941.733043187318
2013,vw_nz,AU0000038911,OVATO DEAD - DELIST.29/08/22,AU,0.0004192504945079576,23.357871555998624,436.7575122292103
2013,vw_nz,JP3845400005,HOKURIKU ELEC.POWER,JP,0.0003736407936681232,3438.1849799213337,7788.31920333737
2013,vw_nz,JP3903000002,MITSUBISHI MATERIALS,JP,0.0003587909212255635,751.882731767003,2607.6841526621643
2013,vw_nz,JP3368000000,RESONAC HOLDINGS,JP,0.00035100019751457107,385.4314666800193,1400.4748605893003
2013,vw_nz,JP3443600006,TAISEI,JP,0.0003375230841055393,7.9528598106774915,35.39414573037513
2013,vw_nz,AU000000BEN6,BENDIGO & ADELAIDE BANK,AU,0.0003315485101190924,1.0163613287941105,0.9637172170254136
2013,vw_nz,JP3351600006,SHISEIDO,JP,0.00031020312716515416,4.134719403938894,5.956156127729395
2013,vw_nz,JP3769000005,HACHIJUNI NAGANO BANK,JP,0.0003070661945047983,1.657130397515808,1.1093687687059817
2013,vw_nz,JP3148800000,IBIDEN,JP,0.0002984719819590904,57.15276242538739,90.53960610296642
2013,vw_nz,JP3733000008,NEC,JP,0.0002707594741256319,2.278184243792499,11.183966948948349
2013,vw_nz,JP3419400001,SEKISUI CHEMICAL,JP,0.00023987371018950365,14.33069548296226,31.446781286189783
2013,vw_nz,JP3665200006,NICHIREI,JP,0.00020538209367283885,8.067683302305314,26.5834580150668
2013,vw_nz,JP3940000007,YAMATO HDG.,JP,0.00019512592674820627,42.49777339592504,76.41563964680282
2013,vw_nz,JP3260800002,KINTETSU GROUP HDG.,JP,0.00018722052234016053,3.6024524974727834,5.228456696331669
2013,vw_nz,JP3582600007,TOKYO TATEMONO,JP,0.0001761281620708521,1.2744789875523659,1.3637454001663851
2013,vw_nz,JP3112000009,AGC,JP,0.0001644712913593752,410.1454895786856,682.0381941388717
2013,vw_nz,JP3194000000,OKI ELECTRIC IND.,JP,0.00014088880752315122,2.4764962360459575,13.987869141072485
2013,vw_nz,IE00BKVD2N49,SEAGATE TECHNOLOGY HOLDINGS,SG,0.0001342635277625706,19.47856967915748,26.328534800535632
2013,vw_nz,JP3358800005,SHIMIZU,JP,0.00013395554440968086,14.699149221948744,86.98950031228027
2013,vw_nz,AU000000MTS0,METCASH,AU,0.00013070635637344285,1.5194987462073994,5.726038409240566
2013,vw_nz,AU000000SGM7,SIMS,AU,0.00011257188696279629,13.56003718635604,54.76834671358379
2013,vw_nz,JP3190000004,OBAYASHI,JP,0.00010632018302892809,9.869974878421518,40.90311882838043
2013,vw_nz,JP3787000003,HITACHI CON.MCH.,JP,0.0001026287799407205,4.749318139046107,8.36459215705815
2013,vw_nz,AU000000BSL0,BLUESCOPE STEEL,AU,9.986355182350996e-05,1023.6302417423894,4053.255622984638
2013,vw_nz,BMG684371393,PACIFIC BASIN SHIP.,HK,9.726136659752282e-05,488.6910067270386,630.4654947334537
2013,vw_nz,JP3535800001,TSUMURA,JP,8.527874580626242e-05,30.41073583716113,14.737865772749494
2013,vw_nz,AU000000IVC8,INVOCARE DEAD - DELIST.27/11/23,AU,6.903379175060667e-05,14.241112997754286,5.001511445766577
2013,vw_nz,AU000000GPT8,GPT GROUP STAPLED UNITS,AU,6.875657944352096e-05,14.996852402219837,1.4319168104220013
2013,vw_nz,JP3405400007,SUMITOMO HEAVY INDS.,JP,4.740845440069651e-05,2.4106837843524347,6.299162370877139
2013,vw_nz,JP3686800008,NIPPON SHEET GLASS,JP,4.118698953255649e-05,627.6825583336786,3416.5340726062295
2013,vw_nz,NZCENE0001S6,CONTACT ENERGY,NZ,3.605369489912772e-05,1219.003706292474,837.8650708371894
2013,vw_nz,JP3629000005,TOPPAN HOLDINGS,JP,3.070511645124696e-05,18.1241193299167,68.20898677513549
2013,vw_nz,JP3688370000,NIPPON EXPRESS HOLDINGS,JP,2.175127513923865e-05,44.425474902427254,182.17731521950554
2013,vw_nz,JP3481800005,DAIKIN INDUSTRIES,JP,2.1639197131281863e-05,69.43645308923807,82.8067899308793
2013,vw_nz,JP3977400005,RINNAI,JP,1.4545189976143056e-05,10.926408609698822,7.656471481387113
2013,vw_nz,HK0293001514,CATHAY PACIFIC AIRWAYS,HK,1.2428753245236277e-05,1242.2434126275682,2094.881640992157
2013,vw_nz,JP3166000004,EBARA,JP,1.1440817980521047e-05,3.931258048271809,10.730076768130314
2013,vw_nz,JP3027680002,JAPAN REAL ESTATE INV.,JP,7.909479362723074e-06,12.176057972460013,1.0766913620451029
2013,vw_nz,JP3786200000,HITACHI METALS DEAD - DELIST.29/12/22,JP,7.512238996011497e-06,57.724679970036554,107.25921700771585
2013,vw_nz,JP3982100004,LAWSON DEAD - DELIST.24/07/24,JP,6.3852817938400974e-06,1.3658511158070636,0.9878000142050888
2013,vw_nz,JP3201200007,OLYMPUS,JP,5.610903168140489e-06,2.8671563098552943,3.8764053903197513
2013,vw_nz,JP3888300005,MITSUI CHEMICALS,JP,2.1049091378839098e-06,255.77932013312497,1562.8961796333012
2013,vw_nz,JP3493800001,DAI NIPPON PRINTING,JP,1.5754607712029287e-06,20.75498790709456,58.837707937604335
2014,vw_nz,HK0011000095,HANG SENG BANK DEAD - DELIST.28/01/26,HK,0.056355600435487506,0.004655856981327412,0.0006995947497971075
2014,vw_nz,JP3633400001,TOYOTA MOTOR,JP,0.05370899577781065,11.358912964361844,14.101496934334566
2014,vw_nz,AU000000BHP4,BHP GROUP,AU,0.029745903838255552,362.9017238151618,220.14781131373547
2014,vw_nz,AU000000WBC1,WESTPAC BANKING,AU,0.0282436583658329,0.3013277669165467,0.12098231514208531
2014,vw_nz,AU000000CBA7,COMMONWEALTH BK.OF AUS.,AU,0.02674952887523831,0.3055375255884054,0.09975212448837996
2014,vw_nz,JP3902900004,MITSUBISHI UFJ FINL.GP.,JP,0.026423145092072567,0.2840680665917468,0.1547432473987553
2014,vw_nz,JP3726800000,JAPAN TOBACCO,JP,0.024349345827527787,18.76865582898574,6.3466050588417495
2014,vw_nz,AU000000ANZ3,ANZ GROUP HOLDINGS,AU,0.02269960830259235,0.5838838444137706,0.24419210074397407
2014,vw_nz,AU000000NAB4,NATIONAL AUS.BANK,AU,0.021993987567320766,0.5548286538553964,0.34148772652593645
2014,vw_nz,JP3890350006,SUMITOMO MITSUI FINL.GP.,JP,0.021867334843799883,0.23877351621972207,0.16240594079265083
2014,vw_nz,JP3854600008,HONDA MOTOR,JP,0.021601465276523676,12.425374062581534,20.708358025480095
2014,vw_nz,JP3242800005,CANON,JP,0.019890150794324674,4.800210054982044,4.4838834536046805
2014,vw_nz,AU000000WES1,WESFARMERS,AU,0.017709140936810516,46.628619856049056,59.037464865290964
2014,vw_nz,JP3551500006,DENSO,JP,0.015284625716369798,16.087804825567222,14.055826227820345
2014,vw_nz,AU000000WOW2,WOOLWORTHS GROUP,AU,0.01517528570638924,9.369424364262178,13.278795787089201
2014,vw_nz,JP3200450009,ORIX,JP,0.013040787950210547,23.47564138273533,14.576093593730663
2014,vw_nz,JP3735400008,NTT,JP,0.012585010271573339,2.061799960925142,3.6555173387833775
2014,vw_nz,JP3496400007,KDDI,JP,0.012367157065476347,0.08590580197096383,0.07083796873089636
2014,vw_nz,JP3783600004,EAST JAPAN RAILWAY,JP,0.012303334362865992,44.59222248686103,39.98517524427078
2014,vw_nz,JP3672400003,NISSAN MOTOR,JP,0.012100931191142103,7.9588163026584455,20.036863086780652
2014,vw_nz,AU000000TLS2,TELSTRA GROUP,AU,0.011912692397496458,2.393916862092946,0.9305306949197633
2014,vw_nz,JP3634600005,TOYOTA INDS.,JP,0.011625699791382959,9.998001143387409,12.958343344908727
2014,vw_nz,JP3942400007,ASTELLAS PHARMA,JP,0.011265234389624833,7.29719212056314,2.88179374088457
2014,vw_nz,JP3814000000,FUJIFILM HOLDINGS,JP,0.011220809446316853,31.674496196046537,48.76947960628068
2014,vw_nz,AU000000CSL8,CSL,AU,0.010915451225450215,11.423355970484042,1.8527476585990534
2014,vw_nz,JP3463000004,TAKEDA PHARMACEUTICAL,JP,0.010311399317940938,10.521626176064498,4.637540624120238
2014,vw_nz,JP3900000005,MITSUBISHI HEAVY INDS.,JP,0.009775610745773449,4.927111178341123,6.928314398842715
2014,vw_nz,JP3397200001,SUZUKI MOTOR,JP,0.009750617714718933,6.437274163435095,12.38960347074092
2014,vw_nz,AU000000QBE9,QBE INSURANCE GROUP,AU,0.009218115121782175,0.6822935815484403,0.8901008232474144
2014,vw_nz,JP3304200003,KOMATSU,JP,0.008914097896631614,5.852384238708227,5.41502093694471
2014,vw_nz,JP3573000001,TOKYO GAS,JP,0.008338806090902066,140.66394790048506,225.23029797968425
2014,vw_nz,JP3814800003,SUBARU,JP,0.00828618886142007,8.412557960612403,8.78227839540729
2014,vw_nz,JP3830800003,BRIDGESTONE,JP,0.008037562787147895,55.47885158947478,65.39209501555027
2014,vw_nz,AU0000224040,WOODSIDE ENERGY GROUP,AU,0.008020031730862175,1800.2054235632997,360.3381499486568
2014,vw_nz,HK0016000132,SUN HUNG KAI PROPERTIES,HK,0.007843110879943566,0.5156587373039863,0.10965616236743445
2014,vw_nz,JP3258000003,KIRIN HOLDINGS,JP,0.007620350393938061,16.57205549940967,27.636164280145326
2014,vw_nz,JP3914400001,MURATA MANUFACTURING,JP,0.007031389703080861,15.032456944373882,5.912004029064612
2014,vw_nz,JP3388200002,AEON,JP,0.006975253853881633,4.209479387722288,24.30930487199597
2014,vw_nz,JP3420600003,SEKISUI HOUSE,JP,0.0069479450497267475,3.9907738038810403,7.464356721311475
2014,vw_nz,JP3769000005,HACHIJUNI NAGANO BANK,JP,0.006821849831203529,1.917675297482253,1.0460629866421518
2014,vw_nz,JP3866800000,PANASONIC HOLDINGS,JP,0.006796033216669048,8.18825270848607,22.106287028030774
2014,vw_nz,AU000000SUN6,SUNCORP GROUP,AU,0.006758630511189807,0.4876143558425835,0.4631807623290411
2014,vw_nz,JP3890310000,MS&AD INSURANCE GP.HDG.,JP,0.006627557871959049,0.50511900441191,1.5594385020408577
2014,vw_nz,NZFBUE0001S0,FLETCHER BUILDING,NZ,0.006616054571946239,124.05300620531203,169.27716012796026
2014,vw_nz,BMG524401079,KERRY PROPERTIES,HK,0.006249727203568201,2.020902669859204,0.7834096417990843
2014,vw_nz,JP3621000003,TORAY INDS.,JP,0.005975807661442659,181.26082772061258,290.85493995194685
2014,vw_nz,JP3571400005,TOKYO ELECTRON,JP,0.005932089694849182,2.1236044028369574,1.1768703965011562
2014,vw_nz,JP3898400001,MITSUBISHI,JP,0.005926746236566954,25.880740163107717,61.072987290145434
2014,vw_nz,JP3738600000,NITERRA,JP,0.0058198455032789686,20.75724404526741,13.837746243451557
2014,vw_nz,JP3788600009,HITACHI,JP,0.00570870604153208,8.991472855469267,22.093359082300424
2014,vw_nz,JP3371200001,SHIN-ETSU CHEMICAL,JP,0.005137962253827799,110.64048421659419,49.78322025484031
2014,vw_nz,JP3902400005,MITSUBISHI ELECTRIC,JP,0.005093845008830497,9.891343326227783,14.6745094648603
2014,vw_nz,IE00BKVD2N49,SEAGATE TECHNOLOGY HOLDINGS,SG,0.005049295593496646,22.74885452462772,18.918450663219833
2014,vw_nz,BMG2442N1048,COSCO SHIPPING PORTS,HK,0.005048061195569714,74.70517382492545,16.002394868752063
2014,vw_nz,JP3435000009,SONY GROUP,JP,0.005032261429219627,4.038203150643676,18.75984641595084
2014,vw_nz,JP3893600001,MITSUI,JP,0.004971225386016875,26.081482983118565,59.07898293507624
2014,vw_nz,JP3359600008,SHARP,JP,0.0049652895414635705,12.810274336815468,62.099620865472616
2014,vw_nz,HK0004000045,WHARF HOLDINGS,HK,0.004963299272428018,7.852992640086958,1.5592380904494432
2014,vw_nz,JP3940000007,YAMATO HDG.,JP,0.004825567466248681,34.55895656345736,46.50988411033887
2014,vw_nz,BMG8063F1068,SHANGRI-LA ASIA,HK,0.004808501243858363,73.02068597973776,29.170181327686816
2014,vw_nz,JP3982800009,ROHM,JP,0.0047081673299255115,22.988181792275245,13.12234989596219
2014,vw_nz,JP3405400007,SUMITOMO HEAVY INDS.,JP,0.0046559606546251455,2.7038307634676872,5.196308647578455
2014,vw_nz,AU000000BPT9,BEACH ENERGY,AU,0.004631655029475039,77.98223334469351,38.65708912661467
2014,vw_nz,JP3667600005,JGC HOLDINGS,JP,0.004589184186123185,18.034943694908506,12.207578641211583
2014,vw_nz,JP3868400007,MAZDA MOTOR,JP,0.004488769513015628,5.8379165503770505,10.56277481637967
2014,vw_nz,JP3209000003,CASIO COMPUTER,JP,0.004419484310878568,1.9455984505268362,1.9828593177850984
2014,vw_nz,JP3566800003,CENTRAL JAPAN RAILWAY,JP,0.004328308518476239,4.963652414283307,3.4860240936555233
2014,vw_nz,JP3743000006,NH FOODS,JP,0.004298166216494584,25.762267640966698,71.0297790439239
2014,vw_nz,JP3539220008,T & D HOLDINGS,JP,0.0042326327184305755,0.11090863524973671,0.2863693925323305
2014,vw_nz,JP3659000008,WEST JAPAN RAILWAY,JP,0.0041885310273955395,7.706842203870176,12.443971020480287
2014,vw_nz,JP3260800002,KINTETSU GROUP HDG.,JP,0.004128977286383447,3.2001016676661247,5.555454399237686
2014,vw_nz,JP3294460005,INPEX,JP,0.004088008505482895,46.48414083838704,34.72600640137549
2014,vw_nz,AU000000TAH8,TABCORP HOLDINGS,AU,0.003903135454937997,1.0186577281846865,0.7836079791847355
2014,vw_nz,JP3414750004,SEIKO EPSON,JP,0.0038857165633207082,11.174492014876122,17.896247149077336
2014,vw_nz,JP3505000004,DAIWA HOUSE INDUSTRY,JP,0.00387953404474855,9.479587791565766,18.535681186283597
2014,vw_nz,JP3362700001,MITSUI OSK LINES,JP,0.0038582868711841776,1146.9399781254342,3805.5266901401346
2014,vw_nz,JP3592200004,TOSHIBA DEAD - DELIST.20/12/23,JP,0.003792507279038601,12.989350464532478,43.853311796484654
2014,vw_nz,JP3818000006,FUJITSU,JP,0.003754834355850185,4.740156576588696,17.580113635901196
2014,vw_nz,JP3903000002,MITSUBISHI MATERIALS,JP,0.003638040161265805,798.7187058806187,2445.1134774223824
2014,vw_nz,HK0002007356,CLP HOLDINGS,HK,0.0035551865256081253,2840.791553196561,2005.7279541679757
2014,vw_nz,SG1F60858221,SINGAPORE TECHS.ENGR.,SG,0.0035497811326246492,5.6887264502523776,3.2455406438228036
2014,vw_nz,SGXE21576413,GENTING SINGAPORE,SG,0.0034964116881545096,1.3566874617452196,0.23558078438293772
2014,vw_nz,JP3762600009,NOMURA HDG.,JP,0.0034560706350943715,0.14912696674782847,0.11657341423314155
2014,vw_nz,AU000000TCL6,TRANSURBAN GROUP STAPLED UNITS,AU,0.00341414904536216,0.14310630973968097,0.01656558693875736
2014,vw_nz,AU000000STO6,SANTOS,AU,0.0033195182813645445,1240.4462276633296,341.1125013864241
2014,vw_nz,JP3166000004,EBARA,JP,0.003312352673816637,2.201743180285314,3.342030905674152
2014,vw_nz,JP3201200007,OLYMPUS,JP,0.003269041558949119,2.886427812547534,1.99290750234442
2014,vw_nz,SG1J26887955,SINGAPORE EXCHANGE,SG,0.00321156186228476,0.07994402199234256,0.008135173340424639
2014,vw_nz,JP3116000005,ASAHI GROUP HOLDINGS,JP,0.003190297150826136,21.416613712997847,27.113806182211935
2014,vw_nz,JP3638600001,DOWA HDG.,JP,0.0031675271809319047,192.8965653863915,305.25230838365
2014,vw_nz,JP3870400003,MARUI GROUP,JP,0.0030913393806851954,3.213046090362857,4.4093189285665995
2014,vw_nz,JP3429800000,ANA HOLDINGS,JP,0.0030686637560910397,613.9647844565877,1281.5763930383905
2014,vw_nz,JP3197600004,ONO PHARM.,JP,0.0030379181213169306,15.055121169442963,2.1308247863038043
2014,vw_nz,HK0006000050,POWER ASSETS HOLDINGS,HK,0.0030236051236859005,6805.780051772541,559.110664599122
2014,vw_nz,JP3134800006,IHI,JP,0.002997981810876588,6.112413317098525,11.227661858763728
2014,vw_nz,JP3877600001,MARUBENI,JP,0.0028721775682604817,0.002143231537918029,0.011257865097906447
2014,vw_nz,NZTELE0001S4,SPARK NEW ZEALAND,NZ,0.0028164387986175676,0.6808926366417417,0.604387705224417
2014,vw_nz,JP3973400009,RICOH,JP,0.002808647341760588,8.6463467936142,21.502553940943557
2014,vw_nz,AU000000ORG5,ORIGIN ENERGY (EX BORAL),AU,0.0027824766995875314,1166.1681910641719,1081.667567211291
2014,vw_nz,JP3421100003,JAPAN PETROLEUM EXP.,JP,0.002767078798952207,81.2925150533338,92.87471820853271
2014,vw_nz,HK0010000088,HANG LUNG GROUP,HK,0.0027516049381269172,1.923669706638955,0.3900271932758445
2014,vw_nz,JP3205800000,KAO,JP,0.002640975836235617,50.58066916146643,39.46239840084187
2014,vw_nz,AU000000BLD2,BORAL DEAD - DELIST.08/07/24,AU,0.002630613446068526,653.7965265032202,745.1108727402748
2014,vw_nz,JP3686800008,NIPPON SHEET GLASS,JP,0.002544375854261555,551.4106894753104,2716.699210459292
2014,vw_nz,JP3626800001,LIXIL,JP,0.0025394251408000197,24.30698965882118,44.323639234327096
2014,vw_nz,JP3502200003,DAIWA SECURITIES GROUP,JP,0.002487526209265594,0.1389427622487818,0.05750434888396412
2014,vw_nz,JP3300600008,KONICA MINOLTA,JP,0.002419490063001202,18.084761956012567,28.760324781228626
2014,vw_nz,JP3955000009,YOKOGAWA ELECTRIC,JP,0.002367327431196503,5.562564313617085,4.908520437125763
2014,vw_nz,JP3126400005,ALPS ALPINE,JP,0.0023525052293495007,1.4106209779269065,3.799196114553676
2014,vw_nz,JP3351600006,SHISEIDO,JP,0.0023452934823204193,3.726073925907266,3.9885887253391905
2014,vw_nz,AU000000MAH3,MACMAHON HOLDINGS,AU,0.0023147540298656794,75.80549993018937,548.534703480728
2014,vw_nz,JP3368000000,RESONAC HOLDINGS,JP,0.002285149812845294,370.6006249348553,1499.531396438613
2014,vw_nz,JP3942800008,YAMAHA MOTOR,JP,0.0022802086639407693,11.954070723433308,36.105583261058115
2014,vw_nz,JP3358800005,SHIMIZU,JP,0.002086110169471579,15.101444128400429,52.46826415970508
2014,vw_nz,JP3210200006,KAJIMA,JP,0.0019431454098893602,11.710299377526514,46.278214998421724
2014,vw_nz,JP3535800001,TSUMURA,JP,0.0019316566339807055,31.708848039998273,19.170086411482167
2014,vw_nz,JP3456000003,TAKASHIMAYA,JP,0.0019287584285287403,1.7698564919064788,5.0885462699270025
2014,vw_nz,JP3119600009,AJINOMOTO,JP,0.0018741886793233271,126.85651243070227,145.4886058494811
2014,vw_nz,JP3481800005,DAIKIN INDUSTRIES,JP,0.0018513372326638417,56.220241538264354,55.93031140910111
2014,vw_nz,JP3269600007,KURARAY,JP,0.0017800891497235754,483.41957834957736,405.9692766619558
2014,vw_nz,AU000000MTS0,METCASH,AU,0.0017268126052770543,1.716040161507853,8.554903939932112
2014,vw_nz,JP3475350009,DAIICHI SANKYO,JP,0.0016775655427127248,12.996514673604564,11.62013961533991
2014,vw_nz,JP3870000001,MABUCHI MOTOR,JP,0.0016371376634607155,25.083740124456597,12.147173771440979
2014,vw_nz,JP3419050004,SEGA SAMMY HDG.,JP,0.0016128984586277725,3.3782009470483096,2.217480892139683
2014,vw_nz,JP3827200001,FURUKAWA ELECTRIC,JP,0.001601705971103215,15.773405228798572,84.15163214364911
2014,vw_nz,JP3551520004,DENTSU GROUP,JP,0.0014699825501529684,0.22172941830980455,0.42708078403452954
2014,vw_nz,JP3443600006,TAISEI,JP,0.0014654398378027358,11.193546583901263,32.59973920208638
2014,vw_nz,JP3678000005,NISSHINBO HOLDINGS,JP,0.0014463247045297452,60.167902343725174,182.52801007912888
2014,vw_nz,JP3293200006,COCA-COLA BOTTLERS JAPAN HOLDINGS,JP,0.001415019101249017,23.209728867623603,45.287379467207295
2014,vw_nz,AU000000QAN2,QANTAS AIRWAYS,AU,0.0013929257350328663,870.6759109934894,5686.218475387583
2014,vw_nz,AU000000ERA9,ENERGY RES.OF AUS.,AU,0.0013784581560973934,349.0915781242813,202.9123963996079
2014,vw_nz,AU000000CIM7,CIMIC GROUP DEAD - DELIST.11/05/22,AU,0.0013729919145563534,7.7079665603653815,31.934837834402074
2014,vw_nz,JP3174410005,OJI HOLDINGS,JP,0.0012626265861517107,448.31775863599006,1143.1573751960323
2014,vw_nz,SGXE34184239,SEATRIUM,SG,0.0011993453468577369,14.186046511627907,9.440665735210574
2014,vw_nz,AU000000ORI1,ORICA,AU,0.0011751558939063849,263.2634599202772,209.2482495076127
2014,vw_nz,JP3256000005,KYOWA KIRIN,JP,0.0011071563011359092,19.666208070889315,10.920703362298935
2014,vw_nz,JP3180400008,OSAKA GAS,JP,0.0010881563013224276,279.35820610019783,475.6704600682789
2014,vw_nz,JP3894900004,ISETAN MITSUKOSHI HDG.,JP,0.0010597861405049896,3.409699375423609,8.782100518972783
2014,vw_nz,NZAIAE0002S6,AUCKLAND INTL.AIRPORT,NZ,0.001014779434434742,6.026549166155391,0.5535405075871679
2014,vw_nz,JP3197800000,OMRON,JP,0.000999706341252486,6.63784427387474,5.4211010908879365
2014,vw_nz,AU000000SBM8,ST BARBARA,AU,0.0009724315152309187,181.6192337859201,692.8222618401675
2014,vw_nz,SG1R50925390,SEMBCORP INDUSTRIES,SG,0.000941009110654006,673.0066252189042,781.7836187529316
2014,vw_nz,AU000000ASX7,ASX,AU,0.0009165438365462232,0.12803277639075605,0.016440878600552416
2014,vw_nz,JP3190000004,OBAYASHI,JP,0.0009015829870444281,9.420873950195757,34.08875258594231
2014,vw_nz,JP3619800000,TOYOBO,JP,0.0008191951804975387,204.2455983173691,457.66742471769135
2014,vw_nz,JP3888400003,MITSUI KINZOKU LIMITED,JP,0.0007920165059499173,151.43578711065382,413.1577604246414
2014,vw_nz,JP3266400005,KUBOTA,JP,0.0007603020201247718,23.059238687527735,17.334100656189047
2014,vw_nz,JP3910660004,TOKIO MARINE HOLDINGS,JP,0.0007369635390168957,0.3871292148206309,0.7056132644642953
2014,vw_nz,AU000000APA1,APA GROUP,AU,0.0007251283819521665,287.9800036619265,70.13812720856015
2014,vw_nz,AU000000OZL8,OZ MINERALS DEAD - DELIST.03/05/23,AU,0.0007122655098618785,407.8093744216992,246.5598260999286
2014,vw_nz,HK0242001243,SHUN TAK HOLDINGS,HK,0.0006982706635633625,850.0470109504029,225.38473496036062
2014,vw_nz,AU000000MND5,MONADELPHOUS GROUP,AU,0.0006589153862090114,4.003150219900864,7.2815918820358325
2014,vw_nz,AU000000DOW2,DOWNER EDI,AU,0.0006509597719736994,31.062235255783644,117.78682668185164
2014,vw_nz,JP3385980002,J S R DEAD - DELIST.25/06/24,JP,0.0006276115207366894,102.2495965357415,89.38279795801773
2014,vw_nz,JP3595200001,TOSOH,JP,0.0006231486810899465,928.5649109812194,2748.9443179877094
2014,vw_nz,JP3401400001,SUMITOMO CHEMICAL,JP,0.0006058766573368512,113.60456624951942,348.2472860828936
2014,vw_nz,JP3194000000,OKI ELECTRIC IND.,JP,0.0005841687848017506,2.6071781864080688,7.346646347016716
2014,vw_nz,JP3582600007,TOKYO TATEMONO,JP,0.0005627410880708776,1.6074640080847202,0.8877288576685743
2014,vw_nz,JP3419400001,SEKISUI CHEMICAL,JP,0.0005411480772051333,14.556639408674481,25.482620921831064
2014,vw_nz,SG1V61937297,SINGAPORE AIRLINES,SG,0.0005322834571701981,1174.6908398774221,1574.9320812497274
2014,vw_nz,AU000000IGO4,IGO,AU,0.0004935929408620686,159.75937774119387,56.13760864801695
2014,vw_nz,JP3720800006,NSK,JP,0.0004648035290089072,15.776062268056862,20.330021397543756
2014,vw_nz,JP3684000007,NITTO DENKO,JP,0.0004538177967650942,56.168417096501855,54.331485332720305
2014,vw_nz,JP3551200003,ELEC.POWER DEV.,JP,0.0004457793069157911,7962.301468720035,11241.18567595708
2014,vw_nz,AU000000DXS1,DEXUS STAPLED UNITS,AU,0.00041907053160596526,20.716665385545582,2.696391228065895
2014,vw_nz,JP3733000008,NEC,JP,0.00039558200881036613,2.0350834134901814,7.826879853480809
2014,vw_nz,JP3165600002,NTN,JP,0.00037326805138954627,17.201905966273905,47.892511631341854
2014,vw_nz,JP3224200000,KAWASAKI HEAVY INDUSTRY,JP,0.00036505405409785474,10.592167845839041,19.06157348653983
2014,vw_nz,AU000000IAG3,INSURANCE AUS.GROUP,AU,0.00036239313340731034,0.995656028984099,0.8243270300433577
2014,vw_nz,HK0388045442,HONG KONG EXCHANGES AND CLEARING,HK,0.0003581961000366045,0.03433024551847254,0.0019741008930064734
2014,vw_nz,JP3449020001,TAIHEIYO CEMENT,JP,0.0003350324235330356,1829.0692046624276,3243.5047443128715
2014,vw_nz,JP3787000003,HITACHI CON.MCH.,JP,0.00033294719523529564,5.477923708681192,10.06833819549738
2014,vw_nz,AU000000BSL0,BLUESCOPE STEEL,AU,0.0003183969793294036,1173.060720405915,2895.670898138128
2014,vw_nz,AU0000038911,OVATO DEAD - DELIST.29/08/22,AU,0.0003036348092672226,30.64825973051598,203.81542475134518
2014,vw_nz,JP3734800000,NIDEC,JP,0.0002991779408706751,2.1114607110975583,1.064610438773252
2014,vw_nz,JP3845400005,HOKURIKU ELEC.POWER,JP,0.0002925904452537994,3760.6550200074157,7143.87659454643
2014,vw_nz,JP3951600000,UNI CHARM,JP,0.00029107424113896383,6.397944553598052,2.7113673856934386
2014,vw_nz,JP3452000007,TAIYO YUDEN,JP,0.00027075776236282293,14.90999627965544,21.14551625205556
2014,vw_nz,JP3164800009,NOK,JP,0.00026963192843462166,7.8477522363801375,15.862583222370173
2014,vw_nz,HK0066009694,MTR,HK,0.0002481235866881159,11.939304523475919,2.9033622319987398
2014,vw_nz,JP3122400009,ADVANTEST,JP,0.00024743383174574734,3.6048017050808943,1.9481106705822435
2014,vw_nz,AU000000CWY3,CLEANAWAY WASTE MANAGEMENT,AU,0.0002412738619277161,436.05994241523865,355.88416826271487
2014,vw_nz,JP3027680002,JAPAN REAL ESTATE INV.,JP,0.0002368622880060094,11.571665809506236,0.9495674192867694
2014,vw_nz,JP3982100004,LAWSON DEAD - DELIST.24/07/24,JP,0.0002311618562886769,1.356427662025806,0.8796098321433791
2014,vw_nz,NZCENE0001S6,CONTACT ENERGY,NZ,0.00021780506760665368,818.9566270686345,534.091058579002
2014,vw_nz,AU000000WOR2,WORLEY,AU,0.00021133330132980878,4.823142028118368,11.240919020888402
2014,vw_nz,JP3112000009,AGC,JP,0.00020510208334744893,408.0736293692739,779.942002808964
2014,vw_nz,JP3613400005,TOYO SEIKAN GROUP HDG.,JP,0.00018518658199270178,73.86710814796793,142.64711929925568
2014,vw_nz,JP3888300005,MITSUI CHEMICALS,JP,0.00014516571544767853,252.53378361360666,1502.0833416560467
2014,vw_nz,JP3811000003,FUJIKURA,JP,0.00014453767887241315,5.002359300390695,16.76966981160296
2014,vw_nz,AU000000GWA4,GWA GROUP,AU,0.00012026557849243077,20.163612855410864,12.35729008528653
2014,vw_nz,JP3519400000,CHUGAI PHARM.,JP,9.720458452709704e-05,12.939981725660724,4.212848405621178
2014,vw_nz,BMG668971101,CTF SERVICES,HK,9.590654607564523e-05,164.49932897930486,72.12757836774244
2014,vw_nz,JP3762800005,NOMURA RESEARCH INST.,JP,9.362450949557725e-05,0.5287593534224875,0.2643306882642461
2014,vw_nz,AU000000AMP6,AMP,AU,9.331954573994131e-05,0.00841092554372201,0.013291628428119678
2014,vw_nz,JP3165700000,NTT DATA GROUP DEAD - DELIST.26/09/25,JP,9.200749176337392e-05,0.6659116021343819,0.8703259948817204
2014,vw_nz,AU000000BEN6,BENDIGO & ADELAIDE BANK,AU,7.829492300535332e-05,1.2525066009805452,0.9035752352382285
2014,vw_nz,SG1U68934629,KEPPEL,SG,7.574254849798975e-05,62.65449019933329,41.626597849556525
2014,vw_nz,JP3385820000,GS YUASA,JP,4.5169886387767866e-05,4.865397954838394,7.191501336710286
2014,vw_nz,AU000000SHL7,SONIC HEALTHCARE,AU,4.278047634792936e-05,2.5394181003421896,1.3944155009503494
2014,vw_nz,JP3820000002,FUJI ELECTRIC,JP,3.4703869226971084e-05,28.41916129708592,66.03555659062084
2014,vw_nz,HK0003000038,HONG KONG AND CHINA GAS,HK,3.093837427974789e-05,199.2912378927137,36.848867799477105
2014,vw_nz,JP3289800009,KOBE STEEL,JP,2.6598166958170723e-05,932.8426246882317,3161.549885453912
2014,vw_nz,JP3688370000,NIPPON EXPRESS HOLDINGS,JP,2.509069746070621e-05,45.727432524041774,152.63232723318788
2014,vw_nz,JP3546800008,TERUMO,JP,1.6557788083303444e-05,18.13067984446611,9.130276289609204
2014,vw_nz,AU000000MGR9,MIRVAC GROUP STAPLED UNITS,AU,8.090409720695399e-06,7.627857112855083,2.115354392582115
2014,vw_nz,SG1R89002252,CITY DEVELOPMENTS,SG,7.336264170972978e-06,2.9685578001950548,1.1852273952845238
2014,vw_nz,HK0293001514,CATHAY PACIFIC AIRWAYS,HK,5.971848463762887e-06,1286.9095693625366,2041.7494164607117
2014,vw_nz,JP3786200000,HITACHI METALS DEAD - DELIST.29/12/22,JP,5.55794328277056e-06,49.538809433506536,52.12711785248327
2014,vw_nz,AU000000SGP0,STOCKLAND STAPLED UNITS,AU,4.531505262638778e-06,13.471733834125422,2.9725777752074256
2014,vw_nz,JP3223800008,KAWASAKI KISEN KAISHA,JP,3.876328443548332e-06,1000.2595477326096,5570.562395706489
2014,vw_nz,JP3375800004,SHINKO ELEC.INDS. DEAD - DELIST.06/06/25,JP,2.2151643116726537e-06,23.21544089444066,30.997219594691437
2014,vw_nz,JP3596200000,TOTO,JP,1.61623871245466e-06,32.298685868976804,30.505904810616784
2015,vw_nz,HK0011000095,HANG SENG BANK DEAD - DELIST.28/01/26,HK,0.058121180166349214,0.004518900143318008,0.0006222740205799369
2015,vw_nz,AU000000WBC1,WESTPAC BANKING,AU,0.03204514484026951,0.3601263694403746,0.12737115578444988
2015,vw_nz,JP3633400001,TOYOTA MOTOR,JP,0.02981753992898795,11.952315201464645,12.182011978411145
2015,vw_nz,JP3242800005,CANON,JP,0.028282007879318075,5.347416598214508,4.025202569703491
2015,vw_nz,JP3942400007,ASTELLAS PHARMA,JP,0.02701328915037218,9.86200018425769,2.8852231566489746
2015,vw_nz,AU000000NAB4,NATIONAL AUS.BANK,AU,0.025991192521499482,0.6556440422827267,0.3418017692081859
2015,vw_nz,JP3634600005,TOYOTA INDS.,JP,0.025162378253688146,10.727587818214449,11.170524946713845
2015,vw_nz,AU000000ANZ3,ANZ GROUP HOLDINGS,AU,0.02446024824693539,0.7462289176269907,0.3143518640394935
2015,vw_nz,JP3726800000,JAPAN TOBACCO,JP,0.02445165371797438,16.12761244865499,7.214598694796905
2015,vw_nz,JP3769000005,HACHIJUNI NAGANO BANK,JP,0.01842931254413442,1.876408316441495,0.7590053879278321
2015,vw_nz,JP3902900004,MITSUBISHI UFJ FINL.GP.,JP,0.017484426276208432,0.2622179472524686,0.1581956244417073
2015,vw_nz,JP3573000001,TOKYO GAS,JP,0.016974174952429862,159.86830633947196,204.55417228686514
2015,vw_nz,JP3496400007,KDDI,JP,0.016495994749445655,0.12179750316680016,0.07596432079213256
2015,vw_nz,AU000000CBA7,COMMONWEALTH BK.OF AUS.,AU,0.015786944083498133,0.29998963958074837,0.0855714367135502
2015,vw_nz,JP3814800003,SUBARU,JP,0.01459818768473495,7.943844242879426,6.567281802062126
2015,vw_nz,JP3854600008,HONDA MOTOR,JP,0.014333219397880846,13.350087241369025,24.14710415853379
2015,vw_nz,HK0016000132,SUN HUNG KAI PROPERTIES,HK,0.014102177802961679,0.6011564293944835,0.1246996366677656
2015,vw_nz,JP3814000000,FUJIFILM HOLDINGS,JP,0.01307710736548459,35.160859219815734,43.23763797743535
2015,vw_nz,JP3762600009,NOMURA HDG.,JP,0.01276979745602296,0.1952499129959871,0.15138714054663582
2015,vw_nz,AU000000TLS2,TELSTRA GROUP,AU,0.012651630332265606,2.6168560087599233,0.8330441875612532
2015,vw_nz,JP3566800003,CENTRAL JAPAN RAILWAY,JP,0.012431048551761492,5.441753414929952,2.172502940637909
2015,vw_nz,JP3672400003,NISSAN MOTOR,JP,0.011589624602880707,8.945348038343534,22.03631325716037
2015,vw_nz,AU000000WES1,WESFARMERS,AU,0.010969838454605441,52.250085104201155,64.92115166211204
2015,vw_nz,HK0006000050,POWER ASSETS HOLDINGS,HK,0.010772242851595346,32598.88814506505,398.1548013425282
2015,vw_nz,JP3621000003,TORAY INDS.,JP,0.010591763364067825,188.19347925227166,224.00070141102404
2015,vw_nz,AU000000BHP4,BHP GROUP,AU,0.010387725946145026,376.92924954224037,278.46452240912976
2015,vw_nz,JP3951600000,UNI CHARM,JP,0.010072240175449705,4.975922545506993,1.7850955971516882
2015,vw_nz,AU000000TCL6,TRANSURBAN GROUP STAPLED UNITS,AU,0.010034401418799316,1.6121381396721985,0.14022513925135355
2015,vw_nz,JP3890350006,SUMITOMO MITSUI FINL.GP.,JP,0.009722926821388912,0.42276688326081124,0.34258028411392116
2015,vw_nz,AU0000224040,WOODSIDE ENERGY GROUP,AU,0.008989236266650312,1541.7130450656605,446.79734018058247
2015,vw_nz,AU000000CSL8,CSL,AU,0.008465013637939464,11.218682368460072,1.696460324184645
2015,vw_nz,JP3890310000,MS&AD INSURANCE GP.HDG.,JP,0.008461508720864675,0.5748516329770794,1.4900311257861676
2015,vw_nz,JP3893600001,MITSUI,JP,0.008430798372194641,8.089883663680784,16.489490526272395
2015,vw_nz,JP3902400005,MITSUBISHI ELECTRIC,JP,0.008428656342011492,10.881749820192686,15.783426139879035
2015,vw_nz,JP3351600006,SHISEIDO,JP,0.007972651522456194,7.387392239306639,7.834047240239872
2015,vw_nz,SG1T75931496,SINGAPORE TELECOM,SG,0.007672840707456335,0.6864032967693767,0.177772529340388
2015,vw_nz,JP3260800002,KINTETSU GROUP HDG.,JP,0.007635057564312922,3.439972835742871,5.399900594515589
2015,vw_nz,HK0004000045,WHARF HOLDINGS,HK,0.007559405534448757,5.169995889212864,1.0358009127919172
2015,vw_nz,JP3738600000,NITERRA,JP,0.007454454633712982,24.736436507128815,11.337473183632829
2015,vw_nz,JP3435000009,SONY GROUP,JP,0.007144975389151312,4.1669550387106264,10.755293475845368
2015,vw_nz,BMG2442N1048,COSCO SHIPPING PORTS,HK,0.00714179778525142,69.71261284136776,14.335499113998818
2015,vw_nz,SG1J26887955,SINGAPORE EXCHANGE,SG,0.007091122836198899,0.08949208909178039,0.007432020982273431
2015,vw_nz,JP3371200001,SHIN-ETSU CHEMICAL,JP,0.00696925738252493,134.30238220120114,48.46093638403318
2015,vw_nz,JP3551500006,DENSO,JP,0.006840789852191242,17.147883764452796,15.660805147251985
2015,vw_nz,JP3385980002,J S R DEAD - DELIST.25/06/24,JP,0.006621906374970831,122.41856758641299,101.94680533368727
2015,vw_nz,HK2388011192,BOC HONG KONG HOLDINGS,HK,0.006555768442040737,0.02370480139905738,0.007480068955549958
2015,vw_nz,JP3788600009,HITACHI,JP,0.006405329476970657,9.832573607192277,22.40668239191611
2015,vw_nz,BMG8063F1068,SHANGRI-LA ASIA,HK,0.006387008515179077,71.87319208004416,32.107447105501365
2015,vw_nz,JP3982800009,ROHM,JP,0.0060978169418906955,17.41096500058279,7.20129946613417
2015,vw_nz,JP3405400007,SUMITOMO HEAVY INDS.,JP,0.006066436801461807,2.8154457492114973,4.5541540802914655
2015,vw_nz,JP3200450009,ORIX,JP,0.005975295863910034,14.203561166518288,15.558378994666862
2015,vw_nz,SGXE21576413,GENTING SINGAPORE,SG,0.00587288056310154,1.5060120093835405,0.3362244419359361
2015,vw_nz,JP3735400008,NTT,JP,0.005628973196366702,2.3277404361186766,3.2621676629623266
2015,vw_nz,JP3830800003,BRIDGESTONE,JP,0.005614611976781285,59.23703969532757,57.778689563132716
2015,vw_nz,JP3898400001,MITSUBISHI,JP,0.005598595331127992,27.251215420086638,63.022329909656335
2015,vw_nz,NZFBUE0001S0,FLETCHER BUILDING,NZ,0.0055792989295622005,137.3445123545715,199.78896096248877
2015,vw_nz,JP3678000005,NISSHINBO HOLDINGS,JP,0.005539104980783015,64.20596957216294,141.72410523111017
2015,vw_nz,JP3910660004,TOKIO MARINE HOLDINGS,JP,0.005289453670780808,0.41757191028956037,0.5552323252291129
2015,vw_nz,JP3359600008,SHARP,JP,0.005194122497083477,7.830089838187298,56.74610130516033
2015,vw_nz,JP3592200004,TOSHIBA DEAD - DELIST.20/12/23,JP,0.005147040996862247,13.330240954413972,44.326162542264996
2015,vw_nz,JP3388200002,AEON,JP,0.005093389829544901,4.392628654110527,27.73383215220459
2015,vw_nz,JP3900000005,MITSUBISHI HEAVY INDS.,JP,0.00499271704601994,4.702591124599475,7.988085495760557
2015,vw_nz,IE00BKVD2N49,SEAGATE TECHNOLOGY HOLDINGS,SG,0.004892825895828026,21.312870031012125,15.933613413054005
2015,vw_nz,HK0002007356,CLP HOLDINGS,HK,0.004857411019744698,3213.992485417491,1700.9586210515922
2015,vw_nz,JP3539220008,T & D HOLDINGS,JP,0.004606962301335956,0.12190591995930265,0.3100754806301449
2015,vw_nz,JP3414750004,SEIKO EPSON,JP,0.004435896355590953,12.74259832801774,15.693292480102981
2015,vw_nz,HK0388045442,HONG KONG EXCHANGES AND CLEARING,HK,0.004386604810303506,0.04410023644511386,0.0019267665670429542
2015,vw_nz,JP3505000004,DAIWA HOUSE INDUSTRY,JP,0.004315171387007161,11.555856963795586,22.45023871814053
2015,vw_nz,AU000000STO6,SANTOS,AU,0.004306565561355207,1378.0182956479648,707.9075716817443
2015,vw_nz,AU000000TAH8,TABCORP HOLDINGS,AU,0.004248526985904248,1.193461359188228,0.7103251478190601
2015,vw_nz,SG1F60858221,SINGAPORE TECHS.ENGR.,SG,0.004183018569477549,5.923283527989752,3.660491138988324
2015,vw_nz,JP3160400002,EISAI,JP,0.00411930810234411,7.816687948541821,2.4255585171891476
2015,vw_nz,JP3894900004,ISETAN MITSUKOSHI HDG.,JP,0.004045508702278542,2.476613854615628,4.855150737948147
2015,vw_nz,JP3868400007,MAZDA MOTOR,JP,0.0040436371176239124,5.9913066737304375,12.16912906230594
2015,vw_nz,JP3362700001,MITSUI OSK LINES,JP,0.003988203226521806,1225.5596084544645,4479.880682643947
2015,vw_nz,AU000000QBE9,QBE INSURANCE GROUP,AU,0.003891554920312966,0.8581669429525912,1.1075304928153424
2015,vw_nz,HK0066009694,MTR,HK,0.003873105876535667,10.193645672537144,2.0652851678601634
2015,vw_nz,JP3368000000,RESONAC HOLDINGS,JP,0.0037142865314732615,418.7000820545145,1656.4527566972556
2015,vw_nz,JP3659000008,WEST JAPAN RAILWAY,JP,0.003688540266678557,8.738246948626012,9.477927328939998
2015,vw_nz,AU000000WOW2,WOOLWORTHS GROUP,AU,0.0035397748130965106,10.920430205552398,16.542501263579148
2015,vw_nz,AU000000IAG3,INSURANCE AUS.GROUP,AU,0.0035278013075064002,0.9844561799050947,0.8975414139156175
2015,vw_nz,JP3571400005,TOKYO ELECTRON,JP,0.0034987447447740305,3.604869529858323,1.5971506831812048
2015,vw_nz,JP3201200007,OLYMPUS,JP,0.0034598233024804655,2.124715463636284,1.137826728331408
2015,vw_nz,JP3116000005,ASAHI GROUP HOLDINGS,JP,0.0034533996500352086,23.704105533425125,22.606087974431034
2015,vw_nz,JP3955000009,YOKOGAWA ELECTRIC,JP,0.0034311265264158368,4.627077297025954,5.553226346292741
2015,vw_nz,JP3166000004,EBARA,JP,0.0034055960824979164,2.621966975103624,5.83608263401457
2015,vw_nz,JP3180400008,OSAKA GAS,JP,0.003395867310561235,299.4948501292371,468.53878148651893
2015,vw_nz,JP3269600007,KURARAY,JP,0.003255909563138353,250.74823658577097,241.1114559802013
2015,vw_nz,JP3877600001,MARUBENI,JP,0.003241091939063474,0.002018878095385021,0.013859629670695199
2015,vw_nz,JP3134800006,IHI,JP,0.003207501404401726,6.338073021723915,9.510811436291648
2015,vw_nz,JP3667600005,JGC HOLDINGS,JP,0.003161394641685376,17.488766702703273,22.808070115770505
2015,vw_nz,JP3519400000,CHUGAI PHARM.,JP,0.003146843028717876,13.76806803039396,3.2088043127809285
2015,vw_nz,JP3197800000,OMRON,JP,0.0030533779281735683,8.797717391518088,7.226660974807755
2015,vw_nz,JP3209000003,CASIO COMPUTER,JP,0.0029975142101194745,2.0070574379321346,1.3520695327120447
2015,vw_nz,HK0242001243,SHUN TAK HOLDINGS,HK,0.0029966215734136973,372.4022173814091,328.8820455393804
2015,vw_nz,JP3452000007,TAIYO YUDEN,JP,0.0028668618641313126,18.298429672837255,22.355363175675677
2015,vw_nz,JP3818000006,FUJITSU,JP,0.002629602813141634,4.8382178539964364,16.26977769041834
2015,vw_nz,AU000000MAH3,MACMAHON HOLDINGS,AU,0.002614255557033107,119.15257090719422,1385.3329255505068
2015,vw_nz,JP3197600004,ONO PHARM.,JP,0.00256024947536338,18.294235376835957,1.7204648902272044
2015,vw_nz,HK0003000038,HONG KONG AND CHINA GAS,HK,0.0025098848317979777,220.22477641544694,37.16708965960244
2015,vw_nz,JP3684000007,NITTO DENKO,JP,0.0024983067839529907,63.70823411513216,39.803434016785104
2015,vw_nz,JP3243600008,CANON MARKETING JAPAN,JP,0.002489259711709686,1.50969055966843,3.015782238499
2015,vw_nz,HK0000608585,NEW WORLD DEVELOPMENT COMPANY,HK,0.0023677003858139844,53.550432696484854,36.456550309625094
2015,vw_nz,JP3688370000,NIPPON EXPRESS HOLDINGS,JP,0.00234338625407698,46.54566339657802,120.52585575279252
2015,vw_nz,JP3734800000,NIDEC,JP,0.00233471152800803,2.0733482460949513,0.8676254212349899
2015,vw_nz,AU000000DOW2,DOWNER EDI,AU,0.0023134224509296247,40.398164638894976,156.86620344359181
2015,vw_nz,JP3866800000,PANASONIC HOLDINGS,JP,0.0022908087311455704,7.087423153483487,16.67295154166269
2015,vw_nz,JP3358200008,SHIMAMURA,JP,0.002285849246219831,0.3349612726874232,0.44792351506288747
2015,vw_nz,JP3940000007,YAMATO HDG.,JP,0.0022668091855345108,38.44491816940409,45.26434177938278
2015,vw_nz,JP3294460005,INPEX,JP,0.002260883629946634,51.05214227311107,34.15055417859658
2015,vw_nz,JP3397200001,SUZUKI MOTOR,JP,0.002244220470771574,24.57907648762812,35.36703119035322
2015,vw_nz,JP3783600004,EAST JAPAN RAILWAY,JP,0.002194859827918374,46.27406379856592,34.33609569342699
2015,vw_nz,JP3224200000,KAWASAKI HEAVY INDUSTRY,JP,0.002171942707465973,10.964160492159657,17.100016916650308
2015,vw_nz,AU000000BPT9,BEACH ENERGY,AU,0.0020664118938342997,71.91913866304077,50.5845499258334
2015,vw_nz,JP3205800000,KAO,JP,0.0020376534620888476,55.798030204050974,30.13858326066034
2015,vw_nz,JP3419400001,SEKISUI CHEMICAL,JP,0.001993825498411874,16.260592932001302,26.2107277495216
2015,vw_nz,JP3837800006,HOYA,JP,0.0019746737777772143,6.718823825390105,1.615508503934313
2015,vw_nz,AU000000SHL7,SONIC HEALTHCARE,AU,0.0019200004206650098,2.6425940713976486,1.3998217858403808
2015,vw_nz,NZAIAE0002S6,AUCKLAND INTL.AIRPORT,NZ,0.0019155629564994706,6.745230298633307,0.6194817757105517
2015,vw_nz,JP3190000004,OBAYASHI,JP,0.0018986588827255427,10.692467669363158,34.93532037550541
2015,vw_nz,AU000000OZL8,OZ MINERALS DEAD - DELIST.03/05/23,AU,0.0018910251989843311,277.4567363553121,198.37156846564338
2015,vw_nz,JP3347200002,SHIONOGI,JP,0.0018761823618265627,18.49166719139367,4.033304203286961
2015,vw_nz,AU000000ERA9,ENERGY RES.OF AUS.,AU,0.0018104809982488338,362.3493314405936,216.31830964505588
2015,vw_nz,JP3720800006,NSK,JP,0.0017963221776757798,16.053909399669326,19.960818223995833
2015,vw_nz,JP3585800000,TOKYO ELECTRIC POWER CO. HDG.,JP,0.0017643558747234287,1685.4798628865108,14717.901439218125
2015,vw_nz,JP3538800008,TDK,JP,0.0016852463444346137,10.395440367709384,10.693637276575483
2015,vw_nz,AU000000ORG5,ORIGIN ENERGY (EX BORAL),AU,0.001641909691415847,1520.4375639207483,1769.8392938217776
2015,vw_nz,JP3967200001,RAKUTEN GROUP,JP,0.001614163020702099,0.03408695543150168,0.009162017644782257
2015,vw_nz,JP3402600005,SUMITOMO METAL MINING,JP,0.0016024716508399794,303.6391609550794,275.5094560048055
2015,vw_nz,JP3665200006,NICHIREI,JP,0.0015926334505062321,9.073777459307186,26.89957241316473
2015,vw_nz,HK0012000102,HENDERSON LD.DEV.,HK,0.001548254387596801,0.2806545421250525,0.03869285828626312
2015,vw_nz,BMG524401079,KERRY PROPERTIES,HK,0.001510224670272416,3.895159047481074,1.4401695283039155
2015,vw_nz,JP3663900003,SOJITZ,JP,0.0015019522236994346,0.5623675111334003,5.341865948130684
2015,vw_nz,JP3258000003,KIRIN HOLDINGS,JP,0.0014433541135801357,20.88022818084243,29.97578937523095
2015,vw_nz,JP3743000006,NH FOODS,JP,0.001423463646163082,32.622474546363364,67.03021811067659
2015,vw_nz,JP3210200006,KAJIMA,JP,0.0013953402539065942,14.457149964229183,48.550158977971556
2015,vw_nz,HK0010000088,HANG LUNG GROUP,HK,0.001351542519837478,0.42617961766500734,0.1519555282744286
2015,vw_nz,JP3888400003,MITSUI KINZOKU LIMITED,JP,0.001340226702470883,163.74483114003925,534.411619079056
2015,vw_nz,JP3544000007,TEIJIN,JP,0.0013365714182635093,134.49694109123647,304.45313451416047
2015,vw_nz,JP3463000004,TAKEDA PHARMACEUTICAL,JP,0.0012574435521132566,11.557895089141251,4.336303156450887
2015,vw_nz,AU000000IGO4,IGO,AU,0.001063583565724822,93.85823193820367,40.67765086867096
2015,vw_nz,JP3638600001,DOWA HDG.,JP,0.001062168808364819,217.60221125948433,335.89997174343034
2015,vw_nz,JP3811000003,FUJIKURA,JP,0.0010504857254468088,5.109702747645581,18.741015611941297
2015,vw_nz,AU000000ORI1,ORICA,AU,0.001047154272271948,338.70717353567954,333.28210663916474
2015,vw_nz,JP3165600002,NTN,JP,0.0009556248850611463,17.651333702687435,45.55644445225892
2015,vw_nz,JP3421100003,JAPAN PETROLEUM EXP.,JP,0.0009445088562709086,68.69270583424553,108.7558627921423
2015,vw_nz,AU000000APA1,APA GROUP,AU,0.0009318095255546142,322.7320048411364,48.34875050632807
2015,vw_nz,AU0000038911,OVATO DEAD - DELIST.29/08/22,AU,0.0009211993468923843,36.947432670693445,235.094978371262
2015,vw_nz,AU000000CQR9,CHARTER HALL RETAIL REIT,AU,0.0009017377230473479,0.547348899506742,0.0662530398453576
2015,vw_nz,JP3481800005,DAIKIN INDUSTRIES,JP,0.000872100554059047,58.39720229336156,45.62192482513652
2015,vw_nz,HK0293001514,CATHAY PACIFIC AIRWAYS,HK,0.0008585312380986357,1270.478684378346,1903.8369840805278
2015,vw_nz,JP3619800000,TOYOBO,JP,0.0008523647645845057,234.9580149944292,580.0069566945763
2015,vw_nz,JP3596200000,TOTO,JP,0.0008408543304207727,36.44212351450396,40.75436083577423
2015,vw_nz,JP3358800005,SHIMIZU,JP,0.0008327188760006688,16.561617702938467,40.859677413403105
2015,vw_nz,JP3914400001,MURATA MANUFACTURING,JP,0.0008121247572136973,14.689548061989411,4.879998754042871
2015,vw_nz,JP3973400009,RICOH,JP,0.0007271657046962544,9.460616290679473,25.450731040611494
2015,vw_nz,JP3888300005,MITSUI CHEMICALS,JP,0.0006943270336850701,271.7477718128178,1208.4009577220356
2015,vw_nz,AU000000SGP0,STOCKLAND STAPLED UNITS,AU,0.0006705422337704684,16.457602438642294,3.248254435974633
2015,vw_nz,JP3027680002,JAPAN REAL ESTATE INV.,JP,0.0006681200156352447,13.278871403818808,1.0115604561062648
2015,vw_nz,BMG988031446,YUE YUEN INDL.HDG.,HK,0.0006245799965385505,15.319554300771504,19.841878967769873
2015,vw_nz,JP3443600006,TAISEI,JP,0.0005547491963268927,8.961905613354627,18.752362948960304
2015,vw_nz,JP3357200009,SHIMADZU,JP,0.0005327126833068391,1.5066475171767235,1.308194201429202
2015,vw_nz,AU000000CWY3,CLEANAWAY WASTE MANAGEMENT,AU,0.0005081007485993596,516.8537664536304,555.5705657978385
2015,vw_nz,JP3126400005,ALPS ALPINE,JP,0.0005025642339321518,1.4543596490047077,2.341363223515812
2015,vw_nz,JP3289800009,KOBE STEEL,JP,0.0005007327223484328,1016.805619042003,2549.921507064364
2015,vw_nz,AU000000CSR5,CSR DEAD - DEAD.10/07/24,AU,0.0004993278531740625,240.03830659738375,219.61009460572626
2015,vw_nz,AU000000SBM8,ST BARBARA,AU,0.0004916920742938934,224.72396857113463,974.5215451450041
2015,vw_nz,JP3820000002,FUJI ELECTRIC,JP,0.0004888738408233066,30.789141789320073,66.18490363687978
2015,vw_nz,JP3595200001,TOSOH,JP,0.00047202681476791737,986.0293971351896,2038.2550842972707
2015,vw_nz,JP3613400005,TOYO SEIKAN GROUP HDG.,JP,0.00046333934437837174,80.31084176957924,196.26297779820666
2015,vw_nz,JP3626800001,LIXIL,JP,0.00038564334079333243,22.994997719604836,52.37938499322708
2015,vw_nz,AU000000BLD2,BORAL DEAD - DELIST.08/07/24,AU,0.00037088230712833476,553.5196721364824,544.9043723406423
2015,vw_nz,SG1V61937297,SINGAPORE AIRLINES,SG,0.0003652890960062194,1216.5684301817355,1231.370065630817
2015,vw_nz,JP3830000000,BROTHER INDUSTRIES,JP,0.0003630589187550531,5.020515799959035,6.208488955738453
2015,vw_nz,AU000000BSL0,BLUESCOPE STEEL,AU,0.00034615217804037066,1205.354614247168,3515.7850194246
2015,vw_nz,JP3293200006,COCA-COLA BOTTLERS JAPAN HOLDINGS,JP,0.0003198613488983909,27.341059387653324,61.67735582107041
2015,vw_nz,JP3385820000,GS YUASA,JP,0.0002704002227117482,6.874026657703635,11.57556270096463
2015,vw_nz,JP3549600009,DENKA,JP,0.00026806803873850556,564.9564456934095,1013.1723320978018
2015,vw_nz,JP3502200003,DAIWA SECURITIES GROUP,JP,0.0002576481094146569,0.15361778195148193,0.0659971647427421
2015,vw_nz,JP3528600004,CHIYODA CORPORATION,JP,0.00024438218491582724,0.8251627265769708,1.6241333457637597
2015,vw_nz,JP3551200003,ELEC.POWER DEV.,JP,0.0002250788339599758,8674.102008337657,8179.98693379791
2015,vw_nz,AU000000QAN2,QANTAS AIRWAYS,AU,0.00021369143761520247,964.6904093749979,2715.86660140256
2015,vw_nz,AU000000MND5,MONADELPHOUS GROUP,AU,0.00020803407401316163,5.567992861330001,15.670852385177097
2015,vw_nz,BMG677491539,ORIENT OVERSEAS (INTL.),HK,0.00019950268744684872,823.9672070485041,1305.7957847071743
2015,vw_nz,HK0200030994,MELCO INTL.DEV.,HK,0.00019736101350006512,4.3870099923136054,0.03696950461187688
2015,vw_nz,JP3753000003,NIPPON YUSEN KK,JP,0.00019530960424389687,1007.5987240556141,4027.969949453419
2015,vw_nz,SGXE34184239,SEATRIUM,SG,0.00018274140686055056,13.945570823314398,12.719810816351114
2015,vw_nz,NZTELE0001S4,SPARK NEW ZEALAND,NZ,0.00015545927131038214,0.701258534453418,0.4114987311005469
2015,vw_nz,JP3711600001,NIPPON SANSO HOLDINGS,JP,0.00014509509354190795,22.639766921463718,20.02762300455912
2015,vw_nz,AU000000BEN6,BENDIGO & ADELAIDE BANK,AU,0.00013762244251979233,1.4493689810282357,0.7854110988838233
2015,vw_nz,JP3787000003,HITACHI CON.MCH.,JP,0.00012894134944171622,5.965680518793765,10.581197163034735
2015,vw_nz,JP3535800001,TSUMURA,JP,0.00011400784710909155,35.21090540880162,20.34344931465582
2015,vw_nz,JP3629000005,TOPPAN HOLDINGS,JP,9.957112220722389e-05,20.53038198113465,56.10199518149627
2015,vw_nz,JP3733000008,NEC,JP,8.69497467984833e-05,2.2964050807883227,8.034008790313756
2015,vw_nz,JP3903000002,MITSUBISHI MATERIALS,JP,8.427954217323226e-05,855.9280283870651,2590.678490703868
2015,vw_nz,SG1R89002252,CITY DEVELOPMENTS,SG,8.233349049336523e-05,22.3611453691666,9.146367431935701
2015,vw_nz,JP3375800004,SHINKO ELEC.INDS. DEAD - DELIST.06/06/25,JP,8.181411681233728e-05,32.6475600466828,39.54865835319632
2015,vw_nz,JP3419050004,SEGA SAMMY HDG.,JP,7.39239075044838e-05,4.629473870679586,3.814666877885399
2015,vw_nz,AU0000088338,AMPOL,AU,6.890105531795437e-05,49.542162351562375,132.56335156020518
2015,vw_nz,JP3300600008,KONICA MINOLTA,JP,5.7509762742432434e-05,20.207403341892526,33.20889884192622
2015,vw_nz,JP3165700000,NTT DATA GROUP DEAD - DELIST.26/09/25,JP,4.4362235407708565e-05,0.4849125280729375,0.5768951223289386
2015,vw_nz,JP3266400005,KUBOTA,JP,4.208288892648813e-05,27.156409698204758,19.55003678422899
2015,vw_nz,JP3657400002,NIKON,JP,4.193674869898089e-05,3.3547885601615306,4.873092652297669
2015,vw_nz,JP3256000005,KYOWA KIRIN,JP,3.5748406402604234e-05,22.75460641346104,9.734895385906924
2015,vw_nz,JP3228600007,KANSAI ELECTRIC PWR.,JP,3.3218955879251734e-05,1576.5291064832456,5366.339865060795
2015,vw_nz,JP3977400005,RINNAI,JP,2.838542604690928e-05,11.655944995909364,8.392356796808206
2015,vw_nz,JP3156400008,USHIO,JP,2.7088708483850717e-05,2.236445566156158,1.8028910582083062
2015,vw_nz,SG1R50925390,SEMBCORP INDUSTRIES,SG,2.2762242306657767e-05,855.8868830125432,1199.176218076278
2015,vw_nz,AU000000DXS1,DEXUS STAPLED UNITS,AU,2.112844968589247e-05,25.32689249985248,2.8828315319796256
2015,vw_nz,JP3526600006,CHUBU ELEC.POWER,JP,2.049522534548338e-05,2277.9756769147098,6111.478740415972
2015,vw_nz,JP3827200001,FURUKAWA ELECTRIC,JP,1.8836189935172855e-05,18.58001807916542,115.06904142485492
2015,vw_nz,AU000000AMP6,AMP,AU,1.3633597662813416e-05,0.010862579493541663,0.010948140582891947
2015,vw_nz,JP3762800005,NOMURA RESEARCH INST.,JP,1.1673995812032716e-05,0.28792870424596945,0.13045208168909356
2015,vw_nz,JP3119600009,AJINOMOTO,JP,1.1524386776397063e-05,139.66832158244264,99.29023503525019
2015,vw_nz,JP3686800008,NIPPON SHEET GLASS,JP,5.463279798624013e-06,584.9099644318137,3905.9054770874545
2015,vw_nz,JP3174410005,OJI HOLDINGS,JP,4.1779865200707585e-06,543.7288027225259,1519.0326870512954
2015,vw_nz,JP3786200000,HITACHI METALS DEAD - DELIST.29/12/22,JP,1.7425899591204468e-06,42.80170563559914,49.577871647762116
2015,vw_nz,AU000000WOR2,WORLEY,AU,1.1718044430929952e-06,5.468453845546619,21.428024920756368
2016,vw_nz,JP3633400001,TOYOTA MOTOR,JP,0.03159289580092986,10.487988763547921,12.281646263432435
2016,vw_nz,JP3726800000,JAPAN TOBACCO,JP,0.025708296709325274,21.458057957146977,5.071600400277954
2016,vw_nz,JP3496400007,KDDI,JP,0.021233924092294763,0.14636854410709532,0.07451533657813415
2016,vw_nz,JP3854600008,HONDA MOTOR,JP,0.019522021028243335,10.913508933802579,25.66147847726746
2016,vw_nz,JP3626800001,LIXIL,JP,0.019001564922408783,36.27882871210158,79.90002253590379
2016,vw_nz,JP3672400003,NISSAN MOTOR,JP,0.018903361397565977,9.113134283276064,20.875059125616595
2016,vw_nz,AU000000CBA7,COMMONWEALTH BK.OF AUS.,AU,0.018775679999045128,0.3110532211271961,0.0965151872711984
2016,vw_nz,HK0388045442,HONG KONG EXCHANGES AND CLEARING,HK,0.018015151684748487,0.024159303906877327,0.0014535556457440082
2016,vw_nz,JP3814800003,SUBARU,JP,0.017162792313626492,6.9496122636648705,5.988083393827919
2016,vw_nz,AU000000WBC1,WESTPAC BANKING,AU,0.017093861312424102,0.3987546871724223,0.15583453802611177
2016,vw_nz,JP3769000005,HACHIJUNI NAGANO BANK,JP,0.016242089478677287,1.924168869043549,1.0102034844021304
2016,vw_nz,JP3830800003,BRIDGESTONE,JP,0.01609723400514621,57.99778510646702,62.03644471443043
2016,vw_nz,JP3573000001,TOKYO GAS,JP,0.01546905207935322,186.68207936414186,278.8784987828608
2016,vw_nz,HK0011000095,HANG SENG BANK DEAD - DELIST.28/01/26,HK,0.015085521236323148,0.010995850077243826,0.0017288864509329947
2016,vw_nz,KYG217651051,CK HUTCHISON HOLDINGS,HK,0.014704823329074907,210.9938647899574,93.8841375663751
2016,vw_nz,AU000000NAB4,NATIONAL AUS.BANK,AU,0.014269013459353785,0.6078786002944272,0.35405116196342407
2016,vw_nz,JP3519400000,CHUGAI PHARM.,JP,0.014233165853979697,10.810511103048682,2.6543408274483133
2016,vw_nz,JP3802300008,FAST RETAILING,JP,0.013069799333685453,0.8010294282322592,0.3493017466000617
2016,vw_nz,AU000000TLS2,TELSTRA GROUP,AU,0.012697885074417088,2.6618656203714215,1.0472679252167794
2016,vw_nz,AU000000CSL8,CSL,AU,0.012682491287142683,9.889916795626243,1.5794521497266907
2016,vw_nz,JP3762600009,NOMURA HDG.,JP,0.01245398297426657,0.19148129972029845,0.14014833423895787
2016,vw_nz,SG1T75931496,SINGAPORE TELECOM,SG,0.012336376829878965,0.6010432244927562,0.18532719345851043
2016,vw_nz,JP3566800003,CENTRAL JAPAN RAILWAY,JP,0.012213360896275673,5.069632443314217,1.8856037767868743
2016,vw_nz,JP3940000007,YAMATO HDG.,JP,0.012031825456422536,39.00664552302078,49.106645051165266
2016,vw_nz,JP3684000007,NITTO DENKO,JP,0.011947637325800722,57.889023687558094,40.76173194047866
2016,vw_nz,JP3783600004,EAST JAPAN RAILWAY,JP,0.01170338931032922,44.880167834891786,28.228178486239962
2016,vw_nz,JP3898400001,MITSUBISHI,JP,0.011125103024282181,28.64620239536721,68.89836113764973
2016,vw_nz,JP3910660004,TOKIO MARINE HOLDINGS,JP,0.011018912899479722,0.41088805537102596,0.5370835079734669
2016,vw_nz,AU000000WES1,WESFARMERS,AU,0.010611525360007989,55.67027218595224,73.81658919956149
2016,vw_nz,AU000000TCL6,TRANSURBAN GROUP STAPLED UNITS,AU,0.010459178490319876,1.4681598288212856,0.12995209142451294
2016,vw_nz,AU000000ANZ3,ANZ GROUP HOLDINGS,AU,0.010064264184188801,0.7501952205297624,0.4209468174491444
2016,vw_nz,JP3788600009,HITACHI,JP,0.00924160283618359,9.204985156961435,32.338579042836855
2016,vw_nz,HK0066009694,MTR,HK,0.009168901111675334,10.069466561290337,2.0245232190921927
2016,vw_nz,JP3982100004,LAWSON DEAD - DELIST.24/07/24,JP,0.008966131766128066,1.1583536887667913,0.6607455853184734
2016,vw_nz,JP3571400005,TOKYO ELECTRON,JP,0.008849840743622646,3.5288635453750983,1.9322738031979132
2016,vw_nz,JP3190000004,OBAYASHI,JP,0.008616259306773656,10.87251031310105,24.788592398872087
2016,vw_nz,NZSKCE0001S2,SKY CITY ENTM.GP.,NZ,0.008582180511485812,7.728732207617557,2.7185864236851582
2016,vw_nz,JP3942400007,ASTELLAS PHARMA,JP,0.008574400847609217,8.708666546660947,3.0665879212550036
2016,vw_nz,JP3463000004,TAKEDA PHARMACEUTICAL,JP,0.008110402884463725,10.573479939120398,4.117743946916398
2016,vw_nz,HK0688002218,CHINA OVERSEAS LAND INVESTMENT,HK,0.007990387060784036,0.10594916219004591,0.06797587391438321
2016,vw_nz,HK0006000050,POWER ASSETS HOLDINGS,HK,0.007948311258092339,53359.06002298727,461.235142411498
2016,vw_nz,JP3814000000,FUJIFILM HOLDINGS,JP,0.0077735754872372935,35.51208238908525,36.62462389717123
2016,vw_nz,JP3481800005,DAIKIN INDUSTRIES,JP,0.007599813562788069,55.395064923916166,47.58644157321632
2016,vw_nz,JP3902900004,MITSUBISHI UFJ FINL.GP.,JP,0.0074980703808688555,0.24906919062634778,0.16645871555325145
2016,vw_nz,JP3893600001,MITSUI,JP,0.007415931613181744,6.952761542630747,14.176268925818182
2016,vw_nz,AU000000TAH8,TABCORP HOLDINGS,AU,0.007308759606847943,1.289700845477799,0.7242688655928349
2016,vw_nz,HK2388011192,BOC HONG KONG HOLDINGS,HK,0.006956948009472651,0.023659578131785045,0.010348838034707089
2016,vw_nz,JP3890310000,MS&AD INSURANCE GP.HDG.,JP,0.006799612769730515,0.644757259848158,1.4479027120531969
2016,vw_nz,HK0242001243,SHUN TAK HOLDINGS,HK,0.006708605182053955,797.2299384489706,456.26404096419685
2016,vw_nz,HK0023000190,BANK OF EAST ASIA,HK,0.006553350425813124,0.4581852597105809,0.23790188918188668
2016,vw_nz,JP3659000008,WEST JAPAN RAILWAY,JP,0.006551293835249956,8.413424931973253,8.037280120109115
2016,vw_nz,AU000000STO6,SANTOS,AU,0.006283840279238117,2202.8434162954463,1386.8785875852352
2016,vw_nz,HK0012000102,HENDERSON LD.DEV.,HK,0.006157365639885743,0.27874830807025774,0.04831204785976486
2016,vw_nz,JP3197600004,ONO PHARM.,JP,0.005955303316091366,18.51692250454603,1.0469648152275965
2016,vw_nz,JP3160400002,EISAI,JP,0.005919848463604138,6.30493036298039,1.549042762718654
2016,vw_nz,JP3358800005,SHIMIZU,JP,0.005899868818841813,15.945558278147269,34.81858588653697
2016,vw_nz,JP3205800000,KAO,JP,0.005835478125258076,53.027572049681524,24.037909524123467
2016,vw_nz,JP3734800000,NIDEC,JP,0.005607533194020509,1.7849560662964299,0.8377635197066912
2016,vw_nz,BMG988031446,YUE YUEN INDL.HDG.,HK,0.005605649947334187,25.684162473532567,38.57901809599304
2016,vw_nz,JP3200450009,ORIX,JP,0.005486415112455416,11.827146687568751,12.115562881919253
2016,vw_nz,NZAIAE0002S6,AUCKLAND INTL.AIRPORT,NZ,0.005446612069861603,6.899575080155985,0.5644023382382584
2016,vw_nz,JP3735400008,NTT,JP,0.005393626633922707,2.076606432957789,2.127748278522034
2016,vw_nz,JP3973400009,RICOH,JP,0.004988118520914061,8.37657897702557,20.581326133633794
2016,vw_nz,AU000000BEN6,BENDIGO & ADELAIDE BANK,AU,0.004922573430932906,1.6793043995803307,1.110518360451676
2016,vw_nz,JP3414750004,SEIKO EPSON,JP,0.004853630702544956,12.668570794664207,18.148884045430467
2016,vw_nz,JP3551500006,DENSO,JP,0.004693475786819606,16.232596394745663,16.19972078055035
2016,vw_nz,JP3592200004,TOSHIBA DEAD - DELIST.20/12/23,JP,0.004684661905245383,15.329235645703742,114.8164212997219
2016,vw_nz,HK0165000859,CHINA EVERBRIGHT,HK,0.0046820925526096365,0.18916127629504811,0.02500783291318258
2016,vw_nz,JP3116000005,ASAHI GROUP HOLDINGS,JP,0.004679682124878803,23.755151932646452,23.323582172284073
2016,vw_nz,JP3134800006,IHI,JP,0.004634906337728628,5.937015379250011,23.93014969720624
2016,vw_nz,KYG2108Y1052,CHINA RESOURCES LAND,HK,0.00440308091567428,39.52200578206175,31.903439602315366
2016,vw_nz,JP3711600001,NIPPON SANSO HOLDINGS,JP,0.004341809618174169,19.78066303558949,25.60224666312986
2016,vw_nz,JP3435000009,SONY GROUP,JP,0.00433516013108775,4.388864820461668,10.612877535937313
2016,vw_nz,BMG8063F1068,SHANGRI-LA ASIA,HK,0.004301951135531869,71.86761206931648,45.87729026838032
2016,vw_nz,JP3246400000,KYUSHU ELEC.POWER,JP,0.004255167756715171,1778.1102089518731,5452.789746375877
2016,vw_nz,JP3765400001,HOUSE SHOKUHIN GP.HONSHA K K,JP,0.004146576723570748,28.50481446843263,25.767794543514707
2016,vw_nz,JP3538800008,TDK,JP,0.004054433248217527,9.86435686526306,12.824568745930145
2016,vw_nz,AU000000IVC8,INVOCARE DEAD - DELIST.27/11/23,AU,0.004034531545727688,17.370666480022145,5.936073059360731
2016,vw_nz,JP3890350006,SUMITOMO MITSUI FINL.GP.,JP,0.004033583080354238,0.4126788098762171,0.39011596343329247
2016,vw_nz,JP3619800000,TOYOBO,JP,0.004012949152127107,238.09323066765893,598.5871674116872
2016,vw_nz,JP3738600000,NITERRA,JP,0.0039914987541439725,22.985314425028044,13.368097670999246
2016,vw_nz,JP3868400007,MAZDA MOTOR,JP,0.003967133598254923,5.341678040063437,14.101544236216325
2016,vw_nz,HK0000608585,NEW WORLD DEVELOPMENT COMPANY,HK,0.003955917406014428,0.007157025003004067,0.007816035213295488
2016,vw_nz,JP3027680002,JAPAN REAL ESTATE INV.,JP,0.003916400759443961,13.959254736286224,0.9818687281992351
2016,vw_nz,JP3027670003,NIPPON BUILDING FUND,JP,0.003848150984601917,12.802943061555217,1.0224137620138125
2016,vw_nz,JP3242800005,CANON,JP,0.0038456027418226303,5.213917145395157,4.405676584423484
2016,vw_nz,JP3493800001,DAI NIPPON PRINTING,JP,0.003758167339589487,21.73731362209104,41.767525748730364
2016,vw_nz,JP3351600006,SHISEIDO,JP,0.003753452285329954,3.7395297775926544,3.8345372569932614
2016,vw_nz,JP3293200006,COCA-COLA BOTTLERS JAPAN HOLDINGS,JP,0.0036465267394673764,27.01640171352955,38.71526826863639
2016,vw_nz,JP3197800000,OMRON,JP,0.0034874413273645612,10.291293950079309,13.036847056030474
2016,vw_nz,JP3539220008,T & D HOLDINGS,JP,0.0034670822785268372,0.13783078868325277,0.3238278550705987
2016,vw_nz,AU000000AMP6,AMP,AU,0.0034342619444691492,0.015201781235540663,0.013118122052308133
2016,vw_nz,JP3818000006,FUJITSU,JP,0.0033409471419621984,4.737981714549236,24.20039463289026
2016,vw_nz,HK0002007356,CLP HOLDINGS,HK,0.0032825020359977565,3691.5513617910487,1786.6018641014716
2016,vw_nz,JP3613400005,TOYO SEIKAN GROUP HDG.,JP,0.0032743766596278895,79.63897799555467,135.86642455560892
2016,vw_nz,JP3743000006,NH FOODS,JP,0.003255600537488652,32.315379527684605,77.42360214468013
2016,vw_nz,JP3894900004,ISETAN MITSUKOSHI HDG.,JP,0.0032214720066943915,2.5310200334631388,5.384918291002165
2016,vw_nz,JP3388200002,AEON,JP,0.0031802271729333247,3.83981795691552,21.42629345034747
2016,vw_nz,JP3902400005,MITSUBISHI ELECTRIC,JP,0.0031779566284302068,10.04072654371625,17.613285558486343
2016,vw_nz,JP3165600002,NTN,JP,0.0031008542736979824,16.109538835196684,53.57691735660106
2016,vw_nz,JP3837800006,HOYA,JP,0.0030929035915131745,5.4888357701121535,1.45969884410809
2016,vw_nz,JP3359600008,SHARP,JP,0.0030807824206618754,6.9723696837902756,75.6309998121583
2016,vw_nz,AU000000APA1,APA GROUP,AU,0.003048812457213134,832.5054880422489,160.5174524733405
2016,vw_nz,JP3475350009,DAIICHI SANKYO,JP,0.0030221402818560736,17.064643587881232,8.023633578534517
2016,vw_nz,JP3546800008,TERUMO,JP,0.0029672516269800193,13.198220589850381,4.630593762596745
2016,vw_nz,JP3266400005,KUBOTA,JP,0.002897118416516407,22.67874528428822,17.203284563212453
2016,vw_nz,JP3888400003,MITSUI KINZOKU LIMITED,JP,0.002893673336925599,166.99114245561557,750.9363513027748
2016,vw_nz,AU000000BHP4,BHP GROUP,AU,0.0028069629348317954,382.77671445266975,334.5637185484198
2016,vw_nz,SGXE34184239,SEATRIUM,SG,0.00275454608532135,14.092408377790928,22.947221624252407
2016,vw_nz,JP3397200001,SUZUKI MOTOR,JP,0.0027222221438675458,20.489178770617983,33.14231309241885
2016,vw_nz,HK0016000132,SUN HUNG KAI PROPERTIES,HK,0.0026882626962907454,6.959279122778249,2.0106360789120092
2016,vw_nz,JP3596200000,TOTO,JP,0.002681519254228202,35.23077626401944,29.611507595880475
2016,vw_nz,JP3786200000,HITACHI METALS DEAD - DELIST.29/12/22,JP,0.0026663248739388842,39.21901120031484,73.94094554655395
2016,vw_nz,AU000000ERA9,ENERGY RES.OF AUS.,AU,0.002647264416598386,463.7759092686742,891.356091450047
2016,vw_nz,JP3375800004,SHINKO ELEC.INDS. DEAD - DELIST.06/06/25,JP,0.002580108092006637,31.267850737941203,43.56829671791668
2016,vw_nz,JP3228600007,KANSAI ELECTRIC PWR.,JP,0.002515928497021984,1516.123685225157,3888.6940407159286
2016,vw_nz,JP3787000003,HITACHI CON.MCH.,JP,0.002502034009994264,6.327945839057039,13.22082385354568
2016,vw_nz,JP3820000002,FUJI ELECTRIC,JP,0.002453180952267334,38.38165951299665,99.72361535953294
2016,vw_nz,JP3119600009,AJINOMOTO,JP,0.0024421395947587595,127.7267426891687,80.9709627210659
2016,vw_nz,JP3452000007,TAIYO YUDEN,JP,0.002441438494958307,16.531560318192195,23.681777429115765
2016,vw_nz,JP3866800000,PANASONIC HOLDINGS,JP,0.002367963962747325,6.744428674506297,18.7125748502994
2016,vw_nz,AU0000088338,AMPOL,AU,0.002282356557871592,51.96388794671459,104.56946212524038
2016,vw_nz,JP3224200000,KAWASAKI HEAVY INDUSTRY,JP,0.0021888710139886494,13.786113154223525,35.38399678327302
2016,vw_nz,AU000000OZL8,OZ MINERALS DEAD - DELIST.03/05/23,AU,0.0021868494111080277,230.16808986733824,175.52132672268493
2016,vw_nz,JP3835620000,BENESSE HOLDINGS DEAD - DELIST.17/05/24,JP,0.002121187938553814,0.04356812158195311,0.056256836768357264
2016,vw_nz,JP3634600005,TOYOTA INDS.,JP,0.0021025929316695656,10.19249955800535,12.097670216085547
2016,vw_nz,JP3358200008,SHIMAMURA,JP,0.0020553164584201865,0.22485717881130124,0.24402964256692017
2016,vw_nz,JP3201200007,OLYMPUS,JP,0.0019319839358210422,2.0207446631796753,0.9865430408858231
2016,vw_nz,AU000000MAH3,MACMAHON HOLDINGS,AU,0.0019154184453463498,0.40041491813564295,1.6384982582892529
2016,vw_nz,JP3830000000,BROTHER INDUSTRIES,JP,0.0018812176824613792,11.991326094254468,26.430313130427155
2016,vw_nz,HK0291001490,CHINA RESOURCES BEER HOLDINGS,HK,0.0018545191177304376,106.25763517033771,120.68825334878143
2016,vw_nz,JP3165700000,NTT DATA GROUP DEAD - DELIST.26/09/25,JP,0.0018517972331339532,0.4592914131034713,0.43757952880041384
2016,vw_nz,JP3258000003,KIRIN HOLDINGS,JP,0.0018182826403386437,21.949889114743456,30.81754094467675
2016,vw_nz,JP3352400000,CITIZEN WATCH,JP,0.0018169716334140978,7.233734559537326,10.415781726941352
2016,vw_nz,JP3493400000,DIC,JP,0.0017918351783400685,48.75701622887432,138.20904332932867
2016,vw_nz,JP3942600002,YAMAHA,JP,0.0017778827920143124,7.031032815452696,5.528668271398073
2016,vw_nz,JP3505000004,DAIWA HOUSE INDUSTRY,JP,0.0017531232812666045,11.09528737536854,14.321841388255082
2016,vw_nz,JP3347200002,SHIONOGI,JP,0.0017456308718679216,17.207211328923574,2.6235342204904413
2016,vw_nz,AU000000SBM8,ST BARBARA,AU,0.0016572205463343116,296.9349961693119,234.61566014757503
2016,vw_nz,JP3742600004,NHK SPRING,JP,0.001613231199089228,4.063235534056266,9.053470670655507
2016,vw_nz,JP3289800009,KOBE STEEL,JP,0.0015575605184552947,1046.3937745400535,4744.116221063023
2016,vw_nz,JP3711200000,AOZORA BANK,JP,0.001536298563864183,0.37792083417435035,0.09343313691139778
2016,vw_nz,JP3443600006,TAISEI,JP,0.0014724242776114295,9.526558332828476,16.957235970536804
2016,vw_nz,AU000000BLD2,BORAL DEAD - DELIST.08/07/24,AU,0.001458504904147203,574.6301295189122,597.9099029474578
2016,vw_nz,JP3371200001,SHIN-ETSU CHEMICAL,JP,0.0014545561496617126,147.1405411077235,73.71652041364547
2016,vw_nz,AU000000DOW2,DOWNER EDI,AU,0.0014423913544164343,44.99646133356849,233.26690892040793
2016,vw_nz,JP3720800006,NSK,JP,0.0014289686523534003,15.597371499639694,23.77900763498948
2016,vw_nz,JP3914400001,MURATA MANUFACTURING,JP,0.0014219730802827334,12.0718596244583,4.181616516973936
2016,vw_nz,JP3143600009,ITOCHU,JP,0.0013964132516773031,1.7216803427430516,3.895811646482196
2016,vw_nz,IE00BKVD2N49,SEAGATE TECHNOLOGY HOLDINGS,SG,0.001383982606063487,23.100336921686253,33.14706572506996
2016,vw_nz,JP3903000002,MITSUBISHI MATERIALS,JP,0.0013763231433013517,863.2932643766782,2635.66839388798
2016,vw_nz,AU000000CIM7,CIMIC GROUP DEAD - DELIST.11/05/22,AU,0.0013714415337732397,208.98681637064104,344.67258737968064
2016,vw_nz,JP3304200003,KOMATSU,JP,0.0013068723852025614,5.709159327546542,6.199822745155877
2016,vw_nz,JP3951600000,UNI CHARM,JP,0.0012512906873530646,5.099598117286849,2.4929412026853672
2016,vw_nz,AU000000SGM7,SIMS,AU,0.0012310280165092743,21.80413791055587,83.42225919013227
2016,vw_nz,HK0010000088,HANG LUNG GROUP,HK,0.0011960104001328279,1.854887147254003,0.6440359371213104
2016,vw_nz,JP3429800000,ANA HOLDINGS,JP,0.0011610851941355098,717.5907058767264,1082.0094722804267
2016,vw_nz,AU000000SIG5,SIGMA HEALTHCARE,AU,0.0011367384531384497,1.8384736333577794,7.421450909856919
2016,vw_nz,JP3118000003,ASICS,JP,0.0011281526172507844,1.3569156955434791,1.2741925282509698
2016,vw_nz,JP3357200009,SHIMADZU,JP,0.0010935847891814512,1.4152478806662987,0.832317212736118
2016,vw_nz,JP3663900003,SOJITZ,JP,0.0010890488501891483,0.5356861954932933,2.855151104077172
2016,vw_nz,JP3942800008,YAMAHA MOTOR,JP,0.0010818088564456339,10.964359819139915,20.9167044200582
2016,vw_nz,AU0000038911,OVATO DEAD - DELIST.29/08/22,AU,0.0010757440547584506,45.7013326508601,242.88351306713298
2016,vw_nz,JP3300600008,KONICA MINOLTA,JP,0.0010557816813039109,19.40694932520381,39.8392717716288
2016,vw_nz,AU000000MND5,MONADELPHOUS GROUP,AU,0.0010126007720569939,8.385485851489713,22.629841332413523
2016,vw_nz,JP3156400008,USHIO,JP,0.0010028086547125541,2.378741583263005,1.787579275583877
2016,vw_nz,JP3322930003,SUMCO,JP,0.0009908968261212094,11.171113531519042,11.275748427801895
2016,vw_nz,SG1J26887955,SINGAPORE EXCHANGE,SG,0.0009581326612619095,0.08007287492616937,0.008940089862322616
2016,vw_nz,AU000000WOW2,WOOLWORTHS GROUP,AU,0.0009558331000604833,30.563728487204106,60.15983085977151
2016,vw_nz,AU000000SHL7,SONIC HEALTHCARE,AU,0.0009479325255864088,2.5644875657826534,1.5591881660853335
2016,vw_nz,AU000000MGR9,MIRVAC GROUP STAPLED UNITS,AU,0.0008829080996799367,5.682487014611321,1.2336091102202489
2016,vw_nz,SG9999000020,FLEX,SG,0.0008398003161483679,1.258024274351214,5.401710390923246
2016,vw_nz,JP3401400001,SUMITOMO CHEMICAL,JP,0.0007577081158988419,77.43959374876559,179.66722179712232
2016,vw_nz,JP3582600007,TOKYO TATEMONO,JP,0.000757087765973326,1.1807571275550697,1.1374876360039565
2016,vw_nz,JP3635400009,TOYOTA BOSHOKU,JP,0.0007408752784184801,4.2636743936537895,13.193180375058207
2016,vw_nz,JP3405400007,SUMITOMO HEAVY INDS.,JP,0.0007377546630537691,2.750719365342886,6.271508694772023
2016,vw_nz,AU000000GPT8,GPT GROUP STAPLED UNITS,AU,0.0007143287438002494,28.071744627705726,2.1883936891488065
2016,vw_nz,JP3194000000,OKI ELECTRIC IND.,JP,0.000709991709160333,2.5396315271704784,11.070630623377147
2016,vw_nz,JP3670800006,NISSAN CHEMICAL,JP,0.0007088718984191002,236.08249876727933,98.08696536757392
2016,vw_nz,JP3657400002,NIKON,JP,0.0007005496093975654,3.3957705334361368,4.01908442567433
2016,vw_nz,JP3502200003,DAIWA SECURITIES GROUP,JP,0.0006802229665718852,0.1786215429583046,0.09165545879806364
2016,vw_nz,JP3877600001,MARUBENI,JP,0.0006740893856563132,0.0021736255718708248,0.016746491610007703
2016,vw_nz,JP3827200001,FURUKAWA ELECTRIC,JP,0.0006733228518694308,21.173365054221573,104.25564830197817
2016,vw_nz,JP3385820000,GS YUASA,JP,0.0006660529391027755,7.152544219746621,15.43541471588389
2016,vw_nz,JP3260800002,KINTETSU GROUP HDG.,JP,0.0006255833973455686,3.623464149695297,4.510289911132026
2016,vw_nz,AU000000RHC8,RAMSAY HEALTH CARE,AU,0.0006014359144660359,2.6545812300298333,1.7346801407744858
2016,vw_nz,HK0019000162,SWIRE PACIFIC 'A',HK,0.000552207178680045,2294.9406907901976,2094.437678861452
2016,vw_nz,AU000000ASX7,ASX,AU,0.000546385347412001,0.017458433058019134,0.001961364681884479
2016,vw_nz,AU000000SUN6,SUNCORP GROUP,AU,0.0005327680387389858,0.4688766551297324,0.5022262270751617
2016,vw_nz,HK0000745908,YUEXIU PROPERTY COMPANY,HK,0.0005172212805907203,0.4162241804469518,0.8170163366253343
2016,vw_nz,AU0000224040,WOODSIDE ENERGY GROUP,AU,0.0005075478060417877,2121.8560643441697,643.1183971785445
2016,vw_nz,AU000000QAN2,QANTAS AIRWAYS,AU,0.0004985419030867433,1056.5658965301095,2086.2671284965636
2016,vw_nz,JP3112000009,AGC,JP,0.0004711044873557024,479.64439943987685,738.3792505659977
2016,vw_nz,JP3551520004,DENTSU GROUP,JP,0.00045441829288361997,0.6600289289275232,0.33788045044627013
2016,vw_nz,JP3210200006,KAJIMA,JP,0.000402079160334118,14.060221998499278,32.45069562201939
2016,vw_nz,JP3870000001,MABUCHI MOTOR,JP,0.0002897479422589742,22.56014933686401,6.785391219975642
2016,vw_nz,SG1F60858221,SINGAPORE TECHS.ENGR.,SG,0.00027609778219156764,10.390223903690512,7.750022275009793
2016,vw_nz,JP3629000005,TOPPAN HOLDINGS,JP,0.00027488066541028554,20.38943708665513,41.241415297057465
2016,vw_nz,AU000000IGO4,IGO,AU,0.00023718246272605778,159.5652663226097,62.2900610046946
2016,vw_nz,JP3638600001,DOWA HDG.,JP,0.0002231307607139258,239.8235409823939,427.3858506771062
2016,vw_nz,AU000000QBE9,QBE INSURANCE GROUP,AU,0.0002226354616240076,0.627485406774314,0.830560336584433
2016,vw_nz,AU000000ORG5,ORIGIN ENERGY (EX BORAL),AU,0.0002184625719462942,2048.9906334443017,3432.6372488758047
2016,vw_nz,JP3762800005,NOMURA RESEARCH INST.,JP,0.0001934206090349201,0.28712612589332115,0.1083343805656788
2016,vw_nz,JP3528600004,CHIYODA CORPORATION,JP,0.00014574967804314412,0.682265755086064,1.8303598147876097
2016,vw_nz,JP3967200001,RAKUTEN GROUP,JP,0.00013795686763237977,0.0505588267116438,0.01998253526417911
2016,vw_nz,JP3421100003,JAPAN PETROLEUM EXP.,JP,0.00012886515989236712,81.39931693776595,123.97202056655567
2016,vw_nz,JP3166000004,EBARA,JP,0.00012823538929390327,2.543046421511814,5.164719425870135
2016,vw_nz,AU000000MTS0,METCASH,AU,0.00011157430743619515,2.1171691381729274,17.441628244201898
2016,vw_nz,SG1U68934629,KEPPEL,SG,0.00010901533609500771,167.20168013040563,193.26834147334475
2016,vw_nz,JP3180400008,OSAKA GAS,JP,0.00010690649661911574,327.20960566857207,480.47414593072284
2016,vw_nz,AU000000CSR5,CSR DEAD - DEAD.10/07/24,AU,0.00010600792771230759,292.04707382807476,462.26881418943475
2016,vw_nz,JP3256000005,KYOWA KIRIN,JP,0.00010129713147038576,21.340611032275973,7.5049944686477374
2016,vw_nz,JP3381000003,NIPPON STEEL,JP,9.675794574470856e-05,2080.53576273832,5201.934418219162
2016,vw_nz,NZCENE0001S6,CONTACT ENERGY,NZ,9.315735978267238e-05,736.0524067518892,514.721317241124
2016,vw_nz,JP3535800001,TSUMURA,JP,9.271927051173303e-05,36.258228293948484,16.800449802713743
2016,vw_nz,AU000000NCM7,NEWCREST MINING DEAD - DELIST.08/11/23,AU,8.52754850569556e-05,487.8884756224639,214.05214157867718
2016,vw_nz,AU000000BSL0,BLUESCOPE STEEL,AU,8.515063053988353e-05,1361.5889660913308,4484.353564437503
2016,vw_nz,AU000000IAG3,INSURANCE AUS.GROUP,AU,7.008427402172254e-05,1.4493316352704146,1.4478820265680294
2016,vw_nz,AU000000LLC3,LENDLEASE GROUP STAPLED UNITS,AU,6.224361272172529e-05,8.358856215146137,16.376219791920345
2016,vw_nz,AU000000WOR2,WORLEY,AU,5.7588060898425976e-05,3.1865271804034743,32.62345995017235
2016,vw_nz,JP3888300005,MITSUI CHEMICALS,JP,5.0987459021723726e-05,357.3609479690948,1004.7996486781275
2016,vw_nz,JP3269600007,KURARAY,JP,4.4232262689571585e-05,273.3692063188393,280.46577182477745
2016,vw_nz,AU000000DXS1,DEXUS STAPLED UNITS,AU,4.336717592650336e-05,26.074777378073954,3.4795508023073713
2016,vw_nz,JP3733000008,NEC,JP,3.884899927251389e-05,2.4613448913639546,8.674863187115328
2016,vw_nz,JP3621000003,TORAY INDS.,JP,3.702007878571237e-05,193.18386731811924,243.06037461500458
2016,vw_nz,AU000000ORI1,ORICA,AU,3.489823238709001e-05,451.72298439322185,518.8560952619791
2016,vw_nz,JP3122400009,ADVANTEST,JP,2.7653963479713676e-05,2.9148167346540155,2.106314600885955
2016,vw_nz,BMG524401079,KERRY PROPERTIES,HK,2.6518370781322575e-05,4.024811425967454,1.6871300566775163
2016,vw_nz,JP3667600005,JGC HOLDINGS,JP,2.1384744124430318e-05,17.009556181807845,30.818900971796225
2016,vw_nz,HK0004000045,WHARF HOLDINGS,HK,2.1024282919151855e-05,5.6613949198375595,2.129622527489464
2016,vw_nz,JP3870400003,MARUI GROUP,JP,1.9970083454698308e-05,7.061909866467572,3.214112344738823
2016,vw_nz,JP3688370000,NIPPON EXPRESS HOLDINGS,JP,1.7883620022907607e-05,45.103139704321535,155.40421464522007
2016,vw_nz,JP3845400005,HOKURIKU ELEC.POWER,JP,1.7099906141818843e-05,4111.4267694286555,6033.339740227586
2016,vw_nz,AU000000BPT9,BEACH ENERGY,AU,1.6751036374051153e-05,102.08835679750597,116.51487724855753
2016,vw_nz,AU000000CQR9,CHARTER HALL RETAIL REIT,AU,1.5243861145061338e-05,0.589696271732042,0.07141536858731999
2016,vw_nz,JP3040890000,JAPAN PRIME REALTY INV.,JP,1.404095634624455e-05,16.848381529118907,1.2537869224943194
2016,vw_nz,JP3977400005,RINNAI,JP,1.3303655011976463e-05,13.656520785430182,7.408748114630468
2016,vw_nz,JP3294460005,INPEX,JP,1.1973741710731582e-05,83.66449339842524,60.25685811157916
2016,vw_nz,JP3209000003,CASIO COMPUTER,JP,5.8461437568248014e-06,1.8565759445238272,0.9931119173067833
2016,vw_nz,KYG0535Q1331,ASMPT,HK,5.67197920645786e-06,1.5005957365073934,0.816609177380579
2016,vw_nz,JP3174410005,OJI HOLDINGS,JP,5.355367047399013e-06,533.5906373792147,1513.7099689836928
2016,vw_nz,JP3386030005,JFE HOLDINGS,JP,5.1553533323921774e-06,1837.8734238765428,7022.39077101229
2016,vw_nz,SG1V61937297,SINGAPORE AIRLINES,SG,5.0196437441070155e-06,1292.6099948965514,1519.163930513888
2016,vw_nz,JP3560800009,TOKAI CARBON,JP,2.6339392666435348e-06,44.71258488969214,65.13749206455277
2017,vw_nz,JP3726800000,JAPAN TOBACCO,JP,0.030788778730199053,20.35234098605833,6.03331947328499
2017,vw_nz,JP3942400007,ASTELLAS PHARMA,JP,0.02591117059916563,8.097843900990933,3.3687079677548657
2017,vw_nz,JP3783600004,EAST JAPAN RAILWAY,JP,0.022440259924681752,53.89010191516441,39.156423100473674
2017,vw_nz,JP3830800003,BRIDGESTONE,JP,0.022183559954557775,63.03450676003815,63.235672354722716
2017,vw_nz,AU000000CBA7,COMMONWEALTH BK.OF AUS.,AU,0.0195594793328785,0.30528999794195366,0.08934817492481352
2017,vw_nz,AU000000ANZ3,ANZ GROUP HOLDINGS,AU,0.01705728592708364,0.6312926008020708,0.2871577944457971
2017,vw_nz,HK0011000095,HANG SENG BANK DEAD - DELIST.28/01/26,HK,0.01696270102375819,0.013532822606637908,0.0016451310629588723
2017,vw_nz,JP3205800000,KAO,JP,0.015608167614899145,50.36569505353341,26.02033172137445
2017,vw_nz,JP3902900004,MITSUBISHI UFJ FINL.GP.,JP,0.015061677628692564,0.2322178627689417,0.12556707756782257
2017,vw_nz,AU000000WBC1,WESTPAC BANKING,AU,0.015017992526439365,0.3211164242325381,0.11242423577522474
2017,vw_nz,AU000000CSL8,CSL,AU,0.014898108674289487,8.064115711608014,1.412857222669084
2017,vw_nz,JP3814800003,SUBARU,JP,0.01478651286419929,9.328360926638966,8.995950247038945
2017,vw_nz,JP3672400003,NISSAN MOTOR,JP,0.014497074319083742,9.411620414075122,23.072863830116322
2017,vw_nz,JP3788600009,HITACHI,JP,0.014482368134014923,16.399459382174726,48.243493424872995
2017,vw_nz,HK0010000088,HANG LUNG GROUP,HK,0.013550217578393598,2.822780386775648,0.9312619502868068
2017,vw_nz,JP3890350006,SUMITOMO MITSUI FINL.GP.,JP,0.013302134625997232,0.3812316762116766,0.3071100836944888
2017,vw_nz,JP3802300008,FAST RETAILING,JP,0.01271351680545972,0.8273025240336739,0.39840397119088977
2017,vw_nz,JP3898400001,MITSUBISHI,JP,0.012494447505977235,108.11694150394638,160.40622250207875
2017,vw_nz,JP3633400001,TOYOTA MOTOR,JP,0.012045236103277197,10.56841639040032,13.663936290691403
2017,vw_nz,JP3769000005,HACHIJUNI NAGANO BANK,JP,0.0119999488107093,1.458896722901752,0.8931326328501614
2017,vw_nz,BMG2108M2182,CHINESE ESTATES HDG.,HK,0.010870580753828988,0.0010359237642983377,0.00017502467847966565
2017,vw_nz,HK0066009694,MTR,HK,0.010810677221985431,9.46857467927678,1.8250961896487525
2017,vw_nz,HK0023000190,BANK OF EAST ASIA,HK,0.010529129486694523,0.5863997759631452,0.16355778332997098
2017,vw_nz,BMG2178K1009,CKI HOLDINGS,HK,0.010509684149929362,10884.988866221121,345.4651061078485
2017,vw_nz,JP3496400007,KDDI,JP,0.010464804869494103,0.6452305848839158,0.3877842137114204
2017,vw_nz,JP3735400008,NTT,JP,0.009707973521038745,1.8727427166719461,2.0974230949464796
2017,vw_nz,AU000000BHP4,BHP GROUP,AU,0.009310181907210105,299.30833264991264,157.48177935812825
2017,vw_nz,JP3910660004,TOKIO MARINE HOLDINGS,JP,0.009099905131366905,0.3420374480098951,0.47049961722225425
2017,vw_nz,JP3814000000,FUJIFILM HOLDINGS,JP,0.008739775865790039,31.78014333373511,34.381420509219524
2017,vw_nz,AU000000ORG5,ORIGIN ENERGY (EX BORAL),AU,0.008721855773764529,1891.2030568963073,1792.5649964186018
2017,vw_nz,HK0000055878,CHINA TAIPING INSURANCE HLDGS,HK,0.008682165859990843,0.03812949974237451,0.10456489637965272
2017,vw_nz,JP3197800000,OMRON,JP,0.008598732329671819,7.255559331843324,5.545931933069007
2017,vw_nz,HK0000608585,NEW WORLD DEVELOPMENT COMPANY,HK,0.008411782030783424,49.84343225735034,30.221854916719163
2017,vw_nz,JP3854600008,HONDA MOTOR,JP,0.008348659487525934,10.357535825057596,23.249131517794122
2017,vw_nz,JP3634600005,TOYOTA INDS.,JP,0.008343741109809328,13.293220637727138,12.4982554263039
2017,vw_nz,KYG217651051,CK HUTCHISON HOLDINGS,HK,0.00824293184489844,238.61899180998319,174.70316360217757
2017,vw_nz,JP3684000007,NITTO DENKO,JP,0.00814506346558508,58.03387282565853,26.57405470672141
2017,vw_nz,AU000000NAB4,NATIONAL AUS.BANK,AU,0.008066597271508049,0.6922686991507989,0.31089760612373296
2017,vw_nz,JP3359600008,SHARP,JP,0.007929313071142804,8.334657648902715,10.808959974929016
2017,vw_nz,JP3190000004,OBAYASHI,JP,0.007909461429105017,8.40362121706126,19.80232721155194
2017,vw_nz,JP3551500006,DENSO,JP,0.007686203563658489,17.121468256546066,19.355672435985383
2017,vw_nz,JP3940000007,YAMATO HDG.,JP,0.007642094647069776,35.50418972694797,55.40072383827827
2017,vw_nz,JP3973400009,RICOH,JP,0.007281884914829155,8.559251431851147,25.219100090033326
2017,vw_nz,JP3787000003,HITACHI CON.MCH.,JP,0.007205374481204915,6.988075988046634,8.91068894355583
2017,vw_nz,JP3322930003,SUMCO,JP,0.007111168858936289,12.233931927211296,5.029422119398481
2017,vw_nz,HK0006000050,POWER ASSETS HOLDINGS,HK,0.007005103756241196,64111.19143578344,517.2512024792263
2017,vw_nz,JP3200450009,ORIX,JP,0.006939934498502171,10.1537549053633,11.208278662095232
2017,vw_nz,JP3194000000,OKI ELECTRIC IND.,JP,0.006685512270921833,3.9310561544000926,12.60656486865535
2017,vw_nz,JP3493400000,DIC,JP,0.006666623643662685,49.7412963653123,112.54963692682679
2017,vw_nz,AU000000OZL8,OZ MINERALS DEAD - DELIST.03/05/23,AU,0.006373136213258154,167.22223805046676,48.08542208102536
2017,vw_nz,JP3027680002,JAPAN REAL ESTATE INV.,JP,0.006206634684641473,11.916016269099702,0.8767211921467133
2017,vw_nz,HK2388011192,BOC HONG KONG HOLDINGS,HK,0.00619746909240433,0.029494685039549277,0.007707748809224177
2017,vw_nz,AU000000SHL7,SONIC HEALTHCARE,AU,0.00618779022114538,2.167026976462459,1.2410723006751456
2017,vw_nz,JP3893600001,MITSUI,JP,0.006134693404157922,8.284092013256764,11.873094018645295
2017,vw_nz,JP3890310000,MS&AD INSURANCE GP.HDG.,JP,0.006065344015971571,0.5702802402393551,1.2339062334420239
2017,vw_nz,JP3635400009,TOYOTA BOSHOKU,JP,0.006028202843908405,4.1739519606764794,12.469886344042054
2017,vw_nz,JP3902400005,MITSUBISHI ELECTRIC,JP,0.005996098294322638,10.052455564905808,11.98937488976874
2017,vw_nz,JP3347200002,SHIONOGI,JP,0.005986205658206691,14.153190227974108,2.6862473608039448
2017,vw_nz,JP3762600009,NOMURA HDG.,JP,0.0059589911577331,0.20583078706845945,0.1228979849122593
2017,vw_nz,HK0688002218,CHINA OVERSEAS LAND INVESTMENT,HK,0.005715394038985277,0.0866786755498376,0.054594380381495555
2017,vw_nz,SG9999000020,FLEX,SG,0.005694612400138712,3.1549114424034395,8.88596424440843
2017,vw_nz,JP3734800000,NIDEC,JP,0.005424993732573502,8.594251890881909,3.1099813083055228
2017,vw_nz,AU000000BEN6,BENDIGO & ADELAIDE BANK,AU,0.005185688830289173,1.6084927731583036,0.8267234436881529
2017,vw_nz,AU000000WES1,WESFARMERS,AU,0.004904515342371458,48.45909415755871,71.10080069464951
2017,vw_nz,JP3160400002,EISAI,JP,0.004863939624412234,8.718231068077575,2.526887398351021
2017,vw_nz,JP3336000009,SANTEN PHARM.,JP,0.004737188244975575,9.49836322796929,3.1737031118442536
2017,vw_nz,JP3982100004,LAWSON DEAD - DELIST.24/07/24,JP,0.004660707514755319,0.9770109327523375,0.7253606616384118
2017,vw_nz,AU000000AMP6,AMP,AU,0.004659501468053191,0.008465271795627881,0.008338414554702606
2017,vw_nz,HK0242001243,SHUN TAK HOLDINGS,HK,0.0046133397478730215,905.4999466181059,430.9830391470676
2017,vw_nz,HK0388045442,HONG KONG EXCHANGES AND CLEARING,HK,0.00457198092208764,0.063296276466221,0.002876154479948974
2017,vw_nz,JP3358800005,SHIMIZU,JP,0.00446049589190889,15.833198504569676,30.77480006392396
2017,vw_nz,JP3721400004,JAPAN STEEL WORKS,JP,0.004451550590182325,47.36191328233249,67.00653669807056
2017,vw_nz,HK0012000102,HENDERSON LD.DEV.,HK,0.0044164031274286026,0.25856504291663795,0.04236607571295094
2017,vw_nz,JP3435000009,SONY GROUP,JP,0.004266494046535624,3.994001884452597,7.060059689633978
2017,vw_nz,AU000000APA1,APA GROUP,AU,0.004208000627780539,733.7613103353314,174.02112138136917
2017,vw_nz,JP3351600006,SHISEIDO,JP,0.004202972308784102,4.142627387246547,2.8108061555685935
2017,vw_nz,JP3571400005,TOKYO ELECTRON,JP,0.004186444048198358,2.7174608046241593,1.011223389953912
2017,vw_nz,AU000000SIG5,SIGMA HEALTHCARE,AU,0.004157952133467571,1.3424848985104867,4.634783136675504
2017,vw_nz,BMG988031446,YUE YUEN INDL.HDG.,HK,0.0041475936731267095,29.071985984109528,42.123530426554204
2017,vw_nz,JP3249600002,KYOCERA,JP,0.00412495686760592,10.70634260938217,6.645686404680667
2017,vw_nz,JP3977400005,RINNAI,JP,0.003990901804464806,13.315103686854163,8.762490566208783
2017,vw_nz,JP3539220008,T & D HOLDINGS,JP,0.0039009691698832782,0.12113353817053056,0.1944225931320243
2017,vw_nz,JP3260800002,KINTETSU GROUP HDG.,JP,0.003815728685672807,5.372366752314698,8.016978784785223
2017,vw_nz,BMG8063F1068,SHANGRI-LA ASIA,HK,0.0037501433021778145,73.83897186820434,37.47617825086647
2017,vw_nz,SG1U68934629,KEPPEL,SG,0.0037373022132750895,51.64826722866719,30.664024839438543
2017,vw_nz,JP3404600003,SUMITOMO,JP,0.0036611994076641867,1.7555836391915216,4.087354528330543
2017,vw_nz,NZAIAE0002S6,AUCKLAND INTL.AIRPORT,NZ,0.003622843505427342,5.454528980582964,0.4042893623879935
2017,vw_nz,JP3443600006,TAISEI,JP,0.003539554488531579,16.663642667636825,26.34765175021936
2017,vw_nz,JP3116000005,ASAHI GROUP HOLDINGS,JP,0.003519731896392095,23.75625157581996,21.142679276738075
2017,vw_nz,JP3866800000,PANASONIC HOLDINGS,JP,0.003505199342996663,6.839610359833455,17.257595499219093
2017,vw_nz,JP3638600001,DOWA HDG.,JP,0.003490439594977677,250.8009866772781,325.7667450729635
2017,vw_nz,AU000000GWA4,GWA GROUP,AU,0.003432659791972929,29.441516890938175,18.50407525828451
2017,vw_nz,AU000000BLD2,BORAL DEAD - DELIST.08/07/24,AU,0.0034217707823468555,594.319552744351,346.00387008843404
2017,vw_nz,JP3933800009,LY,JP,0.0033747156212816528,0.0036223464970299444,0.0011388162131998922
2017,vw_nz,HK0016000132,SUN HUNG KAI PROPERTIES,HK,0.0033503324666553703,4.478096853824506,1.4805872752039442
2017,vw_nz,JP3678000005,NISSHINBO HOLDINGS,JP,0.0032964993998524017,60.76015618580701,168.12236898975127
2017,vw_nz,SG1P66918738,SINGAPORE PRESS HDG. DEAD - DELIST.13/05/22,SG,0.0032956527289400273,0.14033376541685022,0.0280363370872838
2017,vw_nz,JP3695200000,NGK INSULATORS,JP,0.0032953685521308037,85.08993496122638,46.14110444628491
2017,vw_nz,JP3799000009,HIROSE ELECTRIC,JP,0.003275428165222611,2.656727149183624,0.5284384349578722
2017,vw_nz,JP3358200008,SHIMAMURA,JP,0.00324477754659182,0.17224262477122784,0.1813187387067462
2017,vw_nz,JP3502200003,DAIWA SECURITIES GROUP,JP,0.003094066056720946,0.18898185513526072,0.09162766848658173
2017,vw_nz,JP3180400008,OSAKA GAS,JP,0.0030739652845454945,388.12949974840984,516.4755951253394
2017,vw_nz,JP3544000007,TEIJIN,JP,0.003047619845972073,114.77640637826262,180.56495162063064
2017,vw_nz,SG1T75931496,SINGAPORE TELECOM,SG,0.0030281612203698583,0.38318384011182444,0.10003576049918447
2017,vw_nz,AU000000IAG3,INSURANCE AUS.GROUP,AU,0.0029818139389909573,1.2849476301765297,1.1571964558051628
2017,vw_nz,HK0004000045,WHARF HOLDINGS,HK,0.0029776205229030935,4.69569978274671,1.2385747764775699
2017,vw_nz,JP3166000004,EBARA,JP,0.002976749604002513,2.4377042065715586,3.3481320579754326
2017,vw_nz,JP3118000003,ASICS,JP,0.002974062983700809,1.2566253819735527,1.1960458899830821
2017,vw_nz,JP3888300005,MITSUI CHEMICALS,JP,0.002962162169777652,405.1232302129874,882.5083123582239
2017,vw_nz,KYG2108Y1052,CHINA RESOURCES LAND,HK,0.0029620181195260734,37.23237240633744,30.429927706342617
2017,vw_nz,JP3665200006,NICHIREI,JP,0.0029241679632235544,9.110259844305922,14.572897749572599
2017,vw_nz,JP3481800005,DAIKIN INDUSTRIES,JP,0.002905202363907093,56.41958834480793,34.69679126822612
2017,vw_nz,JP3126400005,ALPS ALPINE,JP,0.0028744888890320794,1.3804037734281858,1.652275566205739
2017,vw_nz,JP3401400001,SUMITOMO CHEMICAL,JP,0.00284686217132475,76.01500891090934,145.49412345412495
2017,vw_nz,JP3942800008,YAMAHA MOTOR,JP,0.002829235143011184,11.149709895684534,20.605203455698458
2017,vw_nz,JP3397200001,SUZUKI MOTOR,JP,0.0027948913070735305,22.287457488501683,31.6073148653347
2017,vw_nz,JP3143600009,ITOCHU,JP,0.0027049490429419307,2.0341791747592533,3.7794241156223563
2017,vw_nz,JP3269600007,KURARAY,JP,0.002682531532532386,283.6160302375469,216.63563443798628
2017,vw_nz,JP3818000006,FUJITSU,JP,0.0026706730011773158,5.160293092739299,16.65445606786691
2017,vw_nz,JP3659000008,WEST JAPAN RAILWAY,JP,0.0026584307118266933,7.799212700674717,8.00418779105228
2017,vw_nz,JP3549600009,DENKA,JP,0.002651802878360892,581.0111409512367,805.4227167394266
2017,vw_nz,JP3967200001,RAKUTEN GROUP,JP,0.002582355536326225,0.04370956146657081,0.021969635650937177
2017,vw_nz,JP3592200004,TOSHIBA DEAD - DELIST.20/12/23,JP,0.002572591967903324,18.932201307899575,92.54780810432342
2017,vw_nz,AU000000IVC8,INVOCARE DEAD - DELIST.27/11/23,AU,0.002533966704973398,15.432186000237419,4.885381435550546
2017,vw_nz,AU000000NCM7,NEWCREST MINING DEAD - DELIST.08/11/23,AU,0.0024939815801850005,350.41722911120434,98.78969480460715
2017,vw_nz,JP3566800003,CENTRAL JAPAN RAILWAY,JP,0.0024866289139271035,4.574161361337423,2.1220393814643748
2017,vw_nz,HK0002007356,CLP HOLDINGS,HK,0.0024717701139693065,3735.899409601882,1549.6070776667361
2017,vw_nz,JP3224200000,KAWASAKI HEAVY INDUSTRY,JP,0.002438669882660732,13.251800949361982,34.81081585661833
2017,vw_nz,AU000000MTS0,METCASH,AU,0.0024362042026214678,1.9219020965639315,12.589941584977561
2017,vw_nz,JP3519400000,CHUGAI PHARM.,JP,0.0024152151981200946,10.523278913984448,2.495689795387268
2017,vw_nz,BMG677491539,ORIENT OVERSEAS (INTL.),HK,0.0023354597475933074,1096.6973588192745,1723.9118762922071
2017,vw_nz,AU0000038911,OVATO DEAD - DELIST.29/08/22,AU,0.0023171454213097497,35.29597795272033,149.40536664076973
2017,vw_nz,SGXE21576413,GENTING SINGAPORE,SG,0.002313240856195017,2.0614110801477894,0.39151352403004325
2017,vw_nz,KYG0535Q1331,ASMPT,HK,0.002253933425386406,1.4158366777936908,0.5313713468219906
2017,vw_nz,AU000000TLS2,TELSTRA GROUP,AU,0.0022328912210570003,2.740693127951298,1.1469785019912095
2017,vw_nz,JP3560800009,TOKAI CARBON,JP,0.0022127784488946405,56.26580936993513,54.97997097962372
2017,vw_nz,AU0000224040,WOODSIDE ENERGY GROUP,AU,0.002188801537402798,2347.377139164098,474.3906794207662
2017,vw_nz,JP3621000003,TORAY INDS.,JP,0.0021369725970199586,185.67294062781542,234.53578114501354
2017,vw_nz,AU000000ASX7,ASX,AU,0.0021238967113831587,0.06815684024888606,0.006451136004730833
2017,vw_nz,JP3711600001,NIPPON SANSO HOLDINGS,JP,0.002050067530034974,19.834733885931612,20.461999859574508
2017,vw_nz,JP3201200007,OLYMPUS,JP,0.002048011911262468,4.0490274477645904,2.279273138429491
2017,vw_nz,AU000000BPT9,BEACH ENERGY,AU,0.0019992682991917593,37.78053549784533,16.4876457548615
2017,vw_nz,JP3027670003,NIPPON BUILDING FUND,JP,0.0018697458832688993,12.918032271501891,1.014460193115299
2017,vw_nz,HK0144000764,CHINA MERCHANTS PORT HOLDINGS,HK,0.0018325184841618675,25.878548559854543,3.779291963481478
2017,vw_nz,AU000000TAH8,TABCORP HOLDINGS,AU,0.0018249584531930005,1.189016569748971,0.7003378671056051
2017,vw_nz,JP3538800008,TDK,JP,0.0018029180652074871,7.591728691396783,8.808999164880719
2017,vw_nz,AU000000MQG1,MACQUARIE GROUP,AU,0.0017859275380542176,0.04040874990352761,0.019745776547124914
2017,vw_nz,JP3407400005,SUMITOMO ELECTRIC IND.,JP,0.0017754545757406985,7.80673279447891,16.48431608722801
2017,vw_nz,JP3626800001,LIXIL,JP,0.0017610424632680656,35.71964276073402,77.15912879586851
2017,vw_nz,JP3596200000,TOTO,JP,0.0017336397034416644,34.767684542548714,25.73677085347893
2017,vw_nz,AU000000SGM7,SIMS,AU,0.0017259430232910134,18.905219550514115,38.825077631685275
2017,vw_nz,JP3165700000,NTT DATA GROUP DEAD - DELIST.26/09/25,JP,0.001721439611038438,0.7184305884816374,0.7535229178990807
2017,vw_nz,JP3505000004,DAIWA HOUSE INDUSTRY,JP,0.0017069283852417859,9.343797131629477,16.161915456346836
2017,vw_nz,JP3670800006,NISSAN CHEMICAL,JP,0.0016783601988886567,202.96583659017804,57.20205383650523
2017,vw_nz,JP3040890000,JAPAN PRIME REALTY INV.,JP,0.001659231944710179,12.306337016680393,0.865216829315582
2017,vw_nz,NZSKCE0001S2,SKY CITY ENTM.GP.,NZ,0.0016378248833766082,6.514349920105698,2.519476123664514
2017,vw_nz,JP3914400001,MURATA MANUFACTURING,JP,0.0016113545779491705,14.062004463938438,4.769272087310828
2017,vw_nz,JP3246400000,KYUSHU ELEC.POWER,JP,0.0015779457267067673,1690.682244387442,5313.794029614257
2017,vw_nz,HK0291001490,CHINA RESOURCES BEER HOLDINGS,HK,0.0015768159934112266,86.92805972861754,56.8391089446569
2017,vw_nz,SGXE34184239,SEATRIUM,SG,0.0015648438329359405,21.79077249594108,24.478962031646244
2017,vw_nz,JP3243600008,CANON MARKETING JAPAN,JP,0.0015190399014085774,1.4897392179253197,2.805335486366924
2017,vw_nz,JP3371200001,SHIN-ETSU CHEMICAL,JP,0.0014828957696197877,151.29117389297497,44.14348398032966
2017,vw_nz,BMG4600H1198,HOPSON DEVELOPMENT HOLDINGS,HK,0.0014623898229511455,2.415786544367615,2.587256470684464
2017,vw_nz,JP3198900007,ORIENTAL LAND,JP,0.0014377850489066804,14.307413863407119,3.015348121940678
2017,vw_nz,JP3837800006,HOYA,JP,0.0014313053662554339,5.0936900962820975,1.2798102767175061
2017,vw_nz,AU000000SUN6,SUNCORP GROUP,AU,0.0014280632524183076,0.5642223069393281,0.540945266097959
2017,vw_nz,SG1N31909426,COMFORTDELGRO CORPORATION,SG,0.0014166921154201188,333.0829904132775,261.21246431166765
2017,vw_nz,JP3742600004,NHK SPRING,JP,0.0013954837479441908,3.2417585586001194,7.300892857142857
2017,vw_nz,JP3686800008,NIPPON SHEET GLASS,JP,0.0013867820637004453,581.1820234975767,4386.029035512215
2017,vw_nz,JP3357200009,SHIMADZU,JP,0.0013421247491434958,0.9999410034807946,0.594558599695586
2017,vw_nz,JP3112000009,AGC,JP,0.0012992833759690671,444.76682393623895,574.9952971413419
2017,vw_nz,JP3385820000,GS YUASA,JP,0.0012902832579972908,7.264210369807717,13.424336516491886
2017,vw_nz,AU000000DOW2,DOWNER EDI,AU,0.0012255340221717643,42.30723753132091,97.4528674215975
2017,vw_nz,HK0019000162,SWIRE PACIFIC 'A',HK,0.0012177015071997285,2296.011772454923,2014.6012484176524
2017,vw_nz,JP3402600005,SUMITOMO METAL MINING,JP,0.0012091546053147634,264.38659274111427,222.67158498507413
2017,vw_nz,JP3242800005,CANON,JP,0.0011602502841401823,5.762304398219913,4.537070097111028
2017,vw_nz,JP3228600007,KANSAI ELECTRIC PWR.,JP,0.0011023940920495468,1444.8748944699819,3905.388526326512
2017,vw_nz,AU000000ERA9,ENERGY RES.OF AUS.,AU,0.0010927764725473447,502.92671505502227,406.25200727973447
2017,vw_nz,AU000000WOW2,WOOLWORTHS GROUP,AU,0.0009837311438901904,15.973026656558334,26.677237799717012
2017,vw_nz,AU000000QBE9,QBE INSURANCE GROUP,AU,0.0009715758362698966,0.521196763779568,0.5985557117239374
2017,vw_nz,JP3888400003,MITSUI KINZOKU LIMITED,JP,0.0009504143905373901,172.4216887101601,405.9729936433506
2017,vw_nz,JP3528600004,CHIYODA CORPORATION,JP,0.0009346758278069738,0.1971550728168107,0.6135503494392719
2017,vw_nz,JP3894900004,ISETAN MITSUKOSHI HDG.,JP,0.0009341389042314349,2.455175785222471,5.883697708073181
2017,vw_nz,JP3475350009,DAIICHI SANKYO,JP,0.0008660885097222367,13.490824816135902,7.155236674786023
2017,vw_nz,JP3720800006,NSK,JP,0.0008572355464799959,16.42869245955394,19.1498581233139
2017,vw_nz,JP3420600003,SEKISUI HOUSE,JP,0.0008139688143791453,4.437251167274385,7.0173161046527435
2017,vw_nz,HK0008011667,PCCW,HK,0.0007620253344913712,1.313377488584512,1.3719428501442261
2017,vw_nz,HK0200030994,MELCO INTL.DEV.,HK,0.0007460648028715566,5.630660669823836,7.618096114150407
2017,vw_nz,JP3463000004,TAKEDA PHARMACEUTICAL,JP,0.0007327224160990349,10.462874990089514,4.708055248589703
2017,vw_nz,SG1J26887955,SINGAPORE EXCHANGE,SG,0.0006988220200581504,0.08247810339384093,0.008129370629370629
2017,vw_nz,JP3635000007,TOYOTA TSUSHO,JP,0.0006914885163289344,1.7322682796813962,11.693432637444308
2017,vw_nz,AU000000TCL6,TRANSURBAN GROUP STAPLED UNITS,AU,0.0006846823143568402,1.437572146908775,0.17032171949265712
2017,vw_nz,BMG668971101,CTF SERVICES,HK,0.0006763536889855317,106.3685497845476,56.714433068785326
2017,vw_nz,JP3663900003,SOJITZ,JP,0.0005672898611001589,69.32008476430181,286.7027020375264
2017,vw_nz,JP3657400002,NIKON,JP,0.0005594592322021597,5.094453193271192,5.568199483878991
2017,vw_nz,JP3414750004,SEIKO EPSON,JP,0.0005382189547447906,14.633711220830449,15.694015995767217
2017,vw_nz,JP3900000005,MITSUBISHI HEAVY INDS.,JP,0.0005374369160871198,4.349250699180883,10.37615625173708
2017,vw_nz,JP3400900001,SUMITOMO OSAKA CEMENT,JP,0.0004815818294760793,4477.973508993875,5476.287376409471
2017,vw_nz,JP3765400001,HOUSE SHOKUHIN GP.HONSHA K K,JP,0.00047356758931967497,22.160469095379142,24.720661008979157
2017,vw_nz,HK0083000502,SINO LAND,HK,0.00046076112064161173,2.6504878160411,0.535761919997533
2017,vw_nz,JP3942600002,YAMAHA,JP,0.0004605142927458954,7.163848794296695,4.4103079073428235
2017,vw_nz,JP3209000003,CASIO COMPUTER,JP,0.0004402074505902,1.9557138292829441,1.6535277829273962
2017,vw_nz,JP3419400001,SEKISUI CHEMICAL,JP,0.0003997655579303332,14.830692011872593,16.863655880870738
2017,vw_nz,JP3429800000,ANA HOLDINGS,JP,0.0003600253302608879,716.6247257452176,1058.1429685547926
2017,vw_nz,SG1T58930911,FRASER AND NEAVE,SG,0.00034481634937792683,28.642631051600855,18.660695244188524
2017,vw_nz,HK0000745908,YUEXIU PROPERTY COMPANY,HK,0.00033337041835897473,0.2042520372618945,0.34274010257068444
2017,vw_nz,JP3619800000,TOYOBO,JP,0.00029476209802606443,234.21312175630055,477.4092956833093
2017,vw_nz,JP3835620000,BENESSE HOLDINGS DEAD - DELIST.17/05/24,JP,0.0002872847909542921,0.46701346451361486,0.6075939078042287
2017,vw_nz,JP3711200000,AOZORA BANK,JP,0.000285645681764073,0.3283342656955824,0.0865731613789599
2017,vw_nz,JP3738600000,NITERRA,JP,0.0002832647705322983,2.124699725895419,1.4063162999333212
2017,vw_nz,JP3258000003,KIRIN HOLDINGS,JP,0.0002809155630540402,20.14897248621797,24.713440724809395
2017,vw_nz,JP3386030005,JFE HOLDINGS,JP,0.00027672537096597665,1935.0867752721806,4912.604761296534
2017,vw_nz,AU000000STO6,SANTOS,AU,0.000268130656424017,2171.5745370572477,944.4280368554116
2017,vw_nz,JP3870000001,MABUCHI MOTOR,JP,0.0002657985174914006,2.7383315274887896,0.9515902414101417
2017,vw_nz,JP3111200006,ASAHI KASEI,JP,0.0002648989719387588,172.64555235877594,218.14740619661535
2017,vw_nz,BMG684371393,PACIFIC BASIN SHIP.,HK,0.0002640436730823574,1207.1598461675665,1799.5175703086454
2017,vw_nz,AU000000MAH3,MACMAHON HOLDINGS,AU,0.00026007732037718035,0.6276579907702088,1.1454585505543726
2017,vw_nz,JP3573000001,TOKYO GAS,JP,0.00025579202327286244,255.89621202600517,370.97074008262894
2017,vw_nz,NZCENE0001S6,CONTACT ENERGY,NZ,0.00024582155517948595,751.0793797707666,459.12913842086016
2017,vw_nz,JP3452000007,TAIYO YUDEN,JP,0.00022264279249511706,16.68154796463868,23.757582581525945
2017,vw_nz,HK0308001558,CTII.INTL.INV.HK.,HK,0.0002218739716814576,38.9690674432407,13.285332292378259
2017,vw_nz,NZTELE0001S4,SPARK NEW ZEALAND,NZ,0.0002053526578395348,1.3812785344327798,0.7616371814346706
2017,vw_nz,JP3613400005,TOYO SEIKAN GROUP HDG.,JP,0.00020345906127030897,72.93246180719736,127.9256366003573
2017,vw_nz,JP3381000003,NIPPON STEEL,JP,0.000201077122947564,2211.9628018440712,3858.150125389879
2017,vw_nz,JP3210200006,KAJIMA,JP,0.00017702833834709435,11.855549928975643,25.646961944067442
2017,vw_nz,JP3870400003,MARUI GROUP,JP,0.00017173360477687886,6.966246388477493,4.483900632915197
2017,vw_nz,JP3551520004,DENTSU GROUP,JP,0.00017144810316475489,0.728438189364427,0.4151860885144333
2017,vw_nz,NZFBUE0001S0,FLETCHER BUILDING,NZ,0.00016875479038623396,204.92734766632464,267.4218010031721
2017,vw_nz,JP3165600002,NTN,JP,0.0001622294131257413,16.039872349584122,40.364698518673066
2017,vw_nz,JP3270000007,KURITA WATER IND.,JP,0.0001543230810270642,15.120820345578894,10.434925230512512
2017,vw_nz,JP3300600008,KONICA MINOLTA,JP,0.0001460624787255014,18.81716874787256,34.45042235990544
2017,vw_nz,AU000000SBM8,ST BARBARA,AU,0.00013942338283214065,296.2950510320944,150.11338351307904
2017,vw_nz,JP3266400005,KUBOTA,JP,0.00013289521171840426,21.06088094917939,14.996955467568958
2017,vw_nz,JP3274400005,GLORY,JP,0.0001263200889641227,0.5169807926313926,0.49091156551979837
2017,vw_nz,AU000000BSL0,BLUESCOPE STEEL,AU,0.00011164529154890255,1133.9100711224494,1790.4825629301959
2017,vw_nz,AU000000SGP0,STOCKLAND STAPLED UNITS,AU,0.00010876414428332275,14.587308821741555,3.4066647405133823
2017,vw_nz,AU000000CSR5,CSR DEAD - DEAD.10/07/24,AU,0.00010361871691381791,247.12461421771198,268.568129330254
2017,vw_nz,JP3304200003,KOMATSU,JP,0.000102881469865823,6.044518403653202,3.835433233028416
2017,vw_nz,JP3119600009,AJINOMOTO,JP,9.416289168318544e-05,134.9213488301012,107.74775523566315
2017,vw_nz,AU000000IGO4,IGO,AU,8.54015326976153e-05,239.37953245842738,43.53706644807623
2017,vw_nz,JP3877600001,MARUBENI,JP,7.873324585237336e-05,10.19871517730095,59.48186371022967
2017,vw_nz,JP3903000002,MITSUBISHI MATERIALS,JP,7.456019260354336e-05,887.8852946343144,2348.9122857677844
2017,vw_nz,JP3197600004,ONO PHARM.,JP,5.537194803895281e-05,10.306379696526987,1.7701179616398308
2017,vw_nz,AU000000ILU1,ILUKA RESOURCES,AU,5.244204962639996e-05,486.08518096160765,123.49319078202383
2017,vw_nz,JP3164800009,NOK,JP,4.770449479236177e-05,7.307093898765516,11.864109693816577
2017,vw_nz,JP3868400007,MAZDA MOTOR,JP,4.111754961135629e-05,5.275280431979921,17.352083575935833
2017,vw_nz,JP3368000000,RESONAC HOLDINGS,JP,3.0672732706097e-05,521.7898783149152,1273.3776188042923
2017,vw_nz,SG1F60858221,SINGAPORE TECHS.ENGR.,SG,2.7327024815502346e-05,6.63992428378404,4.3200157989149215
2017,vw_nz,AU000000MGR9,MIRVAC GROUP STAPLED UNITS,AU,2.710038719839185e-05,2.346218997294769,0.7995877987037717
2017,vw_nz,JP3951600000,UNI CHARM,JP,2.4066379039706997e-05,4.953585633178492,2.226784249443055
2017,vw_nz,JP3820000002,FUJI ELECTRIC,JP,2.230672547447619e-05,29.79503660860932,49.60999842650662
2017,vw_nz,JP3156400008,USHIO,JP,1.939963409404242e-05,2.5261968603550202,2.1557943338256016
2017,vw_nz,JP3122400009,ADVANTEST,JP,1.7521502262696173e-05,2.8016499256361223,1.00336905299174
2017,vw_nz,AU000000LLC3,LENDLEASE GROUP STAPLED UNITS,AU,1.6052472133350277e-05,6.942441615774876,12.9155131603936
2017,vw_nz,JP3388200002,AEON,JP,1.548425972698663e-05,3.501385751738632,20.50917117040804
2017,vw_nz,JP3811000003,FUJIKURA,JP,1.5472589282258298e-05,4.954731291116713,14.959465878221515
2017,vw_nz,JP3762800005,NOMURA RESEARCH INST.,JP,1.3549697591228438e-05,0.2700246208449286,0.11089904748808113
2017,vw_nz,AU000000WOR2,WORLEY,AU,8.75821291195851e-06,2.394345036635419,6.120554131189399
2017,vw_nz,JP3375800004,SHINKO ELEC.INDS. DEAD - DELIST.06/06/25,JP,8.020942547550316e-06,28.62241170572764,42.744915274491525
2017,vw_nz,BMG2442N1048,COSCO SHIPPING PORTS,HK,7.913825373428109e-06,95.52533272959555,17.62546995285552
2017,vw_nz,AU000000CIM7,CIMIC GROUP DEAD - DELIST.11/05/22,AU,7.546836063567828e-06,267.06058501078275,257.58143017596404
2017,vw_nz,JP3294460005,INPEX,JP,6.820477864191878e-06,51.49767546446707,26.780754946718908
2017,vw_nz,HK0363006039,SHANGHAI INDUSTRIAL HOLDINGS,HK,6.65261652387873e-06,2.4086171697591277,2.370052472340763
2017,vw_nz,BMG524401079,KERRY PROPERTIES,HK,3.4280190256609855e-06,1.7298103181751934,0.7159049052835067
2017,vw_nz,AU000000RHC8,RAMSAY HEALTH CARE,AU,2.875518752394334e-06,2.318441698092646,1.5072943960132723
2017,vw_nz,NZAIRE0001S2,AIR NEW ZEALAND,NZ,2.5500332638386336e-06,855.0873913959836,1842.5089618128795
2017,vw_nz,AU000000CWY3,CLEANAWAY WASTE MANAGEMENT,AU,2.546126927190213e-06,508.44246632376814,403.44218187588814
2017,vw_nz,JP3126340003,ALFRESA HOLDINGS,JP,2.3184183802137046e-06,1.7965748191573787,10.450945481335953
2017,vw_nz,HK0293001514,CATHAY PACIFIC AIRWAYS,HK,1.96525804518539e-06,1505.5886163324494,3400.2244533201333
2017,vw_nz,AU000000DXS1,DEXUS STAPLED UNITS,AU,1.9479687539817144e-06,34.20381269613573,2.941431242644555
2017,vw_nz,HK0003000038,HONG KONG AND CHINA GAS,HK,1.3111114470097635e-06,223.3492938412655,34.49437829758073
2018,vw_nz,SG1L01001701,DBS GROUP HOLDINGS,SG,0.21394427595904647,1.7197879054367741e-06,3.8558728703291163e-07
2018,vw_nz,JP3914400001,MURATA MANUFACTURING,JP,0.04338354819734015,21.268052106558194,7.582753977698244
2018,vw_nz,JP3726800000,JAPAN TOBACCO,JP,0.038908994536352624,19.501073797222265,5.767972766623396
2018,vw_nz,JP3126340003,ALFRESA HOLDINGS,JP,0.036403355046667106,1.6496882174414234,6.490874249571183
2018,vw_nz,AU000000TAH8,TABCORP HOLDINGS,AU,0.030137660519685805,2.00096963739366,0.46793694152952375
2018,vw_nz,JP3336000009,SANTEN PHARM.,JP,0.028317784242067847,8.550703776175117,2.5021172219071817
2018,vw_nz,JP3436100006,SOFTBANK GROUP,JP,0.028220638355331285,0.13764861707567969,0.12750108621160747
2018,vw_nz,AU000000IVC8,INVOCARE DEAD - DELIST.27/11/23,AU,0.027035602800324514,14.756597225975934,3.9602236873599233
2018,vw_nz,JP3493800001,DAI NIPPON PRINTING,JP,0.026381378734739735,21.043311751031183,37.2120561528544
2018,vw_nz,AU000000CIM7,CIMIC GROUP DEAD - DELIST.11/05/22,AU,0.022866937357676937,251.0067573931478,215.33223144731446
2018,vw_nz,BMG988031446,YUE YUEN INDL.HDG.,HK,0.02210064946347694,5.346274103473285,6.626010773402703
2018,vw_nz,JP3414750004,SEIKO EPSON,JP,0.01869562900211071,13.815453253442547,15.828992151142598
2018,vw_nz,JP3485800001,DAICEL,JP,0.018456595479778546,421.7062631127643,426.9389035706959
2018,vw_nz,JP3300600008,KONICA MINOLTA,JP,0.017539454058650397,19.09521667360859,37.11517040713901
2018,vw_nz,JP3166000004,EBARA,JP,0.01613187781675883,2.284973939420341,2.563341996941398
2018,vw_nz,AU000000DXS1,DEXUS STAPLED UNITS,AU,0.015285469104741014,25.53880501635357,2.4733865797593073
2018,vw_nz,JP3194000000,OKI ELECTRIC IND.,JP,0.014132381594685009,3.7807818656898244,12.389065232882036
2018,vw_nz,BMG4600H1198,HOPSON DEVELOPMENT HOLDINGS,HK,0.012697998288955573,1.192678717926957,0.906764168190128
2018,vw_nz,JP3486800000,DAITO TST.CONSTRUCTION,JP,0.011126679329409464,2.736061261808081,2.897788176975994
2018,vw_nz,NZFBUE0001S0,FLETCHER BUILDING,NZ,0.010842846473027048,126.5779330868925,220.71792446323175
2018,vw_nz,JP3868400007,MAZDA MOTOR,JP,0.010112375173306126,4.430030211189242,15.452429076734282
2018,vw_nz,HK0006000050,POWER ASSETS HOLDINGS,HK,0.01010676680491224,62808.74455393191,604.3226943307233
2018,vw_nz,AU000000WBC1,WESTPAC BANKING,AU,0.009104521764288663,0.33260258270780757,0.11464708734663297
2018,vw_nz,JP3814800003,SUBARU,JP,0.009100490220684897,8.66108315643986,10.688367954133193
2018,vw_nz,JP3711600001,NIPPON SANSO HOLDINGS,JP,0.008964219182994428,3.2916358147994025,2.8369344981686844
2018,vw_nz,JP3197600004,ONO PHARM.,JP,0.008579141238696008,3.6576680859853217,0.6196116565718564
2018,vw_nz,AU000000NAB4,NATIONAL AUS.BANK,AU,0.008125509788834853,0.7437438473085517,0.3009355982465895
2018,vw_nz,JP3721400004,JAPAN STEEL WORKS,JP,0.008103180751355655,46.54930994369451,39.776669415753574
2018,vw_nz,BMG2178K1009,CKI HOLDINGS,HK,0.008023647772314027,11628.968070819103,381.40470494927916
2018,vw_nz,AU000000ANZ3,ANZ GROUP HOLDINGS,AU,0.007835693233848438,0.5720828533875487,0.2645272491771613
2018,vw_nz,JP3435000009,SONY GROUP,JP,0.0075251992367626214,3.0438433169339705,3.7249000772672205
2018,vw_nz,JP3475350009,DAIICHI SANKYO,JP,0.0068247197699544725,12.40767640188632,4.282667292062491
2018,vw_nz,JP3463000004,TAKEDA PHARMACEUTICAL,JP,0.0066271815543394895,9.89017088855397,3.426369985855516
2018,vw_nz,JP3592200004,TOSHIBA DEAD - DELIST.20/12/23,JP,0.006405989535317428,9.087157071344757,17.457398657155736
2018,vw_nz,JP3496400007,KDDI,JP,0.0060143433079376885,0.5001970989985122,0.34440387901750535
2018,vw_nz,NZCENE0001S6,CONTACT ENERGY,NZ,0.005912218388119811,760.1844709971533,411.66757699256334
2018,vw_nz,JP3118000003,ASICS,JP,0.005758253695497821,1.1039686320636959,1.214519609241517
2018,vw_nz,JP3249600002,KYOCERA,JP,0.005694481127445203,9.04534091738534,5.309467221851627
2018,vw_nz,AU000000CWY3,CLEANAWAY WASTE MANAGEMENT,AU,0.005681965716489453,591.6948317284719,300.9781790820166
2018,vw_nz,JP3385980002,J S R DEAD - DELIST.25/06/24,JP,0.005678633551700291,109.64562679879631,79.31111680279271
2018,vw_nz,JP3407400005,SUMITOMO ELECTRIC IND.,JP,0.005538711776578997,7.02122554308649,14.38299373600724
2018,vw_nz,JP3942400007,ASTELLAS PHARMA,JP,0.005353652049281349,7.392336402418269,3.1339603237447076
2018,vw_nz,JP3228600007,KANSAI ELECTRIC PWR.,JP,0.005312743353278667,1182.609563114172,2752.1966242942117
2018,vw_nz,JP3967200001,RAKUTEN GROUP,JP,0.005138928320579734,0.1346745860886517,0.08942519690538996
2018,vw_nz,JP3940000007,YAMATO HDG.,JP,0.005119370470166334,47.6972777922128,61.84117266676644
2018,vw_nz,JP3164800009,NOK,JP,0.004913786149991406,1.1964897980549563,2.0080422090472343
2018,vw_nz,JP3538800008,TDK,JP,0.004679255063018207,11.373476973297363,10.650394905563884
2018,vw_nz,KYG0535Q1331,ASMPT,HK,0.00462469979614392,1.0266239293539903,0.4028204436629339
2018,vw_nz,BMG668971101,CTF SERVICES,HK,0.00447931982312004,87.66166173728116,52.87887719484167
2018,vw_nz,AU000000WES1,WESFARMERS,AU,0.00446664325316835,45.50776670064103,63.11753726978319
2018,vw_nz,AU000000MAH3,MACMAHON HOLDINGS,AU,0.004347896918646215,1.5533842756014926,1.4778453067373125
2018,vw_nz,JP3385820000,GS YUASA,JP,0.0043391548190779465,6.3567391588303925,10.479387296259267
2018,vw_nz,AU000000SIG5,SIGMA HEALTHCARE,AU,0.004191300237200967,1.369080073846625,6.245227446274681
2018,vw_nz,AU000000CSR5,CSR DEAD - DEAD.10/07/24,AU,0.004158962860954411,217.77568029037283,216.03373877858195
2018,vw_nz,JP3566800003,CENTRAL JAPAN RAILWAY,JP,0.003705976355188193,4.506706008992097,1.8717431037648848
2018,vw_nz,JP3491000000,DAIDO STEEL,JP,0.0030278006387749294,90.98145477703522,158.1520764980478
2018,vw_nz,JP3619800000,TOYOBO,JP,0.0029743614914870637,246.00328563733476,438.1036626183418
2018,vw_nz,AU000000MND5,MONADELPHOUS GROUP,AU,0.0029627703642329272,7.86070673615925,6.55874666171577
2018,vw_nz,AU000000ERA9,ENERGY RES.OF AUS.,AU,0.002775652558151395,596.2010798694939,329.6672747806446
2018,vw_nz,BMG8063F1068,SHANGRI-LA ASIA,HK,0.0025923488533375967,69.5628864751178,18.283343469804354
2018,vw_nz,NZTELE0001S4,SPARK NEW ZEALAND,NZ,0.00247759392812126,1.3581102951550923,0.7500734446914594
2018,vw_nz,JP3160400002,EISAI,JP,0.0024097233531030653,8.28119006753118,2.5247883803507345
2018,vw_nz,JP3942600002,YAMAHA,JP,0.0024058767463750173,5.922674082197961,2.853867114020677
2018,vw_nz,JP3528600004,CHIYODA CORPORATION,JP,0.0022990957571593067,0.21039439893087,0.4188776298738612
2018,vw_nz,HK0012000102,HENDERSON LD.DEV.,HK,0.0022982232141700925,0.2677183487823133,0.030411912458746804
2018,vw_nz,HK0165000859,CHINA EVERBRIGHT,HK,0.0022160632898564287,0.15098353240338888,0.018312302605240135
2018,vw_nz,JP3242800005,CANON,JP,0.0021713562467100505,4.342876307107153,3.026879108877136
2018,vw_nz,JP3670800006,NISSAN CHEMICAL,JP,0.0021529469923972358,153.24025298918355,43.29211814693386
2018,vw_nz,JP3198900007,ORIENTAL LAND,JP,0.002125235014247744,13.750114584288202,1.6722533865221392
2018,vw_nz,HK0388045442,HONG KONG EXCHANGES AND CLEARING,HK,0.002085902456245932,0.02566388416133128,0.0008294990829669349
2018,vw_nz,JP3270000007,KURITA WATER IND.,JP,0.0019392425855903595,2.9356146320818644,1.6215383534359047
2018,vw_nz,AU000000APA1,APA GROUP,AU,0.0019218505160502365,656.3877946969252,164.3798975902629
2018,vw_nz,AU000000GWA4,GWA GROUP,AU,0.0019210640878178779,35.6073377006736,16.82010617566024
2018,vw_nz,AU000000MQG1,MACQUARIE GROUP,AU,0.0019180849549555723,0.04824296872700775,0.018255024096279392
2018,vw_nz,JP3347200002,SHIONOGI,JP,0.0018854091014468219,13.875115024626924,2.337105530081306
2018,vw_nz,JP3027670003,NIPPON BUILDING FUND,JP,0.001884066707083046,10.824114119136938,1.0326516929265839
2018,vw_nz,JP3210200006,KAJIMA,JP,0.0018694048100585852,10.946435117684835,18.13189906830668
2018,vw_nz,BMG524401079,KERRY PROPERTIES,HK,0.001788547137233541,1.1791036172232296,0.7697135872617357
2018,vw_nz,JP3404200002,SUMITOMO RUBBER INDS.,JP,0.0017653073655253923,50.29697218514567,78.18287365061246
2018,vw_nz,JP3678000005,NISSHINBO HOLDINGS,JP,0.0017278148581256316,59.44650689464086,112.59243692480939
2018,vw_nz,JP3633400001,TOYOTA MOTOR,JP,0.0017128635350294253,9.62678113430414,11.311938686630686
2018,vw_nz,JP3243600008,CANON MARKETING JAPAN,JP,0.0016874313873474344,1.373114063453794,1.8931606442138715
2018,vw_nz,SG1T58930911,FRASER AND NEAVE,SG,0.0016859914915377456,28.795060753210013,14.852967642083287
2018,vw_nz,HK0019000162,SWIRE PACIFIC 'A',HK,0.001649204587944107,1817.6789762080734,2055.1008000563916
2018,vw_nz,HK0002007356,CLP HOLDINGS,HK,0.0016243662036856583,3248.8319877729405,1481.842824308344
2018,vw_nz,JP3818000006,FUJITSU,JP,0.0016159752914019923,5.291213563079964,15.497541526366954
2018,vw_nz,JP3419400001,SEKISUI CHEMICAL,JP,0.0015839339658375875,14.18395807593865,14.781461868762209
2018,vw_nz,KYG217651051,CK HUTCHISON HOLDINGS,HK,0.0015113157033537733,297.46067313037804,182.15481518699278
2018,vw_nz,HK0016000132,SUN HUNG KAI PROPERTIES,HK,0.0014924915035404865,5.608352324412873,1.26397758077871
2018,vw_nz,JP3613400005,TOYO SEIKAN GROUP HDG.,JP,0.0014546109284215576,65.26678953221321,134.03825400105623
2018,vw_nz,JP3405400007,SUMITOMO HEAVY INDS.,JP,0.001439577791395261,5.325883835193333,6.531438104795484
2018,vw_nz,JP3173400007,OBIC,JP,0.0014255256975321644,0.5109572876323372,0.03810114799875892
2018,vw_nz,AU000000BPT9,BEACH ENERGY,AU,0.0014168313503630954,903.7461329094194,193.83849008207267
2018,vw_nz,JP3481800005,DAIKIN INDUSTRIES,JP,0.0014082276294124702,37.354732483346055,21.568323624749766
2018,vw_nz,JP3787000003,HITACHI CON.MCH.,JP,0.0013941005733119805,6.047889322202371,5.538704138715216
2018,vw_nz,JP3830800003,BRIDGESTONE,JP,0.0013540050723981137,56.59484453687057,50.35658011966427
2018,vw_nz,JP3358800005,SHIMIZU,JP,0.0013393951581382164,16.104709225921386,27.60641440848473
2018,vw_nz,HK0000055878,CHINA TAIPING INSURANCE HLDGS,HK,0.0013240429574852466,0.0459794759464489,0.07559277881992205
2018,vw_nz,JP3720800006,NSK,JP,0.0012869008848357157,15.641451552955502,15.934390425994229
2018,vw_nz,JP3935600001,YAMAZAKI BAKING,JP,0.0012415542227459137,33.74970193877363,73.47723004534137
2018,vw_nz,JP3820000002,FUJI ELECTRIC,JP,0.0012395932014088056,29.85633978763273,38.667007497193005
2018,vw_nz,JP3663900003,SOJITZ,JP,0.0011861308116296208,46.13040668499464,180.07427293496175
2018,vw_nz,JP3443600006,TAISEI,JP,0.0011603421161514493,17.932454847039363,22.28128531185842
2018,vw_nz,AU000000ABC7,ADBRI DEAD - DELIST.02/07/24,AU,0.0011549035752403227,1737.1728323503435,626.6878678537001
2018,vw_nz,JP3735400008,NTT,JP,0.0011003789934018937,1.7375987996329365,1.852275891387748
2018,vw_nz,JP3126400005,ALPS ALPINE,JP,0.0010940919031160114,1.1844623188519305,1.6222952062374514
2018,vw_nz,JP3600200004,TOHO GAS,JP,0.0010917727457632836,17.607000542154125,21.00876436556341
2018,vw_nz,JP3224200000,KAWASAKI HEAVY INDUSTRY,JP,0.0010855475871344993,12.388991817634041,26.042051995324268
2018,vw_nz,JP3326410002,SANKYO,JP,0.0010471758739501074,2.4648737074611247,0.46631582615969047
2018,vw_nz,AU000000AMP6,AMP,AU,0.0010120290009886998,0.008380987030216482,0.00997048898710456
2018,vw_nz,JP3903000002,MITSUBISHI MATERIALS,JP,0.0010117554708792826,742.9051816676405,2067.4022453714642
2018,vw_nz,JP3778630008,BANDAI NAMCO HDG.,JP,0.0009459660900457497,0.3158322617085857,0.2610810711265301
2018,vw_nz,AU000000CGF5,CHALLENGER,AU,0.000923153437765026,0.0020408912980476833,0.0005261559646543456
2018,vw_nz,JP3551500006,DENSO,JP,0.000911357317093413,15.497562031350355,13.855009931431756
2018,vw_nz,JP3401400001,SUMITOMO CHEMICAL,JP,0.0008813795353884796,337.2500565744798,557.3071665462144
2018,vw_nz,JP3201200007,OLYMPUS,JP,0.0008417802983469797,4.258495361796813,2.2993629503656967
2018,vw_nz,AU000000STO6,SANTOS,AU,0.0007986477151800098,1711.4309245904255,618.1200368845399
2018,vw_nz,JP3899600005,MITSUBISHI ESTATE,JP,0.0007950246721850618,12.197100961610891,4.5851198921774285
2018,vw_nz,HK0066009694,MTR,HK,0.0007826176341967536,7.118834452393606,1.4862132076816548
2018,vw_nz,AU000000COH5,COCHLEAR,AU,0.0007402850280107949,0.7190805251658429,0.09095372729124059
2018,vw_nz,JP3902400005,MITSUBISHI ELECTRIC,JP,0.0007305862050004043,7.765538648697577,7.775903478462628
2018,vw_nz,AU000000QAN2,QANTAS AIRWAYS,AU,0.0007290135742630023,943.7913950225922,1677.5593291018586
2018,vw_nz,HK0688002218,CHINA OVERSEAS LAND INVESTMENT,HK,0.0007280748138028025,1.2205850288990403,0.5892730610166704
2018,vw_nz,JP3814000000,FUJIFILM HOLDINGS,JP,0.0007053917874842542,31.2212186491474,31.751489824271452
2018,vw_nz,JP3320800000,SAPPORO HOLDINGS,JP,0.0007050798222539198,23.90705251686902,49.7313133331668
2018,vw_nz,HK0004000045,WHARF HOLDINGS,HK,0.0006375000210819135,2.7337782568742997,1.212825398047291
2018,vw_nz,JP3733000008,NEC,JP,0.0006353093982210515,2.175190292250022,7.137458529454125
2018,vw_nz,AU000000GPT8,GPT GROUP STAPLED UNITS,AU,0.0005620102888739622,17.598046641774417,1.3776303195867945
2018,vw_nz,JP3165600002,NTN,JP,0.0005594814359837136,15.451468503557196,38.90985992359469
2018,vw_nz,JP3684000007,NITTO DENKO,JP,0.0005254047670311536,48.88421167009087,25.450192324882956
2018,vw_nz,JP3027680002,JAPAN REAL ESTATE INV.,JP,0.00045891256800162036,11.480274015642403,0.9809259373769883
2018,vw_nz,AU000000CSL8,CSL,AU,0.00043013149149602535,7.269576553695936,1.0470090681046476
2018,vw_nz,AU000000CBA7,COMMONWEALTH BK.OF AUS.,AU,0.0004040688740039125,0.26622384371298635,0.0777203316707817
2018,vw_nz,JP3769000005,HACHIJUNI NAGANO BANK,JP,0.0003886112028355487,1.5980244737418854,0.8523313309120915
2018,vw_nz,AU000000RHC8,RAMSAY HEALTH CARE,AU,0.0003796156028882551,2.2412319391374806,1.4238865527762707
2018,vw_nz,JP3811000003,FUJIKURA,JP,0.0003713140359916285,4.197057148705344,9.72821390270398
2018,vw_nz,JP3368000000,RESONAC HOLDINGS,JP,0.00036839279141682914,446.41322673166536,449.22389313140087
2018,vw_nz,SGXE34184239,SEATRIUM,SG,0.00036625805117063067,26.995046461177946,11.05350659926034
2018,vw_nz,SG1V61937297,SINGAPORE AIRLINES,SG,0.0003644777197784204,1205.5477354731777,1376.54046475137
2018,vw_nz,HK0003000038,HONG KONG AND CHINA GAS,HK,0.00036300004324609354,194.3520850582984,29.225809395572597
2018,vw_nz,KYG2108Y1052,CHINA RESOURCES LAND,HK,0.00035600078591919526,34.59934346236411,18.47090429596037
2018,vw_nz,AU000000WOW2,WOOLWORTHS GROUP,AU,0.00035122483985086146,14.89144296729175,23.126456294694986
2018,vw_nz,JP3898400001,MITSUBISHI,JP,0.00034660000625385867,81.35280628059729,120.45194256012687
2018,vw_nz,JP3982100004,LAWSON DEAD - DELIST.24/07/24,JP,0.0003455651037110556,0.8486212733046378,0.7533958208690642
2018,vw_nz,JP3634600005,TOYOTA INDS.,JP,0.00034162767328333805,11.15731939506823,8.838774330208256
2018,vw_nz,JP3266400005,KUBOTA,JP,0.0003408549328980913,19.91490913917238,12.689825330176404
2018,vw_nz,JP3549600009,DENKA,JP,0.00032970052894765856,526.6196889368723,527.5964796579719
2018,vw_nz,JP3397200001,SUZUKI MOTOR,JP,0.0003259285504784239,19.698294854987214,23.764110854824317
2018,vw_nz,AU0000038911,OVATO DEAD - DELIST.29/08/22,AU,0.00031700214379814194,33.01201637396012,134.15615776764153
2018,vw_nz,AU000000BHP4,BHP GROUP,AU,0.00030587089292104035,248.67903060921853,134.77749304954122
2018,vw_nz,JP3116000005,ASAHI GROUP HOLDINGS,JP,0.0003034833770168687,24.513799495439294,18.50245227426309
2018,vw_nz,HK0014000126,HYSAN DEVELOPMENT,HK,0.00027854860252742893,0.066133629611994,0.0049582023541544775
2018,vw_nz,HK0242001243,SHUN TAK HOLDINGS,HK,0.0002782735083292631,518.2572903671291,330.95735115906336
2018,vw_nz,JP3866800000,PANASONIC HOLDINGS,JP,0.00027614001817948165,6.482055106825114,12.6139920981566
2018,vw_nz,BMG677491539,ORIENT OVERSEAS (INTL.),HK,0.0002742074118330883,927.3881571101396,965.2609531951272
2018,vw_nz,JP3351100007,SYSMEX,JP,0.0002713718691686876,1.3856178555349135,0.20930852075959966
2018,vw_nz,HK0000608585,NEW WORLD DEVELOPMENT COMPANY,HK,0.00026467077345892234,42.00160655020956,19.490721478949137
2018,vw_nz,JP3560800009,TOKAI CARBON,JP,0.0002611232393618458,2524.52319756316,732.4682371026812
2018,vw_nz,JP3419050004,SEGA SAMMY HDG.,JP,0.00025015315544070775,2.8117810787014683,2.419422026960226
2018,vw_nz,HK0363006039,SHANGHAI INDUSTRIAL HOLDINGS,HK,0.00024757044985256103,1.6075295155567715,1.91756130725568
2018,vw_nz,SG9999000020,FLEX,SG,0.00022453779420224436,2.972581952454433,8.210712340477238
2018,vw_nz,MU0117U00026,GOLDEN AGRI-RESOURCES,SG,0.00021661249708751474,261.78488713150523,546.0920635174764
2018,vw_nz,AU000000NCM7,NEWCREST MINING DEAD - DELIST.08/11/23,AU,0.00021525084048461935,396.51123544083663,98.60188307628401
2018,vw_nz,JP3551520004,DENTSU GROUP,JP,0.00019631913944139737,0.5919502842573549,0.38946101754021084
2018,vw_nz,JP3156400008,USHIO,JP,0.00019066079616090337,2.537050695653957,2.0111220021574123
2018,vw_nz,HK0083000502,SINO LAND,HK,0.00018565708589992318,0.3521418425151032,0.042617566987624006
2018,vw_nz,JP3389900006,JAFCO GROUP,JP,0.00018117822748453278,0.020670918969997634,0.0049935796832643745
2018,vw_nz,KYG5427W1309,LEE & MAN PAPER MNFG.,HK,0.00016540328243716898,1598.310196754512,1001.8284071610866
2018,vw_nz,AU000000DOW2,DOWNER EDI,AU,0.00016475602680712483,43.31105581018396,103.01789809015222
2018,vw_nz,JP3585800000,TOKYO ELECTRIC POWER CO. HDG.,JP,0.00016112161870871956,1637.0897627954282,12959.542439869934
2018,vw_nz,JP3635400009,TOYOTA BOSHOKU,JP,0.00014518037632753735,5.0238161009054085,15.372187155303529
2018,vw_nz,NZAIAE0002S6,AUCKLAND INTL.AIRPORT,NZ,0.00013899535972267552,5.057198001482717,0.41313026814007314
2018,vw_nz,AU000000BLD2,BORAL DEAD - DELIST.08/07/24,AU,0.0001371943928071118,504.38996945035314,270.0756449641595
2018,vw_nz,SG1N31909426,COMFORTDELGRO CORPORATION,SG,0.00013494060279223963,317.7504383166647,272.5092713383198
2018,vw_nz,JP3119600009,AJINOMOTO,JP,0.0001348229828437019,120.57958367223887,116.91292087866258
2018,vw_nz,JP3893600001,MITSUI,JP,0.00013161523876640857,78.61837060508374,104.31257468725892
2018,vw_nz,JP3621000003,TORAY INDS.,JP,0.00012790040449523924,162.30404188637544,199.3453275877166
2018,vw_nz,JP3165700000,NTT DATA GROUP DEAD - DELIST.26/09/25,JP,0.00012596960029927586,0.46536331805631875,0.5320808095462625
2018,vw_nz,JP3902900004,MITSUBISHI UFJ FINL.GP.,JP,0.00012374893294046275,0.21647679192660813,0.11118274258968806
2018,vw_nz,SG1R89002252,CITY DEVELOPMENTS,SG,0.00011329588637330898,0.5328847043488835,0.16832086068864666
2018,vw_nz,AU000000SBM8,ST BARBARA,AU,0.00010644542940906904,271.0772147104568,91.381019967725
2018,vw_nz,SG1U68934629,KEPPEL,SG,9.291468788304176e-05,5.815718738493892,2.189869760245941
2018,vw_nz,JP3837800006,HOYA,JP,9.07601915140976e-05,4.504858998081248,1.1042351476617438
2018,vw_nz,JP3595200001,TOSOH,JP,8.96142401120936e-05,1022.7949874151747,1022.8016401994895
2018,vw_nz,JP3040890000,JAPAN PRIME REALTY INV.,JP,8.828299517465195e-05,11.77534910189252,1.018598574971758
2018,vw_nz,AU000000OZL8,OZ MINERALS DEAD - DELIST.03/05/23,AU,8.264933958079736e-05,104.945064413606,38.32595356364208
2018,vw_nz,JP3519400000,CHUGAI PHARM.,JP,7.831839893395159e-05,10.226027272712244,1.7214037677621508
2018,vw_nz,SG1J26887955,SINGAPORE EXCHANGE,SG,6.73610377318017e-05,0.07516026107280363,0.007012908275684211
2018,vw_nz,JP3686800008,NIPPON SHEET GLASS,JP,6.700794575649724e-05,533.9840327726256,3660.460713158725
2018,vw_nz,AU000000ORI1,ORICA,AU,6.502411317370952e-05,560.7979725303959,389.42310195284233
2018,vw_nz,JP3766550002,HAKUHODO DY HDG.,JP,6.422967439295606e-05,0.02197208890578075,0.04460060329976372
2018,vw_nz,JP3256000005,KYOWA KIRIN,JP,6.200287842476933e-05,21.24953261773738,5.928909217363414
2018,vw_nz,SG1T75931496,SINGAPORE TELECOM,SG,6.110518532921041e-05,0.45875642669408156,0.14098004271519415
2018,vw_nz,JP3582600007,TOKYO TATEMONO,JP,5.899105451406354e-05,1.364395802126225,0.9654684130917516
2018,vw_nz,AU000000IAG3,INSURANCE AUS.GROUP,AU,5.7988088888847307e-05,1.2625410000853738,0.8260698148280289
2018,vw_nz,AU000000MGR9,MIRVAC GROUP STAPLED UNITS,AU,5.402856532190688e-05,4.32381848446648,1.0880458352651763
2018,vw_nz,AU000000BEN6,BENDIGO & ADELAIDE BANK,AU,4.8029358823298355e-05,1.6000717406064644,0.8231438074190586
2018,vw_nz,JP3894900004,ISETAN MITSUKOSHI HDG.,JP,4.7675321556896134e-05,2.2209387129519857,5.203079158060471
2018,vw_nz,JP3783600004,EAST JAPAN RAILWAY,JP,4.7293062194929704e-05,52.429952922805796,36.92395312623688
2018,vw_nz,JP3409000001,SUMITOMO REAL.&DEV.,JP,4.6392732532831444e-05,2.024774570582099,0.9644450842090112
2018,vw_nz,JP3420600003,SEKISUI HOUSE,JP,4.414562947461744e-05,3.936181714595643,6.201130860773337
2018,vw_nz,JP3888300005,MITSUI CHEMICALS,JP,4.2442954571341186e-05,347.5918623827863,651.0561400945778
2018,vw_nz,SG1S83002349,UOL GROUP,SG,4.198534941636292e-05,1.393345427387703,0.38500857692374335
2018,vw_nz,JP3659000008,WEST JAPAN RAILWAY,JP,4.060849080163061e-05,7.424589006307114,7.035975647081091
2018,vw_nz,AU000000CQR9,CHARTER HALL RETAIL REIT,AU,3.902282759562371e-05,0.48153183775209607,0.0697704961092688
2018,vw_nz,JP3802300008,FAST RETAILING,JP,3.771739324556406e-05,0.7029763369413867,0.26581177683796786
2018,vw_nz,JP3854600008,HONDA MOTOR,JP,3.113079389814338e-05,9.79758074797736,21.148180128606
2018,vw_nz,JP3502200003,DAIWA SECURITIES GROUP,JP,3.0408393631260255e-05,0.1562839375346569,0.08142970323850336
2018,vw_nz,AU000000TLS2,TELSTRA GROUP,AU,3.034637365389582e-05,2.658689745456173,1.590644307454744
2018,vw_nz,JP3977400005,RINNAI,JP,2.8218401464909324e-05,13.027512796292461,8.305571179278617
2018,vw_nz,JP3429800000,ANA HOLDINGS,JP,2.757859657271957e-05,660.8214561384347,832.4758061718832
2018,vw_nz,JP3260800002,KINTETSU GROUP HDG.,JP,2.664017310019391e-05,5.365551297110267,7.9461324222463
2018,vw_nz,JP3734800000,NIDEC,JP,2.5309404118520234e-05,7.067078636382596,1.9592947986899134
2018,vw_nz,JP3753000003,NIPPON YUSEN KK,JP,2.498217396111967e-05,1079.1205291487117,5010.862457574139
2018,vw_nz,JP3657400002,NIKON,JP,2.4022703580519073e-05,6.267423685601022,5.141801586439205
2018,vw_nz,JP3505000004,DAIWA HOUSE INDUSTRY,JP,2.2294221838816794e-05,8.061956223219134,10.264421074096717
2018,vw_nz,JP3675600005,NISSIN FOODS HOLDINGS,JP,1.908853873896637e-05,47.589023774701076,25.23476322712657
2018,vw_nz,SG1R50925390,SEMBCORP INDUSTRIES,SG,1.646723773955429e-05,3740.861378666036,4892.195014083984
2018,vw_nz,JP3197800000,OMRON,JP,1.5903989071599426e-05,8.807647703438086,5.132792500559795
2018,vw_nz,JP3371200001,SHIN-ETSU CHEMICAL,JP,1.4426473463856624e-05,139.07635813397386,36.4429418911617
2018,vw_nz,AU0000088338,AMPOL,AU,1.3162825514847027e-05,43.54116168538793,99.81408777539428
2018,vw_nz,JP3900000005,MITSUBISHI HEAVY INDS.,JP,1.2027839965120565e-05,5.116718567192993,14.892950408129282
2018,vw_nz,HK0000049939,CHINA UNICOM (HONG KONG),HK,1.1280209134076542e-05,9.09804468512024,8.125289326180736
2018,vw_nz,JP3788600009,HITACHI,JP,1.111261168842825e-05,25.1171710103773,54.78768093825454
2018,vw_nz,HK0144000764,CHINA MERCHANTS PORT HOLDINGS,HK,9.391791889283466e-06,20.188804373941,2.7683180826596385
2018,vw_nz,AU000000ASX7,ASX,AU,9.366652126632801e-06,0.06378768445426647,0.00521314304370132
2018,vw_nz,JP3762600009,NOMURA HDG.,JP,7.419265390358473e-06,0.17492706938518454,0.12846566398757936
2018,vw_nz,HK0008011667,PCCW,HK,7.180961293534687e-06,1.88410386320456,2.0412317375513456
2018,vw_nz,JP3596200000,TOTO,JP,6.2329591168278805e-06,34.047150977670526,19.037381634290846
2018,vw_nz,JP3546800008,TERUMO,JP,6.221108903236442e-06,11.092188058647938,3.1137170537970875
2018,vw_nz,JP3626800001,LIXIL,JP,5.437401601095717e-06,38.56203505580409,66.5030326481922
2018,vw_nz,JP3269600007,KURARAY,JP,5.310568224329632e-06,425.83353187821757,302.59062967597083
2018,vw_nz,JP3973400009,RICOH,JP,5.281208774650822e-06,7.588835105834203,17.290305070288056
2018,vw_nz,AU000000BSL0,BLUESCOPE STEEL,AU,4.908646216564605e-06,1016.4290427658486,1340.5538828185677
2018,vw_nz,JP3910660004,TOKIO MARINE HOLDINGS,JP,4.721105792914043e-06,0.2948726907428433,0.40855210140131054
2018,vw_nz,HK0293001514,CATHAY PACIFIC AIRWAYS,HK,3.5309506397954172e-06,1479.7989608119262,2937.0360914397324
2018,vw_nz,JP3180400008,OSAKA GAS,JP,2.813462527430267e-06,419.578956801125,574.1418576161934
2018,vw_nz,AU000000SUN6,SUNCORP GROUP,AU,2.7266255528757946e-06,0.6560012467513864,0.6083518561908562
2018,vw_nz,JP3799000009,HIROSE ELECTRIC,JP,2.1487166122478333e-06,2.0716238172778048,0.3941246360008856
2018,vw_nz,JP3322930003,SUMCO,JP,2.1075767036969843e-06,10.58840620345072,3.232342038676912
2018,vw_nz,JP3539220008,T & D HOLDINGS,JP,1.6428092823874328e-06,0.11179134078329411,0.15785326234244904
2018,vw_nz,JP3955000009,YOKOGAWA ELECTRIC,JP,1.5692870815388e-06,4.166145177670738,2.7321832824845638
2018,vw_nz,JP3268950007,MEDIPAL HOLDINGS,JP,1.4897236706685203e-06,1.3183440221948206,7.781444567234513
2018,vw_nz,JP3830000000,BROTHER INDUSTRIES,JP,1.33841091855466e-06,10.599160417790369,9.962285675240896
2018,vw_nz,JP3190000004,OBAYASHI,JP,1.1856284852236495e-06,8.742618467969658,17.3001874091683
2019,vw_nz,HK0388045442,HONG KONG EXCHANGES AND CLEARING,HK,0.09332669662209782,0.018129796155164683,0.0008499732773552953
2019,vw_nz,JP3743000006,NH FOODS,JP,0.03329424403950815,30.745911721419425,81.86713528544107
2019,vw_nz,AU000000MAH3,MACMAHON HOLDINGS,AU,0.029476602218365497,1.1149632272505428,2.1179667519181584
2019,vw_nz,JP3711600001,NIPPON SANSO HOLDINGS,JP,0.029424149860445278,2.210273065028286,2.0343041807857065
2019,vw_nz,JP3870400003,MARUI GROUP,JP,0.027841583086163073,6.61175035248957,3.3630635062313163
2019,vw_nz,JP3118000003,ASICS,JP,0.021788089400820613,1.0884834043053933,1.344659973651933
2019,vw_nz,JP3718800000,NISSUI,JP,0.02100969832998327,32.374917617293754,110.39603699784689
2019,vw_nz,JP3626800001,LIXIL,JP,0.02054563984187447,33.760867968140204,123.84791998726632
2019,vw_nz,JP3571400005,TOKYO ELECTRON,JP,0.019833699972878847,1.9959224966661857,1.0314045495254678
2019,vw_nz,JP3802300008,FAST RETAILING,JP,0.018255318066778638,0.6232983814773667,0.2495111752392375
2019,vw_nz,JP3837800006,HOYA,JP,0.018238862115049936,4.368888066350719,0.9628018355144337
2019,vw_nz,JP3573000001,TOKYO GAS,JP,0.018045614653485514,208.46856482291676,300.59289183263644
2019,vw_nz,JP3198900007,ORIENTAL LAND,JP,0.01738862333461745,13.18220011770429,1.6298688717916228
2019,vw_nz,JP3792600003,HINO MOTORS,JP,0.015604642155594983,8.329639600928077,27.42887236248535
2019,vw_nz,AU000000COH5,COCHLEAR,AU,0.014660028216874114,0.3958349261898517,0.05026373096983193
2019,vw_nz,JP3967200001,RAKUTEN GROUP,JP,0.014083575933402709,0.2572817895929466,0.24631337982644935
2019,vw_nz,AU000000CIM7,CIMIC GROUP DEAD - DELIST.11/05/22,AU,0.013715021729097977,246.51350447584855,251.0730656936394
2019,vw_nz,JP3778630008,BANDAI NAMCO HDG.,JP,0.013534579659421127,0.930125036545483,0.6412145996106464
2019,vw_nz,JP3160400002,EISAI,JP,0.01310049394468933,7.924093833879249,1.9464565984972901
2019,vw_nz,JP3351100007,SYSMEX,JP,0.012996024806543476,1.6902890291613817,0.3749436151242153
2019,vw_nz,HK0011000095,HANG SENG BANK DEAD - DELIST.28/01/26,HK,0.012548972784899857,0.02959227471741797,0.0044453290109825105
2019,vw_nz,JP3201200007,OLYMPUS,JP,0.011395498398138826,3.7889730256524623,1.9543708276271454
2019,vw_nz,JP3940000007,YAMATO HDG.,JP,0.010764423341043758,44.99600711408263,62.554939501033274
2019,vw_nz,JP3165700000,NTT DATA GROUP DEAD - DELIST.26/09/25,JP,0.010624861616956761,0.4587482635618913,0.5330129594835478
2019,vw_nz,AU000000WBC1,WESTPAC BANKING,AU,0.010395752726630804,0.3332840125782682,0.15056565369802088
2019,vw_nz,JP3293200006,COCA-COLA BOTTLERS JAPAN HOLDINGS,JP,0.010004260404524252,22.583581214991504,30.006218954181815
2019,vw_nz,JP3830800003,BRIDGESTONE,JP,0.009975184120530904,54.146494825009434,61.86625180557358
2019,vw_nz,JP3436100006,SOFTBANK GROUP,JP,0.009590804011822787,0.13167382173739173,0.13472285089357966
2019,vw_nz,AU000000ANZ3,ANZ GROUP HOLDINGS,AU,0.00873716053982923,0.6179023134811727,0.31298913581559584
2019,vw_nz,AU000000IVC8,INVOCARE DEAD - DELIST.27/11/23,AU,0.008023050796445275,15.647344393464799,5.55646014817227
2019,vw_nz,AU000000WES1,WESFARMERS,AU,0.007796407118481657,126.45793938988268,94.65726730641173
2019,vw_nz,HK0823032773,LINK REAL ESTATE INVESTMENT TRUST,HK,0.007635222540423839,1.2375536329905505,0.1192707445902198
2019,vw_nz,SG1F60858221,SINGAPORE TECHS.ENGR.,SG,0.007556934875902944,6.509098127173268,3.7332624437265585
2019,vw_nz,JP3835620000,BENESSE HOLDINGS DEAD - DELIST.17/05/24,JP,0.007495417071476711,0.02255756678370411,0.0329693126083542
2019,vw_nz,AU000000WOR2,WORLEY,AU,0.007486273584426713,8.761989459096712,6.807122693093481
2019,vw_nz,JP3820000002,FUJI ELECTRIC,JP,0.007398119498320028,32.74494486459284,61.341309047731066
2019,vw_nz,JP3613400005,TOYO SEIKAN GROUP HDG.,JP,0.007260543025363708,62.07885064810182,99.0114293148806
2019,vw_nz,BMG2178K1009,CKI HOLDINGS,HK,0.007218724404240704,9315.28439400259,397.21381573712733
2019,vw_nz,JP3336000009,SANTEN PHARM.,JP,0.007102811470301077,8.108315430527345,2.9876319970506398
2019,vw_nz,BMG668971101,CTF SERVICES,HK,0.007072375926296,100.31185684238037,44.77787736394056
2019,vw_nz,JP3600200004,TOHO GAS,JP,0.007033714231302937,16.224831020295117,14.894683715423335
2019,vw_nz,AU000000BHP4,BHP GROUP,AU,0.006992440484981987,222.86707663618972,123.74901241338905
2019,vw_nz,AU000000APA1,APA GROUP,AU,0.006989894218978258,702.1290685360834,154.77329326593352
2019,vw_nz,JP3756600007,NINTENDO,JP,0.006603612738116108,0.04825995296369338,0.013262006174359822
2019,vw_nz,AU000000CWY3,CLEANAWAY WASTE MANAGEMENT,AU,0.0065311755132633235,516.4125042095243,291.99433253619003
2019,vw_nz,AU000000BEN6,BENDIGO & ADELAIDE BANK,AU,0.00635152109851018,1.781290601374546,0.9826521379961449
2019,vw_nz,JP3137200006,ISUZU MOTORS,JP,0.0062848397614519375,6.4808731592722975,10.471488311218463
2019,vw_nz,AU000000STO6,SANTOS,AU,0.006257635576840625,1584.3700131750015,601.6573958451584
2019,vw_nz,JP3894900004,ISETAN MITSUKOSHI HDG.,JP,0.006047075376135292,2.1810892702180062,6.1017768523251155
2019,vw_nz,JP3814000000,FUJIFILM HOLDINGS,JP,0.006007805977619324,30.328064358679907,30.813885507156666
2019,vw_nz,JP3633400001,TOYOTA MOTOR,JP,0.0058355332172120074,9.096974655890467,12.591973664441127
2019,vw_nz,JP3765400001,HOUSE SHOKUHIN GP.HONSHA K K,JP,0.005817107574517726,20.73622485177302,14.537977871120827
2019,vw_nz,JP3613000003,TOYO SUISAN KAISHA,JP,0.0056200298898698865,46.577996985706584,42.86776161044303
2019,vw_nz,JP3676800000,NISSHIN SEIFUN,JP,0.005547367770096899,16.781941242372895,14.064151931638524
2019,vw_nz,JP3421800008,SECOM,JP,0.005467237918558035,6.9021675471869,3.282865708116952
2019,vw_nz,AU000000BPT9,BEACH ENERGY,AU,0.005450559488735689,411.3589034061733,193.80050466868937
2019,vw_nz,AU000000CBA7,COMMONWEALTH BK.OF AUS.,AU,0.0053943369198805515,0.25666178558163366,0.08506555090655508
2019,vw_nz,AU000000MND5,MONADELPHOUS GROUP,AU,0.005366015871312786,7.59532819094746,8.800084312185026
2019,vw_nz,JP3389900006,JAFCO GROUP,JP,0.0051155274750742325,0.03446806144951171,0.008311214777876082
2019,vw_nz,JP3435000009,SONY GROUP,JP,0.005056214029950215,2.4093095307981782,2.926713680852672
2019,vw_nz,JP3933800009,LY,JP,0.004886841969857971,0.41785303089129416,0.2655000532616322
2019,vw_nz,AU000000LLC3,LENDLEASE GROUP STAPLED UNITS,AU,0.004687711169778417,10.42068597250213,23.78903041916939
2019,vw_nz,JP3774200004,HANKYU HANSHIN HDG.,JP,0.004491417395533547,18.24010711241096,14.722793884215692
2019,vw_nz,JP3910660004,TOKIO MARINE HOLDINGS,JP,0.00434979537373447,0.3073144525766516,0.43071975863391204
2019,vw_nz,JP3877600001,MARUBENI,JP,0.0042850341573961274,10.608354941517907,54.98914908879587
2019,vw_nz,AU000000NAB4,NATIONAL AUS.BANK,AU,0.004078164961474808,0.793398894759982,0.4005451818635277
2019,vw_nz,JP3657400002,NIKON,JP,0.004043366096187318,5.807759062533557,5.599209385173622
2019,vw_nz,AU000000GWA4,GWA GROUP,AU,0.003983369692255691,37.985969624882856,18.274408162520306
2019,vw_nz,AU000000ERA9,ENERGY RES.OF AUS.,AU,0.0037526907382506827,727.5213762605284,1143.35643266044
2019,vw_nz,JP3194000000,OKI ELECTRIC IND.,JP,0.0036057800230447443,2.575807515656158,9.292590286987666
2019,vw_nz,JP3456000003,TAKASHIMAYA,JP,0.0035341532422717595,1.448138862134392,5.107740414318316
2019,vw_nz,JP3134800006,IHI,JP,0.003465206705666555,5.8114432394555395,16.718193820083894
2019,vw_nz,BMG8403G1033,SINOFERT HOLDINGS,HK,0.003457518180974201,456.8405979070141,1903.7596694373708
2019,vw_nz,JP3368000000,RESONAC HOLDINGS,JP,0.0033751662511002805,392.6820037541811,709.0744408723089
2019,vw_nz,JP3868400007,MAZDA MOTOR,JP,0.0033641293388105018,4.160910611897042,19.45929116288724
2019,vw_nz,JP3726800000,JAPAN TOBACCO,JP,0.0032176436965842647,18.183139625277402,7.316711456729344
2019,vw_nz,JP3528600004,CHIYODA CORPORATION,JP,0.003207762539036717,0.26821046274551597,1.3706801530182195
2019,vw_nz,JP3942400007,ASTELLAS PHARMA,JP,0.003136568510597982,6.875655849860394,2.6795972884471766
2019,vw_nz,JP3494600004,SCREEN HOLDINGS,JP,0.003109064518762094,3.4562760403340302,5.678657496346047
2019,vw_nz,JP3560800009,TOKAI CARBON,JP,0.003106418292413407,1023.283966029242,692.6994471848681
2019,vw_nz,JP3405400007,SUMITOMO HEAVY INDS.,JP,0.0031009915904707764,4.669187785154898,9.061216243518082
2019,vw_nz,JP3126340003,ALFRESA HOLDINGS,JP,0.002965387334776065,1.4991551947209647,5.566017640103605
2019,vw_nz,JP3228600007,KANSAI ELECTRIC PWR.,JP,0.002963942417237614,961.7008032921666,2090.750706231177
2019,vw_nz,JP3256000005,KYOWA KIRIN,JP,0.0028996365738523443,5.4426973356538335,1.5698998738180687
2019,vw_nz,BMG2442N1048,COSCO SHIPPING PORTS,HK,0.0028803855434233997,104.56115279266405,31.615417667741873
2019,vw_nz,HK0003000038,HONG KONG AND CHINA GAS,HK,0.002792814974848498,162.06723078915897,24.067919848756834
2019,vw_nz,AU000000GPT8,GPT GROUP STAPLED UNITS,AU,0.0027899320091686877,18.554156420346036,1.3383470166207037
2019,vw_nz,JP3566800003,CENTRAL JAPAN RAILWAY,JP,0.002750674000914652,4.185487852505766,1.5882549663726158
2019,vw_nz,JP3385820000,GS YUASA,JP,0.00261306452855513,19.099117415534113,42.96679840970129
2019,vw_nz,JP3493800001,DAI NIPPON PRINTING,JP,0.0025886185324350457,19.26960429712176,33.23683928379972
2019,vw_nz,JP3326410002,SANKYO,JP,0.0024437294358609783,1.3740123569358378,0.3465502628054372
2019,vw_nz,JP3452000007,TAIYO YUDEN,JP,0.0024089350606476398,14.070053323048015,14.198389473380084
2019,vw_nz,JP3902900004,MITSUBISHI UFJ FINL.GP.,JP,0.0024002459567186436,0.189527781568626,0.1510508704909846
2019,vw_nz,AU000000DXS1,DEXUS STAPLED UNITS,AU,0.0023885690256403042,28.300803307662367,2.0898215724429074
2019,vw_nz,JP3475350009,DAIICHI SANKYO,JP,0.0023240678482500197,11.919526032120087,3.8905943334507573
2019,vw_nz,AU000000FLT9,FLIGHT CENTRE TRAVEL GP.,AU,0.002281742317080901,23.919946091275783,17.029862268961534
2019,vw_nz,JP3551500006,DENSO,JP,0.0022749488147597273,13.700055331986437,19.00550793698168
2019,vw_nz,HK0083000502,SINO LAND,HK,0.002246453676160978,0.4154233904143401,0.05052505530738229
2019,vw_nz,JP3733400000,NIPPON ELEC.GLASS,JP,0.002227592261803064,363.8236223867704,374.1951433291007
2019,vw_nz,JP3205800000,KAO,JP,0.0022147663556702866,46.70902295023183,18.694225748451196
2019,vw_nz,JP3935600001,YAMAZAKI BAKING,JP,0.0021339378202300946,40.77915229330596,92.03468892275144
2019,vw_nz,JP3502200003,DAIWA SECURITIES GROUP,JP,0.002121095101045439,0.14031741463974395,0.1105688085859491
2019,vw_nz,JP3818000006,FUJITSU,JP,0.002107654820309989,4.035808548710068,10.675032406348375
2019,vw_nz,JP3942800008,YAMAHA MOTOR,JP,0.0021059887994285685,10.187912921575094,21.015591077405208
2019,vw_nz,JP3951600000,UNI CHARM,JP,0.0021014700277632425,4.977964173786027,1.6483984866264292
2019,vw_nz,JP3854600008,HONDA MOTOR,JP,0.0020687864087251297,9.58076595419,25.678011137558222
2019,vw_nz,AU000000WOW2,WOOLWORTHS GROUP,AU,0.0020203937988451156,13.745047189859724,20.421546482802135
2019,vw_nz,JP3496400007,KDDI,JP,0.001988611061237262,0.5521383310505945,0.40814785412397964
2019,vw_nz,AU000000MTS0,METCASH,AU,0.0019776245353539256,1.356244793920822,7.682877999199187
2019,vw_nz,JP3982800009,ROHM,JP,0.0018825514296244667,40.99112191441467,19.50040424951207
2019,vw_nz,JP3266400005,KUBOTA,JP,0.0018171717903701398,18.324581178397068,16.11062490515519
2019,vw_nz,SG1B51001017,JARDINE CYC.& CARR.,SG,0.0017806596483310173,231.98204485730645,400.9796423759059
2019,vw_nz,AU000000CGF5,CHALLENGER,AU,0.0017780995565043216,0.0028178817137793004,0.0012507230742773165
2019,vw_nz,HK0008011667,PCCW,HK,0.0017520149859493474,1.4043638896092827,1.5005578803567845
2019,vw_nz,KYG210961051,CHINA MENGNIU DAIRY,HK,0.0017253766418246174,20.180457494815304,17.590385262942753
2019,vw_nz,AU000000SBM8,ST BARBARA,AU,0.0017047585984135874,309.8611821903787,81.96201192943865
2019,vw_nz,JP3148800000,IBIDEN,JP,0.0016374009324937081,52.340206983710196,70.36678687659425
2019,vw_nz,SGXE21576413,GENTING SINGAPORE,SG,0.0016339286266456973,2.5897812081393123,0.49431366799613236
2019,vw_nz,HK0006000050,POWER ASSETS HOLDINGS,HK,0.0016240540201917185,48856.64616207542,678.0267855517131
2019,vw_nz,SG1M51904654,CAPITALAND INTEG. COML. TST.,SG,0.0014811356900025345,0.03303169886982042,0.0031025260767316752
2019,vw_nz,JP3116000005,ASAHI GROUP HOLDINGS,JP,0.0014490727313455122,25.379782393126746,24.408454652117506
2019,vw_nz,JP3814800003,SUBARU,JP,0.0014426068540730043,9.138230418186033,14.867607397202491
2019,vw_nz,HK0392044647,BEIJING ENTERPRISES HOLDINGS,HK,0.0013971349928860257,80.22996091066331,96.37303075403725
2019,vw_nz,JP3491000000,DAIDO STEEL,JP,0.0013708110554225387,81.3350692958871,231.41905761072846
2019,vw_nz,JP3122400009,ADVANTEST,JP,0.0013611630921382203,1.7870739566046512,1.0346634359227187
2019,vw_nz,US89677Q1076,TRIP COM GROUP ADR 1:1,SG,0.0013469209795563166,0.009590179656032224,0.002418898147399078
2019,vw_nz,BMG677491539,ORIENT OVERSEAS (INTL.),HK,0.0013075839692949503,846.6638640870749,1342.9853299315785
2019,vw_nz,HK0002007356,CLP HOLDINGS,HK,0.0012869929930934834,3282.525779349896,1313.2696723470287
2019,vw_nz,AU0000224040,WOODSIDE ENERGY GROUP,AU,0.0012210778423219562,1729.7994548000859,384.03625580290077
2019,vw_nz,JP3783600004,EAST JAPAN RAILWAY,JP,0.001186922541466785,43.803869633843455,33.96706440212023
2019,vw_nz,JP3742600004,NHK SPRING,JP,0.00118017080551071,15.185092035893762,42.17759403187044
2019,vw_nz,JP3670800006,NISSAN CHEMICAL,JP,0.0011714696239291753,132.53063437010033,31.83555475434244
2019,vw_nz,JP3409000001,SUMITOMO REAL.&DEV.,JP,0.0011699191109059508,2.062925104782112,1.0481735371091445
2019,vw_nz,JP3283650004,KOSE HOLDINGS,JP,0.001156320826880099,2.6011436261017487,0.8536616088318055
2019,vw_nz,JP3351600006,SHISEIDO,JP,0.001128469250709264,2.700946590069915,1.1111773276423649
2019,vw_nz,JP3143000002,ITO EN,JP,0.001096187665302543,7.111777750480045,8.15690927292277
2019,vw_nz,JP3119600009,AJINOMOTO,JP,0.0010796208022518512,115.96774831110933,140.9796039513001
2019,vw_nz,JP3766550002,HAKUHODO DY HDG.,JP,0.001061206506066914,0.03324894725043054,0.07263861869734743
2019,vw_nz,JP3165600002,NTN,JP,0.0010555041961232744,15.39452453591907,62.324777419965905
2019,vw_nz,HK0000055878,CHINA TAIPING INSURANCE HLDGS,HK,0.0010186828623949269,0.9493276540032185,2.6032924176444903
2019,vw_nz,SG1L01001701,DBS GROUP HOLDINGS,SG,0.0010082059351280669,0.11347078677357517,0.03383497455924861
2019,vw_nz,JP3258000003,KIRIN HOLDINGS,JP,0.0010010772077499637,21.359193708000788,17.212607664404374
2019,vw_nz,HK0023000190,BANK OF EAST ASIA,HK,0.0009876508389552265,1.5339303303879213,0.6328294572832137
2019,vw_nz,JP3827200001,FURUKAWA ELECTRIC,JP,0.0009865315346375696,21.49145927226646,96.33722920436206
2019,vw_nz,AU000000ORG5,ORIGIN ENERGY (EX BORAL),AU,0.0009525768545716199,1651.0239131195506,2005.350278111829
2019,vw_nz,JP3720800006,NSK,JP,0.0009399258164297105,15.221917331267726,27.220951698146486
2019,vw_nz,AU000000QBE9,QBE INSURANCE GROUP,AU,0.0009386777712520444,0.4841776964424457,0.6390636362139933
2019,vw_nz,JP3663900003,SOJITZ,JP,0.0009219407485897053,38.48746618231011,140.86860830359623
2019,vw_nz,JP3126400005,ALPS ALPINE,JP,0.0009049591657134561,2.487276038468001,4.277052218371718
2019,vw_nz,JP3486800000,DAITO TST.CONSTRUCTION,JP,0.0008798120839466283,2.672341783908056,3.697715019502412
2019,vw_nz,HK0004000045,WHARF HOLDINGS,HK,0.0008724755979640358,7.769015098633249,2.2795044707637095
2019,vw_nz,JP3735400008,NTT,JP,0.0008649690730103085,2.3113036877016753,2.9886174321033936
2019,vw_nz,JP3463000004,TAKEDA PHARMACEUTICAL,JP,0.0008425328043490607,11.979094282506248,3.098230118294962
2019,vw_nz,JP3634600005,TOYOTA INDS.,JP,0.0008346668692724682,9.735421081903944,11.804831700021767
2019,vw_nz,SG1T58930911,FRASER AND NEAVE,SG,0.0008284902574979408,38.83476872854531,28.95751979614763
2019,vw_nz,JP3274400005,GLORY,JP,0.0008218376367186832,1.4648908985998752,1.8708117277638083
2019,vw_nz,JP3359600008,SHARP,JP,0.0008085967392333345,12.232987918377995,42.79819440070415
2019,vw_nz,JP3621000003,TORAY INDS.,JP,0.000805313084855102,153.12129903854165,276.4465840055189
2019,vw_nz,JP3973400009,RICOH,JP,0.000800066919374753,7.620648725042376,18.180723308353524
2019,vw_nz,JP3294460005,INPEX,JP,0.0007961033099994939,1041.0356893555124,642.8493409112446
2019,vw_nz,JP3898400001,MITSUBISHI,JP,0.0007915305399728828,48.766725014739364,138.7241355979872
2019,vw_nz,JP3955000009,YOKOGAWA ELECTRIC,JP,0.0007781994690003094,4.0266426167625795,3.0250465391775254
2019,vw_nz,JP3866800000,PANASONIC HOLDINGS,JP,0.0007621047455285296,5.5002900128524335,17.377188837063425
2019,vw_nz,JP3197600004,ONO PHARM.,JP,0.0007567189028805346,3.65271802593276,0.8181213006923029
2019,vw_nz,AU000000TCL6,TRANSURBAN GROUP STAPLED UNITS,AU,0.000751375834514289,1.2341938255389004,0.1433188817663577
2019,vw_nz,JP3404200002,SUMITOMO RUBBER INDS.,JP,0.0007318160112467087,49.4133268231683,113.04588711640649
2019,vw_nz,JP3397200001,SUZUKI MOTOR,JP,0.000730696284254604,17.51732640167077,24.079736552146805
2019,vw_nz,SG1N31909426,COMFORTDELGRO CORPORATION,SG,0.0007245139083495323,371.15686874745717,272.89295513108067
2019,vw_nz,JP3733000008,NEC,JP,0.0007213127969317813,1.955934893246578,5.941566974028497
2019,vw_nz,KYG0535Q1331,ASMPT,HK,0.0006885630243565867,0.9632739755882292,0.5536051226927353
2019,vw_nz,JP3551520004,DENTSU GROUP,JP,0.0006468941850384632,0.5249081706015987,0.3517457758844017
2019,vw_nz,JP3756100008,NITORI HOLDINGS,JP,0.0006424966827837839,7.279791964129728,2.6246812642054262
2019,vw_nz,JP3539220008,T & D HOLDINGS,JP,0.0006405824521153781,0.10002386582657634,0.22638621038708803
2019,vw_nz,JP3982100004,LAWSON DEAD - DELIST.24/07/24,JP,0.0006313549176446292,0.6965474989987129,0.7172057663343613
2019,vw_nz,NZSKCE0001S2,SKY CITY ENTM.GP.,NZ,0.0006198784191940832,7.650724577129139,2.6013408297408493
2019,vw_nz,JP3592200004,TOSHIBA DEAD - DELIST.20/12/23,JP,0.000568061299416404,9.800564564404251,18.582707806595547
2019,vw_nz,NZTELE0001S4,SPARK NEW ZEALAND,NZ,0.0005665977711165163,1.440182236545406,0.685144692771332
2019,vw_nz,AU000000NCM7,NEWCREST MINING DEAD - DELIST.08/11/23,AU,0.0005606784673823937,395.33076051246,99.80152506977407
2019,vw_nz,JP3870000001,MABUCHI MOTOR,JP,0.0005598453994304117,2.2247034556652747,1.204619847467236
2019,vw_nz,JP3675600005,NISSIN FOODS HOLDINGS,JP,0.0005592306349618487,50.19730506130743,35.33721694814673
2019,vw_nz,JP3209000003,CASIO COMPUTER,JP,0.0005125557847792793,1.9103859284192752,1.4929433769767047
2019,vw_nz,SG2B80958517,OUE,SG,0.0005122962825371283,1.6516831758002275,0.7116880767143116
2019,vw_nz,NZCENE0001S6,CONTACT ENERGY,NZ,0.0004954327426311349,612.1774194049136,329.50048794834436
2019,vw_nz,IE00BKVD2N49,SEAGATE TECHNOLOGY HOLDINGS,SG,0.0004544046053351465,24.84009167842031,22.098176300136064
2019,vw_nz,JP3404600003,SUMITOMO,JP,0.00042029821870323396,19.827363685212436,49.45271950314901
2019,vw_nz,JP3672400003,NISSAN MOTOR,JP,0.0004197950332322812,6.607193420073783,20.30429557677222
2019,vw_nz,JP3546800008,TERUMO,JP,0.00039878857107725576,10.576882915343168,2.6345833812663764
2019,vw_nz,JP3200450009,ORIX,JP,0.00039429581796560217,40.27562197958913,45.62716514625565
2019,vw_nz,JP3347200002,SHIONOGI,JP,0.00039411480978685453,13.715318763752878,2.175608710845702
2019,vw_nz,BMG8063F1068,SHANGRI-LA ASIA,HK,0.0003810249360145613,60.36134183144007,32.13177556246958
2019,vw_nz,KYG2108Y1052,CHINA RESOURCES LAND,HK,0.00037773587691055483,28.69305626660016,19.5691091029479
2019,vw_nz,JP3371200001,SHIN-ETSU CHEMICAL,JP,0.0003754483328310784,116.87445189258742,47.587795414006806
2019,vw_nz,JP3635000007,TOYOTA TSUSHO,JP,0.00037454462061093226,6.594553335084728,36.54907018197058
2019,vw_nz,JP3027670003,NIPPON BUILDING FUND,JP,0.0003716219767480285,20.454189876519155,1.5226329309749993
2019,vw_nz,JP3665200006,NICHIREI,JP,0.0003582670207132394,8.128375402401842,11.405381748736787
2019,vw_nz,HK0010000088,HANG LUNG GROUP,HK,0.00035536451709170804,4.838584444511872,1.5415537835767807
2019,vw_nz,JP3164800009,NOK,JP,0.00034827289769486853,7.2709638484516175,16.662319974499407
2019,vw_nz,JP3027680002,JAPAN REAL ESTATE INV.,JP,0.0003476487837147723,5.396276434689579,0.39827233236372395
2019,vw_nz,JP3734800000,NIDEC,JP,0.0003400657241367794,5.196556178153607,2.049000873491879
2019,vw_nz,HK0363006039,SHANGHAI INDUSTRIAL HOLDINGS,HK,0.00033855480184623196,4.512382023747477,7.6131481231580915
2019,vw_nz,KYG217651051,CK HUTCHISON HOLDINGS,HK,0.00033580411264651,254.93206128791653,231.32213698251434
2019,vw_nz,JP3358200008,SHIMAMURA,JP,0.0003312113748746104,0.13007369581200548,0.2053988764398367
2019,vw_nz,JP3246400000,KYUSHU ELEC.POWER,JP,0.0003312021628813568,950.1590704803757,3098.991239525904
2019,vw_nz,AU000000MGR9,MIRVAC GROUP STAPLED UNITS,AU,0.0003295122153186105,3.4991434553645075,1.0386259628241585
2019,vw_nz,JP3635400009,TOYOTA BOSHOKU,JP,0.0003199888780832051,4.495565884686224,19.80936466255158
2019,vw_nz,JP3172100004,OKUMA,JP,0.0002813226264166508,3.658244634350379,3.747217140212048
2019,vw_nz,JP3721400004,JAPAN STEEL WORKS,JP,0.00028098990956659743,44.01953002381271,65.46635841244118
2019,vw_nz,JP3131430005,AEON MALL DEAD - DELIST.27/06/25,JP,0.00026978075282535767,5.432820124950238,4.023406419112959
2019,vw_nz,BMG524401079,KERRY PROPERTIES,HK,0.0002632123510903936,4.093104583215416,1.8210456189844821
2019,vw_nz,JP3762600009,NOMURA HDG.,JP,0.0002305346176885527,0.17519137438165877,0.21851098054587884
2019,vw_nz,AU000000ELD6,ELDERS,AU,0.00022979737027639194,13.093096786426225,29.09028805647273
2019,vw_nz,JP3040890000,JAPAN PRIME REALTY INV.,JP,0.00022657484388133049,4.717716781035558,0.3524530040594324
2019,vw_nz,JP3579800008,TOKYO STEEL MNFG.,JP,0.00022322493902578012,179.9284537052898,250.74900146014724
2019,vw_nz,AU000000BLD2,BORAL DEAD - DELIST.08/07/24,AU,0.00022039389989744407,379.37750233490925,374.01143923027877
2019,vw_nz,HK0014000126,HYSAN DEVELOPMENT,HK,0.00021682242178458025,0.08472234269380739,0.007597712003299578
2019,vw_nz,JP3174410005,OJI HOLDINGS,JP,0.00021563878467236,450.2880005149368,1106.626606114311
2019,vw_nz,JP3890310000,MS&AD INSURANCE GP.HDG.,JP,0.0002108143240214061,0.5827794281557336,1.4931455481592377
2019,vw_nz,JP3269600007,KURARAY,JP,0.0002076367856229051,373.6552040375077,382.94803060609894
2019,vw_nz,JP3585800000,TOKYO ELECTRIC POWER CO. HDG.,JP,0.00020385805060750114,1440.1234661804465,8377.133189888802
2019,vw_nz,JP3289800009,KOBE STEEL,JP,0.00017642700265087084,919.7778714006961,5812.243277821684
2019,vw_nz,JP3415400005,SEINO HDG.,JP,0.00015784420698376485,74.4877913270524,145.59998052011298
2019,vw_nz,JP3893600001,MITSUI,JP,0.0001561876889097436,55.78871022292514,115.7825944886178
2019,vw_nz,JP3914400001,MURATA MANUFACTURING,JP,0.0001544839127029211,21.949512041945518,9.057342558275435
2019,vw_nz,SG1J26887955,SINGAPORE EXCHANGE,SG,0.00014899474597215008,0.07928931895139098,0.008463255366284714
2019,vw_nz,JP3388200002,AEON,JP,0.0001440699609340215,2.692410353162234,11.788364580740465
2019,vw_nz,JP3619800000,TOYOBO,JP,0.0001437085130084274,228.4924621658056,541.9039247907671
2019,vw_nz,AU000000TLS2,TELSTRA GROUP,AU,0.00014107878237339195,2.5381914358999125,1.7755596864747671
2019,vw_nz,JP3481800005,DAIKIN INDUSTRIES,JP,0.00013892868861148445,30.88811799905697,22.16725029716966
2019,vw_nz,BMG2108M2182,CHINESE ESTATES HDG.,HK,0.00013362950706227684,0.027904380987815086,0.0013742052512963337
2019,vw_nz,JP3242800005,CANON,JP,0.00012683270954214976,4.193072408048073,3.9516755444430474
2019,vw_nz,JP3352400000,CITIZEN WATCH,JP,0.00012594311137420112,7.46757779318406,13.049564955432297
2019,vw_nz,JP3243600008,CANON MARKETING JAPAN,JP,0.00012571769767157274,1.2801078281892941,2.565404593396596
2019,vw_nz,HK0000745908,YUEXIU PROPERTY COMPANY,HK,0.00012077271813482847,0.6598691621220131,1.08826643286656
2019,vw_nz,JP3830000000,BROTHER INDUSTRIES,JP,0.00011517931579313631,3.375295311021396,4.872376720215789
2019,vw_nz,JP3888300005,MITSUI CHEMICALS,JP,0.00011191597806493337,278.6926013971052,753.765838056002
2019,vw_nz,JP3260800002,KINTETSU GROUP HDG.,JP,0.00011120587898422414,5.170386309605955,6.9833318856106015
2019,vw_nz,AU000000DOW2,DOWNER EDI,AU,0.00011063140957198728,39.20372104159324,114.81437322566197
2019,vw_nz,JP3522200009,CHUGOKU ELEC.POWER,JP,0.00011054274842751626,1626.3050994119153,4107.228677279656
2019,vw_nz,SG1T75931496,SINGAPORE TELECOM,SG,0.00010778317215336789,0.5192582194938528,0.18207088940479899
2019,vw_nz,JP3939000000,YAMADA HOLDINGS,JP,0.0001046471121552383,0.6883388785913394,2.1113304548861462
2019,vw_nz,JP3535800001,TSUMURA,JP,0.00010121106481363421,29.47330294778994,14.254148067791789
2019,vw_nz,JP3268950007,MEDIPAL HOLDINGS,JP,0.00010065016346453692,1.2398690339455558,6.246930467858765
2019,vw_nz,HK0000139300,TELEVISION BROADCASTS,HK,9.634150248549038e-05,1.3425239492307854,0.9373944540982403
2019,vw_nz,JP3429800000,ANA HOLDINGS,JP,9.286747511134476e-05,612.1497910792003,894.5883255833542
2019,vw_nz,JP3551200003,ELEC.POWER DEV.,JP,9.166890002120901e-05,6698.631675135595,11790.809763725189
2019,vw_nz,JP3401400001,SUMITOMO CHEMICAL,JP,9.119504813203274e-05,288.5722075226706,718.1245641226625
2019,vw_nz,JP3902400005,MITSUBISHI ELECTRIC,JP,8.895947021317184e-05,6.7243807202135875,10.317577254715374
2019,vw_nz,AU000000TAH8,TABCORP HOLDINGS,AU,8.800616113567917e-05,1.3811555235635349,0.7655995118001196
2019,vw_nz,AU000000SHL7,SONIC HEALTHCARE,AU,8.115497583526493e-05,2.002713430717841,1.0890569644582506
2019,vw_nz,AU000000CSR5,CSR DEAD - DEAD.10/07/24,AU,8.035276368647909e-05,157.75809305425724,290.2207515953675
2019,vw_nz,JP3357200009,SHIMADZU,JP,7.935680090578118e-05,1.1177227516657562,0.5836067774255063
2019,vw_nz,JP3605400005,TOHOKU ELECTRIC PWR.,JP,7.904835207984846e-05,1604.9798449247344,4804.802995546143
2019,vw_nz,JP3678000005,NISSHINBO HOLDINGS,JP,7.70525430499289e-05,48.04966261765811,161.7225642114201
2019,vw_nz,JP3811000003,FUJIKURA,JP,7.602922674236325e-05,4.2079277779679325,21.861034636052377
2019,vw_nz,JP3407400005,SUMITOMO ELECTRIC IND.,JP,7.049823651838275e-05,6.667954873649324,17.360029969033796
2019,vw_nz,JP3826800009,FURUKAWA,JP,6.293391081472612e-05,3.1583955726117963,10.158672626958237
2019,vw_nz,NZAIRE0001S2,AIR NEW ZEALAND,NZ,6.027595493347606e-05,999.3836669449203,1887.422472234242
2019,vw_nz,JP3173400007,OBIC,JP,6.0232678191705636e-05,0.42897563053332927,0.03054007193161623
2019,vw_nz,JP3505000004,DAIWA HOUSE INDUSTRY,JP,5.9439794079459954e-05,7.253522824395991,12.632299478112555
2019,vw_nz,JP3544000007,TEIJIN,JP,5.6813088881944705e-05,88.4985781187017,209.701646393544
2019,vw_nz,AU000000SUN6,SUNCORP GROUP,AU,5.4835236630321985e-05,0.26032946742331714,0.22169467325734146
2019,vw_nz,AU000000QAN2,QANTAS AIRWAYS,AU,5.2765412232281e-05,966.7178020524578,1971.2291250442115
2019,vw_nz,AU000000SGM7,SIMS,AU,5.265984489150567e-05,7.561292973011441,24.537140307829578
2019,vw_nz,SG1V61937297,SINGAPORE AIRLINES,SG,5.232397461048923e-05,1369.462824233799,1927.7985517048833
2019,vw_nz,JP3414750004,SEIKO EPSON,JP,5.190618601641317e-05,12.728170062868113,21.513853637011298
2019,vw_nz,AU0000038911,OVATO DEAD - DELIST.29/08/22,AU,4.85028304463251e-05,49.31861402858112,364.963503649635
2019,vw_nz,JP3598600009,TOHO,JP,4.645822070685979e-05,3.266095754698117,1.0411255379899493
2019,vw_nz,NZFBUE0001S0,FLETCHER BUILDING,NZ,4.241429106809474e-05,145.4648380852743,277.55369912085206
2019,vw_nz,AU000000ORI1,ORICA,AU,4.168661435019732e-05,536.4010413154441,437.5287572677459
2019,vw_nz,HK2388011192,BOC HONG KONG HOLDINGS,HK,4.0413238659029457e-05,0.02525069430391231,0.008601425428221964
2019,vw_nz,AU000000ILU1,ILUKA RESOURCES,AU,3.6937695893446914e-05,328.4293326152767,122.85152896739855
2019,vw_nz,AU000000ABC7,ADBRI DEAD - DELIST.02/07/24,AU,3.114129530543178e-05,1820.1285284555315,1012.6463337324786
2019,vw_nz,JP3156400008,USHIO,JP,2.8511868356133935e-05,2.629442246108682,2.565898546440643
2019,vw_nz,NZAIAE0002S6,AUCKLAND INTL.AIRPORT,NZ,2.7682815602753978e-05,4.952786242794718,0.4040536122915986
2019,vw_nz,JP3688370000,NIPPON EXPRESS HOLDINGS,JP,2.5230910371820965e-05,34.12753149086607,105.02122200753857
2019,vw_nz,JP3549600009,DENKA,JP,2.388307810762391e-05,491.78407923235045,672.2396882198688
2019,vw_nz,JP3526600006,CHUBU ELEC.POWER,JP,2.332991689493472e-05,1943.6428621888128,4613.984694294057
2019,vw_nz,AU000000MQG1,MACQUARIE GROUP,AU,2.2341799314615332e-05,0.052614603668708126,0.019786273472727454
2019,vw_nz,JP3638600001,DOWA HDG.,JP,2.1501810377909484e-05,283.6339763240321,599.2390777008911
2019,vw_nz,HK0291001490,CHINA RESOURCES BEER HOLDINGS,HK,1.729401754265378e-05,40.561116241918974,16.520481584746257
2019,vw_nz,AU000000CQR9,CHARTER HALL RETAIL REIT,AU,1.728007175546013e-05,53.157139846782364,5.935979474567136
2019,vw_nz,JP3903000002,MITSUBISHI MATERIALS,JP,1.6400344334511566e-05,622.3768047722656,2672.700391266347
2019,vw_nz,HK0019000162,SWIRE PACIFIC 'A',HK,1.0963978574185327e-05,1731.3907033185792,1778.3112330437432
2019,vw_nz,AU0000088338,AMPOL,AU,8.856674853675727e-06,42.713859533648005,130.94255125603527
2019,vw_nz,JP3659000008,WEST JAPAN RAILWAY,JP,7.967232502605424e-06,7.204324957993382,7.113640405477503
2019,vw_nz,AU000000ASX7,ASX,AU,7.698050760976514e-06,0.04729993535462151,0.003267392287141441
2019,vw_nz,SG9999003735,XP POWER (DI),SG,7.371888314383446e-06,0.04624473484425159,0.023243651577662852
2019,vw_nz,JP3493400000,DIC,JP,6.7685581088861734e-06,36.7499711455554,89.77963689680452
2019,vw_nz,JP3358000002,SHIMANO,JP,6.733957811316598e-06,3.2617512137680533,0.7976127716409813
2019,vw_nz,JP3845400005,HOKURIKU ELEC.POWER,JP,6.105821561975604e-06,2904.7866262255766,9485.959769883271
2019,vw_nz,JP3977400005,RINNAI,JP,5.499215550100664e-06,12.604627583574468,11.913133035016692
2019,vw_nz,JP3249600002,KYOCERA,JP,4.728796481791597e-06,8.161144115995851,5.897100867685206
2019,vw_nz,AU000000OZL8,OZ MINERALS DEAD - DELIST.03/05/23,AU,4.166310507856152e-06,95.31757104317545,33.92545891195827
2019,vw_nz,JP3143600009,ITOCHU,JP,3.277285698298016e-06,13.11791510475013,42.592987818790554
2019,vw_nz,JP3900000005,MITSUBISHI HEAVY INDS.,JP,2.385057040851908e-06,4.877975583730655,14.2906011746887
2019,vw_nz,AU000000AMP6,AMP,AU,2.14411785714353e-06,0.012535242835231252,0.015705655082873506
2019,vw_nz,JP3419050004,SEGA SAMMY HDG.,JP,1.9455948903490957e-06,2.5141721217810633,1.9305236736532727
2019,vw_nz,AU000000SGP0,STOCKLAND STAPLED UNITS,AU,1.919106865883425e-06,13.015937136730189,3.691622317936592
2019,vw_nz,SGXE34184239,SEATRIUM,SG,1.4157390167290592e-06,14.417053478796234,21.208108217898204
2019,vw_nz,HK0066009694,MTR,HK,1.2250875212202646e-06,7.663864352860192,1.552948765840316
2020,vw_nz,JP3475350009,DAIICHI SANKYO,JP,0.027816243176083895,10.381105049369761,1.9005746196179993
2020,vw_nz,KYG548561284,LIFESTYLE INTL.HDG. DEAD - DELIST.21/12/22,HK,0.019448601659250955,4.386061097831093e-05,1.3210475907394563e-05
2020,vw_nz,JP3551500006,DENSO,JP,0.01848101734776998,14.643907137773997,22.038700702355722
2020,vw_nz,JP3435000009,SONY GROUP,JP,0.016874898016081878,2.3658220560279766,2.084083224537907
2020,vw_nz,JP3496400007,KDDI,JP,0.016582745021360416,0.5250396934931375,0.35201570916780717
2020,vw_nz,JP3902900004,MITSUBISHI UFJ FINL.GP.,JP,0.016540789418484643,0.17479709853980382,0.1529528182707986
2020,vw_nz,AU000000CSL8,CSL,AU,0.016319801845509633,6.418713162922524,0.5852126115045426
2020,vw_nz,JP3419400001,SEKISUI CHEMICAL,JP,0.01621357004755632,20.269883943440906,26.064078290589883
2020,vw_nz,JP3735400008,NTT,JP,0.01600191748125222,2.27477966165728,2.5003365452989974
2020,vw_nz,JP3633400001,TOYOTA MOTOR,JP,0.014433990100983373,10.451421977282129,12.92205054306236
2020,vw_nz,JP3389900006,JAFCO GROUP,JP,0.013392451995977822,0.02074815817579472,0.0043765246089826374
2020,vw_nz,JP3638600001,DOWA HDG.,JP,0.012648416698271362,275.48598618794387,537.5440118962066
2020,vw_nz,JP3385820000,GS YUASA,JP,0.012150186352920108,17.963002419730234,40.175438596491226
2020,vw_nz,JP3826800009,FURUKAWA,JP,0.011397919700498273,3.1515636328578194,9.82155545179561
2020,vw_nz,HK0823032773,LINK REAL ESTATE INVESTMENT TRUST,HK,0.010835210293744651,1.9666609192933437,0.16036437550023896
2020,vw_nz,AU0000088338,AMPOL,AU,0.01075698826446015,38.60584280182819,102.12553798196984
2020,vw_nz,AU000000TLS2,TELSTRA GROUP,AU,0.010630533000136886,2.2192124931591066,1.2100337222512758
2020,vw_nz,SG1T75931496,SINGAPORE TELECOM,SG,0.010509543716773012,0.47379676688691513,0.1521083468711745
2020,vw_nz,HK0011000095,HANG SENG BANK DEAD - DELIST.28/01/26,HK,0.010344001508892886,0.019330171827464975,0.0037352558580478717
2020,vw_nz,AU000000BOQ8,BANK OF QLND.,AU,0.010204547448370183,0.3718819894486816,0.24555535997183595
2020,vw_nz,JP3274400005,GLORY,JP,0.010134114564349444,1.427114706237239,1.6227005912957393
2020,vw_nz,HK0066009694,MTR,HK,0.010007717903823595,6.731963501230996,1.3634684216603163
2020,vw_nz,JP3421800008,SECOM,JP,0.009907641811161577,7.070051297290416,3.320179564413739
2020,vw_nz,HK0688002218,CHINA OVERSEAS LAND INVESTMENT,HK,0.009129361123089617,0.9180002159557886,0.6141739947096014
2020,vw_nz,JP3743000006,NH FOODS,JP,0.009105554806149083,30.68900520531385,77.76484179994324
2020,vw_nz,AU000000WOW2,WOOLWORTHS GROUP,AU,0.008996587783429159,11.535481980847672,13.517605626823405
2020,vw_nz,HK0016000132,SUN HUNG KAI PROPERTIES,HK,0.008784440248527614,3.821275503326789,1.0610705022400377
2020,vw_nz,JP3756600007,NINTENDO,JP,0.008691377407056455,0.05085532719084927,0.011825659061403523
2020,vw_nz,AU000000STO6,SANTOS,AU,0.008656914559582507,1318.174246747821,461.47709170358047
2020,vw_nz,JP3198900007,ORIENTAL LAND,JP,0.00846570310177157,10.951329343960616,1.1090435032978048
2020,vw_nz,JP3201200007,OLYMPUS,JP,0.008345045950700227,3.753309359052422,1.2387815502245467
2020,vw_nz,JP3684000007,NITTO DENKO,JP,0.00821257673091821,49.98106816305303,38.55611707680668
2020,vw_nz,JP3456000003,TAKASHIMAYA,JP,0.008112619548505473,2.917161521057796,13.269766650358426
2020,vw_nz,SG1L01001701,DBS GROUP HOLDINGS,SG,0.007892049685632325,0.06454165858269381,0.02126250404566294
2020,vw_nz,JP3436100006,SOFTBANK GROUP,JP,0.007769515756641418,0.18038843589927808,0.18259803624206472
2020,vw_nz,JP3538800008,TDK,JP,0.007666933178822922,8.82383755662255,7.935515782511518
2020,vw_nz,JP3910660004,TOKIO MARINE HOLDINGS,JP,0.007615751674068121,0.35415269464244664,0.44586893932784455
2020,vw_nz,AU000000CBA7,COMMONWEALTH BK.OF AUS.,AU,0.007565197185502866,0.4835959213629637,0.12499119393831626
2020,vw_nz,JP3397200001,SUZUKI MOTOR,JP,0.00734178456439316,15.747623475630046,23.349005068055742
2020,vw_nz,JP3762600009,NOMURA HDG.,JP,0.007333943204058179,0.14699549360083797,0.15768769542851377
2020,vw_nz,JP3194000000,OKI ELECTRIC IND.,JP,0.007103855623283905,2.232054054104065,8.876746603379603
2020,vw_nz,JP3173400007,OBIC,JP,0.007048594602545153,0.4126246642266795,0.02167042889390519
2020,vw_nz,JP3256000005,KYOWA KIRIN,JP,0.006984077981876061,6.108764806689676,1.3199543142958312
2020,vw_nz,AU000000APA1,APA GROUP,AU,0.006862876018694442,789.6395156276781,146.43219041016548
2020,vw_nz,HK0006000050,POWER ASSETS HOLDINGS,HK,0.006754013006376998,37478.094008770466,423.8341009980945
2020,vw_nz,JP3039710003,JAPAN METROPOLITAN FUND INVESTMENT REIT,JP,0.006745611624261453,10.25720289793113,1.1222956865920029
2020,vw_nz,AU000000BHP4,BHP GROUP,AU,0.006745423327843768,217.79976768932278,127.2453839748754
2020,vw_nz,HK0003000038,HONG KONG AND CHINA GAS,HK,0.006585432631795954,321.5855198567587,51.94869371581409
2020,vw_nz,AU000000ALL7,ARISTOCRAT LEISURE,AU,0.006571114618109386,4.517191991188419,0.8740690015043188
2020,vw_nz,JP3837800006,HOYA,JP,0.006464190954261087,3.91643813006864,0.5697681043815167
2020,vw_nz,JP3134800006,IHI,JP,0.006428971377560442,5.180332377181406,17.617533697711387
2020,vw_nz,JP3711200000,AOZORA BANK,JP,0.006382661232101841,0.09620356674723715,0.043247918693912854
2020,vw_nz,JP3519400000,CHUGAI PHARM.,JP,0.006149439061037416,6.776080567092561,0.7180281798906447
2020,vw_nz,JP3613000003,TOYO SUISAN KAISHA,JP,0.0060603950241771044,44.56452403306815,35.29937067709079
2020,vw_nz,JP3951600000,UNI CHARM,JP,0.00598850336260458,4.7679842777978685,1.45498289607829
2020,vw_nz,JP3621000003,TORAY INDS.,JP,0.005838210785812587,157.63858173529223,304.0984685675293
2020,vw_nz,KYG210961051,CHINA MENGNIU DAIRY,HK,0.005798841083060533,18.178459495016245,14.194349026875985
2020,vw_nz,JP3814000000,FUJIFILM HOLDINGS,JP,0.005707166007846262,29.15738608870248,24.378417744407116
2020,vw_nz,JP3818000006,FUJITSU,JP,0.005661736474948636,2.4296789472508324,3.823377536558301
2020,vw_nz,JP3322930003,SUMCO,JP,0.005520485211525774,9.075507130262933,5.434936204718829
2020,vw_nz,AU000000MND5,MONADELPHOUS GROUP,AU,0.005446186409231874,9.277787149279948,8.503527320532523
2020,vw_nz,KYG217651051,CK HUTCHISON HOLDINGS,HK,0.005378511000977891,231.3105233942915,262.03516400471557
2020,vw_nz,JP3351600006,SHISEIDO,JP,0.005215566229627297,2.4947996186322947,1.0348183210024922
2020,vw_nz,AU000000MTS0,METCASH,AU,0.005155506517773845,1.6434646190953348,9.01822179329034
2020,vw_nz,AU000000ANN9,ANSELL,AU,0.005134517914518009,83.53788952468084,43.77213663812014
2020,vw_nz,HK2388011192,BOC HONG KONG HOLDINGS,HK,0.004932621268456283,0.0384334923995172,0.01787713434936468
2020,vw_nz,HK0019000162,SWIRE PACIFIC 'A',HK,0.004929611197251241,20.495943798308303,28.561968096534397
2020,vw_nz,JP3665200006,NICHIREI,JP,0.004876263525193746,7.843937028873532,12.328429358099777
2020,vw_nz,JP3228600007,KANSAI ELECTRIC PWR.,JP,0.0047043117188243985,881.3949286034365,2456.4889143466444
2020,vw_nz,JP3260800002,KINTETSU GROUP HDG.,JP,0.004507352321009014,4.700455666768259,5.311476717121626
2020,vw_nz,JP3209000003,CASIO COMPUTER,JP,0.004499823624716447,1.6603441400964394,0.9560793219615937
2020,vw_nz,AU000000WBC1,WESTPAC BANKING,AU,0.004444471238409348,0.30519165404914456,0.1265747885489319
2020,vw_nz,JP3407200009,OSAKA TITANIUM,JP,0.004394099946225704,172.37200032319748,146.3325406987379
2020,vw_nz,JP3162600005,SMC,JP,0.004363432676090814,10.467656920267164,1.7178091732568828
2020,vw_nz,BMG668971101,CTF SERVICES,HK,0.0042946214981273755,5.8766724787603275,3.8974336500018922
2020,vw_nz,JP3420600003,SEKISUI HOUSE,JP,0.004277018372757603,3.195784804853452,4.750285518921859
2020,vw_nz,JP3942400007,ASTELLAS PHARMA,JP,0.00427117177354924,5.975342966127615,2.1949933544624174
2020,vw_nz,JP3200450009,ORIX,JP,0.004249096358011092,53.27976558823628,50.782726756150886
2020,vw_nz,JP3967200001,RAKUTEN GROUP,JP,0.004226783826084409,0.23265549020081738,0.24200857273990384
2020,vw_nz,JP3566800003,CENTRAL JAPAN RAILWAY,JP,0.004180875649146633,4.136636152080652,1.7830815361662673
2020,vw_nz,JP3866800000,PANASONIC HOLDINGS,JP,0.004150065021409389,5.5237543887822005,16.06825464969969
2020,vw_nz,AU000000IVC8,INVOCARE DEAD - DELIST.27/11/23,AU,0.004112264778373501,16.297972305386985,5.15084621044886
2020,vw_nz,BMG988031446,YUE YUEN INDL.HDG.,HK,0.0040967664285793595,1.7661900014217828,4.062160076188069
2020,vw_nz,JP3955000009,YOKOGAWA ELECTRIC,JP,0.004054312994185663,3.7506925385865895,2.955494475336399
2020,vw_nz,JP3900000005,MITSUBISHI HEAVY INDS.,JP,0.003995567845689715,4.983517084587552,14.869828715648687
2020,vw_nz,BMG4600H1198,HOPSON DEVELOPMENT HOLDINGS,HK,0.003931269778538987,0.6005225966463443,0.7284442800913848
2020,vw_nz,JP3502200003,DAIWA SECURITIES GROUP,JP,0.003869438587293246,0.13405190094244046,0.10195811260028427
2020,vw_nz,JP3672400003,NISSAN MOTOR,JP,0.003847229376733797,7.917226849520452,33.39282027014461
2020,vw_nz,JP3885400006,MISUMI GROUP,JP,0.0038395357140974975,3.50603711148487,1.4082553753585516
2020,vw_nz,KYG0535Q1331,ASMPT,HK,0.0038141395438261224,1.1248412384404223,0.4153333863033884
2020,vw_nz,JP3982100004,LAWSON DEAD - DELIST.24/07/24,JP,0.003793901159597579,0.6757671985004575,0.7791249906937848
2020,vw_nz,JP3802300008,FAST RETAILING,JP,0.0037787629410366724,0.6239330785071723,0.23176657515332785
2020,vw_nz,JP3670800006,NISSAN CHEMICAL,JP,0.0037130798679071695,119.63048548791552,36.08161348396692
2020,vw_nz,JP3768600003,HASEKO,JP,0.0036710967871528806,4.186119247648935,8.304022372264912
2020,vw_nz,JP3890350006,SUMITOMO MITSUI FINL.GP.,JP,0.0036524234448337156,0.27404561880963546,0.2768394132871047
2020,vw_nz,AU000000NAB4,NATIONAL AUS.BANK,AU,0.0036505489765309984,0.7431992605573048,0.3294565209399338
2020,vw_nz,JP3634600005,TOYOTA INDS.,JP,0.0036304152919377033,11.570087488793124,13.411914059269744
2020,vw_nz,AU000000CWY3,CLEANAWAY WASTE MANAGEMENT,AU,0.003628171195807762,484.0855435676989,279.16980797374606
2020,vw_nz,JP3027680002,JAPAN REAL ESTATE INV.,JP,0.0036026141563642563,5.114518664485662,0.3231851060828917
2020,vw_nz,JP3906000009,MINEBEA MITSUMI,JP,0.0035995640997179934,7.782128243906513,7.885406592011884
2020,vw_nz,AU000000ANZ3,ANZ GROUP HOLDINGS,AU,0.0035597020616100717,0.4789871762810046,0.24491334228003453
2020,vw_nz,JP3409000001,SUMITOMO REAL.&DEV.,JP,0.0035535719035500292,4.534856911348435,2.3924833915601056
2020,vw_nz,JP3902400005,MITSUBISHI ELECTRIC,JP,0.0035383959163641844,6.393396957524731,8.470079842488477
2020,vw_nz,HK0388045442,HONG KONG EXCHANGES AND CLEARING,HK,0.003469684698976512,0.09493830154234706,0.003926268462627009
2020,vw_nz,AU000000MQG1,MACQUARIE GROUP,AU,0.003418372247478077,0.04237772626707403,0.01417199874502049
2020,vw_nz,JP3626800001,LIXIL,JP,0.003391815244529512,32.06149594939767,99.31445690481483
2020,vw_nz,JP3197800000,OMRON,JP,0.0033356270680418086,5.405336595121996,2.801982585573138
2020,vw_nz,JP3277800003,KEIO,JP,0.003264390049246795,24.677844413319953,13.738750086812766
2020,vw_nz,JP3914400001,MURATA MANUFACTURING,JP,0.003249245723773228,20.81591125629992,7.542227464313423
2020,vw_nz,JP3935600001,YAMAZAKI BAKING,JP,0.003227987373826413,40.05612364905345,92.5021232904259
2020,vw_nz,JP3463000004,TAKEDA PHARMACEUTICAL,JP,0.003203502901381619,11.184380559128343,5.482127605492269
2020,vw_nz,JP3283650004,KOSE HOLDINGS,JP,0.003202234666453181,2.3671518959338083,0.924503536772395
2020,vw_nz,JP3573000001,TOKYO GAS,JP,0.0031800885462116976,188.65962478881906,350.3478215176417
2020,vw_nz,JP3893600001,MITSUI,JP,0.003114958120017235,50.22393815432174,106.21160778867947
2020,vw_nz,JP3027670003,NIPPON BUILDING FUND,JP,0.003000255979239249,18.059733457258957,1.1404447752301972
2020,vw_nz,JP3205800000,KAO,JP,0.0029541849287744305,44.577001523650594,15.967405755368459
2020,vw_nz,JP3160400002,EISAI,JP,0.0029308702577298773,8.12590694959989,2.088599843746701
2020,vw_nz,HK0363006039,SHANGHAI INDUSTRIAL HOLDINGS,HK,0.0028424873545564422,2.739877355126193,5.99366433588476
2020,vw_nz,JP3358000002,SHIMANO,JP,0.002834568063924228,5.526336818332414,1.288653498416837
2020,vw_nz,JP3898400001,MITSUBISHI,JP,0.0028230472227482647,48.767534404362486,168.2020832875186
2020,vw_nz,JP3711600001,NIPPON SANSO HOLDINGS,JP,0.0028004612804698272,134.78460315207957,111.52443709590786
2020,vw_nz,AU000000OZL8,OZ MINERALS DEAD - DELIST.03/05/23,AU,0.0027617959666648715,115.42784056643359,40.55046828195503
2020,vw_nz,AU000000RHC8,RAMSAY HEALTH CARE,AU,0.002707866289958043,6.519364369016399,5.227429511486059
2020,vw_nz,JP3592200004,TOSHIBA DEAD - DELIST.20/12/23,JP,0.002696346178033708,9.925151947873102,21.844419945320688
2020,vw_nz,JP3786200000,HITACHI METALS DEAD - DELIST.29/12/22,JP,0.0026609037933324918,40.9354725627629,51.49568165548198
2020,vw_nz,JP3190000004,OBAYASHI,JP,0.002636507189328577,13.686648415334146,32.38659685444552
2020,vw_nz,HK0000745908,YUEXIU PROPERTY COMPANY,HK,0.002636006810767322,0.6224696401426575,1.1219374135657543
2020,vw_nz,JP3939000000,YAMADA HOLDINGS,JP,0.0026316153256696548,0.7352174997271341,2.257795037366508
2020,vw_nz,KYG2108Y1052,CHINA RESOURCES LAND,HK,0.0026007956765638066,24.292159766259147,17.475352342576787
2020,vw_nz,JP3116000005,ASAHI GROUP HOLDINGS,JP,0.002536971833183987,24.093634420155727,20.729415757310925
2020,vw_nz,JP3544000007,TEIJIN,JP,0.002520822924892862,88.31772350648156,198.68344313942163
2020,vw_nz,AU000000TAH8,TABCORP HOLDINGS,AU,0.002483914751575163,1.20317384651726,0.7235237188767226
2020,vw_nz,HK0293001514,CATHAY PACIFIC AIRWAYS,HK,0.002479377857385423,547.143054965261,1519.760143284738
2020,vw_nz,JP3893200000,MITSUI FUDOSAN,JP,0.0023743636665755304,5.9110993394346485,3.931691398517752
2020,vw_nz,SG1R89002252,CITY DEVELOPMENTS,SG,0.002368189647469736,0.5806832426789014,0.2095309961866799
2020,vw_nz,JP3695200000,NGK INSULATORS,JP,0.0023515993333350187,74.69920876857508,55.794502887230095
2020,vw_nz,JP3452000007,TAIYO YUDEN,JP,0.0023053795105069433,15.092382797005516,10.158604468223103
2020,vw_nz,JP3899600005,MITSUBISHI ESTATE,JP,0.0023029835350887582,10.579180902107336,4.31455953768436
2020,vw_nz,AU000000GPT8,GPT GROUP STAPLED UNITS,AU,0.0022695023947836923,12.923055037165014,0.8822450734714375
2020,vw_nz,JP3548610009,DENA,JP,0.0022104715579373043,0.011715226279595592,0.0053003029326983845
2020,vw_nz,HK0010000088,HANG LUNG GROUP,HK,0.0021893730026349948,2.5941416049127595,0.945081477971104
2020,vw_nz,AU000000DXS1,DEXUS STAPLED UNITS,AU,0.00218558697041917,28.06484164349426,1.8672613464272259
2020,vw_nz,JP3634200004,TOYODA GOSEI,JP,0.0021442988167775694,15.88682586902229,44.35037517532821
2020,vw_nz,HK0000049939,CHINA UNICOM (HONG KONG),HK,0.0020730772540818593,4.70966937037796,7.763453774261278
2020,vw_nz,JP3249600002,KYOCERA,JP,0.00207125235333098,11.02540332140791,6.611576621094265
2020,vw_nz,JP3659000008,WEST JAPAN RAILWAY,JP,0.0020614108905979843,11.373483861798062,10.357020063520983
2020,vw_nz,JP3371200001,SHIN-ETSU CHEMICAL,JP,0.001944936856541857,131.60476623720805,38.69074609474238
2020,vw_nz,JP3493400000,DIC,JP,0.0019174368681172897,35.79462644952791,100.17615460436467
2020,vw_nz,JP3164800009,NOK,JP,0.0019056910537885588,7.428595219819907,17.999162829635832
2020,vw_nz,AU000000SBM8,ST BARBARA,AU,0.0019028171928076993,380.45794091814287,138.4559393642103
2020,vw_nz,JP3820000002,FUJI ELECTRIC,JP,0.0018948413891107848,26.672760092165866,48.37595024187976
2020,vw_nz,JP3675600005,NISSIN FOODS HOLDINGS,JP,0.0018610893216681073,59.73222560626446,31.025325949142896
2020,vw_nz,JP3156400008,USHIO,JP,0.0017741135154781685,2.6749001419580054,2.1412383477294106
2020,vw_nz,SG1U68934629,KEPPEL,SG,0.0017685149830370492,7.590695323289675,4.750853088065806
2020,vw_nz,SG1F60858221,SINGAPORE TECHS.ENGR.,SG,0.0017585157515126243,5.9130064576987,3.6790126395725418
2020,vw_nz,HK0014000126,HYSAN DEVELOPMENT,HK,0.001757897323242765,0.044799114925312085,0.0058817361862311115
2020,vw_nz,JP3539220008,T & D HOLDINGS,JP,0.0017574171088480142,0.09114852307287043,0.25389900752535716
2020,vw_nz,JP3734800000,NIDEC,JP,0.0017534038998289843,4.455828367240749,1.6322554743084305
2020,vw_nz,JP3526600006,CHUBU ELEC.POWER,JP,0.0017341355396749598,2.092807793951074,5.661199834692965
2020,vw_nz,JP3585800000,TOKYO ELECTRIC POWER CO. HDG.,JP,0.0017169093528834052,3.2325625674332015,28.776371435157493
2020,vw_nz,JP3511800009,CHIBA BANK,JP,0.0017154222832458249,1.1270374151105291,0.5356083978584257
2020,vw_nz,JP3783600004,EAST JAPAN RAILWAY,JP,0.0016955761655713302,50.47033121407211,42.2429561379317
2020,vw_nz,JP3796150005,HIROGIN HOLDINGS,JP,0.001663322604369907,1.859855469008979,1.449478762996013
2020,vw_nz,JP3122400009,ADVANTEST,JP,0.0016540060846768543,1.792977531350092,0.4273895655890344
2020,vw_nz,JP3657400002,NIKON,JP,0.0015891167399235259,6.425639849927353,7.646682488907233
2020,vw_nz,AU000000IGO4,IGO,AU,0.0015810555478884792,104.71200737018536,27.692736845775652
2020,vw_nz,JP3792600003,HINO MOTORS,JP,0.0015788878294539371,8.486030274027678,27.291871816716643
2020,vw_nz,AU000000ELD6,ELDERS,AU,0.0015436431874705859,13.054659556800846,18.717971770205878
2020,vw_nz,HK0012000102,HENDERSON LD.DEV.,HK,0.00143721173959383,0.28650598563037577,0.04089068343368054
2020,vw_nz,JP3571400005,TOKYO ELECTRON,JP,0.0014047025157975152,2.710655441326169,0.7654432969173685
2020,vw_nz,JP3522200009,CHUGOKU ELEC.POWER,JP,0.001370460879201653,1517.2396623926413,3664.529462083463
2020,vw_nz,JP3546800008,TERUMO,JP,0.0013666388161242943,10.553809756009464,2.2361738045162802
2020,vw_nz,JP3613400005,TOYO SEIKAN GROUP HDG.,JP,0.0013098494549465775,60.233914816258235,125.75061000582606
2020,vw_nz,JP3894900004,ISETAN MITSUKOSHI HDG.,JP,0.0013028062595929284,2.0967086791738487,7.726748385197559
2020,vw_nz,JP3830800003,BRIDGESTONE,JP,0.0012806375283380012,46.375066987920896,58.77075342230225
2020,vw_nz,JP3774200004,HANKYU HANSHIN HDG.,JP,0.0012760251278404427,17.64846483837123,12.512521593113364
2020,vw_nz,BMG524401079,KERRY PROPERTIES,HK,0.0012461291762741267,2.857528235921255,1.6410360478526211
2020,vw_nz,JP3635400009,TOYOTA BOSHOKU,JP,0.001232635185180192,4.108199059308499,19.025941895808298
2020,vw_nz,SG1S83002349,UOL GROUP,SG,0.0012154891005353068,0.88934861207081,0.3074640842998562
2020,vw_nz,BMG8403G1033,SINOFERT HOLDINGS,HK,0.0011994194612083245,298.41411120298505,1401.3591825307951
2020,vw_nz,JP3148800000,IBIDEN,JP,0.0011879376647378555,52.5908395646071,43.818234557158114
2020,vw_nz,JP3243600008,CANON MARKETING JAPAN,JP,0.001182813431266752,1.008982835040495,1.5760710585237696
2020,vw_nz,HK0023000190,BANK OF EAST ASIA,HK,0.0011366230161620606,0.7768498163907586,0.5542052493773548
2020,vw_nz,JP3131430005,AEON MALL DEAD - DELIST.27/06/25,JP,0.001131470853597583,4.666377603005902,3.692360229225138
2020,vw_nz,JP3494600004,SCREEN HOLDINGS,JP,0.0011299274011913531,4.052813996558519,4.523109296504968
2020,vw_nz,JP3276400003,GUNMA BANK,JP,0.0011296677373377722,1.265850460765044,1.1530959837371573
2020,vw_nz,AU000000CIM7,CIMIC GROUP DEAD - DELIST.11/05/22,AU,0.0011282435114477521,242.0227147073489,386.9163687793606
2020,vw_nz,AU000000WES1,WESFARMERS,AU,0.0011072144369797588,130.1950447271667,73.29393628405138
2020,vw_nz,HK0144000764,CHINA MERCHANTS PORT HOLDINGS,HK,0.0010977292502297503,47.03661541980321,10.062242283443391
2020,vw_nz,JP3551520004,DENTSU GROUP,JP,0.0010478403542177898,0.3672493655352239,0.367583687591247
2020,vw_nz,AU000000QBE9,QBE INSURANCE GROUP,AU,0.0010225346732512383,0.4666215942665178,0.5506658737301762
2020,vw_nz,JP3726800000,JAPAN TOBACCO,JP,0.0009900404283104953,16.98471491631534,8.066444358064928
2020,vw_nz,JP3942600002,YAMAHA,JP,0.0009234276341351125,5.87932907141621,2.3689335987912257
2020,vw_nz,AU000000ERA9,ENERGY RES.OF AUS.,AU,0.0009097169563381262,768.1159420289856,279.1594124714941
2020,vw_nz,BMG684371393,PACIFIC BASIN SHIP.,HK,0.0008960323693125044,923.4695695831507,1776.542898038225
2020,vw_nz,JP3336000009,SANTEN PHARM.,JP,0.0008942572147098278,6.838921403373855,2.0151717559766125
2020,vw_nz,AU000000CQR9,CHARTER HALL RETAIL REIT,AU,0.000855093900564534,1.911420556128901,0.18884995404411764
2020,vw_nz,JP3854600008,HONDA MOTOR,JP,0.0008508143411737929,8.684441874907968,26.487508576398948
2020,vw_nz,JP3771800004,HAMAMATSU PHOTONICS,JP,0.0008458102233490881,9.613101945759148,1.8146931146322751
2020,vw_nz,BMG2442N1048,COSCO SHIPPING PORTS,HK,0.0008353323223949632,80.62268913400901,36.460346896476494
2020,vw_nz,JP3112000009,AGC,JP,0.0008321178474320664,463.2591256999105,826.7346218925564
2020,vw_nz,HK0083000502,SINO LAND,HK,0.0008165597405621405,4.666387497851438,0.428393358107872
2020,vw_nz,AU000000SHL7,SONIC HEALTHCARE,AU,0.0008094262400550238,1.7390656305283043,0.7641612945415482
2020,vw_nz,JP3326410002,SANKYO,JP,0.0007934846354314701,1.261634629695353,0.4633386450498026
2020,vw_nz,AU000000NCM7,NEWCREST MINING DEAD - DELIST.08/11/23,AU,0.0007803598518300663,377.3724761561698,90.93940917048253
2020,vw_nz,JP3598600009,TOHO,JP,0.0007615538311864651,2.872148160276069,0.9826042495497385
2020,vw_nz,JP3119600009,AJINOMOTO,JP,0.0007613383095866416,98.99122856719717,104.74763460745285
2020,vw_nz,JP3560800009,TOKAI CARBON,JP,0.0007363568817244063,757.1552205541296,877.5937101776826
2020,vw_nz,JP3294460005,INPEX,JP,0.0007244076079376589,622.0902198775028,553.9245152616005
2020,vw_nz,JP3535800001,TSUMURA,JP,0.0007151450379210979,31.92674922068979,17.41230773641433
2020,vw_nz,JP3486800000,DAITO TST.CONSTRUCTION,JP,0.0007026763389841143,2.5037704849439244,4.048063935164341
2020,vw_nz,JP3888300005,MITSUI CHEMICALS,JP,0.0006951847512415801,299.7707270783931,825.7656402640698
2020,vw_nz,JP3351500008,SHIZUOKA FINANCIAL GROUP,JP,0.0006861645883686576,0.6323190347092006,0.31525266573945293
2020,vw_nz,AU000000WOR2,WORLEY,AU,0.0006555134505448672,4.95129156199519,7.597900536799244
2020,vw_nz,JP3596200000,TOTO,JP,0.0006509883195689766,32.80969421905807,24.30279682461259
2020,vw_nz,JP3166000004,EBARA,JP,0.0006384204299996614,37.247714363717485,67.49673828611076
2020,vw_nz,JP3165700000,NTT DATA GROUP DEAD - DELIST.26/09/25,JP,0.0006342102087786125,0.4366286138827652,0.4532103021902413
2020,vw_nz,JP3940000007,YAMATO HDG.,JP,0.0006126404039243733,44.2211471349182,94.50623115965747
2020,vw_nz,JP3635000007,TOYOTA TSUSHO,JP,0.0006125646822340634,6.8192892949485975,35.88608193290731
2020,vw_nz,JP3663900003,SOJITZ,JP,0.000602664116551678,60.348893542818494,248.01720055410502
2020,vw_nz,JP3401400001,SUMITOMO CHEMICAL,JP,0.0006000400016174716,297.37407938282706,904.2564107074278
2020,vw_nz,KYG525621408,KINGBOARD HOLDINGS,HK,0.0005947625885518587,334.6404739078907,610.6216640610472
2020,vw_nz,JP3429800000,ANA HOLDINGS,JP,0.0005929891892006784,649.1721932046732,1143.629562740366
2020,vw_nz,BMG677491539,ORIENT OVERSEAS (INTL.),HK,0.0005887412426143222,798.3657640159895,1907.016541104852
2020,vw_nz,SG2B80958517,OUE,SG,0.0005845721470748565,2.378705288102504,1.577403002534607
2020,vw_nz,JP3762800005,NOMURA RESEARCH INST.,JP,0.0005731189632768866,0.20717569597049487,0.06671625908592053
2020,vw_nz,JP3720800006,NSK,JP,0.0005634559792228946,16.393469090300318,28.32472147357218
2020,vw_nz,JP3126400005,ALPS ALPINE,JP,0.0005578757773501811,5.718816114182649,11.40601156248467
2020,vw_nz,JP3137200006,ISUZU MOTORS,JP,0.0005543167454732158,6.616849402532178,15.125675770973551
2020,vw_nz,JP3404600003,SUMITOMO,JP,0.0005510314621235409,15.824043983489688,42.0045727705357
2020,vw_nz,JP3443600006,TAISEI,JP,0.0005364131346004627,17.551546659276983,30.980723105623166
2020,vw_nz,US89677Q1076,TRIP COM GROUP ADR 1:1,SG,0.0005041909078642985,0.006577118552755358,0.001892560456173866
2020,vw_nz,JP3667600005,JGC HOLDINGS,JP,0.0005041408894984182,24.172215671349072,32.37318565446616
2020,vw_nz,JP3118000003,ASICS,JP,0.0004918557675636868,0.8261447050105547,1.0358528389506627
2020,vw_nz,JP3421100003,JAPAN PETROLEUM EXP.,JP,0.00048316502041005556,272.10897303699943,542.7532767058558
2020,vw_nz,AU000000SIG5,SIGMA HEALTHCARE,AU,0.0004685766383367657,2.0458566712125186,10.9441085808502
2020,vw_nz,SGXE34184239,SEATRIUM,SG,0.000460331316620817,24.041816478031727,28.821256423535036
2020,vw_nz,AU000000CGF5,CHALLENGER,AU,0.0004495630546955086,0.0011057830796390503,0.0005591199452062454
2020,vw_nz,JP3419050004,SEGA SAMMY HDG.,JP,0.00043394544610622475,1.7357108549471663,1.5963335680070678
2020,vw_nz,HK0000608585,NEW WORLD DEVELOPMENT COMPANY,HK,0.0004183732475469962,4.595177207941776,2.7575285715285234
2020,vw_nz,HK0008011667,PCCW,HK,0.00041073430060308144,1.5234961867049854,1.613267420065548
2020,vw_nz,JP3814800003,SUBARU,JP,0.00041030547263837226,9.268376256986352,14.258597599702718
2020,vw_nz,JP3830000000,BROTHER INDUSTRIES,JP,0.0004086826926124796,2.9171113381138314,3.366730074518769
2020,vw_nz,AU000000CPU5,COMPUTERSHARE,AU,0.00040469195564513783,1.0187502355139524,0.3535069178442539
2020,vw_nz,JP3877600001,MARUBENI,JP,0.00039630731452001755,12.116760616727786,61.56363436584595
2020,vw_nz,JP3270000007,KURITA WATER IND.,JP,0.00038993236737332843,10.757475204019654,7.518992686333653
2020,vw_nz,JP3246400000,KYUSHU ELEC.POWER,JP,0.0003764916924343198,1024.3358857624469,4823.269234179347
2020,vw_nz,JP3320800000,SAPPORO HOLDINGS,JP,0.00036173053085545784,26.399506016009838,62.0274065073579
2020,vw_nz,NZCENE0001S6,CONTACT ENERGY,NZ,0.0003558726117489245,629.9981299455773,273.836286559336
2020,vw_nz,AU000000BSL0,BLUESCOPE STEEL,AU,0.00033787187649262734,1044.3024865561558,1811.7813124010192
2020,vw_nz,AU000000TCL6,TRANSURBAN GROUP STAPLED UNITS,AU,0.0003340190728673678,1.5078421751294442,0.14608228666455617
2020,vw_nz,JP3778630008,BANDAI NAMCO HDG.,JP,0.0003336822104276027,0.9260498061512389,0.48496800262939116
2020,vw_nz,JP3188220002,OTSUKA HOLDINGS,JP,0.00033351941818650263,28.69538034391167,14.808952835802664
2020,vw_nz,JP3402600005,SUMITOMO METAL MINING,JP,0.00033085976378741393,247.48228489197712,235.28329052703216
2020,vw_nz,SG9999000020,FLEX,SG,0.00032839469606655533,4.134571739165733,15.690061356839916
2020,vw_nz,AU000000QAN2,QANTAS AIRWAYS,AU,0.00031420479042617205,765.507626784995,1469.0502552553025
2020,vw_nz,JP3304200003,KOMATSU,JP,0.0003123833709532804,5.491109379123695,5.918172024615897
2020,vw_nz,AU000000SUN6,SUNCORP GROUP,AU,0.0003097248245634495,0.21129859150751706,0.20104520930057526
2020,vw_nz,JP3903000002,MITSUBISHI MATERIALS,JP,0.0003083976799045764,675.5618392732547,2833.6072135844606
2020,vw_nz,JP3582600007,TOKYO TATEMONO,JP,0.0002964143893036075,5.031066414451511,4.397239886348261
2020,vw_nz,AU000000COH5,COCHLEAR,AU,0.0002876019302114007,0.5522433031855251,0.06021623985668751
2020,vw_nz,JP3742600004,NHK SPRING,JP,0.00028492003105766987,14.143757479950812,44.18163790579036
2020,vw_nz,JP3574200006,TOKYU,JP,0.00028227129227214264,13.743666297553926,13.432196156626025
2020,vw_nz,SG1J26887955,SINGAPORE EXCHANGE,SG,0.00026588911830217394,0.06445929395586687,0.00668926150552979
2020,vw_nz,BMG8063F1068,SHANGRI-LA ASIA,HK,0.00026368020688699747,61.91604365074348,45.934619876670965
2020,vw_nz,JP3405400007,SUMITOMO HEAVY INDS.,JP,0.0002615014941106405,4.900985669377399,12.354136375498639
2020,vw_nz,JP3459600007,TAKARA HDG.,JP,0.0002550758890785147,33.51004034842649,48.38364857718317
2020,vw_nz,JP3210200006,KAJIMA,JP,0.00023731980432292098,9.210467360243754,24.98780007408148
2020,vw_nz,AU000000BPT9,BEACH ENERGY,AU,0.0002304032112501437,460.78925948037624,157.8390331490995
2020,vw_nz,JP3973400009,RICOH,JP,0.0002173211570600647,7.359913000009374,15.909805611525874
2020,vw_nz,SG9999003735,XP POWER (DI),SG,0.0002140351053792084,0.7621657916746836,0.22146663167623198
2020,vw_nz,SG1M51904654,CAPITALAND INTEG. COML. TST.,SG,0.000213231170483065,0.024350494054131148,0.0020941124029790247
2020,vw_nz,AU0000224040,WOODSIDE ENERGY GROUP,AU,0.00020873881878495914,1955.4665419034943,431.28971616245275
2020,vw_nz,JP3359600008,SHARP,JP,0.00020655709965863582,11.490639118923326,34.27979111092369
2020,vw_nz,JP3375800004,SHINKO ELEC.INDS. DEAD - DELIST.06/06/25,JP,0.0001997400512167029,29.438308282215615,24.130830709918076
2020,vw_nz,JP3347200002,SHIONOGI,JP,0.00019132512055727882,13.42101963429451,2.2893146701366027
2020,vw_nz,JP3870400003,MARUI GROUP,JP,0.0001816009627454165,6.036924905689269,2.735204885582358
2020,vw_nz,JP3733000008,NEC,JP,0.00018090525889382863,0.9253716586208567,2.1724254043426785
2020,vw_nz,NZTELE0001S4,SPARK NEW ZEALAND,NZ,0.00016994708388870457,1.0711183812103853,0.452822624731222
2020,vw_nz,JP3485800001,DAICEL,JP,0.00016321370031144588,435.65261071157624,529.3945873642367
2020,vw_nz,JP3721400004,JAPAN STEEL WORKS,JP,0.00016264008884153206,45.13960115117382,65.83113651846806
2020,vw_nz,JP3718800000,NISSUI,JP,0.00016073100120743867,33.702905074218805,125.91468220376089
2020,vw_nz,JP3491000000,DAIDO STEEL,JP,0.00015748373786896873,87.30309470920514,242.363731906559
2020,vw_nz,JP3292200007,JTEKT,JP,0.00015463354476573905,7.859171942815479,28.69021068358487
2020,vw_nz,BMG5320C1082,KUNLUN ENERGY,HK,0.00015224402878233608,28.41600372096438,69.1053699532805
2020,vw_nz,JP3629000005,TOPPAN HOLDINGS,JP,0.0001505482182397557,18.29617161096772,35.081201751844716
2020,vw_nz,JP3174410005,OJI HOLDINGS,JP,0.00014294633991444208,453.78361375385623,1201.467679322329
2020,vw_nz,AU000000GWA4,GWA GROUP,AU,0.00012137700507234544,36.88911159582621,16.048729662579145
2020,vw_nz,AU000000IAG3,INSURANCE AUS.GROUP,AU,0.00012124208356864192,1.1453816991723087,0.6223777577622057
2020,vw_nz,AU000000AMP6,AMP,AU,0.00012078025027021772,0.02242057589933351,0.08816064608094887
2020,vw_nz,AU000000BLD2,BORAL DEAD - DELIST.08/07/24,AU,0.00011771474014757336,343.8663414455224,350.27996450496363
2020,vw_nz,JP3143600009,ITOCHU,JP,0.00011685796750123798,11.636304323495507,32.60156302104542
2020,vw_nz,AU000000ASX7,ASX,AU,0.00011383831167042686,0.049745656338772544,0.002747949529691905
2020,vw_nz,JP3172100004,OKUMA,JP,0.00011200712375321488,3.7088390192688454,4.112674630492003
2020,vw_nz,JP3269600007,KURARAY,JP,9.770084315039544e-05,386.08784829560625,476.4045781431637
2020,vw_nz,JP3579800008,TOKYO STEEL MNFG.,JP,9.413160755733553e-05,171.2903715226331,263.83056354301505
2020,vw_nz,JP3180400008,OSAKA GAS,JP,8.927471409241484e-05,361.1036541305696,649.0432658087145
2020,vw_nz,JP3827200001,FURUKAWA ELECTRIC,JP,6.778018945291511e-05,20.124580513649494,102.91513091762003
2020,vw_nz,JP3407400005,SUMITOMO ELECTRIC IND.,JP,6.777774305564316e-05,11.484175134291565,31.27294993134977
2020,vw_nz,JP3268950007,MEDIPAL HOLDINGS,JP,6.366087026719419e-05,1.1432008791903419,6.54617002979207
2020,vw_nz,JP3676800000,NISSHIN SEIFUN,JP,6.108692946910771e-05,14.70940043837246,17.298143966179275
2020,vw_nz,JP3942800008,YAMAHA MOTOR,JP,5.632003507452765e-05,8.500438624043493,19.74148952142349
2020,vw_nz,JP3896800004,MITSUBISHI GAS CHM.,JP,5.144573430324296e-05,106.87877465523177,170.6648854875412
2020,vw_nz,JP3358200008,SHIMAMURA,JP,4.963597258169134e-05,0.11478723541388779,0.20099170237463995
2020,vw_nz,JP3242800005,CANON,JP,4.8715749728031594e-05,3.706483893249972,3.4769021021927804
2020,vw_nz,JP3358800005,SHIMIZU,JP,4.7798996389956307e-05,11.871061323978031,23.671068103779778
2020,vw_nz,NZSKCE0001S2,SKY CITY ENTM.GP.,NZ,4.738770232400504e-05,9.098558754481077,3.0750650919078257
2020,vw_nz,AU000000SGP0,STOCKLAND STAPLED UNITS,AU,4.4409907131869595e-05,10.904817763838198,2.6880950676497957
2020,vw_nz,JP3678000005,NISSHINBO HOLDINGS,JP,4.177309564469115e-05,52.6209139870954,158.4711739200257
2020,vw_nz,JP3293200006,COCA-COLA BOTTLERS JAPAN HOLDINGS,JP,3.971233600190596e-05,22.380571197144867,34.08515043581502
2020,vw_nz,HK0165000859,CHINA EVERBRIGHT,HK,3.726455718629386e-05,0.21518100804211848,0.03338904419645199
2020,vw_nz,JP3992400006,WACOAL HDG.,JP,3.694254934738769e-05,1.0154659332240077,0.9643764527812314
2020,vw_nz,JP3890310000,MS&AD INSURANCE GP.HDG.,JP,3.547656508493826e-05,0.47730460689330645,1.2005697210715494
2020,vw_nz,JP3350800003,SHIKOKU ELECTRIC POWER,JP,3.5126949445818036e-05,1076.961976247086,3831.020378540065
2020,vw_nz,JP3165600002,NTN,JP,3.1022694294755716e-05,14.946984012030876,66.15779701649677
2020,vw_nz,BMG2178K1009,CKI HOLDINGS,HK,2.8065995910606793e-05,9655.811994900696,454.6207253931041
2020,vw_nz,JP3799000009,HIROSE ELECTRIC,JP,2.7136549016005617e-05,1.805349808017563,0.4157835174660339
2020,vw_nz,JP3404200002,SUMITOMO RUBBER INDS.,JP,2.6783446174793086e-05,44.661534930553145,125.45378720029534
2020,vw_nz,JP3862400003,MAKITA,JP,2.6435155481696745e-05,0.9880207948185354,0.4194332450071562
2020,vw_nz,AU000000ORI1,ORICA,AU,2.2474152623583546e-05,469.80767867492386,329.79989048289195
2020,vw_nz,JP3756100008,NITORI HOLDINGS,JP,1.9460104044314007e-05,6.472821171273371,2.136691855583543
2020,vw_nz,JP3357200009,SHIMADZU,JP,1.9289586136017338e-05,0.8317569229208087,0.3541900087721059
2020,vw_nz,AU000000CSR5,CSR DEAD - DEAD.10/07/24,AU,1.8849600211685368e-05,192.9513222932762,170.32659626547309
2020,vw_nz,HK0000055878,CHINA TAIPING INSURANCE HLDGS,HK,1.864592640010625e-05,0.15351604437813923,0.6384488638141224
2020,vw_nz,AU000000ORG5,ORIGIN ENERGY (EX BORAL),AU,1.8089954556629503e-05,1733.7677965894336,1716.8200983949973
2020,vw_nz,HK0291001490,CHINA RESOURCES BEER HOLDINGS,HK,1.7970032561788236e-05,30.29975110918732,9.512802160894488
2020,vw_nz,JP3215800008,KANEKA,JP,1.701385255027273e-05,173.3203313181406,456.89960979070594
2020,vw_nz,JP3481800005,DAIKIN INDUSTRIES,JP,1.6660236363619564e-05,29.20407420215383,16.338217754910087
2020,vw_nz,JP3258000003,KIRIN HOLDINGS,JP,1.6482152798090714e-05,19.991445677194264,17.596834344288716
2020,vw_nz,AU000000SGM7,SIMS,AU,1.3900275502343682e-05,18.8642903940604,55.62296256231087
2020,vw_nz,JP3351100007,SYSMEX,JP,1.3772238062610486e-05,1.4670498033479418,0.2703547109291866
2020,vw_nz,HK0308001558,CTII.INTL.INV.HK.,HK,1.2171968456963064e-05,15.702023926226024,10.407254076680697
2020,vw_nz,AU000000LLC3,LENDLEASE GROUP STAPLED UNITS,AU,9.68052645453071e-06,10.944685611299693,15.90273166145604
2020,vw_nz,JP3224200000,KAWASAKI HEAVY INDUSTRY,JP,9.579460459808287e-06,11.229623725587652,51.7075589206526
2020,vw_nz,JP3499800005,MITSUBISHI HC CAPITAL,JP,9.428868931091524e-06,0.5037038781783278,0.7599070415328197
2020,vw_nz,JP3605400005,TOHOKU ELECTRIC PWR.,JP,9.289237177085923e-06,1443.48412915145,6385.056463930691
2020,vw_nz,AU000000MGR9,MIRVAC GROUP STAPLED UNITS,AU,9.138605331234963e-06,4.819222603879548,0.8229821376345747
2020,vw_nz,JP3102000001,AISIN,JP,8.389038526317699e-06,17.579163131259037,62.39963602915722
2020,vw_nz,BMG2108M2182,CHINESE ESTATES HDG.,HK,7.421262860906247e-06,0.014411921541499128,0.0007611161006499932
2020,vw_nz,JP3126340003,ALFRESA HOLDINGS,JP,6.697601720345385e-06,1.3248057150199284,6.82988781485924
2020,vw_nz,JP3766550002,HAKUHODO DY HDG.,JP,6.676567340930397e-06,0.030042163393586632,0.07225938789305611
2020,vw_nz,HK0270001396,GUANGDONG INVESTMENT,HK,5.560820659924306e-06,1455.209579974441,236.93787394295757
2020,vw_nz,HK0002007356,CLP HOLDINGS,HK,5.0886794991915755e-06,4088.807021090376,1727.0122248190476
2020,vw_nz,JP3040890000,JAPAN PRIME REALTY INV.,JP,4.587962692364193e-06,4.377841957535272,0.3067237256613656
2020,vw_nz,JP3388200002,AEON,JP,4.084265368318803e-06,2.7285847092549584,11.972239994966092
2020,vw_nz,JP3143000002,ITO EN,JP,2.8148996878466943e-06,5.278596632299338,5.466410049083807
2020,vw_nz,AU000000DOW2,DOWNER EDI,AU,2.679186855158184e-06,36.866922075421265,111.08470795258516
2020,vw_nz,NZAIAE0002S6,AUCKLAND INTL.AIRPORT,NZ,2.6417931968448846e-06,4.959303504408959,0.3632131865933876
2020,vw_nz,JP3619800000,TOYOBO,JP,2.2243322093163345e-06,226.9738444303736,573.4772906274612
2020,vw_nz,JP3595200001,TOSOH,JP,2.1446818182951773e-06,1040.2703221930035,1584.2911798837872
2020,vw_nz,JP3111200006,ASAHI KASEI,JP,1.4752921187900391e-06,148.2074234608058,205.2923026157533
2020,vw_nz,AU000000FLT9,FLIGHT CENTRE TRAVEL GP.,AU,1.2239648899881144e-06,24.969430283210414,20.086083213773314
2021,vw_nz,JP3475350009,DAIICHI SANKYO,JP,0.032824294911346426,9.517064496294866,1.2838755112208884
2021,vw_nz,KYG548561284,LIFESTYLE INTL.HDG. DEAD - DELIST.21/12/22,HK,0.019193552139840444,0.00011667703795892968,2.7451913398363867e-05
2021,vw_nz,JP3769000005,HACHIJUNI NAGANO BANK,JP,0.017076830766322167,1.8518212445010067,1.598121954118626
2021,vw_nz,JP3435000009,SONY GROUP,JP,0.015904327150894525,2.5018879394285785,1.6166808331974816
2021,vw_nz,JP3496400007,KDDI,JP,0.015627317886863543,0.5080693992419133,0.36867305835331643
2021,vw_nz,JP3436100006,SOFTBANK GROUP,JP,0.015005962186302728,0.25229903733580594,0.09057185527773763
2021,vw_nz,JP3802300008,FAST RETAILING,JP,0.013470171110511412,0.5256680528634731,0.10858860154252334
2021,vw_nz,JP3633400001,TOYOTA MOTOR,JP,0.013430209673268863,9.744521593169779,10.585344491179342
2021,vw_nz,JP3735400008,NTT,JP,0.013369019337820809,2.124363165238635,2.4285179020544034
2021,vw_nz,JP3826800009,FURUKAWA,JP,0.012901072128580523,2.78664114018294,8.652218782249742
2021,vw_nz,HK0388045442,HONG KONG EXCHANGES AND CLEARING,HK,0.012887855646402609,0.046612163946862135,0.0011969480640714565
2021,vw_nz,AU000000TLS2,TELSTRA GROUP,AU,0.012501964028492995,1.9375810192607323,1.1578695759751074
2021,vw_nz,JP3419400001,SEKISUI CHEMICAL,JP,0.012152174476687174,20.082760760303643,23.223223223223222
2021,vw_nz,JP3389900006,JAFCO GROUP,JP,0.012022857960480611,0.021655177391994802,0.0016307449786644198
2021,vw_nz,JP3837800006,HOYA,JP,0.011687729986236026,3.163024871853013,0.3440027950227096
2021,vw_nz,JP3756600007,NINTENDO,JP,0.011629239945434345,0.036765734559230885,0.007563840773284713
2021,vw_nz,JP3613000003,TOYO SUISAN KAISHA,JP,0.011536347257145342,41.911676497302835,33.15027259770161
2021,vw_nz,JP3551500006,DENSO,JP,0.010857929741693341,12.69923719694764,12.097269608445405
2021,vw_nz,JP3818000006,FUJITSU,JP,0.010310674802472245,2.1703105795464257,2.332582034577574
2021,vw_nz,AU000000CSL8,CSL,AU,0.010266743736924802,5.095693185592611,0.5854720104461661
2021,vw_nz,HK0823032773,LINK REAL ESTATE INVESTMENT TRUST,HK,0.009983558000290766,2.2343750684327546,0.16947097484288917
2021,vw_nz,AU0000088338,AMPOL,AU,0.009768193626076692,47.258119700575136,111.0747887420338
2021,vw_nz,JP3385820000,GS YUASA,JP,0.009760746545170583,17.6414287825406,24.480057034657754
2021,vw_nz,JP3322930003,SUMCO,JP,0.009345038465041615,9.740400294376542,4.064000481659316
2021,vw_nz,AU000000CBA7,COMMONWEALTH BK.OF AUS.,AU,0.009307903079687126,0.3601761363181233,0.0753087655091351
2021,vw_nz,JP3951600000,UNI CHARM,JP,0.009148480081262282,5.128768199903493,1.2882613624652168
2021,vw_nz,SG1T75931496,SINGAPORE TELECOM,SG,0.009140178222458495,0.6490597635173723,0.26149394711479085
2021,vw_nz,JP3134800006,IHI,JP,0.009002184567039377,4.9948162893987185,20.484483573416412
2021,vw_nz,JP3914400001,MURATA MANUFACTURING,JP,0.008826864494524734,18.45096453744527,4.342019976415647
2021,vw_nz,JP3256000005,KYOWA KIRIN,JP,0.008699560515107873,5.414918725047778,1.041539003737018
2021,vw_nz,JP3802400006,FANUC,JP,0.008685746694503123,9.951441189873766,0.8726159684014928
2021,vw_nz,SG1L01001701,DBS GROUP HOLDINGS,SG,0.008373344016851471,0.05549040137006314,0.015507652319664134
2021,vw_nz,JP3456000003,TAKASHIMAYA,JP,0.00832913704255288,3.0635101817517807,12.19272085010279
2021,vw_nz,HK0011000095,HANG SENG BANK DEAD - DELIST.28/01/26,HK,0.00819449409487745,0.011546599151318379,0.0020245911644602294
2021,vw_nz,SG1S04926220,OVERSEA-CHINESE BKG.,SG,0.008088632254814074,0.0094489322885924,0.006821535674472863
2021,vw_nz,JP3194000000,OKI ELECTRIC IND.,JP,0.007924927415013133,2.586265893598634,10.818668027784557
2021,vw_nz,AU000000MTS0,METCASH,AU,0.007835284054000535,1.439809139933286,5.731460789651011
2021,vw_nz,JP3684000007,NITTO DENKO,JP,0.007712621967773821,51.87095507356072,24.3310090372434
2021,vw_nz,JP3421800008,SECOM,JP,0.007706170498195415,6.113321391496044,2.9073385132806555
2021,vw_nz,AU000000BOQ8,BANK OF QLND.,AU,0.0075818603779351,0.2885016943590185,0.15229561679724804
2021,vw_nz,JP3162600005,SMC,JP,0.007514982385281473,10.657878866652476,1.2627883263295063
2021,vw_nz,AU000000GMG2,GOODMAN GROUP,AU,0.007353696802445929,2.1047268365695175,0.13116174147003293
2021,vw_nz,AU000000OZL8,OZ MINERALS DEAD - DELIST.03/05/23,AU,0.007274337486095439,93.12779410420049,19.886208561651024
2021,vw_nz,JP3519400000,CHUGAI PHARM.,JP,0.00720028836684441,6.530537454498055,0.5646100203787522
2021,vw_nz,JP3371200001,SHIN-ETSU CHEMICAL,JP,0.007159723103588208,151.97131852720426,28.93933829401024
2021,vw_nz,BMG4600H1198,HOPSON DEVELOPMENT HOLDINGS,HK,0.007127034524458499,0.29294747557756207,0.2297419426723993
2021,vw_nz,JP3397200001,SUZUKI MOTOR,JP,0.006983828864959909,13.146604498449774,16.539328346580753
2021,vw_nz,AU000000WOW2,WOOLWORTHS GROUP,AU,0.006883112239669114,9.941881331941651,10.830128610256928
2021,vw_nz,HK0363006039,SHANGHAI INDUSTRIAL HOLDINGS,HK,0.006855085186334567,30.45165344434844,71.03725371304446
2021,vw_nz,JP3201200007,OLYMPUS,JP,0.006682338575059109,4.222985896293734,1.1253974739029087
2021,vw_nz,JP3935600001,YAMAZAKI BAKING,JP,0.006648907828737669,39.97926878124545,96.01990049751244
2021,vw_nz,JP3955000009,YOKOGAWA ELECTRIC,JP,0.006609393524185865,3.2712994314349366,1.9717329459475816
2021,vw_nz,JP3198900007,ORIENTAL LAND,JP,0.006576965066457891,22.87398720449046,0.8041856815788333
2021,vw_nz,HK0016000132,SUN HUNG KAI PROPERTIES,HK,0.00646600794612485,3.262444241999046,0.9542316401399422
2021,vw_nz,BMG507361001,JARDINE MATHESON HDG.,HK,0.006348875372335285,134.52902031912583,103.74854075211613
2021,vw_nz,JP3200450009,ORIX,JP,0.006259957881332667,45.90233640364757,45.670175639761865
2021,vw_nz,HK0006000050,POWER ASSETS HOLDINGS,HK,0.006189883149829913,42609.82159750493,606.5829601555616
2021,vw_nz,JP3711200000,AOZORA BANK,JP,0.005972295844371571,0.08496727641867402,0.05170443206763302
2021,vw_nz,JP3538800008,TDK,JP,0.005941015307000424,10.305729077997096,6.718340509981616
2021,vw_nz,AU000000STO6,SANTOS,AU,0.005839221213251045,1666.3763526614764,603.2500094257814
2021,vw_nz,JP3481800005,DAIKIN INDUSTRIES,JP,0.005616008325833291,23.684150579350927,8.643877737850048
2021,vw_nz,JP3792600003,HINO MOTORS,JP,0.0055822036516672115,9.430026980971315,26.26882277043367
2021,vw_nz,SG9999000020,FLEX,SG,0.005407027004063836,3.17205059310087,8.262682087774037
2021,vw_nz,JP3885400006,MISUMI GROUP,JP,0.005328172037465035,3.044968179592978,0.8948187241948379
2021,vw_nz,JP3672400003,NISSAN MOTOR,JP,0.00523364919815787,7.517857029112943,24.72122326006412
2021,vw_nz,JP3814000000,FUJIFILM HOLDINGS,JP,0.0050505822651335545,31.235484561375223,21.65013848332349
2021,vw_nz,AU000000IGO4,IGO,AU,0.005038411135476025,95.29100417654635,17.056523390056903
2021,vw_nz,JP3967200001,RAKUTEN GROUP,JP,0.005022803727728623,0.11892490156021962,0.11557732523052308
2021,vw_nz,JP3982100004,LAWSON DEAD - DELIST.24/07/24,JP,0.005017228048116561,0.6677848179898124,0.8783199985293246
2021,vw_nz,JP3906000009,MINEBEA MITSUMI,JP,0.0050108116810614846,8.620865349603337,8.206441278295882
2021,vw_nz,JP3351600006,SHISEIDO,JP,0.0049858669846346675,3.280523569005124,1.0255960135057265
2021,vw_nz,JP3791200003,HITACHI TRANSPORT SYSTEM DEAD - DELIST.24/02/23,JP,0.004938906633060584,6.717543079554712,11.729976060684722
2021,vw_nz,KYG210961051,CHINA MENGNIU DAIRY,HK,0.004900781782815486,23.529122175509876,10.895377971138142
2021,vw_nz,HK2388011192,BOC HONG KONG HOLDINGS,HK,0.004887035732895109,0.03838247087854749,0.01823371258612822
2021,vw_nz,JP3228600007,KANSAI ELECTRIC PWR.,JP,0.004808922681946704,998.5789158163234,3133.1111688636383
2021,vw_nz,AU000000BHP4,BHP GROUP,AU,0.004754482712596911,200.0919590946263,100.30537524588473
2021,vw_nz,JP3726800000,JAPAN TOBACCO,JP,0.004720062764981123,17.68967023314898,8.86203067651223
2021,vw_nz,HK0688002218,CHINA OVERSEAS LAND INVESTMENT,HK,0.004714610011513085,1.1184494606876625,1.2055128089977345
2021,vw_nz,JP3942400007,ASTELLAS PHARMA,JP,0.004605570235560227,5.306598284823838,2.057013565834772
2021,vw_nz,AU000000MQG1,MACQUARIE GROUP,AU,0.004584508978682766,0.042374472232782935,0.012627147226019418
2021,vw_nz,AU000000QBE9,QBE INSURANCE GROUP,AU,0.0045245531691935435,0.3781466249341749,0.7087353862694736
2021,vw_nz,JP3638600001,DOWA HDG.,JP,0.004518463984103053,222.9161225144499,474.72887251892774
2021,vw_nz,AU0000033359,HEALIUS,AU,0.004389791636223673,5.554965050538794,3.3604997116655526
2021,vw_nz,JP3571400005,TOKYO ELECTRON,JP,0.00425034893920308,2.37509517784426,0.4711380811488231
2021,vw_nz,JP3598600009,TOHO,JP,0.004221741741434094,2.876709297461225,0.7635434569499935
2021,vw_nz,AU000000ANN9,ANSELL,AU,0.0042133031709923946,66.86914926762118,35.65359956135351
2021,vw_nz,JP3271400008,CREDIT SAISON,JP,0.004201632831230407,0.317797696137562,0.4775798884246399
2021,vw_nz,JP3539220008,T & D HOLDINGS,JP,0.004192678122003149,0.0967828546036112,0.25179514418014726
2021,vw_nz,AU000000NAB4,NATIONAL AUS.BANK,AU,0.00415629379493719,0.5416620510345664,0.1786440682443123
2021,vw_nz,KYG217651051,CK HUTCHISON HOLDINGS,HK,0.004152704315186932,234.377460516798,294.65367635197197
2021,vw_nz,JP3613400005,TOYO SEIKAN GROUP HDG.,JP,0.004136095817607913,54.21653749716341,177.89188941359865
2021,vw_nz,JP3910660004,TOKIO MARINE HOLDINGS,JP,0.004060832405886128,0.2591522043244732,0.38422704627975807
2021,vw_nz,JP3820000002,FUJI ELECTRIC,JP,0.004026539705311973,24.99608431765202,32.240525160206076
2021,vw_nz,JP3711600001,NIPPON SANSO HOLDINGS,JP,0.003796643622792698,128.21510415496178,116.32758413419042
2021,vw_nz,HK0066009694,MTR,HK,0.0037686988002569376,8.745824465095144,1.3480941483630986
2021,vw_nz,JP3734800000,NIDEC,JP,0.003708611077968404,4.041834060347008,0.730351624137683
2021,vw_nz,JP3119600009,AJINOMOTO,JP,0.0036639842518879457,99.72557970792427,83.83347834505477
2021,vw_nz,JP3027680002,JAPAN REAL ESTATE INV.,JP,0.003657551860951851,4.893430155319013,0.4023826312949925
2021,vw_nz,JP3854600008,HONDA MOTOR,JP,0.003556441237019849,9.051446912985037,23.14208329992884
2021,vw_nz,JP3336000009,SANTEN PHARM.,JP,0.0033342800401280613,6.480036385883986,2.260488606285558
2021,vw_nz,HK0003000038,HONG KONG AND CHINA GAS,HK,0.0032957066901752774,342.4244369835816,71.3018101510431
2021,vw_nz,AU000000IVC8,INVOCARE DEAD - DELIST.27/11/23,AU,0.0032923683011219255,15.159718462371412,4.329656561491432
2021,vw_nz,HK0014000126,HYSAN DEVELOPMENT,HK,0.0032813041018404333,1.144939284789022,0.14161267898628063
2021,vw_nz,JP3548610009,DENA,JP,0.003247112434796778,0.014997485947750338,0.007610868319960905
2021,vw_nz,SG1M77906915,CAPITALAND ASCENDAS REIT,SG,0.00324465933194807,0.7366909439818661,0.061192177671273905
2021,vw_nz,AU000000CWY3,CLEANAWAY WASTE MANAGEMENT,AU,0.0030627529203197472,491.95697565800316,244.92831679105433
2021,vw_nz,JP3621000003,TORAY INDS.,JP,0.0030157320823874555,158.03337642414223,256.0763453804647
2021,vw_nz,HK0010000088,HANG LUNG GROUP,HK,0.0029765864885316815,2.1444702605254764,0.7465687857211639
2021,vw_nz,JP3156400008,USHIO,JP,0.0029095813684348426,3.18130769583789,2.130657929074724
2021,vw_nz,JP3209000003,CASIO COMPUTER,JP,0.002857821120505188,1.6700011307179137,0.7286548530004028
2021,vw_nz,JP3902900004,MITSUBISHI UFJ FINL.GP.,JP,0.0028439060335131547,0.5038460430056978,0.4767628975332948
2021,vw_nz,JP3197800000,OMRON,JP,0.002828881213440594,3.2451954207568185,1.0787468520631094
2021,vw_nz,JP3283650004,KOSE HOLDINGS,JP,0.0027997659078427667,2.331465061216191,0.7234709089063548
2021,vw_nz,JP3249600002,KYOCERA,JP,0.002765453166563251,8.958562869929414,5.328033363851419
2021,vw_nz,JP3305530002,COMSYS HOLDINGS,JP,0.00272383729603945,16.984182819253572,20.866274998956683
2021,vw_nz,JP3116000005,ASAHI GROUP HOLDINGS,JP,0.0026844399865580634,25.604289744777063,23.85382146428663
2021,vw_nz,JP3866800000,PANASONIC HOLDINGS,JP,0.002650385703484026,5.248435238674898,10.232193270627558
2021,vw_nz,JP3452000007,TAIYO YUDEN,JP,0.0025993505340252718,15.238039952689514,5.511933993278065
2021,vw_nz,JP3402600005,SUMITOMO METAL MINING,JP,0.002548453725827304,219.1967798509929,139.8078442851961
2021,vw_nz,JP3420600003,SEKISUI HOUSE,JP,0.00253173476403765,3.6938927753986057,6.455327258820342
2021,vw_nz,JP3122400009,ADVANTEST,JP,0.0025217845416702954,1.3788950165069296,0.22775285049729027
2021,vw_nz,JP3229400001,KANSAI PAINT,JP,0.0024719091388226595,4.473960378077215,1.9199333111370902
2021,vw_nz,JP3933800009,LY,JP,0.0024706756690057886,0.3306594819668116,0.11586286279716679
2021,vw_nz,JP3277800003,KEIO,JP,0.0023801238532906006,31.724963318925045,9.973930503090871
2021,vw_nz,BMG988031446,YUE YUEN INDL.HDG.,HK,0.002368123948892061,1.6567682652192508,3.9043762480059794
2021,vw_nz,BMG2178K1009,CKI HOLDINGS,HK,0.0022836583815255816,8081.865973918327,523.8707578651331
2021,vw_nz,JP3407200009,OSAKA TITANIUM,JP,0.0022549258389891625,214.52054657839727,155.2570768341999
2021,vw_nz,JP3027670003,NIPPON BUILDING FUND,JP,0.002220032017709484,15.379302044468632,1.2137806852347441
2021,vw_nz,JP3274400005,GLORY,JP,0.0022111522288972983,1.4137099745873583,2.2423774297067234
2021,vw_nz,JP3626800001,LIXIL,JP,0.0022094625278543953,34.96388328395498,62.202751604123534
2021,vw_nz,AU000000COH5,COCHLEAR,AU,0.0021191713813766833,0.47469828117160345,0.04683077196674423
2021,vw_nz,JP3942600002,YAMAHA,JP,0.0020574483935759907,6.353682348806186,1.9251484770762943
2021,vw_nz,JP3596200000,TOTO,JP,0.0020516712227209247,30.94692398694225,15.140882740662972
2021,vw_nz,BMG2624N1535,DFI RETAIL GROUP HOLDINGS,HK,0.00203066590850234,34.06364158820269,59.60896518836432
2021,vw_nz,JP3173400007,OBIC,JP,0.00202572043254056,0.2104179712158356,0.008955357542649891
2021,vw_nz,JP3940400009,YAMATO KOGYO,JP,0.0019450550816200796,38.35307703250388,31.451396156067545
2021,vw_nz,JP3409000001,SUMITOMO REAL.&DEV.,JP,0.0019356259335233147,4.579067099733777,2.8566288925678163
2021,vw_nz,JP3165700000,NTT DATA GROUP DEAD - DELIST.26/09/25,JP,0.0019182633096796722,0.3333217331293907,0.3500793854924705
2021,vw_nz,JP3973400009,RICOH,JP,0.001884085621350159,7.2206334055224355,20.311507280448303
2021,vw_nz,SG1F60858221,SINGAPORE TECHS.ENGR.,SG,0.001876087793780731,6.706131005759449,4.088762490601525
2021,vw_nz,AU000000CGF5,CHALLENGER,AU,0.001874233553244923,0.001088447939205235,0.000286857576661963
2021,vw_nz,AU000000ERA9,ENERGY RES.OF AUS.,AU,0.0018702212538240278,598.6181366929928,184.9648247737575
2021,vw_nz,AU000000WBC1,WESTPAC BANKING,AU,0.0018469824378862531,0.33992682848788586,0.13182455697898615
2021,vw_nz,AU000000GPT8,GPT GROUP STAPLED UNITS,AU,0.0018467410073508682,14.262175870099506,1.2203440024825896
2021,vw_nz,JP3463000004,TAKEDA PHARMACEUTICAL,JP,0.001831140623755524,9.625505737376322,5.306903865345918
2021,vw_nz,JP3670800006,NISSAN CHEMICAL,JP,0.001823529284323388,111.81147453181106,26.430153773781893
2021,vw_nz,JP3665200006,NICHIREI,JP,0.00179535537890634,7.703787181778563,10.816156247102816
2021,vw_nz,AU000000ANZ3,ANZ GROUP HOLDINGS,AU,0.001789744641750661,0.28236684956923674,0.1223296097449321
2021,vw_nz,JP3657400002,NIKON,JP,0.001778507968511377,7.535152783680785,11.091515308175813
2021,vw_nz,AU000000BEN6,BENDIGO & ADELAIDE BANK,AU,0.0017346446169561552,0.8579732401306741,0.38689415832046764
2021,vw_nz,BMG668971101,CTF SERVICES,HK,0.0017316953277788513,7.360413095300549,6.2634994774395825
2021,vw_nz,JP3118000003,ASICS,JP,0.0017236278811846486,0.9852005739864214,0.9246591781874041
2021,vw_nz,JP3762600009,NOMURA HDG.,JP,0.0017194730723898543,0.12858082972157828,0.12824753203953504
2021,vw_nz,AU000000WES1,WESFARMERS,AU,0.0017131502037949966,99.19920998819616,52.93951946171813
2021,vw_nz,JP3320800000,SAPPORO HOLDINGS,JP,0.0016649836324121412,28.87948806161286,77.68583227652586
2021,vw_nz,JP3893200000,MITSUI FUDOSAN,JP,0.0016416355489764444,5.815806137233099,5.842845740235208
2021,vw_nz,JP3560800009,TOKAI CARBON,JP,0.0016378679908176114,1079.462521530584,611.3552594272753
2021,vw_nz,SG9999003735,XP POWER (DI),SG,0.0016336484325830852,0.6810282241225337,0.1565708039763076
2021,vw_nz,HK0000745908,YUEXIU PROPERTY COMPANY,HK,0.001631822835714874,0.5195856066626781,1.135002194443993
2021,vw_nz,AU000000MND5,MONADELPHOUS GROUP,AU,0.0016211736791838453,7.801358803899236,9.660286074884308
2021,vw_nz,HK0101000591,HANG LUNG PROPERTIES,HK,0.00157993953232312,2.276601955666718,0.22323205463257326
2021,vw_nz,AU000000MAH3,MACMAHON HOLDINGS,AU,0.0015719074860661097,2.010370413934386,4.8298598846108565
2021,vw_nz,JP3293200006,COCA-COLA BOTTLERS JAPAN HOLDINGS,JP,0.0015712937634691669,24.998603233517724,59.247342265836316
2021,vw_nz,JP3659000008,WEST JAPAN RAILWAY,JP,0.0015709701314358144,14.595165285912932,13.445771345321523
2021,vw_nz,JP3733000008,NEC,JP,0.0015506337006576851,0.7928699146376407,1.3291986423106872
2021,vw_nz,AU000000SIG5,SIGMA HEALTHCARE,AU,0.0015484453249718592,1.721949517553358,8.450964111080356
2021,vw_nz,JP3830800003,BRIDGESTONE,JP,0.0015311573444760887,60.43772496118052,64.88837842359676
2021,vw_nz,JP3039710003,JAPAN METROPOLITAN FUND INVESTMENT REIT,JP,0.0015203044792368493,9.376907192362033,1.1340839966349576
2021,vw_nz,JP3939000000,YAMADA HOLDINGS,JP,0.0014893872629330599,3.3849806153443427,10.714880985451572
2021,vw_nz,AU000000ALL7,ARISTOCRAT LEISURE,AU,0.0014845721206340984,6.024843393918606,1.1972285110151357
2021,vw_nz,JP3899600005,MITSUBISHI ESTATE,JP,0.0014591953386940354,9.807783746564331,5.2600369643188145
2021,vw_nz,JP3511800009,CHIBA BANK,JP,0.0013901048133584779,1.1042930816607657,0.5388290189978892
2021,vw_nz,AU000000SHL7,SONIC HEALTHCARE,AU,0.0013815873590669319,5.774506976301158,2.6896949708901423
2021,vw_nz,JP3263000006,KINDEN,JP,0.00135180280062776,3.11236672847136,4.6851876394318905
2021,vw_nz,JP3634200004,TOYODA GOSEI,JP,0.0013471389678279004,14.6316893423366,26.107181848388475
2021,vw_nz,SG1J26887955,SINGAPORE EXCHANGE,SG,0.0013416241406326536,0.07915458037112538,0.008153240787778668
2021,vw_nz,JP3992400006,WACOAL HDG.,JP,0.001314755573122941,1.0741360572339163,1.1733943216746543
2021,vw_nz,BMG8403G1033,SINOFERT HOLDINGS,HK,0.0013068592435383863,447.597739616981,1632.6853319246345
2021,vw_nz,BMG684371393,PACIFIC BASIN SHIP.,HK,0.0012909997043971655,2314.099223628543,3937.8453996809026
2021,vw_nz,AU000000TCL6,TRANSURBAN GROUP STAPLED UNITS,AU,0.0012828505338396026,2.189386190963235,0.161939498445409
2021,vw_nz,JP3635400009,TOYOTA BOSHOKU,JP,0.0012730380502250778,4.64052997181541,17.009016633168017
2021,vw_nz,JP3783600004,EAST JAPAN RAILWAY,JP,0.0012558098882783355,76.19550751287704,59.107452834099746
2021,vw_nz,JP3585800000,TOKYO ELECTRIC POWER CO. HDG.,JP,0.0011619109062770629,3.738224340123759,35.403539307520724
2021,vw_nz,JP3546800008,TERUMO,JP,0.0011140655532179034,10.743066884740744,2.056275407429684
2021,vw_nz,JP3404200002,SUMITOMO RUBBER INDS.,JP,0.001112101428720476,52.89441424353545,160.1435658902252
2021,vw_nz,JP3634600005,TOYOTA INDS.,JP,0.0010953556571441944,11.333295465326483,8.010516794688215
2021,vw_nz,BMG677491539,ORIENT OVERSEAS (INTL.),HK,0.0010858528840606897,676.4105403373532,939.9761959661996
2021,vw_nz,JP3164800009,NOK,JP,0.00107411103006601,6.877810626362214,15.842772985570567
2021,vw_nz,JP3551520004,DENTSU GROUP,JP,0.0010682996219723608,0.3575161590030458,0.3389506850623001
2021,vw_nz,JP3357200009,SHIMADZU,JP,0.0010643603404826036,0.5496962515937756,0.1746537271542009
2021,vw_nz,JP3205800000,KAO,JP,0.0010318628317530737,46.00987181725761,17.285136468295203
2021,vw_nz,JP3401400001,SUMITOMO CHEMICAL,JP,0.0010316731443030915,300.74870123810746,782.3132606165802
2021,vw_nz,JP3868400007,MAZDA MOTOR,JP,0.000979392113158244,3.5979663552311503,20.82045470155917
2021,vw_nz,JP3260800002,KINTETSU GROUP HDG.,JP,0.0009751949778332553,6.434341742999646,5.8269623008055405
2021,vw_nz,JP3190000004,OBAYASHI,JP,0.0009656823671244605,12.556188517887827,36.24464809756561
2021,vw_nz,JP3592200004,TOSHIBA DEAD - DELIST.20/12/23,JP,0.0009579159773165629,9.709546207366293,18.817204301075268
2021,vw_nz,JP3388200002,AEON,JP,0.0009494524009442723,2.636734939913022,7.762730698652951
2021,vw_nz,JP3165600002,NTN,JP,0.0009482962838656655,16.24700894454518,56.02313885921255
2021,vw_nz,JP3429800000,ANA HOLDINGS,JP,0.0009368143855430076,618.7166942654995,519.9964270655547
2021,vw_nz,JP3768600003,HASEKO,JP,0.0009327113735249636,5.143856319602523,10.80590746832785
2021,vw_nz,JP3219000001,KAMIGUMI,JP,0.0009234584382678957,12.63231337178418,13.73026397508877
2021,vw_nz,AU000000FLT9,FLIGHT CENTRE TRAVEL GP.,AU,0.0008820111533437565,135.4576533574147,24.01811652217673
2021,vw_nz,JP3242800005,CANON,JP,0.0008270907099119988,4.744268765028811,4.820396268978484
2021,vw_nz,JP3574200006,TOKYU,JP,0.0008213727822456079,14.781219144262556,18.55642265369647
2021,vw_nz,JP3143600009,ITOCHU,JP,0.0008137390660027989,15.513353977532555,33.95058947578761
2021,vw_nz,JP3762800005,NOMURA RESEARCH INST.,JP,0.0008035875438088955,0.19362778698155192,0.046463737840439806
2021,vw_nz,JP3877600001,MARUBENI,JP,0.0007926081673706528,13.543890283583663,67.23798272991392
2021,vw_nz,JP3743000006,NH FOODS,JP,0.0007924910817982203,31.071287237134904,78.4708747141659
2021,vw_nz,KYG0535Q1331,ASMPT,HK,0.000788400796144671,1.9509818447957032,0.592660935475242
2021,vw_nz,JP3304200003,KOMATSU,JP,0.000761450094904144,5.134798827608526,3.779470612709913
2021,vw_nz,HK0293001514,CATHAY PACIFIC AIRWAYS,HK,0.0007594914195544187,994.3401782439225,1188.4905336341726
2021,vw_nz,JP3522200009,CHUGOKU ELEC.POWER,JP,0.0007508857047936133,1420.766108939054,3711.7834490058985
2021,vw_nz,JP3210200006,KAJIMA,JP,0.0007505559518398355,6.641577216047936,17.372762030987964
2021,vw_nz,JP3778630008,BANDAI NAMCO HDG.,JP,0.0007429551513804179,0.8636898851316767,0.31479915719940826
2021,vw_nz,HK0308001558,CTII.INTL.INV.HK.,HK,0.0007061832927612603,59.21182382500739,19.475149723885824
2021,vw_nz,JP3166000004,EBARA,JP,0.0006852342546415423,40.93812523454134,60.826887869806605
2021,vw_nz,AU000000ABC7,ADBRI DEAD - DELIST.02/07/24,AU,0.0006823729868071374,1895.569038259614,1387.699052242716
2021,vw_nz,JP3358800005,SHIMIZU,JP,0.0006800504316129873,10.815723679927537,27.808173220778514
2021,vw_nz,SG1M51904654,CAPITALAND INTEG. COML. TST.,SG,0.0006405557215847391,0.07515366239901226,0.004007029474563949
2021,vw_nz,AU000000SBM8,ST BARBARA,AU,0.0006219388874303042,263.8243984803714,135.9680928208847
2021,vw_nz,JP3240400006,KIKKOMAN,JP,0.0005992306940024425,25.262292759220966,8.246450642873661
2021,vw_nz,JP3573000001,TOKYO GAS,JP,0.0005779234733049615,229.71995984492764,405.85329958629217
2021,vw_nz,AU000000TAH8,TABCORP HOLDINGS,AU,0.0005753727797312827,0.6795753723718989,0.35599867100945903
2021,vw_nz,JP3160400002,EISAI,JP,0.000574125501633877,6.68247870385836,2.0704435659341214
2021,vw_nz,BMG8063F1068,SHANGRI-LA ASIA,HK,0.000566507175221743,146.81057641909572,48.838653223782835
2021,vw_nz,JP3292200007,JTEKT,JP,0.000516053540013956,8.449665598082694,31.344091638726102
2021,vw_nz,JP3419050004,SEGA SAMMY HDG.,JP,0.0004919657051268428,2.163697397703775,1.436885968842709
2021,vw_nz,HK0000139300,TELEVISION BROADCASTS,HK,0.0004828596109186681,1.6353439617127947,1.319239774135794
2021,vw_nz,SG1R89002252,CITY DEVELOPMENTS,SG,0.0004821178769834144,1.6734401147501794,0.5315430417279368
2021,vw_nz,AU000000APA1,APA GROUP,AU,0.0004735717665109135,742.4466624715218,163.34048767560787
2021,vw_nz,JP3718800000,NISSUI,JP,0.00046462336509344734,34.79439955120018,166.3924257761068
2021,vw_nz,JP3566800003,CENTRAL JAPAN RAILWAY,JP,0.00045906860000951904,7.464160727139616,2.415725214319058
2021,vw_nz,JP3898400001,MITSUBISHI,JP,0.0004546989180283448,57.13229381056878,180.13876208729795
2021,vw_nz,JP3635000007,TOYOTA TSUSHO,JP,0.0004469339621769221,6.90979774496955,27.890632521421008
2021,vw_nz,JP3720800006,NSK,JP,0.00043882674272407974,17.52270431400219,22.517873562139947
2021,vw_nz,AU000000SGM7,SIMS,AU,0.00041824194579867513,20.4110230848388,37.474986356194286
2021,vw_nz,JP3919800007,MEIDENSHA,JP,0.00041464108310656714,8.437638894862861,18.738527814197415
2021,vw_nz,JP3443600006,TAISEI,JP,0.0004144735239740098,16.390815562280157,32.92790285996525
2021,vw_nz,HK0000049939,CHINA UNICOM (HONG KONG),HK,0.0004143996709884311,12.002696031994748,30.30777834835189
2021,vw_nz,JP3300200007,KONAMI GROUP,JP,0.00040239033424712415,14.286684119465844,3.9052420173954294
2021,vw_nz,BMG524401079,KERRY PROPERTIES,HK,0.0004010420868323475,2.3265567919983523,1.13742196528776
2021,vw_nz,JP3505000004,DAIWA HOUSE INDUSTRY,JP,0.00039975689697551895,5.388167146721484,11.428661964578543
2021,vw_nz,AU000000ELD6,ELDERS,AU,0.00039703550684130044,34.94288733584365,42.4383744170553
2021,vw_nz,HK0000608585,NEW WORLD DEVELOPMENT COMPANY,HK,0.0003889634253602014,5.293854070756167,3.593812604349406
2021,vw_nz,JP3738600000,NITERRA,JP,0.00037561603616321256,15.891440731835392,16.24302282393191
2021,vw_nz,SG1S83002349,UOL GROUP,SG,0.0003747486056073138,1.1330489470400784,0.3587352021729104
2021,vw_nz,JP3270000007,KURITA WATER IND.,JP,0.00037150099757870435,5.53694964697991,2.764754904477718
2021,vw_nz,JP3625000009,TOKUYAMA,JP,0.0003714996320591681,2364.5019697770476,3678.851501744189
2021,vw_nz,AU000000MGR9,MIRVAC GROUP STAPLED UNITS,AU,0.00035909720133423797,4.496450059059334,0.8745475230116868
2021,vw_nz,JP3421100003,JAPAN PETROLEUM EXP.,JP,0.0003472100221425606,352.23151259905023,661.4594956482928
2021,vw_nz,JP3172100004,OKUMA,JP,0.00034510879608588634,4.109290695333078,2.4632968765395606
2021,vw_nz,JP3902000003,MITSUBISHI LOGISTICS,JP,0.0003439025503968307,2.3516572997985983,1.8783020873522673
2021,vw_nz,AU000000CQR9,CHARTER HALL RETAIL REIT,AU,0.00032230140608057015,2.017235700955099,0.18925495345873083
2021,vw_nz,JP3900000005,MITSUBISHI HEAVY INDS.,JP,0.0003222474726377485,4.189305098045831,15.337906264061864
2021,vw_nz,JP3944130008,USS,JP,0.0003161097424139772,6.397870788601553,0.7121774429664565
2021,vw_nz,JP3903000002,MITSUBISHI MATERIALS,JP,0.0003152589226609699,655.4388711822614,3064.9395763328944
2021,vw_nz,HK0270001396,GUANGDONG INVESTMENT,HK,0.00030802821766293836,1015.4118972047365,256.3484676523143
2021,vw_nz,JP3358000002,SHIMANO,JP,0.0003008736082325716,6.050673416820617,0.9724054703839446
2021,vw_nz,JP3890350006,SUMITOMO MITSUI FINL.GP.,JP,0.0002967788369992621,0.2911168172786726,0.26467415721993043
2021,vw_nz,JP3786200000,HITACHI METALS DEAD - DELIST.29/12/22,JP,0.0002966152865489088,48.36735030514765,50.05012244921576
2021,vw_nz,HK0012000102,HENDERSON LD.DEV.,HK,0.00028012707805276946,2.1875357244318403,0.35775501508083557
2021,vw_nz,JP3491000000,DAIDO STEEL,JP,0.00027966461188271826,105.59013321040084,203.0568188071903
2021,vw_nz,JP3174410005,OJI HOLDINGS,JP,0.0002595499218295834,478.35911602716,998.9591187098811
2021,vw_nz,AU000000SGP0,STOCKLAND STAPLED UNITS,AU,0.0002590037002700468,2.333174956850965,0.6126736051533707
2021,vw_nz,JP3894900004,ISETAN MITSUKOSHI HDG.,JP,0.0002516138714841381,2.114750877876179,6.729230465277092
2021,vw_nz,JP3526600006,CHUBU ELEC.POWER,JP,0.00024370725527463196,3.9896020814406903,11.791251962975467
2021,vw_nz,AU000000QAN2,QANTAS AIRWAYS,AU,0.00023612654623716983,617.9574537140894,484.8763074083728
2021,vw_nz,JP3774200004,HANKYU HANSHIN HDG.,JP,0.000233211936794707,19.2170411200513,12.625246878694142
2021,vw_nz,BMG2442N1048,COSCO SHIPPING PORTS,HK,0.00022663936402432747,85.72975208014773,35.20896826406008
2021,vw_nz,JP3266400005,KUBOTA,JP,0.00022072843703647895,17.523909077112688,11.309426645009175
2021,vw_nz,JP3224200000,KAWASAKI HEAVY INDUSTRY,JP,0.00021532975643176133,9.530616033108407,37.922269975507184
2021,vw_nz,HK0023000190,BANK OF EAST ASIA,HK,0.0002082887569533246,1.6264077516135051,0.8644377100732964
2021,vw_nz,JP3870000001,MABUCHI MOTOR,JP,0.0002078272094978431,3.693737526188798,1.4017106899280305
2021,vw_nz,JP3982800009,ROHM,JP,0.00020338531900250347,39.3257866049858,11.573214187135273
2021,vw_nz,JP3351100007,SYSMEX,JP,0.0001962320359059757,1.433960842276038,0.16373274951284028
2021,vw_nz,JP3502200003,DAIWA SECURITIES GROUP,JP,0.0001801842766226092,0.15161503322475994,0.10806079639010205
2021,vw_nz,AU0000224040,WOODSIDE ENERGY GROUP,AU,0.00017632906766511738,2260.913651945793,486.6583123929745
2021,vw_nz,JP3375800004,SHINKO ELEC.INDS. DEAD - DELIST.06/06/25,JP,0.00017327282621826403,26.90087132334095,12.290945534860795
2021,vw_nz,JP3111200006,ASAHI KASEI,JP,0.0001607269815989209,145.494859077936,183.3280040565572
2021,vw_nz,HK0165000859,CHINA EVERBRIGHT,HK,0.00016047481184457566,0.052137859120194315,0.011209615358952344
2021,vw_nz,JP3756100008,NITORI HOLDINGS,JP,0.0001585697099794348,6.301763090174576,1.8731289101515858
2021,vw_nz,JP3486800000,DAITO TST.CONSTRUCTION,JP,0.00015395091835722287,2.3212251706430127,4.819107456915428
2021,vw_nz,JP3126340003,ALFRESA HOLDINGS,JP,0.00015191719680756236,1.4077784803282114,7.451719505128907
2021,vw_nz,JP3742600004,NHK SPRING,JP,0.00014980383315044414,14.724350044182254,45.091253424117056
2021,vw_nz,HK0083000502,SINO LAND,HK,0.00014650063965394178,3.2928538330903203,0.27702137920714603
2021,vw_nz,JP3196000008,ODAKYU ELECTRIC RY.,JP,0.00014510324161846427,20.29863864642588,7.266563905342105
2021,vw_nz,AU000000LLC3,LENDLEASE GROUP STAPLED UNITS,AU,0.00014302597922435676,4.697980152143763,6.133135868198271
2021,vw_nz,JP3893600001,MITSUI,JP,0.00014144480634002392,63.61806947908972,121.97390868354582
2021,vw_nz,SG1V61937297,SINGAPORE AIRLINES,SG,0.0001334955162978661,567.7441237868717,423.58218677614764
2021,vw_nz,SGXE34184239,SEATRIUM,SG,0.00013328832198534075,54.66243336164562,43.25780283815792
2021,vw_nz,JP3122800000,AMADA,JP,0.00012966148171606666,3.322856827154402,1.9565748430982
2021,vw_nz,JP3180400008,OSAKA GAS,JP,0.00012400072046076427,403.91574830810754,658.0782411636745
2021,vw_nz,JP3629000005,TOPPAN HOLDINGS,JP,0.00012330840982306872,17.327866476333107,47.05213676045509
2021,vw_nz,HK0000055878,CHINA TAIPING INSURANCE HLDGS,HK,0.0001200769756657554,0.08113869468189966,0.43217745433514865
2021,vw_nz,JP3126400005,ALPS ALPINE,JP,0.0001194129968788871,4.725384051027352,11.41489771737734
2021,vw_nz,AU000000BSL0,BLUESCOPE STEEL,AU,0.00011836841502504241,1034.6720475855507,1365.934459868722
2021,vw_nz,JP3414750004,SEIKO EPSON,JP,0.00011336880605443609,13.597917051933184,18.354825581480767
2021,vw_nz,HK0004000045,WHARF HOLDINGS,HK,0.00011301129704815314,6.488791265585633,2.5743624143380432
2021,vw_nz,HK0019000162,SWIRE PACIFIC 'A',HK,0.00011246809022039852,16.561842792663743,29.94447139252299
2021,vw_nz,JP3143900003,ITOCHU TECHNO-SOLUTIONS DEAD - DELIST.01/12/23,JP,0.00011183059964358001,0.2166118352335969,0.11885476206710885
2021,vw_nz,JP3780100008,PARK24,JP,0.0001093972627922586,58.40012901372535,44.90786490728362
2021,vw_nz,JP3300600008,KONICA MINOLTA,JP,0.00010530924895871724,17.928614240583975,64.87351383710643
2021,vw_nz,JP3131400008,AEON FINANCIAL SERVICE,JP,0.0001046510856490615,0.5471338546759411,0.9867783850714635
2021,vw_nz,JP3246400000,KYUSHU ELEC.POWER,JP,0.00010220960977651719,1129.679663517938,5397.079572139255
2021,vw_nz,BMG5320C1082,KUNLUN ENERGY,HK,9.81500901655704e-05,30.23863360314388,60.279758384778894
2021,vw_nz,HK0002007356,CLP HOLDINGS,HK,9.678848508257739e-05,4644.565133232988,2027.946454389277
2021,vw_nz,JP3765400001,HOUSE SHOKUHIN GP.HONSHA K K,JP,9.33660903978561e-05,19.654309101418832,14.912326818834586
2021,vw_nz,NZAIRE0001S2,AIR NEW ZEALAND,NZ,8.107512002035447e-05,610.7345533438513,1022.5982373650986
2021,vw_nz,JP3544000007,TEIJIN,JP,8.002173431221951e-05,91.44429175108091,194.21034347877227
2021,vw_nz,JP3890310000,MS&AD INSURANCE GP.HDG.,JP,7.670230612762729e-05,0.46314343111644884,1.1521005673887534
2021,vw_nz,JP3902400005,MITSUBISHI ELECTRIC,JP,7.068505619261103e-05,6.124309616952777,7.249248639342991
2021,vw_nz,JP3675600005,NISSIN FOODS HOLDINGS,JP,6.29621716607727e-05,60.33710596045625,32.16264331628562
2021,vw_nz,JP3137200006,ISUZU MOTORS,JP,5.7946656778014966e-05,6.418589498727804,13.183718895105185
2021,vw_nz,AU000000WOR2,WORLEY,AU,5.533928841045773e-05,3.0614880497141095,6.45853446489317
2021,vw_nz,HK0392044647,BEIJING ENTERPRISES HOLDINGS,HK,5.483698939135751e-05,50.908019397066504,104.32462870252546
2021,vw_nz,JP3678000005,NISSHINBO HOLDINGS,JP,5.444442135476477e-05,54.70568959867547,172.4687903260885
2021,vw_nz,JP3663900003,SOJITZ,JP,5.367543200594432e-05,47.54447230492043,242.50956522323335
2021,vw_nz,HK0291001490,CHINA RESOURCES BEER HOLDINGS,HK,5.3197487586158134e-05,49.88693388996649,7.519146616433491
2021,vw_nz,JP3188220002,OTSUKA HOLDINGS,JP,4.8660696870955755e-05,26.764705035053996,15.28927101939304
2021,vw_nz,JP3814800003,SUBARU,JP,4.653322509074489e-05,5.940259083276522,11.17999652165003
2021,vw_nz,JP3368000000,RESONAC HOLDINGS,JP,4.076305688937447e-05,375.73496879327337,936.2938257326143
2021,vw_nz,BMG2108M2182,CHINESE ESTATES HDG.,HK,4.054409210572415e-05,0.0029691740351668974,0.0011350093638272517
2021,vw_nz,SG1U68934629,KEPPEL,SG,3.8756834056990716e-05,5.806538501479827,4.111446215711618
2021,vw_nz,JP3215800008,KANEKA,JP,3.7427949035965245e-05,171.87201227309856,373.10000919753503
2021,vw_nz,JP3404600003,SUMITOMO,JP,3.33899562635847e-05,34.45692623593463,89.50557402263372
2021,vw_nz,JP3243600008,CANON MARKETING JAPAN,JP,3.098741286890997e-05,1.1183723902394627,1.891191287477379
2021,vw_nz,JP3143000002,ITO EN,JP,2.9277998152247692e-05,7.832887017013505,5.899378062536982
2021,vw_nz,JP3766550002,HAKUHODO DY HDG.,JP,2.8704328477866823e-05,0.02666319908344228,0.05612214942651798
2021,vw_nz,JP3276400003,GUNMA BANK,JP,2.8191183440240342e-05,1.1473934394058216,1.1252110692454598
2021,vw_nz,JP3326410002,SANKYO,JP,2.7531724610440828e-05,1.8185396288575635,0.5028670475960134
2021,vw_nz,HK0200030994,MELCO INTL.DEV.,HK,2.6120302889210594e-05,8.569838234343099,5.4603716525699655
2021,vw_nz,JP3788600009,HITACHI,JP,2.3539742393325952e-05,15.260742990787652,29.65006603215525
2021,vw_nz,JP3040890000,JAPAN PRIME REALTY INV.,JP,2.2705356326464676e-05,3.8031762169693204,0.3677206779167349
2021,vw_nz,JP3549600009,DENKA,JP,2.270145322659628e-05,550.8258529639239,533.9977615826589
2021,vw_nz,JP3619800000,TOYOBO,JP,2.1266693600902237e-05,224.94551807020557,644.9179032084216
2021,vw_nz,NZTELE0001S4,SPARK NEW ZEALAND,NZ,1.998495677727236e-05,1.100332301141177,0.4361355183218989
2021,vw_nz,JP3827200001,FURUKAWA ELECTRIC,JP,1.977402592756167e-05,18.75603176930763,71.03472256718494
2021,vw_nz,AU000000SXL4,SOUTHERN CROSS MEDIA GROUP,AU,1.9198190655622998e-05,0.5137460695735908,0.42204348594661484
2021,vw_nz,JP3268950007,MEDIPAL HOLDINGS,JP,1.8568679885230562e-05,1.0960793745229205,6.5666201525740755
2021,vw_nz,SG1N31909426,COMFORTDELGRO CORPORATION,SG,1.7985984555167e-05,344.8213055523891,323.1314949201742
2021,vw_nz,HK0008011667,PCCW,HK,1.631465448045529e-05,1.3340616206892828,1.4624460907261532
2021,vw_nz,JP3796150005,HIROGIN HOLDINGS,JP,1.582261535734347e-05,1.7133470604287533,1.064885433129402
2021,vw_nz,AU000000BLD2,BORAL DEAD - DELIST.08/07/24,AU,1.49987675951098e-05,609.0577968164733,273.27042592922294
2021,vw_nz,SG1P66918738,SINGAPORE PRESS HDG. DEAD - DELIST.13/05/22,SG,1.407641636165724e-05,0.17483406168022464,0.07765462506841818
2021,vw_nz,JP3131430005,AEON MALL DEAD - DELIST.27/06/25,JP,1.3945561021357892e-05,5.370510912671094,3.816947277225139
2021,vw_nz,JP3582600007,TOKYO TATEMONO,JP,1.3859353108665e-05,4.957879049337203,5.679535055907587
2021,vw_nz,AU000000ASX7,ASX,AU,1.0864064639655976e-05,0.030158634417033595,0.00207587316414967
2021,vw_nz,JP3493800001,DAI NIPPON PRINTING,JP,1.0201565760473724e-05,25.601151441145184,57.57447707585041
2021,vw_nz,JP3588600001,TBS HOLDINGS,JP,9.644756031446517e-06,1.4179504001337275,1.2862734077463283
2021,vw_nz,JP3862400003,MAKITA,JP,7.821367759099727e-06,0.9142392576887222,0.3765695869859528
2021,vw_nz,JP3449020001,TAIHEIYO CEMENT,JP,6.566676498063312e-06,2889.2907103333655,7484.364098475033
2021,vw_nz,KYG2108Y1052,CHINA RESOURCES LAND,HK,6.483879749135296e-06,20.099849038675217,18.30605945873325
2021,vw_nz,AU000000DXS1,DEXUS STAPLED UNITS,AU,5.876803538056463e-06,20.108611762064466,2.157922764901002
2021,vw_nz,JP3940000007,YAMATO HDG.,JP,4.9339920168014265e-06,42.12284511953164,64.53510484056241
2021,vw_nz,AU000000JBH7,JB HI-FI,AU,4.227124652809275e-06,0.06363750969498617,0.09494476211624937
2021,vw_nz,AU000000RHC8,RAMSAY HEALTH CARE,AU,4.170133229204143e-06,6.272968005375982,4.895081859208749
2021,vw_nz,SG1T58930911,FRASER AND NEAVE,SG,4.04167102595712e-06,34.90909090909091,31.490070787054957
2021,vw_nz,JP3358200008,SHIMAMURA,JP,3.672586103019023e-06,0.11061105014249306,0.13467835639590156
2021,vw_nz,SG1R50925390,SEMBCORP INDUSTRIES,SG,2.979704505976053e-06,6349.3497353040175,11655.244934368106
2021,vw_nz,JP3493400000,DIC,JP,2.8292008326283964e-06,43.77469945483778,123.87886242656883
2021,vw_nz,JP3595200001,TOSOH,JP,2.2538779142644706e-06,1121.7432967042066,1369.7566822572464
2021,vw_nz,JP3407400005,SUMITOMO ELECTRIC IND.,JP,1.6124068592903396e-06,12.060023956297128,29.578091588967645
2021,vw_nz,SGXE21576413,GENTING SINGAPORE,SG,1.5018822001995461e-06,4.17053698014012,0.42654228948208506
2022,vw_nz,AU000000BHP4,BHP GROUP,AU,0.0273354053111466,150.23564708887065,55.291348647740705
2022,vw_nz,JP3814000000,FUJIFILM HOLDINGS,JP,0.021823202726171765,31.08977407513227,19.242491074653156
2022,vw_nz,AU000000CBA7,COMMONWEALTH BK.OF AUS.,AU,0.0214946591934564,0.3250306614532405,0.05789340596971585
2022,vw_nz,AU000000IFL2,INSIGNIA FINANCIAL,AU,0.019778791927089943,0.001150796543007185,0.0008836368134878324
2022,vw_nz,JP3435000009,SONY GROUP,JP,0.019618383068725844,2.4395581546266416,1.4283738545846367
2022,vw_nz,JP3756600007,NINTENDO,JP,0.019166499680105253,0.023600811703980654,0.005270754300622773
2022,vw_nz,JP3665200006,NICHIREI,JP,0.0187396185905154,14.389241410717231,25.045159203041166
2022,vw_nz,JP3769000005,HACHIJUNI NAGANO BANK,JP,0.017294360659942366,1.8870475909755975,1.2989933324617597
2022,vw_nz,JP3201200007,OLYMPUS,JP,0.01641491599021351,4.078119944147929,1.0346920929779766
2022,vw_nz,JP3119600009,AJINOMOTO,JP,0.016146190291781284,101.71065117850704,64.20143414449112
2022,vw_nz,JP3551500006,DENSO,JP,0.016108526527884567,12.66572400297556,10.33332526578703
2022,vw_nz,KYG2108Y1052,CHINA RESOURCES LAND,HK,0.0160213201313734,0.9911207708729277,0.9481164901377935
2022,vw_nz,JP3633400001,TOYOTA MOTOR,JP,0.014748828845807721,9.164496097646701,7.648516377493635
2022,vw_nz,SG1L01001701,DBS GROUP HOLDINGS,SG,0.013014213767851208,0.02605549114969527,0.004705394927643455
2022,vw_nz,AU000000MQG1,MACQUARIE GROUP,AU,0.01280935106419423,0.03130142091111957,0.0065222914045707
2022,vw_nz,KYG9431R1039,WANT WANT CHINA HOLDINGS,SG,0.012683832804333483,57.01813169721158,17.74731415386834
2022,vw_nz,JP3672400003,NISSAN MOTOR,JP,0.012313129317542228,7.732274874323904,26.014878917993403
2022,vw_nz,JP3496400007,KDDI,JP,0.011872101635859876,0.5862409397539453,0.3751554340221955
2022,vw_nz,JP3571400005,TOKYO ELECTRON,JP,0.011593147918916207,0.974505000185156,0.20606105408729183
2022,vw_nz,AU000000STO6,SANTOS,AU,0.011356203709116964,1273.487657474776,329.23020145859635
2022,vw_nz,JP3735400008,NTT,JP,0.011233625189060889,1.3298251226204865,1.3564555451036862
2022,vw_nz,JP3200450009,ORIX,JP,0.01111696893667916,47.905550016683854,38.543687422282176
2022,vw_nz,JP3326410002,SANKYO,JP,0.010760385069684833,1.2724659553237594,0.5269485724188726
2022,vw_nz,JP3935600001,YAMAZAKI BAKING,JP,0.010309571598466094,41.60916887912287,124.30988539472445
2022,vw_nz,JP3371200001,SHIN-ETSU CHEMICAL,JP,0.010290617292997689,125.70001959637281,28.56922383457305
2022,vw_nz,JP3802300008,FAST RETAILING,JP,0.008762294193510796,0.5204082548784132,0.16097384381669017
2022,vw_nz,JP3906000009,MINEBEA MITSUMI,JP,0.008519396247259895,11.275189114953504,9.996627306114478
2022,vw_nz,JP3375800004,SHINKO ELEC.INDS. DEAD - DELIST.06/06/25,JP,0.008465584813269847,21.704995182787698,7.824296723059021
2022,vw_nz,JP3198900007,ORIENTAL LAND,JP,0.008382338464040497,24.537205304330357,0.7457600047977226
2022,vw_nz,AU000000WOW2,WOOLWORTHS GROUP,AU,0.008276712396026283,13.437133914975366,16.499058578660318
2022,vw_nz,JP3481800005,DAIKIN INDUSTRIES,JP,0.008043420622725412,23.238469768454983,9.92014120990341
2022,vw_nz,JP3626800001,LIXIL,JP,0.007860156489258457,41.16812870028827,72.7077803027495
2022,vw_nz,JP3734800000,NIDEC,JP,0.007801426357308286,3.543213403640633,1.062705992505872
2022,vw_nz,JP3898400001,MITSUBISHI,JP,0.007230093486348647,149.1197914868003,412.64635799296934
2022,vw_nz,AU000000NAB4,NATIONAL AUS.BANK,AU,0.006994582025150891,0.44295536015135034,0.10251265184851112
2022,vw_nz,JP3436100006,SOFTBANK GROUP,JP,0.006954066853892982,0.22709532083017697,0.15385294915882575
2022,vw_nz,JP3277800003,KEIO,JP,0.006920456172860751,31.682300348509074,14.128765385786453
2022,vw_nz,JP3592200004,TOSHIBA DEAD - DELIST.20/12/23,JP,0.006882033605931324,10.36827812864607,16.577608072189957
2022,vw_nz,AU000000GMG2,GOODMAN GROUP,AU,0.0068503546557777475,2.391165394715563,0.0982795538962858
2022,vw_nz,HK0006000050,POWER ASSETS HOLDINGS,HK,0.006591660787350771,42401.69916995975,529.7898790281963
2022,vw_nz,HK0388045442,HONG KONG EXCHANGES AND CLEARING,HK,0.006580510423140779,0.12178499513653408,0.004304612918549993
2022,vw_nz,AU000000CSL8,CSL,AU,0.006493078432304794,10.288372913095962,1.1632089414899198
2022,vw_nz,HK0014000126,HYSAN DEVELOPMENT,HK,0.006417414232357089,1.7042766760340684,0.24875935606323346
2022,vw_nz,SG1F60858221,SINGAPORE TECHS.ENGR.,SG,0.006380991568300949,7.883808776641361,5.206483344459781
2022,vw_nz,HK0003000038,HONG KONG AND CHINA GAS,HK,0.00625544695497805,266.2625683570945,63.69282655190356
2022,vw_nz,JP3162600005,SMC,JP,0.00623693715717366,10.256603932072586,1.6107466966219979
2022,vw_nz,AU000000ASX7,ASX,AU,0.0062214517170437605,0.047815869524555556,0.002919763190030211
2022,vw_nz,JP3902400005,MITSUBISHI ELECTRIC,JP,0.006097671140378966,7.123740298162601,10.662986648472623
2022,vw_nz,JP3519400000,CHUGAI PHARM.,JP,0.006048328977727728,5.751451479157983,0.8964861275170143
2022,vw_nz,JP3944130008,USS,JP,0.00601544902118697,5.8779160529040855,0.7882880737615133
2022,vw_nz,AU000000GPT8,GPT GROUP STAPLED UNITS,AU,0.005963098904157284,15.545806816075416,1.2958689945021957
2022,vw_nz,BMG2624N1535,DFI RETAIL GROUP HOLDINGS,HK,0.005898218563107701,26.244162341940083,65.31497871728024
2022,vw_nz,SG1M31001969,UNITED OVERSEAS BANK,SG,0.005789815345144548,0.6547990732109393,0.15476055473654016
2022,vw_nz,JP3726800000,JAPAN TOBACCO,JP,0.0056219784380341555,16.738258822056714,8.477936474152468
2022,vw_nz,JP3893600001,MITSUI,JP,0.005572025939652901,36.248917771305415,90.68232497842357
2022,vw_nz,HK0823032773,LINK REAL ESTATE INVESTMENT TRUST,HK,0.0054964245592704925,5.270188640168447,0.42238449714998355
2022,vw_nz,JP3292200007,JTEKT,JP,0.005476001076514348,9.500663311528072,37.68144434614502
2022,vw_nz,JP3362700001,MITSUI OSK LINES,JP,0.005454385419029992,1034.0077734254057,1108.3141914273153
2022,vw_nz,AU000000ANZ3,ANZ GROUP HOLDINGS,AU,0.00530564338195335,0.33384363198005135,0.10789164630526273
2022,vw_nz,JP3197800000,OMRON,JP,0.005219090315893602,2.112388793845818,0.8908849042018484
2022,vw_nz,JP3914400001,MURATA MANUFACTURING,JP,0.005139632775350365,16.62531333120572,5.10440571073058
2022,vw_nz,JP3336000009,SANTEN PHARM.,JP,0.005078827608210771,6.43097700079541,3.2387212951388586
2022,vw_nz,JP3792600003,HINO MOTORS,JP,0.005032651585363804,11.566610886494168,28.740937563644046
2022,vw_nz,HK2388011192,BOC HONG KONG HOLDINGS,HK,0.0050146681842023425,0.04492733296896615,0.01412820498330046
2022,vw_nz,JP3720800006,NSK,JP,0.004995293302512781,17.091939696945104,36.55212707476493
2022,vw_nz,JP3893200000,MITSUI FUDOSAN,JP,0.004932226126523011,7.9820085527221645,6.8502534593779965
2022,vw_nz,AU000000TLS2,TELSTRA GROUP,AU,0.004836710007258378,2.1226119616367307,0.9567974531035948
2022,vw_nz,JP3902900004,MITSUBISHI UFJ FINL.GP.,JP,0.004787518079063319,0.5726809017464252,0.3285917070453579
2022,vw_nz,SG1M77906915,CAPITALAND ASCENDAS REIT,SG,0.004758135315987831,0.5291792225484236,0.05711487301537449
2022,vw_nz,JP3854600008,HONDA MOTOR,JP,0.004664939778754504,9.279063705355876,21.71194574409365
2022,vw_nz,HK0011000095,HANG SENG BANK DEAD - DELIST.28/01/26,HK,0.004503165976926689,0.01935994758300929,0.002664099863748959
2022,vw_nz,JP3940000007,YAMATO HDG.,JP,0.004459556772720893,43.446467074060855,78.83499306752604
2022,vw_nz,JP3684000007,NITTO DENKO,JP,0.004298654351627902,44.917382715760674,28.514980355330298
2022,vw_nz,JP3890310000,MS&AD INSURANCE GP.HDG.,JP,0.004263566909930708,0.43494358101041863,0.8602428287821282
2022,vw_nz,JP3890350006,SUMITOMO MITSUI FINL.GP.,JP,0.004259578074379814,0.5449738287684858,0.3750885797908465
2022,vw_nz,AU000000ERA9,ENERGY RES.OF AUS.,AU,0.004244282489498156,825.674499564839,133.21319915750058
2022,vw_nz,JP3942600002,YAMAHA,JP,0.004206719328565145,6.818392955918237,2.786731442690868
2022,vw_nz,JP3973400009,RICOH,JP,0.004151869041648484,7.430909405041203,17.876948645711693
2022,vw_nz,SG1S04926220,OVERSEA-CHINESE BKG.,SG,0.003962077568248203,0.00574521464187687,0.003136041229127072
2022,vw_nz,JP3766550002,HAKUHODO DY HDG.,JP,0.0039499596975587255,0.04059687963667399,0.05823699826111562
2022,vw_nz,JP3194000000,OKI ELECTRIC IND.,JP,0.0039394814682354755,2.9886670237913866,14.290959829624732
2022,vw_nz,AU000000BEN6,BENDIGO & ADELAIDE BANK,AU,0.0038315066303283773,0.9404325989955379,0.38858921871614455
2022,vw_nz,AU000000ELD6,ELDERS,AU,0.003809845552312869,35.461098370442826,51.94636503723306
2022,vw_nz,JP3910660004,TOKIO MARINE HOLDINGS,JP,0.0037478943752623645,0.26324619921874787,0.3111907263156184
2022,vw_nz,AU000000APA1,APA GROUP,AU,0.003725566987351391,786.4160210107472,178.88404828146454
2022,vw_nz,JP3475350009,DAIICHI SANKYO,JP,0.0036753521828737476,9.884570374149867,2.125800399932473
2022,vw_nz,JP3505000004,DAIWA HOUSE INDUSTRY,JP,0.003653620119322147,5.931709943456122,11.30390607648772
2022,vw_nz,AU000000ALL7,ARISTOCRAT LEISURE,AU,0.0036089599645966956,1.949863118364308,0.33403772864499187
2022,vw_nz,JP3802400006,FANUC,JP,0.0035746406295621195,8.432887389972095,1.302160054587659
2022,vw_nz,AU000000BOQ8,BANK OF QLND.,AU,0.0035008703336972804,0.32046158589847806,0.11771286409590677
2022,vw_nz,SG1T75931496,SINGAPORE TELECOM,SG,0.003474000280522302,0.5368305497172001,0.21232042853664476
2022,vw_nz,BMG677491539,ORIENT OVERSEAS (INTL.),HK,0.0034521938522763026,346.3557479919604,357.4341647094691
2022,vw_nz,JP3388200002,AEON,JP,0.003425799967917955,2.654532626345452,9.960662815210378
2022,vw_nz,HK0270001396,GUANGDONG INVESTMENT,HK,0.003403555134633867,697.9516596632153,285.2798408303237
2022,vw_nz,JP3452000007,TAIYO YUDEN,JP,0.0033607995268650076,14.718303381028441,6.5514114569296815
2022,vw_nz,JP3173400007,OBIC,JP,0.003316315474852278,0.20285109819163447,0.009395541454212997
2022,vw_nz,JP3560800009,TOKAI CARBON,JP,0.00328146366676839,891.7433316997962,839.8150575760225
2022,vw_nz,JP3942400007,ASTELLAS PHARMA,JP,0.003274452278943298,5.600625811084335,2.0110011306770263
2022,vw_nz,KYG210961051,CHINA MENGNIU DAIRY,HK,0.0032594745634372535,18.575300107878782,10.872676967067402
2022,vw_nz,IE00BKVD2N49,SEAGATE TECHNOLOGY HOLDINGS,SG,0.003243387814819972,27.283340292275575,13.520762351862283
2022,vw_nz,AU000000WBC1,WESTPAC BANKING,AU,0.003236604979871733,0.384897562760272,0.13554661116753985
2022,vw_nz,JP3188220002,OTSUKA HOLDINGS,JP,0.0032156199418561073,25.436594619233297,17.058560283789625
2022,vw_nz,HK0008011667,PCCW,HK,0.003139836816955971,0.8742273894473335,1.0662915628696426
2022,vw_nz,JP3837800006,HOYA,JP,0.003133021058480752,2.8453504040130824,0.3270013607344124
2022,vw_nz,JP3304200003,KOMATSU,JP,0.0031302445056105212,5.228992459027656,5.181462832271835
2022,vw_nz,JP3358800005,SHIMIZU,JP,0.003113106442008675,15.833364282155932,37.465743176571074
2022,vw_nz,JP3039710003,JAPAN METROPOLITAN FUND INVESTMENT REIT,JP,0.003050784468610741,8.28753802825994,0.8819296311181185
2022,vw_nz,JP3546800008,TERUMO,JP,0.003045723193461087,11.073639946494655,2.3504296857785025
2022,vw_nz,BMG8403G1033,SINOFERT HOLDINGS,HK,0.0030284059302037817,423.19932208162896,1583.9328767415564
2022,vw_nz,JP3900000005,MITSUBISHI HEAVY INDS.,JP,0.0030225350101278033,5.227642747663702,18.801353257636812
2022,vw_nz,AU000000MGR9,MIRVAC GROUP STAPLED UNITS,AU,0.003010907710913739,4.774323587235771,0.9682877275476159
2022,vw_nz,JP3783420007,HIKARI TSUSHIN,JP,0.003005404849009877,0.22027780211970865,0.1954126828333242
2022,vw_nz,JP3143600009,ITOCHU,JP,0.0029174440969367103,14.313457194288114,28.79775453080052
2022,vw_nz,JP3814800003,SUBARU,JP,0.0028525038384184065,6.73523616904341,11.506836718092368
2022,vw_nz,SG1M51904654,CAPITALAND INTEG. COML. TST.,SG,0.0028504882873621896,0.03407988945723129,0.0034690721703671858
2022,vw_nz,JP3721400004,JAPAN STEEL WORKS,JP,0.002822378407577853,36.21522989706517,26.17221316260997
2022,vw_nz,JP3429800000,ANA HOLDINGS,JP,0.0027990465491180947,937.3395514047606,711.40456870578
2022,vw_nz,JP3397200001,SUZUKI MOTOR,JP,0.002772993979664615,12.792259966353798,18.91016019269453
2022,vw_nz,HK0293001514,CATHAY PACIFIC AIRWAYS,HK,0.0027368065065334116,914.6030654073699,999.5443097572642
2022,vw_nz,JP3862400003,MAKITA,JP,0.0026429656610609436,3.353447072815625,2.055903281194133
2022,vw_nz,JP3358000002,SHIMANO,JP,0.0025863576515402346,3.798689548391742,0.844930880296182
2022,vw_nz,JP3502200003,DAIWA SECURITIES GROUP,JP,0.002525904590014675,0.16842500726487322,0.09193886932537687
2022,vw_nz,JP3774200004,HANKYU HANSHIN HDG.,JP,0.0025083564517747073,17.30625002376256,13.731454083774029
2022,vw_nz,JP3122400009,ADVANTEST,JP,0.002501331802466232,1.0980320045584433,0.21937021443877203
2022,vw_nz,HK0016000132,SUN HUNG KAI PROPERTIES,HK,0.0024853645196477635,4.43984327653794,1.2830476597054004
2022,vw_nz,AU000000JBH7,JB HI-FI,AU,0.0024829400883714355,0.08343288703620154,0.13468136940633416
2022,vw_nz,JP3385980002,J S R DEAD - DELIST.25/06/24,JP,0.0024607465415298685,118.41997894313651,48.16078417088579
2022,vw_nz,JP3732200005,NIPPON TELEVISION HDG.,JP,0.0024063684957376244,0.2759365681718643,0.3548026095623981
2022,vw_nz,JP3351600006,SHISEIDO,JP,0.002395268205081476,2.642490253109722,1.1426124884601492
2022,vw_nz,HK0066009694,MTR,HK,0.0023822128345210767,8.129772561526407,1.4717134751196466
2022,vw_nz,JP3134800006,IHI,JP,0.0022678823526185864,6.325745686519587,20.252023784390154
2022,vw_nz,JP3486800000,DAITO TST.CONSTRUCTION,JP,0.0022560103047409414,3.071304633147681,5.355001160868098
2022,vw_nz,JP3762600009,NOMURA HDG.,JP,0.002204452040109817,0.15542350481618988,0.12630572813545438
2022,vw_nz,JP3762800005,NOMURA RESEARCH INST.,JP,0.0021944880338317513,0.19260589809337497,0.04535569066511853
2022,vw_nz,SG9999000020,FLEX,SG,0.002161150196423045,3.2180838600010744,10.503329285361437
2022,vw_nz,JP3670800006,NISSAN CHEMICAL,JP,0.0021435816828051196,128.80180332658128,30.48773641717616
2022,vw_nz,JP3684400009,NITTO BOSEKI,JP,0.002095052996071091,196.9697179865256,148.34315323220926
2022,vw_nz,AU000000QBE9,QBE INSURANCE GROUP,AU,0.0020723134972597157,0.4361682711551029,0.5818882716159456
2022,vw_nz,JP3229400001,KANSAI PAINT,JP,0.0020518537445774502,19.64704141419311,12.606642345667554
2022,vw_nz,JP3596200000,TOTO,JP,0.0020318620900548344,33.67683103886038,25.158848688260452
2022,vw_nz,JP3830000000,BROTHER INDUSTRIES,JP,0.002001916607228145,3.0630248932239645,3.723151136270995
2022,vw_nz,JP3443600006,TAISEI,JP,0.0019731515411754684,18.548336055270106,32.933515968722574
2022,vw_nz,JP3733000008,NEC,JP,0.001966899494270144,0.826243382682472,1.8085724690877971
2022,vw_nz,JP3249600002,KYOCERA,JP,0.0019121885141251886,8.645867429561992,5.863885104702594
2022,vw_nz,JP3209000003,CASIO COMPUTER,JP,0.0019087738994539585,1.5585401690185288,1.0251277319001022
2022,vw_nz,AU0000224040,WOODSIDE ENERGY GROUP,AU,0.0018931890973460709,1441.729267209635,534.8810679503067
2022,vw_nz,AU000000IVC8,INVOCARE DEAD - DELIST.27/11/23,AU,0.0018766361022899383,14.418354089425483,4.634620444957516
2022,vw_nz,JP3899600005,MITSUBISHI ESTATE,JP,0.0017905710626593592,10.349368010642154,6.049345718707152
2022,vw_nz,AU000000WES1,WESFARMERS,AU,0.0017203730127767483,103.81942503317336,57.91055882958499
2022,vw_nz,BMG4600H1198,HOPSON DEVELOPMENT HOLDINGS,HK,0.0017178855769165037,0.26042227967121373,0.20704977258798105
2022,vw_nz,HK0291001490,CHINA RESOURCES BEER HOLDINGS,HK,0.0015332573172970145,39.0453753652289,8.359387447262403
2022,vw_nz,JP3869010003,MATSUKIYOKARA,JP,0.0015195609959033226,0.3971255605717323,0.44067783182545595
2022,vw_nz,JP3160400002,EISAI,JP,0.0015091671569900423,7.466680016642543,3.051617946404214
2022,vw_nz,JP3305800009,KOMORI,JP,0.001472345515794603,6.8087758765465365,14.025791982057752
2022,vw_nz,JP3933800009,LY,JP,0.0014696449430613965,0.2852655403597075,0.09060675111608718
2022,vw_nz,JP3174410005,OJI HOLDINGS,JP,0.001469169345443837,507.965644436752,1214.684814161577
2022,vw_nz,AU000000DXS1,DEXUS STAPLED UNITS,AU,0.001467157028637521,19.810216757667845,1.623730585899088
2022,vw_nz,JP3491000000,DAIDO STEEL,JP,0.0014299145894569342,93.76022385419687,254.56164845216887
2022,vw_nz,AU000000NCM7,NEWCREST MINING DEAD - DELIST.08/11/23,AU,0.0014062256452016166,357.1094666016129,106.58731211620776
2022,vw_nz,JP3894900004,ISETAN MITSUKOSHI HDG.,JP,0.001402251545426534,3.80743529460683,5.416254617263869
2022,vw_nz,JP3494600004,SCREEN HOLDINGS,JP,0.0013925249769801238,3.192651600988931,2.1181620433355626
2022,vw_nz,JP3780100008,PARK24,JP,0.0013878563611703985,77.22867913056427,70.38843357967016
2022,vw_nz,JP3456000003,TAKASHIMAYA,JP,0.0013853168777970902,3.1293659783982797,11.826741775680139
2022,vw_nz,JP3788600009,HITACHI,JP,0.0013451291944524195,14.388794867618838,24.79721927497617
2022,vw_nz,AU000000SBM8,ST BARBARA,AU,0.0012298133894232,287.12416436967334,215.70319240724763
2022,vw_nz,US89677Q1076,TRIP COM GROUP ADR 1:1,SG,0.0012242259308544506,0.006108217030737834,0.001126891546771337
2022,vw_nz,HK0012000102,HENDERSON LD.DEV.,HK,0.0011982907900899985,1.7016593911921818,0.2428580951358885
2022,vw_nz,BMG507361001,JARDINE MATHESON HDG.,HK,0.0011924212979920682,135.28627375620454,115.11897268573827
2022,vw_nz,JP3711200000,AOZORA BANK,JP,0.001188305059665262,0.09192850970514348,0.0393412134976127
2022,vw_nz,JP3266400005,KUBOTA,JP,0.0011755236138142433,15.726432560839163,11.896461393619242
2022,vw_nz,JP3407200009,OSAKA TITANIUM,JP,0.0011681688648078053,166.10957709635227,141.77943166441136
2022,vw_nz,JP3834800009,HEIWA REAL ESTATE,JP,0.0011672802726976513,6.208311425890988,2.199431697821021
2022,vw_nz,JP3305530002,COMSYS HOLDINGS,JP,0.0011650298978454594,18.66284818244486,28.294609430146565
2022,vw_nz,JP3877600001,MARUBENI,JP,0.0011486933931126348,14.633304915230909,55.53080811060634
2022,vw_nz,JP3783600004,EAST JAPAN RAILWAY,JP,0.001145545586808754,88.98836203129433,64.97820863254866
2022,vw_nz,BMG668971101,CTF SERVICES,HK,0.0011276195560110162,4.8937872820749435,4.893275768411893
2022,vw_nz,KYG217651051,CK HUTCHISON HOLDINGS,HK,0.0011266134543248274,218.42454260638223,289.8142492261459
2022,vw_nz,JP3539220008,T & D HOLDINGS,JP,0.0011154310603528528,0.09253892673907498,0.2060070996670207
2022,vw_nz,JP3463000004,TAKEDA PHARMACEUTICAL,JP,0.0011060755946324739,10.429577807389858,6.871106735250169
2022,vw_nz,JP3294460005,INPEX,JP,0.001086255090865456,582.7451183719983,435.75455861548426
2022,vw_nz,AU000000IGO4,IGO,AU,0.0010713432900631102,148.4896255054685,9.493184174641497
2022,vw_nz,HK0019000162,SWIRE PACIFIC 'A',HK,0.0010701250122284295,10.299482339434718,21.981927192193485
2022,vw_nz,JP3357200009,SHIMADZU,JP,0.001069312581017781,0.6061554368467378,0.20634451899096334
2022,vw_nz,JP3585800000,TOKYO ELECTRIC POWER CO. HDG.,JP,0.0010667714759987931,4.40944565817634,43.135779960774066
2022,vw_nz,JP3352000008,77 BANK,JP,0.0010219963866861224,1.4434185758140277,1.438018772787216
2022,vw_nz,HK0010000088,HANG LUNG GROUP,HK,0.0009963057581259646,2.809232983901427,1.3042011023840876
2022,vw_nz,JP3967200001,RAKUTEN GROUP,JP,0.0009790866913032652,0.11869687294618698,0.12617872257962817
2022,vw_nz,BMG988031446,YUE YUEN INDL.HDG.,HK,0.0009662882499763872,5.8743092840286115,18.394525789125158
2022,vw_nz,SG1J26887955,SINGAPORE EXCHANGE,SG,0.0009626046392171053,0.04463807449201872,0.004728030194551688
2022,vw_nz,JP3830800003,BRIDGESTONE,JP,0.0009609542802075527,63.22274896882428,56.76097932622123
2022,vw_nz,JP3495000006,SUMITOMO PHARMA,JP,0.000960677810298905,4.424349678698094,4.989344189668761
2022,vw_nz,SG1V61937297,SINGAPORE AIRLINES,SG,0.0009581646977575902,2095.858561395011,705.0711143741473
2022,vw_nz,JP3148800000,IBIDEN,JP,0.000955463853081313,53.279017849344406,22.864168100362452
2022,vw_nz,JP3126400005,ALPS ALPINE,JP,0.0009408322120025668,6.468963597681159,18.206246092569362
2022,vw_nz,JP3409000001,SUMITOMO REAL.&DEV.,JP,0.0008790593454677908,5.441303973870858,2.984876175125399
2022,vw_nz,JP3613400005,TOYO SEIKAN GROUP HDG.,JP,0.00086701891752338,56.767973074623136,160.14127751801087
2022,vw_nz,BMG2178K1009,CKI HOLDINGS,HK,0.0008638255060818634,8102.955714048764,472.2098318569073
2022,vw_nz,JP3982800009,ROHM,JP,0.0008567015621354675,43.235402784730724,18.47450837418025
2022,vw_nz,AU000000SIG5,SIGMA HEALTHCARE,AU,0.0008496423530387413,0.010646024419614236,0.07533061771106522
2022,vw_nz,JP3613000003,TOYO SUISAN KAISHA,JP,0.0008470463928383686,51.31634288204061,37.70778394777597
2022,vw_nz,JP3283650004,KOSE HOLDINGS,JP,0.0008252612269780296,2.442838217225071,1.0664757639576796
2022,vw_nz,JP3789000001,KANADEVIA,JP,0.0008168534764890207,66.14804142501329,221.08499000273054
2022,vw_nz,JP3977400005,RINNAI,JP,0.000815228121615408,11.03392084103522,8.105992945230813
2022,vw_nz,JP3548610009,DENA,JP,0.0008049230611388681,0.011166610117807738,0.006341463414634147
2022,vw_nz,JP3131400008,AEON FINANCIAL SERVICE,JP,0.0007935647469134092,0.8019780842399513,1.439290203582675
2022,vw_nz,HK0308001558,CTII.INTL.INV.HK.,HK,0.000793375119659455,25.163716927599644,10.36204879164577
2022,vw_nz,JP3768600003,HASEKO,JP,0.0007717776252374581,5.252200178528365,10.55352092483741
2022,vw_nz,JP3711600001,NIPPON SANSO HOLDINGS,JP,0.0007614589706256432,135.52596980551212,124.13096902092984
2022,vw_nz,JP3634600005,TOYOTA INDS.,JP,0.0007588370645082166,16.365739122562722,14.113167570214376
2022,vw_nz,AU000000BPT9,BEACH ENERGY,AU,0.0007545891958972081,489.55194885015135,232.08416025168202
2022,vw_nz,HK0000055878,CHINA TAIPING INSURANCE HLDGS,HK,0.0007301007495800135,0.1360113576639338,1.1092481119853381
2022,vw_nz,NZAIAE0002S6,AUCKLAND INTL.AIRPORT,NZ,0.0007130889566899463,10.950221299382548,0.2709012332494765
2022,vw_nz,JP3165700000,NTT DATA GROUP DEAD - DELIST.26/09/25,JP,0.0006936834233872044,1.1170577060290836,0.8903455573047047
2022,vw_nz,JP3638600001,DOWA HDG.,JP,0.0006437752006130661,152.8873412930135,379.16194629103165
2022,vw_nz,AU000000SUN6,SUNCORP GROUP,AU,0.0006396419376441713,0.1539620379305387,0.15290322900305706
2022,vw_nz,JP3526600006,CHUBU ELEC.POWER,JP,0.0006273732312288844,11.656528221361443,35.83782190991699
2022,vw_nz,JP3407400005,SUMITOMO ELECTRIC IND.,JP,0.0006196692205341468,11.906156163088097,32.354339443241244
2022,vw_nz,AU000000SWM4,SEVEN WEST MEDIA DEAD - DELIST.08/01/26,AU,0.0005987864542696214,2.417788313353875,3.252282298778414
2022,vw_nz,SG1N31909426,COMFORTDELGRO CORPORATION,SG,0.0005962909587196298,318.07414320131795,381.79906178845437
2022,vw_nz,AU000000FLT9,FLIGHT CENTRE TRAVEL GP.,AU,0.0005956280737655974,133.5541428495112,20.931261736457472
2022,vw_nz,JP3389900006,JAFCO GROUP,JP,0.0005906271854208232,0.00610928640625591,0.003209831254585473
2022,vw_nz,HK0144000764,CHINA MERCHANTS PORT HOLDINGS,HK,0.0005759588860909893,46.421327608930696,10.119163675149958
2022,vw_nz,JP3421800008,SECOM,JP,0.0005735609327457462,6.414925352628837,3.527924476935135
2022,vw_nz,JP3657400002,NIKON,JP,0.0005616669164883836,7.478919785269569,8.42252278028602
2022,vw_nz,HK0392044647,BEIJING ENTERPRISES HOLDINGS,HK,0.0005355887315886064,57.77484328173033,138.95135563400794
2022,vw_nz,HK0000608585,NEW WORLD DEVELOPMENT COMPANY,HK,0.0005110522216837498,5.255050901666262,4.4943359214726994
2022,vw_nz,AU000000SHL7,SONIC HEALTHCARE,AU,0.0005067599315731071,5.535224818639278,2.7307222270536484
2022,vw_nz,JP3300200007,KONAMI GROUP,JP,0.000498836470927442,13.91812186962155,4.531950718530673
2022,vw_nz,JP3224200000,KAWASAKI HEAVY INDUSTRY,JP,0.0004941097107425683,10.320732124136853,41.43825514079573
2022,vw_nz,JP3263000006,KINDEN,JP,0.00046579460151053426,3.484231004046408,5.92723941452852
2022,vw_nz,JP3421100003,JAPAN PETROLEUM EXP.,JP,0.0004607840041566292,242.4968243421289,409.1610720906358
2022,vw_nz,JP3190000004,OBAYASHI,JP,0.0004548111964297241,8.990110179974458,25.08333689656647
2022,vw_nz,JP3579800008,TOKYO STEEL MNFG.,JP,0.0004501940747446811,159.08689960669318,208.14798531009154
2022,vw_nz,HK0000745908,YUEXIU PROPERTY COMPANY,HK,0.00043461215050557254,0.2019499241658667,0.5720548364178553
2022,vw_nz,JP3528600004,CHIYODA CORPORATION,JP,0.0004328203748958615,23.86365611995404,80.91289086573244
2022,vw_nz,JP3885400006,MISUMI GROUP,JP,0.000420475093475999,2.511025053347032,0.8508409324865273
2022,vw_nz,JP3573000001,TOKYO GAS,JP,0.00041813567598752435,183.05376356392028,353.42561604927477
2022,vw_nz,JP3598600009,TOHO,JP,0.0004168325486929887,2.8425152849911246,0.7396191517312438
2022,vw_nz,JP3868400007,MAZDA MOTOR,JP,0.00041666276341621267,3.5968748719540358,19.667318188822474
2022,vw_nz,JP3951600000,UNI CHARM,JP,0.0004085080484689728,4.618341568157879,1.265787291655818
2022,vw_nz,JP3156400008,USHIO,JP,0.0003970706453714317,3.341464753821898,2.1246882793017456
2022,vw_nz,JP3551520004,DENTSU GROUP,JP,0.00035415164256880885,0.34426237281813055,0.3118714482500547
2022,vw_nz,HK0004000045,WHARF HOLDINGS,HK,0.0003484741728394102,5.692719232900337,1.5671213229548855
2022,vw_nz,JP3955000009,YOKOGAWA ELECTRIC,JP,0.0003470387565286747,3.566948944981705,2.6915563759531893
2022,vw_nz,JP3820000002,FUJI ELECTRIC,JP,0.0003385444473382581,18.91083620290483,18.941065701591786
2022,vw_nz,JP3511800009,CHIBA BANK,JP,0.00033704228151100327,1.3607851819053944,0.5194015052503493
2022,vw_nz,JP3210200006,KAJIMA,JP,0.0003366580630546185,14.007568889795536,38.81052858355827
2022,vw_nz,AU000000MTS0,METCASH,AU,0.00033483341531251185,1.4203647129408419,5.1562875861385855
2022,vw_nz,JP3381000003,NIPPON STEEL,JP,0.00032559885874412753,1290.3677829557635,4513.180187347197
2022,vw_nz,JP3888300005,MITSUI CHEMICALS,JP,0.0003220011407075608,281.5875332917025,682.0710156292744
2022,vw_nz,NZCENE0001S6,CONTACT ENERGY,NZ,0.00032007683304567446,461.21661369719124,188.82742699166545
2022,vw_nz,JP3493800001,DAI NIPPON PRINTING,JP,0.00031099688228643056,29.3318352056115,44.928179837375566
2022,vw_nz,JP3402600005,SUMITOMO METAL MINING,JP,0.0003080762657542664,173.6641859719788,133.10805825452556
2022,vw_nz,JP3771800004,HAMAMATSU PHOTONICS,JP,0.00030738077043406583,7.153829301595712,1.3062736720675125
2022,vw_nz,JP3870400003,MARUI GROUP,JP,0.00030396465049911713,5.768625572962988,2.6289402926254986
2022,vw_nz,JP3582600007,TOKYO TATEMONO,JP,0.0002871584470128459,6.12634297239517,5.811355632400044
2022,vw_nz,JP3404600003,SUMITOMO,JP,0.0002830585141444386,35.00325793740981,82.43725411220011
2022,vw_nz,JP3143900003,ITOCHU TECHNO-SOLUTIONS DEAD - DELIST.01/12/23,JP,0.0002777909752627178,0.058995628694122754,0.041892451523877904
2022,vw_nz,JP3436120004,SBI HDG.,JP,0.0002734402400645196,0.21037098169561927,0.19888081695768997
2022,vw_nz,BMG524401079,KERRY PROPERTIES,HK,0.00027275533792416517,2.15089630849243,1.0302473811501263
2022,vw_nz,JP3982100004,LAWSON DEAD - DELIST.24/07/24,JP,0.0002709762791253926,0.6952442972586517,0.9736218035648467
2022,vw_nz,JP3131430005,AEON MALL DEAD - DELIST.27/06/25,JP,0.00026340559009057843,6.144729115233974,5.097694894378542
2022,vw_nz,JP3300600008,KONICA MINOLTA,JP,0.00025823801486494596,19.97959777574272,78.46155365111962
2022,vw_nz,JP3352400000,CITIZEN WATCH,JP,0.00024738585371238337,7.756432083435126,13.379379612512555
2022,vw_nz,JP3419050004,SEGA SAMMY HDG.,JP,0.00024635199474126116,2.649719089931067,1.499433112605321
2022,vw_nz,JP3203500008,ONWARD HOLDINGS,JP,0.00024331482233866755,1.0573026731443758,3.8263483381378274
2022,vw_nz,AU000000LLC3,LENDLEASE GROUP STAPLED UNITS,AU,0.00023541374652053486,3.6228916325697416,4.569659767582173
2022,vw_nz,JP3659000008,WEST JAPAN RAILWAY,JP,0.00022900500277062155,16.292764337526034,13.502685606006638
2022,vw_nz,AU000000COH5,COCHLEAR,AU,0.00022322687703051655,0.22503420340581648,0.02699026307441678
2022,vw_nz,BMG5320C1082,KUNLUN ENERGY,HK,0.00021366151713109782,21.45973205006333,51.575332037722
2022,vw_nz,JP3351100007,SYSMEX,JP,0.0002102558840560645,1.3069500308463597,0.19731411494834666
2022,vw_nz,AU000000CQR9,CHARTER HALL RETAIL REIT,AU,0.00020589540769844214,2.334904304845106,0.193339599519328
2022,vw_nz,JP3459600007,TAKARA HDG.,JP,0.00020521349444472167,32.79579245284491,42.73689774881697
2022,vw_nz,JP3566800003,CENTRAL JAPAN RAILWAY,JP,0.0001865955341097801,8.95659457659276,2.509702119567158
2022,vw_nz,JP3404200002,SUMITOMO RUBBER INDS.,JP,0.0001778032999867089,46.07384819045878,138.82649266097613
2022,vw_nz,JP3791200003,HITACHI TRANSPORT SYSTEM DEAD - DELIST.24/02/23,JP,0.00017558162787712194,6.355565656950661,10.359762629787864
2022,vw_nz,JP3663900003,SOJITZ,JP,0.00017196703830168873,41.46144247669977,180.55329027351823
2022,vw_nz,AU000000OZL8,OZ MINERALS DEAD - DELIST.03/05/23,AU,0.00016921413333907732,63.89256548205941,16.085416094016388
2022,vw_nz,JP3688370000,NIPPON EXPRESS HOLDINGS,JP,0.0001684265419345984,26.56679756572229,103.04958836785306
2022,vw_nz,JP3205800000,KAO,JP,0.00016644859939934602,47.974744159558675,24.791501389990735
2022,vw_nz,JP3667600005,JGC HOLDINGS,JP,0.00016260597402074244,22.409466581439137,34.47848234398424
2022,vw_nz,AU000000ANN9,ANSELL,AU,0.00015255273903216793,67.66626490852506,57.283906747718824
2022,vw_nz,JP3600200004,TOHO GAS,JP,0.00015062075364304146,23.092925931996263,31.903434591581235
2022,vw_nz,JP3219000001,KAMIGUMI,JP,0.00014277864240454631,14.63575659159334,13.174631464113459
2022,vw_nz,JP3260800002,KINTETSU GROUP HDG.,JP,0.0001325312958380629,6.35458324375821,7.094004708011396
2022,vw_nz,JP3386030005,JFE HOLDINGS,JP,0.00012811742606364486,1481.9737594701764,6446.059892466307
2022,vw_nz,HK0688002218,CHINA OVERSEAS LAND INVESTMENT,HK,0.00012757332612912053,0.6716962676486775,0.7822816449726466
2022,vw_nz,JP3172100004,OKUMA,JP,0.00012659588599769667,5.563009024356587,5.363835211836661
2022,vw_nz,JP3726200003,NIPPON SODA,JP,0.00012559069121118122,47.03510717155547,72.67969295184926
2022,vw_nz,AU0000088338,AMPOL,AU,0.00012482025441357884,47.20681328276794,140.48548902357527
2022,vw_nz,SG0531000230,VENTURE CORPORATION,SG,0.0001229796484314053,1.255177498753063,0.7599430699179136
2022,vw_nz,JP3027670003,NIPPON BUILDING FUND,JP,0.00011423614374617476,5.70975623049453,0.5032414640055473
2022,vw_nz,JP3826800009,FURUKAWA,JP,0.0001066025973472898,2.5581356574098995,9.463180386369142
2022,vw_nz,JP3635000007,TOYOTA TSUSHO,JP,0.00010407326179024454,7.072179608476667,32.29390256994823
2022,vw_nz,JP3164800009,NOK,JP,9.013867746023388e-05,7.031639634299858,21.740974844101302
2022,vw_nz,JP3574200006,TOKYU,JP,8.70647959311318e-05,18.584195694039128,17.641000031211963
2022,vw_nz,JP3765400001,HOUSE SHOKUHIN GP.HONSHA K K,JP,8.690967190434242e-05,25.77071103859164,21.92334603125243
2022,vw_nz,JP3126340003,ALFRESA HOLDINGS,JP,8.687467432557503e-05,1.4648993934393342,9.705984981101757
2022,vw_nz,AU000000MAH3,MACMAHON HOLDINGS,AU,8.607156069269728e-05,14.072987865130068,57.959074187614966
2022,vw_nz,JP3196000008,ODAKYU ELECTRIC RY.,JP,8.444403980490829e-05,24.05732861408737,12.191906707529874
2022,vw_nz,JP3538800008,TDK,JP,7.956276037421557e-05,9.400667873085924,9.159669843995921
2022,vw_nz,JP3165600002,NTN,JP,7.758172691955182e-05,19.20409880690007,101.21360845611053
2022,vw_nz,JP3787000003,HITACHI CON.MCH.,JP,7.504406973686867e-05,11.650463337501352,17.571941523013678
2022,vw_nz,JP3778630008,BANDAI NAMCO HDG.,JP,7.397570129570702e-05,0.7674746993099238,0.3408217742049594
2022,vw_nz,AU000000ILU1,ILUKA RESOURCES,AU,6.900068327508268e-05,378.9969095097616,133.00140899354895
2022,vw_nz,JP3242800005,CANON,JP,6.18325330767288e-05,5.206316307280989,5.004314252870613
2022,vw_nz,HK0165000859,CHINA EVERBRIGHT,HK,6.0726220473192926e-05,0.02496949928252198,0.00415625411021965
2022,vw_nz,HK0023000190,BANK OF EAST ASIA,HK,5.9905969510507e-05,0.9116450344372968,0.563720844310223
2022,vw_nz,JP3634200004,TOYODA GOSEI,JP,5.956618207561177e-05,14.44271290775282,38.86409111897799
2022,vw_nz,JP3258000003,KIRIN HOLDINGS,JP,5.595612670544306e-05,22.700963713462905,24.310719127964532
2022,vw_nz,JP3870000001,MABUCHI MOTOR,JP,5.5521303012112864e-05,2.819185419448385,1.5429055185502176
2022,vw_nz,JP3137200006,ISUZU MOTORS,JP,5.2096422662792566e-05,6.1461835153632025,12.934233089677376
2022,vw_nz,JP3939000000,YAMADA HOLDINGS,JP,4.648907750105381e-05,3.647514645459512,15.959625159596252
2022,vw_nz,HK0363006039,SHANGHAI INDUSTRIAL HOLDINGS,HK,4.6452283608457406e-05,47.96355209304841,148.64407931234376
2022,vw_nz,JP3676800000,NISSHIN SEIFUN,JP,4.0809654927830984e-05,14.66534951364756,19.96522336674026
2022,vw_nz,HK0000049939,CHINA UNICOM (HONG KONG),HK,3.768892105710412e-05,2.755771574802792,8.676042163086043
2022,vw_nz,SG1S83002349,UOL GROUP,SG,3.6791818472302825e-05,1.1730930000625581,0.49682069786995514
2022,vw_nz,JP3322930003,SUMCO,JP,3.492334524748765e-05,9.542176590927912,4.19203722529056
2022,vw_nz,JP3368000000,RESONAC HOLDINGS,JP,2.8199905185812867e-05,272.92642396762983,855.2965507837062
2022,vw_nz,JP3243600008,CANON MARKETING JAPAN,JP,2.748404793266461e-05,1.2467551627308684,2.1752726773170794
2022,vw_nz,JP3796150005,HIROGIN HOLDINGS,JP,2.3090348758827936e-05,1.266595006726465,0.8149643718217894
2022,vw_nz,KYG525621408,KINGBOARD HOLDINGS,HK,2.2307918273204283e-05,162.36757865088,221.33254591161534
2022,vw_nz,JP3675600005,NISSIN FOODS HOLDINGS,JP,2.1014728224007882e-05,60.17083176830985,39.687431004146184
2022,vw_nz,JP3718800000,NISSUI,JP,2.0319018122094255e-05,35.14281131968199,141.4502356718355
2022,vw_nz,JP3027680002,JAPAN REAL ESTATE INV.,JP,2.0265906851182506e-05,4.794219550098082,0.4010613273518231
2022,vw_nz,JP3818000006,FUJITSU,JP,1.8857074160559566e-05,2.220006655579953,2.482926334413288
2022,vw_nz,NZTELE0001S4,SPARK NEW ZEALAND,NZ,1.8816387098519916e-05,0.9769486253525582,0.4326177752649146
2022,vw_nz,HK0101000591,HANG LUNG PROPERTIES,HK,1.7860655350888853e-05,2.971732357129557,0.4098552406261989
2022,vw_nz,AU000000IRE2,IRESS,AU,1.6110476306847066e-05,0.16960451524909487,0.046052294939364476
2022,vw_nz,JP3122800000,AMADA,JP,1.4726625174086959e-05,3.1195717267596934,2.2929158023358247
2022,vw_nz,JP3742600004,NHK SPRING,JP,1.3826317459791608e-05,15.0399014296283,40.203766940289775
2022,vw_nz,JP3276400003,GUNMA BANK,JP,1.3013937861085426e-05,1.2707925433147547,1.099659645429817
2022,vw_nz,JP3625000009,TOKUYAMA,JP,1.2432223033615753e-05,2657.571052654175,5853.226624487445
2022,vw_nz,JP3419400001,SEKISUI CHEMICAL,JP,1.1802822437510823e-05,22.099705029209783,27.959905495519426
2022,vw_nz,SG1R89002252,CITY DEVELOPMENTS,SG,1.0309767389744166e-05,0.92336292987831,0.3782216643855632
2022,vw_nz,JP3228600007,KANSAI ELECTRIC PWR.,JP,1.0071620233462678e-05,951.4875062777721,2702.201912037195
2022,vw_nz,JP3116000005,ASAHI GROUP HOLDINGS,JP,8.731712798902906e-06,25.17013888391511,23.209255020652463
2022,vw_nz,AU000000DOW2,DOWNER EDI,AU,7.311317501722823e-06,40.867867607399255,121.55294714991861
2022,vw_nz,AU000000MND5,MONADELPHOUS GROUP,AU,5.840535188012678e-06,6.761974805846292,14.733954667222767
2022,vw_nz,JP3903000002,MITSUBISHI MATERIALS,JP,5.769924810910117e-06,603.4268978820575,3828.2298710837576
2022,vw_nz,JP3544000007,TEIJIN,JP,4.596193465337134e-06,96.39578657772549,310.3024441354853
2022,vw_nz,JP3811000003,FUJIKURA,JP,3.922805195170372e-06,4.191288034339514,14.782921578552566
2022,vw_nz,JP3595200001,TOSOH,JP,3.880612220360287e-06,1005.7797137060379,1527.437780497756
2022,vw_nz,HK0002007356,CLP HOLDINGS,HK,3.322209507126394e-06,4097.363173541027,1747.9278970337773
2022,vw_nz,HK0083000502,SINO LAND,HK,2.7516577545535357e-06,0.9286275578276056,0.3792636062278221
2022,vw_nz,BMG8063F1068,SHANGRI-LA ASIA,HK,1.5680339105082895e-06,86.43719610661019,38.2522647485718
2022,vw_nz,HK0000139300,TELEVISION BROADCASTS,HK,1.551124630003096e-06,1.4932339600624847,2.0502048802096793
2022,vw_nz,SG1U68934629,KEPPEL,SG,1.4754125239071766e-06,4.597372090857324,3.8547965487647486
2022,vw_nz,AU000000WOR2,WORLEY,AU,1.3157361735613482e-06,3.35848395515175,5.03511767023353
2022,vw_nz,JP3493400000,DIC,JP,1.03245395407049e-06,45.68557449332423,139.63783518639633
2023,vw_nz,AU000000BHP4,BHP GROUP,AU,0.03450527178781683,130.05612490785322,45.50208220372044
2023,vw_nz,JP3119600009,AJINOMOTO,JP,0.0289898941335817,94.58505467163413,59.19890767321872
2023,vw_nz,AU000000CBA7,COMMONWEALTH BK.OF AUS.,AU,0.024302973203300687,0.30295864785305365,0.059949187157092694
2023,vw_nz,AU000000IFL2,INSIGNIA FINANCIAL,AU,0.018788005474446978,0.0010619611874425213,0.0009161704076958314
2023,vw_nz,JP3201200007,OLYMPUS,JP,0.01831023542961112,4.399265709567274,1.1640321898046309
2023,vw_nz,JP3200450009,ORIX,JP,0.01667112347168688,47.60769073168233,44.5329237805293
2023,vw_nz,KYG2108Y1052,CHINA RESOURCES LAND,HK,0.016479035679688454,1.1647821524406692,1.059670539746023
2023,vw_nz,JP3814000000,FUJIFILM HOLDINGS,JP,0.01567739801216866,28.61876620450384,22.574324587220215
2023,vw_nz,JP3633400001,TOYOTA MOTOR,JP,0.015254544614773604,8.55329089274602,9.918284633928042
2023,vw_nz,JP3769000005,HACHIJUNI NAGANO BANK,JP,0.014963462109525134,1.6501444136472978,1.1412316090933947
2023,vw_nz,JP3435000009,SONY GROUP,JP,0.014178026906194708,2.749543650469882,2.038041190761896
2023,vw_nz,JP3756600007,NINTENDO,JP,0.012690753335763437,0.1340907827806957,0.03089573910138811
2023,vw_nz,JP3496400007,KDDI,JP,0.012539299852369309,2.020724688487329,1.2264991423956304
2023,vw_nz,AU000000MQG1,MACQUARIE GROUP,AU,0.012386468327278827,0.02947332319757232,0.007365370591012641
2023,vw_nz,JP3935600001,YAMAZAKI BAKING,JP,0.012255158760012406,44.109335359342666,143.4859325616117
2023,vw_nz,SG1L01001701,DBS GROUP HOLDINGS,SG,0.01216277452476362,0.03446887753521704,0.008388472163748743
2023,vw_nz,KYG9431R1039,WANT WANT CHINA HOLDINGS,SG,0.012004727521510354,54.92086239310012,24.67818351251339
2023,vw_nz,JP3436100006,SOFTBANK GROUP,JP,0.011488584365787055,0.2980497141485127,0.17842171736829912
2023,vw_nz,JP3613000003,TOYO SUISAN KAISHA,JP,0.01091547021244198,56.0850947957693,40.111672299260704
2023,vw_nz,JP3802300008,FAST RETAILING,JP,0.010907953377426984,0.5134459118198815,0.14468872925057202
2023,vw_nz,JP3735400008,NTT,JP,0.010634121060791462,1.6643665154843688,1.5308171003705129
2023,vw_nz,AU000000STO6,SANTOS,AU,0.010034456882960388,671.8520615963743,337.1511099014538
2023,vw_nz,JP3551500006,DENSO,JP,0.009845255850940903,11.831625022273139,13.207687620919764
2023,vw_nz,SG1F60858221,SINGAPORE TECHS.ENGR.,SG,0.009256619890658166,6.5162682982244045,5.014676285930156
2023,vw_nz,JP3371200001,SHIN-ETSU CHEMICAL,JP,0.009100133615343082,104.71283274880324,37.217669345366716
2023,vw_nz,BMG2624N1535,DFI RETAIL GROUP HOLDINGS,HK,0.009088216545499982,25.753949602794435,52.35544019611106
2023,vw_nz,AU000000WOW2,WOOLWORTHS GROUP,AU,0.00869028154933879,10.934655879067723,15.400442652956508
2023,vw_nz,JP3672400003,NISSAN MOTOR,JP,0.008620889449166046,7.6877370015972755,38.779345523968615
2023,vw_nz,JP3906000009,MINEBEA MITSUMI,JP,0.008485216162032884,11.268006325796724,14.493196840217157
2023,vw_nz,JP3571400005,TOKYO ELECTRON,JP,0.008407024593859178,1.2749408123215842,0.3784228779335084
2023,vw_nz,BMG668971101,CTF SERVICES,HK,0.008101301040944569,7.966658042856546,8.802239733884532
2023,vw_nz,AU000000ASX7,ASX,AU,0.008065931488021007,0.06762385986172273,0.005268442974900084
2023,vw_nz,JP3475350009,DAIICHI SANKYO,JP,0.008016980628280714,9.340830963172325,1.403853668585024
2023,vw_nz,JP3893600001,MITSUI,JP,0.007836702532725396,27.171067249693053,63.74624329773779
2023,vw_nz,SG1M31001969,UNITED OVERSEAS BANK,SG,0.007828670191551932,0.37980140184697425,0.12571632112138958
2023,vw_nz,JP3890350006,SUMITOMO MITSUI FINL.GP.,JP,0.007689089836697216,0.3537550495234726,0.2510394746680624
2023,vw_nz,HK0014000126,HYSAN DEVELOPMENT,HK,0.007609398149119104,3.9755663595462325,0.5006993805486569
2023,vw_nz,JP3665200006,NICHIREI,JP,0.0074290062894031665,15.405528402868967,28.492728315548362
2023,vw_nz,JP3854600008,HONDA MOTOR,JP,0.00739476725684187,8.534000302776935,24.143674800205552
2023,vw_nz,AU000000CSL8,CSL,AU,0.007322233646613819,11.145770328770501,1.2937379251126988
2023,vw_nz,AU000000BOQ8,BANK OF QLND.,AU,0.007281167851696377,0.22736921284094697,0.1220870459218643
2023,vw_nz,AU000000BEN6,BENDIGO & ADELAIDE BANK,AU,0.007117339088612186,0.7488546295378437,0.3440781428691661
2023,vw_nz,JP3720800006,NSK,JP,0.006910634407282528,14.731681016976129,35.50028864720676
2023,vw_nz,JP3721400004,JAPAN STEEL WORKS,JP,0.00675747560989354,34.20950799997757,39.492680905612495
2023,vw_nz,AU000000QBE9,QBE INSURANCE GROUP,AU,0.006738465814343285,0.4183117797547887,0.5624885089170804
2023,vw_nz,JP3942600002,YAMAHA,JP,0.006659981125973903,6.360668402165403,3.052854627225635
2023,vw_nz,JP3789000001,KANADEVIA,JP,0.006568870088732926,52.39855718720311,178.22584274719833
2023,vw_nz,AU000000GMG2,GOODMAN GROUP,AU,0.006447573339739551,2.3676823562914446,0.12818776203329577
2023,vw_nz,JP3519400000,CHUGAI PHARM.,JP,0.006192897213728684,4.89053042246006,1.1134092372296431
2023,vw_nz,SG1S04926220,OVERSEA-CHINESE BKG.,SG,0.006155608130273003,0.006806763929251455,0.0031948587073736662
2023,vw_nz,HK0388045442,HONG KONG EXCHANGES AND CLEARING,HK,0.006042174231491229,0.1320814337072736,0.005055204411929651
2023,vw_nz,JP3463000004,TAKEDA PHARMACEUTICAL,JP,0.0058386497857348734,9.016203321699502,5.544421121402206
2023,vw_nz,AU000000ELD6,ELDERS,AU,0.005760239548872462,24.19413483937441,56.67027109788423
2023,vw_nz,JP3900000005,MITSUBISHI HEAVY INDS.,JP,0.0056749400235025504,4.235566896157101,10.369879209830343
2023,vw_nz,AU000000NAB4,NATIONAL AUS.BANK,AU,0.0056569811780192575,0.41838734664367355,0.10783455706849128
2023,vw_nz,JP3893200000,MITSUI FUDOSAN,JP,0.005630223920823687,10.394944262649682,10.255220495646576
2023,vw_nz,HK0823032773,LINK REAL ESTATE INVESTMENT TRUST,HK,0.005563830754360294,9.429834706920367,0.8176818250328235
2023,vw_nz,JP3910660004,TOKIO MARINE HOLDINGS,JP,0.0053772452401199345,0.2676351257943177,0.31228629936762137
2023,vw_nz,JP3837800006,HOYA,JP,0.005312002081506558,2.3595046564824393,0.34044166806989734
2023,vw_nz,JP3944130008,USS,JP,0.005253381340679139,5.902769509203915,0.9207154000445731
2023,vw_nz,JP3902900004,MITSUBISHI UFJ FINL.GP.,JP,0.005136653793486313,0.49736336230639233,0.33127522558262823
2023,vw_nz,JP3162600005,SMC,JP,0.005134930772130731,10.05845173235915,1.8128652305630975
2023,vw_nz,JP3375800004,SHINKO ELEC.INDS. DEAD - DELIST.06/06/25,JP,0.00504801157177571,18.660699978140748,10.72179925079803
2023,vw_nz,JP3266400005,KUBOTA,JP,0.0048832388508550225,13.612274398719716,16.046267491279078
2023,vw_nz,JP3143600009,ITOCHU,JP,0.004816672111535251,10.892717929397831,23.151949261093428
2023,vw_nz,JP3818000006,FUJITSU,JP,0.00478762275638193,2.2678236195644237,2.1594505029028
2023,vw_nz,JP3726800000,JAPAN TOBACCO,JP,0.004701449488145886,16.278992811406408,8.22875787786462
2023,vw_nz,JP3397200001,SUZUKI MOTOR,JP,0.0046604417605607285,12.236754987388132,22.760366398545937
2023,vw_nz,JP3902400005,MITSUBISHI ELECTRIC,JP,0.004647329616137014,7.1848107395381176,11.121110115753583
2023,vw_nz,JP3197800000,OMRON,JP,0.004642381327043526,0.6367198486018305,0.34588150929209804
2023,vw_nz,AU000000JBH7,JB HI-FI,AU,0.004481644501540107,0.04806063815354721,0.0880494740443
2023,vw_nz,JP3766550002,HAKUHODO DY HDG.,JP,0.004429008827343787,0.02127704561838475,0.03785674062927367
2023,vw_nz,JP3802400006,FANUC,JP,0.004400265544206861,8.984556588021656,1.6099126720703287
2023,vw_nz,JP3194000000,OKI ELECTRIC IND.,JP,0.004388764558085628,3.012785908952192,17.117770259384567
2023,vw_nz,JP3914400001,MURATA MANUFACTURING,JP,0.004288601377040032,19.125998382549092,6.6964234757329475
2023,vw_nz,JP3877600001,MARUBENI,JP,0.0042522077091134754,13.28827413084901,47.40575718937674
2023,vw_nz,JP3688370000,NIPPON EXPRESS HOLDINGS,JP,0.004129035191805395,26.81985856079344,105.18239627419725
2023,vw_nz,JP3198900007,ORIENTAL LAND,JP,0.004105501389874231,22.024606980823126,1.2367924015555969
2023,vw_nz,JP3898400001,MITSUBISHI,JP,0.003958753819779072,118.32967604422984,395.5276478243548
2023,vw_nz,HK2388011192,BOC HONG KONG HOLDINGS,HK,0.003954243126833347,0.038698282975544875,0.015426099552952762
2023,vw_nz,JP3548610009,DENA,JP,0.0038989530625039154,0.012537346827376164,0.007165297911040071
2023,vw_nz,JP3336000009,SANTEN PHARM.,JP,0.0037995168410220864,8.052186224623117,5.5715727496572836
2023,vw_nz,JP3634600005,TOYOTA INDS.,JP,0.0037744884274775684,14.238956916910125,17.840386191747598
2023,vw_nz,JP3942400007,ASTELLAS PHARMA,JP,0.0037571494343835604,5.163923143935558,2.1736217704502874
2023,vw_nz,HK0006000050,POWER ASSETS HOLDINGS,HK,0.0036824916793853934,42627.38059812528,563.5442645818597
2023,vw_nz,HK0000055878,CHINA TAIPING INSURANCE HLDGS,HK,0.003671740062528349,0.26882442534730777,2.303716932693381
2023,vw_nz,HK0011000095,HANG SENG BANK DEAD - DELIST.28/01/26,HK,0.0036385474510213177,0.022632029336441768,0.004474205412337929
2023,vw_nz,JP3429800000,ANA HOLDINGS,JP,0.0036249510243743675,779.4023798519235,875.6770723140379
2023,vw_nz,AU000000MGR9,MIRVAC GROUP STAPLED UNITS,AU,0.003610277210241921,7.557005097369406,1.4682993977106602
2023,vw_nz,JP3481800005,DAIKIN INDUSTRIES,JP,0.0035423978501664508,18.51704156849024,10.604414809811662
2023,vw_nz,SG9999000020,FLEX,SG,0.0035338217923675526,2.778568225586611,7.923182716566631
2023,vw_nz,JP3358200008,SHIMAMURA,JP,0.0035010173434489814,0.16256912071921417,0.2156539741549147
2023,vw_nz,AU000000SWM4,SEVEN WEST MEDIA DEAD - DELIST.08/01/26,AU,0.003471815090700902,2.424168865023797,4.732111593210018
2023,vw_nz,JP3771800004,HAMAMATSU PHOTONICS,JP,0.0033774199522207783,4.21989874610414,0.8014468757622457
2023,vw_nz,JP3973400009,RICOH,JP,0.0032007144238242265,7.254221584099298,24.05419709960834
2023,vw_nz,HK0270001396,GUANGDONG INVESTMENT,HK,0.0032006477376282567,1002.4488145504313,405.0907997939753
2023,vw_nz,AU000000MAH3,MACMAHON HOLDINGS,AU,0.003186411481920758,0.8187697140760097,4.318739608898741
2023,vw_nz,AU000000GPT8,GPT GROUP STAPLED UNITS,AU,0.0031320260788570437,13.024619559949599,1.1967981474677978
2023,vw_nz,AU000000RHC8,RAMSAY HEALTH CARE,AU,0.0031300882886572154,8.311282577517668,7.593996397987175
2023,vw_nz,HK0101000591,HANG LUNG PROPERTIES,HK,0.003125513179969364,3.057501337751577,0.4507297822441069
2023,vw_nz,AU000000WBC1,WESTPAC BANKING,AU,0.00297145085773294,0.34571397684343586,0.11195224645265507
2023,vw_nz,JP3560800009,TOKAI CARBON,JP,0.0029357539421430673,716.7193266761425,991.3181400784706
2023,vw_nz,JP3783600004,EAST JAPAN RAILWAY,JP,0.0029190414342264003,87.78130443018384,74.63360790644873
2023,vw_nz,SGXE34184239,SEATRIUM,SG,0.002860560498212466,48.129474070381065,20.5908393172319
2023,vw_nz,JP3362700001,MITSUI OSK LINES,JP,0.0028300108370792484,872.0409134994648,1179.5614451496845
2023,vw_nz,AU0000224040,WOODSIDE ENERGY GROUP,AU,0.0027735485267193524,531.7145848933534,191.91876465042725
2023,vw_nz,JP3526600006,CHUBU ELEC.POWER,JP,0.00276414359761903,10.084345465473218,35.18776921676879
2023,vw_nz,JP3300600008,KONICA MINOLTA,JP,0.0027610708444222604,18.154171261997966,72.83895981451371
2023,vw_nz,KYG210961051,CHINA MENGNIU DAIRY,HK,0.002755165734217709,19.702631620173484,13.590500722497959
2023,vw_nz,IE00BKVD2N49,SEAGATE TECHNOLOGY HOLDINGS,SG,0.002695256634571329,29.931565440547477,18.732228574411288
2023,vw_nz,JP3283650004,KOSE HOLDINGS,JP,0.002620634682009131,2.6604781862281444,0.8921503515768093
2023,vw_nz,JP3452000007,TAIYO YUDEN,JP,0.0025800945305792648,16.137169010334322,9.390448125599479
2023,vw_nz,JP3890310000,MS&AD INSURANCE GP.HDG.,JP,0.0025563675736385992,0.42258483049718576,0.9751755043155752
2023,vw_nz,JP3404600003,SUMITOMO,JP,0.002551707730632639,29.635783781433304,69.40570907379717
2023,vw_nz,AU000000TLS2,TELSTRA GROUP,AU,0.0025059308370288555,1.959440886821348,0.9088368998780353
2023,vw_nz,SG1J26887955,SINGAPORE EXCHANGE,SG,0.0024628486370078515,0.03416385668945396,0.004007234393825654
2023,vw_nz,JP3165700000,NTT DATA GROUP DEAD - DELIST.26/09/25,JP,0.0024370630770194635,2.099368570972761,2.3486341589365005
2023,vw_nz,JP3126400005,ALPS ALPINE,JP,0.002436233126739002,2.365738686739943,7.033864892751387
2023,vw_nz,JP3894900004,ISETAN MITSUKOSHI HDG.,JP,0.002408170190648011,4.826244298487668,4.1399925620472615
2023,vw_nz,JP3223800008,KAWASAKI KISEN KAISHA,JP,0.0023850348652120924,918.7844906162312,1078.9286073550552
2023,vw_nz,HK0000139300,TELEVISION BROADCASTS,HK,0.0023758600994587304,1.0127506943988802,2.115105284794226
2023,vw_nz,JP3888300005,MITSUI CHEMICALS,JP,0.002311331953417285,242.55551288311884,763.3472724062342
2023,vw_nz,AU000000ANZ3,ANZ GROUP HOLDINGS,AU,0.0023099548683243576,0.3012399102894397,0.115206450518131
2023,vw_nz,JP3486800000,DAITO TST.CONSTRUCTION,JP,0.0023076206020041,2.672692249810934,4.944689827358329
2023,vw_nz,JP3830000000,BROTHER INDUSTRIES,JP,0.0022822371377733976,3.096735128228607,4.792559069090763
2023,vw_nz,JP3357200009,SHIMADZU,JP,0.0022449169691345873,0.6478290220728972,0.25356045675705974
2023,vw_nz,JP3505000004,DAIWA HOUSE INDUSTRY,JP,0.002243885144506291,6.479627237585651,15.001182312603452
2023,vw_nz,JP3294460005,INPEX,JP,0.0022183202328735696,365.744528717021,434.8568426582611
2023,vw_nz,JP3626800001,LIXIL,JP,0.0022103736808062376,39.26585363183953,94.85396267118831
2023,vw_nz,JP3160400002,EISAI,JP,0.0021793691147544577,8.275238108841494,2.5920067742345565
2023,vw_nz,AU000000APA1,APA GROUP,AU,0.0021744814662308723,687.6116658956403,154.21212331263513
2023,vw_nz,BMG5320C1082,KUNLUN ENERGY,HK,0.0021647031953355117,14.668807351437023,54.26095665236986
2023,vw_nz,JP3258000003,KIRIN HOLDINGS,JP,0.002135051433217843,22.807758138272952,24.558384918792857
2023,vw_nz,JP3443600006,TAISEI,JP,0.0021308831315413807,16.969645214767283,32.34297263218141
2023,vw_nz,JP3352400000,CITIZEN WATCH,JP,0.0021187675552516785,8.0193989029556,13.389100126742711
2023,vw_nz,AU000000ALL7,ARISTOCRAT LEISURE,AU,0.0020680354731872543,1.1601203454401008,0.2775376358312325
2023,vw_nz,SG1U68934629,KEPPEL,SG,0.002033495195552357,0.6109125464163091,0.2903705206753956
2023,vw_nz,AU000000SXL4,SOUTHERN CROSS MEDIA GROUP,AU,0.002033246697518782,1.1648633690013674,2.1232876712328768
2023,vw_nz,HK0392044647,BEIJING ENTERPRISES HOLDINGS,HK,0.00202771447582052,60.12649316871463,161.0100706721821
2023,vw_nz,SG1T75931496,SINGAPORE TELECOM,SG,0.0020206205455237107,0.5472157172329531,0.19420479953969952
2023,vw_nz,JP3304200003,KOMATSU,JP,0.001980465994929031,4.939934640033523,5.510047442369424
2023,vw_nz,JP3783420007,HIKARI TSUSHIN,JP,0.0019650844266199748,0.20124322231381586,0.15107566793966157
2023,vw_nz,JP3188220002,OTSUKA HOLDINGS,JP,0.001956549947842231,24.180027432827657,18.307551699372873
2023,vw_nz,NZAIAE0002S6,AUCKLAND INTL.AIRPORT,NZ,0.001949142260555798,6.850271683105102,0.24722145882262578
2023,vw_nz,AU000000TCL6,TRANSURBAN GROUP STAPLED UNITS,AU,0.0019187483371440395,2.0151707689664384,0.19282362742164894
2023,vw_nz,SG1M77906915,CAPITALAND ASCENDAS REIT,SG,0.0019141394784172564,0.49037766818164674,0.05366839915739555
2023,vw_nz,JP3899600005,MITSUBISHI ESTATE,JP,0.0019109645641917172,10.526591847347836,6.499755341706083
2023,vw_nz,HK0003000038,HONG KONG AND CHINA GAS,HK,0.0019040832940952948,205.3431946100242,85.12226992719806
2023,vw_nz,SG9999003735,XP POWER (DI),SG,0.001864452676356152,1.4457805756063657,0.8702594810379242
2023,vw_nz,JP3305530002,COMSYS HOLDINGS,JP,0.001815604552390097,19.36002666152243,31.884366032522053
2023,vw_nz,JP3659000008,WEST JAPAN RAILWAY,JP,0.0017877903467324837,14.550972528503673,14.310993230671787
2023,vw_nz,JP3116000005,ASAHI GROUP HOLDINGS,JP,0.0017367697165535307,24.338267559165256,28.07911704154648
2023,vw_nz,JP3780100008,PARK24,JP,0.0017252211866837215,85.96995694532252,69.71894674597377
2023,vw_nz,JP3834800009,HEIWA REAL ESTATE,JP,0.001656646649658979,8.368136213117184,2.546411618179255
2023,vw_nz,JP3134800006,IHI,JP,0.001614817249162299,6.0565943610977255,13.322077905189996
2023,vw_nz,JP3148800000,IBIDEN,JP,0.0015784813196859746,54.292230229729746,30.730713872747064
2023,vw_nz,JP3352000008,77 BANK,JP,0.0015784276852713675,1.2516186545046653,0.8841106294718465
2023,vw_nz,HK0066009694,MTR,HK,0.0015356068917398357,8.261252811788236,1.5091569384183907
2023,vw_nz,AU000000WES1,WESFARMERS,AU,0.0015332153328165186,28.59363574837614,20.97707171119606
2023,vw_nz,JP3939000000,YAMADA HOLDINGS,JP,0.0015331977709268198,4.242673902800501,15.137623850040415
2023,vw_nz,AU000000DXS1,DEXUS STAPLED UNITS,AU,0.0015295575263274408,20.622561434732013,1.8864084979955638
2023,vw_nz,JP3122400009,ADVANTEST,JP,0.0015271933506454409,0.8363579592671855,0.23312606511582648
2023,vw_nz,JP3596200000,TOTO,JP,0.001526446449624635,31.15825239297233,26.323830117282064
2023,vw_nz,JP3351600006,SHISEIDO,JP,0.0015072298709333772,2.5387772512566675,1.0396628546516353
2023,vw_nz,JP3684400009,NITTO BOSEKI,JP,0.0014940679636657433,223.68229186575098,265.171858216971
2023,vw_nz,JP3242800005,CANON,JP,0.001478732412294166,5.147980185567935,5.46164240212385
2023,vw_nz,SG0531000230,VENTURE CORPORATION,SG,0.001467085866940028,0.9003929695529018,0.6402816372331358
2023,vw_nz,JP3205800000,KAO,JP,0.0014593085124917152,44.61784238544369,28.865190989561942
2023,vw_nz,JP3210200006,KAJIMA,JP,0.0014525489006290632,15.897508598175719,46.46639808769215
2023,vw_nz,JP3733000008,NEC,JP,0.0014439789466076085,0.8268965246067332,2.0017613480651995
2023,vw_nz,JP3869010003,MATSUKIYOKARA,JP,0.0013965497818422734,0.325927811034816,0.3351219663496378
2023,vw_nz,JP3774200004,HANKYU HANSHIN HDG.,JP,0.0013689162600812777,14.051629104129205,13.55343452958674
2023,vw_nz,JP3388200002,AEON,JP,0.0013373111574979063,2.871580272912132,11.200835437437204
2023,vw_nz,HK0291001490,CHINA RESOURCES BEER HOLDINGS,HK,0.0013245436896066288,33.77885724901672,7.197029788132605
2023,vw_nz,JP3573000001,TOKYO GAS,JP,0.001310163665254909,184.86619057802574,469.02052204951514
2023,vw_nz,JP3951600000,UNI CHARM,JP,0.0012963946929268025,4.174880004369327,1.2357000515862453
2023,vw_nz,AU000000IRE2,IRESS,AU,0.0012867126741878255,0.12072397942681166,0.04166470135056523
2023,vw_nz,JP3456000003,TAKASHIMAYA,JP,0.001278079296995088,4.720098849443309,8.092805085744713
2023,vw_nz,AU000000IGO4,IGO,AU,0.0012709261517064381,139.20481100563748,13.450650412623247
2023,vw_nz,JP3190000004,OBAYASHI,JP,0.0012487709650422067,18.327684160275084,52.164025862053116
2023,vw_nz,JP3415400005,SEINO HDG.,JP,0.0012384121353439873,77.53194892105311,185.43372083339457
2023,vw_nz,BMG677491539,ORIENT OVERSEAS (INTL.),HK,0.0012349900064941098,317.0974989065473,552.2333178510605
2023,vw_nz,AU000000FLT9,FLIGHT CENTRE TRAVEL GP.,AU,0.0012318027085950738,18.744172053448402,9.025607369672136
2023,vw_nz,JP3277800003,KEIO,JP,0.0012067849745365502,32.4286124167891,17.95109035131292
2023,vw_nz,HK0293001514,CATHAY PACIFIC AIRWAYS,HK,0.0011637325145510385,1778.5036808386792,1805.4409374385789
2023,vw_nz,JP3597800006,TOBU RAILWAY,JP,0.0011275576293398488,28.212977140742378,25.98900521868386
2023,vw_nz,HK0688002218,CHINA OVERSEAS LAND INVESTMENT,HK,0.0011176594569786927,0.3882214306386254,0.35829941759078865
2023,vw_nz,HK0144000764,CHINA MERCHANTS PORT HOLDINGS,HK,0.0011119177159460885,39.2598135468299,10.984344309748645
2023,vw_nz,JP3600200004,TOHO GAS,JP,0.001077868885619122,16.164870913037554,41.29329684688016
2023,vw_nz,JP3436120004,SBI HDG.,JP,0.0010743093045769442,0.2064365006477955,0.2576692236541043
2023,vw_nz,JP3866800000,PANASONIC HOLDINGS,JP,0.0010718969691267902,6.361637914472136,17.84099007820225
2023,vw_nz,JP3657400002,NIKON,JP,0.0010417610445235643,7.55254462674182,9.3253461229123
2023,vw_nz,JP3385980002,J S R DEAD - DELIST.25/06/24,JP,0.0010077198125459765,10.986110002626972,7.2132775223664645
2023,vw_nz,JP3491000000,DAIDO STEEL,JP,0.0009779952377258292,82.10742694116946,225.9407013396375
2023,vw_nz,AU000000CIM7,CIMIC GROUP DEAD - DELIST.11/05/22,AU,0.0009649389576503942,14.553472876249668,23.63507445048452
2023,vw_nz,JP3358800005,SHIMIZU,JP,0.0009574306245895424,10.95805424406648,35.37521505512551
2023,vw_nz,JP3322930003,SUMCO,JP,0.0009528465290818907,25.033766475711424,15.933656700102642
2023,vw_nz,JP3732200005,NIPPON TELEVISION HDG.,JP,0.0009169919371675595,0.6913055204746131,1.0341232626308432
2023,vw_nz,JP3765400001,HOUSE SHOKUHIN GP.HONSHA K K,JP,0.0009040724971447885,26.579790290008514,26.058453974323953
2023,vw_nz,JP3870000001,MABUCHI MOTOR,JP,0.0008972725229753061,2.3998380990070456,1.5152926082277958
2023,vw_nz,JP3768600003,HASEKO,JP,0.0008900792081160899,4.471751499974002,10.034392658244053
2023,vw_nz,JP3676800000,NISSHIN SEIFUN,JP,0.0008719244072322885,13.760793311392328,22.03526172846717
2023,vw_nz,JP3635000007,TOYOTA TSUSHO,JP,0.0008662410121247965,6.298085691367878,31.568418200248225
2023,vw_nz,HK0004000045,WHARF HOLDINGS,HK,0.000863886695368025,7.230194026559046,2.1454455979975497
2023,vw_nz,JP3788600009,HITACHI,JP,0.0008259536059152666,5.705547477030776,9.571297670678211
2023,vw_nz,JP3885400006,MISUMI GROUP,JP,0.0008146999158701718,2.2064028595695127,0.8667670949478821
2023,vw_nz,AU000000BSL0,BLUESCOPE STEEL,AU,0.0007907000969719134,632.0423330219912,1342.4449218984157
2023,vw_nz,JP3209000003,CASIO COMPUTER,JP,0.0007637086898086013,1.6759920379484845,1.3082464982529916
2023,vw_nz,JP3982800009,ROHM,JP,0.0007430315192724964,44.244965575419386,20.275292321554875
2023,vw_nz,JP3274400005,GLORY,JP,0.0007375153368767316,9.417142023260118,16.26753335614095
2023,vw_nz,JP3404200002,SUMITOMO RUBBER INDS.,JP,0.000736280310872375,44.0579756213314,158.7742794090396
2023,vw_nz,JP3196000008,ODAKYU ELECTRIC RY.,JP,0.000729594870457316,25.16803594684213,15.937917924821894
2023,vw_nz,AU000000MTS0,METCASH,AU,0.0006914432322245496,1.1817227829361552,4.612160060263233
2023,vw_nz,JP3982100004,LAWSON DEAD - DELIST.24/07/24,JP,0.000687093387132717,0.6045313419977202,1.0793064326663386
2023,vw_nz,AU000000COH5,COCHLEAR,AU,0.0006779253928787262,0.7502858621898518,0.09036230747452148
2023,vw_nz,JP3131430005,AEON MALL DEAD - DELIST.27/06/25,JP,0.0006745881912156772,4.8532629050511895,4.457980886792924
2023,vw_nz,BMG2108M2182,CHINESE ESTATES HDG.,HK,0.0006632515444568567,0.005472495238929142,0.0016378674965195318
2023,vw_nz,JP3351100007,SYSMEX,JP,0.000641794286112421,4.449044979062195,0.9866214247671183
2023,vw_nz,JP3249600002,KYOCERA,JP,0.0006365067744375192,7.839379790128732,6.410035406421633
2023,vw_nz,JP3421100003,JAPAN PETROLEUM EXP.,JP,0.0006314839917703787,91.9889884517787,123.34310983789192
2023,vw_nz,JP3830800003,BRIDGESTONE,JP,0.0006268905292309997,49.326018962524856,59.031689798579634
2023,vw_nz,JP3368000000,RESONAC HOLDINGS,JP,0.0006031308727053733,303.51140196083855,1045.7267197153792
2023,vw_nz,JP3684000007,NITTO DENKO,JP,0.0006023250389693419,40.642259987409595,31.3520128298537
2023,vw_nz,JP3977400005,RINNAI,JP,0.0005978941620152815,11.616397062910911,9.449945785949568
2023,vw_nz,HK0308001558,CTII.INTL.INV.HK.,HK,0.0005934115830555589,67.84302567697246,22.246511904055097
2023,vw_nz,JP3407200009,OSAKA TITANIUM,JP,0.000588408904621109,168.9998373719304,50.85145530348999
2023,vw_nz,JP3166000004,EBARA,JP,0.0005796278562328174,16.217443482209465,22.163006334496462
2023,vw_nz,JP3635400009,TOYOTA BOSHOKU,JP,0.0005716634704512065,5.454791103669175,23.861822960668356
2023,vw_nz,JP3546800008,TERUMO,JP,0.000547806476924334,10.806362087159325,3.065919926653158
2023,vw_nz,HK0165000859,CHINA EVERBRIGHT,HK,0.0005449192852652959,0.018635855385762207,0.006288517167651868
2023,vw_nz,JP3326410002,SANKYO,JP,0.0005389624040366906,0.8636029623652816,0.3576263159268637
2023,vw_nz,AU000000SUN6,SUNCORP GROUP,AU,0.0005378275212228459,0.14822497522899572,0.16381105376367427
2023,vw_nz,AU0000088338,AMPOL,AU,0.0005316383185401367,25.010778159335384,131.5051873841587
2023,vw_nz,JP3820000002,FUJI ELECTRIC,JP,0.0005290485953094928,18.23143796180638,22.905834492602057
2023,vw_nz,JP3494600004,SCREEN HOLDINGS,JP,0.0005013601082019684,2.7627389521414325,2.382513342754605
2023,vw_nz,HK0010000088,HANG LUNG GROUP,HK,0.0004999184516884019,2.891507540569987,1.538678658748231
2023,vw_nz,JP3102000001,AISIN,JP,0.0004773088017966518,16.06784566511412,61.69917288804073
2023,vw_nz,AU000000CGF5,CHALLENGER,AU,0.0004750909162938483,0.026695590714523928,0.009948093187123917
2023,vw_nz,SG1N31909426,COMFORTDELGRO CORPORATION,SG,0.0004745730192720355,289.18089152930884,423.8935584175793
2023,vw_nz,JP3814800003,SUBARU,JP,0.0004659896500635019,5.869678093817494,12.694645300822408
2023,vw_nz,AU000000SHL7,SONIC HEALTHCARE,AU,0.00046306352701376753,5.279191477929981,3.029678790477433
2023,vw_nz,HK0019000162,SWIRE PACIFIC 'A',HK,0.00044186333571249537,9.462171871233949,14.684503443516057
2023,vw_nz,JP3111200006,ASAHI KASEI,JP,0.0003748131363830665,136.88121142340023,271.9575413713386
2023,vw_nz,KYG217651051,CK HUTCHISON HOLDINGS,HK,0.00037280009467138917,225.15073437653206,306.17057996179466
2023,vw_nz,JP3385820000,GS YUASA,JP,0.00037103993003562293,16.857291862192465,46.0917840742689
2023,vw_nz,JP3711600001,NIPPON SANSO HOLDINGS,JP,0.0003692026112274275,124.3722331265612,156.0097707660603
2023,vw_nz,BMG8403G1033,SINOFERT HOLDINGS,HK,0.00035954317359796764,490.40352504774256,1728.393479227183
2023,vw_nz,JP3164800009,NOK,JP,0.00035720617553746444,6.988994305224076,23.725514052804478
2023,vw_nz,JP3409000001,SUMITOMO REAL.&DEV.,JP,0.00035587748364171814,6.108078280575964,3.851446218054879
2023,vw_nz,SG1V61937297,SINGAPORE AIRLINES,SG,0.00034921520827958964,1263.2430647324663,939.9422437925348
2023,vw_nz,JP3224200000,KAWASAKI HEAVY INDUSTRY,JP,0.0003272409610785285,10.585453718096492,36.051751094846246
2023,vw_nz,JP3967200001,RAKUTEN GROUP,JP,0.0003267552097147516,0.19919799994818588,0.3619282024474623
2023,vw_nz,AU000000ILU1,ILUKA RESOURCES,AU,0.00032214539686933126,396.5837888077765,133.4344378413012
2023,vw_nz,HK0000745908,YUEXIU PROPERTY COMPANY,HK,0.000312587731185763,0.18000163415940992,0.4353376986827341
2023,vw_nz,JP3271400008,CREDIT SAISON,JP,0.00031211521162738507,0.11777776094145068,0.14170409533122297
2023,vw_nz,AU000000AMP6,AMP,AU,0.00030845766253099983,0.01676362665540813,0.009389573400381842
2023,vw_nz,AU000000SIG5,SIGMA HEALTHCARE,AU,0.0002875057862618646,0.001260890143543176,0.00678477954499698
2023,vw_nz,JP3931600005,YAKULT HONSHA,JP,0.00028294022063572304,71.0486496842322,21.31481785803059
2023,vw_nz,AU000000QAN2,QANTAS AIRWAYS,AU,0.0002770152607500936,858.1881608773666,1191.557090795872
2023,vw_nz,KYG0535Q1331,ASMPT,HK,0.00027447524250735436,0.7290111611608774,0.48053820278712156
2023,vw_nz,AU000000BPT9,BEACH ENERGY,AU,0.00026980996411407046,421.22320937328067,228.54665264514813
2023,vw_nz,JP3940000007,YAMATO HDG.,JP,0.0002641188977348008,46.59987655081624,99.8871694215502
2023,vw_nz,HK0363006039,SHANGHAI INDUSTRIAL HOLDINGS,HK,0.0002489250950884523,107.13040748194744,283.91550257569634
2023,vw_nz,JP3203500008,ONWARD HOLDINGS,JP,0.00024876106638050316,0.9072527239655994,3.0013875027384924
2023,vw_nz,HK0023000190,BANK OF EAST ASIA,HK,0.00023042873569738533,0.8624810464907097,0.9530444055498244
2023,vw_nz,JP3539220008,T & D HOLDINGS,JP,0.00023013749657921972,0.08196249411724703,0.18151421576125268
2023,vw_nz,JP3108600002,ACOM,JP,0.0002272272956949699,0.5688008219720176,0.3103957871512275
2023,vw_nz,AU000000CSR5,CSR DEAD - DEAD.10/07/24,AU,0.0002195966282704426,155.47276228776153,153.3197317910758
2023,vw_nz,JP3263000006,KINDEN,JP,0.0002115620901009657,3.2669726586299843,6.5676944660409236
2023,vw_nz,AU000000LLC3,LENDLEASE GROUP STAPLED UNITS,AU,0.00021052480301246535,3.72361639464965,6.126082760651188
2023,vw_nz,JP3407400005,SUMITOMO ELECTRIC IND.,JP,0.00019807361811782716,10.196112359419846,31.781062862942342
2023,vw_nz,JP3293200006,COCA-COLA BOTTLERS JAPAN HOLDINGS,JP,0.00019367068389335284,30.6576571949329,90.3677142656261
2023,vw_nz,JP3726200003,NIPPON SODA,JP,0.00019351834992026136,36.488344790445254,54.08120281261139
2023,vw_nz,JP3734800000,NIDEC,JP,0.0001777256863908627,16.378165094924245,8.461772741389321
2023,vw_nz,JP3756100008,NITORI HOLDINGS,JP,0.00015615187259439433,5.062038727910633,2.0816282982264167
2023,vw_nz,JP3711200000,AOZORA BANK,JP,0.00015533492622987768,0.08843547630846961,0.04494362966449156
2023,vw_nz,JP3762800005,NOMURA RESEARCH INST.,JP,0.00015086596762591212,0.18888673558010327,0.06677836461120634
2023,vw_nz,JP3870400003,MARUI GROUP,JP,0.00014999024587430268,5.998209436235205,2.8783267128666337
2023,vw_nz,NZCENE0001S6,CONTACT ENERGY,NZ,0.00014985592158681967,360.78704068455,132.4
2023,vw_nz,BMG4600H1198,HOPSON DEVELOPMENT HOLDINGS,HK,0.00014977002222859952,0.8636003530372919,0.876079042706299
2023,vw_nz,JP3411000007,SURUGA BANK,JP,0.00013840654358181366,0.22435589930552993,0.2025802324341614
2023,vw_nz,JP3919800007,MEIDENSHA,JP,0.0001368040218843858,9.789965297609358,30.592927012791574
2023,vw_nz,AU000000WOR2,WORLEY,AU,0.00013650124153702576,3.0151186587028507,3.9362557103378264
2023,vw_nz,JP3663900003,SOJITZ,JP,0.0001283086678409837,38.93227636224332,153.8346391229026
2023,vw_nz,JP3495000006,SUMITOMO PHARMA,JP,0.0001161884827233072,6.074353368069493,10.453894901336177
2023,vw_nz,JP3358000002,SHIMANO,JP,0.00011519692287771926,2.114230510738968,0.6192302195827669
2023,vw_nz,JP3811000003,FUJIKURA,JP,0.00010444630235429627,3.6034472805029956,10.040761054788856
2023,vw_nz,JP3574200006,TOKYU,JP,9.618428996571257e-05,20.494120623817174,18.110948860697878
2023,vw_nz,AU000000IAG3,INSURANCE AUS.GROUP,AU,9.390901117111058e-05,0.8564682949678637,0.6681329033746838
2023,vw_nz,JP3305800009,KOMORI,JP,9.38368113156638e-05,6.921921070537536,13.605461131234328
2023,vw_nz,JP3634200004,TOYODA GOSEI,JP,9.244056641491233e-05,14.637028567427706,49.21656679689129
2023,vw_nz,JP3942800008,YAMAHA MOTOR,JP,9.202688876695623e-05,8.277684895553465,16.659636993015916
2023,vw_nz,JP3269600007,KURARAY,JP,9.045328789818315e-05,296.72341303899094,602.9103877872706
2023,vw_nz,BMG2178K1009,CKI HOLDINGS,HK,8.691636157461645e-05,8343.966027227063,491.1730715279688
2023,vw_nz,JP3566800003,CENTRAL JAPAN RAILWAY,JP,7.401111179668041e-05,7.18987123345684,2.8670338354411418
2023,vw_nz,JP3419400001,SEKISUI CHEMICAL,JP,7.342958352668809e-05,19.49604292882693,29.08998137930069
2023,vw_nz,AU000000CWY3,CLEANAWAY WASTE MANAGEMENT,AU,6.93425398898489e-05,466.3616587327558,257.70088955708655
2023,vw_nz,JP3862400003,MAKITA,JP,6.289099012022545e-05,3.5560224324682244,2.840201034368808
2023,vw_nz,JP3229400001,KANSAI PAINT,JP,6.213271263477772e-05,18.36681501083141,18.643216881295423
2023,vw_nz,JP3131400008,AEON FINANCIAL SERVICE,JP,6.212998878652517e-05,0.7881336468498584,1.278358849982315
2023,vw_nz,JP3122800000,AMADA,JP,6.20569827885049e-05,2.619308031711379,2.26155174355317
2023,vw_nz,JP3419050004,SEGA SAMMY HDG.,JP,6.146630673911696e-05,2.3863905086544506,1.7289064275099828
2023,vw_nz,JP3625000009,TOKUYAMA,JP,6.0074821067440296e-05,2451.399084760839,5999.852651354687
2023,vw_nz,JP3742600004,NHK SPRING,JP,5.893971177194838e-05,8.234572719511686,25.274641305817283
2023,vw_nz,JP3629000005,TOPPAN HOLDINGS,JP,5.2194896095410204e-05,23.680580641511007,54.25277900933192
2023,vw_nz,HK0016000132,SUN HUNG KAI PROPERTIES,HK,5.010527472888177e-05,2.4339193313741365,0.4920149964610517
2023,vw_nz,JP3421800008,SECOM,JP,4.8222184168908145e-05,6.719009663386614,4.109927310669652
2023,vw_nz,HK0002007356,CLP HOLDINGS,HK,4.692514034973174e-05,2973.187555757492,2030.187623319149
2023,vw_nz,AU000000MND5,MONADELPHOUS GROUP,AU,4.514314299541829e-05,7.552839036953406,10.001306648663952
2023,vw_nz,JP3173400007,OBIC,JP,4.348149633163285e-05,0.2862219103531873,0.013481266940889304
2023,vw_nz,JP3888400003,MITSUI KINZOKU LIMITED,JP,4.089941212648752e-05,154.16726417694866,531.4108892849806
2023,vw_nz,JP3027680002,JAPAN REAL ESTATE INV.,JP,3.874523058322046e-05,4.825109279629377,0.4593268923113461
2023,vw_nz,NZFBUE0001S0,FLETCHER BUILDING,NZ,3.607046860187782e-05,136.19184691824984,283.95002773379963
2023,vw_nz,JP3039710003,JAPAN METROPOLITAN FUND INVESTMENT REIT,JP,3.577734755515199e-05,8.708318471157426,1.0110315915446966
2023,vw_nz,JP3841800000,HOKUETSU,JP,3.343662980648652e-05,315.85096003737647,582.478836045161
2023,vw_nz,JP3538800008,TDK,JP,3.210466488258196e-05,8.474797105771374,10.316596503001577
2023,vw_nz,JP3172100004,OKUMA,JP,3.205086263764347e-05,5.073153696500349,6.464804402080765
2023,vw_nz,JP3174410005,OJI HOLDINGS,JP,3.121687706356678e-05,488.6779676342297,1508.2874490873432
2023,vw_nz,JP3613400005,TOYO SEIKAN GROUP HDG.,JP,3.0493664093343817e-05,56.57442030489395,149.66892003678237
2023,vw_nz,JP3902000003,MITSUBISHI LOGISTICS,JP,2.7835880489480717e-05,8.574555479653815,10.433556393097966
2023,vw_nz,JP3347200002,SHIONOGI,JP,2.7556267893672017e-05,11.705114622482048,2.753070056370866
2023,vw_nz,AU000000SBM8,ST BARBARA,AU,2.7465460742383897e-05,299.1707811245933,337.7670106454844
2023,vw_nz,JP3292200007,JTEKT,JP,2.739369545038735e-05,8.41351753978358,42.899681362516354
2023,vw_nz,US89677Q1076,TRIP COM GROUP ADR 1:1,SG,2.596413486742958e-05,0.008407385585571043,0.0010617649931834686
2023,vw_nz,JP3320800000,SAPPORO HOLDINGS,JP,2.475474716712043e-05,32.057990866231926,61.01857319452816
2023,vw_nz,JP3493800001,DAI NIPPON PRINTING,JP,2.334060312686657e-05,30.170845939765456,43.090140277871
2023,vw_nz,JP3933800009,LY,JP,2.2872757615022578e-05,0.2844240689538803,0.16379861844895377
2023,vw_nz,SG1T58930911,FRASER AND NEAVE,SG,2.241476630205177e-05,32.46653582519928,36.33346976961759
2023,vw_nz,JP3827200001,FURUKAWA ELECTRIC,JP,2.196326623095455e-05,18.7629739820962,112.43064243137832
2023,vw_nz,BMG684371393,PACIFIC BASIN SHIP.,HK,2.0971387038631558e-05,875.5739280320943,1470.106134491661
2023,vw_nz,AU000000ABC7,ADBRI DEAD - DELIST.02/07/24,AU,1.9806018493812794e-05,1488.5414666128038,2073.8703203930527
2023,vw_nz,JP3792600003,HINO MOTORS,JP,1.9339028477098493e-05,11.807176487428308,54.48278857124809
2023,vw_nz,JP3678000005,NISSHINBO HOLDINGS,JP,1.3868255836499236e-05,27.192369219133674,87.25571592796014
2023,vw_nz,JP3381000003,NIPPON STEEL,JP,1.3465763344204928e-05,1039.9250659550285,3165.6263199887358
2023,vw_nz,JP3796150005,HIROGIN HOLDINGS,JP,1.0260555193620646e-05,1.16122710907778,0.8515720995216027
2023,vw_nz,JP3619800000,TOYOBO,JP,5.9038135168161396e-06,228.59050835703783,1009.4422547991039
2023,vw_nz,JP3156400008,USHIO,JP,5.719034621217069e-06,3.0529154115494044,2.3708731505462772
2023,vw_nz,JP3289800009,KOBE STEEL,JP,5.507688396503446e-06,792.2237045727744,6901.473253269984
2023,vw_nz,SG1R89002252,CITY DEVELOPMENTS,SG,5.354623901511367e-06,0.034958756612369364,0.015255159884476835
2023,vw_nz,BMG524401079,KERRY PROPERTIES,HK,5.256220235025636e-06,2.6159971964164006,1.2766738802544428
2023,vw_nz,JP3522200009,CHUGOKU ELEC.POWER,JP,5.048292980438785e-06,1620.8511607951582,9439.298314858223
2023,vw_nz,HK0000608585,NEW WORLD DEVELOPMENT COMPANY,HK,4.251653169911226e-06,0.8639863278255282,1.035378886219293
2023,vw_nz,JP3733400000,NIPPON ELEC.GLASS,JP,4.037282419813163e-06,214.76023779455872,294.9580105815507
2023,vw_nz,JP3743000006,NH FOODS,JP,3.9631224688265025e-06,51.78085942120208,166.55105101609863
2023,vw_nz,AU000000ORI1,ORICA,AU,3.5247117390247145e-06,286.80443725736416,306.539726149365
2023,vw_nz,JP3955000009,YOKOGAWA ELECTRIC,JP,2.5605929432463795e-06,4.632167104751087,3.2722401769008336
2023,vw_nz,JP3670800006,NISSAN CHEMICAL,JP,2.4789679393078916e-06,130.98427499739935,34.95477893101701
2023,vw_nz,JP3598600009,TOHO,JP,1.827034568948973e-06,3.2397233357334065,0.8749413597586049
2023,vw_nz,JP3359600008,SHARP,JP,1.6736595902398811e-06,16.545289556063388,60.27848294902006
2023,vw_nz,JP3260800002,KINTETSU GROUP HDG.,JP,1.3220880020751406e-06,7.625576709354283,12.472425431584387
2024,vw_nz,JP3633400001,TOYOTA MOTOR,JP,0.0283868920955892,8.68325956389896,7.8824987927614405
2024,vw_nz,AU000000CBA7,COMMONWEALTH BK.OF AUS.,AU,0.026305817775385616,0.19011187237641752,0.057407578781184423
2024,vw_nz,JP3613000003,TOYO SUISAN KAISHA,JP,0.020895392172340054,52.809914349908375,27.994488270812308
2024,vw_nz,JP3756600007,NINTENDO,JP,0.020717788883293023,0.14581276563702686,0.022536092297360037
2024,vw_nz,JP3814000000,FUJIFILM HOLDINGS,JP,0.017133710504087688,28.58579472850527,21.19248573930156
2024,vw_nz,AU000000BHP4,BHP GROUP,AU,0.016030740162396678,150.87613865715858,52.12413145782233
2024,vw_nz,JP3571400005,TOKYO ELECTRON,JP,0.015174582101973519,1.690806008834703,0.23494292732846062
2024,vw_nz,JP3931600005,YAKULT HONSHA,JP,0.013908066057261756,67.88962209609997,31.073466149220863
2024,vw_nz,JP3735400008,NTT,JP,0.013032612061807738,1.6746789260904795,1.3099475671653784
2024,vw_nz,JP3143600009,ITOCHU,JP,0.011640412080026592,11.372342811388137,14.736570255814494
2024,vw_nz,JP3854600008,HONDA MOTOR,JP,0.011457542936828975,8.184643664059664,17.85570653361996
2024,vw_nz,JP3672400003,NISSAN MOTOR,JP,0.011254114843991525,5.583505849967185,29.58731459897021
2024,vw_nz,JP3898400001,MITSUBISHI,JP,0.01121469548975759,152.3072139013388,286.3101184559599
2024,vw_nz,JP3198900007,ORIENTAL LAND,JP,0.010509655328892588,17.698023021999873,1.074674079927681
2024,vw_nz,JP3266400005,KUBOTA,JP,0.010484616048131118,11.927525995993824,13.602875524732324
2024,vw_nz,JP3122400009,ADVANTEST,JP,0.010390591853077037,0.7381710324423192,0.07820600470749693
2024,vw_nz,JP3890350006,SUMITOMO MITSUI FINL.GP.,JP,0.010343889186213944,0.2511931809310805,0.205733927636997
2024,vw_nz,JP3388200002,AEON,JP,0.010004360032991795,3.163423347206912,9.64443695920979
2024,vw_nz,JP3837800006,HOYA,JP,0.009968397576139121,2.1701303261903164,0.25464029858658427
2024,vw_nz,JP3526600006,CHUBU ELEC.POWER,JP,0.009895178201830074,7.662967956379934,19.980279464168863
2024,vw_nz,AU000000MQG1,MACQUARIE GROUP,AU,0.009834803871997052,0.02048108822291449,0.008162583674291256
2024,vw_nz,JP3814800003,SUBARU,JP,0.009813085703711416,5.132377246189555,10.378211553396232
2024,vw_nz,JP3435000009,SONY GROUP,JP,0.00967375910572511,2.8403204824349157,1.9572985673792722
2024,vw_nz,SG1L01001701,DBS GROUP HOLDINGS,SG,0.009626904394012377,0.049656529604459,0.02093218086112738
2024,vw_nz,AU000000STO6,SANTOS,AU,0.009626525334781972,749.158841415728,265.4565673596039
2024,vw_nz,JP3496400007,KDDI,JP,0.009505625915026957,0.7325894256003673,0.3718701279676889
2024,vw_nz,AU000000ANZ3,ANZ GROUP HOLDINGS,AU,0.009401989487520057,0.16711811652104513,0.11147848575618169
2024,vw_nz,AU000000CGF5,CHALLENGER,AU,0.009378475051273935,0.0015499186025506315,0.0009921585264051017
2024,vw_nz,JP3914400001,MURATA MANUFACTURING,JP,0.009254974480703579,18.100520264646313,4.651222699111688
2024,vw_nz,AU000000NAB4,NATIONAL AUS.BANK,AU,0.00916208678105985,0.21661545709016042,0.11169126353777381
2024,vw_nz,JP3551500006,DENSO,JP,0.00910647157680898,11.348478714564271,10.958998866296595
2024,vw_nz,JP3688370000,NIPPON EXPRESS HOLDINGS,JP,0.008815418591451966,35.030922570138664,99.7044676648422
2024,vw_nz,JP3200450009,ORIX,JP,0.008676812455272038,54.29913554841451,42.85810642828575
2024,vw_nz,JP3249600002,KYOCERA,JP,0.008496959797235621,8.611914046141104,5.439282536852183
2024,vw_nz,JP3201200007,OLYMPUS,JP,0.008397393809088044,4.105339466174771,1.373209184178941
2024,vw_nz,JP3726800000,JAPAN TOBACCO,JP,0.00832754226151834,16.713454211072094,6.078365174104236
2024,vw_nz,JP3397200001,SUZUKI MOTOR,JP,0.008167115999683868,11.975402523217312,17.845018193213672
2024,vw_nz,JP3902900004,MITSUBISHI UFJ FINL.GP.,JP,0.008044113629455663,0.3842093219010886,0.23676124022347622
2024,vw_nz,AU000000WBC1,WESTPAC BANKING,AU,0.007953928648928282,0.20387240361396555,0.11406687575891268
2024,vw_nz,JP3906000009,MINEBEA MITSUMI,JP,0.0077121063019135,10.529406918731544,11.075322988737376
2024,vw_nz,JP3475350009,DAIICHI SANKYO,JP,0.0072060624975461215,8.40673094683883,1.4425669009544007
2024,vw_nz,AU000000QBE9,QBE INSURANCE GROUP,AU,0.007129833613096025,0.3791129608325802,0.49158261551652027
2024,vw_nz,JP3877600001,MARUBENI,JP,0.007048394660156144,19.4177342233685,34.14911627813233
2024,vw_nz,JP3404600003,SUMITOMO,JP,0.007043676438700976,98.59899963152705,163.48791542802616
2024,vw_nz,HK0688002218,CHINA OVERSEAS LAND INVESTMENT,HK,0.007030242285926526,0.2851904465602999,0.4958964899617718
2024,vw_nz,AU000000ELD6,ELDERS,AU,0.006898784822519218,26.422330540999642,61.688591761915035
2024,vw_nz,JP3519400000,CHUGAI PHARM.,JP,0.00686536570374396,6.823104124814123,0.8708454009749015
2024,vw_nz,SG1M31001969,UNITED OVERSEAS BANK,SG,0.0068497039345142815,0.2528238691113975,0.14189259120354966
2024,vw_nz,JP3935600001,YAMAZAKI BAKING,JP,0.006691404768838892,46.66695759941134,70.31146076810519
2024,vw_nz,KYG2108Y1052,CHINA RESOURCES LAND,HK,0.00663851962114713,0.9837716412141607,1.6292527085970918
2024,vw_nz,JP3134800006,IHI,JP,0.0064733142866989285,7.573267076417063,22.58623563897031
2024,vw_nz,AU000000WOW2,WOOLWORTHS GROUP,AU,0.006404203498794714,10.80108844362592,15.956120814217831
2024,vw_nz,HK0004000045,WHARF HOLDINGS,HK,0.0062953189081221455,6.999303824918776,1.8159742780696562
2024,vw_nz,NZAIAE0002S6,AUCKLAND INTL.AIRPORT,NZ,0.006262595704736448,4.361863401576867,0.2701541830029412
2024,vw_nz,JP3900000005,MITSUBISHI HEAVY INDS.,JP,0.006158900004091085,4.226533271597552,5.734857531023801
2024,vw_nz,AU000000GMG2,GOODMAN GROUP,AU,0.006082238660878195,2.8839716539022677,0.1143908887252975
2024,vw_nz,JP3670800006,NISSAN CHEMICAL,JP,0.005997574358898715,119.32838140845443,31.783915392760186
2024,vw_nz,JP3711600001,NIPPON SANSO HOLDINGS,JP,0.00590912304369226,126.75128926470289,93.39260509965835
2024,vw_nz,SG1S04926220,OVERSEA-CHINESE BKG.,SG,0.0058522684951425215,0.007174201181232225,0.003019118568333975
2024,vw_nz,JP3820000002,FUJI ELECTRIC,JP,0.005803222461334118,18.46616944133581,16.743172450936147
2024,vw_nz,JP3910660004,TOKIO MARINE HOLDINGS,JP,0.005798668259936075,0.296885543734972,0.26693110758757277
2024,vw_nz,JP3152740001,ABC-MART,JP,0.005794675114150905,0.05418542429852083,0.027855662005790323
2024,vw_nz,JP3788600009,HITACHI,JP,0.005791187564253606,5.936434822717056,5.346166985387321
2024,vw_nz,JP3371200001,SHIN-ETSU CHEMICAL,JP,0.005731130917211811,134.6385950600727,27.957932414878258
2024,vw_nz,SG1J26887955,SINGAPORE EXCHANGE,SG,0.005730041097943303,0.03535044442136846,0.004201923430450288
2024,vw_nz,JP3027680002,JAPAN REAL ESTATE INV.,JP,0.005638805351249888,5.189335612815843,0.4869633376492802
2024,vw_nz,HK2388011192,BOC HONG KONG HOLDINGS,HK,0.005482060416807556,0.026533192562001966,0.02058109548752515
2024,vw_nz,JP3148800000,IBIDEN,JP,0.005478851970607232,63.42725885676062,23.248516659059792
2024,vw_nz,JP3902400005,MITSUBISHI ELECTRIC,JP,0.005338655447978684,6.6454874413919125,7.463426816475292
2024,vw_nz,JP3027670003,NIPPON BUILDING FUND,JP,0.005333220955300815,6.1221219585763125,0.5680426797271296
2024,vw_nz,AU000000WES1,WESFARMERS,AU,0.005293435387276639,29.154765481424313,19.069622623733597
2024,vw_nz,JP3436100006,SOFTBANK GROUP,JP,0.005282990843197571,0.16554971716837139,0.11679762986882644
2024,vw_nz,JP3893600001,MITSUI,JP,0.004923607018596545,29.467697062374555,43.9231483153299
2024,vw_nz,JP3463000004,TAKEDA PHARMACEUTICAL,JP,0.004783894165879415,9.922485825248877,6.10940164651659
2024,vw_nz,IE00BKVD2N49,SEAGATE TECHNOLOGY HOLDINGS,SG,0.004766677095742019,42.36037706691393,14.94920474947045
2024,vw_nz,JP3194000000,OKI ELECTRIC IND.,JP,0.004691393113797662,3.008884008635869,13.253051474197456
2024,vw_nz,JP3539220008,T & D HOLDINGS,JP,0.004688070602872833,0.07639756645755359,0.19371022545946046
2024,vw_nz,AU000000CSL8,CSL,AU,0.004557834486031379,8.101288183683304,1.1968877106429692
2024,vw_nz,AU000000IAG3,INSURANCE AUS.GROUP,AU,0.004548940981679912,0.7488270424018107,0.7530961024763584
2024,vw_nz,HK0270001396,GUANGDONG INVESTMENT,HK,0.004535235002953432,915.6258747168026,770.2747599578091
2024,vw_nz,HK0823032773,LINK REAL ESTATE INVESTMENT TRUST,HK,0.004407106230716163,5.27434845571533,0.6647129152834377
2024,vw_nz,HK0008011667,PCCW,HK,0.0043296109540209805,1.1785216133510878,1.366564130198861
2024,vw_nz,SG9999003735,XP POWER (DI),SG,0.004298248636285352,1.483611795855017,1.3478020458943876
2024,vw_nz,AU000000JBH7,JB HI-FI,AU,0.004266283625697299,0.04608588546969503,0.07094877315314913
2024,vw_nz,JP3967200001,RAKUTEN GROUP,JP,0.004260481814909641,0.21410339354236677,0.32751271014303907
2024,vw_nz,AU000000SXL4,SOUTHERN CROSS MEDIA GROUP,AU,0.004192779806208759,1.1455406598699525,2.348971193415638
2024,vw_nz,JP3753000003,NIPPON YUSEN KK,JP,0.004136871290736661,719.2608047464832,664.0672218498912
2024,vw_nz,HK0000139300,TELEVISION BROADCASTS,HK,0.004085437534317079,0.8568328696970124,2.1442369986453857
2024,vw_nz,JP3573000001,TOKYO GAS,JP,0.004085355067856907,239.67759851146627,463.35344997616335
2024,vw_nz,JP3802300008,FAST RETAILING,JP,0.004061020243508948,0.45398341685643534,0.10514133948626213
2024,vw_nz,BMG668971101,CTF SERVICES,HK,0.004060095387930394,8.91324242355486,8.194365576943134
2024,vw_nz,AU000000BOQ8,BANK OF QLND.,AU,0.004041235377872207,0.11931450904443994,0.12711847984900804
2024,vw_nz,JP3511800009,CHIBA BANK,JP,0.00399911337738478,1.287386030137835,0.4362112036525596
2024,vw_nz,JP3260800002,KINTETSU GROUP HDG.,JP,0.003950604105635399,11.31438151365944,21.62668582516054
2024,vw_nz,JP3362700001,MITSUI OSK LINES,JP,0.0038573001834394864,1016.3074559441026,847.5181024112962
2024,vw_nz,JP3726200003,NIPPON SODA,JP,0.0038045013077120477,44.7585349194988,42.26353994214711
2024,vw_nz,KYG0535Q1331,ASMPT,HK,0.0037167481555878935,0.5852779192199415,0.24343392318110596
2024,vw_nz,JP3766550002,HAKUHODO DY HDG.,JP,0.0036856964603739564,0.05347976167489089,0.11414105696283913
2024,vw_nz,JP3292200007,JTEKT,JP,0.0036587657123689147,8.426852850295528,34.242924474968746
2024,vw_nz,AU000000ASX7,ASX,AU,0.0036469933287773364,0.05006309422316066,0.004098681791606141
2024,vw_nz,JP3893200000,MITSUI FUDOSAN,JP,0.003637225701241883,11.77688203122596,8.029541806715978
2024,vw_nz,AU000000FLT9,FLIGHT CENTRE TRAVEL GP.,AU,0.003631624222198024,12.100298039253193,6.557881573917494
2024,vw_nz,SG1M77906915,CAPITALAND ASCENDAS REIT,SG,0.0036313101036290455,3.198597441122047,0.3783652576801546
2024,vw_nz,JP3783420007,HIKARI TSUSHIN,JP,0.003466476438979891,0.26347084343663524,0.14025406094051676
2024,vw_nz,JP3165700000,NTT DATA GROUP DEAD - DELIST.26/09/25,JP,0.0034616647359183563,1.3749714134926783,1.9580933235396452
2024,vw_nz,JP3634600005,TOYOTA INDS.,JP,0.003457093043126766,12.71875802326177,11.177779628283046
2024,vw_nz,AU000000IGO4,IGO,AU,0.003275360406004741,185.05540805629303,30.853263754004843
2024,vw_nz,JP3659000008,WEST JAPAN RAILWAY,JP,0.0032256487436347924,12.926968435171673,13.220282648619618
2024,vw_nz,HK0392044647,BEIJING ENTERPRISES HOLDINGS,HK,0.003154160210743492,67.00961954835415,156.03934755532353
2024,vw_nz,JP3756100008,NITORI HOLDINGS,JP,0.0031482024180767443,4.07712930157943,1.7841455333138698
2024,vw_nz,JP3505000004,DAIWA HOUSE INDUSTRY,JP,0.00296471538389291,19.357459599963747,34.72259210617758
2024,vw_nz,HK0003000038,HONG KONG AND CHINA GAS,HK,0.002926547038623219,223.46650912369284,122.9321275715317
2024,vw_nz,JP3771800004,HAMAMATSU PHOTONICS,JP,0.0028659302029681055,3.8889900768353804,0.8844954770291998
2024,vw_nz,JP3375800004,SHINKO ELEC.INDS. DEAD - DELIST.06/06/25,JP,0.002865872373689913,32.22299720302383,9.259682915027625
2024,vw_nz,HK0242001243,SHUN TAK HOLDINGS,HK,0.002835232427365843,237.42875541843276,400.0971785818406
2024,vw_nz,JP3305530002,COMSYS HOLDINGS,JP,0.0027674777042453152,16.359284107660198,22.70845488179376
2024,vw_nz,JP3502200003,DAIWA SECURITIES GROUP,JP,0.0027553787189801443,0.11367038607790644,0.08687754956523697
2024,vw_nz,AU0000088338,AMPOL,AU,0.002751552370472117,29.50093508181021,127.23189249060624
2024,vw_nz,JP3210200006,KAJIMA,JP,0.002666076807548306,15.260122585522005,28.63839743332326
2024,vw_nz,US89677Q1076,TRIP COM GROUP ADR 1:1,SG,0.002617763772744563,0.5147063857183863,0.1356619805306385
2024,vw_nz,HK0388045442,HONG KONG EXCHANGES AND CLEARING,HK,0.00261251042595061,0.03016046877411267,0.001585622421546706
2024,vw_nz,AU000000MGR9,MIRVAC GROUP STAPLED UNITS,AU,0.002601453163742932,6.903606040059091,1.9277806674789826
2024,vw_nz,JP3684000007,NITTO DENKO,JP,0.0025835477800542454,48.47524391098939,23.375012031256194
2024,vw_nz,JP3162600005,SMC,JP,0.002575988097385574,10.195990309702825,1.4345649589212943
2024,vw_nz,JP3732200005,NIPPON TELEVISION HDG.,JP,0.002547462815255655,1.41494284363383,1.0336655910747645
2024,vw_nz,SG1R50925390,SEMBCORP INDUSTRIES,SG,0.0025106960526305364,1726.0008860671658,1172.3332461485472
2024,vw_nz,AU000000BEN6,BENDIGO & ADELAIDE BANK,AU,0.0025004370037080208,0.43363972167339576,0.34898994787273757
2024,vw_nz,HK0006000050,POWER ASSETS HOLDINGS,HK,0.0024977385716772414,37866.39227673032,495.8273000414504
2024,vw_nz,JP3982800009,ROHM,JP,0.0024736257509263017,56.683768595290104,24.17978844641338
2024,vw_nz,JP3452000007,TAIYO YUDEN,JP,0.002452418126516936,24.533092783213327,16.423991661665774
2024,vw_nz,AU000000TLS2,TELSTRA GROUP,AU,0.0024492510046593315,2.229433564432526,1.0792467172247997
2024,vw_nz,JP3326410002,SANKYO,JP,0.0024253807061313053,0.6937900227800574,0.24704536387007792
2024,vw_nz,JP3538800008,TDK,JP,0.0024250378003433577,9.475377959194095,6.542373196717258
2024,vw_nz,SG9999000020,FLEX,SG,0.0023662401216765654,2.847068763468298,7.914276358997557
2024,vw_nz,JP3711200000,AOZORA BANK,JP,0.002350163090832914,0.06428983753619687,0.05538518941734781
2024,vw_nz,JP3899600005,MITSUBISHI ESTATE,JP,0.0023486915994369723,9.867406133480547,5.117302923827356
2024,vw_nz,JP3276400003,GUNMA BANK,JP,0.002324038060386527,1.0247656645664656,0.6556754833353101
2024,vw_nz,HK0000055878,CHINA TAIPING INSURANCE HLDGS,HK,0.002275670809769753,0.7648172059319027,3.1807866970769574
2024,vw_nz,JP3626800001,LIXIL,JP,0.002164171949093588,42.147290400285215,112.22603644045418
2024,vw_nz,JP3102000001,AISIN,JP,0.0021189365788871774,15.824131570877123,50.2145290735423
2024,vw_nz,AU000000TCL6,TRANSURBAN GROUP STAPLED UNITS,AU,0.00207924293814875,2.191622602010431,0.22490479882095363
2024,vw_nz,SG1T75931496,SINGAPORE TELECOM,SG,0.0020497704607359358,0.7848293558075881,0.280344502249419
2024,vw_nz,SG1S83002349,UOL GROUP,SG,0.002019512074368996,1.0652655354561218,0.5453222218805416
2024,vw_nz,JP3223800008,KAWASAKI KISEN KAISHA,JP,0.00198587701146973,1045.355472992995,583.5966543164894
2024,vw_nz,JP3973400009,RICOH,JP,0.001940145633246136,6.944986258731364,22.392257303921163
2024,vw_nz,HK0308001558,CTII.INTL.INV.HK.,HK,0.0019339965370627804,48.51687579063127,30.062750679259928
2024,vw_nz,AU000000WOR2,WORLEY,AU,0.0018548743246223362,3.0627430971652467,4.727931354927304
2024,vw_nz,JP3351100007,SYSMEX,JP,0.0018070367141751178,4.710780091651314,1.2302377870738892
2024,vw_nz,JP3300600008,KONICA MINOLTA,JP,0.0017191588238448948,19.017914910100924,98.1744812960784
2024,vw_nz,JP3119600009,AJINOMOTO,JP,0.001698635450401505,81.23740997746677,36.353675418554644
2024,vw_nz,JP3885400006,MISUMI GROUP,JP,0.0016728349760221058,2.5182914235923417,1.2776238098485742
2024,vw_nz,JP3787000003,HITACHI CON.MCH.,JP,0.0015760614358115849,9.751447609847853,15.579817655566726
2024,vw_nz,JP3190000004,OBAYASHI,JP,0.0015716692319164567,14.51616227733481,32.79175135880515
2024,vw_nz,JP3351600006,SHISEIDO,JP,0.0015695258557343174,2.7161453623094105,1.6048784704090122
2024,vw_nz,JP3358000002,SHIMANO,JP,0.0015379567645611846,3.094415299289347,0.7731487772534944
2024,vw_nz,JP3868400007,MAZDA MOTOR,JP,0.0015281706152709827,3.5355104459497158,14.858032822986438
2024,vw_nz,HK0000049939,CHINA UNICOM (HONG KONG),HK,0.0014943748113819659,2.08914392313804,5.245008659032477
2024,vw_nz,AU000000ERA9,ENERGY RES.OF AUS.,AU,0.0014852934271618447,5109.006866220886,125.15555946439173
2024,vw_nz,JP3131430005,AEON MALL DEAD - DELIST.27/06/25,JP,0.0014852065868182446,5.0759474385696,5.0681701327943545
2024,vw_nz,JP3869010003,MATSUKIYOKARA,JP,0.0014687699197213236,0.2596517898751699,0.22489845146451728
2024,vw_nz,JP3277800003,KEIO,JP,0.0014582983278792583,33.78437566412835,23.423059454777825
2024,vw_nz,JP3271400008,CREDIT SAISON,JP,0.0014536126385879598,0.23494961372164208,0.18869585632116445
2024,vw_nz,KYG210961051,CHINA MENGNIU DAIRY,HK,0.0014274949562660493,19.9110982021821,31.296345376317404
2024,vw_nz,JP3118000003,ASICS,JP,0.0013378601672626852,0.8478318558654656,0.55448371990243
2024,vw_nz,JP3890310000,MS&AD INSURANCE GP.HDG.,JP,0.0013317810573596222,0.3687201644800836,0.7150422149658442
2024,vw_nz,JP3305800009,KOMORI,JP,0.0013149143131358548,6.69764154069318,9.709235301652363
2024,vw_nz,JP3762800005,NOMURA RESEARCH INST.,JP,0.0013114745033242677,0.20419348067390383,0.059570934387977156
2024,vw_nz,AU000000IRE2,IRESS,AU,0.0012974191143441483,0.11521923523845479,0.04644819543819425
2024,vw_nz,JP3942400007,ASTELLAS PHARMA,JP,0.0012781479093034143,5.488008503511811,2.7858965086558163
2024,vw_nz,JP3635000007,TOYOTA TSUSHO,JP,0.0012464149063902313,6.463649216554283,19.125514159705375
2024,vw_nz,BMG2108M2182,CHINESE ESTATES HDG.,HK,0.0012313425549194278,0.01659475605708596,0.004099368697220628
2024,vw_nz,AU000000PPT9,PERPETUAL,AU,0.001169839149753334,0.003604023531870981,0.0015897155998791815
2024,vw_nz,HK0066009694,MTR,HK,0.0011629246700355165,8.310321918271633,2.975233249265822
2024,vw_nz,JP3197600004,ONO PHARM.,JP,0.0011474220954300729,1.9945165678835202,0.7573608123429465
2024,vw_nz,JP3283650004,KOSE HOLDINGS,JP,0.001083578805054683,2.7194959315405063,1.4238829035334126
2024,vw_nz,JP3768600003,HASEKO,JP,0.0010526147630766723,7.106463460784021,13.376295393189933
2024,vw_nz,SG1U68934629,KEPPEL,SG,0.0010398044491016951,0.2549558365615534,0.1338210095950574
2024,vw_nz,JP3977400005,RINNAI,JP,0.0010237794833048628,12.274127338968066,10.692977023405835
2024,vw_nz,JP3242800005,CANON,JP,0.0010189479897667049,7.021399252609229,5.5581101437362905
2024,vw_nz,JP3596200000,TOTO,JP,0.0009938462942655562,29.916716952212184,30.134193333290593
2024,vw_nz,JP3678000005,NISSHINBO HOLDINGS,JP,0.0009886450092801418,24.464600572247008,63.831308077197995
2024,vw_nz,JP3597800006,TOBU RAILWAY,JP,0.0009839621837673437,30.22179719795739,23.330932641645322
2024,vw_nz,JP3196000008,ODAKYU ELECTRIC RY.,JP,0.0009811985614135656,27.853991320518897,13.37096572712411
2024,vw_nz,JP3116000005,ASAHI GROUP HOLDINGS,JP,0.0009592858864244389,24.77409111574891,24.62837675990738
2024,vw_nz,HK0023000190,BANK OF EAST ASIA,HK,0.0009475239072244651,0.3980875548893682,0.7467186123092621
2024,vw_nz,AU000000AMP6,AMP,AU,0.000909603542790062,0.014053484318203316,0.015078145388117262
2024,vw_nz,AU000000SUN6,SUNCORP GROUP,AU,0.0008967534666088942,0.18323874974940674,0.14415144291272355
2024,vw_nz,JP3598600009,TOHO,JP,0.0008736820407385375,3.073232882783071,0.9113219572773685
2024,vw_nz,JP3357200009,SHIMADZU,JP,0.0008658339710451118,0.765278073879082,0.31972823100364695
2024,vw_nz,JP3407200009,OSAKA TITANIUM,JP,0.000833696465483567,151.80073113437027,79.71300108026043
2024,vw_nz,JP3870000001,MABUCHI MOTOR,JP,0.0008249575668478852,2.43073766954582,1.288044362552166
2024,vw_nz,JP3951600000,UNI CHARM,JP,0.0008235994374893121,4.738770923405403,1.3758081730318745
2024,vw_nz,JP3548610009,DENA,JP,0.0008167597285597495,0.5363518381897587,0.4015351867380507
2024,vw_nz,JP3359600008,SHARP,JP,0.0008042524859524425,18.330314414826518,67.44531115545448
2024,vw_nz,JP3243600008,CANON MARKETING JAPAN,JP,0.0007909477043703522,1.3260960423416555,1.4048425962913804
2024,vw_nz,BMG677491539,ORIENT OVERSEAS (INTL.),HK,0.000775001504303394,828.5499538018892,726.1246709111697
2024,vw_nz,JP3818000006,FUJITSU,JP,0.0007735126411563763,2.5510504049692866,2.050913281297818
2024,vw_nz,AU000000ALL7,ARISTOCRAT LEISURE,AU,0.0007583695438697738,1.2662857332213486,0.27741968201095907
2024,vw_nz,BMG8403G1033,SINOFERT HOLDINGS,HK,0.0007408039846896277,566.7410891956519,2515.933522250817
2024,vw_nz,AU000000MAH3,MACMAHON HOLDINGS,AU,0.0007263167661990484,0.7274265860584708,3.636511552229092
2024,vw_nz,AU0000224040,WOODSIDE ENERGY GROUP,AU,0.0007244855896627301,718.2232936722069,245.77946222796396
2024,vw_nz,JP3229400001,KANSAI PAINT,JP,0.0007027517087305731,18.337312122856584,17.16111988339609
2024,vw_nz,JP3769000005,HACHIJUNI NAGANO BANK,JP,0.0007010621213842739,2.659302522560195,1.262553074325793
2024,vw_nz,JP3894900004,ISETAN MITSUKOSHI HDG.,JP,0.0006991705995336718,8.260483750017043,5.982070860829069
2024,vw_nz,JP3888300005,MITSUI CHEMICALS,JP,0.0006957301797051814,315.84915594362366,624.5432761755859
2024,vw_nz,JP3499800005,MITSUBISHI HC CAPITAL,JP,0.0006946411670760798,0.23936990903478964,0.29906961493336226
2024,vw_nz,JP3160400002,EISAI,JP,0.0006796186835654701,9.612048039269606,3.5721769281160602
2024,vw_nz,JP3866800000,PANASONIC HOLDINGS,JP,0.0006771377853901829,5.541671466671923,13.808756587017236
2024,vw_nz,JP3352400000,CITIZEN WATCH,JP,0.0006563003933598322,8.22489770878191,10.970865117228358
2024,vw_nz,JP3389900006,JAFCO GROUP,JP,0.0006441960973773589,0.09436078303980942,0.01838069123451954
2024,vw_nz,JP3494600004,SCREEN HOLDINGS,JP,0.000630287255979196,3.131878387909446,0.9164819191864573
2024,vw_nz,HK0293001514,CATHAY PACIFIC AIRWAYS,HK,0.0006131501746994906,1165.599873401755,2127.7105630525825
2024,vw_nz,JP3358800005,SHIMIZU,JP,0.0006059288860009816,15.989321998681428,44.878417919483404
2024,vw_nz,SG0531000230,VENTURE CORPORATION,SG,0.0005714311543326337,1.180009337117884,0.8843729732426454
2024,vw_nz,JP3802400006,FANUC,JP,0.0005578036779538101,10.269433460035795,2.062235032339478
2024,vw_nz,AU000000COH5,COCHLEAR,AU,0.0005378483399660035,0.6033067695107366,0.06481877624270695
2024,vw_nz,JP3718800000,NISSUI,JP,0.000535942352896086,38.80288514783173,123.94223843490788
2024,vw_nz,SG1V61937297,SINGAPORE AIRLINES,SG,0.000534661023853123,1091.8199251781807,992.8591061441467
2024,vw_nz,JP3613400005,TOYO SEIKAN GROUP HDG.,JP,0.0005214412544040721,58.15927467525118,133.7110972983131
2024,vw_nz,JP3322930003,SUMCO,JP,0.0005114745221662675,30.284686496058292,16.350310092087952
2024,vw_nz,JP3409000001,SUMITOMO REAL.&DEV.,JP,0.0005043909351439116,6.5899342891598796,2.891133364620327
2024,vw_nz,AU000000GPT8,GPT GROUP STAPLED UNITS,AU,0.0005028200747597566,11.230976362118037,1.137342277894657
2024,vw_nz,JP3203500008,ONWARD HOLDINGS,JP,0.000492412978049423,0.9408657550229708,2.037383498395153
2024,vw_nz,JP3486800000,DAITO TST.CONSTRUCTION,JP,0.00047991036687012744,2.9019805602557587,4.210462970392362
2024,vw_nz,JP3402600005,SUMITOMO METAL MINING,JP,0.0004744173495525445,189.43362038910286,229.58079550372912
2024,vw_nz,JP3778630008,BANDAI NAMCO HDG.,JP,0.00045673028387368104,1.1469445176866937,0.5544238549972708
2024,vw_nz,SG1M51904654,CAPITALAND INTEG. COML. TST.,SG,0.00044706331509377885,0.2728033948101951,0.03180052144829807
2024,vw_nz,JP3774200004,HANKYU HANSHIN HDG.,JP,0.0004351290232175855,16.2215209301865,13.904639423849789
2024,vw_nz,NZTELE0001S4,SPARK NEW ZEALAND,NZ,0.0004273656810267186,2.3177075837178807,0.798812215840087
2024,vw_nz,JP3635400009,TOYOTA BOSHOKU,JP,0.00041933675659298696,4.9836525678653745,20.630514587492755
2024,vw_nz,AU000000SGP0,STOCKLAND STAPLED UNITS,AU,0.0004171776653831532,1.1278482608935045,0.26963639426077873
2024,vw_nz,JP3294460005,INPEX,JP,0.0004148409208311986,453.0609907499933,385.4658285184102
2024,vw_nz,JP3173400007,OBIC,JP,0.00039373697831322633,0.29591300700553685,0.014372315492103467
2024,vw_nz,HK0019000162,SWIRE PACIFIC 'A',HK,0.0003879426938569309,6.515174831830142,11.800679061860953
2024,vw_nz,JP3574200006,TOKYU,JP,0.00037568981357448704,21.161930099142896,19.262627061554113
2024,vw_nz,JP3122800000,AMADA,JP,0.00036001871109003395,2.5531248546137237,1.726713667386344
2024,vw_nz,JP3443600006,TAISEI,JP,0.00035745038419686506,19.188946603411214,32.08911943334736
2024,vw_nz,BMG2442N1048,COSCO SHIPPING PORTS,HK,0.00035710149348267694,52.816251027396554,35.38685903039114
2024,vw_nz,JP3351500008,SHIZUOKA FINANCIAL GROUP,JP,0.0003488998769989265,0.5008686315353468,0.19783765375426351
2024,vw_nz,JP3429800000,ANA HOLDINGS,JP,0.0003288349292327491,787.2618224154925,987.7527620943458
2024,vw_nz,HK0016000132,SUN HUNG KAI PROPERTIES,HK,0.0003164149529253454,2.230039148235807,0.7564046100694248
2024,vw_nz,JP3663900003,SOJITZ,JP,0.0003106766278224186,36.54850440553854,105.93868501725413
2024,vw_nz,JP3188220002,OTSUKA HOLDINGS,JP,0.00029167248121562684,27.084566579578272,17.230570380370402
2024,vw_nz,JP3481800005,DAIKIN INDUSTRIES,JP,0.00029082749229865026,18.239776622607398,11.276851657966201
2024,vw_nz,JP3352000008,77 BANK,JP,0.00027141463803354303,1.2459203771482,0.6200452229819926
2024,vw_nz,JP3126400005,ALPS ALPINE,JP,0.0002704380269180294,2.0860442308169564,8.844677409926149
2024,vw_nz,JP3289800009,KOBE STEEL,JP,0.00026367401453120787,850.8699856191396,2696.9903788996276
2024,vw_nz,NZCENE0001S6,CONTACT ENERGY,NZ,0.00026317441180490997,641.8833001041249,242.1337101881122
2024,vw_nz,JP3256000005,KYOWA KIRIN,JP,0.0002519911235688603,5.40900282302137,1.9147211471473822
2024,vw_nz,JP3588600001,TBS HOLDINGS,JP,0.0002516184531471306,7.096467800504453,3.978733173417325
2024,vw_nz,JP3131400008,AEON FINANCIAL SERVICE,JP,0.00023924340081883132,0.792702902232168,1.3164897052365083
2024,vw_nz,JP3560800009,TOKAI CARBON,JP,0.0002221720135663307,710.90520435571,1109.1689178452248
2024,vw_nz,JP3955000009,YOKOGAWA ELECTRIC,JP,0.00021011236254077896,3.334427532350858,2.2696751970744216
2024,vw_nz,JP3209000003,CASIO COMPUTER,JP,0.00020749981605554206,1.998240465254245,1.727522632785484
2024,vw_nz,HK0014000126,HYSAN DEVELOPMENT,HK,0.00020573640031410433,2.560417072695381,0.5901775586527555
2024,vw_nz,JP3421100003,JAPAN PETROLEUM EXP.,JP,0.00020191909003002104,94.2638083447362,98.4274290483383
2024,vw_nz,BMG988031446,YUE YUEN INDL.HDG.,HK,0.0002006015806201385,8.986195179146762,45.49473927029002
2024,vw_nz,JP3942600002,YAMAHA,JP,0.00019685900055758544,6.5176917855249235,4.8971116835290545
2024,vw_nz,JP3164800009,NOK,JP,0.0001942043913188198,7.239667586640722,15.78961218958061
2024,vw_nz,JP3108600002,ACOM,JP,0.0001908253996169145,0.6742884023421892,0.3274493862506172
2024,vw_nz,JP3381000003,NIPPON STEEL,JP,0.0001897027004095307,1096.6442121826688,2813.650379548339
2024,vw_nz,JP3166000004,EBARA,JP,0.00017892293399714601,13.863797368299782,12.23562013052477
2024,vw_nz,AU000000SHL7,SONIC HEALTHCARE,AU,0.0001787145388961484,5.941038532943857,3.2848898905474644
2024,vw_nz,JP3419050004,SEGA SAMMY HDG.,JP,0.00017666028538734243,1.8395019487431867,1.609002202288827
2024,vw_nz,HK0012000102,HENDERSON LD.DEV.,HK,0.00016893903472909916,3.7262514228369263,1.0275893303421622
2024,vw_nz,AU000000BPT9,BEACH ENERGY,AU,0.00015922290738169364,468.1333282583798,216.59729115302105
2024,vw_nz,HK0000745908,YUEXIU PROPERTY COMPANY,HK,0.00015728282806012233,0.5582707801569586,2.4394759360762275
2024,vw_nz,JP3197800000,OMRON,JP,0.00015566180852437438,0.6531247119469425,0.40212423448579454
2024,vw_nz,JP3491000000,DAIDO STEEL,JP,0.00015446848272027776,84.55093901203247,137.20368962211128
2024,vw_nz,HK0083000502,SINO LAND,HK,0.00013956176856395235,2.8998991548213597,0.438978790491216
2024,vw_nz,AU000000SWM4,SEVEN WEST MEDIA DEAD - DELIST.08/01/26,AU,0.00013146188252935673,2.633561672851745,10.115653730371818
2024,vw_nz,HK0000608585,NEW WORLD DEVELOPMENT COMPANY,HK,0.00011930403980857783,1.553109011730528,3.140061435280942
2024,vw_nz,SG1R89002252,CITY DEVELOPMENTS,SG,0.00011702676618368677,0.7840927522497838,0.7030930246155644
2024,vw_nz,BMG8063F1068,SHANGRI-LA ASIA,HK,0.00011445410466935227,69.93880820540748,66.3596427196836
2024,vw_nz,JP3579800008,TOKYO STEEL MNFG.,JP,0.00010295495142478113,153.32949599899075,204.66289823056763
2024,vw_nz,JP3734800000,NIDEC,JP,9.909427341206394e-05,16.32556348359907,11.530445617541956
2024,vw_nz,JP3336000009,SANTEN PHARM.,JP,9.559736934225203e-05,8.354311960738022,4.567617974211381
2024,vw_nz,JP3634200004,TOYODA GOSEI,JP,8.98273655524834e-05,12.657204234537994,35.08388947795172
2024,vw_nz,JP3304200003,KOMATSU,JP,8.937621536847047e-05,4.21484007725958,3.9358098566527033
2024,vw_nz,NZSKCE0001S2,SKY CITY ENTM.GP.,NZ,8.90211003724924e-05,9.719212115289173,5.1085259606184215
2024,vw_nz,HK0291001490,CHINA RESOURCES BEER HOLDINGS,HK,8.227549845692551e-05,30.35461828249571,14.149556576620697
2024,vw_nz,JP3695200000,NGK INSULATORS,JP,7.300707476738503e-05,62.27127407811696,60.73504718449674
2024,vw_nz,JP3224200000,KAWASAKI HEAVY INDUSTRY,JP,7.298410677761314e-05,11.39741270307726,35.77491629501211
2024,vw_nz,JP3419400001,SEKISUI CHEMICAL,JP,6.780157493233663e-05,21.63367590200016,28.95986605666322
2024,vw_nz,JP3040890000,JAPAN PRIME REALTY INV.,JP,6.640095202824124e-05,5.9999000016666395,0.6108787320872537
2024,vw_nz,JP3939000000,YAMADA HOLDINGS,JP,6.373302544407214e-05,4.463994674454354,16.695129543770804
2024,vw_nz,JP3336600006,SUNDRUG,JP,5.957821150598372e-05,5.013421909957606,6.93977138528042
2024,vw_nz,SGXE21576413,GENTING SINGAPORE,SG,5.9376774126918325e-05,1.3548675839046174,0.2655308331356362
2024,vw_nz,JP3421800008,SECOM,JP,5.86869848170592e-05,6.9888984135808085,3.1900182605074914
2024,vw_nz,JP3274400005,GLORY,JP,4.9701363822510615e-05,7.964245574136108,15.02190435100063
2024,vw_nz,JP3933800009,LY,JP,4.948665604225013e-05,0.29593697025492044,0.14903848371584727
2024,vw_nz,JP3385820000,GS YUASA,JP,4.872711389719355e-05,15.467042481016517,40.18592888011895
2024,vw_nz,AU000000BSL0,BLUESCOPE STEEL,AU,4.280354661787877e-05,745.9982241731684,1251.7782614714433
2024,vw_nz,SG1T58930911,FRASER AND NEAVE,SG,4.2270347822709125e-05,32.091765309300534,44.038404156354765
2024,vw_nz,JP3495000006,SUMITOMO PHARMA,JP,4.0988768846148884e-05,12.1616526165531,29.01060070671378
2024,vw_nz,HK0144000764,CHINA MERCHANTS PORT HOLDINGS,HK,4.0879992510005496e-05,43.36834061403043,12.291907480976151
2024,vw_nz,HK0363006039,SHANGHAI INDUSTRIAL HOLDINGS,HK,4.0746993439329165e-05,93.24320116366641,290.29919360243036
2024,vw_nz,JP3676800000,NISSHIN SEIFUN,JP,4.014329709198801e-05,26.18510284111857,35.1737819319317
2024,vw_nz,JP3765400001,HOUSE SHOKUHIN GP.HONSHA K K,JP,3.799665460776207e-05,27.659932786881125,25.01443463949772
2024,vw_nz,JP3940000007,YAMATO HDG.,JP,3.7942604111220965e-05,54.96591183100551,99.79167394769512
2024,vw_nz,JP3721400004,JAPAN STEEL WORKS,JP,3.768083693214099e-05,36.118354518820624,51.024249065252484
2024,vw_nz,AU000000SIG5,SIGMA HEALTHCARE,AU,3.7232552159208206e-05,0.0033981876930839474,0.006875317881275885
2024,vw_nz,JP3172100004,OKUMA,JP,3.4925451072535635e-05,4.760876810029929,4.535400979149581
2024,vw_nz,HK0101000591,HANG LUNG PROPERTIES,HK,3.380207493544534e-05,3.2501116941926593,0.8170724742523178
2024,vw_nz,KYG9431R1039,WANT WANT CHINA HOLDINGS,SG,3.340710901354554e-05,57.688850686189376,28.616654373891368
2024,vw_nz,JP3738600000,NITERRA,JP,3.103464689364655e-05,11.87709875139525,8.775714672263621
2024,vw_nz,SGXE34184239,SEATRIUM,SG,2.887690751065977e-05,13.188074450179307,14.092129725263375
2024,vw_nz,JP3293200006,COCA-COLA BOTTLERS JAPAN HOLDINGS,JP,2.877836899112925e-05,31.816266833091387,66.24266075261939
2024,vw_nz,BMG5320C1082,KUNLUN ENERGY,HK,2.828506390694058e-05,19.537684671149922,63.99946151393006
2024,vw_nz,JP3944130008,USS,JP,2.791151005808386e-05,6.601359239815366,0.8781944864444541
2024,vw_nz,JP3862400003,MAKITA,JP,2.6895730197904057e-05,3.978904243055072,2.6308453783148984
2024,vw_nz,JP3684400009,NITTO BOSEKI,JP,2.6247126986170434e-05,239.12330564057717,107.8956494932758
2024,vw_nz,HK0165000859,CHINA EVERBRIGHT,HK,2.426506052376975e-05,0.032176067441037355,0.011717971853431609
2024,vw_nz,JP3415400005,SEINO HDG.,JP,2.327892382428626e-05,85.30682883733024,135.6060689050775
2024,vw_nz,JP3420600003,SEKISUI HOUSE,JP,2.2633636547463707e-05,2.403581069051743,3.393691376273872
2024,vw_nz,SG1N31909426,COMFORTDELGRO CORPORATION,SG,2.0309140254645444e-05,289.1112593375753,367.08133466870487
2024,vw_nz,JP3870400003,MARUI GROUP,JP,1.9926203592132606e-05,5.319117557414025,2.3284306692911128
2024,vw_nz,JP3566800003,CENTRAL JAPAN RAILWAY,JP,1.944016512847038e-05,5.915917070674503,2.5519199717896845
2024,vw_nz,NZFBUE0001S0,FLETCHER BUILDING,NZ,1.9433483385948045e-05,146.79896272477615,348.227144120657
2024,vw_nz,JP3039710003,JAPAN METROPOLITAN FUND INVESTMENT REIT,JP,1.9364664184325546e-05,9.501366426235384,1.1214281181920092
2024,vw_nz,SG1S76928401,COSCO SHIPPING INTERNATIONAL,SG,1.7718192017073583e-05,143.85868707886692,82.59682567066334
2024,vw_nz,JP3436120004,SBI HDG.,JP,1.7531012440055278e-05,0.15311730842625115,0.17832850298692848
2024,vw_nz,JP3940400009,YAMATO KOGYO,JP,1.5293072351858036e-05,207.63043432924732,61.7355178056783
2024,vw_nz,JP3600200004,TOHO GAS,JP,1.5187485402542092e-05,11.530740892780516,24.131172153024913
2024,vw_nz,JP3551520004,DENTSU GROUP,JP,1.308253742572212e-05,0.34108129248101576,0.4196146424676305
2024,vw_nz,AU000000ORI1,ORICA,AU,1.3062695285104655e-05,178.20277003946137,188.32852820132993
2024,vw_nz,SG1F60858221,SINGAPORE TECHS.ENGR.,SG,1.2984821568979087e-05,5.980587014550768,5.091246450269836
2024,vw_nz,JP3720800006,NSK,JP,1.157738018443934e-05,19.291458763372102,36.99042963296065
2024,vw_nz,JP3799000009,HIROSE ELECTRIC,JP,1.1480207152967921e-05,1.1221422391108495,0.29906524281815505
2024,vw_nz,JP3137200006,ISUZU MOTORS,JP,1.1399891512499458e-05,7.976402545268409,17.225349959516613
2024,vw_nz,JP3404200002,SUMITOMO RUBBER INDS.,JP,1.012871001288367e-05,47.47565518922763,125.26040541842623
2024,vw_nz,AU000000RHC8,RAMSAY HEALTH CARE,AU,9.423578876103036e-06,8.67298188378781,11.798153025678562
2024,vw_nz,AU000000SEK6,SEEK,AU,6.389978816990669e-06,0.1116423748257994,0.014392940510833582
2024,vw_nz,JP3667600005,JGC HOLDINGS,JP,6.106806749592987e-06,15.68792553045982,28.093586009743788
2024,vw_nz,JP3619800000,TOYOBO,JP,5.1536530867365245e-06,239.25021840924032,1002.326500821118
2024,vw_nz,JP3111200006,ASAHI KASEI,JP,3.2946685081269674e-06,128.64597215716822,228.76725067708458
2024,vw_nz,BMG2624N1535,DFI RETAIL GROUP HOLDINGS,HK,2.4870678000586413e-06,26.027775884078604,85.7085479035474
2024,vw_nz,JP3219000001,KAMIGUMI,JP,2.4450037333910626e-06,17.720526125923065,12.292891743569305
2024,vw_nz,JP3830000000,BROTHER INDUSTRIES,JP,2.075017172958651e-06,3.4293421200167167,4.40545349957442
2024,vw_nz,JP3258000003,KIRIN HOLDINGS,JP,1.986916919459187e-06,24.549935107350567,27.03587223361667
2024,vw_nz,JP3919800007,MEIDENSHA,JP,1.6944125408383979e-06,10.60916117292327,24.02292250178716
2024,vw_nz,JP3180400008,OSAKA GAS,JP,1.6729400262313857e-06,300.86114042848374,509.13757723745
2024,vw_nz,AU000000MND5,MONADELPHOUS GROUP,AU,1.574157520895712e-06,7.691180472691495,10.437025589745922
2024,vw_nz,JP3902000003,MITSUBISHI LOGISTICS,JP,1.5028414306163947e-06,8.523411409228252,5.9956292274439775
2024,vw_nz,JP3657400002,NIKON,JP,1.4599501711277332e-06,6.336991641356353,8.5734973412628
2024,vw_nz,AU000000ANN9,ANSELL,AU,1.3746743314852776e-06,109.83767375101684,86.15369301214413
