year,portfolio,ISIN,name,country,weight,ci,cf_per_weight
2013,vw,JP3633400001,TOYOTA MOTOR,JP,0.05787700762163069,11.516275142521295,16.294735007992305
2013,vw,AU000000BHP4,BHP GROUP,AU,0.043802756567425306,329.4660755146728,173.69586186189173
2013,vw,AU000000CBA7,COMMONWEALTH BK.OF AUS.,AU,0.0376488437686234,0.22976128852495517,0.10066709056033145
2013,vw,AU000000WBC1,WESTPAC BANKING,AU,0.03159145336042583,0.2424948657744411,0.11672880416523579
2013,vw,JP3902900004,MITSUBISHI UFJ FINL.GP.,JP,0.02722933297397908,0.37365369338331517,0.2356761279616212
2013,vw,AU000000ANZ3,ANZ GROUP HOLDINGS,AU,0.026386406498926228,0.42653063075284786,0.21020265328751286
2013,vw,JP3854600008,HONDA MOTOR,JP,0.023776975025351914,13.690452442557799,20.508351116934257
2013,vw,AU000000NAB4,NATIONAL AUS.BANK,AU,0.023588090632387523,0.42255082061363747,0.3056608692069693
2013,vw,JP3726800000,JAPAN TOBACCO,JP,0.022114573108233948,22.18137304447431,6.349151739253161
2013,vw,AU000000TLS2,TELSTRA GROUP,AU,0.020810389956475564,2.009111768485008,0.89149161861608
2013,vw,JP3890350006,SUMITOMO MITSUI FINL.GP.,JP,0.019300290065865068,0.13857339299016877,0.11247513568421956
2013,vw,JP3242800005,CANON,JP,0.016535855598851647,3.4083648386453236,2.678441648399843
2013,vw,JP3672400003,NISSAN MOTOR,JP,0.015784419623384505,8.176861977202416,18.31151658959873
2013,vw,AU000000WOW2,WOOLWORTHS GROUP,AU,0.014038823774758919,8.779929535268318,12.633744937067148
2013,vw,JP3463000004,TAKEDA PHARMACEUTICAL,JP,0.013800633766500878,10.141722160875958,4.309650943783937
2013,vw,AU000000WES1,WESFARMERS,AU,0.013685792525913358,40.87489855908115,63.39949334462042
2013,vw,JP3898400001,MITSUBISHI,JP,0.011670172609355323,51.20743267166512,95.00547785344008
2013,vw,JP3551500006,DENSO,JP,0.0115548368255268,15.040850157403815,17.060009631422982
2013,vw,JP3496400007,KDDI,JP,0.011438667580711688,0.07503500381654968,0.08909902054568389
2013,vw,HK0011000095,HANG SENG BANK DEAD - DELIST.28/01/26,HK,0.010841401137697073,0.003793298747196484,0.0006676549107725307
2013,vw,AU0000224040,WOODSIDE ENERGY GROUP,AU,0.010564266713796063,1442.9465773539716,300.6496835387096
2013,vw,JP3788600009,HITACHI,JP,0.009837046065416397,9.086316711541375,32.0679867165324
2013,vw,AU000000CSL8,CSL,AU,0.009804994130048398,11.579611370152607,1.953427836778747
2013,vw,JP3893600001,MITSUI,JP,0.009385275627242855,25.87867836527121,50.26151464032432
2013,vw,JP3783600004,EAST JAPAN RAILWAY,JP,0.009257192386167196,7.337568764375083,7.845276209760271
2013,vw,JP3304200003,KOMATSU,JP,0.009068131617641329,6.083805335337114,4.71964858727845
2013,vw,JP3371200001,SHIN-ETSU CHEMICAL,JP,0.008971716435711631,123.99632080143472,53.606763952058095
2013,vw,HK0003000038,HONG KONG AND CHINA GAS,HK,0.00858163248557855,249.32330976849352,32.27980017957402
2013,vw,HK0066009694,MTR,HK,0.008227127982043005,11.277347649447377,2.1839733223591704
2013,vw,JP3942400007,ASTELLAS PHARMA,JP,0.008213356854870435,7.615397369506793,3.326401225463054
2013,vw,JP3910660004,TOKIO MARINE HOLDINGS,JP,0.0076553737452443715,0.5103550696134227,0.8094524969563086
2013,vw,HK0388045442,HONG KONG EXCHANGES AND CLEARING,HK,0.007581233759225904,0.14082489395642683,0.005291591797485308
2013,vw,HK0002007356,CLP HOLDINGS,HK,0.007427997979745903,2829.3242424076534,1780.619485177722
2013,vw,JP3762600009,NOMURA HDG.,JP,0.007308602099659069,0.17626858494552625,0.1717200012870719
2013,vw,JP3830800003,BRIDGESTONE,JP,0.007302477371828174,62.029725339017894,96.42192263229956
2013,vw,JP3294460005,INPEX,JP,0.007180902734805449,37.09274367432907,23.35972036203061
2013,vw,AU000000NCM7,NEWCREST MINING DEAD - DELIST.08/11/23,AU,0.00650937180537603,382.4201615014239,81.96365784694898
2013,vw,HK0006000050,POWER ASSETS HOLDINGS,HK,0.006374824918723893,6673.762504925252,486.0802564073353
2013,vw,JP3900000005,MITSUBISHI HEAVY INDS.,JP,0.006311713592814247,5.074177870105436,8.51195681475978
2013,vw,JP3592200004,TOSHIBA DEAD - DELIST.20/12/23,JP,0.006250677273510211,12.013458913170686,41.55096300304468
2013,vw,JP3566800003,CENTRAL JAPAN RAILWAY,JP,0.006161825490657965,4.671222159296967,4.490025688559471
2013,vw,JP3902400005,MITSUBISHI ELECTRIC,JP,0.006005712368684851,8.315770357470692,18.542128060458854
2013,vw,SG1U68934629,KEPPEL,SG,0.005810347038422269,51.959358429316765,34.830470895991
2013,vw,AU000000AMP6,AMP,AU,0.005617682675091324,0.008974394620985211,0.009040960117213592
2013,vw,JP3866800000,PANASONIC HOLDINGS,JP,0.0054229813469425375,8.275773164249243,41.717673648001444
2013,vw,SGXE21576413,GENTING SINGAPORE,SG,0.0051952874137645415,1.634446700255682,0.2586791652770816
2013,vw,AU000000QBE9,QBE INSURANCE GROUP,AU,0.005143640499350894,0.6487553522918545,0.7245952936604467
2013,vw,JP3205800000,KAO,JP,0.005128748868611295,43.14549449572554,42.41382542361567
2013,vw,JP3435000009,SONY GROUP,JP,0.005120452300533195,4.183422626930422,20.344412565648707
2013,vw,JP3266400005,KUBOTA,JP,0.005066125169253966,24.498023336716354,19.933114842729772
2013,vw,AU000000SUN6,SUNCORP GROUP,AU,0.005025427373029257,0.41453603601930317,0.45309060229256687
2013,vw,AU000000ORG5,ORIGIN ENERGY (EX BORAL),AU,0.004918574907873338,950.9628751415604,960.6717319372199
2013,vw,JP3914400001,MURATA MANUFACTURING,JP,0.004702321177780943,17.492585333970244,8.987256775928271
2013,vw,JP3890310000,MS&AD INSURANCE GP.HDG.,JP,0.004547708977252553,0.626589574404727,1.749434979269899
2013,vw,JP3877600001,MARUBENI,JP,0.004315851197485967,0.0028830313095057417,0.011859420987809637
2013,vw,JP3258000003,KIRIN HOLDINGS,JP,0.004223423486583385,22.73516162284791,43.946948437923496
2013,vw,IE00BKVD2N49,SEAGATE TECHNOLOGY HOLDINGS,SG,0.004178669052444707,19.47856967915748,26.328534800535632
2013,vw,JP3573000001,TOKYO GAS,JP,0.0041587489890308445,131.11698355683038,226.02421901896508
2013,vw,AU000000STO6,SANTOS,AU,0.004104103690072089,1071.9687806220209,309.9173776569972
2013,vw,JP3200450009,ORIX,JP,0.0040809362413204466,33.4321429456323,24.35581927855827
2013,vw,JP3475350009,DAIICHI SANKYO,JP,0.0040588650877254355,12.212849820260306,11.100384784483198
2013,vw,HK0019000162,SWIRE PACIFIC 'A',HK,0.004035102803746851,2844.092886297964,1378.1423635960036
2013,vw,JP3481800005,DAIKIN INDUSTRIES,JP,0.003913113165403003,69.43645308923807,82.8067899308793
2013,vw,JP3519400000,CHUGAI PHARM.,JP,0.00387074844720512,12.816324675490689,4.837261413680066
2013,vw,JP3657400002,NIKON,JP,0.0038577796559200535,2.5057608502902604,2.3776803027165423
2013,vw,AU000000IAG3,INSURANCE AUS.GROUP,AU,0.0037761800211544164,1.00136758696601,0.8474188207021862
2013,vw,JP3505000004,DAIWA HOUSE INDUSTRY,JP,0.003761447474254581,9.574366107673903,18.549948328681076
2013,vw,JP3951600000,UNI CHARM,JP,0.0037480567649597067,6.080078629938535,2.890460355130046
2013,vw,JP3814800003,SUBARU,JP,0.0037478734727095448,9.318698956141269,17.255395540725964
2013,vw,SG1V61937297,SINGAPORE AIRLINES,SG,0.0037145972834442356,1164.5597140301559,1323.5577419916451
2013,vw,JP3634600005,TOYOTA INDS.,JP,0.003686868278504593,11.48580846321351,18.11045898099484
2013,vw,JP3116000005,ASAHI GROUP HOLDINGS,JP,0.0035485102963868195,15.365847035573285,25.534270499536095
2013,vw,JP3814000000,FUJIFILM HOLDINGS,JP,0.003530288280045216,31.485407180680507,72.86969180145434
2013,vw,JP3502200003,DAIWA SECURITIES GROUP,JP,0.00352113404257013,0.23520436845731868,0.11579757915289995
2013,vw,JP3684000007,NITTO DENKO,JP,0.0034973925086576024,58.31596714893823,40.55192817893168
2013,vw,SG1F60858221,SINGAPORE TECHS.ENGR.,SG,0.0034413085384522903,7.6680701667096836,3.964931251344121
2013,vw,AU000000ORI1,ORICA,AU,0.0033722938187496815,273.73435320030035,194.84821324188457
2013,vw,AU000000TCL6,TRANSURBAN GROUP STAPLED UNITS,AU,0.0032813116957823413,0.14034712522305168,0.015493091346001834
2013,vw,JP3621000003,TORAY INDS.,JP,0.0031863490184765716,187.79411518876543,343.84550513322284
2013,vw,JP3402600005,SUMITOMO METAL MINING,JP,0.0031471936438287,153.01935328326965,143.81190049987416
2013,vw,JP3388200002,AEON,JP,0.0031146540819083825,4.247676629539556,28.496480202527145
2013,vw,JP3407400005,SUMITOMO ELECTRIC IND.,JP,0.0030834079407722295,8.282217450006382,21.674097253767165
2013,vw,JP3119600009,AJINOMOTO,JP,0.0030426236859389527,105.22537042051734,151.62674814046957
2013,vw,JP3165700000,NTT DATA GROUP DEAD - DELIST.26/09/25,JP,0.0029863425901061075,0.42931259473203576,0.6840621735736835
2013,vw,SG1R89002252,CITY DEVELOPMENTS,SG,0.0029672559876788326,1.0729419350592835,0.33822883243453666
2013,vw,JP3818000006,FUJITSU,JP,0.002906510169299582,4.719031783874553,26.771882146605204
2013,vw,JP3868400007,MAZDA MOTOR,JP,0.0028785494552889786,6.482868234561631,18.081357699714903
2013,vw,JP3539220008,T & D HOLDINGS,JP,0.0028731406047370206,0.10857180229818672,0.3127162864038229
2013,vw,HK0010000088,HANG LUNG GROUP,HK,0.002833801937838986,0.47552345658625195,0.05974176541658022
2013,vw,JP3734800000,NIDEC,JP,0.0028279573358998495,2.344924546793303,2.1237098273247565
2013,vw,SGXE34184239,SEATRIUM,SG,0.0027669106415627856,19.641435690286958,8.77112945399641
2013,vw,JP3973400009,RICOH,JP,0.0027622557100775323,8.674088765950007,22.210481243786948
2013,vw,AU000000SGP0,STOCKLAND STAPLED UNITS,AU,0.002741087184355961,9.613342494846648,2.330050050403671
2013,vw,SG1R50925390,SEMBCORP INDUSTRIES,SG,0.0027321196974753807,778.847665671851,810.1183785480654
2013,vw,JP3659000008,WEST JAPAN RAILWAY,JP,0.002698577215695685,7.131916273870434,12.815435936276526
2013,vw,BMG524401079,KERRY PROPERTIES,HK,0.002689571687027335,0.6379610267494771,0.28326936306182937
2013,vw,JP3551520004,DENTSU GROUP,JP,0.002672895550606911,0.05786019863496524,0.15746238434536663
2013,vw,JP3112000009,AGC,JP,0.002672207340082717,410.1454895786856,682.0381941388717
2013,vw,JP3940000007,YAMATO HDG.,JP,0.00264449908520913,42.49777339592504,76.41563964680282
2013,vw,JP3571400005,TOKYO ELECTRON,JP,0.002640497780804644,1.5558012851685632,1.179544606196342
2013,vw,JP3180400008,OSAKA GAS,JP,0.002629655871290329,239.8980688028916,473.39251426918116
2013,vw,HK0293001514,CATHAY PACIFIC AIRWAYS,HK,0.002627089779788057,1242.2434126275682,2094.881640992157
2013,vw,BMG8063F1068,SHANGRI-LA ASIA,HK,0.002611094937203142,73.80705822868507,20.107335900176555
2013,vw,AU000000CIM7,CIMIC GROUP DEAD - DELIST.11/05/22,AU,0.002544172515827857,160.9360674876165,431.176273886649
2013,vw,JP3982100004,LAWSON DEAD - DELIST.24/07/24,JP,0.002531964560298181,1.3658511158070636,0.9878000142050888
2013,vw,JP3420600003,SEKISUI HOUSE,JP,0.0025201128142358017,4.082690483597339,9.763162047742227
2013,vw,JP3667600005,JGC HOLDINGS,JP,0.002507455273941577,18.147926068588394,16.463667772345165
2013,vw,JP3626800001,LIXIL,JP,0.002466674477452643,31.539923890262486,66.87669031886301
2013,vw,AU000000GPT8,GPT GROUP STAPLED UNITS,AU,0.002433782164409372,14.996852402219837,1.4319168104220013
2013,vw,JP3260800002,KINTETSU GROUP HDG.,JP,0.0024217540427855164,3.6024524974727834,5.228456696331669
2013,vw,JP3429800000,ANA HOLDINGS,JP,0.002363653857828419,572.4537636761308,1332.9158521882644
2013,vw,JP3733000008,NEC,JP,0.0023539013267820487,2.278184243792499,11.183966948948349
2013,vw,SG1J26887955,SINGAPORE EXCHANGE,SG,0.0023283545371226397,0.08957828853455699,0.006906723584010266
2013,vw,AU000000ASX7,ASX,AU,0.002264516958901029,0.4849738922388011,0.045815656126011385
2013,vw,AU000000WOR2,WORLEY,AU,0.002214011298120467,4.440073837785844,6.124549745858287
2013,vw,AU000000LLC3,LENDLEASE GROUP STAPLED UNITS,AU,0.0021793656044954554,13.25695404095906,26.467050474787996
2013,vw,JP3201200007,OLYMPUS,JP,0.002168554820080224,2.8671563098552943,3.8764053903197513
2013,vw,JP3197600004,ONO PHARM.,JP,0.002138781933634054,13.825063885174243,3.5088229920073215
2013,vw,JP3027680002,JAPAN REAL ESTATE INV.,JP,0.0020389844909372117,12.176057972460013,1.0766913620451029
2013,vw,AU000000SHL7,SONIC HEALTHCARE,AU,0.001961496827595026,2.387801432911426,1.4607407198445639
2013,vw,AU000000MGR9,MIRVAC GROUP STAPLED UNITS,AU,0.0019589860696022374,4.559598063622719,1.2474137261409615
2013,vw,JP3197800000,OMRON,JP,0.00193502665999612,5.442293018674887,6.619733916686327
2013,vw,JP3493800001,DAI NIPPON PRINTING,JP,0.0019226181204945686,20.75498790709456,58.837707937604335
2013,vw,AU0000088338,AMPOL,AU,0.0018858732118535472,76.45460548876285,339.18442870215347
2013,vw,NZFBUE0001S0,FLETCHER BUILDING,NZ,0.001879893734485046,114.87576690066092,156.04563800861692
2013,vw,JP3256000005,KYOWA KIRIN,JP,0.0018470740466729717,18.817616035016137,12.674782621720603
2013,vw,AU000000DXS1,DEXUS STAPLED UNITS,AU,0.0018448572479493111,14.052385205493577,1.7371792348313153
2013,vw,JP3224200000,KAWASAKI HEAVY INDUSTRY,JP,0.0017543835016003454,9.99338200481163,27.298980859074693
2013,vw,JP3351600006,SHISEIDO,JP,0.0017536295825336405,4.134719403938894,5.956156127729395
2013,vw,JP3787000003,HITACHI CON.MCH.,JP,0.0017351378153333073,4.749318139046107,8.36459215705815
2013,vw,AU000000APA1,APA GROUP,AU,0.00172590403593834,332.9115568810405,64.68765967678912
2013,vw,JP3419400001,SEKISUI CHEMICAL,JP,0.0017081592711160264,14.33069548296226,31.446781286189783
2013,vw,JP3269600007,KURARAY,JP,0.0016985174070886224,273.30647594370595,219.49113891060725
2013,vw,JP3385980002,J S R DEAD - DELIST.25/06/24,JP,0.0016913309675445245,98.18887084823037,79.33619325315198
2013,vw,JP3401400001,SUMITOMO CHEMICAL,JP,0.0016691249385201482,318.7530802581314,1373.703217946407
2013,vw,BMG2442N1048,COSCO SHIPPING PORTS,HK,0.0015427086194176644,49.98286581485289,8.2397222041638
2013,vw,BMG677491539,ORIENT OVERSEAS (INTL.),HK,0.0015190604608023887,818.4432444385052,1203.3033955992669
2013,vw,JP3629000005,TOPPAN HOLDINGS,JP,0.0014887376976057325,18.1241193299167,68.20898677513549
2013,vw,JP3942800008,YAMAHA MOTOR,JP,0.001478507915040072,14.620592207556378,44.59656295977489
2013,vw,JP3688370000,NIPPON EXPRESS HOLDINGS,JP,0.0014757066561224977,44.425474902427254,182.17731521950554
2013,vw,JP3300600008,KONICA MINOLTA,JP,0.0014751498626833254,20.247493609450068,40.24799084745445
2013,vw,SG9999000020,FLEX,SG,0.001433421479844496,1.7428997691965447,10.402864298087735
2013,vw,JP3903000002,MITSUBISHI MATERIALS,JP,0.0014092338195117618,751.882731767003,2607.6841526621643
2013,vw,JP3359600008,SHARP,JP,0.0014015977952031148,10.51202569789636,65.38689301223845
2013,vw,JP3289800009,KOBE STEEL,JP,0.0013726445363661612,883.3805515638251,4092.384129319641
2013,vw,JP3720800006,NSK,JP,0.0013710294895581277,16.29493248990595,32.66564255462982
2013,vw,JP3753000003,NIPPON YUSEN KK,JP,0.001352631097655047,1010.3963584838287,5197.49120604621
2013,vw,AU000000BLD2,BORAL DEAD - DELIST.08/07/24,AU,0.0013448740312944061,502.6346054910013,688.1335534537824
2013,vw,AU000000BEN6,BENDIGO & ADELAIDE BANK,AU,0.0013446284888460754,1.0163613287941105,0.9637172170254136
2013,vw,JP3362700001,MITSUI OSK LINES,JP,0.0013333750363549806,1191.3931552390347,4941.733043187318
2013,vw,JP3977400005,RINNAI,JP,0.0013301691511493122,10.926408609698822,7.656471481387113
2013,vw,JP3551200003,ELEC.POWER DEV.,JP,0.0012962946683127189,7599.154637949945,14430.503346841644
2013,vw,JP3134800006,IHI,JP,0.0012929124075455737,5.598366055881602,20.336335404557406
2013,vw,NZTELE0001S4,SPARK NEW ZEALAND,NZ,0.0012894160214151197,1.2343760470026675,1.1610816377983166
2013,vw,JP3982800009,ROHM,JP,0.001280998411285026,48.32332680195319,41.10710351828254
2013,vw,JP3190000004,OBAYASHI,JP,0.0012555622886445826,9.869974878421518,40.90311882838043
2013,vw,AU000000QAN2,QANTAS AIRWAYS,AU,0.001248413890888254,750.4054751008388,3441.3254253627565
2013,vw,AU000000MTS0,METCASH,AU,0.001213190653758014,1.5194987462073994,5.726038409240566
2013,vw,JP3443600006,TAISEI,JP,0.0011539492151678309,7.9528598106774915,35.39414573037513
2013,vw,JP3449020001,TAIHEIYO CEMENT,JP,0.0011324694384554183,1546.4462979648497,3771.1476210834912
2013,vw,JP3743000006,NH FOODS,JP,0.0011226581155552228,25.476697314189956,85.94585103335254
2013,vw,JP3528600004,CHIYODA CORPORATION,JP,0.001116979514144535,0.04308300966346653,0.05077698068926655
2013,vw,JP3786200000,HITACHI METALS DEAD - DELIST.29/12/22,JP,0.0011156030930961468,57.724679970036554,107.25921700771585
2013,vw,NZCENE0001S6,CONTACT ENERGY,NZ,0.0011136076284104179,1219.003706292474,837.8650708371894
2013,vw,NZAIAE0002S6,AUCKLAND INTL.AIRPORT,NZ,0.0010951608196865395,6.711821628593924,0.7591451091350041
2013,vw,JP3210200006,KAJIMA,JP,0.0010699979062491682,10.017662588238911,51.390451072412056
2013,vw,JP3596200000,TOTO,JP,0.0010437006558673965,31.460584339791723,52.68529318205916
2013,vw,JP3830000000,BROTHER INDUSTRIES,JP,0.0010115311367917465,1.9596452228319061,3.630551471845191
2013,vw,JP3613400005,TOYO SEIKAN GROUP HDG.,JP,0.000960084806349974,22.88151961924129,64.47801623837415
2013,vw,JP3118000003,ASICS,JP,0.0009587913855658101,2.208737855157513,2.16779685471072
2013,vw,JP3738600000,NITERRA,JP,0.0009307857130787522,24.188200889056272,26.822272257767274
2013,vw,HK0200030994,MELCO INTL.DEV.,HK,0.0009258056972252868,6.082937136819863,0.04301424718530306
2013,vw,JP3711600001,NIPPON SANSO HOLDINGS,JP,0.0009227312291046404,23.522456497176915,44.975319793263445
2013,vw,JP3122400009,ADVANTEST,JP,0.0009181385478175555,1.9120353199854236,1.112688099139311
2013,vw,JP3769000005,HACHIJUNI NAGANO BANK,JP,0.0008931969684181161,1.657130397515808,1.1093687687059817
2013,vw,JP3164800009,NOK,JP,0.0008890089134191252,7.947415022007363,17.378297842543823
2013,vw,JP3870400003,MARUI GROUP,JP,0.0008889120797775301,3.02691775570711,4.173377841063828
2013,vw,JP3358800005,SHIMIZU,JP,0.00088042184441624,14.699149221948744,86.98950031228027
2013,vw,AU000000MND5,MONADELPHOUS GROUP,AU,0.0008758672049169247,3.827732452961815,3.6266790912177904
2013,vw,JP3405400007,SUMITOMO HEAVY INDS.,JP,0.0008674461364424883,2.4106837843524347,6.299162370877139
2013,vw,JP3888300005,MITSUI CHEMICALS,JP,0.000832005023618659,255.77932013312497,1562.8961796333012
2013,vw,JP3456000003,TAKASHIMAYA,JP,0.0008264889643920776,1.6754284009525962,6.504619556120911
2013,vw,JP3845400005,HOKURIKU ELEC.POWER,JP,0.0008223666179355978,3438.1849799213337,7788.31920333737
2013,vw,AU000000TAH8,TABCORP HOLDINGS,AU,0.0008184033553188815,0.8286484748218721,0.7230208835137716
2013,vw,JP3209000003,CASIO COMPUTER,JP,0.0008095949522780644,0.857362967407831,1.1718546426939032
2013,vw,JP3535800001,TSUMURA,JP,0.0007923205222863561,30.41073583716113,14.737865772749494
2013,vw,AU000000OZL8,OZ MINERALS DEAD - DELIST.03/05/23,AU,0.0007727670433728187,199.9358126431534,91.72477064220183
2013,vw,JP3544000007,TEIJIN,JP,0.0007685755300294853,127.29489641181597,496.0254321943142
2013,vw,JP3368000000,RESONAC HOLDINGS,JP,0.0007603308371165259,385.4314666800193,1400.4748605893003
2013,vw,JP3638600001,DOWA HDG.,JP,0.000750018054286641,198.09157204721703,394.6567560588735
2013,vw,JP3414750004,SEIKO EPSON,JP,0.0007334940850172953,20.108682311016203,85.74264241326959
2013,vw,JP3158800007,UBE,JP,0.0007235582617207631,1494.3371215756056,4875.227630113612
2013,vw,JP3421100003,JAPAN PETROLEUM EXP.,JP,0.0007139336894150726,89.30636887922094,107.1924742537711
2013,vw,AU000000DOW2,DOWNER EDI,AU,0.0007130172281642612,24.455746683155972,106.59009666639182
2013,vw,AU000000SGM7,SIMS,AU,0.0007017361089184248,13.56003718635604,54.76834671358379
2013,vw,JP3357200009,SHIMADZU,JP,0.0006998547695960045,1.1430550624263855,1.62427668542796
2013,vw,JP3148800000,IBIDEN,JP,0.0006951860047333807,57.15276242538739,90.53960610296642
2013,vw,AU000000BSL0,BLUESCOPE STEEL,AU,0.0006906866987435483,1023.6302417423894,4053.255622984638
2013,vw,JP3582600007,TOKYO TATEMONO,JP,0.000677596865406488,1.2744789875523659,1.3637454001663851
2013,vw,JP3491000000,DAIDO STEEL,JP,0.0006619824406992682,81.95641168905462,212.03661135955196
2013,vw,JP3820000002,FUJI ELECTRIC,JP,0.000638361948838734,26.125586243159226,113.6738430866913
2013,vw,JP3870000001,MABUCHI MOTOR,JP,0.0006209491850733183,29.171088750544502,14.956196289633587
2013,vw,JP3493400000,DIC,JP,0.000611113653762724,41.93205328904519,188.1453479488645
2013,vw,JP3293200006,COCA-COLA BOTTLERS JAPAN HOLDINGS,JP,0.0005975673189724294,23.702894279156034,57.270096649111636
2013,vw,JP3223800008,KAWASAKI KISEN KAISHA,JP,0.000585826239929016,1097.9158314851934,7291.601286932908
2013,vw,JP3166000004,EBARA,JP,0.0005545558903824641,3.931258048271809,10.730076768130314
2013,vw,JP3165600002,NTN,JP,0.000552771384701639,17.857831272218597,64.91738458554653
2013,vw,JP3665200006,NICHIREI,JP,0.0005270101776929833,8.067683302305314,26.5834580150668
2013,vw,JP3385820000,GS YUASA,JP,0.0005034796027853589,4.997863042852533,10.233267392021101
2013,vw,JP3888400003,MITSUI KINZOKU LIMITED,JP,0.0004985341703753203,152.96623509023232,477.96106941187895
2013,vw,JP3595200001,TOSOH,JP,0.0004961271627128119,987.9906031762662,4733.0926124719435
2013,vw,JP3827200001,FURUKAWA ELECTRIC,JP,0.0004961167876797839,16.16439605257159,108.74490258269144
2013,vw,JP3619800000,TOYOBO,JP,0.0004855031288920856,190.7803174618741,498.86812075278164
2013,vw,JP3320800000,SAPPORO HOLDINGS,JP,0.00048255661951211856,22.462605455398833,85.6089698568091
2013,vw,AU000000CQR9,CHARTER HALL RETAIL REIT,AU,0.00047104379119532235,0.479643371046469,0.06240593223449947
2013,vw,JP3678000005,NISSHINBO HOLDINGS,JP,0.00046671394407828154,61.48087860819123,210.41177298763273
2013,vw,AU000000CWY3,CLEANAWAY WASTE MANAGEMENT,AU,0.0004513658118854484,264.02782527839076,483.8501321687162
2013,vw,AU000000IGO4,IGO,AU,0.0003961844695535768,157.515268270689,33.54516013582521
2013,vw,BMG684371393,PACIFIC BASIN SHIP.,HK,0.00038677431459713273,488.6910067270386,630.4654947334537
2013,vw,JP3811000003,FUJIKURA,JP,0.00038001670975152746,5.350767328287233,25.508718284736634
2013,vw,AU000000IVC8,INVOCARE DEAD - DELIST.27/11/23,AU,0.00037753707685782284,14.241112997754286,5.001511445766577
2013,vw,AU000000CSR5,CSR DEAD - DEAD.10/07/24,AU,0.00036944109275159875,204.6701726784194,343.6551026903563
2013,vw,JP3452000007,TAIYO YUDEN,JP,0.0003666813339661366,17.794976311052253,34.14192477458784
2013,vw,JP3686800008,NIPPON SHEET GLASS,JP,0.00035428316949761326,627.6825583336786,3416.5340726062295
2013,vw,JP3126400005,ALPS ALPINE,JP,0.00035120524303262413,1.5597738551373352,8.935235788209113
2013,vw,JP3375800004,SHINKO ELEC.INDS. DEAD - DELIST.06/06/25,JP,0.0003220444835351097,21.689118376319623,32.80248279120714
2013,vw,JP3194000000,OKI ELECTRIC IND.,JP,0.00028679703799447073,2.4764962360459575,13.987869141072485
2013,vw,AU000000SIG5,SIGMA HEALTHCARE,AU,0.00028175823028717963,1.4966958315387144,5.621563236449332
2013,vw,AU000000GWA4,GWA GROUP,AU,0.0002706949867349324,16.755987495084025,12.846064415571142
2013,vw,AU000000SBM8,ST BARBARA,AU,0.0002545376019659111,196.55234593529545,121.43992608796076
2013,vw,AU000000ERA9,ENERGY RES.OF AUS.,AU,0.0002504498389528582,258.8769809055373,157.20183929631725
2013,vw,AU000000MAH3,MACMAHON HOLDINGS,AU,0.0001247908972614222,77.60307754360407,219.67838931382332
2013,vw,AU0000038911,OVATO DEAD - DELIST.29/08/22,AU,1.979556301752524e-05,23.357871555998624,436.7575122292103
2013,vw_50,HK0011000095,HANG SENG BANK DEAD - DELIST.28/01/26,HK,0.16414689703834764,0.003793298747196484,0.0006676549107725307
2013,vw_50,JP3242800005,CANON,JP,0.06849621210226377,3.4083648386453236,2.678441648399843
2013,vw_50,BMG2442N1048,COSCO SHIPPING PORTS,HK,0.03219541545040561,49.98286581485289,8.2397222041638
2013,vw_50,JP3633400001,TOYOTA MOTOR,JP,0.032048171842661934,11.516275142521295,16.294735007992305
2013,vw_50,JP3420600003,SEKISUI HOUSE,JP,0.03156337076037432,4.082690483597339,9.763162047742227
2013,vw_50,AU000000BLD2,BORAL DEAD - DELIST.08/07/24,AU,0.02909344625297815,502.6346054910013,688.1335534537824
2013,vw_50,JP3678000005,NISSHINBO HOLDINGS,JP,0.026161150942468344,61.48087860819123,210.41177298763273
2013,vw_50,JP3830800003,BRIDGESTONE,JP,0.02200549930891898,62.029725339017894,96.42192263229956
2013,vw_50,JP3304200003,KOMATSU,JP,0.021575643970936476,6.083805335337114,4.71964858727845
2013,vw_50,JP3613400005,TOYO SEIKAN GROUP HDG.,JP,0.02127137909781659,22.88151961924129,64.47801623837415
2013,vw_50,JP3200450009,ORIX,JP,0.0203276895832424,33.4321429456323,24.35581927855827
2013,vw_50,AU000000WBC1,WESTPAC BANKING,AU,0.01975099576805351,0.2424948657744411,0.11672880416523579
2013,vw_50,AU000000QBE9,QBE INSURANCE GROUP,AU,0.019549685349087804,0.6487553522918545,0.7245952936604467
2013,vw_50,AU000000SBM8,ST BARBARA,AU,0.018763469830144396,196.55234593529545,121.43992608796076
2013,vw_50,JP3942800008,YAMAHA MOTOR,JP,0.018237939995718346,14.620592207556378,44.59656295977489
2013,vw_50,AU000000MGR9,MIRVAC GROUP STAPLED UNITS,AU,0.017673166982149983,4.559598063622719,1.2474137261409615
2013,vw_50,AU000000MAH3,MACMAHON HOLDINGS,AU,0.017120705568932828,77.60307754360407,219.67838931382332
2013,vw_50,JP3868400007,MAZDA MOTOR,JP,0.01645083087372878,6.482868234561631,18.081357699714903
2013,vw_50,JP3890350006,SUMITOMO MITSUI FINL.GP.,JP,0.015944517734014885,0.13857339299016877,0.11247513568421956
2013,vw_50,JP3811000003,FUJIKURA,JP,0.01551139178259523,5.350767328287233,25.508718284736634
2013,vw_50,NZAIAE0002S6,AUCKLAND INTL.AIRPORT,NZ,0.013771045937089962,6.711821628593924,0.7591451091350041
2013,vw_50,AU0000038911,OVATO DEAD - DELIST.29/08/22,AU,0.013182259793442817,23.357871555998624,436.7575122292103
2013,vw_50,JP3762600009,NOMURA HDG.,JP,0.011775371205575418,0.17626858494552625,0.1717200012870719
2013,vw_50,AU000000BHP4,BHP GROUP,AU,0.01044662840912364,329.4660755146728,173.69586186189173
2013,vw_50,JP3414750004,SEIKO EPSON,JP,0.009975081579549084,20.108682311016203,85.74264241326959
2013,vw_50,AU000000WES1,WESFARMERS,AU,0.009954316258061525,40.87489855908115,63.39949334462042
2013,vw_50,AU000000ERA9,ENERGY RES.OF AUS.,AU,0.009729135411194346,258.8769809055373,157.20183929631725
2013,vw_50,HK0010000088,HANG LUNG GROUP,HK,0.009554948515177054,0.47552345658625195,0.05974176541658022
2013,vw_50,JP3902900004,MITSUBISHI UFJ FINL.GP.,JP,0.009331573617842662,0.37365369338331517,0.2356761279616212
2013,vw_50,JP3820000002,FUJI ELECTRIC,JP,0.009186587419133327,26.125586243159226,113.6738430866913
2013,vw_50,JP3496400007,KDDI,JP,0.00891420601173431,0.07503500381654968,0.08909902054568389
2013,vw_50,AU000000SIG5,SIGMA HEALTHCARE,AU,0.007665559494602528,1.4966958315387144,5.621563236449332
2013,vw_50,JP3910660004,TOKIO MARINE HOLDINGS,JP,0.007477055209594274,0.5103550696134227,0.8094524969563086
2013,vw_50,JP3358800005,SHIMIZU,JP,0.007164782210295066,14.699149221948744,86.98950031228027
2013,vw_50,SG1U68934629,KEPPEL,SG,0.006971113356315365,51.959358429316765,34.830470895991
2013,vw_50,BMG677491539,ORIENT OVERSEAS (INTL.),HK,0.006687546927261037,818.4432444385052,1203.3033955992669
2013,vw_50,JP3890310000,MS&AD INSURANCE GP.HDG.,JP,0.006392590205357947,0.626589574404727,1.749434979269899
2013,vw_50,JP3898400001,MITSUBISHI,JP,0.0063262850422962135,51.20743267166512,95.00547785344008
2013,vw_50,NZTELE0001S4,SPARK NEW ZEALAND,NZ,0.006325568705298665,1.2343760470026675,1.1610816377983166
2013,vw_50,AU000000ORG5,ORIGIN ENERGY (EX BORAL),AU,0.006273032986484181,950.9628751415604,960.6717319372199
2013,vw_50,JP3134800006,IHI,JP,0.006188373753396288,5.598366055881602,20.336335404557406
2013,vw_50,AU000000BEN6,BENDIGO & ADELAIDE BANK,AU,0.00603997969138049,1.0163613287941105,0.9637172170254136
2013,vw_50,SG1J26887955,SINGAPORE EXCHANGE,SG,0.006018368249611538,0.08957828853455699,0.006906723584010266
2013,vw_50,JP3893600001,MITSUI,JP,0.005962152572481063,25.87867836527121,50.26151464032432
2013,vw_50,JP3357200009,SHIMADZU,JP,0.005559324657816756,1.1430550624263855,1.62427668542796
2013,vw_50,AU000000IGO4,IGO,AU,0.005554418097121019,157.515268270689,33.54516013582521
2013,vw_50,JP3877600001,MARUBENI,JP,0.005309860958205182,0.0028830313095057417,0.011859420987809637
2013,vw_50,AU000000NAB4,NATIONAL AUS.BANK,AU,0.00521311653119991,0.42255082061363747,0.3056608692069693
2013,vw_50,JP3388200002,AEON,JP,0.005118051190028753,4.247676629539556,28.496480202527145
2013,vw_50,JP3634600005,TOYOTA INDS.,JP,0.005088401401368959,11.48580846321351,18.11045898099484
2013,vw_50,JP3551520004,DENTSU GROUP,JP,0.005024144745086793,0.05786019863496524,0.15746238434536663
2013,vw_50,JP3421100003,JAPAN PETROLEUM EXP.,JP,0.004745052947453425,89.30636887922094,107.1924742537711
2013,vw_50,AU000000GPT8,GPT GROUP STAPLED UNITS,AU,0.004712193894870892,14.996852402219837,1.4319168104220013
2013,vw_50,AU000000IVC8,INVOCARE DEAD - DELIST.27/11/23,AU,0.004593674624934789,14.241112997754286,5.001511445766577
2013,vw_50,JP3320800000,SAPPORO HOLDINGS,JP,0.004403917713592813,22.462605455398833,85.6089698568091
2013,vw_50,JP3180400008,OSAKA GAS,JP,0.004362248426273726,239.8980688028916,473.39251426918116
2013,vw_50,AU000000MND5,MONADELPHOUS GROUP,AU,0.0042785815933723366,3.827732452961815,3.6266790912177904
2013,vw_50,JP3788600009,HITACHI,JP,0.004225937315969978,9.086316711541375,32.0679867165324
2013,vw_50,AU000000ASX7,ASX,AU,0.004201485350353088,0.4849738922388011,0.045815656126011385
2013,vw_50,JP3190000004,OBAYASHI,JP,0.004156389974247762,9.869974878421518,40.90311882838043
2013,vw_50,JP3194000000,OKI ELECTRIC IND.,JP,0.004118715182378023,2.4764962360459575,13.987869141072485
2013,vw_50,AU000000CBA7,COMMONWEALTH BK.OF AUS.,AU,0.004065856494219495,0.22976128852495517,0.10066709056033145
2013,vw_50,JP3592200004,TOSHIBA DEAD - DELIST.20/12/23,JP,0.004016211321604779,12.013458913170686,41.55096300304468
2013,vw_50,JP3951600000,UNI CHARM,JP,0.0037695843839656096,6.080078629938535,2.890460355130046
2013,vw_50,JP3551500006,DENSO,JP,0.0034086851008735784,15.040850157403815,17.060009631422982
2013,vw_50,JP3126400005,ALPS ALPINE,JP,0.0032177611326590244,1.5597738551373352,8.935235788209113
2013,vw_50,JP3684000007,NITTO DENKO,JP,0.0032092329623719753,58.31596714893823,40.55192817893168
2013,vw_50,AU000000ANZ3,ANZ GROUP HOLDINGS,AU,0.0032017405631461554,0.42653063075284786,0.21020265328751286
2013,vw_50,AU000000LLC3,LENDLEASE GROUP STAPLED UNITS,AU,0.003038986088484633,13.25695404095906,26.467050474787996
2013,vw_50,JP3638600001,DOWA HDG.,JP,0.002844777999061822,198.09157204721703,394.6567560588735
2013,vw_50,JP3665200006,NICHIREI,JP,0.0027930715780043578,8.067683302305314,26.5834580150668
2013,vw_50,JP3385980002,J S R DEAD - DELIST.25/06/24,JP,0.0026182101870571408,98.18887084823037,79.33619325315198
2013,vw_50,JP3456000003,TAKASHIMAYA,JP,0.002548860562768591,1.6754284009525962,6.504619556120911
2013,vw_50,SGXE21576413,GENTING SINGAPORE,SG,0.0025127914940523224,1.634446700255682,0.2586791652770816
2013,vw_50,JP3209000003,CASIO COMPUTER,JP,0.0022460153957918013,0.857362967407831,1.1718546426939032
2013,vw_50,AU000000TLS2,TELSTRA GROUP,AU,0.0021224671866744613,2.009111768485008,0.89149161861608
2013,vw_50,JP3783600004,EAST JAPAN RAILWAY,JP,0.0020891976345163484,7.337568764375083,7.845276209760271
2013,vw_50,AU000000TCL6,TRANSURBAN GROUP STAPLED UNITS,AU,0.0019737783072439536,0.14034712522305168,0.015493091346001834
2013,vw_50,JP3539220008,T & D HOLDINGS,JP,0.001933557919332155,0.10857180229818672,0.3127162864038229
2013,vw_50,AU000000MTS0,METCASH,AU,0.0018782427518385474,1.5194987462073994,5.726038409240566
2013,vw_50,AU000000CIM7,CIMIC GROUP DEAD - DELIST.11/05/22,AU,0.001842993007661555,160.9360674876165,431.176273886649
2013,vw_50,JP3375800004,SHINKO ELEC.INDS. DEAD - DELIST.06/06/25,JP,0.001716362051250924,21.689118376319623,32.80248279120714
2013,vw_50,JP3359600008,SHARP,JP,0.0016654996218869124,10.51202569789636,65.38689301223845
2013,vw_50,AU000000APA1,APA GROUP,AU,0.0015701321818657106,332.9115568810405,64.68765967678912
2013,vw_50,JP3566800003,CENTRAL JAPAN RAILWAY,JP,0.0015681711003951596,4.671222159296967,4.490025688559471
2013,vw_50,AU000000WOR2,WORLEY,AU,0.0015211101536129596,4.440073837785844,6.124549745858287
2013,vw_50,JP3743000006,NH FOODS,JP,0.0013332096155852684,25.476697314189956,85.94585103335254
2013,vw_50,JP3197600004,ONO PHARM.,JP,0.001311461369360334,13.825063885174243,3.5088229920073215
2013,vw_50,JP3854600008,HONDA MOTOR,JP,0.0012658500961071275,13.690452442557799,20.508351116934257
2013,vw_50,AU000000DOW2,DOWNER EDI,AU,0.0012618643931259362,24.455746683155972,106.59009666639182
2013,vw_50,JP3573000001,TOKYO GAS,JP,0.0012471461246485762,131.11698355683038,226.02421901896508
2013,vw_50,AU000000CSR5,CSR DEAD - DEAD.10/07/24,AU,0.0011757384879261393,204.6701726784194,343.6551026903563
2013,vw_50,JP3435000009,SONY GROUP,JP,0.0010562459434591519,4.183422626930422,20.344412565648707
2013,vw_50,JP3667600005,JGC HOLDINGS,JP,0.000995957204474993,18.147926068588394,16.463667772345165
2013,vw_50,AU000000BSL0,BLUESCOPE STEEL,AU,0.0009874852511996901,1023.6302417423894,4053.255622984638
2013,vw_50,JP3900000005,MITSUBISHI HEAVY INDS.,JP,0.0009455106330282945,5.074177870105436,8.51195681475978
2013,vw_50,HK0066009694,MTR,HK,0.0009312665013782032,11.277347649447377,2.1839733223591704
2013,vw_50,SG1R50925390,SEMBCORP INDUSTRIES,SG,0.0008747300464303976,778.847665671851,810.1183785480654
2013,vw_50,JP3164800009,NOK,JP,0.0008610943118777585,7.947415022007363,17.378297842543823
2013,vw_50,JP3294460005,INPEX,JP,0.0008558207302966215,37.09274367432907,23.35972036203061
2013,vw_50,JP3726800000,JAPAN TOBACCO,JP,0.0007652970102441184,22.18137304447431,6.349151739253161
2013,vw_50,JP3942400007,ASTELLAS PHARMA,JP,0.0006186057544696094,7.615397369506793,3.326401225463054
2013,vw_50,JP3116000005,ASAHI GROUP HOLDINGS,JP,0.000609252567218936,15.365847035573285,25.534270499536095
2013,vw_50,AU000000CSL8,CSL,AU,0.0005760442897719973,11.579611370152607,1.953427836778747
2013,vw_50,JP3626800001,LIXIL,JP,0.0005514052248932863,31.539923890262486,66.87669031886301
2013,vw_50,JP3419400001,SEKISUI CHEMICAL,JP,0.000537681256419682,14.33069548296226,31.446781286189783
2013,vw_50,JP3405400007,SUMITOMO HEAVY INDS.,JP,0.0005145671502013469,2.4106837843524347,6.299162370877139
2013,vw_50,JP3940000007,YAMATO HDG.,JP,0.00048397851518230207,42.49777339592504,76.41563964680282
2013,vw_50,JP3266400005,KUBOTA,JP,0.0004488394556281531,24.498023336716354,19.933114842729772
2013,vw_50,NZFBUE0001S0,FLETCHER BUILDING,NZ,0.00044658602289961836,114.87576690066092,156.04563800861692
2013,vw_50,JP3818000006,FUJITSU,JP,0.0004360423272939418,4.719031783874553,26.771882146605204
2013,vw_50,JP3519400000,CHUGAI PHARM.,JP,0.0003740862111720171,12.816324675490689,4.837261413680066
2013,vw_50,AU000000CQR9,CHARTER HALL RETAIL REIT,AU,0.0003499435674431814,0.479643371046469,0.06240593223449947
2013,vw_50,AU000000WOW2,WOOLWORTHS GROUP,AU,0.00033979726919532735,8.779929535268318,12.633744937067148
2013,vw_50,JP3258000003,KIRIN HOLDINGS,JP,0.00032984975650143756,22.73516162284791,43.946948437923496
2013,vw_50,JP3738600000,NITERRA,JP,0.00029023977055427243,24.188200889056272,26.822272257767274
2013,vw_50,JP3402600005,SUMITOMO METAL MINING,JP,0.0002792405485186039,153.01935328326965,143.81190049987416
2013,vw_50,JP3786200000,HITACHI METALS DEAD - DELIST.29/12/22,JP,0.00027822712581489787,57.724679970036554,107.25921700771585
2013,vw_50,AU000000ORI1,ORICA,AU,0.0002659507601212723,273.73435320030035,194.84821324188457
2013,vw_50,JP3582600007,TOKYO TATEMONO,JP,0.00023454942683485586,1.2744789875523659,1.3637454001663851
2013,vw_50,SG1F60858221,SINGAPORE TECHS.ENGR.,SG,0.00022046428949760657,7.6680701667096836,3.964931251344121
2013,vw_50,JP3535800001,TSUMURA,JP,0.0001985654476890191,30.41073583716113,14.737865772749494
2013,vw_50,HK0006000050,POWER ASSETS HOLDINGS,HK,0.00019628503120402502,6673.762504925252,486.0802564073353
2013,vw_50,JP3528600004,CHIYODA CORPORATION,JP,0.00019373736227631892,0.04308300966346653,0.05077698068926655
2013,vw_50,JP3866800000,PANASONIC HOLDINGS,JP,0.0001648510951600309,8.275773164249243,41.717673648001444
2013,vw_50,IE00BKVD2N49,SEAGATE TECHNOLOGY HOLDINGS,SG,0.0001368076572382163,19.47856967915748,26.328534800535632
2013,vw_50,JP3197800000,OMRON,JP,0.0001196065843684445,5.442293018674887,6.619733916686327
2013,vw_50,JP3827200001,FURUKAWA ELECTRIC,JP,0.00011664530445155311,16.16439605257159,108.74490258269144
2013,vw_50,JP3481800005,DAIKIN INDUSTRIES,JP,0.00010670709553004172,69.43645308923807,82.8067899308793
2013,vw_50,JP3769000005,HACHIJUNI NAGANO BANK,JP,0.00010471478996643543,1.657130397515808,1.1093687687059817
2013,vw_50,JP3148800000,IBIDEN,JP,9.50356159550834e-05,57.15276242538739,90.53960610296642
2013,vw_50,JP3888400003,MITSUI KINZOKU LIMITED,JP,8.810808272330377e-05,152.96623509023232,477.96106941187895
2013,vw_50,JP3502200003,DAIWA SECURITIES GROUP,JP,8.14506636635395e-05,0.23520436845731868,0.11579757915289995
2013,vw_50,JP3870400003,MARUI GROUP,JP,6.656863947746847e-05,3.02691775570711,4.173377841063828
2013,vw_50,JP3407400005,SUMITOMO ELECTRIC IND.,JP,6.610888221589211e-05,8.282217450006382,21.674097253767165
2013,vw_50,BMG524401079,KERRY PROPERTIES,HK,6.410955505594045e-05,0.6379610267494771,0.28326936306182937
2013,vw_50,JP3982100004,LAWSON DEAD - DELIST.24/07/24,JP,6.380970951246172e-05,1.3658511158070636,0.9878000142050888
2013,vw_50,JP3201200007,OLYMPUS,JP,6.296867161822192e-05,2.8671563098552943,3.8764053903197513
2013,vw_50,JP3452000007,TAIYO YUDEN,JP,6.293658070631146e-05,17.794976311052253,34.14192477458784
2013,vw_50,JP3293200006,COCA-COLA BOTTLERS JAPAN HOLDINGS,JP,6.105547984921909e-05,23.702894279156034,57.270096649111636
2013,vw_50,JP3720800006,NSK,JP,5.7100437720317185e-05,16.29493248990595,32.66564255462982
2013,vw_50,JP3166000004,EBARA,JP,5.1550405670287225e-05,3.931258048271809,10.730076768130314
2013,vw_50,JP3443600006,TAISEI,JP,4.750595178544565e-05,7.9528598106774915,35.39414573037513
2013,vw_50,JP3787000003,HITACHI CON.MCH.,JP,4.6237448902248494e-05,4.749318139046107,8.36459215705815
2013,vw_50,AU000000SGM7,SIMS,AU,4.145478858447533e-05,13.56003718635604,54.76834671358379
2013,vw_50,JP3544000007,TEIJIN,JP,3.751352104159255e-05,127.29489641181597,496.0254321943142
2013,vw_50,JP3210200006,KAJIMA,JP,3.544199370621198e-05,10.017662588238911,51.390451072412056
2013,vw_50,HK0002007356,CLP HOLDINGS,HK,2.773078103079872e-05,2829.3242424076534,1780.619485177722
2013,vw_50,JP3688370000,NIPPON EXPRESS HOLDINGS,JP,2.740241599107787e-05,44.425474902427254,182.17731521950554
2013,vw_50,JP3401400001,SUMITOMO CHEMICAL,JP,2.6544974819107033e-05,318.7530802581314,1373.703217946407
2013,vw_50,JP3505000004,DAIWA HOUSE INDUSTRY,JP,2.4435527800983463e-05,9.574366107673903,18.549948328681076
2013,vw_50,JP3027680002,JAPAN REAL ESTATE INV.,JP,2.2895995267817827e-05,12.176057972460013,1.0766913620451029
2013,vw_50,JP3112000009,AGC,JP,2.2053818771394553e-05,410.1454895786856,682.0381941388717
2013,vw_50,AU000000GWA4,GWA GROUP,AU,2.1860265078568044e-05,16.755987495084025,12.846064415571142
2013,vw_50,AU000000AMP6,AMP,AU,2.171920170557001e-05,0.008974394620985211,0.009040960117213592
2013,vw_50,JP3672400003,NISSAN MOTOR,JP,2.0851690265024844e-05,8.176861977202416,18.31151658959873
2013,vw_50,AU000000SGP0,STOCKLAND STAPLED UNITS,AU,2.0812176795571977e-05,9.613342494846648,2.330050050403671
2013,vw_50,AU0000224040,WOODSIDE ENERGY GROUP,AU,1.7655454972217385e-05,1442.9465773539716,300.6496835387096
2013,vw_50,HK0019000162,SWIRE PACIFIC 'A',HK,1.3173964022646764e-05,2844.092886297964,1378.1423635960036
2013,vw_50,JP3463000004,TAKEDA PHARMACEUTICAL,JP,1.2282423825597505e-05,10.141722160875958,4.309650943783937
2013,vw_50,JP3830000000,BROTHER INDUSTRIES,JP,9.86757525923356e-06,1.9596452228319061,3.630551471845191
2013,vw_50,JP3621000003,TORAY INDS.,JP,8.731868858972162e-06,187.79411518876543,343.84550513322284
2013,vw_50,JP3165600002,NTN,JP,7.711744559558616e-06,17.857831272218597,64.91738458554653
2013,vw_50,JP3260800002,KINTETSU GROUP HDG.,JP,7.024469874657392e-06,3.6024524974727834,5.228456696331669
2013,vw_50,JP3449020001,TAIHEIYO CEMENT,JP,6.86959318940431e-06,1546.4462979648497,3771.1476210834912
2013,vw_50,HK0388045442,HONG KONG EXCHANGES AND CLEARING,HK,5.181313851820839e-06,0.14082489395642683,0.005291591797485308
2013,vw_50,JP3733000008,NEC,JP,4.431456065851059e-06,2.278184243792499,11.183966948948349
2013,vw_50,JP3122400009,ADVANTEST,JP,4.301908100521804e-06,1.9120353199854236,1.112688099139311
2013,vw_50,JP3571400005,TOKYO ELECTRON,JP,2.0964911455585557e-06,1.5558012851685632,1.179544606196342
2013,vw_50,JP3902400005,MITSUBISHI ELECTRIC,JP,1.9231785728384075e-06,8.315770357470692,18.542128060458854
2013,vw_50,SG1R89002252,CITY DEVELOPMENTS,SG,1.5813235752781502e-06,1.0729419350592835,0.33822883243453666
2014,vw,JP3633400001,TOYOTA MOTOR,JP,0.06169658863712848,11.358912964361844,14.101496934334566
2014,vw,AU000000CBA7,COMMONWEALTH BK.OF AUS.,AU,0.03283120284501373,0.3055375255884054,0.09975212448837996
2014,vw,AU000000BHP4,BHP GROUP,AU,0.032039064186939185,362.9017238151618,220.14781131373547
2014,vw,JP3902900004,MITSUBISHI UFJ FINL.GP.,JP,0.026382682040609857,0.2840680665917468,0.1547432473987553
2014,vw,AU000000WBC1,WESTPAC BANKING,AU,0.026376483189039242,0.3013277669165467,0.12098231514208531
2014,vw,AU000000ANZ3,ANZ GROUP HOLDINGS,AU,0.02240891057166036,0.5838838444137706,0.24419210074397407
2014,vw,AU000000NAB4,NATIONAL AUS.BANK,AU,0.02136534090093276,0.5548286538553964,0.34148772652593645
2014,vw,JP3854600008,HONDA MOTOR,JP,0.021156400763080802,12.425374062581534,20.708358025480095
2014,vw,JP3890350006,SUMITOMO MITSUI FINL.GP.,JP,0.02013862390783576,0.23877351621972207,0.16240594079265083
2014,vw,JP3726800000,JAPAN TOBACCO,JP,0.01924063558680148,18.76865582898574,6.3466050588417495
2014,vw,JP3735400008,NTT,JP,0.018700024264386866,2.061799960925142,3.6555173387833775
2014,vw,AU000000TLS2,TELSTRA GROUP,AU,0.017542961234025982,2.393916862092946,0.9305306949197633
2014,vw,JP3496400007,KDDI,JP,0.015375435682554006,0.08590580197096383,0.07083796873089636
2014,vw,JP3551500006,DENSO,JP,0.014147898390301799,16.087804825567222,14.055826227820345
2014,vw,AU000000WES1,WESFARMERS,AU,0.01320468797114282,46.628619856049056,59.037464865290964
2014,vw,JP3242800005,CANON,JP,0.01225821189133185,4.800210054982044,4.4838834536046805
2014,vw,JP3672400003,NISSAN MOTOR,JP,0.012110803511701925,7.9588163026584455,20.036863086780652
2014,vw,JP3788600009,HITACHI,JP,0.011673058946228106,8.991472855469267,22.093359082300424
2014,vw,AU000000WOW2,WOOLWORTHS GROUP,AU,0.011653735308174134,9.369424364262178,13.278795787089201
2014,vw,JP3463000004,TAKEDA PHARMACEUTICAL,JP,0.011522680089354314,10.521626176064498,4.637540624120238
2014,vw,HK0016000132,SUN HUNG KAI PROPERTIES,HK,0.010260388834787639,0.5156587373039863,0.10965616236743445
2014,vw,JP3898400001,MITSUBISHI,JP,0.00949868513968764,25.880740163107717,61.072987290145434
2014,vw,HK0011000095,HANG SENG BANK DEAD - DELIST.28/01/26,HK,0.009295891031112216,0.004655856981327412,0.0006995947497971075
2014,vw,JP3830800003,BRIDGESTONE,JP,0.009289446711233789,55.47885158947478,65.39209501555027
2014,vw,AU000000CSL8,CSL,AU,0.00928813547546296,11.423355970484042,1.8527476585990534
2014,vw,JP3783600004,EAST JAPAN RAILWAY,JP,0.00924732869968505,44.59222248686103,39.98517524427078
2014,vw,JP3942400007,ASTELLAS PHARMA,JP,0.008841364512088066,7.29719212056314,2.88179374088457
2014,vw,JP3866800000,PANASONIC HOLDINGS,JP,0.008573978059427423,8.18825270848607,22.106287028030774
2014,vw,AU0000224040,WOODSIDE ENERGY GROUP,AU,0.008469504883307674,1800.2054235632997,360.3381499486568
2014,vw,JP3762600009,NOMURA HDG.,JP,0.008222880699416391,0.14912696674782847,0.11657341423314155
2014,vw,JP3902400005,MITSUBISHI ELECTRIC,JP,0.007834413119936774,9.891343326227783,14.6745094648603
2014,vw,JP3893600001,MITSUI,JP,0.0076787085329416615,26.081482983118565,59.07898293507624
2014,vw,JP3371200001,SHIN-ETSU CHEMICAL,JP,0.00760459263995221,110.64048421659419,49.78322025484031
2014,vw,JP3566800003,CENTRAL JAPAN RAILWAY,JP,0.007130630623898376,4.963652414283307,3.4860240936555233
2014,vw,JP3910660004,TOKIO MARINE HOLDINGS,JP,0.007001623045772814,0.3871292148206309,0.7056132644642953
2014,vw,JP3900000005,MITSUBISHI HEAVY INDS.,JP,0.006780981216184041,4.927111178341123,6.928314398842715
2014,vw,JP3814800003,SUBARU,JP,0.006616110407568214,8.412557960612403,8.78227839540729
2014,vw,HK0004000045,WHARF HOLDINGS,HK,0.0064268636638288275,7.852992640086958,1.5592380904494432
2014,vw,JP3914400001,MURATA MANUFACTURING,JP,0.0064225104853574315,15.032456944373882,5.912004029064612
2014,vw,JP3304200003,KOMATSU,JP,0.006380768444254832,5.852384238708227,5.41502093694471
2014,vw,HK0066009694,MTR,HK,0.006369862194123067,11.939304523475919,2.9033622319987398
2014,vw,JP3200450009,ORIX,JP,0.006126627958634563,23.47564138273533,14.576093593730663
2014,vw,HK0003000038,HONG KONG AND CHINA GAS,HK,0.006113391313175498,199.2912378927137,36.848867799477105
2014,vw,HK0002007356,CLP HOLDINGS,HK,0.005924762900996289,2840.791553196561,2005.7279541679757
2014,vw,JP3266400005,KUBOTA,JP,0.0058257304211673435,23.059238687527735,17.334100656189047
2014,vw,HK0388045442,HONG KONG EXCHANGES AND CLEARING,HK,0.005666325166392479,0.03433024551847254,0.0019741008930064734
2014,vw,JP3592200004,TOSHIBA DEAD - DELIST.20/12/23,JP,0.005526631948892802,12.989350464532478,43.853311796484654
2014,vw,JP3294460005,INPEX,JP,0.005443216224950537,46.48414083838704,34.72600640137549
2014,vw,IE00BKVD2N49,SEAGATE TECHNOLOGY HOLDINGS,SG,0.005218870620388242,22.74885452462772,18.918450663219833
2014,vw,JP3481800005,DAIKIN INDUSTRIES,JP,0.005205245575707962,56.220241538264354,55.93031140910111
2014,vw,JP3205800000,KAO,JP,0.005173092334578759,50.58066916146643,39.46239840084187
2014,vw,JP3734800000,NIDEC,JP,0.005068476227545604,2.1114607110975583,1.064610438773252
2014,vw,JP3435000009,SONY GROUP,JP,0.0050391940334596355,4.038203150643676,18.75984641595084
2014,vw,HK0006000050,POWER ASSETS HOLDINGS,HK,0.004979417839717504,6805.780051772541,559.110664599122
2014,vw,JP3502200003,DAIWA SECURITIES GROUP,JP,0.0049549238312306945,0.1389427622487818,0.05750434888396412
2014,vw,JP3814000000,FUJIFILM HOLDINGS,JP,0.004739244190092186,31.674496196046537,48.76947960628068
2014,vw,JP3634600005,TOYOTA INDS.,JP,0.004629538499664207,9.998001143387409,12.958343344908727
2014,vw,JP3890310000,MS&AD INSURANCE GP.HDG.,JP,0.004594125812270555,0.50511900441191,1.5594385020408577
2014,vw,SG1U68934629,KEPPEL,SG,0.004541635987918447,62.65449019933329,41.626597849556525
2014,vw,JP3397200001,SUZUKI MOTOR,JP,0.004514227431675628,6.437274163435095,12.38960347074092
2014,vw,JP3868400007,MAZDA MOTOR,JP,0.004427176291022776,5.8379165503770505,10.56277481637967
2014,vw,AU000000ORG5,ORIGIN ENERGY (EX BORAL),AU,0.004289934649407418,1166.1681910641719,1081.667567211291
2014,vw,AU000000SUN6,SUNCORP GROUP,AU,0.004233660263043776,0.4876143558425835,0.4631807623290411
2014,vw,JP3116000005,ASAHI GROUP HOLDINGS,JP,0.004155113511738684,21.416613712997847,27.113806182211935
2014,vw,JP3258000003,KIRIN HOLDINGS,JP,0.0041487468717045,16.57205549940967,27.636164280145326
2014,vw,SGXE21576413,GENTING SINGAPORE,SG,0.003996419804337088,1.3566874617452196,0.23558078438293772
2014,vw,JP3519400000,CHUGAI PHARM.,JP,0.003993179001235255,12.939981725660724,4.212848405621178
2014,vw,JP3407400005,SUMITOMO ELECTRIC IND.,JP,0.003915213295165103,7.9402186911999335,15.336161797010908
2014,vw,AU000000QBE9,QBE INSURANCE GROUP,AU,0.0038901848493499004,0.6822935815484403,0.8901008232474144
2014,vw,JP3505000004,DAIWA HOUSE INDUSTRY,JP,0.0038890880099491845,9.479587791565766,18.535681186283597
2014,vw,JP3573000001,TOKYO GAS,JP,0.003862776293107081,140.66394790048506,225.23029797968425
2014,vw,JP3818000006,FUJITSU,JP,0.0038176878043144793,4.740156576588696,17.580113635901196
2014,vw,JP3877600001,MARUBENI,JP,0.003781227992620427,0.002143231537918029,0.011257865097906447
2014,vw,JP3475350009,DAIICHI SANKYO,JP,0.0036356404285395657,12.996514673604564,11.62013961533991
2014,vw,JP3951600000,UNI CHARM,JP,0.0035899211794117075,6.397944553598052,2.7113673856934386
2014,vw,AU000000STO6,SANTOS,AU,0.0035858507555733567,1240.4462276633296,341.1125013864241
2014,vw,JP3551520004,DENTSU GROUP,JP,0.0034914759592052425,0.22172941830980455,0.42708078403452954
2014,vw,AU000000IAG3,INSURANCE AUS.GROUP,AU,0.003460658811397026,0.995656028984099,0.8243270300433577
2014,vw,AU000000AMP6,AMP,AU,0.003433157039341115,0.00841092554372201,0.013291628428119678
2014,vw,JP3621000003,TORAY INDS.,JP,0.003384389633125149,181.26082772061258,290.85493995194685
2014,vw,JP3388200002,AEON,JP,0.003280413608008558,4.209479387722288,24.30930487199597
2014,vw,JP3197600004,ONO PHARM.,JP,0.003164319527190007,15.055121169442963,2.1308247863038043
2014,vw,JP3165700000,NTT DATA GROUP DEAD - DELIST.26/09/25,JP,0.003128878875052427,0.6659116021343819,0.8703259948817204
2014,vw,JP3201200007,OLYMPUS,JP,0.0030947090651666682,2.886427812547534,1.99290750234442
2014,vw,JP3940000007,YAMATO HDG.,JP,0.0030664491378309426,34.55895656345736,46.50988411033887
2014,vw,JP3667600005,JGC HOLDINGS,JP,0.0030382979622771574,18.034943694908506,12.207578641211583
2014,vw,HK0019000162,SWIRE PACIFIC 'A',HK,0.0030369152610496258,2575.9583332641487,1746.0008471610895
2014,vw,JP3420600003,SEKISUI HOUSE,JP,0.0029615440617772014,3.9907738038810403,7.464356721311475
2014,vw,JP3571400005,TOKYO ELECTRON,JP,0.002944106490341457,2.1236044028369574,1.1768703965011562
2014,vw,SG1F60858221,SINGAPORE TECHS.ENGR.,SG,0.002833633323052354,5.6887264502523776,3.2455406438228036
2014,vw,AU000000TCL6,TRANSURBAN GROUP STAPLED UNITS,AU,0.0027947809721556066,0.14310630973968097,0.01656558693875736
2014,vw,SG1V61937297,SINGAPORE AIRLINES,SG,0.0027780891272245986,1174.6908398774221,1574.9320812497274
2014,vw,JP3197800000,OMRON,JP,0.0027773931158201785,6.63784427387474,5.4211010908879365
2014,vw,JP3546800008,TERUMO,JP,0.002753169433191336,18.13067984446611,9.130276289609204
2014,vw,JP3119600009,AJINOMOTO,JP,0.0027400974690020676,126.85651243070227,145.4886058494811
2014,vw,JP3973400009,RICOH,JP,0.0026516387695715263,8.6463467936142,21.502553940943557
2014,vw,JP3180400008,OSAKA GAS,JP,0.002614855809725421,279.35820610019783,475.6704600682789
2014,vw,JP3626800001,LIXIL,JP,0.0025937890359666285,24.30698965882118,44.323639234327096
2014,vw,JP3539220008,T & D HOLDINGS,JP,0.002591051598255493,0.11090863524973671,0.2863693925323305
2014,vw,HK0293001514,CATHAY PACIFIC AIRWAYS,HK,0.002534575244296818,1286.9095693625366,2041.7494164607117
2014,vw,JP3659000008,WEST JAPAN RAILWAY,JP,0.0024969471277453458,7.706842203870176,12.443971020480287
2014,vw,JP3733000008,NEC,JP,0.002381940564746201,2.0350834134901814,7.826879853480809
2014,vw,AU000000ORI1,ORICA,AU,0.00237589085847653,263.2634599202772,209.2482495076127
2014,vw,JP3402600005,SUMITOMO METAL MINING,JP,0.0023559737464125385,193.5367233504242,210.22589392164932
2014,vw,JP3762800005,NOMURA RESEARCH INST.,JP,0.002350989807605886,0.5287593534224875,0.2643306882642461
2014,vw,JP3684000007,NITTO DENKO,JP,0.002324789949739494,56.168417096501855,54.331485332720305
2014,vw,AU000000SGP0,STOCKLAND STAPLED UNITS,AU,0.0023102638188659897,13.471733834125422,2.9725777752074256
2014,vw,JP3429800000,ANA HOLDINGS,JP,0.002298434732184615,613.9647844565877,1281.5763930383905
2014,vw,JP3982100004,LAWSON DEAD - DELIST.24/07/24,JP,0.0022961043368573144,1.356427662025806,0.8796098321433791
2014,vw,SG1R50925390,SEMBCORP INDUSTRIES,SG,0.002265461191900203,673.0066252189042,781.7836187529316
2014,vw,JP3224200000,KAWASAKI HEAVY INDUSTRY,JP,0.002257419774424133,10.592167845839041,19.06157348653983
2014,vw,JP3493800001,DAI NIPPON PRINTING,JP,0.00216244839685223,23.107185267915487,47.000570444098635
2014,vw,JP3401400001,SUMITOMO CHEMICAL,JP,0.0021386939004826174,113.60456624951942,348.2472860828936
2014,vw,JP3657400002,NIKON,JP,0.0021355711707440354,2.5603664818437535,3.6043992498170376
2014,vw,JP3112000009,AGC,JP,0.0021194230847227306,408.0736293692739,779.942002808964
2014,vw,JP3134800006,IHI,JP,0.002104033153981241,6.112413317098525,11.227661858763728
2014,vw,JP3351600006,SHISEIDO,JP,0.002087931675866482,3.726073925907266,3.9885887253391905
2014,vw,JP3786200000,HITACHI METALS DEAD - DELIST.29/12/22,JP,0.002062437150985819,49.538809433506536,52.12711785248327
2014,vw,JP3260800002,KINTETSU GROUP HDG.,JP,0.002047783625167756,3.2001016676661247,5.555454399237686
2014,vw,AU000000NCM7,NEWCREST MINING DEAD - DELIST.08/11/23,AU,0.002035438744320605,439.29370760793427,235.50627182008725
2014,vw,SGXE34184239,SEATRIUM,SG,0.002023746374165098,14.186046511627907,9.440665735210574
2014,vw,JP3720800006,NSK,JP,0.0019792482521887454,15.776062268056862,20.330021397543756
2014,vw,JP3419050004,SEGA SAMMY HDG.,JP,0.001955832439940034,3.3782009470483096,2.217480892139683
2014,vw,SG1R89002252,CITY DEVELOPMENTS,SG,0.0019302850927652854,2.9685578001950548,1.1852273952845238
2014,vw,JP3027680002,JAPAN REAL ESTATE INV.,JP,0.0019289738569944579,11.571665809506236,0.9495674192867694
2014,vw,HK0010000088,HANG LUNG GROUP,HK,0.0019230515456693457,1.923669706638955,0.3900271932758445
2014,vw,JP3419400001,SEKISUI CHEMICAL,JP,0.0018939153896905554,14.556639408674481,25.482620921831064
2014,vw,AU000000ASX7,ASX,AU,0.0018899195385026779,0.12803277639075605,0.016440878600552416
2014,vw,JP3256000005,KYOWA KIRIN,JP,0.0018822634130540548,19.666208070889315,10.920703362298935
2014,vw,JP3414750004,SEIKO EPSON,JP,0.001873249443928058,11.174492014876122,17.896247149077336
2014,vw,AU000000SHL7,SONIC HEALTHCARE,AU,0.0018178575005950196,2.5394181003421896,1.3944155009503494
2014,vw,JP3359600008,SHARP,JP,0.0018062863109965322,12.810274336815468,62.099620865472616
2014,vw,SG1J26887955,SINGAPORE EXCHANGE,SG,0.0017760471012294864,0.07994402199234256,0.008135173340424639
2014,vw,JP3300600008,KONICA MINOLTA,JP,0.0017718151033151094,18.084761956012567,28.760324781228626
2014,vw,JP3982800009,ROHM,JP,0.0017382014811141327,22.988181792275245,13.12234989596219
2014,vw,HK0200030994,MELCO INTL.DEV.,HK,0.001737325252471068,5.016733742851091,0.021179332176774632
2014,vw,JP3753000003,NIPPON YUSEN KK,JP,0.001706433532012378,959.6070377264232,3701.552033183536
2014,vw,JP3596200000,TOTO,JP,0.0017009866213340353,32.298685868976804,30.505904810616784
2014,vw,AU000000MGR9,MIRVAC GROUP STAPLED UNITS,AU,0.0016805412863291891,7.627857112855083,2.115354392582115
2014,vw,BMG668971101,CTF SERVICES,HK,0.0016770488005320087,164.49932897930486,72.12757836774244
2014,vw,AU000000GPT8,GPT GROUP STAPLED UNITS,AU,0.001670365226733312,17.493821510297483,1.7775958927043416
2014,vw,AU000000LLC3,LENDLEASE GROUP STAPLED UNITS,AU,0.0016593191528819094,11.138336281786682,23.00697532887037
2014,vw,JP3738600000,NITERRA,JP,0.0016209888105384776,20.75724404526741,13.837746243451557
2014,vw,BMG8063F1068,SHANGRI-LA ASIA,HK,0.0016171048183263109,73.02068597973776,29.170181327686816
2014,vw,JP3289800009,KOBE STEEL,JP,0.001596373621494649,932.8426246882317,3161.549885453912
2014,vw,JP3629000005,TOPPAN HOLDINGS,JP,0.0015946802008901444,18.323084251464568,53.75412589483693
2014,vw,JP3174410005,OJI HOLDINGS,JP,0.001561265439090431,448.31775863599006,1143.1573751960323
2014,vw,NZFBUE0001S0,FLETCHER BUILDING,NZ,0.0015569930476570474,124.05300620531203,169.27716012796026
2014,vw,JP3443600006,TAISEI,JP,0.0015536093136418075,11.193546583901263,32.59973920208638
2014,vw,JP3688370000,NIPPON EXPRESS HOLDINGS,JP,0.001551692175085882,45.727432524041774,152.63232723318788
2014,vw,JP3362700001,MITSUI OSK LINES,JP,0.0015399096963110528,1146.9399781254342,3805.5266901401346
2014,vw,JP3894900004,ISETAN MITSUKOSHI HDG.,JP,0.0015291308411238475,3.409699375423609,8.782100518972783
2014,vw,SG9999000020,FLEX,SG,0.0015180257305908201,2.6335708446044914,13.086836201673515
2014,vw,JP3551200003,ELEC.POWER DEV.,JP,0.0014951101765390358,7962.301468720035,11241.18567595708
2014,vw,AU000000CIM7,CIMIC GROUP DEAD - DELIST.11/05/22,AU,0.0014909838232128297,7.7079665603653815,31.934837834402074
2014,vw,BMG524401079,KERRY PROPERTIES,HK,0.001442126308377541,2.020902669859204,0.7834096417990843
2014,vw,JP3942800008,YAMAHA MOTOR,JP,0.0014330377666010705,11.954070723433308,36.105583261058115
2014,vw,AU0000088338,AMPOL,AU,0.00142581664828021,78.39835114100738,371.44370156643623
2014,vw,JP3449020001,TAIHEIYO CEMENT,JP,0.0014130119027551385,1829.0692046624276,3243.5047443128715
2014,vw,JP3903000002,MITSUBISHI MATERIALS,JP,0.0013840031417209067,798.7187058806187,2445.1134774223824
2014,vw,AU000000APA1,APA GROUP,AU,0.001379628212893122,287.9800036619265,70.13812720856015
2014,vw,JP3269600007,KURARAY,JP,0.0013499451908108584,483.41957834957736,405.9692766619558
2014,vw,JP3385980002,J S R DEAD - DELIST.25/06/24,JP,0.001348795529116057,102.2495965357415,89.38279795801773
2014,vw,JP3190000004,OBAYASHI,JP,0.0013262341951540224,9.420873950195757,34.08875258594231
2014,vw,JP3358800005,SHIMIZU,JP,0.001311478131941558,15.101444128400429,52.46826415970508
2014,vw,JP3955000009,YOKOGAWA ELECTRIC,JP,0.0013082000425144891,5.562564313617085,4.908520437125763
2014,vw,JP3787000003,HITACHI CON.MCH.,JP,0.0012951529358753784,5.477923708681192,10.06833819549738
2014,vw,AU000000BEN6,BENDIGO & ADELAIDE BANK,AU,0.0012885097555956884,1.2525066009805452,0.9035752352382285
2014,vw,AU000000DXS1,DEXUS STAPLED UNITS,AU,0.0012733497571931589,20.716665385545582,2.696391228065895
2014,vw,JP3977400005,RINNAI,JP,0.0012642581082229188,10.919120264353769,7.237688660812375
2014,vw,JP3528600004,CHIYODA CORPORATION,JP,0.001254998670789113,0.03806641196213784,0.04060400939834266
2014,vw,JP3582600007,TOKYO TATEMONO,JP,0.0012226061757396418,1.6074640080847202,0.8877288576685743
2014,vw,JP3743000006,NH FOODS,JP,0.0012204839623949138,25.762267640966698,71.0297790439239
2014,vw,NZAIAE0002S6,AUCKLAND INTL.AIRPORT,NZ,0.0012130360189288628,6.026549166155391,0.5535405075871679
2014,vw,JP3613400005,TOYO SEIKAN GROUP HDG.,JP,0.0012089220943777355,73.86710814796793,142.64711929925568
2014,vw,JP3210200006,KAJIMA,JP,0.0011615498181643793,11.710299377526514,46.278214998421724
2014,vw,BMG2442N1048,COSCO SHIPPING PORTS,HK,0.0011573147130562328,74.70517382492545,16.002394868752063
2014,vw,JP3830000000,BROTHER INDUSTRIES,JP,0.0011284613117104878,1.7739739777149235,2.849299377438549
2014,vw,JP3118000003,ASICS,JP,0.0010977715588468303,2.426715034931699,1.7650721766204358
2014,vw,AU000000WOR2,WORLEY,AU,0.0010838078300456483,4.823142028118368,11.240919020888402
2014,vw,NZTELE0001S4,SPARK NEW ZEALAND,NZ,0.0010806509211755992,0.6808926366417417,0.604387705224417
2014,vw,AU000000BLD2,BORAL DEAD - DELIST.08/07/24,AU,0.0010254298734998961,653.7965265032202,745.1108727402748
2014,vw,JP3820000002,FUJI ELECTRIC,JP,0.0009873014987514968,28.41916129708592,66.03555659062084
2014,vw,JP3456000003,TAKASHIMAYA,JP,0.0009492166247158739,1.7698564919064788,5.0885462699270025
2014,vw,JP3711600001,NIPPON SANSO HOLDINGS,JP,0.0009475946695680729,24.04436666537094,39.34839065082238
2014,vw,JP3209000003,CASIO COMPUTER,JP,0.0009469856595892052,1.9455984505268362,1.9828593177850984
2014,vw,NZCENE0001S6,CONTACT ENERGY,NZ,0.0009447981951753128,818.9566270686345,534.091058579002
2014,vw,JP3405400007,SUMITOMO HEAVY INDS.,JP,0.0009447795520126944,2.7038307634676872,5.196308647578455
2014,vw,JP3166000004,EBARA,JP,0.0009193192062634985,2.201743180285314,3.342030905674152
2014,vw,JP3870400003,MARUI GROUP,JP,0.0009191949185127093,3.213046090362857,4.4093189285665995
2014,vw,JP3769000005,HACHIJUNI NAGANO BANK,JP,0.0008922990492418963,1.917675297482253,1.0460629866421518
2014,vw,JP3164800009,NOK,JP,0.0008750634454011849,7.8477522363801375,15.862583222370173
2014,vw,JP3638600001,DOWA HDG.,JP,0.0008712291682893338,192.8965653863915,305.25230838365
2014,vw,JP3148800000,IBIDEN,JP,0.0008582970278197032,48.34055427213759,53.21671511680526
2014,vw,AU000000BSL0,BLUESCOPE STEEL,AU,0.0008412696059615638,1173.060720405915,2895.670898138128
2014,vw,JP3493400000,DIC,JP,0.0008322711728044157,35.779864498289164,124.12255976225765
2014,vw,JP3357200009,SHIMADZU,JP,0.000825867246444995,1.1406837508957681,1.2366813147122562
2014,vw,BMG677491539,ORIENT OVERSEAS (INTL.),HK,0.0008114063666406555,787.6008195999792,1877.6240914765372
2014,vw,JP3845400005,HOKURIKU ELEC.POWER,JP,0.0008055182344470106,3760.6550200074157,7143.87659454643
2014,vw,JP3595200001,TOSOH,JP,0.0007821832092363124,928.5649109812194,2748.9443179877094
2014,vw,JP3888300005,MITSUI CHEMICALS,JP,0.0007777896372459093,252.53378361360666,1502.0833416560467
2014,vw,JP3126400005,ALPS ALPINE,JP,0.000742122159963139,1.4106209779269065,3.799196114553676
2014,vw,AU000000MTS0,METCASH,AU,0.0007295722043271855,1.716040161507853,8.554903939932112
2014,vw,AU000000TAH8,TABCORP HOLDINGS,AU,0.0007165188833005352,1.0186577281846865,0.7836079791847355
2014,vw,JP3544000007,TEIJIN,JP,0.0007131693284167625,142.94887912892187,480.28380721673744
2014,vw,JP3223800008,KAWASAKI KISEN KAISHA,JP,0.0006889580745629995,1000.2595477326096,5570.562395706489
2014,vw,JP3870000001,MABUCHI MOTOR,JP,0.0006869135410625148,25.083740124456597,12.147173771440979
2014,vw,JP3158800007,UBE,JP,0.0006843780709464123,1618.1489042831608,4630.974865610926
2014,vw,JP3293200006,COCA-COLA BOTTLERS JAPAN HOLDINGS,JP,0.0006789498034306881,23.209728867623603,45.287379467207295
2014,vw,JP3165600002,NTN,JP,0.0006731921733753719,17.201905966273905,47.892511631341854
2014,vw,JP3421100003,JAPAN PETROLEUM EXP.,JP,0.0006629726130667185,81.2925150533338,92.87471820853271
2014,vw,JP3385820000,GS YUASA,JP,0.0006624847836448704,4.865397954838394,7.191501336710286
2014,vw,JP3491000000,DAIDO STEEL,JP,0.0006613195859812203,93.27667554530056,190.69795851246272
2014,vw,JP3122400009,ADVANTEST,JP,0.0006528245182147691,3.6048017050808943,1.9481106705822435
2014,vw,AU000000QAN2,QANTAS AIRWAYS,AU,0.0006523708679243881,870.6759109934894,5686.218475387583
2014,vw,JP3368000000,RESONAC HOLDINGS,JP,0.0006431828959472862,370.6006249348553,1499.531396438613
2014,vw,AU000000SGM7,SIMS,AU,0.0005803771882796638,16.466875456001635,57.25031453275156
2014,vw,AU000000DOW2,DOWNER EDI,AU,0.0005784010130421134,31.062235255783644,117.78682668185164
2014,vw,JP3535800001,TSUMURA,JP,0.0005472824674382327,31.708848039998273,19.170086411482167
2014,vw,JP3827200001,FURUKAWA ELECTRIC,JP,0.0005464714898643323,15.773405228798572,84.15163214364911
2014,vw,HK0242001243,SHUN TAK HOLDINGS,HK,0.000539691593058774,850.0470109504029,225.38473496036062
2014,vw,JP3811000003,FUJIKURA,JP,0.0005193581170296382,5.002359300390695,16.76966981160296
2014,vw,JP3194000000,OKI ELECTRIC IND.,JP,0.0005117579210688701,2.6071781864080688,7.346646347016716
2014,vw,AU000000BPT9,BEACH ENERGY,AU,0.0005039402215442207,77.98223334469351,38.65708912661467
2014,vw,AU000000CWY3,CLEANAWAY WASTE MANAGEMENT,AU,0.0004883234656575403,436.05994241523865,355.88416826271487
2014,vw,JP3888400003,MITSUI KINZOKU LIMITED,JP,0.00048703398024310104,151.43578711065382,413.1577604246414
2014,vw,JP3678000005,NISSHINBO HOLDINGS,JP,0.00048338302756366423,60.167902343725174,182.52801007912888
2014,vw,JP3619800000,TOYOBO,JP,0.00047547521941969254,204.2455983173691,457.66742471769135
2014,vw,JP3320800000,SAPPORO HOLDINGS,JP,0.00046424582113587583,23.72395880398328,79.9502175222542
2014,vw,JP3452000007,TAIYO YUDEN,JP,0.0004440335256637597,14.90999627965544,21.14551625205556
2014,vw,JP3665200006,NICHIREI,JP,0.0004185296792017875,8.289846007959365,30.504020134078708
2014,vw,AU000000CSR5,CSR DEAD - DEAD.10/07/24,AU,0.00041002528985402696,209.32035541475963,237.54243710215218
2014,vw,AU000000MND5,MONADELPHOUS GROUP,AU,0.00039194142211417834,4.003150219900864,7.2815918820358325
2014,vw,BMG684371393,PACIFIC BASIN SHIP.,HK,0.00037199634530625926,528.3762038571463,753.4183643638125
2014,vw,JP3686800008,NIPPON SHEET GLASS,JP,0.00036599635413690394,551.4106894753104,2716.699210459292
2014,vw,AU000000CQR9,CHARTER HALL RETAIL REIT,AU,0.0003526789216398263,0.5522385150631176,0.07488722864392444
2014,vw,JP3375800004,SHINKO ELEC.INDS. DEAD - DELIST.06/06/25,JP,0.00032520200713407336,23.21544089444066,30.997219594691437
2014,vw,AU000000IVC8,INVOCARE DEAD - DELIST.27/11/23,AU,0.0003171823400143913,15.801583052368066,5.348746081504703
2014,vw,AU000000OZL8,OZ MINERALS DEAD - DELIST.03/05/23,AU,0.00029160081370817575,407.8093744216992,246.5598260999286
2014,vw,AU000000GWA4,GWA GROUP,AU,0.00025174794641757444,20.163612855410864,12.35729008528653
2014,vw,AU000000IGO4,IGO,AU,0.0002127029495071038,159.75937774119387,56.13760864801695
2014,vw,AU000000SIG5,SIGMA HEALTHCARE,AU,0.00018175219236678887,1.7246307012130027,7.829862891920538
2014,vw,AU000000ERA9,ENERGY RES.OF AUS.,AU,0.0001743291064508956,349.0915781242813,202.9123963996079
2014,vw,AU000000MAH3,MACMAHON HOLDINGS,AU,4.490205716641819e-05,75.80549993018937,548.534703480728
2014,vw,AU000000SBM8,ST BARBARA,AU,4.008590682333133e-05,181.6192337859201,692.8222618401675
2014,vw,AU0000038911,OVATO DEAD - DELIST.29/08/22,AU,3.811283877955059e-05,30.64825973051598,203.81542475134518
2014,vw_50,HK0011000095,HANG SENG BANK DEAD - DELIST.28/01/26,HK,0.04765529337743937,0.004655856981327412,0.0006995947497971075
2014,vw_50,JP3634600005,TOYOTA INDS.,JP,0.038313925672539016,9.998001143387409,12.958343344908727
2014,vw_50,AU000000WBC1,WESTPAC BANKING,AU,0.03620656077054237,0.3013277669165467,0.12098231514208531
2014,vw_50,JP3242800005,CANON,JP,0.03342441165129349,4.800210054982044,4.4838834536046805
2014,vw_50,JP3902900004,MITSUBISHI UFJ FINL.GP.,JP,0.03169367633803685,0.2840680665917468,0.1547432473987553
2014,vw_50,AU000000ANZ3,ANZ GROUP HOLDINGS,AU,0.028135213562257864,0.5838838444137706,0.24419210074397407
2014,vw_50,AU000000BHP4,BHP GROUP,AU,0.027841429255879395,362.9017238151618,220.14781131373547
2014,vw_50,JP3854600008,HONDA MOTOR,JP,0.027787135543480338,12.425374062581534,20.708358025480095
2014,vw_50,JP3633400001,TOYOTA MOTOR,JP,0.026163803922719414,11.358912964361844,14.101496934334566
2014,vw_50,JP3942400007,ASTELLAS PHARMA,JP,0.01777283042122612,7.29719212056314,2.88179374088457
2014,vw_50,AU000000WES1,WESFARMERS,AU,0.01754901426959058,46.628619856049056,59.037464865290964
2014,vw_50,JP3496400007,KDDI,JP,0.01723685781473956,0.08590580197096383,0.07083796873089636
2014,vw_50,JP3726800000,JAPAN TOBACCO,JP,0.016733131239126828,18.76865582898574,6.3466050588417495
2014,vw_50,JP3200450009,ORIX,JP,0.015776207278016808,23.47564138273533,14.576093593730663
2014,vw_50,AU000000WOW2,WOOLWORTHS GROUP,AU,0.015715657910578683,9.369424364262178,13.278795787089201
2014,vw_50,JP3890350006,SUMITOMO MITSUI FINL.GP.,JP,0.015252843778660688,0.23877351621972207,0.16240594079265083
2014,vw_50,HK0016000132,SUN HUNG KAI PROPERTIES,HK,0.014416104394223398,0.5156587373039863,0.10965616236743445
2014,vw_50,JP3420600003,SEKISUI HOUSE,JP,0.014235094575782876,3.9907738038810403,7.464356721311475
2014,vw_50,JP3735400008,NTT,JP,0.013603438800904687,2.061799960925142,3.6555173387833775
2014,vw_50,JP3738600000,NITERRA,JP,0.012798348278943706,20.75724404526741,13.837746243451557
2014,vw_50,AU000000TLS2,TELSTRA GROUP,AU,0.012089307897682628,2.393916862092946,0.9305306949197633
2014,vw_50,JP3672400003,NISSAN MOTOR,JP,0.012026330075277602,7.9588163026584455,20.036863086780652
2014,vw_50,JP3769000005,HACHIJUNI NAGANO BANK,JP,0.011916105512855109,1.917675297482253,1.0460629866421518
2014,vw_50,AU000000NAB4,NATIONAL AUS.BANK,AU,0.011078217883593046,0.5548286538553964,0.34148772652593645
2014,vw_50,JP3762600009,NOMURA HDG.,JP,0.0110628285554975,0.14912696674782847,0.11657341423314155
2014,vw_50,HK0006000050,POWER ASSETS HOLDINGS,HK,0.010873106131936323,6805.780051772541,559.110664599122
2014,vw_50,JP3788600009,HITACHI,JP,0.010520443577656512,8.991472855469267,22.093359082300424
2014,vw_50,JP3783600004,EAST JAPAN RAILWAY,JP,0.010178793533687443,44.59222248686103,39.98517524427078
2014,vw_50,JP3551500006,DENSO,JP,0.009866361464970459,16.087804825567222,14.055826227820345
2014,vw_50,JP3814000000,FUJIFILM HOLDINGS,JP,0.0096389870643855,31.674496196046537,48.76947960628068
2014,vw_50,AU000000QBE9,QBE INSURANCE GROUP,AU,0.009292025958158139,0.6822935815484403,0.8901008232474144
2014,vw_50,AU000000CSL8,CSL,AU,0.009129093722033783,11.423355970484042,1.8527476585990534
2014,vw_50,JP3900000005,MITSUBISHI HEAVY INDS.,JP,0.008858583459068117,4.927111178341123,6.928314398842715
2014,vw_50,JP3830800003,BRIDGESTONE,JP,0.00872644009727993,55.47885158947478,65.39209501555027
2014,vw_50,JP3898400001,MITSUBISHI,JP,0.008685615009046377,25.880740163107717,61.072987290145434
2014,vw_50,JP3294460005,INPEX,JP,0.008273205947421059,46.48414083838704,34.72600640137549
2014,vw_50,BMG8063F1068,SHANGRI-LA ASIA,HK,0.00815165362529844,73.02068597973776,29.170181327686816
2014,vw_50,AU000000CBA7,COMMONWEALTH BK.OF AUS.,AU,0.007933948507973198,0.3055375255884054,0.09975212448837996
2014,vw_50,JP3566800003,CENTRAL JAPAN RAILWAY,JP,0.00769319354512692,4.963652414283307,3.4860240936555233
2014,vw_50,JP3910660004,TOKIO MARINE HOLDINGS,JP,0.007688537548481154,0.3871292148206309,0.7056132644642953
2014,vw_50,JP3197600004,ONO PHARM.,JP,0.007180425183748504,15.055121169442963,2.1308247863038043
2014,vw_50,BMG2442N1048,COSCO SHIPPING PORTS,HK,0.006684569342380451,74.70517382492545,16.002394868752063
2014,vw_50,JP3621000003,TORAY INDS.,JP,0.006529867021360352,181.26082772061258,290.85493995194685
2014,vw_50,JP3814800003,SUBARU,JP,0.006403463412188314,8.412557960612403,8.78227839540729
2014,vw_50,JP3351600006,SHISEIDO,JP,0.006348892999457267,3.726073925907266,3.9885887253391905
2014,vw_50,AU000000AMP6,AMP,AU,0.006261318530800099,0.00841092554372201,0.013291628428119678
2014,vw_50,JP3940000007,YAMATO HDG.,JP,0.005965816356821399,34.55895656345736,46.50988411033887
2014,vw_50,JP3405400007,SUMITOMO HEAVY INDS.,JP,0.005666013016364279,2.7038307634676872,5.196308647578455
2014,vw_50,JP3362700001,MITSUI OSK LINES,JP,0.0055136472937225645,1146.9399781254342,3805.5266901401346
2014,vw_50,JP3421100003,JAPAN PETROLEUM EXP.,JP,0.005506058609151054,81.2925150533338,92.87471820853271
2014,vw_50,AU0000224040,WOODSIDE ENERGY GROUP,AU,0.005466445751444776,1800.2054235632997,360.3381499486568
2014,vw_50,HK0388045442,HONG KONG EXCHANGES AND CLEARING,HK,0.005436386151205836,0.03433024551847254,0.0019741008930064734
2014,vw_50,AU000000TAH8,TABCORP HOLDINGS,AU,0.005359123505507751,1.0186577281846865,0.7836079791847355
2014,vw_50,JP3868400007,MAZDA MOTOR,JP,0.005152455329619879,5.8379165503770505,10.56277481637967
2014,vw_50,BMG524401079,KERRY PROPERTIES,HK,0.005070052932656933,2.020902669859204,0.7834096417990843
2014,vw_50,JP3463000004,TAKEDA PHARMACEUTICAL,JP,0.0050093761144134,10.521626176064498,4.637540624120238
2014,vw_50,JP3894900004,ISETAN MITSUKOSHI HDG.,JP,0.004821277086092505,3.409699375423609,8.782100518972783
2014,vw_50,JP3371200001,SHIN-ETSU CHEMICAL,JP,0.004818807993605209,110.64048421659419,49.78322025484031
2014,vw_50,AU000000SUN6,SUNCORP GROUP,AU,0.004789964174065678,0.4876143558425835,0.4631807623290411
2014,vw_50,JP3304200003,KOMATSU,JP,0.0047627601636804195,5.852384238708227,5.41502093694471
2014,vw_50,JP3359600008,SHARP,JP,0.004720409137677791,12.810274336815468,62.099620865472616
2014,vw_50,AU000000MAH3,MACMAHON HOLDINGS,AU,0.0047083139298094955,75.80549993018937,548.534703480728
2014,vw_50,AU000000DXS1,DEXUS STAPLED UNITS,AU,0.004623221378666188,20.716665385545582,2.696391228065895
2014,vw_50,IE00BKVD2N49,SEAGATE TECHNOLOGY HOLDINGS,SG,0.004621727750069161,22.74885452462772,18.918450663219833
2014,vw_50,JP3787000003,HITACHI CON.MCH.,JP,0.0044909054153582624,5.477923708681192,10.06833819549738
2014,vw_50,JP3385980002,J S R DEAD - DELIST.25/06/24,JP,0.004352292591123518,102.2495965357415,89.38279795801773
2014,vw_50,JP3914400001,MURATA MANUFACTURING,JP,0.004316599130849,15.032456944373882,5.912004029064612
2014,vw_50,JP3659000008,WEST JAPAN RAILWAY,JP,0.004309914350017977,7.706842203870176,12.443971020480287
2014,vw_50,JP3902400005,MITSUBISHI ELECTRIC,JP,0.00427799775838859,9.891343326227783,14.6745094648603
2014,vw_50,JP3435000009,SONY GROUP,JP,0.004246980653245146,4.038203150643676,18.75984641595084
2014,vw_50,JP3973400009,RICOH,JP,0.004215221990433004,8.6463467936142,21.502553940943557
2014,vw_50,AU000000ERA9,ENERGY RES.OF AUS.,AU,0.004170515880011767,349.0915781242813,202.9123963996079
2014,vw_50,AU000000TCL6,TRANSURBAN GROUP STAPLED UNITS,AU,0.0041280552022353095,0.14310630973968097,0.01656558693875736
2014,vw_50,JP3260800002,KINTETSU GROUP HDG.,JP,0.004050627606453854,3.2001016676661247,5.555454399237686
2014,vw_50,JP3539220008,T & D HOLDINGS,JP,0.004025636040851497,0.11090863524973671,0.2863693925323305
2014,vw_50,JP3201200007,OLYMPUS,JP,0.003956313666687741,2.886427812547534,1.99290750234442
2014,vw_50,JP3293200006,COCA-COLA BOTTLERS JAPAN HOLDINGS,JP,0.003948358698811384,23.209728867623603,45.287379467207295
2014,vw_50,SGXE21576413,GENTING SINGAPORE,SG,0.0038903644649592394,1.3566874617452196,0.23558078438293772
2014,vw_50,JP3256000005,KYOWA KIRIN,JP,0.0038437588063597494,19.666208070889315,10.920703362298935
2014,vw_50,HK0004000045,WHARF HOLDINGS,HK,0.003779196879263874,7.852992640086958,1.5592380904494432
2014,vw_50,JP3388200002,AEON,JP,0.0037429691328044424,4.209479387722288,24.30930487199597
2014,vw_50,JP3684000007,NITTO DENKO,JP,0.0037357053218298685,56.168417096501855,54.331485332720305
2014,vw_50,JP3165700000,NTT DATA GROUP DEAD - DELIST.26/09/25,JP,0.003689701258910013,0.6659116021343819,0.8703259948817204
2014,vw_50,JP3134800006,IHI,JP,0.0036835689469417224,6.112413317098525,11.227661858763728
2014,vw_50,JP3818000006,FUJITSU,JP,0.0036821520770812066,4.740156576588696,17.580113635901196
2014,vw_50,AU000000STO6,SANTOS,AU,0.0033342101337469373,1240.4462276633296,341.1125013864241
2014,vw_50,NZFBUE0001S0,FLETCHER BUILDING,NZ,0.0033110285028847748,124.05300620531203,169.27716012796026
2014,vw_50,AU000000IAG3,INSURANCE AUS.GROUP,AU,0.003104073474669635,0.995656028984099,0.8243270300433577
2014,vw_50,JP3166000004,EBARA,JP,0.0030856058113154197,2.201743180285314,3.342030905674152
2014,vw_50,AU000000DOW2,DOWNER EDI,AU,0.0030694053804651254,31.062235255783644,117.78682668185164
2014,vw_50,JP3613400005,TOYO SEIKAN GROUP HDG.,JP,0.0030602006260151203,73.86710814796793,142.64711929925568
2014,vw_50,HK0010000088,HANG LUNG GROUP,HK,0.0029771112129695467,1.923669706638955,0.3900271932758445
2014,vw_50,JP3535800001,TSUMURA,JP,0.0028664319918385293,31.708848039998273,19.170086411482167
2014,vw_50,AU000000BPT9,BEACH ENERGY,AU,0.0028503156904897313,77.98223334469351,38.65708912661467
2014,vw_50,JP3419050004,SEGA SAMMY HDG.,JP,0.0026740453938750948,3.3782009470483096,2.217480892139683
2014,vw_50,JP3734800000,NIDEC,JP,0.0025753091996310365,2.1114607110975583,1.064610438773252
2014,vw_50,JP3743000006,NH FOODS,JP,0.002532579719814703,25.762267640966698,71.0297790439239
2014,vw_50,JP3194000000,OKI ELECTRIC IND.,JP,0.0024703042220292275,2.6071781864080688,7.346646347016716
2014,vw_50,JP3414750004,SEIKO EPSON,JP,0.002461849797583927,11.174492014876122,17.896247149077336
2014,vw_50,AU000000MGR9,MIRVAC GROUP STAPLED UNITS,AU,0.0024114629807436214,7.627857112855083,2.115354392582115
2014,vw_50,JP3573000001,TOKYO GAS,JP,0.0024052324906015947,140.66394790048506,225.23029797968425
2014,vw_50,JP3866800000,PANASONIC HOLDINGS,JP,0.002361177865339581,8.18825270848607,22.106287028030774
2014,vw_50,AU000000CSR5,CSR DEAD - DEAD.10/07/24,AU,0.0022765581369393936,209.32035541475963,237.54243710215218
2014,vw_50,JP3955000009,YOKOGAWA ELECTRIC,JP,0.0022630083895505888,5.562564313617085,4.908520437125763
2014,vw_50,JP3877600001,MARUBENI,JP,0.0021615166083742018,0.002143231537918029,0.011257865097906447
2014,vw_50,JP3903000002,MITSUBISHI MATERIALS,JP,0.0021586104122464306,798.7187058806187,2445.1134774223824
2014,vw_50,JP3619800000,TOYOBO,JP,0.0021572012094077373,204.2455983173691,457.66742471769135
2014,vw_50,JP3197800000,OMRON,JP,0.0021329292412521437,6.63784427387474,5.4211010908879365
2014,vw_50,NZTELE0001S4,SPARK NEW ZEALAND,NZ,0.0020919155193272177,0.6808926366417417,0.604387705224417
2014,vw_50,JP3375800004,SHINKO ELEC.INDS. DEAD - DELIST.06/06/25,JP,0.0019888113911898614,23.21544089444066,30.997219594691437
2014,vw_50,NZAIAE0002S6,AUCKLAND INTL.AIRPORT,NZ,0.0018365146925524833,6.026549166155391,0.5535405075871679
2014,vw_50,AU000000ORI1,ORICA,AU,0.0017561970622809349,263.2634599202772,209.2482495076127
2014,vw_50,JP3571400005,TOKYO ELECTRON,JP,0.0017526789235303571,2.1236044028369574,1.1768703965011562
2014,vw_50,SG1R50925390,SEMBCORP INDUSTRIES,SG,0.0016118342285806795,673.0066252189042,781.7836187529316
2014,vw_50,JP3116000005,ASAHI GROUP HOLDINGS,JP,0.0016031788447991003,21.416613712997847,27.113806182211935
2014,vw_50,JP3300600008,KONICA MINOLTA,JP,0.0016000829950142243,18.084761956012567,28.760324781228626
2014,vw_50,JP3210200006,KAJIMA,JP,0.001588792799217001,11.710299377526514,46.278214998421724
2014,vw_50,JP3190000004,OBAYASHI,JP,0.0015736707060838243,9.420873950195757,34.08875258594231
2014,vw_50,JP3893600001,MITSUI,JP,0.0015680188774046416,26.081482983118565,59.07898293507624
2014,vw_50,JP3224200000,KAWASAKI HEAVY INDUSTRY,JP,0.0014640877894055134,10.592167845839041,19.06157348653983
2014,vw_50,JP3667600005,JGC HOLDINGS,JP,0.0014619531456649848,18.034943694908506,12.207578641211583
2014,vw_50,JP3481800005,DAIKIN INDUSTRIES,JP,0.0014020227293544448,56.220241538264354,55.93031140910111
2014,vw_50,AU000000SGP0,STOCKLAND STAPLED UNITS,AU,0.0013867216886057465,13.471733834125422,2.9725777752074256
2014,vw_50,AU000000MTS0,METCASH,AU,0.0013701281198299294,1.716040161507853,8.554903939932112
2014,vw_50,AU000000MND5,MONADELPHOUS GROUP,AU,0.0013530708783391207,4.003150219900864,7.2815918820358325
2014,vw_50,JP3385820000,GS YUASA,JP,0.001239875174601117,4.865397954838394,7.191501336710286
2014,vw_50,JP3358800005,SHIMIZU,JP,0.0012008490793486831,15.101444128400429,52.46826415970508
2014,vw_50,AU000000SHL7,SONIC HEALTHCARE,AU,0.0011939327464907253,2.5394181003421896,1.3944155009503494
2014,vw_50,JP3762800005,NOMURA RESEARCH INST.,JP,0.0011888404408318734,0.5287593534224875,0.2643306882642461
2014,vw_50,JP3629000005,TOPPAN HOLDINGS,JP,0.001107039548365862,18.323084251464568,53.75412589483693
2014,vw_50,JP3452000007,TAIYO YUDEN,JP,0.0010903230171284205,14.90999627965544,21.14551625205556
2014,vw_50,HK0002007356,CLP HOLDINGS,HK,0.001066591495281491,2840.791553196561,2005.7279541679757
2014,vw_50,JP3890310000,MS&AD INSURANCE GP.HDG.,JP,0.001058783328463926,0.50511900441191,1.5594385020408577
2014,vw_50,JP3626800001,LIXIL,JP,0.0010464803500569927,24.30698965882118,44.323639234327096
2014,vw_50,JP3596200000,TOTO,JP,0.001018293902783342,32.298685868976804,30.505904810616784
2014,vw_50,JP3820000002,FUJI ELECTRIC,JP,0.0009589634110821418,28.41916129708592,66.03555659062084
2014,vw_50,JP3982100004,LAWSON DEAD - DELIST.24/07/24,JP,0.0009567054565103106,1.356427662025806,0.8796098321433791
2014,vw_50,AU000000IVC8,INVOCARE DEAD - DELIST.27/11/23,AU,0.0009427563400418984,15.801583052368066,5.348746081504703
2014,vw_50,JP3888400003,MITSUI KINZOKU LIMITED,JP,0.0009308948329356822,151.43578711065382,413.1577604246414
2014,vw_50,JP3582600007,TOKYO TATEMONO,JP,0.0008476759181010938,1.6074640080847202,0.8877288576685743
2014,vw_50,JP3266400005,KUBOTA,JP,0.000792579198113862,23.059238687527735,17.334100656189047
2014,vw_50,JP3407400005,SUMITOMO ELECTRIC IND.,JP,0.0007885654247060008,7.9402186911999335,15.336161797010908
2014,vw_50,AU000000APA1,APA GROUP,AU,0.0007474733435304351,287.9800036619265,70.13812720856015
2014,vw_50,SG1F60858221,SINGAPORE TECHS.ENGR.,SG,0.000722805160864453,5.6887264502523776,3.2455406438228036
2014,vw_50,JP3638600001,DOWA HDG.,JP,0.0007166094495373207,192.8965653863915,305.25230838365
2014,vw_50,JP3112000009,AGC,JP,0.0006906860585212679,408.0736293692739,779.942002808964
2014,vw_50,HK0242001243,SHUN TAK HOLDINGS,HK,0.0006808651287640951,850.0470109504029,225.38473496036062
2014,vw_50,SG1U68934629,KEPPEL,SG,0.0006808347515909249,62.65449019933329,41.626597849556525
2014,vw_50,JP3942800008,YAMAHA MOTOR,JP,0.0006484287084339575,11.954070723433308,36.105583261058115
2014,vw_50,JP3368000000,RESONAC HOLDINGS,JP,0.0006042197791672335,370.6006249348553,1499.531396438613
2014,vw_50,SG9999000020,FLEX,SG,0.0005273770934309853,2.6335708446044914,13.086836201673515
2014,vw_50,AU000000SBM8,ST BARBARA,AU,0.0005263157742826681,181.6192337859201,692.8222618401675
2014,vw_50,JP3258000003,KIRIN HOLDINGS,JP,0.0005215739341011383,16.57205549940967,27.636164280145326
2014,vw_50,AU000000NCM7,NEWCREST MINING DEAD - DELIST.08/11/23,AU,0.0005196927386436702,439.29370760793427,235.50627182008725
2014,vw_50,AU000000ORG5,ORIGIN ENERGY (EX BORAL),AU,0.00047028155982429463,1166.1681910641719,1081.667567211291
2014,vw_50,SG1R89002252,CITY DEVELOPMENTS,SG,0.00043991420052147303,2.9685578001950548,1.1852273952845238
2014,vw_50,JP3493800001,DAI NIPPON PRINTING,JP,0.0004373974140129818,23.107185267915487,47.000570444098635
2014,vw_50,JP3419400001,SEKISUI CHEMICAL,JP,0.0004304773878093352,14.556639408674481,25.482620921831064
2014,vw_50,JP3982800009,ROHM,JP,0.0004097371313781657,22.988181792275245,13.12234989596219
2014,vw_50,JP3720800006,NSK,JP,0.00040696906246631974,15.776062268056862,20.330021397543756
2014,vw_50,AU000000BLD2,BORAL DEAD - DELIST.08/07/24,AU,0.00040380202422841683,653.7965265032202,745.1108727402748
2014,vw_50,JP3592200004,TOSHIBA DEAD - DELIST.20/12/23,JP,0.000389030682771445,12.989350464532478,43.853311796484654
2014,vw_50,AU000000SGM7,SIMS,AU,0.0003455263957390086,16.466875456001635,57.25031453275156
2014,vw_50,JP3165600002,NTN,JP,0.00032729768805353856,17.201905966273905,47.892511631341854
2014,vw_50,JP3357200009,SHIMADZU,JP,0.00030680927398282943,1.1406837508957681,1.2366813147122562
2014,vw_50,JP3870000001,MABUCHI MOTOR,JP,0.0002931960649426783,25.083740124456597,12.147173771440979
2014,vw_50,AU000000CQR9,CHARTER HALL RETAIL REIT,AU,0.00028361419596032144,0.5522385150631176,0.07488722864392444
2014,vw_50,JP3711600001,NIPPON SANSO HOLDINGS,JP,0.00026671328983490143,24.04436666537094,39.34839065082238
2014,vw_50,JP3827200001,FURUKAWA ELECTRIC,JP,0.0002648332678506409,15.773405228798572,84.15163214364911
2014,vw_50,HK0200030994,MELCO INTL.DEV.,HK,0.0002597128993977183,5.016733742851091,0.021179332176774632
2014,vw_50,JP3551520004,DENTSU GROUP,JP,0.00025764517241406044,0.22172941830980455,0.42708078403452954
2014,vw_50,JP3830000000,BROTHER INDUSTRIES,JP,0.00025338442482935794,1.7739739777149235,2.849299377438549
2014,vw_50,JP3977400005,RINNAI,JP,0.00025138837580983747,10.919120264353769,7.237688660812375
2014,vw_50,HK0003000038,HONG KONG AND CHINA GAS,HK,0.00024617812055323455,199.2912378927137,36.848867799477105
2014,vw_50,AU000000SIG5,SIGMA HEALTHCARE,AU,0.0002412674757822638,1.7246307012130027,7.829862891920538
2014,vw_50,JP3164800009,NOK,JP,0.00022060927094907036,7.8477522363801375,15.862583222370173
2014,vw_50,SG1V61937297,SINGAPORE AIRLINES,SG,0.00021207828603747334,1174.6908398774221,1574.9320812497274
2014,vw_50,HK0019000162,SWIRE PACIFIC 'A',HK,0.00020336525104476722,2575.9583332641487,1746.0008471610895
2014,vw_50,JP3180400008,OSAKA GAS,JP,0.00017525124371886835,279.35820610019783,475.6704600682789
2014,vw_50,JP3811000003,FUJIKURA,JP,0.00015499646266738495,5.002359300390695,16.76966981160296
2014,vw_50,JP3888300005,MITSUI CHEMICALS,JP,0.00015360046769973803,252.53378361360666,1502.0833416560467
2014,vw_50,JP3223800008,KAWASAKI KISEN KAISHA,JP,0.000145529928186491,1000.2595477326096,5570.562395706489
2014,vw_50,JP3269600007,KURARAY,JP,0.000108587152549118,483.41957834957736,405.9692766619558
2014,vw_50,HK0293001514,CATHAY PACIFIC AIRWAYS,HK,6.341370262598475e-05,1286.9095693625366,2041.7494164607117
2014,vw_50,JP3443600006,TAISEI,JP,5.6616908299426355e-05,11.193546583901263,32.59973920208638
2014,vw_50,AU0000038911,OVATO DEAD - DELIST.29/08/22,AU,5.35311390431276e-05,30.64825973051598,203.81542475134518
2014,vw_50,AU000000ASX7,ASX,AU,5.2663499892724864e-05,0.12803277639075605,0.016440878600552416
2014,vw_50,JP3475350009,DAIICHI SANKYO,JP,5.128911631748221e-05,12.996514673604564,11.62013961533991
2014,vw_50,JP3951600000,UNI CHARM,JP,4.791923909806433e-05,6.397944553598052,2.7113673856934386
2014,vw_50,JP3657400002,NIKON,JP,4.7396856527704684e-05,2.5603664818437535,3.6043992498170376
2014,vw_50,JP3119600009,AJINOMOTO,JP,4.1145525432777975e-05,126.85651243070227,145.4886058494811
2014,vw_50,JP3686800008,NIPPON SHEET GLASS,JP,3.863271263462055e-05,551.4106894753104,2716.699210459292
2014,vw_50,AU0000088338,AMPOL,AU,2.9853182059425512e-05,78.39835114100738,371.44370156643623
2014,vw_50,JP3845400005,HOKURIKU ELEC.POWER,JP,2.2096580400609748e-05,3760.6550200074157,7143.87659454643
2014,vw_50,AU000000WOR2,WORLEY,AU,1.9202546662668112e-05,4.823142028118368,11.240919020888402
2014,vw_50,JP3505000004,DAIWA HOUSE INDUSTRY,JP,1.2569456001870522e-05,9.479587791565766,18.535681186283597
2014,vw_50,JP3122400009,ADVANTEST,JP,8.905693247778736e-06,3.6048017050808943,1.9481106705822435
2014,vw_50,JP3546800008,TERUMO,JP,6.996515910014722e-06,18.13067984446611,9.130276289609204
2014,vw_50,AU000000BSL0,BLUESCOPE STEEL,AU,6.027150753073411e-06,1173.060720405915,2895.670898138128
2014,vw_50,HK0066009694,MTR,HK,2.3985443966151895e-06,11.939304523475919,2.9033622319987398
2014,vw_50,JP3519400000,CHUGAI PHARM.,JP,1.7864205589723445e-06,12.939981725660724,4.212848405621178
2014,vw_50,JP3688370000,NIPPON EXPRESS HOLDINGS,JP,1.3508614599392307e-06,45.727432524041774,152.63232723318788
2015,vw,JP3633400001,TOYOTA MOTOR,JP,0.062388637115012566,11.952315201464645,12.182011978411145
2015,vw,AU000000CBA7,COMMONWEALTH BK.OF AUS.,AU,0.031768374693876805,0.29998963958074837,0.0855714367135502
2015,vw,AU000000WBC1,WESTPAC BANKING,AU,0.0237581698947366,0.3601263694403746,0.12737115578444988
2015,vw,JP3902900004,MITSUBISHI UFJ FINL.GP.,JP,0.021101824816815624,0.2622179472524686,0.1581956244417073
2015,vw,AU000000BHP4,BHP GROUP,AU,0.02077093707879625,376.92924954224037,278.46452240912976
2015,vw,AU000000ANZ3,ANZ GROUP HOLDINGS,AU,0.02016674422820171,0.7462289176269907,0.3143518640394935
2015,vw,AU000000NAB4,NATIONAL AUS.BANK,AU,0.018844730079501274,0.6556440422827267,0.3418017692081859
2015,vw,JP3735400008,NTT,JP,0.01884395329524887,2.3277404361186766,3.2621676629623266
2015,vw,AU000000TLS2,TELSTRA GROUP,AU,0.017442790978442226,2.6168560087599233,0.8330441875612532
2015,vw,JP3496400007,KDDI,JP,0.017214396848920475,0.12179750316680016,0.07596432079213256
2015,vw,JP3854600008,HONDA MOTOR,JP,0.01596870315011246,13.350087241369025,24.14710415853379
2015,vw,JP3726800000,JAPAN TOBACCO,JP,0.015298207013455925,16.12761244865499,7.214598694796905
2015,vw,SG1T75931496,SINGAPORE TELECOM,SG,0.013581726173933434,0.6864032967693767,0.177772529340388
2015,vw,JP3890350006,SUMITOMO MITSUI FINL.GP.,JP,0.01330129588206466,0.42276688326081124,0.34258028411392116
2015,vw,HK0016000132,SUN HUNG KAI PROPERTIES,HK,0.012976094316540383,0.6011564293944835,0.1246996366677656
2015,vw,JP3242800005,CANON,JP,0.011799140435693986,5.347416598214508,4.025202569703491
2015,vw,JP3463000004,TAKEDA PHARMACEUTICAL,JP,0.01108176341347345,11.557895089141251,4.336303156450887
2015,vw,JP3551500006,DENSO,JP,0.011061988945292709,17.147883764452796,15.660805147251985
2015,vw,JP3672400003,NISSAN MOTOR,JP,0.010923210011968878,8.945348038343534,22.03631325716037
2015,vw,AU000000WES1,WESFARMERS,AU,0.010798337752113397,52.250085104201155,64.92115166211204
2015,vw,HK2388011192,BOC HONG KONG HOLDINGS,HK,0.010459430694653764,0.02370480139905738,0.007480068955549958
2015,vw,JP3788600009,HITACHI,JP,0.010100969909862097,9.832573607192277,22.40668239191611
2015,vw,JP3942400007,ASTELLAS PHARMA,JP,0.009972881539666637,9.86200018425769,2.8852231566489746
2015,vw,JP3566800003,CENTRAL JAPAN RAILWAY,JP,0.009903437586339535,5.441753414929952,2.172502940637909
2015,vw,HK0011000095,HANG SENG BANK DEAD - DELIST.28/01/26,HK,0.00939816737203194,0.004518900143318008,0.0006222740205799369
2015,vw,AU000000CSL8,CSL,AU,0.009121964686544042,11.218682368460072,1.696460324184645
2015,vw,JP3830800003,BRIDGESTONE,JP,0.008975649828296732,59.23703969532757,57.778689563132716
2015,vw,AU000000WOW2,WOOLWORTHS GROUP,AU,0.008878481942047586,10.920430205552398,16.542501263579148
2015,vw,JP3783600004,EAST JAPAN RAILWAY,JP,0.008788777331835005,46.27406379856592,34.33609569342699
2015,vw,JP3371200001,SHIN-ETSU CHEMICAL,JP,0.008078754612320658,134.30238220120114,48.46093638403318
2015,vw,JP3898400001,MITSUBISHI,JP,0.00798943280585836,27.251215420086638,63.022329909656335
2015,vw,JP3814800003,SUBARU,JP,0.007956307707612966,7.943844242879426,6.567281802062126
2015,vw,JP3866800000,PANASONIC HOLDINGS,JP,0.007876639820546521,7.087423153483487,16.67295154166269
2015,vw,HK0388045442,HONG KONG EXCHANGES AND CLEARING,HK,0.007541015933937864,0.04410023644511386,0.0019267665670429542
2015,vw,JP3435000009,SONY GROUP,JP,0.007519031263082127,4.1669550387106264,10.755293475845368
2015,vw,JP3910660004,TOKIO MARINE HOLDINGS,JP,0.0074631475039165516,0.41757191028956037,0.5552323252291129
2015,vw,HK0066009694,MTR,HK,0.007142933563897803,10.193645672537144,2.0652851678601634
2015,vw,JP3902400005,MITSUBISHI ELECTRIC,JP,0.007081321719417756,10.881749820192686,15.783426139879035
2015,vw,JP3914400001,MURATA MANUFACTURING,JP,0.006996923272137945,14.689548061989411,4.879998754042871
2015,vw,HK0004000045,WHARF HOLDINGS,HK,0.006860024827310034,5.169995889212864,1.0358009127919172
2015,vw,HK0003000038,HONG KONG AND CHINA GAS,HK,0.006751082233004703,220.22477641544694,37.16708965960244
2015,vw,JP3893600001,MITSUI,JP,0.006506981972969468,8.089883663680784,16.489490526272395
2015,vw,HK0006000050,POWER ASSETS HOLDINGS,HK,0.006287987491739369,32598.88814506505,398.1548013425282
2015,vw,HK0002007356,CLP HOLDINGS,HK,0.006282558384536433,3213.992485417491,1700.9586210515922
2015,vw,AU0000224040,WOODSIDE ENERGY GROUP,AU,0.006237555193280394,1541.7130450656605,446.79734018058247
2015,vw,JP3205800000,KAO,JP,0.006183845312346359,55.798030204050974,30.13858326066034
2015,vw,HK0012000102,HENDERSON LD.DEV.,HK,0.006109352261378647,0.2806545421250525,0.03869285828626312
2015,vw,JP3762600009,NOMURA HDG.,JP,0.005751274280337264,0.1952499129959871,0.15138714054663582
2015,vw,JP3481800005,DAIKIN INDUSTRIES,JP,0.005738549548375262,58.39720229336156,45.62192482513652
2015,vw,JP3734800000,NIDEC,JP,0.005592720878832691,2.0733482460949513,0.8676254212349899
2015,vw,JP3304200003,KOMATSU,JP,0.005444430529698879,6.147931660552825,5.383672639857448
2015,vw,JP3967200001,RAKUTEN GROUP,JP,0.0053065680900253615,0.03408695543150168,0.009162017644782257
2015,vw,IE00BKVD2N49,SEAGATE TECHNOLOGY HOLDINGS,SG,0.005302790347905768,21.312870031012125,15.933613413054005
2015,vw,JP3900000005,MITSUBISHI HEAVY INDS.,JP,0.005288892057001289,4.702591124599475,7.988085495760557
2015,vw,JP3266400005,KUBOTA,JP,0.0051881755520451316,27.156409698204758,19.55003678422899
2015,vw,JP3397200001,SUZUKI MOTOR,JP,0.0049773428938411635,24.57907648762812,35.36703119035322
2015,vw,JP3951600000,UNI CHARM,JP,0.00490341985721694,4.975922545506993,1.7850955971516882
2015,vw,JP3634600005,TOYOTA INDS.,JP,0.004829485643840884,10.727587818214449,11.170524946713845
2015,vw,JP3814000000,FUJIFILM HOLDINGS,JP,0.004807093021543238,35.160859219815734,43.23763797743535
2015,vw,JP3837800006,HOYA,JP,0.004734614580093444,6.718823825390105,1.615508503934313
2015,vw,JP3592200004,TOSHIBA DEAD - DELIST.20/12/23,JP,0.004727774407971577,13.330240954413972,44.326162542264996
2015,vw,JP3519400000,CHUGAI PHARM.,JP,0.004714532751237294,13.76806803039396,3.2088043127809285
2015,vw,JP3294460005,INPEX,JP,0.004503797889611867,51.05214227311107,34.15055417859658
2015,vw,JP3116000005,ASAHI GROUP HOLDINGS,JP,0.004461264760510947,23.704105533425125,22.606087974431034
2015,vw,JP3160400002,EISAI,JP,0.0043221030234368305,7.816687948541821,2.4255585171891476
2015,vw,JP3890310000,MS&AD INSURANCE GP.HDG.,JP,0.004309898010435069,0.5748516329770794,1.4900311257861676
2015,vw,JP3200450009,ORIX,JP,0.004242256308341056,14.203561166518288,15.558378994666862
2015,vw,JP3573000001,TOKYO GAS,JP,0.004203148853676986,159.86830633947196,204.55417228686514
2015,vw,AU000000SUN6,SUNCORP GROUP,AU,0.004151978889597027,0.45708986019498593,0.39880640728323064
2015,vw,JP3621000003,TORAY INDS.,JP,0.003951797675890018,188.19347925227166,224.00070141102404
2015,vw,AU000000TCL6,TRANSURBAN GROUP STAPLED UNITS,AU,0.003873700122456126,1.6121381396721985,0.14022513925135355
2015,vw,AU000000AMP6,AMP,AU,0.003748165640054535,0.010862579493541663,0.010948140582891947
2015,vw,JP3258000003,KIRIN HOLDINGS,JP,0.00364469965414743,20.88022818084243,29.97578937523095
2015,vw,JP3197600004,ONO PHARM.,JP,0.003524272947333573,18.294235376835957,1.7204648902272044
2015,vw,JP3502200003,DAIWA SECURITIES GROUP,JP,0.0035182877967269398,0.15361778195148193,0.0659971647427421
2015,vw,JP3571400005,TOKYO ELECTRON,JP,0.0034989659869954417,3.604869529858323,1.5971506831812048
2015,vw,JP3868400007,MAZDA MOTOR,JP,0.0034556728387698703,5.9913066737304375,12.16912906230594
2015,vw,HK0019000162,SWIRE PACIFIC 'A',HK,0.0034105047904242933,2243.7011000585717,1453.4181133256486
2015,vw,JP3505000004,DAIWA HOUSE INDUSTRY,JP,0.0034102421367562157,11.555856963795586,22.45023871814053
2015,vw,JP3818000006,FUJITSU,JP,0.0033832977822745333,4.8382178539964364,16.26977769041834
2015,vw,JP3201200007,OLYMPUS,JP,0.003335609376390589,2.124715463636284,1.137826728331408
2015,vw,AU000000IAG3,INSURANCE AUS.GROUP,AU,0.0032999471554790772,0.9844561799050947,0.8975414139156175
2015,vw,JP3119600009,AJINOMOTO,JP,0.0032864232857610074,139.66832158244264,99.29023503525019
2015,vw,SG1U68934629,KEPPEL,SG,0.0032775964460008047,69.90739148721177,58.57843743206551
2015,vw,JP3551520004,DENTSU GROUP,JP,0.0032438230961490894,0.22757821439756665,0.38607377954343025
2015,vw,AU000000QBE9,QBE INSURANCE GROUP,AU,0.003128395191592593,0.8581669429525912,1.1075304928153424
2015,vw,SG1V61937297,SINGAPORE AIRLINES,SG,0.0031283616613370932,1216.5684301817355,1231.370065630817
2015,vw,JP3684000007,NITTO DENKO,JP,0.003084657767481655,63.70823411513216,39.803434016785104
2015,vw,HK0000608585,NEW WORLD DEVELOPMENT COMPANY,HK,0.0029807670650048913,53.550432696484854,36.456550309625094
2015,vw,JP3347200002,SHIONOGI,JP,0.002970358714860303,18.49166719139367,4.033304203286961
2015,vw,JP3475350009,DAIICHI SANKYO,JP,0.0029557786420940043,15.600080190150832,11.718317954380238
2015,vw,JP3659000008,WEST JAPAN RAILWAY,JP,0.0029481002135846542,8.738246948626012,9.477927328939998
2015,vw,JP3165700000,NTT DATA GROUP DEAD - DELIST.26/09/25,JP,0.0029409694459151267,0.4849125280729375,0.5768951223289386
2015,vw,JP3407400005,SUMITOMO ELECTRIC IND.,JP,0.0028945719548679077,8.258393620366034,18.654131665775353
2015,vw,JP3940000007,YAMATO HDG.,JP,0.002827254378577055,38.44491816940409,45.26434177938278
2015,vw,JP3877600001,MARUBENI,JP,0.0027216843691373663,0.002018878095385021,0.013859629670695199
2015,vw,JP3526600006,CHUBU ELEC.POWER,JP,0.0027066432553579517,2277.9756769147098,6111.478740415972
2015,vw,JP3429800000,ANA HOLDINGS,JP,0.0026872320316117886,713.3827928632372,1061.5333745094738
2015,vw,AU000000ORG5,ORIGIN ENERGY (EX BORAL),AU,0.002670981034446439,1520.4375639207483,1769.8392938217776
2015,vw,JP3546800008,TERUMO,JP,0.002655062545648125,18.631862512120463,8.115162032773842
2015,vw,SGXE21576413,GENTING SINGAPORE,SG,0.00265104450336412,1.5060120093835405,0.3362244419359361
2015,vw,JP3388200002,AEON,JP,0.002585702417959771,4.392628654110527,27.73383215220459
2015,vw,HK0293001514,CATHAY PACIFIC AIRWAYS,HK,0.002549078996390611,1270.478684378346,1903.8369840805278
2015,vw,JP3420600003,SEKISUI HOUSE,JP,0.002512329836363328,4.904431030825575,8.897519482787192
2015,vw,JP3486800000,DAITO TST.CONSTRUCTION,JP,0.0024442941537671983,3.4529899158855097,4.495083323997631
2015,vw,JP3197800000,OMRON,JP,0.002421820500018762,8.797717391518088,7.226660974807755
2015,vw,JP3538800008,TDK,JP,0.0024179142252530885,10.395440367709384,10.693637276575483
2015,vw,JP3228600007,KANSAI ELECTRIC PWR.,JP,0.0023800641551702437,1576.5291064832456,5366.339865060795
2015,vw,JP3402600005,SUMITOMO METAL MINING,JP,0.002363061521444117,303.6391609550794,275.5094560048055
2015,vw,JP3180400008,OSAKA GAS,JP,0.0023358098062870244,299.4948501292371,468.53878148651893
2015,vw,AU000000NCM7,NEWCREST MINING DEAD - DELIST.08/11/23,AU,0.002329573178764146,488.9597713954645,185.04247823912317
2015,vw,AU000000SGP0,STOCKLAND STAPLED UNITS,AU,0.002268243547267885,16.457602438642294,3.248254435974633
2015,vw,JP3224200000,KAWASAKI HEAVY INDUSTRY,JP,0.002262881500575948,10.964160492159657,17.100016916650308
2015,vw,JP3134800006,IHI,JP,0.0022336319410286858,6.338073021723915,9.510811436291648
2015,vw,SG1F60858221,SINGAPORE TECHS.ENGR.,SG,0.002187952556286744,5.923283527989752,3.660491138988324
2015,vw,JP3762800005,NOMURA RESEARCH INST.,JP,0.002141926692237976,0.28792870424596945,0.13045208168909356
2015,vw,JP3539220008,T & D HOLDINGS,JP,0.0021248681747526844,0.12190591995930265,0.3100754806301449
2015,vw,JP3942800008,YAMAHA MOTOR,JP,0.002123322988811756,11.485455597575536,19.607662516597426
2015,vw,AU000000LLC3,LENDLEASE GROUP STAPLED UNITS,AU,0.0020970911522594344,8.336655962283723,11.575456450802712
2015,vw,JP3414750004,SEIKO EPSON,JP,0.002066464058048741,12.74259832801774,15.693292480102981
2015,vw,JP3982800009,ROHM,JP,0.002040165160985421,17.41096500058279,7.20129946613417
2015,vw,AU000000APA1,APA GROUP,AU,0.0020280607387501573,322.7320048411364,48.34875050632807
2015,vw,JP3733000008,NEC,JP,0.0020172109069081607,2.2964050807883227,8.034008790313756
2015,vw,JP3401400001,SUMITOMO CHEMICAL,JP,0.002007881113315468,119.37128144549034,334.4039454934093
2015,vw,JP3973400009,RICOH,JP,0.001987165003792789,9.460616290679473,25.450731040611494
2015,vw,AU0000088338,AMPOL,AU,0.0019785980235127064,49.542162351562375,132.56335156020518
2015,vw,BMG668971101,CTF SERVICES,HK,0.001971148718415935,126.92062812338646,54.11412071228698
2015,vw,JP3027670003,NIPPON BUILDING FUND,JP,0.0019615898014106632,22.811963958279932,1.9777073466044657
2015,vw,JP3786200000,HITACHI METALS DEAD - DELIST.29/12/22,JP,0.0019500414225790972,42.80170563559914,49.577871647762116
2015,vw,SG1R89002252,CITY DEVELOPMENTS,SG,0.0019026659657464804,22.3611453691666,9.146367431935701
2015,vw,JP3260800002,KINTETSU GROUP HDG.,JP,0.0018945460555397223,3.439972835742871,5.399900594515589
2015,vw,JP3256000005,KYOWA KIRIN,JP,0.0018572436462967006,22.75460641346104,9.734895385906924
2015,vw,JP3443600006,TAISEI,JP,0.0018476567874118458,8.961905613354627,18.752362948960304
2015,vw,JP3551200003,ELEC.POWER DEV.,JP,0.0018476511990359293,8674.102008337657,8179.98693379791
2015,vw,JP3585800000,TOKYO ELECTRIC POWER CO. HDG.,JP,0.0018457483570363416,1685.4798628865108,14717.901439218125
2015,vw,JP3982100004,LAWSON DEAD - DELIST.24/07/24,JP,0.0018451168705577706,1.4974399913197576,0.9237651455838726
2015,vw,JP3720800006,NSK,JP,0.001812788115880485,16.053909399669326,19.960818223995833
2015,vw,SG9999000020,FLEX,SG,0.0017912449267221554,1.4416181216907014,5.690254125582433
2015,vw,JP3289800009,KOBE STEEL,JP,0.0017798977294235855,1016.805619042003,2549.921507064364
2015,vw,HK0010000088,HANG LUNG GROUP,HK,0.0017798669933560445,0.42617961766500734,0.1519555282744286
2015,vw,JP3738600000,NITERRA,JP,0.0017791656521785164,24.736436507128815,11.337473183632829
2015,vw,JP3493800001,DAI NIPPON PRINTING,JP,0.0017693217280015001,26.175970059363674,51.657020127444866
2015,vw,JP3112000009,AGC,JP,0.0017673713848066217,428.75388813680604,779.4256913252924
2015,vw,AU000000GPT8,GPT GROUP STAPLED UNITS,AU,0.001767346237114997,26.265842764019762,2.1047955124678266
2015,vw,JP3626800001,LIXIL,JP,0.0017657256080991955,22.994997719604836,52.37938499322708
2015,vw,SG1J26887955,SINGAPORE EXCHANGE,SG,0.0017482423740442451,0.08949208909178039,0.007432020982273431
2015,vw,JP3688370000,NIPPON EXPRESS HOLDINGS,JP,0.0017390355247217165,46.54566339657802,120.52585575279252
2015,vw,BMG988031446,YUE YUEN INDL.HDG.,HK,0.0017293033680630316,15.319554300771504,19.841878967769873
2015,vw,AU000000STO6,SANTOS,AU,0.001716992175918855,1378.0182956479648,707.9075716817443
2015,vw,JP3351600006,SHISEIDO,JP,0.0017123482355321958,7.387392239306639,7.834047240239872
2015,vw,JP3027680002,JAPAN REAL ESTATE INV.,JP,0.001699891745614189,13.278871403818808,1.0115604561062648
2015,vw,AU000000SHL7,SONIC HEALTHCARE,AU,0.0016619550557046379,2.6425940713976486,1.3998217858403808
2015,vw,JP3419400001,SEKISUI CHEMICAL,JP,0.0016558190189482577,16.260592932001302,26.2107277495216
2015,vw,AU000000ASX7,ASX,AU,0.0016339908226181837,0.04458116000178324,0.004959112968593425
2015,vw,SG1R50925390,SEMBCORP INDUSTRIES,SG,0.0016077617802538208,855.8868830125432,1199.176218076278
2015,vw,AU000000MGR9,MIRVAC GROUP STAPLED UNITS,AU,0.0015792470921395859,6.647640683803526,1.7457846034077038
2015,vw,JP3894900004,ISETAN MITSUKOSHI HDG.,JP,0.0015753436115618705,2.476613854615628,4.855150737948147
2015,vw,AU000000DXS1,DEXUS STAPLED UNITS,AU,0.001539267850832533,25.32689249985248,2.8828315319796256
2015,vw,AU000000CIM7,CIMIC GROUP DEAD - DELIST.11/05/22,AU,0.0015272640193637673,5.8795248804340146,14.162821587087851
2015,vw,JP3358800005,SHIMIZU,JP,0.001514433108259351,16.561617702938467,40.859677413403105
2015,vw,AU000000ORI1,ORICA,AU,0.0015090934150710806,338.70717353567954,333.28210663916474
2015,vw,JP3711600001,NIPPON SANSO HOLDINGS,JP,0.0014788770664902536,22.639766921463718,20.02762300455912
2015,vw,JP3667600005,JGC HOLDINGS,JP,0.0014623745924086592,17.488766702703273,22.808070115770505
2015,vw,JP3300600008,KONICA MINOLTA,JP,0.001442365412439425,20.207403341892526,33.20889884192622
2015,vw,BMG524401079,KERRY PROPERTIES,HK,0.0014293305256140544,3.895159047481074,1.4401695283039155
2015,vw,JP3657400002,NIKON,JP,0.0014204617730344776,3.3547885601615306,4.873092652297669
2015,vw,JP3753000003,NIPPON YUSEN KK,JP,0.0014101791613480115,1007.5987240556141,4027.969949453419
2015,vw,JP3164800009,NOK,JP,0.0014006789222898637,7.80019433698872,8.91173249441932
2015,vw,JP3743000006,NH FOODS,JP,0.0013839585015475234,32.622474546363364,67.03021811067659
2015,vw,JP3118000003,ASICS,JP,0.0013632395978368864,1.4069221863232955,1.1609316968787662
2015,vw,JP3269600007,KURARAY,JP,0.0013593640591387536,250.74823658577097,241.1114559802013
2015,vw,AU000000BEN6,BENDIGO & ADELAIDE BANK,AU,0.001333037220195851,1.4493689810282357,0.7854110988838233
2015,vw,JP3629000005,TOPPAN HOLDINGS,JP,0.0013233022693492076,20.53038198113465,56.10199518149627
2015,vw,JP3830000000,BROTHER INDUSTRIES,JP,0.0013226791654345116,5.020515799959035,6.208488955738453
2015,vw,SGXE34184239,SEATRIUM,SG,0.001322184594165896,13.945570823314398,12.719810816351114
2015,vw,BMG8063F1068,SHANGRI-LA ASIA,HK,0.0013211703039370409,71.87319208004416,32.107447105501365
2015,vw,JP3190000004,OBAYASHI,JP,0.001275708865855845,10.692467669363158,34.93532037550541
2015,vw,NZTELE0001S4,SPARK NEW ZEALAND,NZ,0.0012507679441402485,0.701258534453418,0.4114987311005469
2015,vw,AU000000QAN2,QANTAS AIRWAYS,AU,0.001204487808987277,964.6904093749979,2715.86660140256
2015,vw,NZFBUE0001S0,FLETCHER BUILDING,NZ,0.0011863172046945902,137.3445123545715,199.78896096248877
2015,vw,JP3209000003,CASIO COMPUTER,JP,0.0011840175880049267,2.0070574379321346,1.3520695327120447
2015,vw,BMG2442N1048,COSCO SHIPPING PORTS,HK,0.0011826400533414953,69.71261284136776,14.335499113998818
2015,vw,JP3385980002,J S R DEAD - DELIST.25/06/24,JP,0.0011789293717329012,122.41856758641299,101.94680533368727
2015,vw,JP3903000002,MITSUBISHI MATERIALS,JP,0.001178105086285209,855.9280283870651,2590.678490703868
2015,vw,JP3210200006,KAJIMA,JP,0.0011740730730614127,14.457149964229183,48.550158977971556
2015,vw,JP3362700001,MITSUI OSK LINES,JP,0.0011727793640367295,1225.5596084544645,4479.880682643947
2015,vw,JP3596200000,TOTO,JP,0.00117240494285032,36.44212351450396,40.75436083577423
2015,vw,BMG677491539,ORIENT OVERSEAS (INTL.),HK,0.0011502107078977116,823.9672070485041,1305.7957847071743
2015,vw,JP3174410005,OJI HOLDINGS,JP,0.0011388048326520176,543.7288027225259,1519.0326870512954
2015,vw,JP3787000003,HITACHI CON.MCH.,JP,0.0011082336222004896,5.965680518793765,10.581197163034735
2015,vw,NZAIAE0002S6,AUCKLAND INTL.AIRPORT,NZ,0.0010861343896384627,6.745230298633307,0.6194817757105517
2015,vw,JP3126400005,ALPS ALPINE,JP,0.0010828931316068592,1.4543596490047077,2.341363223515812
2015,vw,NZCENE0001S6,CONTACT ENERGY,NZ,0.0010657200524152779,806.8011659819796,392.1592738446695
2015,vw,JP3449020001,TAIHEIYO CEMENT,JP,0.0010175957532098424,2054.4995350563086,4050.161594582943
2015,vw,JP3419050004,SEGA SAMMY HDG.,JP,0.0009877566200033833,4.629473870679586,3.814666877885399
2015,vw,JP3977400005,RINNAI,JP,0.0009804805545600252,11.655944995909364,8.392356796808206
2015,vw,JP3405400007,SUMITOMO HEAVY INDS.,JP,0.0009694043934934082,2.8154457492114973,4.5541540802914655
2015,vw,AU000000BLD2,BORAL DEAD - DELIST.08/07/24,AU,0.0009594207599184782,553.5196721364824,544.9043723406423
2015,vw,JP3359600008,SHARP,JP,0.000940487342313181,7.830089838187298,56.74610130516033
2015,vw,JP3769000005,HACHIJUNI NAGANO BANK,JP,0.0009402246886451028,1.876408316441495,0.7590053879278321
2015,vw,JP3595200001,TOSOH,JP,0.0009239681031038369,986.0293971351896,2038.2550842972707
2015,vw,JP3358200008,SHIMAMURA,JP,0.0009095137687956607,0.3349612726874232,0.44792351506288747
2015,vw,JP3870400003,MARUI GROUP,JP,0.0009036096496398176,3.5789066411762027,3.8900519188964378
2015,vw,JP3456000003,TAKASHIMAYA,JP,0.0008886747150028176,1.9998204085371296,4.88768849593138
2015,vw,JP3820000002,FUJI ELECTRIC,JP,0.0008858414084131229,30.789141789320073,66.18490363687978
2015,vw,JP3888300005,MITSUI CHEMICALS,JP,0.0008694255541582351,271.7477718128178,1208.4009577220356
2015,vw,JP3870000001,MABUCHI MOTOR,JP,0.0008691489295503654,25.69610769132137,8.633172161925827
2015,vw,HK0200030994,MELCO INTL.DEV.,HK,0.0008627558275018236,4.3870099923136054,0.03696950461187688
2015,vw,JP3357200009,SHIMADZU,JP,0.0008543648810631124,1.5066475171767235,1.308194201429202
2015,vw,JP3845400005,HOKURIKU ELEC.POWER,JP,0.0008350039527001987,4118.868956805252,6197.37916449156
2015,vw,JP3544000007,TEIJIN,JP,0.0008259954907227079,134.49694109123647,304.45313451416047
2015,vw,JP3582600007,TOKYO TATEMONO,JP,0.0008193565001338376,1.6042018910092473,1.1059351512092648
2015,vw,JP3955000009,YOKOGAWA ELECTRIC,JP,0.0007930883391380586,4.627077297025954,5.553226346292741
2015,vw,JP3243600008,CANON MARKETING JAPAN,JP,0.0007866169998266851,1.50969055966843,3.015782238499
2015,vw,AU000000TAH8,TABCORP HOLDINGS,AU,0.0007745405194710041,1.193461359188228,0.7103251478190601
2015,vw,JP3223800008,KAWASAKI KISEN KAISHA,JP,0.0007677897613638026,1096.257128737617,4495.073531284915
2015,vw,JP3613400005,TOYO SEIKAN GROUP HDG.,JP,0.0007659483914992968,80.31084176957924,196.26297779820666
2015,vw,JP3638600001,DOWA HDG.,JP,0.0007119814452731004,217.60221125948433,335.89997174343034
2015,vw,JP3122400009,ADVANTEST,JP,0.0006904941398739365,2.886740596951817,1.5195169918824207
2015,vw,JP3493400000,DIC,JP,0.0006625103474717746,46.965466327896834,140.2200731327735
2015,vw,JP3148800000,IBIDEN,JP,0.0006384468007750776,46.2810386211535,54.26909593813323
2015,vw,JP3165600002,NTN,JP,0.0006356721721325068,17.651333702687435,45.55644445225892
2015,vw,AU000000BSL0,BLUESCOPE STEEL,AU,0.0006207037072400073,1205.354614247168,3515.7850194246
2015,vw,NZAIRE0001S2,AIR NEW ZEALAND,NZ,0.0006015579313498811,889.3693415271681,1427.5950002090215
2015,vw,JP3528600004,CHIYODA CORPORATION,JP,0.0005694583000851745,0.8251627265769708,1.6241333457637597
2015,vw,JP3678000005,NISSHINBO HOLDINGS,JP,0.0005598407051327789,64.20596957216294,141.72410523111017
2015,vw,JP3385820000,GS YUASA,JP,0.0005292164051100434,6.874026657703635,11.57556270096463
2015,vw,JP3368000000,RESONAC HOLDINGS,JP,0.0005279841682204425,418.7000820545145,1656.4527566972556
2015,vw,JP3549600009,DENKA,JP,0.0005118589095132156,564.9564456934095,1013.1723320978018
2015,vw,AU000000WOR2,WORLEY,AU,0.0005112805126058519,5.468453845546619,21.428024920756368
2015,vw,JP3166000004,EBARA,JP,0.0005047756430389789,2.621966975103624,5.83608263401457
2015,vw,JP3194000000,OKI ELECTRIC IND.,JP,0.0004904246936852591,2.6944113194015804,6.836983522869709
2015,vw,JP3421100003,JAPAN PETROLEUM EXP.,JP,0.0004902989552271366,68.69270583424553,108.7558627921423
2015,vw,AU000000SGM7,SIMS,AU,0.0004897289408836476,19.390577122757044,60.030125465718015
2015,vw,JP3491000000,DAIDO STEEL,JP,0.0004845401338451239,98.52089520139312,234.05339945793207
2015,vw,JP3156400008,USHIO,JP,0.000469135775631133,2.236445566156158,1.8028910582083062
2015,vw,NZSKCE0001S2,SKY CITY ENTM.GP.,NZ,0.0004640307942313577,8.272545348912272,3.0866502077437223
2015,vw,JP3535800001,TSUMURA,JP,0.00046376534637532115,35.21090540880162,20.34344931465582
2015,vw,JP3320800000,SAPPORO HOLDINGS,JP,0.0004581322634514311,27.00224081290444,72.85578711751108
2015,vw,JP3663900003,SOJITZ,JP,0.000456276922647134,0.5623675111334003,5.341865948130684
2015,vw,JP3158800007,UBE,JP,0.00045045383494208104,1846.9350746188932,6327.111673521038
2015,vw,JP3293200006,COCA-COLA BOTTLERS JAPAN HOLDINGS,JP,0.00044830789859012294,27.341059387653324,61.67735582107041
2015,vw,AU000000CSR5,CSR DEAD - DEAD.10/07/24,AU,0.0004477518551864255,240.03830659738375,219.61009460572626
2015,vw,JP3665200006,NICHIREI,JP,0.00042933536235341,9.073777459307186,26.89957241316473
2015,vw,JP3452000007,TAIYO YUDEN,JP,0.00042346477345306627,18.298429672837255,22.355363175675677
2015,vw,JP3811000003,FUJIKURA,JP,0.00041791272197996636,5.109702747645581,18.741015611941297
2015,vw,AU000000DOW2,DOWNER EDI,AU,0.0003928879746256215,40.398164638894976,156.86620344359181
2015,vw,HK0242001243,SHUN TAK HOLDINGS,HK,0.00038925273609190084,372.4022173814091,328.8820455393804
2015,vw,AU000000CQR9,CHARTER HALL RETAIL REIT,AU,0.00035848313829533486,0.547348899506742,0.0662530398453576
2015,vw,JP3888400003,MITSUI KINZOKU LIMITED,JP,0.000338599696784223,163.74483114003925,534.411619079056
2015,vw,JP3619800000,TOYOBO,JP,0.00033738981339828834,234.9580149944292,580.0069566945763
2015,vw,JP3827200001,FURUKAWA ELECTRIC,JP,0.000335101373460458,18.58001807916542,115.06904142485492
2015,vw,AU000000IVC8,INVOCARE DEAD - DELIST.27/11/23,AU,0.00031348832960317164,16.617160109076742,4.866613781608478
2015,vw,AU000000MTS0,METCASH,AU,0.0002880276889273353,1.9086945230719994,19.486617320359716
2015,vw,AU000000BPT9,BEACH ENERGY,AU,0.0002863260284607436,71.91913866304077,50.5845499258334
2015,vw,AU000000CWY3,CLEANAWAY WASTE MANAGEMENT,AU,0.00028129649013584174,516.8537664536304,555.5705657978385
2015,vw,JP3375800004,SHINKO ELEC.INDS. DEAD - DELIST.06/06/25,JP,0.000273140255485626,32.6475600466828,39.54865835319632
2015,vw,AU000000IGO4,IGO,AU,0.00025539995613851397,93.85823193820367,40.67765086867096
2015,vw,AU000000OZL8,OZ MINERALS DEAD - DELIST.03/05/23,AU,0.0002539497725881673,277.4567363553121,198.37156846564338
2015,vw,JP3686800008,NIPPON SHEET GLASS,JP,0.00022176631568471223,584.9099644318137,3905.9054770874545
2015,vw,AU000000SIG5,SIGMA HEALTHCARE,AU,0.00019852705443570762,1.8336209208940704,6.446164672765658
2015,vw,BMG684371393,PACIFIC BASIN SHIP.,HK,0.0001968561300366569,606.7541098428547,1480.4405836597969
2015,vw,AU000000GWA4,GWA GROUP,AU,0.00017949304606391253,31.1403617905397,15.585790342165074
2015,vw,AU000000MND5,MONADELPHOUS GROUP,AU,0.0001637729446106361,5.567992861330001,15.670852385177097
2015,vw,AU000000ERA9,ENERGY RES.OF AUS.,AU,0.00014705252386829583,362.3493314405936,216.31830964505588
2015,vw,AU0000038911,OVATO DEAD - DELIST.29/08/22,AU,2.971339474833659e-05,36.947432670693445,235.094978371262
2015,vw,AU000000SBM8,ST BARBARA,AU,2.3798098840660403e-05,224.72396857113463,974.5215451450041
2015,vw,AU000000MAH3,MACMAHON HOLDINGS,AU,1.5988343497271202e-05,119.15257090719422,1385.3329255505068
2015,vw_50,HK0011000095,HANG SENG BANK DEAD - DELIST.28/01/26,HK,0.047285224915481636,0.004518900143318008,0.0006222740205799369
2015,vw_50,AU000000WBC1,WESTPAC BANKING,AU,0.035785669016422925,0.3601263694403746,0.12737115578444988
2015,vw_50,JP3634600005,TOYOTA INDS.,JP,0.03215273707397964,10.727587818214449,11.170524946713845
2015,vw_50,JP3242800005,CANON,JP,0.03113326704256131,5.347416598214508,4.025202569703491
2015,vw_50,JP3496400007,KDDI,JP,0.025392434639024256,0.12179750316680016,0.07596432079213256
2015,vw_50,AU000000ANZ3,ANZ GROUP HOLDINGS,AU,0.022970071759128803,0.7462289176269907,0.3143518640394935
2015,vw_50,JP3902900004,MITSUBISHI UFJ FINL.GP.,JP,0.022104050935506908,0.2622179472524686,0.1581956244417073
2015,vw_50,JP3854600008,HONDA MOTOR,JP,0.02071850142743436,13.350087241369025,24.14710415853379
2015,vw_50,JP3942400007,ASTELLAS PHARMA,JP,0.01969346557628798,9.86200018425769,2.8852231566489746
2015,vw_50,HK0016000132,SUN HUNG KAI PROPERTIES,HK,0.019284487907783008,0.6011564293944835,0.1246996366677656
2015,vw_50,JP3633400001,TOYOTA MOTOR,JP,0.018039292632268396,11.952315201464645,12.182011978411145
2015,vw_50,JP3735400008,NTT,JP,0.017853434230790874,2.3277404361186766,3.2621676629623266
2015,vw_50,AU000000NAB4,NATIONAL AUS.BANK,AU,0.01769160101737526,0.6556440422827267,0.3418017692081859
2015,vw_50,JP3726800000,JAPAN TOBACCO,JP,0.01654433549926332,16.12761244865499,7.214598694796905
2015,vw_50,AU000000CSL8,CSL,AU,0.016495804870238245,11.218682368460072,1.696460324184645
2015,vw_50,JP3769000005,HACHIJUNI NAGANO BANK,JP,0.015151109335338954,1.876408316441495,0.7590053879278321
2015,vw_50,HK0006000050,POWER ASSETS HOLDINGS,HK,0.014117712621497908,32598.88814506505,398.1548013425282
2015,vw_50,JP3762600009,NOMURA HDG.,JP,0.014026937400741178,0.1952499129959871,0.15138714054663582
2015,vw_50,JP3814800003,SUBARU,JP,0.013463096406482593,7.943844242879426,6.567281802062126
2015,vw_50,JP3672400003,NISSAN MOTOR,JP,0.013249451753223998,8.945348038343534,22.03631325716037
2015,vw_50,AU000000WES1,WESFARMERS,AU,0.012077157007342328,52.250085104201155,64.92115166211204
2015,vw_50,JP3566800003,CENTRAL JAPAN RAILWAY,JP,0.011759319703344852,5.441753414929952,2.172502940637909
2015,vw_50,JP3573000001,TOKYO GAS,JP,0.011254238287024288,159.86830633947196,204.55417228686514
2015,vw_50,JP3738600000,NITERRA,JP,0.011140686709948819,24.736436507128815,11.337473183632829
2015,vw_50,AU000000TLS2,TELSTRA GROUP,AU,0.010441517635983336,2.6168560087599233,0.8330441875612532
2015,vw_50,AU000000CBA7,COMMONWEALTH BK.OF AUS.,AU,0.010185163801382912,0.29998963958074837,0.0855714367135502
2015,vw_50,AU000000BHP4,BHP GROUP,AU,0.00961186214778409,376.92924954224037,278.46452240912976
2015,vw_50,JP3814000000,FUJIFILM HOLDINGS,JP,0.009471003079873988,35.160859219815734,43.23763797743535
2015,vw_50,JP3910660004,TOKIO MARINE HOLDINGS,JP,0.009217472574147905,0.41757191028956037,0.5552323252291129
2015,vw_50,HK2388011192,BOC HONG KONG HOLDINGS,HK,0.00878994642235386,0.02370480139905738,0.007480068955549958
2015,vw_50,HK0004000045,WHARF HOLDINGS,HK,0.00869272684834996,5.169995889212864,1.0358009127919172
2015,vw_50,AU0000224040,WOODSIDE ENERGY GROUP,AU,0.008558472399410929,1541.7130450656605,446.79734018058247
2015,vw_50,AU000000WOW2,WOOLWORTHS GROUP,AU,0.008296910364254157,10.920430205552398,16.542501263579148
2015,vw_50,JP3621000003,TORAY INDS.,JP,0.008235625493855599,188.19347925227166,224.00070141102404
2015,vw_50,JP3200450009,ORIX,JP,0.00816265832065806,14.203561166518288,15.558378994666862
2015,vw_50,JP3351600006,SHISEIDO,JP,0.008098312642823968,7.387392239306639,7.834047240239872
2015,vw_50,BMG2442N1048,COSCO SHIPPING PORTS,HK,0.007919558522603233,69.71261284136776,14.335499113998818
2015,vw_50,JP3371200001,SHIN-ETSU CHEMICAL,JP,0.00787468965675958,134.30238220120114,48.46093638403318
2015,vw_50,JP3890350006,SUMITOMO MITSUI FINL.GP.,JP,0.007395156084534985,0.42276688326081124,0.34258028411392116
2015,vw_50,AU000000TAH8,TABCORP HOLDINGS,AU,0.007355448055086596,1.193461359188228,0.7103251478190601
2015,vw_50,JP3783600004,EAST JAPAN RAILWAY,JP,0.007212174095164138,46.27406379856592,34.33609569342699
2015,vw_50,SG1J26887955,SINGAPORE EXCHANGE,SG,0.006836263185774201,0.08949208909178039,0.007432020982273431
2015,vw_50,JP3900000005,MITSUBISHI HEAVY INDS.,JP,0.006766306577655259,4.702591124599475,7.988085495760557
2015,vw_50,JP3902400005,MITSUBISHI ELECTRIC,JP,0.006763426236175445,10.881749820192686,15.783426139879035
2015,vw_50,HK0002007356,CLP HOLDINGS,HK,0.006744047087549298,3213.992485417491,1700.9586210515922
2015,vw_50,HK0388045442,HONG KONG EXCHANGES AND CLEARING,HK,0.006738760873503405,0.04410023644511386,0.0019267665670429542
2015,vw_50,JP3260800002,KINTETSU GROUP HDG.,JP,0.006717584698221725,3.439972835742871,5.399900594515589
2015,vw_50,JP3788600009,HITACHI,JP,0.006656945285942458,9.832573607192277,22.40668239191611
2015,vw_50,AU000000TCL6,TRANSURBAN GROUP STAPLED UNITS,AU,0.006655230576100186,1.6121381396721985,0.14022513925135355
2015,vw_50,JP3435000009,SONY GROUP,JP,0.006631298283963719,4.1669550387106264,10.755293475845368
2015,vw_50,JP3420600003,SEKISUI HOUSE,JP,0.00652055907105919,4.904431030825575,8.897519482787192
2015,vw_50,JP3551500006,DENSO,JP,0.006505554243903873,17.147883764452796,15.660805147251985
2015,vw_50,JP3463000004,TAKEDA PHARMACEUTICAL,JP,0.006488832806050885,11.557895089141251,4.336303156450887
2015,vw_50,JP3898400001,MITSUBISHI,JP,0.0064208752905958065,27.251215420086638,63.022329909656335
2015,vw_50,SG1T75931496,SINGAPORE TELECOM,SG,0.006394092623814958,0.6864032967693767,0.177772529340388
2015,vw_50,JP3385980002,J S R DEAD - DELIST.25/06/24,JP,0.006327165003620467,122.41856758641299,101.94680533368727
2015,vw_50,JP3160400002,EISAI,JP,0.006166635400713657,7.816687948541821,2.4255585171891476
2015,vw_50,JP3134800006,IHI,JP,0.005722018106276473,6.338073021723915,9.510811436291648
2015,vw_50,JP3405400007,SUMITOMO HEAVY INDS.,JP,0.005502482507317558,2.8154457492114973,4.5541540802914655
2015,vw_50,AU000000IAG3,INSURANCE AUS.GROUP,AU,0.00545504354901664,0.9844561799050947,0.8975414139156175
2015,vw_50,NZFBUE0001S0,FLETCHER BUILDING,NZ,0.005341939149809961,137.3445123545715,199.78896096248877
2015,vw_50,JP3201200007,OLYMPUS,JP,0.005223339731312711,2.124715463636284,1.137826728331408
2015,vw_50,JP3818000006,FUJITSU,JP,0.005151296641812601,4.8382178539964364,16.26977769041834
2015,vw_50,JP3951600000,UNI CHARM,JP,0.0050646714133899965,4.975922545506993,1.7850955971516882
2015,vw_50,JP3359600008,SHARP,JP,0.00487286855236791,7.830089838187298,56.74610130516033
2015,vw_50,SGXE21576413,GENTING SINGAPORE,SG,0.004718989678315298,1.5060120093835405,0.3362244419359361
2015,vw_50,JP3955000009,YOKOGAWA ELECTRIC,JP,0.00469025577046012,4.627077297025954,5.553226346292741
2015,vw_50,JP3890310000,MS&AD INSURANCE GP.HDG.,JP,0.0046461542628456615,0.5748516329770794,1.4900311257861676
2015,vw_50,JP3893600001,MITSUI,JP,0.004561224339267169,8.089883663680784,16.489490526272395
2015,vw_50,JP3224200000,KAWASAKI HEAVY INDUSTRY,JP,0.004560684881847445,10.964160492159657,17.100016916650308
2015,vw_50,JP3638600001,DOWA HDG.,JP,0.004555246062852077,217.60221125948433,335.89997174343034
2015,vw_50,BMG8063F1068,SHANGRI-LA ASIA,HK,0.0042190823588582555,71.87319208004416,32.107447105501365
2015,vw_50,JP3982800009,ROHM,JP,0.004159903346523955,17.41096500058279,7.20129946613417
2015,vw_50,JP3894900004,ISETAN MITSUKOSHI HDG.,JP,0.004010886200222579,2.476613854615628,4.855150737948147
2015,vw_50,IE00BKVD2N49,SEAGATE TECHNOLOGY HOLDINGS,SG,0.003995607150154815,21.312870031012125,15.933613413054005
2015,vw_50,JP3592200004,TOSHIBA DEAD - DELIST.20/12/23,JP,0.003906426700996721,13.330240954413972,44.326162542264996
2015,vw_50,JP3967200001,RAKUTEN GROUP,JP,0.0037773997377529463,0.03408695543150168,0.009162017644782257
2015,vw_50,AU000000MAH3,MACMAHON HOLDINGS,AU,0.0037495436103704123,119.15257090719422,1385.3329255505068
2015,vw_50,JP3452000007,TAIYO YUDEN,JP,0.00358509343583456,18.298429672837255,22.355363175675677
2015,vw_50,JP3116000005,ASAHI GROUP HOLDINGS,JP,0.003569672133143912,23.704105533425125,22.606087974431034
2015,vw_50,AU000000STO6,SANTOS,AU,0.003415580323138086,1378.0182956479648,707.9075716817443
2015,vw_50,JP3538800008,TDK,JP,0.0033829376695161837,10.395440367709384,10.693637276575483
2015,vw_50,JP3421100003,JAPAN PETROLEUM EXP.,JP,0.0033742015076710643,68.69270583424553,108.7558627921423
2015,vw_50,JP3684000007,NITTO DENKO,JP,0.00333771330710745,63.70823411513216,39.803434016785104
2015,vw_50,JP3619800000,TOYOBO,JP,0.003308011023488636,234.9580149944292,580.0069566945763
2015,vw_50,JP3877600001,MARUBENI,JP,0.0032362877931041045,0.002018878095385021,0.013859629670695199
2015,vw_50,AU000000ERA9,ENERGY RES.OF AUS.,AU,0.003104650770693197,362.3493314405936,216.31830964505588
2015,vw_50,HK0003000038,HONG KONG AND CHINA GAS,HK,0.002855552758904079,220.22477641544694,37.16708965960244
2015,vw_50,AU000000BPT9,BEACH ENERGY,AU,0.0028458892572286254,71.91913866304077,50.5845499258334
2015,vw_50,JP3347200002,SHIONOGI,JP,0.0028321522578630344,18.49166719139367,4.033304203286961
2015,vw_50,JP3837800006,HOYA,JP,0.002773639465994533,6.718823825390105,1.615508503934313
2015,vw_50,JP3358200008,SHIMAMURA,JP,0.0027575916452621716,0.3349612726874232,0.44792351506288747
2015,vw_50,JP3734800000,NIDEC,JP,0.002755540568977242,2.0733482460949513,0.8676254212349899
2015,vw_50,JP3539220008,T & D HOLDINGS,JP,0.0027415413717735127,0.12190591995930265,0.3100754806301449
2015,vw_50,JP3194000000,OKI ELECTRIC IND.,JP,0.0027376829779045763,2.6944113194015804,6.836983522869709
2015,vw_50,JP3571400005,TOKYO ELECTRON,JP,0.002692799711464544,3.604869529858323,1.5971506831812048
2015,vw_50,JP3830000000,BROTHER INDUSTRIES,JP,0.0026384974212118914,5.020515799959035,6.208488955738453
2015,vw_50,JP3888400003,MITSUI KINZOKU LIMITED,JP,0.0026098774166666183,163.74483114003925,534.411619079056
2015,vw_50,JP3197600004,ONO PHARM.,JP,0.0025601744123753575,18.294235376835957,1.7204648902272044
2015,vw_50,AU000000SHL7,SONIC HEALTHCARE,AU,0.0025495754713064428,2.6425940713976486,1.3998217858403808
2015,vw_50,JP3866800000,PANASONIC HOLDINGS,JP,0.002529022211583811,7.087423153483487,16.67295154166269
2015,vw_50,HK0066009694,MTR,HK,0.002508910593817982,10.193645672537144,2.0652851678601634
2015,vw_50,JP3197800000,OMRON,JP,0.002502886612192506,8.797717391518088,7.226660974807755
2015,vw_50,AU000000AMP6,AMP,AU,0.0024299194225893407,0.010862579493541663,0.010948140582891947
2015,vw_50,JP3665200006,NICHIREI,JP,0.0024210816415164175,9.073777459307186,26.89957241316473
2015,vw_50,AU000000SGP0,STOCKLAND STAPLED UNITS,AU,0.0023565015015969484,16.457602438642294,3.248254435974633
2015,vw_50,JP3551520004,DENTSU GROUP,JP,0.00230268421932513,0.22757821439756665,0.38607377954343025
2015,vw_50,JP3688370000,NIPPON EXPRESS HOLDINGS,JP,0.002249450628431896,46.54566339657802,120.52585575279252
2015,vw_50,JP3659000008,WEST JAPAN RAILWAY,JP,0.0021668200266728847,8.738246948626012,9.477927328939998
2015,vw_50,HK0000608585,NEW WORLD DEVELOPMENT COMPANY,HK,0.0021538323172671796,53.550432696484854,36.456550309625094
2015,vw_50,JP3419400001,SEKISUI CHEMICAL,JP,0.002104278027702839,16.260592932001302,26.2107277495216
2015,vw_50,JP3368000000,RESONAC HOLDINGS,JP,0.0020806710227818256,418.7000820545145,1656.4527566972556
2015,vw_50,JP3711600001,NIPPON SANSO HOLDINGS,JP,0.002011473988158937,22.639766921463718,20.02762300455912
2015,vw_50,JP3256000005,KYOWA KIRIN,JP,0.002006726768009017,22.75460641346104,9.734895385906924
2015,vw_50,JP3243600008,CANON MARKETING JAPAN,JP,0.001958308908937409,1.50969055966843,3.015782238499
2015,vw_50,JP3830800003,BRIDGESTONE,JP,0.0019361646924656835,59.23703969532757,57.778689563132716
2015,vw_50,JP3362700001,MITSUI OSK LINES,JP,0.0019357276185168427,1225.5596084544645,4479.880682643947
2015,vw_50,JP3388200002,AEON,JP,0.0018296739943518654,4.392628654110527,27.73383215220459
2015,vw_50,AU000000ORI1,ORICA,AU,0.001746388787942913,338.70717353567954,333.28210663916474
2015,vw_50,HK0242001243,SHUN TAK HOLDINGS,HK,0.0017182376606110661,372.4022173814091,328.8820455393804
2015,vw_50,NZTELE0001S4,SPARK NEW ZEALAND,NZ,0.0016650682217497332,0.701258534453418,0.4114987311005469
2015,vw_50,AU000000QBE9,QBE INSURANCE GROUP,AU,0.0015956243754097934,0.8581669429525912,1.1075304928153424
2015,vw_50,JP3165600002,NTN,JP,0.0015738903736656712,17.651333702687435,45.55644445225892
2015,vw_50,JP3940000007,YAMATO HDG.,JP,0.0015726507813596394,38.44491816940409,45.26434177938278
2015,vw_50,JP3190000004,OBAYASHI,JP,0.0015711760408757681,10.692467669363158,34.93532037550541
2015,vw_50,BMG524401079,KERRY PROPERTIES,HK,0.0015615522179914182,3.895159047481074,1.4401695283039155
2015,vw_50,JP3519400000,CHUGAI PHARM.,JP,0.001538604353816953,13.76806803039396,3.2088043127809285
2015,vw_50,AU000000ORG5,ORIGIN ENERGY (EX BORAL),AU,0.001536825512159781,1520.4375639207483,1769.8392938217776
2015,vw_50,JP3165700000,NTT DATA GROUP DEAD - DELIST.26/09/25,JP,0.0015276407774965901,0.4849125280729375,0.5768951223289386
2015,vw_50,SGXE34184239,SEATRIUM,SG,0.001465586046801015,13.945570823314398,12.719810816351114
2015,vw_50,AU000000CSR5,CSR DEAD - DEAD.10/07/24,AU,0.0014514342018302868,240.03830659738375,219.61009460572626
2015,vw_50,JP3787000003,HITACHI CON.MCH.,JP,0.0014458355111672534,5.965680518793765,10.581197163034735
2015,vw_50,AU000000APA1,APA GROUP,AU,0.0013993932602324693,322.7320048411364,48.34875050632807
2015,vw_50,JP3357200009,SHIMADZU,JP,0.0013760622741661056,1.5066475171767235,1.308194201429202
2015,vw_50,JP3868400007,MAZDA MOTOR,JP,0.0013474758887409477,5.9913066737304375,12.16912906230594
2015,vw_50,AU000000DXS1,DEXUS STAPLED UNITS,AU,0.0012055987193942185,25.32689249985248,2.8828315319796256
2015,vw_50,AU0000038911,OVATO DEAD - DELIST.29/08/22,AU,0.0011919085908049516,36.947432670693445,235.094978371262
2015,vw_50,JP3811000003,FUJIKURA,JP,0.0011724740020357075,5.109702747645581,18.741015611941297
2015,vw_50,JP3596200000,TOTO,JP,0.0011360387439168828,36.44212351450396,40.75436083577423
2015,vw_50,JP3397200001,SUZUKI MOTOR,JP,0.0010986515220898685,24.57907648762812,35.36703119035322
2015,vw_50,SG1F60858221,SINGAPORE TECHS.ENGR.,SG,0.0010606955332934213,5.923283527989752,3.660491138988324
2015,vw_50,JP3481800005,DAIKIN INDUSTRIES,JP,0.0009895427088021662,58.39720229336156,45.62192482513652
2015,vw_50,JP3667600005,JGC HOLDINGS,JP,0.0009597111054170244,17.488766702703273,22.808070115770505
2015,vw_50,JP3626800001,LIXIL,JP,0.0009400311432249373,22.994997719604836,52.37938499322708
2015,vw_50,JP3414750004,SEIKO EPSON,JP,0.0009159415370260931,12.74259832801774,15.693292480102981
2015,vw_50,AU000000IGO4,IGO,AU,0.0009018509388099289,93.85823193820367,40.67765086867096
2015,vw_50,AU000000DOW2,DOWNER EDI,AU,0.0008331770488849774,40.398164638894976,156.86620344359181
2015,vw_50,JP3903000002,MITSUBISHI MATERIALS,JP,0.000825554197295494,855.9280283870651,2590.678490703868
2015,vw_50,JP3827200001,FURUKAWA ELECTRIC,JP,0.0008248376992057728,18.58001807916542,115.06904142485492
2015,vw_50,JP3269600007,KURARAY,JP,0.0008131807706635239,250.74823658577097,241.1114559802013
2015,vw_50,JP3973400009,RICOH,JP,0.0008087425288393424,9.460616290679473,25.450731040611494
2015,vw_50,BMG988031446,YUE YUEN INDL.HDG.,HK,0.0008081149907554173,15.319554300771504,19.841878967769873
2015,vw_50,JP3385820000,GS YUASA,JP,0.0007762044395572597,6.874026657703635,11.57556270096463
2015,vw_50,JP3293200006,COCA-COLA BOTTLERS JAPAN HOLDINGS,JP,0.0007668244156062724,27.341059387653324,61.67735582107041
2015,vw_50,AU000000BLD2,BORAL DEAD - DELIST.08/07/24,AU,0.0007625999409353261,553.5196721364824,544.9043723406423
2015,vw_50,JP3888300005,MITSUI CHEMICALS,JP,0.0007462989175482578,271.7477718128178,1208.4009577220356
2015,vw_50,JP3914400001,MURATA MANUFACTURING,JP,0.0007343522033993367,14.689548061989411,4.879998754042871
2015,vw_50,JP3551200003,ELEC.POWER DEV.,JP,0.0007099337401160811,8674.102008337657,8179.98693379791
2015,vw_50,JP3544000007,TEIJIN,JP,0.0006806704722237232,134.49694109123647,304.45313451416047
2015,vw_50,HK0012000102,HENDERSON LD.DEV.,HK,0.0006660924685135287,0.2806545421250525,0.03869285828626312
2015,vw_50,BMG677491539,ORIENT OVERSEAS (INTL.),HK,0.0006548430962460458,823.9672070485041,1305.7957847071743
2015,vw_50,AU000000SUN6,SUNCORP GROUP,AU,0.0006418870310917956,0.45708986019498593,0.39880640728323064
2015,vw_50,JP3743000006,NH FOODS,JP,0.0006418533653903064,32.622474546363364,67.03021811067659
2015,vw_50,HK0200030994,MELCO INTL.DEV.,HK,0.0006120957884801709,4.3870099923136054,0.03696950461187688
2015,vw_50,JP3209000003,CASIO COMPUTER,JP,0.0006011302107559379,2.0070574379321346,1.3520695327120447
2015,vw_50,AU0000088338,AMPOL,AU,0.0005989564122217443,49.542162351562375,132.56335156020518
2015,vw_50,JP3375800004,SHINKO ELEC.INDS. DEAD - DELIST.06/06/25,JP,0.0005986161047327583,32.6475600466828,39.54865835319632
2015,vw_50,JP3210200006,KAJIMA,JP,0.0005790122064651482,14.457149964229183,48.550158977971556
2015,vw_50,SG1U68934629,KEPPEL,SG,0.000574200204336117,69.90739148721177,58.57843743206551
2015,vw_50,AU000000MND5,MONADELPHOUS GROUP,AU,0.0005690248149049745,5.567992861330001,15.670852385177097
2015,vw_50,JP3526600006,CHUBU ELEC.POWER,JP,0.0005221280483461429,2277.9756769147098,6111.478740415972
2015,vw_50,AU000000CWY3,CLEANAWAY WASTE MANAGEMENT,AU,0.0005153418893576837,516.8537664536304,555.5705657978385
2015,vw_50,JP3613400005,TOYO SEIKAN GROUP HDG.,JP,0.0004992741271434905,80.31084176957924,196.26297779820666
2015,vw_50,JP3112000009,AGC,JP,0.00046882548730690747,428.75388813680604,779.4256913252924
2015,vw_50,SG1R50925390,SEMBCORP INDUSTRIES,SG,0.00045797679644063666,855.8868830125432,1199.176218076278
2015,vw_50,JP3358800005,SHIMIZU,JP,0.0004478926685256089,16.561617702938467,40.859677413403105
2015,vw_50,AU000000BSL0,BLUESCOPE STEEL,AU,0.0004384265036669109,1205.354614247168,3515.7850194246
2015,vw_50,JP3205800000,KAO,JP,0.00043838022311027216,55.798030204050974,30.13858326066034
2015,vw_50,JP3443600006,TAISEI,JP,0.0004132737850831287,8.961905613354627,18.752362948960304
2015,vw_50,AU000000IVC8,INVOCARE DEAD - DELIST.27/11/23,AU,0.00041047640847855123,16.617160109076742,4.866613781608478
2015,vw_50,JP3402600005,SUMITOMO METAL MINING,JP,0.0003801038308404853,303.6391609550794,275.5094560048055
2015,vw_50,JP3320800000,SAPPORO HOLDINGS,JP,0.00037914678692076723,27.00224081290444,72.85578711751108
2015,vw_50,JP3629000005,TOPPAN HOLDINGS,JP,0.0003472057226114759,20.53038198113465,56.10199518149627
2015,vw_50,HK0010000088,HANG LUNG GROUP,HK,0.00033610907605314546,0.42617961766500734,0.1519555282744286
2015,vw_50,JP3505000004,DAIWA HOUSE INDUSTRY,JP,0.00033541434168943594,11.555856963795586,22.45023871814053
2015,vw_50,JP3258000003,KIRIN HOLDINGS,JP,0.0003327829849360792,20.88022818084243,29.97578937523095
2015,vw_50,AU000000OZL8,OZ MINERALS DEAD - DELIST.03/05/23,AU,0.00032324019636637615,277.4567363553121,198.37156846564338
2015,vw_50,JP3156400008,USHIO,JP,0.0003222191288902837,2.236445566156158,1.8028910582083062
2015,vw_50,JP3595200001,TOSOH,JP,0.00031666600913333483,986.0293971351896,2038.2550842972707
2015,vw_50,AU000000MGR9,MIRVAC GROUP STAPLED UNITS,AU,0.0002989540576869686,6.647640683803526,1.7457846034077038
2015,vw_50,JP3585800000,TOKYO ELECTRIC POWER CO. HDG.,JP,0.0002969110652274507,1685.4798628865108,14717.901439218125
2015,vw_50,JP3304200003,KOMATSU,JP,0.00026396576804726046,6.147931660552825,5.383672639857448
2015,vw_50,JP3228600007,KANSAI ELECTRIC PWR.,JP,0.00024780277053622004,1576.5291064832456,5366.339865060795
2015,vw_50,AU000000CQR9,CHARTER HALL RETAIL REIT,AU,0.00023844875025764062,0.547348899506742,0.0662530398453576
2015,vw_50,JP3180400008,OSAKA GAS,JP,0.00023377560417800304,299.4948501292371,468.53878148651893
2015,vw_50,JP3845400005,HOKURIKU ELEC.POWER,JP,0.00022675590883874318,4118.868956805252,6197.37916449156
2015,vw_50,JP3122400009,ADVANTEST,JP,0.0002243057861659444,2.886740596951817,1.5195169918824207
2015,vw_50,NZAIAE0002S6,AUCKLAND INTL.AIRPORT,NZ,0.00021714477574420778,6.745230298633307,0.6194817757105517
2015,vw_50,JP3300600008,KONICA MINOLTA,JP,0.00020357773260719974,20.207403341892526,33.20889884192622
2015,vw_50,SG9999000020,FLEX,SG,0.00018604004246307348,1.4416181216907014,5.690254125582433
2015,vw_50,AU000000BEN6,BENDIGO & ADELAIDE BANK,AU,0.00017889613593223032,1.4493689810282357,0.7854110988838233
2015,vw_50,JP3663900003,SOJITZ,JP,0.00017038593700291962,0.5623675111334003,5.341865948130684
2015,vw_50,AU000000WOR2,WORLEY,AU,0.0001653086381587232,5.468453845546619,21.428024920756368
2015,vw_50,JP3493400000,DIC,JP,0.0001648977403675682,46.965466327896834,140.2200731327735
2015,vw_50,JP3294460005,INPEX,JP,0.00015994118624797996,51.05214227311107,34.15055417859658
2015,vw_50,JP3762800005,NOMURA RESEARCH INST.,JP,0.0001337236024811658,0.28792870424596945,0.13045208168909356
2015,vw_50,HK0293001514,CATHAY PACIFIC AIRWAYS,HK,0.00012074444514779084,1270.478684378346,1903.8369840805278
2015,vw_50,AU000000LLC3,LENDLEASE GROUP STAPLED UNITS,AU,9.944381530887334e-05,8.336655962283723,11.575456450802712
2015,vw_50,HK0019000162,SWIRE PACIFIC 'A',HK,8.860172039499407e-05,2243.7011000585717,1453.4181133256486
2015,vw_50,AU000000SBM8,ST BARBARA,AU,7.869715486843993e-05,224.72396857113463,974.5215451450041
2015,vw_50,AU000000QAN2,QANTAS AIRWAYS,AU,7.58340633890785e-05,964.6904093749979,2715.86660140256
2015,vw_50,JP3148800000,IBIDEN,JP,6.649092604957372e-05,46.2810386211535,54.26909593813323
2015,vw_50,JP3820000002,FUJI ELECTRIC,JP,5.658726197700271e-05,30.789141789320073,66.18490363687978
2015,vw_50,NZCENE0001S6,CONTACT ENERGY,NZ,5.4960290502172226e-05,806.8011659819796,392.1592738446695
2015,vw_50,JP3126400005,ALPS ALPINE,JP,5.012003041444861e-05,1.4543596490047077,2.341363223515812
2015,vw_50,JP3982100004,LAWSON DEAD - DELIST.24/07/24,JP,3.8545029101841316e-05,1.4974399913197576,0.9237651455838726
2015,vw_50,SG1V61937297,SINGAPORE AIRLINES,SG,3.679124092253327e-05,1216.5684301817355,1231.370065630817
2015,vw_50,JP3657400002,NIKON,JP,3.2143388678815845e-05,3.3547885601615306,4.873092652297669
2015,vw_50,JP3502200003,DAIWA SECURITIES GROUP,JP,2.8965191260177097e-05,0.15361778195148193,0.0659971647427421
2015,vw_50,JP3223800008,KAWASAKI KISEN KAISHA,JP,2.4916035941186323e-05,1096.257128737617,4495.073531284915
2015,vw_50,JP3456000003,TAKASHIMAYA,JP,1.8177674916129747e-05,1.9998204085371296,4.88768849593138
2015,vw_50,AU000000SGM7,SIMS,AU,1.6190806539429193e-05,19.390577122757044,60.030125465718015
2015,vw_50,AU000000GPT8,GPT GROUP STAPLED UNITS,AU,1.2026037607358818e-05,26.265842764019762,2.1047955124678266
2015,vw_50,SG1R89002252,CITY DEVELOPMENTS,SG,8.7665702999543e-06,22.3611453691666,9.146367431935701
2015,vw_50,BMG668971101,CTF SERVICES,HK,8.075622709455323e-06,126.92062812338646,54.11412071228698
2015,vw_50,JP3429800000,ANA HOLDINGS,JP,7.5248636518650766e-06,713.3827928632372,1061.5333745094738
2015,vw_50,JP3977400005,RINNAI,JP,4.979419290063855e-06,11.655944995909364,8.392356796808206
2015,vw_50,AU000000ASX7,ASX,AU,4.0212613190367815e-06,0.04458116000178324,0.004959112968593425
2015,vw_50,JP3419050004,SEGA SAMMY HDG.,JP,3.1447799567104346e-06,4.629473870679586,3.814666877885399
2015,vw_50,JP3407400005,SUMITOMO ELECTRIC IND.,JP,2.3951851337548437e-06,8.258393620366034,18.654131665775353
2015,vw_50,JP3118000003,ASICS,JP,1.8199622901622438e-06,1.4069221863232955,1.1609316968787662
2016,vw,JP3633400001,TOYOTA MOTOR,JP,0.05758577159569362,10.487988763547921,12.281646263432435
2016,vw,AU000000CBA7,COMMONWEALTH BK.OF AUS.,AU,0.026671580402861345,0.3110532211271961,0.0965151872711984
2016,vw,JP3735400008,NTT,JP,0.026297738726802244,2.076606432957789,2.127748278522034
2016,vw,JP3726800000,JAPAN TOBACCO,JP,0.022514041047190018,21.458057957146977,5.071600400277954
2016,vw,JP3496400007,KDDI,JP,0.020370102293578246,0.14636854410709532,0.07451533657813415
2016,vw,AU000000WBC1,WESTPAC BANKING,AU,0.020235313307745115,0.3987546871724223,0.15583453802611177
2016,vw,JP3902900004,MITSUBISHI UFJ FINL.GP.,JP,0.019356735094745368,0.24906919062634778,0.16645871555325145
2016,vw,AU000000NAB4,NATIONAL AUS.BANK,AU,0.014739626507005764,0.6078786002944272,0.35405116196342407
2016,vw,JP3854600008,HONDA MOTOR,JP,0.014499801240567661,10.913508933802579,25.66147847726746
2016,vw,AU000000ANZ3,ANZ GROUP HOLDINGS,AU,0.014252145118920584,0.7501952205297624,0.4209468174491444
2016,vw,AU000000TLS2,TELSTRA GROUP,AU,0.013731102111267301,2.6618656203714215,1.0472679252167794
2016,vw,KYG217651051,CK HUTCHISON HOLDINGS,HK,0.01366577113532909,210.9938647899574,93.8841375663751
2016,vw,JP3672400003,NISSAN MOTOR,JP,0.012610318415411197,9.113134283276064,20.875059125616595
2016,vw,JP3890350006,SUMITOMO MITSUI FINL.GP.,JP,0.01220071668600389,0.4126788098762171,0.39011596343329247
2016,vw,JP3463000004,TAKEDA PHARMACEUTICAL,JP,0.011105521736820858,10.573479939120398,4.117743946916398
2016,vw,SG1T75931496,SINGAPORE TELECOM,SG,0.011100735740800864,0.6010432244927562,0.18532719345851043
2016,vw,JP3566800003,CENTRAL JAPAN RAILWAY,JP,0.010996256169525218,5.069632443314217,1.8856037767868743
2016,vw,JP3551500006,DENSO,JP,0.010695343415608176,16.232596394745663,16.19972078055035
2016,vw,JP3783600004,EAST JAPAN RAILWAY,JP,0.010665849182568637,44.880167834891786,28.228178486239962
2016,vw,JP3242800005,CANON,JP,0.010622709890253107,5.213917145395157,4.405676584423484
2016,vw,AU000000CSL8,CSL,AU,0.009959612271948214,9.889916795626243,1.5794521497266907
2016,vw,AU000000WES1,WESFARMERS,AU,0.009653970329085599,55.67027218595224,73.81658919956149
2016,vw,AU000000BHP4,BHP GROUP,AU,0.009593388424569008,382.77671445266975,334.5637185484198
2016,vw,JP3802300008,FAST RETAILING,JP,0.009330104676748632,0.8010294282322592,0.3493017466000617
2016,vw,JP3942400007,ASTELLAS PHARMA,JP,0.009123326925855118,8.708666546660947,3.0665879212550036
2016,vw,HK0011000095,HANG SENG BANK DEAD - DELIST.28/01/26,HK,0.00893726955535677,0.010995850077243826,0.0017288864509329947
2016,vw,JP3814800003,SUBARU,JP,0.008870052584547773,6.9496122636648705,5.988083393827919
2016,vw,HK0016000132,SUN HUNG KAI PROPERTIES,HK,0.008783240013417149,6.959279122778249,2.0106360789120092
2016,vw,JP3830800003,BRIDGESTONE,JP,0.008369542493944069,57.99778510646702,62.03644471443043
2016,vw,JP3914400001,MURATA MANUFACTURING,JP,0.008286822872525499,12.0718596244583,4.181616516973936
2016,vw,JP3435000009,SONY GROUP,JP,0.008028313759310231,4.388864820461668,10.612877535937313
2016,vw,HK0688002218,CHINA OVERSEAS LAND INVESTMENT,HK,0.007964170051227428,0.10594916219004591,0.06797587391438321
2016,vw,JP3910660004,TOKIO MARINE HOLDINGS,JP,0.007908388344499436,0.41088805537102596,0.5370835079734669
2016,vw,JP3205800000,KAO,JP,0.0076686766922101765,53.027572049681524,24.037909524123467
2016,vw,HK2388011192,BOC HONG KONG HOLDINGS,HK,0.007602573140059837,0.023659578131785045,0.010348838034707089
2016,vw,HK0066009694,MTR,HK,0.007563012693432846,10.069466561290337,2.0245232190921927
2016,vw,HK0388045442,HONG KONG EXCHANGES AND CLEARING,HK,0.007425477085551449,0.024159303906877327,0.0014535556457440082
2016,vw,JP3898400001,MITSUBISHI,JP,0.007111359527185177,28.64620239536721,68.89836113764973
2016,vw,JP3788600009,HITACHI,JP,0.0067630441100172845,9.204985156961435,32.338579042836855
2016,vw,JP3866800000,PANASONIC HOLDINGS,JP,0.006526905622709124,6.744428674506297,18.7125748502994
2016,vw,AU000000WOW2,WOOLWORTHS GROUP,AU,0.006144855324396146,30.563728487204106,60.15983085977151
2016,vw,JP3371200001,SHIN-ETSU CHEMICAL,JP,0.006137950424500238,147.1405411077235,73.71652041364547
2016,vw,HK0002007356,CLP HOLDINGS,HK,0.006080220235119596,3691.5513617910487,1786.6018641014716
2016,vw,JP3762600009,NOMURA HDG.,JP,0.00603747007126385,0.19148129972029845,0.14014833423895787
2016,vw,JP3902400005,MITSUBISHI ELECTRIC,JP,0.005966694137242359,10.04072654371625,17.613285558486343
2016,vw,JP3734800000,NIDEC,JP,0.005887769228395133,1.7849560662964299,0.8377635197066912
2016,vw,JP3197600004,ONO PHARM.,JP,0.005887081862794635,18.51692250454603,1.0469648152275965
2016,vw,JP3814000000,FUJIFILM HOLDINGS,JP,0.005768835097032988,35.51208238908525,36.62462389717123
2016,vw,HK0003000038,HONG KONG AND CHINA GAS,HK,0.005724767009050668,219.53804352117965,41.37906397977288
2016,vw,JP3893600001,MITSUI,JP,0.005690216946387636,6.952761542630747,14.176268925818182
2016,vw,JP3505000004,DAIWA HOUSE INDUSTRY,JP,0.005630396256668291,11.09528737536854,14.321841388255082
2016,vw,JP3481800005,DAIKIN INDUSTRIES,JP,0.005592542862627661,55.395064923916166,47.58644157321632
2016,vw,JP3200450009,ORIX,JP,0.0055275896537343525,11.827146687568751,12.115562881919253
2016,vw,HK0006000050,POWER ASSETS HOLDINGS,HK,0.005517699542077605,53359.06002298727,461.235142411498
2016,vw,JP3143600009,ITOCHU,JP,0.00546532057910745,1.7216803427430516,3.895811646482196
2016,vw,JP3160400002,EISAI,JP,0.005445480708365813,6.30493036298039,1.549042762718654
2016,vw,JP3266400005,KUBOTA,JP,0.005167796367179638,22.67874528428822,17.203284563212453
2016,vw,HK0012000102,HENDERSON LD.DEV.,HK,0.004973788846616031,0.27874830807025774,0.04831204785976486
2016,vw,JP3890310000,MS&AD INSURANCE GP.HDG.,JP,0.0049062168315919,0.644757259848158,1.4479027120531969
2016,vw,JP3381000003,NIPPON STEEL,JP,0.004859566862077133,2080.53576273832,5201.934418219162
2016,vw,JP3519400000,CHUGAI PHARM.,JP,0.004798661157236341,10.810511103048682,2.6543408274483133
2016,vw,JP3397200001,SUZUKI MOTOR,JP,0.004713595403644173,20.489178770617983,33.14231309241885
2016,vw,KYG2108Y1052,CHINA RESOURCES LAND,HK,0.004670444749913757,39.52200578206175,31.903439602315366
2016,vw,JP3347200002,SHIONOGI,JP,0.004641944640676594,17.207211328923574,2.6235342204904413
2016,vw,JP3837800006,HOYA,JP,0.00454277937121306,5.4888357701121535,1.45969884410809
2016,vw,JP3634600005,TOYOTA INDS.,JP,0.004533039798303528,10.19249955800535,12.097670216085547
2016,vw,JP3116000005,ASAHI GROUP HOLDINGS,JP,0.004468291094878136,23.755151932646452,23.323582172284073
2016,vw,AU0000224040,WOODSIDE ENERGY GROUP,AU,0.004453632029323721,2121.8560643441697,643.1183971785445
2016,vw,AU000000TCL6,TRANSURBAN GROUP STAPLED UNITS,AU,0.0044150997907437565,1.4681598288212856,0.12995209142451294
2016,vw,JP3119600009,AJINOMOTO,JP,0.0043906358241442255,127.7267426891687,80.9709627210659
2016,vw,JP3551520004,DENTSU GROUP,JP,0.004346101918151652,0.6600289289275232,0.33788045044627013
2016,vw,JP3967200001,RAKUTEN GROUP,JP,0.00426425428532545,0.0505588267116438,0.01998253526417911
2016,vw,JP3475350009,DAIICHI SANKYO,JP,0.0042184223376823485,17.064643587881232,8.023633578534517
2016,vw,JP3304200003,KOMATSU,JP,0.0041598627650151565,5.709159327546542,6.199822745155877
2016,vw,HK0004000045,WHARF HOLDINGS,HK,0.003962262196994403,5.6613949198375595,2.129622527489464
2016,vw,JP3621000003,TORAY INDS.,JP,0.003949798724866371,193.18386731811924,243.06037461500458
2016,vw,JP3165700000,NTT DATA GROUP DEAD - DELIST.26/09/25,JP,0.003942018996024374,0.4592914131034713,0.43757952880041384
2016,vw,JP3201200007,OLYMPUS,JP,0.003905208011799375,2.0207446631796753,0.9865430408858231
2016,vw,JP3900000005,MITSUBISHI HEAVY INDS.,JP,0.0036989102806847204,4.390393053422546,11.61048660378677
2016,vw,JP3258000003,KIRIN HOLDINGS,JP,0.0036958881443255077,21.949889114743456,30.81754094467675
2016,vw,JP3951600000,UNI CHARM,JP,0.003569154401645319,5.099598117286849,2.4929412026853672
2016,vw,JP3659000008,WEST JAPAN RAILWAY,JP,0.0035339737804562115,8.413424931973253,8.037280120109115
2016,vw,JP3546800008,TERUMO,JP,0.0035161278380267617,13.198220589850381,4.630593762596745
2016,vw,JP3294460005,INPEX,JP,0.0034556453458904086,83.66449339842524,60.25685811157916
2016,vw,JP3388200002,AEON,JP,0.003402187048506249,3.83981795691552,21.42629345034747
2016,vw,JP3420600003,SEKISUI HOUSE,JP,0.0033004967045846888,5.563531028233045,7.40101996382106
2016,vw,JP3573000001,TOKYO GAS,JP,0.003244913822617172,186.68207936414186,278.8784987828608
2016,vw,AU000000AMP6,AMP,AU,0.0031798327978064156,0.015201781235540663,0.013118122052308133
2016,vw,JP3502200003,DAIWA SECURITIES GROUP,JP,0.0031361339558078345,0.1786215429583046,0.09165545879806364
2016,vw,JP3228600007,KANSAI ELECTRIC PWR.,JP,0.003053127458663438,1516.123685225157,3888.6940407159286
2016,vw,JP3868400007,MAZDA MOTOR,JP,0.00303139307198985,5.341678040063437,14.101544236216325
2016,vw,AU000000SUN6,SUNCORP GROUP,AU,0.00300082234489003,0.4688766551297324,0.5022262270751617
2016,vw,JP3526600006,CHUBU ELEC.POWER,JP,0.0029872000084438036,2279.5777438413556,5355.139298278977
2016,vw,AU000000QBE9,QBE INSURANCE GROUP,AU,0.0029704419214895217,0.627485406774314,0.830560336584433
2016,vw,JP3571400005,TOKYO ELECTRON,JP,0.0029399081189880757,3.5288635453750983,1.9322738031979132
2016,vw,JP3486800000,DAITO TST.CONSTRUCTION,JP,0.002937794895819603,3.2455467336750203,3.6833393599186315
2016,vw,JP3407400005,SUMITOMO ELECTRIC IND.,JP,0.0029244395526231573,7.839129157830001,18.768672227380623
2016,vw,JP3429800000,ANA HOLDINGS,JP,0.0027964901385503526,717.5907058767264,1082.0094722804267
2016,vw,JP3684000007,NITTO DENKO,JP,0.0027673736725557178,57.889023687558094,40.76173194047866
2016,vw,JP3940000007,YAMATO HDG.,JP,0.0026490956629031392,39.00664552302078,49.106645051165266
2016,vw,JP3762800005,NOMURA RESEARCH INST.,JP,0.002621839628595802,0.28712612589332115,0.1083343805656788
2016,vw,SG1V61937297,SINGAPORE AIRLINES,SG,0.0026064534324887942,1292.6099948965514,1519.163930513888
2016,vw,AU000000IAG3,INSURANCE AUS.GROUP,AU,0.0025555457727461507,1.4493316352704146,1.4478820265680294
2016,vw,AU000000RHC8,RAMSAY HEALTH CARE,AU,0.002510778957748449,2.6545812300298333,1.7346801407744858
2016,vw,JP3256000005,KYOWA KIRIN,JP,0.0024468312340723973,21.340611032275973,7.5049944686477374
2016,vw,JP3585800000,TOKYO ELECTRIC POWER CO. HDG.,JP,0.002444416933409492,1726.6637403164277,10622.877215161927
2016,vw,HK0019000162,SWIRE PACIFIC 'A',HK,0.0024326465075894,2294.9406907901976,2094.437678861452
2016,vw,IE00BKVD2N49,SEAGATE TECHNOLOGY HOLDINGS,SG,0.0024087988977473398,23.100336921686253,33.14706572506996
2016,vw,JP3982100004,LAWSON DEAD - DELIST.24/07/24,JP,0.0023642905549382553,1.1583536887667913,0.6607455853184734
2016,vw,JP3351600006,SHISEIDO,JP,0.0023435190481761086,3.7395297775926544,3.8345372569932614
2016,vw,JP3260800002,KINTETSU GROUP HDG.,JP,0.0023057025787338527,3.623464149695297,4.510289911132026
2016,vw,JP3877600001,MARUBENI,JP,0.0022897199083454214,0.0021736255718708248,0.016746491610007703
2016,vw,JP3180400008,OSAKA GAS,JP,0.002280329698943581,327.20960566857207,480.47414593072284
2016,vw,JP3401400001,SUMITOMO CHEMICAL,JP,0.0022717489903522443,77.43959374876559,179.66722179712232
2016,vw,JP3818000006,FUJITSU,JP,0.002218256608723432,4.737981714549236,24.20039463289026
2016,vw,JP3386030005,JFE HOLDINGS,JP,0.0022124566064250176,1837.8734238765428,7022.39077101229
2016,vw,HK0083000502,SINO LAND,HK,0.0021752053673732537,0.23654907857810717,0.08939414119730173
2016,vw,JP3443600006,TAISEI,JP,0.0021440126028085204,9.526558332828476,16.957235970536804
2016,vw,JP3973400009,RICOH,JP,0.0021377183789626406,8.37657897702557,20.581326133633794
2016,vw,JP3538800008,TDK,JP,0.0021242352198487463,9.86435686526306,12.824568745930145
2016,vw,HK0023000190,BANK OF EAST ASIA,HK,0.0020993139563001244,0.4581852597105809,0.23790188918188668
2016,vw,HK0000608585,NEW WORLD DEVELOPMENT COMPANY,HK,0.0020713847581608946,0.007157025003004067,0.007816035213295488
2016,vw,JP3027670003,NIPPON BUILDING FUND,JP,0.002047727452018146,12.802943061555217,1.0224137620138125
2016,vw,AU000000NCM7,NEWCREST MINING DEAD - DELIST.08/11/23,AU,0.0020471281373830017,487.8884756224639,214.05214157867718
2016,vw,JP3112000009,AGC,JP,0.0020349259777973075,479.64439943987685,738.3792505659977
2016,vw,JP3539220008,T & D HOLDINGS,JP,0.002030529110237099,0.13783078868325277,0.3238278550705987
2016,vw,JP3592200004,TOSHIBA DEAD - DELIST.20/12/23,JP,0.0020037957010144375,15.329235645703742,114.8164212997219
2016,vw,JP3942800008,YAMAHA MOTOR,JP,0.0019999811059670477,10.964359819139915,20.9167044200582
2016,vw,AU0000088338,AMPOL,AU,0.0019924598493136682,51.96388794671459,104.56946212524038
2016,vw,AU000000SGP0,STOCKLAND STAPLED UNITS,AU,0.001965823012117523,22.801300811738283,5.062237666250063
2016,vw,JP3027680002,JAPAN REAL ESTATE INV.,JP,0.0019575604231429453,13.959254736286224,0.9818687281992351
2016,vw,JP3626800001,LIXIL,JP,0.0019409670767044853,36.27882871210158,79.90002253590379
2016,vw,JP3733000008,NEC,JP,0.0019317984148928883,2.4613448913639546,8.674863187115328
2016,vw,AU000000APA1,APA GROUP,AU,0.0019185538454915632,832.5054880422489,160.5174524733405
2016,vw,JP3190000004,OBAYASHI,JP,0.0018745794891820388,10.87251031310105,24.788592398872087
2016,vw,JP3414750004,SEIKO EPSON,JP,0.001828361253432873,12.668570794664207,18.148884045430467
2016,vw,JP3358800005,SHIMIZU,JP,0.0018065530175625378,15.945558278147269,34.81858588653697
2016,vw,JP3551200003,ELEC.POWER DEV.,JP,0.0018007615363252868,8280.431850009829,8531.653396257367
2016,vw,JP3493800001,DAI NIPPON PRINTING,JP,0.0017953023764734001,21.73731362209104,41.767525748730364
2016,vw,JP3210200006,KAJIMA,JP,0.0017855770053324745,14.060221998499278,32.45069562201939
2016,vw,SG1U68934629,KEPPEL,SG,0.0017720199970218324,167.20168013040563,193.26834147334475
2016,vw,JP3419400001,SEKISUI CHEMICAL,JP,0.0017713042278841241,15.3218880508834,22.48320694780965
2016,vw,AU000000GPT8,GPT GROUP STAPLED UNITS,AU,0.0017678929630651253,28.071744627705726,2.1883936891488065
2016,vw,JP3629000005,TOPPAN HOLDINGS,JP,0.0017527425163169658,20.38943708665513,41.241415297057465
2016,vw,JP3657400002,NIKON,JP,0.0017109609130801034,3.3957705334361368,4.01908442567433
2016,vw,HK0293001514,CATHAY PACIFIC AIRWAYS,HK,0.0017098503347751672,1309.1286607081015,2857.2140501839745
2016,vw,SG1F60858221,SINGAPORE TECHS.ENGR.,SG,0.0016895474863769962,10.390223903690512,7.750022275009793
2016,vw,JP3402600005,SUMITOMO METAL MINING,JP,0.00166432230498022,278.20902771615744,355.8287652997836
2016,vw,SGXE21576413,GENTING SINGAPORE,SG,0.0016600447322762965,1.8019432441401162,0.5184361365386261
2016,vw,AU000000QAN2,QANTAS AIRWAYS,AU,0.0016433377716889937,1056.5658965301095,2086.2671284965636
2016,vw,AU000000CIM7,CIMIC GROUP DEAD - DELIST.11/05/22,AU,0.0016176552933431262,208.98681637064104,344.67258737968064
2016,vw,JP3596200000,TOTO,JP,0.0016114661625849262,35.23077626401944,29.611507595880475
2016,vw,AU000000ASX7,ASX,AU,0.0015929669387996313,0.017458433058019134,0.001961364681884479
2016,vw,BMG988031446,YUE YUEN INDL.HDG.,HK,0.0015873401980782019,25.684162473532567,38.57901809599304
2016,vw,JP3197800000,OMRON,JP,0.0015792395092657254,10.291293950079309,13.036847056030474
2016,vw,SG9999000020,FLEX,SG,0.0015706389181983412,1.258024274351214,5.401710390923246
2016,vw,JP3209000003,CASIO COMPUTER,JP,0.0015681962139982256,1.8565759445238272,0.9931119173067833
2016,vw,BMG668971101,CTF SERVICES,HK,0.001548478478466594,116.27486985417141,73.22106274911908
2016,vw,JP3720800006,NSK,JP,0.0015468509557844238,15.597371499639694,23.77900763498948
2016,vw,JP3738600000,NITERRA,JP,0.0015338392953882262,22.985314425028044,13.368097670999246
2016,vw,AU000000SHL7,SONIC HEALTHCARE,AU,0.0015276672067523523,2.5644875657826534,1.5591881660853335
2016,vw,AU000000LLC3,LENDLEASE GROUP STAPLED UNITS,AU,0.0015045382064017222,8.358856215146137,16.376219791920345
2016,vw,JP3982800009,ROHM,JP,0.0014785006838407217,14.255421372898352,8.24230501753968
2016,vw,SG1J26887955,SINGAPORE EXCHANGE,SG,0.0014773503405836905,0.08007287492616937,0.008940089862322616
2016,vw,AU000000DXS1,DEXUS STAPLED UNITS,AU,0.0014437063507576784,26.074777378073954,3.4795508023073713
2016,vw,JP3894900004,ISETAN MITSUKOSHI HDG.,JP,0.0014426156549287895,2.5310200334631388,5.384918291002165
2016,vw,JP3246400000,KYUSHU ELEC.POWER,JP,0.0014324727517908671,1778.1102089518731,5452.789746375877
2016,vw,AU000000MGR9,MIRVAC GROUP STAPLED UNITS,AU,0.0014226990946366834,5.682487014611321,1.2336091102202489
2016,vw,JP3224200000,KAWASAKI HEAVY INDUSTRY,JP,0.0014127919408576095,13.786113154223525,35.38399678327302
2016,vw,AU000000ORG5,ORIGIN ENERGY (EX BORAL),AU,0.0014047707819493228,2048.9906334443017,3432.6372488758047
2016,vw,JP3977400005,RINNAI,JP,0.0013652870248728015,13.656520785430182,7.408748114630468
2016,vw,JP3357200009,SHIMADZU,JP,0.0013650342333916268,1.4152478806662987,0.832317212736118
2016,vw,JP3942600002,YAMAHA,JP,0.0013357501865274492,7.031032815452696,5.528668271398073
2016,vw,JP3688370000,NIPPON EXPRESS HOLDINGS,JP,0.00133127094870933,45.103139704321535,155.40421464522007
2016,vw,JP3786200000,HITACHI METALS DEAD - DELIST.29/12/22,JP,0.001329117960588763,39.21901120031484,73.94094554655395
2016,vw,JP3870400003,MARUI GROUP,JP,0.0012755517297632025,7.061909866467572,3.214112344738823
2016,vw,SG1R89002252,CITY DEVELOPMENTS,SG,0.0012662098063746209,0.33706408538956834,0.1749691000082998
2016,vw,JP3743000006,NH FOODS,JP,0.0012253087127912883,32.315379527684605,77.42360214468013
2016,vw,NZAIAE0002S6,AUCKLAND INTL.AIRPORT,NZ,0.0012118255536773938,6.899575080155985,0.5644023382382584
2016,vw,JP3269600007,KURARAY,JP,0.0012010946973192113,273.3692063188393,280.46577182477745
2016,vw,JP3174410005,OJI HOLDINGS,JP,0.0011941528728249288,533.5906373792147,1513.7099689836928
2016,vw,JP3300600008,KONICA MINOLTA,JP,0.0011931985139746512,19.40694932520381,39.8392717716288
2016,vw,JP3888300005,MITSUI CHEMICALS,JP,0.001190076965235201,357.3609479690948,1004.7996486781275
2016,vw,JP3358200008,SHIMAMURA,JP,0.0011709216197403403,0.22485717881130124,0.24402964256692017
2016,vw,NZTELE0001S4,SPARK NEW ZEALAND,NZ,0.0011452249396258674,0.8285484883038371,0.4568475042038899
2016,vw,JP3870000001,MABUCHI MOTOR,JP,0.00112410406935603,22.56014933686401,6.785391219975642
2016,vw,HK0291001490,CHINA RESOURCES BEER HOLDINGS,HK,0.0011178950561217824,106.25763517033771,120.68825334878143
2016,vw,JP3903000002,MITSUBISHI MATERIALS,JP,0.0011149467689593171,863.2932643766782,2635.66839388798
2016,vw,JP3613400005,TOYO SEIKAN GROUP HDG.,JP,0.0011059002423577258,79.63897799555467,135.86642455560892
2016,vw,JP3667600005,JGC HOLDINGS,JP,0.0011001371646576854,17.009556181807845,30.818900971796225
2016,vw,JP3118000003,ASICS,JP,0.0010777892615803479,1.3569156955434791,1.2741925282509698
2016,vw,JP3126400005,ALPS ALPINE,JP,0.0010764344128554,1.3951069169413242,2.3943279179057413
2016,vw,JP3711600001,NIPPON SANSO HOLDINGS,JP,0.0010761333353609672,19.78066303558949,25.60224666312986
2016,vw,JP3635400009,TOYOTA BOSHOKU,JP,0.0010735628152434035,4.2636743936537895,13.193180375058207
2016,vw,JP3711200000,AOZORA BANK,JP,0.0010700748608739362,0.37792083417435035,0.09343313691139778
2016,vw,AU000000STO6,SANTOS,AU,0.0010322015843572587,2202.8434162954463,1386.8785875852352
2016,vw,HK0010000088,HANG LUNG GROUP,HK,0.0010078767950900602,1.854887147254003,0.6440359371213104
2016,vw,JP3670800006,NISSAN CHEMICAL,JP,0.0010051670976401644,236.08249876727933,98.08696536757392
2016,vw,JP3449020001,TAIHEIYO CEMENT,JP,0.0009911045063671726,2093.1314353148596,4227.124094034167
2016,vw,HK0165000859,CHINA EVERBRIGHT,HK,0.000988133496374939,0.18916127629504811,0.02500783291318258
2016,vw,AU000000ORI1,ORICA,AU,0.000985366991850622,451.72298439322185,518.8560952619791
2016,vw,JP3289800009,KOBE STEEL,JP,0.0009724859877255933,1046.3937745400535,4744.116221063023
2016,vw,JP3753000003,NIPPON YUSEN KK,JP,0.000968001069200032,1064.1024167575515,6194.194299932806
2016,vw,JP3544000007,TEIJIN,JP,0.0009675920582641987,129.4336675029687,252.45186535509114
2016,vw,AU000000BEN6,BENDIGO & ADELAIDE BANK,AU,0.0009583637490244593,1.6793043995803307,1.110518360451676
2016,vw,BMG2442N1048,COSCO SHIPPING PORTS,HK,0.0009562476855022661,653.9784415577875,154.2955163144372
2016,vw,BMG8063F1068,SHANGRI-LA ASIA,HK,0.0009399042901912595,71.86761206931648,45.87729026838032
2016,vw,JP3385980002,J S R DEAD - DELIST.25/06/24,JP,0.0009173689237683317,126.07942987242183,127.49669481108562
2016,vw,NZFBUE0001S0,FLETCHER BUILDING,NZ,0.0009154744078363814,206.45543084085693,364.5558623685272
2016,vw,BMG524401079,KERRY PROPERTIES,HK,0.0009040618665851433,4.024811425967454,1.6871300566775163
2016,vw,JP3134800006,IHI,JP,0.0009024031000120415,5.937015379250011,23.93014969720624
2016,vw,JP3040890000,JAPAN PRIME REALTY INV.,JP,0.0009000512871309999,16.848381529118907,1.2537869224943194
2016,vw,JP3787000003,HITACHI CON.MCH.,JP,0.0008876304203087837,6.327945839057039,13.22082385354568
2016,vw,JP3845400005,HOKURIKU ELEC.POWER,JP,0.0008718778185717585,4111.4267694286555,6033.339740227586
2016,vw,JP3164800009,NOK,JP,0.000870230413413541,6.945997138447578,14.5808650014198
2016,vw,KYG0535Q1331,ASMPT,HK,0.0008695572495816486,1.5005957365073934,0.816609177380579
2016,vw,SG1R50925390,SEMBCORP INDUSTRIES,SG,0.0008641009300834832,2258.8660492432796,4963.464300858252
2016,vw,JP3456000003,TAKASHIMAYA,JP,0.0008598688030390967,2.017525279741009,5.134887838458312
2016,vw,JP3955000009,YOKOGAWA ELECTRIC,JP,0.0008343340230867245,3.431461131001457,4.137290080104036
2016,vw,AU000000BLD2,BORAL DEAD - DELIST.08/07/24,AU,0.000823256643574572,574.6301295189122,597.9099029474578
2016,vw,JP3835620000,BENESSE HOLDINGS DEAD - DELIST.17/05/24,JP,0.0008179224592864124,0.04356812158195311,0.056256836768357264
2016,vw,JP3830000000,BROTHER INDUSTRIES,JP,0.0008095718193464821,11.991326094254468,26.430313130427155
2016,vw,JP3595200001,TOSOH,JP,0.0007893200973152903,1137.729871940832,2695.262599183145
2016,vw,JP3243600008,CANON MARKETING JAPAN,JP,0.0007868376281630798,1.552327336858569,3.0102411008551697
2016,vw,AU000000TAH8,TABCORP HOLDINGS,AU,0.0007757091222839481,1.289700845477799,0.7242688655928349
2016,vw,JP3663900003,SOJITZ,JP,0.000753773070496165,0.5356861954932933,2.855151104077172
2016,vw,JP3820000002,FUJI ELECTRIC,JP,0.0007317092027909339,38.38165951299665,99.72361535953294
2016,vw,JP3769000005,HACHIJUNI NAGANO BANK,JP,0.000727940053403081,1.924168869043549,1.0102034844021304
2016,vw,JP3293200006,COCA-COLA BOTTLERS JAPAN HOLDINGS,JP,0.0007260000918115937,27.01640171352955,38.71526826863639
2016,vw,JP3419050004,SEGA SAMMY HDG.,JP,0.0007250258504852686,3.7248763937269143,4.175366980204419
2016,vw,JP3405400007,SUMITOMO HEAVY INDS.,JP,0.0007155788340090071,2.750719365342886,6.271508694772023
2016,vw,JP3665200006,NICHIREI,JP,0.0006889988038872831,9.665643594913975,17.713284551169743
2016,vw,JP3493400000,DIC,JP,0.0006832556086632903,48.75701622887432,138.20904332932867
2016,vw,JP3742600004,NHK SPRING,JP,0.0006750469864094131,4.063235534056266,9.053470670655507
2016,vw,JP3362700001,MITSUI OSK LINES,JP,0.0006553122087554552,1255.1760217022595,8094.835619703964
2016,vw,BMG677491539,ORIENT OVERSEAS (INTL.),HK,0.0006491997675477238,903.1451389946128,2341.1138285724287
2016,vw,JP3582600007,TOKYO TATEMONO,JP,0.000637494669863216,1.1807571275550697,1.1374876360039565
2016,vw,NZCENE0001S6,CONTACT ENERGY,NZ,0.000613766354877441,736.0524067518892,514.721317241124
2016,vw,NZAIRE0001S2,AIR NEW ZEALAND,NZ,0.0006083696828074179,976.5817528446436,1544.8811324630697
2016,vw,SGXE34184239,SEATRIUM,SG,0.0006069438252394435,14.092408377790928,22.947221624252407
2016,vw,JP3765400001,HOUSE SHOKUHIN GP.HONSHA K K,JP,0.0005963379444449877,28.50481446843263,25.767794543514707
2016,vw,JP3166000004,EBARA,JP,0.0005798156068495539,2.543046421511814,5.164719425870135
2016,vw,JP3158800007,UBE,JP,0.0005794378398046523,2132.1251906985344,5651.90537347673
2016,vw,JP3352400000,CITIZEN WATCH,JP,0.0005750636950742126,7.233734559537326,10.415781726941352
2016,vw,JP3359600008,SHARP,JP,0.000574597877063958,6.9723696837902756,75.6309998121583
2016,vw,JP3535800001,TSUMURA,JP,0.0005708457697984314,36.258228293948484,16.800449802713743
2016,vw,JP3638600001,DOWA HDG.,JP,0.0005688205975953123,239.8235409823939,427.3858506771062
2016,vw,JP3549600009,DENKA,JP,0.0005667869043310299,599.0142085137477,930.1020305891315
2016,vw,JP3156400008,USHIO,JP,0.0005629609478687556,2.378741583263005,1.787579275583877
2016,vw,JP3322930003,SUMCO,JP,0.0005541785741632234,11.171113531519042,11.275748427801895
2016,vw,JP3148800000,IBIDEN,JP,0.0005403119672969853,47.328210706684715,66.76234183370394
2016,vw,AU000000BSL0,BLUESCOPE STEEL,AU,0.0005238151928850412,1361.5889660913308,4484.353564437503
2016,vw,JP3122400009,ADVANTEST,JP,0.0005232158782498966,2.9148167346540155,2.106314600885955
2016,vw,JP3528600004,CHIYODA CORPORATION,JP,0.0005220257700407705,0.682265755086064,1.8303598147876097
2016,vw,HK0200030994,MELCO INTL.DEV.,HK,0.0005216764065330794,285.43048771597284,8.526891204686768
2016,vw,JP3165600002,NTN,JP,0.0005156349741683747,16.109538835196684,53.57691735660106
2016,vw,NZSKCE0001S2,SKY CITY ENTM.GP.,NZ,0.0005127832590324257,7.728732207617557,2.7185864236851582
2016,vw,JP3320800000,SAPPORO HOLDINGS,JP,0.0005090027482296885,26.913254753667257,66.65789826119952
2016,vw,JP3678000005,NISSHINBO HOLDINGS,JP,0.0005067759109123737,62.88176283386359,159.15087994619438
2016,vw,HK0000745908,YUEXIU PROPERTY COMPANY,HK,0.0005064663123567776,0.4162241804469518,0.8170163366253343
2016,vw,JP3491000000,DAIDO STEEL,JP,0.0004987490712966447,104.22386128410909,231.14229415583677
2016,vw,JP3811000003,FUJIKURA,JP,0.0004900945135085605,4.860080653411228,16.2448492294853
2016,vw,JP3368000000,RESONAC HOLDINGS,JP,0.00046322760766100894,490.28499663237034,1952.3202197586577
2016,vw,JP3223800008,KAWASAKI KISEN KAISHA,JP,0.0004481907750616921,1213.1422336874207,8407.967349835862
2016,vw,JP3827200001,FURUKAWA ELECTRIC,JP,0.00042228390877186047,21.173365054221573,104.25564830197817
2016,vw,JP3421100003,JAPAN PETROLEUM EXP.,JP,0.00040768733099930864,81.39931693776595,123.97202056655567
2016,vw,JP3452000007,TAIYO YUDEN,JP,0.0004055116200489731,16.531560318192195,23.681777429115765
2016,vw,JP3385820000,GS YUASA,JP,0.0004034353214788747,7.152544219746621,15.43541471588389
2016,vw,AU000000CQR9,CHARTER HALL RETAIL REIT,AU,0.00033806458058856936,0.589696271732042,0.07141536858731999
2016,vw,JP3619800000,TOYOBO,JP,0.00033231854501085536,238.09323066765893,598.5871674116872
2016,vw,AU000000MTS0,METCASH,AU,0.00032711501699386476,2.1171691381729274,17.441628244201898
2016,vw,JP3194000000,OKI ELECTRIC IND.,JP,0.0002822232264324363,2.5396315271704784,11.070630623377147
2016,vw,HK0242001243,SHUN TAK HOLDINGS,HK,0.00028067807400817705,797.2299384489706,456.26404096419685
2016,vw,AU000000SGM7,SIMS,AU,0.0002800134312374479,21.80413791055587,83.42225919013227
2016,vw,AU000000CSR5,CSR DEAD - DEAD.10/07/24,AU,0.0002735175422773728,292.04707382807476,462.26881418943475
2016,vw,AU000000DOW2,DOWNER EDI,AU,0.00026654163353843777,44.99646133356849,233.26690892040793
2016,vw,AU000000IVC8,INVOCARE DEAD - DELIST.27/11/23,AU,0.0002612557352635362,17.370666480022145,5.936073059360731
2016,vw,AU000000CWY3,CLEANAWAY WASTE MANAGEMENT,AU,0.00025043114723255846,550.2047144327119,634.3544783313863
2016,vw,JP3375800004,SHINKO ELEC.INDS. DEAD - DELIST.06/06/25,JP,0.00024551733529511643,31.267850737941203,43.56829671791668
2016,vw,JP3888400003,MITSUI KINZOKU LIMITED,JP,0.0002449492645509035,166.99114245561557,750.9363513027748
2016,vw,AU000000OZL8,OZ MINERALS DEAD - DELIST.03/05/23,AU,0.00023087247150930656,230.16808986733824,175.52132672268493
2016,vw,AU000000IGO4,IGO,AU,0.00022627961954234483,159.5652663226097,62.2900610046946
2016,vw,JP3686800008,NIPPON SHEET GLASS,JP,0.00018140203074952169,563.9782575102164,4697.335045250995
2016,vw,AU000000SIG5,SIGMA HEALTHCARE,AU,0.00017528674918806928,1.8384736333577794,7.421450909856919
2016,vw,JP3560800009,TOKAI CARBON,JP,0.00017001789303549417,44.71258488969214,65.13749206455277
2016,vw,AU000000WOR2,WORLEY,AU,0.0001664504087618368,3.1865271804034743,32.62345995017235
2016,vw,AU000000SBM8,ST BARBARA,AU,0.00015859399036937172,296.9349961693119,234.61566014757503
2016,vw,AU000000MND5,MONADELPHOUS GROUP,AU,0.00011528427683057631,8.385485851489713,22.629841332413523
2016,vw,AU000000GWA4,GWA GROUP,AU,0.00011060337389826159,34.61257903816303,25.71135079609656
2016,vw,AU000000BPT9,BEACH ENERGY,AU,0.0001004235461619655,102.08835679750597,116.51487724855753
2016,vw,BMG684371393,PACIFIC BASIN SHIP.,HK,9.796379983952343e-05,819.6335727652029,2980.5740794433173
2016,vw,AU000000ERA9,ENERGY RES.OF AUS.,AU,3.627699772543906e-05,463.7759092686742,891.356091450047
2016,vw,AU0000038911,OVATO DEAD - DELIST.29/08/22,AU,2.9235760850919534e-05,45.7013326508601,242.88351306713298
2016,vw,AU000000MAH3,MACMAHON HOLDINGS,AU,2.2015581691972925e-05,0.40041491813564295,1.6384982582892529
2016,vw_50,JP3633400001,TOYOTA MOTOR,JP,0.035174996484845,10.487988763547921,12.281646263432435
2016,vw_50,JP3726800000,JAPAN TOBACCO,JP,0.027045707655522687,21.458057957146977,5.071600400277954
2016,vw_50,JP3496400007,KDDI,JP,0.021749325126967367,0.14636854410709532,0.07451533657813415
2016,vw_50,JP3626800001,LIXIL,JP,0.01920733489619682,36.27882871210158,79.90002253590379
2016,vw_50,HK0388045442,HONG KONG EXCHANGES AND CLEARING,HK,0.018914031028996338,0.024159303906877327,0.0014535556457440082
2016,vw_50,JP3854600008,HONDA MOTOR,JP,0.017991560057932923,10.913508933802579,25.66147847726746
2016,vw_50,JP3672400003,NISSAN MOTOR,JP,0.017865380134465005,9.113134283276064,20.875059125616595
2016,vw_50,JP3814800003,SUBARU,JP,0.0178157315378702,6.9496122636648705,5.988083393827919
2016,vw_50,JP3769000005,HACHIJUNI NAGANO BANK,JP,0.01696564420594477,1.924168869043549,1.0102034844021304
2016,vw_50,AU000000NAB4,NATIONAL AUS.BANK,AU,0.01615308734909229,0.6078786002944272,0.35405116196342407
2016,vw_50,AU000000CBA7,COMMONWEALTH BK.OF AUS.,AU,0.016028938425833656,0.3110532211271961,0.0965151872711984
2016,vw_50,AU000000WBC1,WESTPAC BANKING,AU,0.015208514979310606,0.3987546871724223,0.15583453802611177
2016,vw_50,HK0011000095,HANG SENG BANK DEAD - DELIST.28/01/26,HK,0.015095146701232858,0.010995850077243826,0.0017288864509329947
2016,vw_50,KYG217651051,CK HUTCHISON HOLDINGS,HK,0.014703419407827475,210.9938647899574,93.8841375663751
2016,vw_50,JP3573000001,TOKYO GAS,JP,0.014267815221719951,186.68207936414186,278.8784987828608
2016,vw_50,JP3830800003,BRIDGESTONE,JP,0.013852151962441968,57.99778510646702,62.03644471443043
2016,vw_50,JP3519400000,CHUGAI PHARM.,JP,0.013328416249519527,10.810511103048682,2.6543408274483133
2016,vw_50,JP3802300008,FAST RETAILING,JP,0.01284408761921453,0.8010294282322592,0.3493017466000617
2016,vw_50,AU000000CSL8,CSL,AU,0.012755969252820498,9.889916795626243,1.5794521497266907
2016,vw_50,JP3762600009,NOMURA HDG.,JP,0.012666958706048873,0.19148129972029845,0.14014833423895787
2016,vw_50,AU000000WES1,WESFARMERS,AU,0.012601047598086277,55.67027218595224,73.81658919956149
2016,vw_50,AU000000ANZ3,ANZ GROUP HOLDINGS,AU,0.012583502501643699,0.7501952205297624,0.4209468174491444
2016,vw_50,SG1T75931496,SINGAPORE TELECOM,SG,0.01233632219970352,0.6010432244927562,0.18532719345851043
2016,vw_50,AU000000TLS2,TELSTRA GROUP,AU,0.01193615376893338,2.6618656203714215,1.0472679252167794
2016,vw_50,JP3783600004,EAST JAPAN RAILWAY,JP,0.011676330491212144,44.880167834891786,28.228178486239962
2016,vw_50,JP3940000007,YAMATO HDG.,JP,0.011642827664300163,39.00664552302078,49.106645051165266
2016,vw_50,JP3566800003,CENTRAL JAPAN RAILWAY,JP,0.01109054722097835,5.069632443314217,1.8856037767868743
2016,vw_50,JP3898400001,MITSUBISHI,JP,0.010945734432441985,28.64620239536721,68.89836113764973
2016,vw_50,JP3788600009,HITACHI,JP,0.01091510214439509,9.204985156961435,32.338579042836855
2016,vw_50,AU000000TCL6,TRANSURBAN GROUP STAPLED UNITS,AU,0.010296583451983966,1.4681598288212856,0.12995209142451294
2016,vw_50,JP3684000007,NITTO DENKO,JP,0.010113531784602742,57.889023687558094,40.76173194047866
2016,vw_50,HK0066009694,MTR,HK,0.009951946111049773,10.069466561290337,2.0245232190921927
2016,vw_50,JP3571400005,TOKYO ELECTRON,JP,0.009770418328047604,3.5288635453750983,1.9322738031979132
2016,vw_50,HK0006000050,POWER ASSETS HOLDINGS,HK,0.009712102449339552,53359.06002298727,461.235142411498
2016,vw_50,JP3942400007,ASTELLAS PHARMA,JP,0.009554575667826522,8.708666546660947,3.0665879212550036
2016,vw_50,JP3982100004,LAWSON DEAD - DELIST.24/07/24,JP,0.009132486743816354,1.1583536887667913,0.6607455853184734
2016,vw_50,JP3814000000,FUJIFILM HOLDINGS,JP,0.008912598100712009,35.51208238908525,36.62462389717123
2016,vw_50,JP3910660004,TOKIO MARINE HOLDINGS,JP,0.008890910181139551,0.41088805537102596,0.5370835079734669
2016,vw_50,JP3190000004,OBAYASHI,JP,0.008331145046250115,10.87251031310105,24.788592398872087
2016,vw_50,JP3893600001,MITSUI,JP,0.007958979594549335,6.952761542630747,14.176268925818182
2016,vw_50,JP3463000004,TAKEDA PHARMACEUTICAL,JP,0.007823309567848855,10.573479939120398,4.117743946916398
2016,vw_50,JP3481800005,DAIKIN INDUSTRIES,JP,0.00750545148857717,55.395064923916166,47.58644157321632
2016,vw_50,JP3160400002,EISAI,JP,0.007185385541617666,6.30493036298039,1.549042762718654
2016,vw_50,HK0688002218,CHINA OVERSEAS LAND INVESTMENT,HK,0.007156098822469065,0.10594916219004591,0.06797587391438321
2016,vw_50,NZSKCE0001S2,SKY CITY ENTM.GP.,NZ,0.007095712866839579,7.728732207617557,2.7185864236851582
2016,vw_50,HK0023000190,BANK OF EAST ASIA,HK,0.00706842480825353,0.4581852597105809,0.23790188918188668
2016,vw_50,JP3659000008,WEST JAPAN RAILWAY,JP,0.007017729024201331,8.413424931973253,8.037280120109115
2016,vw_50,JP3890310000,MS&AD INSURANCE GP.HDG.,JP,0.006981650180846406,0.644757259848158,1.4479027120531969
2016,vw_50,JP3902900004,MITSUBISHI UFJ FINL.GP.,JP,0.006859240039048406,0.24906919062634778,0.16645871555325145
2016,vw_50,JP3358800005,SHIMIZU,JP,0.006093626756673246,15.945558278147269,34.81858588653697
2016,vw_50,HK0012000102,HENDERSON LD.DEV.,HK,0.006047931821465729,0.27874830807025774,0.04831204785976486
2016,vw_50,JP3765400001,HOUSE SHOKUHIN GP.HONSHA K K,JP,0.006037470039446062,28.50481446843263,25.767794543514707
2016,vw_50,JP3414750004,SEIKO EPSON,JP,0.006028021878093736,12.668570794664207,18.148884045430467
2016,vw_50,AU000000TAH8,TABCORP HOLDINGS,AU,0.006006766118386513,1.289700845477799,0.7242688655928349
2016,vw_50,AU000000STO6,SANTOS,AU,0.005956023682310756,2202.8434162954463,1386.8785875852352
2016,vw_50,HK2388011192,BOC HONG KONG HOLDINGS,HK,0.005918383519463554,0.023659578131785045,0.010348838034707089
2016,vw_50,HK0242001243,SHUN TAK HOLDINGS,HK,0.005810353705319615,797.2299384489706,456.26404096419685
2016,vw_50,JP3890350006,SUMITOMO MITSUI FINL.GP.,JP,0.005622577495860233,0.4126788098762171,0.39011596343329247
2016,vw_50,JP3200450009,ORIX,JP,0.00547618745557216,11.827146687568751,12.115562881919253
2016,vw_50,JP3197600004,ONO PHARM.,JP,0.005441495042969536,18.51692250454603,1.0469648152275965
2016,vw_50,JP3205800000,KAO,JP,0.0053262425889242515,53.027572049681524,24.037909524123467
2016,vw_50,JP3246400000,KYUSHU ELEC.POWER,JP,0.005314889959948439,1778.1102089518731,5452.789746375877
2016,vw_50,KYG2108Y1052,CHINA RESOURCES LAND,HK,0.0052632030157020206,39.52200578206175,31.903439602315366
2016,vw_50,AU000000BEN6,BENDIGO & ADELAIDE BANK,AU,0.0051871470219944996,1.6793043995803307,1.110518360451676
2016,vw_50,BMG988031446,YUE YUEN INDL.HDG.,HK,0.005134993086844432,25.684162473532567,38.57901809599304
2016,vw_50,JP3734800000,NIDEC,JP,0.00512061905990197,1.7849560662964299,0.8377635197066912
2016,vw_50,HK0165000859,CHINA EVERBRIGHT,HK,0.0048982652567828916,0.18916127629504811,0.02500783291318258
2016,vw_50,JP3735400008,NTT,JP,0.004855548589426328,2.076606432957789,2.127748278522034
2016,vw_50,JP3711600001,NIPPON SANSO HOLDINGS,JP,0.004799759438075332,19.78066303558949,25.60224666312986
2016,vw_50,NZAIAE0002S6,AUCKLAND INTL.AIRPORT,NZ,0.004721097295984455,6.899575080155985,0.5644023382382584
2016,vw_50,JP3868400007,MAZDA MOTOR,JP,0.0046845427020672315,5.341678040063437,14.101544236216325
2016,vw_50,JP3634600005,TOYOTA INDS.,JP,0.004418373977665283,10.19249955800535,12.097670216085547
2016,vw_50,JP3435000009,SONY GROUP,JP,0.0042805941807680945,4.388864820461668,10.612877535937313
2016,vw_50,JP3973400009,RICOH,JP,0.004274065986332589,8.37657897702557,20.581326133633794
2016,vw_50,JP3592200004,TOSHIBA DEAD - DELIST.20/12/23,JP,0.004199604858337778,15.329235645703742,114.8164212997219
2016,vw_50,JP3551500006,DENSO,JP,0.004081491161639174,16.232596394745663,16.19972078055035
2016,vw_50,AU000000APA1,APA GROUP,AU,0.004006619371657646,832.5054880422489,160.5174524733405
2016,vw_50,JP3388200002,AEON,JP,0.0039995588493204615,3.83981795691552,21.42629345034747
2016,vw_50,JP3027680002,JAPAN REAL ESTATE INV.,JP,0.003975938264236003,13.959254736286224,0.9818687281992351
2016,vw_50,AU000000IVC8,INVOCARE DEAD - DELIST.27/11/23,AU,0.003952788156132522,17.370666480022145,5.936073059360731
2016,vw_50,JP3619800000,TOYOBO,JP,0.0038503663087674383,238.09323066765893,598.5871674116872
2016,vw_50,BMG8063F1068,SHANGRI-LA ASIA,HK,0.0038394133495733384,71.86761206931648,45.87729026838032
2016,vw_50,JP3242800005,CANON,JP,0.003824727097289933,5.213917145395157,4.405676584423484
2016,vw_50,JP3027670003,NIPPON BUILDING FUND,JP,0.0036635883939378504,12.802943061555217,1.0224137620138125
2016,vw_50,HK0000608585,NEW WORLD DEVELOPMENT COMPANY,HK,0.0036195531699044995,0.007157025003004067,0.007816035213295488
2016,vw_50,JP3134800006,IHI,JP,0.0035400559938149495,5.937015379250011,23.93014969720624
2016,vw_50,HK0002007356,CLP HOLDINGS,HK,0.0035390307797647886,3691.5513617910487,1786.6018641014716
2016,vw_50,JP3837800006,HOYA,JP,0.0034926563661409676,5.4888357701121535,1.45969884410809
2016,vw_50,JP3224200000,KAWASAKI HEAVY INDUSTRY,JP,0.003490157433917819,13.786113154223525,35.38399678327302
2016,vw_50,JP3351600006,SHISEIDO,JP,0.003485109367270806,3.7395297775926544,3.8345372569932614
2016,vw_50,JP3738600000,NITERRA,JP,0.003481496692840033,22.985314425028044,13.368097670999246
2016,vw_50,JP3493800001,DAI NIPPON PRINTING,JP,0.0034713516021366553,21.73731362209104,41.767525748730364
2016,vw_50,SGXE34184239,SEATRIUM,SG,0.0034506335913251124,14.092408377790928,22.947221624252407
2016,vw_50,JP3546800008,TERUMO,JP,0.00335161313857235,13.198220589850381,4.630593762596745
2016,vw_50,JP3293200006,COCA-COLA BOTTLERS JAPAN HOLDINGS,JP,0.003337437112409305,27.01640171352955,38.71526826863639
2016,vw_50,JP3197800000,OMRON,JP,0.003203921368527234,10.291293950079309,13.036847056030474
2016,vw_50,JP3818000006,FUJITSU,JP,0.003144150303763815,4.737981714549236,24.20039463289026
2016,vw_50,AU000000AMP6,AMP,AU,0.00310497876756543,0.015201781235540663,0.013118122052308133
2016,vw_50,JP3119600009,AJINOMOTO,JP,0.0030860891043165755,127.7267426891687,80.9709627210659
2016,vw_50,JP3539220008,T & D HOLDINGS,JP,0.0030344042873808705,0.13783078868325277,0.3238278550705987
2016,vw_50,JP3596200000,TOTO,JP,0.0030304724018409687,35.23077626401944,29.611507595880475
2016,vw_50,JP3743000006,NH FOODS,JP,0.0029634890254123802,32.315379527684605,77.42360214468013
2016,vw_50,JP3894900004,ISETAN MITSUKOSHI HDG.,JP,0.0029578331916883848,2.5310200334631388,5.384918291002165
2016,vw_50,JP3143600009,ITOCHU,JP,0.0029288692251276272,1.7216803427430516,3.895811646482196
2016,vw_50,JP3266400005,KUBOTA,JP,0.0027916830911641224,22.67874528428822,17.203284563212453
2016,vw_50,JP3116000005,ASAHI GROUP HOLDINGS,JP,0.0027615425526249593,23.755151932646452,23.323582172284073
2016,vw_50,JP3359600008,SHARP,JP,0.0027556316495303402,6.9723696837902756,75.6309998121583
2016,vw_50,JP3538800008,TDK,JP,0.0027485748176530244,9.86435686526306,12.824568745930145
2016,vw_50,JP3786200000,HITACHI METALS DEAD - DELIST.29/12/22,JP,0.002746848093644308,39.21901120031484,73.94094554655395
2016,vw_50,AU000000OZL8,OZ MINERALS DEAD - DELIST.03/05/23,AU,0.0027027972366960324,230.16808986733824,175.52132672268493
2016,vw_50,JP3165600002,NTN,JP,0.0026700007878862884,16.109538835196684,53.57691735660106
2016,vw_50,AU000000DOW2,DOWNER EDI,AU,0.00263906777812258,44.99646133356849,233.26690892040793
2016,vw_50,JP3375800004,SHINKO ELEC.INDS. DEAD - DELIST.06/06/25,JP,0.002604595461159429,31.267850737941203,43.56829671791668
2016,vw_50,HK0291001490,CHINA RESOURCES BEER HOLDINGS,HK,0.0025972011745171697,106.25763517033771,120.68825334878143
2016,vw_50,JP3475350009,DAIICHI SANKYO,JP,0.002555219944323422,17.064643587881232,8.023633578534517
2016,vw_50,JP3888400003,MITSUI KINZOKU LIMITED,JP,0.0025519229780665907,166.99114245561557,750.9363513027748
2016,vw_50,JP3613400005,TOYO SEIKAN GROUP HDG.,JP,0.002498531347642667,79.63897799555467,135.86642455560892
2016,vw_50,JP3352400000,CITIZEN WATCH,JP,0.0023154406627502264,7.233734559537326,10.415781726941352
2016,vw_50,JP3347200002,SHIONOGI,JP,0.0022831179792059237,17.207211328923574,2.6235342204904413
2016,vw_50,JP3820000002,FUJI ELECTRIC,JP,0.00227134849585508,38.38165951299665,99.72361535953294
2016,vw_50,JP3787000003,HITACHI CON.MCH.,JP,0.0022205308900950823,6.327945839057039,13.22082385354568
2016,vw_50,JP3201200007,OLYMPUS,JP,0.0022169716672498763,2.0207446631796753,0.9865430408858231
2016,vw_50,JP3742600004,NHK SPRING,JP,0.0022049559990243175,4.063235534056266,9.053470670655507
2016,vw_50,JP3914400001,MURATA MANUFACTURING,JP,0.002134825731831675,12.0718596244583,4.181616516973936
2016,vw_50,IE00BKVD2N49,SEAGATE TECHNOLOGY HOLDINGS,SG,0.0021210790044167913,23.100336921686253,33.14706572506996
2016,vw_50,JP3397200001,SUZUKI MOTOR,JP,0.0020951784640725695,20.489178770617983,33.14231309241885
2016,vw_50,JP3358200008,SHIMAMURA,JP,0.0020518853758734116,0.22485717881130124,0.24402964256692017
2016,vw_50,HK0019000162,SWIRE PACIFIC 'A',HK,0.0020106132909820896,2294.9406907901976,2094.437678861452
2016,vw_50,AU000000ERA9,ENERGY RES.OF AUS.,AU,0.001924205393793661,463.7759092686742,891.356091450047
2016,vw_50,AU000000MAH3,MACMAHON HOLDINGS,AU,0.0019020757174157978,0.40041491813564295,1.6384982582892529
2016,vw_50,AU000000BHP4,BHP GROUP,AU,0.0018921757126908237,382.77671445266975,334.5637185484198
2016,vw_50,JP3452000007,TAIYO YUDEN,JP,0.001891226174048607,16.531560318192195,23.681777429115765
2016,vw_50,HK0016000132,SUN HUNG KAI PROPERTIES,HK,0.0018708683312449513,6.959279122778249,2.0106360789120092
2016,vw_50,JP3902400005,MITSUBISHI ELECTRIC,JP,0.0018257359163096718,10.04072654371625,17.613285558486343
2016,vw_50,JP3443600006,TAISEI,JP,0.0017886446267743913,9.526558332828476,16.957235970536804
2016,vw_50,JP3289800009,KOBE STEEL,JP,0.0017794822755949715,1046.3937745400535,4744.116221063023
2016,vw_50,JP3830000000,BROTHER INDUSTRIES,JP,0.001739100168253092,11.991326094254468,26.430313130427155
2016,vw_50,JP3493400000,DIC,JP,0.0017134399537958298,48.75701622887432,138.20904332932867
2016,vw_50,JP3866800000,PANASONIC HOLDINGS,JP,0.0017094416548037986,6.744428674506297,18.7125748502994
2016,vw_50,JP3357200009,SHIMADZU,JP,0.0016869892285965203,1.4152478806662987,0.832317212736118
2016,vw_50,JP3258000003,KIRIN HOLDINGS,JP,0.0016689546012069701,21.949889114743456,30.81754094467675
2016,vw_50,JP3429800000,ANA HOLDINGS,JP,0.0016454900358472938,717.5907058767264,1082.0094722804267
2016,vw_50,JP3942600002,YAMAHA,JP,0.001644624484982894,7.031032815452696,5.528668271398073
2016,vw_50,JP3371200001,SHIN-ETSU CHEMICAL,JP,0.001586559891576353,147.1405411077235,73.71652041364547
2016,vw_50,AU000000SBM8,ST BARBARA,AU,0.0015476891046384044,296.9349961693119,234.61566014757503
2016,vw_50,JP3903000002,MITSUBISHI MATERIALS,JP,0.0015326574770873392,863.2932643766782,2635.66839388798
2016,vw_50,JP3322930003,SUMCO,JP,0.0015187570716556002,11.171113531519042,11.275748427801895
2016,vw_50,JP3228600007,KANSAI ELECTRIC PWR.,JP,0.0014998073174501598,1516.123685225157,3888.6940407159286
2016,vw_50,HK0010000088,HANG LUNG GROUP,HK,0.0014351113856169654,1.854887147254003,0.6440359371213104
2016,vw_50,JP3505000004,DAIWA HOUSE INDUSTRY,JP,0.0014190595708160256,11.09528737536854,14.321841388255082
2016,vw_50,AU0000038911,OVATO DEAD - DELIST.29/08/22,AU,0.001377440379308578,45.7013326508601,242.88351306713298
2016,vw_50,AU000000CIM7,CIMIC GROUP DEAD - DELIST.11/05/22,AU,0.001273977005669958,208.98681637064104,344.67258737968064
2016,vw_50,JP3165700000,NTT DATA GROUP DEAD - DELIST.26/09/25,JP,0.0012355249159312434,0.4592914131034713,0.43757952880041384
2016,vw_50,SG1J26887955,SINGAPORE EXCHANGE,SG,0.0012228745283590697,0.08007287492616937,0.008940089862322616
2016,vw_50,AU000000MGR9,MIRVAC GROUP STAPLED UNITS,AU,0.00121403940683985,5.682487014611321,1.2336091102202489
2016,vw_50,JP3401400001,SUMITOMO CHEMICAL,JP,0.00119759984981513,77.43959374876559,179.66722179712232
2016,vw_50,AU000000BLD2,BORAL DEAD - DELIST.08/07/24,AU,0.0011960603077422346,574.6301295189122,597.9099029474578
2016,vw_50,AU0000088338,AMPOL,AU,0.0011876647603066748,51.96388794671459,104.56946212524038
2016,vw_50,JP3951600000,UNI CHARM,JP,0.0011558712222565076,5.099598117286849,2.4929412026853672
2016,vw_50,AU000000SHL7,SONIC HEALTHCARE,AU,0.0010302964651146252,2.5644875657826534,1.5591881660853335
2016,vw_50,JP3835620000,BENESSE HOLDINGS DEAD - DELIST.17/05/24,JP,0.0010111131663275825,0.04356812158195311,0.056256836768357264
2016,vw_50,JP3122400009,ADVANTEST,JP,0.0009764965179556328,2.9148167346540155,2.106314600885955
2016,vw_50,JP3194000000,OKI ELECTRIC IND.,JP,0.000962138703116303,2.5396315271704784,11.070630623377147
2016,vw_50,JP3827200001,FURUKAWA ELECTRIC,JP,0.0009484016147743882,21.173365054221573,104.25564830197817
2016,vw_50,AU000000SIG5,SIGMA HEALTHCARE,AU,0.0009465010179575048,1.8384736333577794,7.421450909856919
2016,vw_50,JP3304200003,KOMATSU,JP,0.0009285687991563944,5.709159327546542,6.199822745155877
2016,vw_50,JP3118000003,ASICS,JP,0.0009227262904203063,1.3569156955434791,1.2741925282509698
2016,vw_50,JP3256000005,KYOWA KIRIN,JP,0.0008675714763450254,21.340611032275973,7.5049944686477374
2016,vw_50,SG9999000020,FLEX,SG,0.0008655792457732572,1.258024274351214,5.401710390923246
2016,vw_50,JP3502200003,DAIWA SECURITIES GROUP,JP,0.0008481497159034873,0.1786215429583046,0.09165545879806364
2016,vw_50,JP3381000003,NIPPON STEEL,JP,0.0008368613431277827,2080.53576273832,5201.934418219162
2016,vw_50,AU000000ORG5,ORIGIN ENERGY (EX BORAL),AU,0.0008157864736629003,2048.9906334443017,3432.6372488758047
2016,vw_50,AU000000MND5,MONADELPHOUS GROUP,AU,0.000788449408940814,8.385485851489713,22.629841332413523
2016,vw_50,AU000000QAN2,QANTAS AIRWAYS,AU,0.000668714945898682,1056.5658965301095,2086.2671284965636
2016,vw_50,JP3635400009,TOYOTA BOSHOKU,JP,0.0006677115407602717,4.2636743936537895,13.193180375058207
2016,vw_50,AU000000RHC8,RAMSAY HEALTH CARE,AU,0.0006099545962603673,2.6545812300298333,1.7346801407744858
2016,vw_50,JP3385820000,GS YUASA,JP,0.0005915021626183834,7.152544219746621,15.43541471588389
2016,vw_50,JP3720800006,NSK,JP,0.0005857516459757949,15.597371499639694,23.77900763498948
2016,vw_50,JP3156400008,USHIO,JP,0.000568901100020544,2.378741583263005,1.787579275583877
2016,vw_50,AU000000SGM7,SIMS,AU,0.0005511579127824032,21.80413791055587,83.42225919013227
2016,vw_50,JP3402600005,SUMITOMO METAL MINING,JP,0.0005465309567155359,278.20902771615744,355.8287652997836
2016,vw_50,JP3877600001,MARUBENI,JP,0.0005398490585491079,0.0021736255718708248,0.016746491610007703
2016,vw_50,JP3942800008,YAMAHA MOTOR,JP,0.0005349979536175122,10.964359819139915,20.9167044200582
2016,vw_50,AU000000MTS0,METCASH,AU,0.0005342886072650048,2.1171691381729274,17.441628244201898
2016,vw_50,JP3582600007,TOKYO TATEMONO,JP,0.0005173182306726599,1.1807571275550697,1.1374876360039565
2016,vw_50,JP3870000001,MABUCHI MOTOR,JP,0.0005144616398378589,22.56014933686401,6.785391219975642
2016,vw_50,AU000000IGO4,IGO,AU,0.0005035732920533328,159.5652663226097,62.2900610046946
2016,vw_50,JP3405400007,SUMITOMO HEAVY INDS.,JP,0.0005028710246621143,2.750719365342886,6.271508694772023
2016,vw_50,AU000000WOW2,WOOLWORTHS GROUP,AU,0.0004926710994200831,30.563728487204106,60.15983085977151
2016,vw_50,AU000000BSL0,BLUESCOPE STEEL,AU,0.00047373088147385333,1361.5889660913308,4484.353564437503
2016,vw_50,JP3711200000,AOZORA BANK,JP,0.00046470011055616656,0.37792083417435035,0.09343313691139778
2016,vw_50,JP3300600008,KONICA MINOLTA,JP,0.00045922893305413515,19.40694932520381,39.8392717716288
2016,vw_50,JP3670800006,NISSAN CHEMICAL,JP,0.0004592136939761931,236.08249876727933,98.08696536757392
2016,vw_50,JP3535800001,TSUMURA,JP,0.00044576137312358084,36.258228293948484,16.800449802713743
2016,vw_50,AU000000WOR2,WORLEY,AU,0.0004457352906530535,3.1865271804034743,32.62345995017235
2016,vw_50,JP3657400002,NIKON,JP,0.0004427706316726793,3.3957705334361368,4.01908442567433
2016,vw_50,AU000000GPT8,GPT GROUP STAPLED UNITS,AU,0.00044167825768883645,28.071744627705726,2.1883936891488065
2016,vw_50,JP3551520004,DENTSU GROUP,JP,0.0004011845533519142,0.6600289289275232,0.33788045044627013
2016,vw_50,JP3663900003,SOJITZ,JP,0.00039474482556452157,0.5356861954932933,2.855151104077172
2016,vw_50,JP3112000009,AGC,JP,0.00036129979045267243,479.64439943987685,738.3792505659977
2016,vw_50,AU0000224040,WOODSIDE ENERGY GROUP,AU,0.0003407627056105495,2121.8560643441697,643.1183971785445
2016,vw_50,JP3638600001,DOWA HDG.,JP,0.00032243064295935905,239.8235409823939,427.3858506771062
2016,vw_50,HK0004000045,WHARF HOLDINGS,HK,0.0003064669342073888,5.6613949198375595,2.129622527489464
2016,vw_50,AU000000SUN6,SUNCORP GROUP,AU,0.00030053123145799046,0.4688766551297324,0.5022262270751617
2016,vw_50,JP3967200001,RAKUTEN GROUP,JP,0.0002974175380531475,0.0505588267116438,0.01998253526417911
2016,vw_50,AU000000BPT9,BEACH ENERGY,AU,0.000267360812803205,102.08835679750597,116.51487724855753
2016,vw_50,JP3560800009,TOKAI CARBON,JP,0.0002634771267742311,44.71258488969214,65.13749206455277
2016,vw_50,JP3528600004,CHIYODA CORPORATION,JP,0.0002578367368675442,0.682265755086064,1.8303598147876097
2016,vw_50,AU000000QBE9,QBE INSURANCE GROUP,AU,0.00024444195680433414,0.627485406774314,0.830560336584433
2016,vw_50,JP3166000004,EBARA,JP,0.00024212635017899475,2.543046421511814,5.164719425870135
2016,vw_50,JP3667600005,JGC HOLDINGS,JP,0.0002328907848785446,17.009556181807845,30.818900971796225
2016,vw_50,JP3260800002,KINTETSU GROUP HDG.,JP,0.00022651961344553618,3.623464149695297,4.510289911132026
2016,vw_50,HK0000745908,YUEXIU PROPERTY COMPANY,HK,0.00020979590680483137,0.4162241804469518,0.8170163366253343
2016,vw_50,BMG677491539,ORIENT OVERSEAS (INTL.),HK,0.00020632831467828875,903.1451389946128,2341.1138285724287
2016,vw_50,AU000000IAG3,INSURANCE AUS.GROUP,AU,0.0002042657759241604,1.4493316352704146,1.4478820265680294
2016,vw_50,AU000000ASX7,ASX,AU,0.00020147843563256122,0.017458433058019134,0.001961364681884479
2016,vw_50,HK0003000038,HONG KONG AND CHINA GAS,HK,0.00018907235559606234,219.53804352117965,41.37906397977288
2016,vw_50,JP3762800005,NOMURA RESEARCH INST.,JP,0.000178414988985809,0.28712612589332115,0.1083343805656788
2016,vw_50,JP3888300005,MITSUI CHEMICALS,JP,0.00017311726579211074,357.3609479690948,1004.7996486781275
2016,vw_50,JP3870400003,MARUI GROUP,JP,0.00014397121759101734,7.061909866467572,3.214112344738823
2016,vw_50,JP3733000008,NEC,JP,0.00014115205983575874,2.4613448913639546,8.674863187115328
2016,vw_50,JP3294460005,INPEX,JP,0.0001277058900707956,83.66449339842524,60.25685811157916
2016,vw_50,JP3419050004,SEGA SAMMY HDG.,JP,0.00010457100879569598,3.7248763937269143,4.175366980204419
2016,vw_50,JP3977400005,RINNAI,JP,0.00010429199200494513,13.656520785430182,7.408748114630468
2016,vw_50,JP3386030005,JFE HOLDINGS,JP,8.689686495323347e-05,1837.8734238765428,7022.39077101229
2016,vw_50,SG1F60858221,SINGAPORE TECHS.ENGR.,SG,8.671714963970224e-05,10.390223903690512,7.750022275009793
2016,vw_50,AU000000NCM7,NEWCREST MINING DEAD - DELIST.08/11/23,AU,8.279205475703355e-05,487.8884756224639,214.05214157867718
2016,vw_50,JP3421100003,JAPAN PETROLEUM EXP.,JP,8.049282804643409e-05,81.39931693776595,123.97202056655567
2016,vw_50,HK0293001514,CATHAY PACIFIC AIRWAYS,HK,8.035917035751575e-05,1309.1286607081015,2857.2140501839745
2016,vw_50,JP3585800000,TOKYO ELECTRIC POWER CO. HDG.,JP,7.832487726508377e-05,1726.6637403164277,10622.877215161927
2016,vw_50,NZCENE0001S6,CONTACT ENERGY,NZ,6.599559108110176e-05,736.0524067518892,514.721317241124
2016,vw_50,JP3407400005,SUMITOMO ELECTRIC IND.,JP,5.501254319971869e-05,7.839129157830001,18.768672227380623
2016,vw_50,JP3243600008,CANON MARKETING JAPAN,JP,4.694275677467984e-05,1.552327336858569,3.0102411008551697
2016,vw_50,JP3621000003,TORAY INDS.,JP,3.79578626267052e-05,193.18386731811924,243.06037461500458
2016,vw_50,JP3629000005,TOPPAN HOLDINGS,JP,3.214700636103663e-05,20.38943708665513,41.241415297057465
2016,vw_50,JP3174410005,OJI HOLDINGS,JP,3.0863474285216765e-05,533.5906373792147,1513.7099689836928
2016,vw_50,JP3269600007,KURARAY,JP,2.5708331472123602e-05,273.3692063188393,280.46577182477745
2016,vw_50,JP3180400008,OSAKA GAS,JP,2.1491839697418387e-05,327.20960566857207,480.47414593072284
2016,vw_50,KYG0535Q1331,ASMPT,HK,2.1038741910571238e-05,1.5005957365073934,0.816609177380579
2016,vw_50,JP3491000000,DAIDO STEEL,JP,1.969260272232457e-05,104.22386128410909,231.14229415583677
2016,vw_50,JP3385980002,J S R DEAD - DELIST.25/06/24,JP,1.9147085792453018e-05,126.07942987242183,127.49669481108562
2016,vw_50,JP3040890000,JAPAN PRIME REALTY INV.,JP,1.8292391841750365e-05,16.848381529118907,1.2537869224943194
2016,vw_50,JP3210200006,KAJIMA,JP,7.120215885301904e-06,14.060221998499278,32.45069562201939
2016,vw_50,JP3209000003,CASIO COMPUTER,JP,4.261278481310003e-06,1.8565759445238272,0.9931119173067833
2016,vw_50,SG1U68934629,KEPPEL,SG,3.0176219189221137e-06,167.20168013040563,193.26834147334475
2016,vw_50,JP3845400005,HOKURIKU ELEC.POWER,JP,1.0281645426058239e-06,4111.4267694286555,6033.339740227586
2017,vw,JP3633400001,TOYOTA MOTOR,JP,0.04441628628651306,10.56841639040032,13.663936290691403
2017,vw,AU000000CBA7,COMMONWEALTH BK.OF AUS.,AU,0.025822317771177182,0.30528999794195366,0.08934817492481352
2017,vw,JP3902900004,MITSUBISHI UFJ FINL.GP.,JP,0.021647424646556685,0.2322178627689417,0.12556707756782257
2017,vw,JP3735400008,NTT,JP,0.021559835698060015,1.8727427166719461,2.0974230949464796
2017,vw,AU000000WBC1,WESTPAC BANKING,AU,0.019632926431235657,0.3211164242325381,0.11242423577522474
2017,vw,JP3496400007,KDDI,JP,0.016517711547106313,0.6452305848839158,0.3877842137114204
2017,vw,AU000000BHP4,BHP GROUP,AU,0.015868536590042854,299.30833264991264,157.48177935812825
2017,vw,AU000000ANZ3,ANZ GROUP HOLDINGS,AU,0.015767364952315416,0.6312926008020708,0.2871577944457971
2017,vw,JP3726800000,JAPAN TOBACCO,JP,0.015305703458792187,20.35234098605833,6.03331947328499
2017,vw,AU000000NAB4,NATIONAL AUS.BANK,AU,0.014832851181185713,0.6922686991507989,0.31089760612373296
2017,vw,JP3854600008,HONDA MOTOR,JP,0.013103313359116547,10.357535825057596,23.249131517794122
2017,vw,JP3890350006,SUMITOMO MITSUI FINL.GP.,JP,0.013021788663670512,0.3812316762116766,0.3071100836944888
2017,vw,AU000000TLS2,TELSTRA GROUP,AU,0.010931213584627508,2.740693127951298,1.1469785019912095
2017,vw,KYG217651051,CK HUTCHISON HOLDINGS,HK,0.010885905427121634,238.61899180998319,174.70316360217757
2017,vw,SG1T75931496,SINGAPORE TELECOM,SG,0.010675265453811773,0.38318384011182444,0.10003576049918447
2017,vw,HK2388011192,BOC HONG KONG HOLDINGS,HK,0.010004499090282313,0.029494685039549277,0.007707748809224177
2017,vw,JP3672400003,NISSAN MOTOR,JP,0.00994032701218015,9.411620414075122,23.072863830116322
2017,vw,HK0016000132,SUN HUNG KAI PROPERTIES,HK,0.009520584548869185,4.478096853824506,1.4805872752039442
2017,vw,AU000000CSL8,CSL,AU,0.00932945109753853,8.064115711608014,1.412857222669084
2017,vw,HK0011000095,HANG SENG BANK DEAD - DELIST.28/01/26,HK,0.009323958045717153,0.013532822606637908,0.0016451310629588723
2017,vw,JP3242800005,CANON,JP,0.009145436241527518,5.762304398219913,4.537070097111028
2017,vw,JP3435000009,SONY GROUP,JP,0.009010501851140613,3.994001884452597,7.060059689633978
2017,vw,JP3371200001,SHIN-ETSU CHEMICAL,JP,0.008896009324745827,151.29117389297497,44.14348398032966
2017,vw,JP3898400001,MITSUBISHI,JP,0.008844551234004929,108.11694150394638,160.40622250207875
2017,vw,AU000000WES1,WESFARMERS,AU,0.0083982907536256,48.45909415755871,71.10080069464951
2017,vw,JP3783600004,EAST JAPAN RAILWAY,JP,0.008387913931294056,53.89010191516441,39.156423100473674
2017,vw,JP3551500006,DENSO,JP,0.008361391154215447,17.121468256546066,19.355672435985383
2017,vw,JP3463000004,TAKEDA PHARMACEUTICAL,JP,0.008138834495260164,10.462874990089514,4.708055248589703
2017,vw,JP3566800003,CENTRAL JAPAN RAILWAY,JP,0.0079631115770939,4.574161361337423,2.1220393814643748
2017,vw,JP3802300008,FAST RETAILING,JP,0.00789085700159772,0.8273025240336739,0.39840397119088977
2017,vw,HK0688002218,CHINA OVERSEAS LAND INVESTMENT,HK,0.007729273693860746,0.0866786755498376,0.054594380381495555
2017,vw,JP3910660004,TOKIO MARINE HOLDINGS,JP,0.007545204097731931,0.3420374480098951,0.47049961722225425
2017,vw,JP3902400005,MITSUBISHI ELECTRIC,JP,0.007543361973767569,10.052455564905808,11.98937488976874
2017,vw,HK0066009694,MTR,HK,0.007190887975222376,9.46857467927678,1.8250961896487525
2017,vw,JP3814800003,SUBARU,JP,0.00711576787355941,9.328360926638966,8.995950247038945
2017,vw,JP3830800003,BRIDGESTONE,JP,0.007041894894580327,63.03450676003815,63.235672354722716
2017,vw,JP3914400001,MURATA MANUFACTURING,JP,0.007036309022559195,14.062004463938438,4.769272087310828
2017,vw,HK0388045442,HONG KONG EXCHANGES AND CLEARING,HK,0.007033712436971187,0.063296276466221,0.002876154479948974
2017,vw,JP3481800005,DAIKIN INDUSTRIES,JP,0.006928033069542848,56.41958834480793,34.69679126822612
2017,vw,JP3734800000,NIDEC,JP,0.006734460112962231,8.594251890881909,3.1099813083055228
2017,vw,JP3788600009,HITACHI,JP,0.00670931297884409,16.399459382174726,48.243493424872995
2017,vw,JP3942400007,ASTELLAS PHARMA,JP,0.006679781875291383,8.097843900990933,3.3687079677548657
2017,vw,JP3893600001,MITSUI,JP,0.006294244845592562,8.284092013256764,11.873094018645295
2017,vw,JP3866800000,PANASONIC HOLDINGS,JP,0.006068065818841726,6.839610359833455,17.257595499219093
2017,vw,JP3205800000,KAO,JP,0.0059728037338320035,50.36569505353341,26.02033172137445
2017,vw,AU000000WOW2,WOOLWORTHS GROUP,AU,0.005952752190679879,15.973026656558334,26.677237799717012
2017,vw,HK0002007356,CLP HOLDINGS,HK,0.005873959741113801,3735.899409601882,1549.6070776667361
2017,vw,JP3762600009,NOMURA HDG.,JP,0.005852313594529994,0.20583078706845945,0.1228979849122593
2017,vw,JP3304200003,KOMATSU,JP,0.00570888496586298,6.044518403653202,3.835433233028416
2017,vw,HK0003000038,HONG KONG AND CHINA GAS,HK,0.005671545065505274,223.3492938412655,34.49437829758073
2017,vw,JP3933800009,LY,JP,0.00564271368345841,0.0036223464970299444,0.0011388162131998922
2017,vw,JP3381000003,NIPPON STEEL,JP,0.005490207715256415,2211.9628018440712,3858.150125389879
2017,vw,JP3143600009,ITOCHU,JP,0.005449404907446325,2.0341791747592533,3.7794241156223563
2017,vw,HK0004000045,WHARF HOLDINGS,HK,0.005422087208656999,4.69569978274671,1.2385747764775699
2017,vw,AU000000MQG1,MACQUARIE GROUP,AU,0.005219051351711653,0.04040874990352761,0.019745776547124914
2017,vw,BMG2178K1009,CKI HOLDINGS,HK,0.005142427086811637,10884.988866221121,345.4651061078485
2017,vw,JP3890310000,MS&AD INSURANCE GP.HDG.,JP,0.00507573696329049,0.5702802402393551,1.2339062334420239
2017,vw,AU0000224040,WOODSIDE ENERGY GROUP,AU,0.004958274190503555,2347.377139164098,474.3906794207662
2017,vw,HK0006000050,POWER ASSETS HOLDINGS,HK,0.00489666061790745,64111.19143578344,517.2512024792263
2017,vw,JP3200450009,ORIX,JP,0.0047904481293318014,10.1537549053633,11.208278662095232
2017,vw,HK0012000102,HENDERSON LD.DEV.,HK,0.00478629264038894,0.25856504291663795,0.04236607571295094
2017,vw,JP3249600002,KYOCERA,JP,0.004778857504388081,10.70634260938217,6.645686404680667
2017,vw,JP3266400005,KUBOTA,JP,0.004745106651754222,21.06088094917939,14.996955467568958
2017,vw,JP3198900007,ORIENTAL LAND,JP,0.004735781791686563,14.307413863407119,3.015348121940678
2017,vw,JP3397200001,SUZUKI MOTOR,JP,0.00459325042495051,22.287457488501683,31.6073148653347
2017,vw,JP3814000000,FUJIFILM HOLDINGS,JP,0.00457567884713542,31.78014333373511,34.381420509219524
2017,vw,JP3519400000,CHUGAI PHARM.,JP,0.004389824247165169,10.523278913984448,2.495689795387268
2017,vw,JP3505000004,DAIWA HOUSE INDUSTRY,JP,0.004241090587081408,9.343797131629477,16.161915456346836
2017,vw,KYG2108Y1052,CHINA RESOURCES LAND,HK,0.004102988409877237,37.23237240633744,30.429927706342617
2017,vw,JP3116000005,ASAHI GROUP HOLDINGS,JP,0.004060141177667423,23.75625157581996,21.142679276738075
2017,vw,JP3571400005,TOKYO ELECTRON,JP,0.004001102770613229,2.7174608046241593,1.011223389953912
2017,vw,JP3837800006,HOYA,JP,0.003996211860087696,5.0936900962820975,1.2798102767175061
2017,vw,JP3421800008,SECOM,JP,0.003984007193822522,6.786918018752721,3.348369633722413
2017,vw,JP3160400002,EISAI,JP,0.003876181061774216,8.718231068077575,2.526887398351021
2017,vw,JP3475350009,DAIICHI SANKYO,JP,0.0038409450859442818,13.490824816135902,7.155236674786023
2017,vw,AU000000TCL6,TRANSURBAN GROUP STAPLED UNITS,AU,0.0038371465977697075,1.437572146908775,0.17032171949265712
2017,vw,JP3347200002,SHIONOGI,JP,0.00379879757524031,14.153190227974108,2.6862473608039448
2017,vw,JP3404600003,SUMITOMO,JP,0.003776642107560414,1.7555836391915216,4.087354528330543
2017,vw,JP3634600005,TOYOTA INDS.,JP,0.0036766081122812542,13.293220637727138,12.4982554263039
2017,vw,JP3258000003,KIRIN HOLDINGS,JP,0.0035815197676454316,20.14897248621797,24.713440724809395
2017,vw,JP3900000005,MITSUBISHI HEAVY INDS.,JP,0.003468112523586238,4.349250699180883,10.37615625173708
2017,vw,JP3684000007,NITTO DENKO,JP,0.003402162581658006,58.03387282565853,26.57405470672141
2017,vw,JP3621000003,TORAY INDS.,JP,0.0033791931522264155,185.67294062781542,234.53578114501354
2017,vw,JP3294460005,INPEX,JP,0.003354184058405345,51.49767546446707,26.780754946718908
2017,vw,JP3951600000,UNI CHARM,JP,0.0033481483654161713,4.953585633178492,2.226784249443055
2017,vw,JP3165700000,NTT DATA GROUP DEAD - DELIST.26/09/25,JP,0.0033312741291018026,0.7184305884816374,0.7535229178990807
2017,vw,JP3967200001,RAKUTEN GROUP,JP,0.0032932797273355703,0.04370956146657081,0.021969635650937177
2017,vw,JP3546800008,TERUMO,JP,0.0032921397048821734,15.284812621248,4.94806068900104
2017,vw,JP3359600008,SHARP,JP,0.003280803740486498,8.334657648902715,10.808959974929016
2017,vw,IE00BKVD2N49,SEAGATE TECHNOLOGY HOLDINGS,SG,0.0031803175442341744,27.307495429616086,22.356643330477112
2017,vw,AU000000QBE9,QBE INSURANCE GROUP,AU,0.003142825323548666,0.521196763779568,0.5985557117239374
2017,vw,JP3551520004,DENTSU GROUP,JP,0.00311382972114839,0.728438189364427,0.4151860885144333
2017,vw,AU000000SUN6,SUNCORP GROUP,AU,0.003111918577035493,0.5642223069393281,0.540945266097959
2017,vw,AU000000NCM7,NEWCREST MINING DEAD - DELIST.08/11/23,AU,0.003103255358391727,350.41722911120434,98.78969480460715
2017,vw,JP3111200006,ASAHI KASEI,JP,0.003098462028076192,172.64555235877594,218.14740619661535
2017,vw,JP3388200002,AEON,JP,0.0029782598693939345,3.501385751738632,20.50917117040804
2017,vw,JP3659000008,WEST JAPAN RAILWAY,JP,0.0029734498790425466,7.799212700674717,8.00418779105228
2017,vw,JP3818000006,FUJITSU,JP,0.002972424096835002,5.160293092739299,16.65445606786691
2017,vw,JP3197600004,ONO PHARM.,JP,0.0029176649389900085,10.306379696526987,1.7701179616398308
2017,vw,JP3119600009,AJINOMOTO,JP,0.0028062092991307844,134.9213488301012,107.74775523566315
2017,vw,JP3201200007,OLYMPUS,JP,0.0028037674138757006,4.0490274477645904,2.279273138429491
2017,vw,JP3407400005,SUMITOMO ELECTRIC IND.,JP,0.002790041924337624,7.80673279447891,16.48431608722801
2017,vw,HK0023000190,BANK OF EAST ASIA,HK,0.002760572700918087,0.5863997759631452,0.16355778332997098
2017,vw,AU000000AMP6,AMP,AU,0.00274009513684914,0.008465271795627881,0.008338414554702606
2017,vw,JP3420600003,SEKISUI HOUSE,JP,0.002713293899171269,4.437251167274385,7.0173161046527435
2017,vw,JP3386030005,JFE HOLDINGS,JP,0.002664579954335937,1935.0867752721806,4912.604761296534
2017,vw,JP3351600006,SHISEIDO,JP,0.002652986949387094,4.142627387246547,2.8108061555685935
2017,vw,HK0000608585,NEW WORLD DEVELOPMENT COMPANY,HK,0.002652330067973446,49.84343225735034,30.221854916719163
2017,vw,JP3502200003,DAIWA SECURITIES GROUP,JP,0.0026364363937693056,0.18898185513526072,0.09162766848658173
2017,vw,JP3486800000,DAITO TST.CONSTRUCTION,JP,0.0025906189151673428,2.818453531065352,3.379718565025223
2017,vw,AU000000IAG3,INSURANCE AUS.GROUP,AU,0.0025437256742502747,1.2849476301765297,1.1571964558051628
2017,vw,JP3429800000,ANA HOLDINGS,JP,0.0025146372516502437,716.6247257452176,1058.1429685547926
2017,vw,JP3877600001,MARUBENI,JP,0.002505881212806723,10.19871517730095,59.48186371022967
2017,vw,AU000000RHC8,RAMSAY HEALTH CARE,AU,0.002482490522468554,2.318441698092646,1.5072943960132723
2017,vw,HK0083000502,SINO LAND,HK,0.002469655154846073,2.6504878160411,0.535761919997533
2017,vw,JP3539220008,T & D HOLDINGS,JP,0.0024446079809430517,0.12113353817053056,0.1944225931320243
2017,vw,JP3635000007,TOYOTA TSUSHO,JP,0.0024209697700722037,1.7322682796813962,11.693432637444308
2017,vw,JP3228600007,KANSAI ELECTRIC PWR.,JP,0.0024065826391102343,1444.8748944699819,3905.388526326512
2017,vw,JP3526600006,CHUBU ELEC.POWER,JP,0.0023901439437331758,2481.9425622499703,5773.405293449903
2017,vw,JP3573000001,TOKYO GAS,JP,0.0023814759650791655,255.89621202600517,370.97074008262894
2017,vw,AU000000ORG5,ORIGIN ENERGY (EX BORAL),AU,0.002296007601146118,1891.2030568963073,1792.5649964186018
2017,vw,JP3197800000,OMRON,JP,0.0021831858383469156,7.255559331843324,5.545931933069007
2017,vw,HK0019000162,SWIRE PACIFIC 'A',HK,0.002180941493516951,2296.011772454923,2014.6012484176524
2017,vw,JP3592200004,TOSHIBA DEAD - DELIST.20/12/23,JP,0.00216018546884874,18.932201307899575,92.54780810432342
2017,vw,JP3762800005,NOMURA RESEARCH INST.,JP,0.002146100598537254,0.2700246208449286,0.11089904748808113
2017,vw,JP3538800008,TDK,JP,0.002128874121464842,7.591728691396783,8.808999164880719
2017,vw,JP3401400001,SUMITOMO CHEMICAL,JP,0.0021167360953430812,76.01500891090934,145.49412345412495
2017,vw,JP3112000009,AGC,JP,0.0021002164797918775,444.76682393623895,574.9952971413419
2017,vw,AU000000CIM7,CIMIC GROUP DEAD - DELIST.11/05/22,AU,0.0020660229462053418,267.06058501078275,257.58143017596404
2017,vw,JP3868400007,MAZDA MOTOR,JP,0.002064252222394638,5.275280431979921,17.352083575935833
2017,vw,JP3414750004,SEIKO EPSON,JP,0.0020152074568473596,14.633711220830449,15.694015995767217
2017,vw,SG1V61937297,SINGAPORE AIRLINES,SG,0.0020147409758434647,1334.6869845750848,1663.8788084977696
2017,vw,SGXE21576413,GENTING SINGAPORE,SG,0.001981749344843495,2.0614110801477894,0.39151352403004325
2017,vw,JP3419400001,SEKISUI CHEMICAL,JP,0.001978814798528175,14.830692011872593,16.863655880870738
2017,vw,SG9999000020,FLEX,SG,0.0019693376181327145,3.1549114424034395,8.88596424440843
2017,vw,JP3940000007,YAMATO HDG.,JP,0.001967559754306645,35.50418972694797,55.40072383827827
2017,vw,JP3443600006,TAISEI,JP,0.0019421127395431422,16.663642667636825,26.34765175021936
2017,vw,JP3027670003,NIPPON BUILDING FUND,JP,0.001928008829190681,12.918032271501891,1.014460193115299
2017,vw,SG1U68934629,KEPPEL,SG,0.0019255098238126715,51.64826722866719,30.664024839438543
2017,vw,JP3402600005,SUMITOMO METAL MINING,JP,0.0019078811258746557,264.38659274111427,222.67158498507413
2017,vw,JP3256000005,KYOWA KIRIN,JP,0.0019050417797642125,22.520141156065158,8.584196612846
2017,vw,AU000000SGP0,STOCKLAND STAPLED UNITS,AU,0.0019028640750776615,14.587308821741555,3.4066647405133823
2017,vw,JP3180400008,OSAKA GAS,JP,0.0018846070557874605,388.12949974840984,516.4755951253394
2017,vw,HK0000055878,CHINA TAIPING INSURANCE HLDGS,HK,0.0018696368235706228,0.03812949974237451,0.10456489637965272
2017,vw,AU000000ASX7,ASX,AU,0.0017708547109855895,0.06815684024888606,0.006451136004730833
2017,vw,JP3027680002,JAPAN REAL ESTATE INV.,JP,0.001765618699717379,11.916016269099702,0.8767211921467133
2017,vw,JP3626800001,LIXIL,JP,0.001748934863812763,35.71964276073402,77.15912879586851
2017,vw,JP3982100004,LAWSON DEAD - DELIST.24/07/24,JP,0.0017390007224338947,0.9770109327523375,0.7253606616384118
2017,vw,SG1F60858221,SINGAPORE TECHS.ENGR.,SG,0.0017354140547151708,6.63992428378404,4.3200157989149215
2017,vw,JP3260800002,KINTETSU GROUP HDG.,JP,0.0017275195777257826,5.372366752314698,8.016978784785223
2017,vw,JP3942800008,YAMAHA MOTOR,JP,0.0017215219648185598,11.149709895684534,20.605203455698458
2017,vw,JP3210200006,KAJIMA,JP,0.0017167762346054635,11.855549928975643,25.646961944067442
2017,vw,JP3358800005,SHIMIZU,JP,0.0017126635857547963,15.833198504569676,30.77480006392396
2017,vw,JP3720800006,NSK,JP,0.001702679464268368,16.42869245955394,19.1498581233139
2017,vw,AU000000APA1,APA GROUP,AU,0.0016981217544599029,733.7613103353314,174.02112138136917
2017,vw,JP3982800009,ROHM,JP,0.0016831610422635528,11.51645970634341,4.960344113267789
2017,vw,HK0144000764,CHINA MERCHANTS PORT HOLDINGS,HK,0.001675195165120507,25.878548559854543,3.779291963481478
2017,vw,BMG668971101,CTF SERVICES,HK,0.0016751475650180689,106.3685497845476,56.714433068785326
2017,vw,JP3695200000,NGK INSULATORS,JP,0.0016351182588726,85.08993496122638,46.14110444628491
2017,vw,JP3190000004,OBAYASHI,JP,0.0016297513473226845,8.40362121706126,19.80232721155194
2017,vw,JP3629000005,TOPPAN HOLDINGS,JP,0.0016109326468237118,19.327890199956997,36.48237969095575
2017,vw,AU000000SHL7,SONIC HEALTHCARE,AU,0.0016081837409079017,2.167026976462459,1.2410723006751456
2017,vw,JP3596200000,TOTO,JP,0.0015998156428992524,34.767684542548714,25.73677085347893
2017,vw,AU000000DXS1,DEXUS STAPLED UNITS,AU,0.0015935847894900821,34.20381269613573,2.941431242644555
2017,vw,JP3493800001,DAI NIPPON PRINTING,JP,0.0015899719417150169,20.883930212734192,39.368075035850396
2017,vw,HK0291001490,CHINA RESOURCES BEER HOLDINGS,HK,0.0015702250392184978,86.92805972861754,56.8391089446569
2017,vw,AU000000LLC3,LENDLEASE GROUP STAPLED UNITS,AU,0.0015414412572740722,6.942441615774876,12.9155131603936
2017,vw,JP3657400002,NIKON,JP,0.0015309620947222856,5.094453193271192,5.568199483878991
2017,vw,AU000000GPT8,GPT GROUP STAPLED UNITS,AU,0.0015210993534970746,17.926999102357144,1.518660149331264
2017,vw,JP3675600005,NISSIN FOODS HOLDINGS,JP,0.0014745964334200007,50.89532207797805,35.83089753170308
2017,vw,AU000000STO6,SANTOS,AU,0.0014666686363589056,2171.5745370572477,944.4280368554116
2017,vw,JP3973400009,RICOH,JP,0.0014618396059665425,8.559251431851147,25.219100090033326
2017,vw,JP3585800000,TOKYO ELECTRIC POWER CO. HDG.,JP,0.0014594596008446286,1836.7335194131444,14521.123843598596
2017,vw,JP3733000008,NEC,JP,0.0014502204209613592,2.278262126461521,8.862120180196444
2017,vw,JP3786200000,HITACHI METALS DEAD - DELIST.29/12/22,JP,0.0014246163258598103,42.68889186916027,57.80375791251585
2017,vw,SG1R89002252,CITY DEVELOPMENTS,SG,0.0014224100611117962,0.22726944777131644,0.10541286706266209
2017,vw,NZAIAE0002S6,AUCKLAND INTL.AIRPORT,NZ,0.0014175619906784578,5.454528980582964,0.4042893623879935
2017,vw,JP3942600002,YAMAHA,JP,0.001403079659511612,7.163848794296695,4.4103079073428235
2017,vw,BMG988031446,YUE YUEN INDL.HDG.,HK,0.0013933954186705448,29.071985984109528,42.123530426554204
2017,vw,AU000000MGR9,MIRVAC GROUP STAPLED UNITS,AU,0.0013811145922414693,2.346218997294769,0.7995877987037717
2017,vw,SG1J26887955,SINGAPORE EXCHANGE,SG,0.0013613629297347066,0.08247810339384093,0.008129370629370629
2017,vw,AU0000088338,AMPOL,AU,0.001355829417826257,53.57716901092762,129.48839250449817
2017,vw,JP3269600007,KURARAY,JP,0.0013447124139017975,283.6160302375469,216.63563443798628
2017,vw,JP3670800006,NISSAN CHEMICAL,JP,0.0013187251379756205,202.96583659017804,57.20205383650523
2017,vw,JP3126400005,ALPS ALPINE,JP,0.001307055972862877,1.3804037734281858,1.652275566205739
2017,vw,JP3743000006,NH FOODS,JP,0.0013063824314133753,31.888026457523605,62.124361676738346
2017,vw,AU000000ORI1,ORICA,AU,0.001290876698044107,460.13211531850106,331.64695123749965
2017,vw,JP3688370000,NIPPON EXPRESS HOLDINGS,JP,0.0012745022628053396,43.54865283317652,134.15866174669097
2017,vw,HK0010000088,HANG LUNG GROUP,HK,0.001269637532336148,2.822780386775648,0.9312619502868068
2017,vw,HK0293001514,CATHAY PACIFIC AIRWAYS,HK,0.0012597033909572794,1505.5886163324494,3400.2244533201333
2017,vw,JP3336000009,SANTEN PHARM.,JP,0.0012465824227201685,9.49836322796929,3.1737031118442536
2017,vw,JP3830000000,BROTHER INDUSTRIES,JP,0.0012443999580233737,12.869160617706985,13.927161589424237
2017,vw,JP3595200001,TOSOH,JP,0.0012442428776853272,1233.560143493924,1459.4770366686434
2017,vw,JP3246400000,KYUSHU ELEC.POWER,JP,0.0012317026306979634,1690.682244387442,5313.794029614257
2017,vw,JP3224200000,KAWASAKI HEAVY INDUSTRY,JP,0.0012238176737290629,13.251800949361982,34.81081585661833
2017,vw,NZFBUE0001S0,FLETCHER BUILDING,NZ,0.0012237248535293082,204.92734766632464,267.4218010031721
2017,vw,AU000000BLD2,BORAL DEAD - DELIST.08/07/24,AU,0.0012188791631010918,594.319552744351,346.00387008843404
2017,vw,JP3799000009,HIROSE ELECTRIC,JP,0.0012115344672948658,2.656727149183624,0.5284384349578722
2017,vw,JP3357200009,SHIMADZU,JP,0.001200893464394789,0.9999410034807946,0.594558599695586
2017,vw,JP3787000003,HITACHI CON.MCH.,JP,0.0011890291388620487,6.988075988046634,8.91068894355583
2017,vw,JP3711600001,NIPPON SANSO HOLDINGS,JP,0.001186396853197212,19.834733885931612,20.461999859574508
2017,vw,JP3738600000,NITERRA,JP,0.0011778883348863701,2.124699725895419,1.4063162999333212
2017,vw,KYG0535Q1331,ASMPT,HK,0.0011645365061524334,1.4158366777936908,0.5313713468219906
2017,vw,AU000000BSL0,BLUESCOPE STEEL,AU,0.0011524627401689647,1133.9100711224494,1790.4825629301959
2017,vw,JP3888300005,MITSUI CHEMICALS,JP,0.0011488641724246309,405.1232302129874,882.5083123582239
2017,vw,JP3358200008,SHIMAMURA,JP,0.0011393441519369756,0.17224262477122784,0.1813187387067462
2017,vw,HK0008011667,PCCW,HK,0.0011270799855437536,1.313377488584512,1.3719428501442261
2017,vw,NZTELE0001S4,SPARK NEW ZEALAND,NZ,0.0011249475009545188,1.3812785344327798,0.7616371814346706
2017,vw,JP3300600008,KONICA MINOLTA,JP,0.001120523071432881,18.81716874787256,34.45042235990544
2017,vw,AU000000QAN2,QANTAS AIRWAYS,AU,0.0011046912773619104,1002.0345463000202,2638.8238842628
2017,vw,JP3894900004,ISETAN MITSUKOSHI HDG.,JP,0.001103539354882904,2.455175785222471,5.883697708073181
2017,vw,JP3322930003,SUMCO,JP,0.0010883977622972883,12.233931927211296,5.029422119398481
2017,vw,AU000000BEN6,BENDIGO & ADELAIDE BANK,AU,0.0010787016214306114,1.6084927731583036,0.8267234436881529
2017,vw,JP3449020001,TAIHEIYO CEMENT,JP,0.0010739178111355647,2070.2381995019077,3268.879162280459
2017,vw,JP3174410005,OJI HOLDINGS,JP,0.0010672656968198156,524.0045306066536,1468.9026157928772
2017,vw,JP3820000002,FUJI ELECTRIC,JP,0.0010587928785858022,29.79503660860932,49.60999842650662
2017,vw,JP3903000002,MITSUBISHI MATERIALS,JP,0.0010549824903856183,887.8852946343144,2348.9122857677844
2017,vw,JP3977400005,RINNAI,JP,0.0010501367999574017,13.315103686854163,8.762490566208783
2017,vw,JP3551200003,ELEC.POWER DEV.,JP,0.0010462859516701451,8305.362171524384,12303.947772482741
2017,vw,JP3667600005,JGC HOLDINGS,JP,0.0010458123306508842,18.177471289572726,27.165374041910173
2017,vw,JP3405400007,SUMITOMO HEAVY INDS.,JP,0.0010368468513566348,2.579679019356246,3.6267729295832196
2017,vw,JP3134800006,IHI,JP,0.001021652898658337,5.625491078038335,17.71120403480368
2017,vw,JP3955000009,YOKOGAWA ELECTRIC,JP,0.001014508123282352,3.631195257855274,2.9512296399171403
2017,vw,JP3711200000,AOZORA BANK,JP,0.0010116782971923961,0.3283342656955824,0.0865731613789599
2017,vw,JP3419050004,SEGA SAMMY HDG.,JP,0.0009941900195565736,2.491128626171341,2.0618778816736327
2017,vw,JP3544000007,TEIJIN,JP,0.0009885660674534911,114.77640637826262,180.56495162063064
2017,vw,JP3635400009,TOYOTA BOSHOKU,JP,0.0009661916393023793,4.1739519606764794,12.469886344042054
2017,vw,BMG8063F1068,SHANGRI-LA ASIA,HK,0.0009641210348463143,73.83897186820434,37.47617825086647
2017,vw,BMG524401079,KERRY PROPERTIES,HK,0.0009627668119319453,1.7298103181751934,0.7159049052835067
2017,vw,SG1R50925390,SEMBCORP INDUSTRIES,SG,0.000960263046543692,3955.5827259346,5502.254189272587
2017,vw,JP3385980002,J S R DEAD - DELIST.25/06/24,JP,0.0009500076044733652,130.19193163587693,108.09871681172056
2017,vw,JP3613400005,TOYO SEIKAN GROUP HDG.,JP,0.0009432531499373738,72.93246180719736,127.9256366003573
2017,vw,SG1P66918738,SINGAPORE PRESS HDG. DEAD - DELIST.13/05/22,SG,0.000935572873408958,0.14033376541685022,0.0280363370872838
2017,vw,JP3126340003,ALFRESA HOLDINGS,JP,0.0009303725622175763,1.7965748191573787,10.450945481335953
2017,vw,JP3122400009,ADVANTEST,JP,0.0009070580320433084,2.8016499256361223,1.00336905299174
2017,vw,JP3164800009,NOK,JP,0.0008961647486003089,7.307093898765516,11.864109693816577
2017,vw,JP3118000003,ASICS,JP,0.0008876919303662956,1.2566253819735527,1.1960458899830821
2017,vw,JP3040890000,JAPAN PRIME REALTY INV.,JP,0.0008838196620329419,12.306337016680393,0.865216829315582
2017,vw,JP3362700001,MITSUI OSK LINES,JP,0.0008810183960044493,1386.0033383469959,4917.403930573378
2017,vw,SG1N31909426,COMFORTDELGRO CORPORATION,SG,0.0008744543418782111,333.0829904132775,261.21246431166765
2017,vw,JP3870000001,MABUCHI MOTOR,JP,0.0008571207645753126,2.7383315274887896,0.9515902414101417
2017,vw,JP3753000003,NIPPON YUSEN KK,JP,0.0008424028129013976,1278.1365693901105,6167.537787823139
2017,vw,JP3289800009,KOBE STEEL,JP,0.0008415412510472648,1166.6281679371248,4949.2629840379195
2017,vw,JP3209000003,CASIO COMPUTER,JP,0.0008087995205850963,1.9557138292829441,1.6535277829273962
2017,vw,BMG677491539,ORIENT OVERSEAS (INTL.),HK,0.0008023401866842222,1096.6973588192745,1723.9118762922071
2017,vw,JP3870400003,MARUI GROUP,JP,0.0007919371842963369,6.966246388477493,4.483900632915197
2017,vw,JP3131430005,AEON MALL DEAD - DELIST.27/06/25,JP,0.0007770288322126687,5.9270111305738125,4.20574488026905
2017,vw,JP3663900003,SOJITZ,JP,0.0007736230448832101,69.32008476430181,286.7027020375264
2017,vw,JP3293200006,COCA-COLA BOTTLERS JAPAN HOLDINGS,JP,0.0007610328177882859,92.35940554679425,118.29866681677878
2017,vw,HK0165000859,CHINA EVERBRIGHT,HK,0.0007598594752631823,0.08869666138364148,0.021016825989450868
2017,vw,JP3166000004,EBARA,JP,0.0007494445728496874,2.4377042065715586,3.3481320579754326
2017,vw,JP3456000003,TAKASHIMAYA,JP,0.0007225171949003545,1.90201648006431,5.120595036530974
2017,vw,BMG2442N1048,COSCO SHIPPING PORTS,HK,0.0007178714249023787,95.52533272959555,17.62546995285552
2017,vw,JP3769000005,HACHIJUNI NAGANO BANK,JP,0.0007173597238011672,1.458896722901752,0.8931326328501614
2017,vw,JP3665200006,NICHIREI,JP,0.0007155580599238785,9.110259844305922,14.572897749572599
2017,vw,JP3243600008,CANON MARKETING JAPAN,JP,0.0007074684225144934,1.4897392179253197,2.805335486366924
2017,vw,JP3493400000,DIC,JP,0.0007030416129877337,49.7412963653123,112.54963692682679
2017,vw,JP3835620000,BENESSE HOLDINGS DEAD - DELIST.17/05/24,JP,0.000702727452311641,0.46701346451361486,0.6075939078042287
2017,vw,HK0363006039,SHANGHAI INDUSTRIAL HOLDINGS,HK,0.000689884944673794,2.4086171697591277,2.370052472340763
2017,vw,AU000000TAH8,TABCORP HOLDINGS,AU,0.0006868099780562814,1.189016569748971,0.7003378671056051
2017,vw,BMG2108M2182,CHINESE ESTATES HDG.,HK,0.0006799055831976093,0.0010359237642983377,0.00017502467847966565
2017,vw,JP3582600007,TOKYO TATEMONO,JP,0.0006715041651172536,1.0610885743908347,0.851338323692866
2017,vw,JP3270000007,KURITA WATER IND.,JP,0.0006675009965021945,15.120820345578894,10.434925230512512
2017,vw,JP3638600001,DOWA HDG.,JP,0.0006253082657009064,250.8009866772781,325.7667450729635
2017,vw,NZCENE0001S6,CONTACT ENERGY,NZ,0.0005922809346241082,751.0793797707666,459.12913842086016
2017,vw,JP3742600004,NHK SPRING,JP,0.000586433262039566,3.2417585586001194,7.300892857142857
2017,vw,JP3368000000,RESONAC HOLDINGS,JP,0.0005822087529481688,521.7898783149152,1273.3776188042923
2017,vw,JP3827200001,FURUKAWA ELECTRIC,JP,0.0005774558827197071,28.1415344137977,86.14009924658323
2017,vw,JP3158800007,UBE,JP,0.0005755447386068101,2123.4461279653915,4681.071022433578
2017,vw,JP3165600002,NTN,JP,0.0005703682274666476,16.039872349584122,40.364698518673066
2017,vw,AU000000ILU1,ILUKA RESOURCES,AU,0.0005569711786353947,486.08518096160765,123.49319078202383
2017,vw,AU000000DOW2,DOWNER EDI,AU,0.0005487649209750359,42.30723753132091,97.4528674215975
2017,vw,JP3549600009,DENKA,JP,0.0005484436202835776,581.0111409512367,805.4227167394266
2017,vw,JP3223800008,KAWASAKI KISEN KAISHA,JP,0.0005409109040727202,1419.8360562965256,5707.3176312188425
2017,vw,HK0200030994,MELCO INTL.DEV.,HK,0.0005407585837449178,5.630660669823836,7.618096114150407
2017,vw,SGXE34184239,SEATRIUM,SG,0.0005330640271857704,21.79077249594108,24.478962031646244
2017,vw,JP3765400001,HOUSE SHOKUHIN GP.HONSHA K K,JP,0.000531443243697747,22.160469095379142,24.720661008979157
2017,vw,AU000000OZL8,OZ MINERALS DEAD - DELIST.03/05/23,AU,0.0005229085453305641,167.22223805046676,48.08542208102536
2017,vw,SG1T58930911,FRASER AND NEAVE,SG,0.0005133528247660801,28.642631051600855,18.660695244188524
2017,vw,JP3274400005,GLORY,JP,0.0005071148313415439,0.5169807926313926,0.49091156551979837
2017,vw,JP3491000000,DAIDO STEEL,JP,0.000506807810680817,104.1404255657622,190.60034563077616
2017,vw,JP3845400005,HOKURIKU ELEC.POWER,JP,0.0005044920656971949,3874.395122613518,8737.044218312882
2017,vw,JP3535800001,TSUMURA,JP,0.0004944103640007679,33.292125359271544,16.253900401954414
2017,vw,JP3352400000,CITIZEN WATCH,JP,0.0004876106893674602,7.962326344679286,10.988490711545406
2017,vw,JP3320800000,SAPPORO HOLDINGS,JP,0.0004830672595897267,24.78481128219386,58.853135207839614
2017,vw,BMG4600H1198,HOPSON DEVELOPMENT HOLDINGS,HK,0.0004655599419129286,2.415786544367615,2.587256470684464
2017,vw,JP3148800000,IBIDEN,JP,0.0004598217495639944,56.43298078162205,69.35746006770117
2017,vw,AU000000WOR2,WORLEY,AU,0.0004511490108997404,2.394345036635419,6.120554131189399
2017,vw,JP3811000003,FUJIKURA,JP,0.0004459486997083587,4.954731291116713,14.959465878221515
2017,vw,HK0000745908,YUEXIU PROPERTY COMPANY,HK,0.00044504429776203147,0.2042520372618945,0.34274010257068444
2017,vw,NZSKCE0001S2,SKY CITY ENTM.GP.,NZ,0.00043595267819632064,6.514349920105698,2.519476123664514
2017,vw,JP3156400008,USHIO,JP,0.0004206254452111956,2.5261968603550202,2.1557943338256016
2017,vw,AU000000IGO4,IGO,AU,0.00041809787977172317,239.37953245842738,43.53706644807623
2017,vw,NZAIRE0001S2,AIR NEW ZEALAND,NZ,0.00041296420872375506,855.0873913959836,1842.5089618128795
2017,vw,AU000000SGM7,SIMS,AU,0.0004123454073920574,18.905219550514115,38.825077631685275
2017,vw,JP3528600004,CHIYODA CORPORATION,JP,0.00041001776238282575,0.1971550728168107,0.6135503494392719
2017,vw,JP3385820000,GS YUASA,JP,0.0004062430742594704,7.264210369807717,13.424336516491886
2017,vw,JP3678000005,NISSHINBO HOLDINGS,JP,0.00040198048508612277,60.76015618580701,168.12236898975127
2017,vw,AU000000CSR5,CSR DEAD - DEAD.10/07/24,AU,0.00040191146493758726,247.12461421771198,268.568129330254
2017,vw,JP3400900001,SUMITOMO OSAKA CEMENT,JP,0.0003976607757898491,4477.973508993875,5476.287376409471
2017,vw,AU000000MTS0,METCASH,AU,0.0003797250571911066,1.9219020965639315,12.589941584977561
2017,vw,JP3888400003,MITSUI KINZOKU LIMITED,JP,0.00037965365703744917,172.4216887101601,405.9729936433506
2017,vw,HK0308001558,CTII.INTL.INV.HK.,HK,0.0003658186872637641,38.9690674432407,13.285332292378259
2017,vw,JP3619800000,TOYOBO,JP,0.0003449793624162867,234.21312175630055,477.4092956833093
2017,vw,JP3452000007,TAIYO YUDEN,JP,0.00033820348783419803,16.68154796463868,23.757582581525945
2017,vw,JP3721400004,JAPAN STEEL WORKS,JP,0.00033169417382576373,47.36191328233249,67.00653669807056
2017,vw,AU000000CWY3,CLEANAWAY WASTE MANAGEMENT,AU,0.00032994725006627897,508.44246632376814,403.44218187588814
2017,vw,AU000000CQR9,CHARTER HALL RETAIL REIT,AU,0.00031098574925999157,0.5197791244473525,0.06505135230281786
2017,vw,JP3194000000,OKI ELECTRIC IND.,JP,0.00030206549006305856,3.9310561544000926,12.60656486865535
2017,vw,JP3421100003,JAPAN PETROLEUM EXP.,JP,0.0002976482005567865,108.44362759044508,152.38921494938512
2017,vw,AU000000IVC8,INVOCARE DEAD - DELIST.27/11/23,AU,0.00026599413243533264,15.432186000237419,4.885381435550546
2017,vw,AU000000BPT9,BEACH ENERGY,AU,0.00026411868839926455,37.78053549784533,16.4876457548615
2017,vw,HK0242001243,SHUN TAK HOLDINGS,HK,0.0002482321542104898,905.4999466181059,430.9830391470676
2017,vw,AU000000SIG5,SIGMA HEALTHCARE,AU,0.00023518734613728012,1.3424848985104867,4.634783136675504
2017,vw,AU000000SBM8,ST BARBARA,AU,0.00022355150109624344,296.2950510320944,150.11338351307904
2017,vw,JP3375800004,SHINKO ELEC.INDS. DEAD - DELIST.06/06/25,JP,0.00019916358861199254,28.62241170572764,42.744915274491525
2017,vw,JP3560800009,TOKAI CARBON,JP,0.00019190695299527727,56.26580936993513,54.97997097962372
2017,vw,AU000000MND5,MONADELPHOUS GROUP,AU,0.00017730800157745788,9.518243213135072,12.329024550665109
2017,vw,BMG684371393,PACIFIC BASIN SHIP.,HK,0.00017365469371532016,1207.1598461675665,1799.5175703086454
2017,vw,JP3686800008,NIPPON SHEET GLASS,JP,0.00016278997033378355,581.1820234975767,4386.029035512215
2017,vw,AU000000GWA4,GWA GROUP,AU,0.00012877493713139122,29.441516890938175,18.50407525828451
2017,vw,AU000000ERA9,ENERGY RES.OF AUS.,AU,6.669488353139106e-05,502.92671505502227,406.25200727973447
2017,vw,AU0000038911,OVATO DEAD - DELIST.29/08/22,AU,3.9824625704984e-05,35.29597795272033,149.40536664076973
2017,vw,AU000000MAH3,MACMAHON HOLDINGS,AU,3.241328975534435e-05,0.6276579907702088,1.1454585505543726
2017,vw_50,JP3726800000,JAPAN TOBACCO,JP,0.03024935039919548,20.35234098605833,6.03331947328499
2017,vw_50,JP3942400007,ASTELLAS PHARMA,JP,0.025474256918847547,8.097843900990933,3.3687079677548657
2017,vw_50,JP3783600004,EAST JAPAN RAILWAY,JP,0.022001081592093057,53.89010191516441,39.156423100473674
2017,vw_50,JP3830800003,BRIDGESTONE,JP,0.02190181293535414,63.03450676003815,63.235672354722716
2017,vw_50,AU000000CBA7,COMMONWEALTH BK.OF AUS.,AU,0.020431807619885268,0.30528999794195366,0.08934817492481352
2017,vw_50,AU000000ANZ3,ANZ GROUP HOLDINGS,AU,0.016522669949584793,0.6312926008020708,0.2871577944457971
2017,vw_50,AU000000WBC1,WESTPAC BANKING,AU,0.016238082565130475,0.3211164242325381,0.11242423577522474
2017,vw_50,JP3205800000,KAO,JP,0.01616421965776545,50.36569505353341,26.02033172137445
2017,vw_50,JP3902900004,MITSUBISHI UFJ FINL.GP.,JP,0.016069983634553274,0.2322178627689417,0.12556707756782257
2017,vw_50,JP3633400001,TOYOTA MOTOR,JP,0.015487668419947623,10.56841639040032,13.663936290691403
2017,vw_50,HK0011000095,HANG SENG BANK DEAD - DELIST.28/01/26,HK,0.015469252544285356,0.013532822606637908,0.0016451310629588723
2017,vw_50,AU000000CSL8,CSL,AU,0.014697701439395876,8.064115711608014,1.412857222669084
2017,vw_50,JP3788600009,HITACHI,JP,0.014398465639412964,16.399459382174726,48.243493424872995
2017,vw_50,HK0010000088,HANG LUNG GROUP,HK,0.013938146533477778,2.822780386775648,0.9312619502868068
2017,vw_50,JP3672400003,NISSAN MOTOR,JP,0.013907683396550609,9.411620414075122,23.072863830116322
2017,vw_50,JP3814800003,SUBARU,JP,0.013498419544479915,9.328360926638966,8.995950247038945
2017,vw_50,JP3890350006,SUMITOMO MITSUI FINL.GP.,JP,0.013194102894634295,0.3812316762116766,0.3071100836944888
2017,vw_50,JP3898400001,MITSUBISHI,JP,0.012657827850257116,108.11694150394638,160.40622250207875
2017,vw_50,JP3802300008,FAST RETAILING,JP,0.012305986828866047,0.8273025240336739,0.39840397119088977
2017,vw_50,BMG2178K1009,CKI HOLDINGS,HK,0.011872727265467786,10884.988866221121,345.4651061078485
2017,vw_50,BMG2108M2182,CHINESE ESTATES HDG.,HK,0.011766919749520684,0.0010359237642983377,0.00017502467847966565
2017,vw_50,JP3769000005,HACHIJUNI NAGANO BANK,JP,0.011256271079598255,1.458896722901752,0.8931326328501614
2017,vw_50,JP3735400008,NTT,JP,0.010844885814009067,1.8727427166719461,2.0974230949464796
2017,vw_50,AU000000BHP4,BHP GROUP,AU,0.010734858428569681,299.30833264991264,157.48177935812825
2017,vw_50,HK0066009694,MTR,HK,0.0102893426757199,9.46857467927678,1.8250961896487525
2017,vw_50,HK0023000190,BANK OF EAST ASIA,HK,0.010142373646872647,0.5863997759631452,0.16355778332997098
2017,vw_50,JP3496400007,KDDI,JP,0.009883820829365971,0.6452305848839158,0.3877842137114204
2017,vw_50,AU000000ORG5,ORIGIN ENERGY (EX BORAL),AU,0.009340996339054183,1891.2030568963073,1792.5649964186018
2017,vw_50,JP3814000000,FUJIFILM HOLDINGS,JP,0.009063681161680963,31.78014333373511,34.381420509219524
2017,vw_50,JP3910660004,TOKIO MARINE HOLDINGS,JP,0.008983514500494338,0.3420374480098951,0.47049961722225425
2017,vw_50,JP3854600008,HONDA MOTOR,JP,0.008896718984270477,10.357535825057596,23.249131517794122
2017,vw_50,JP3197800000,OMRON,JP,0.008699185580480247,7.255559331843324,5.545931933069007
2017,vw_50,HK0000055878,CHINA TAIPING INSURANCE HLDGS,HK,0.008200639552268388,0.03812949974237451,0.10456489637965272
2017,vw_50,JP3684000007,NITTO DENKO,JP,0.008028437250617993,58.03387282565853,26.57405470672141
2017,vw_50,HK0000608585,NEW WORLD DEVELOPMENT COMPANY,HK,0.008020572212999282,49.84343225735034,30.221854916719163
2017,vw_50,AU000000NAB4,NATIONAL AUS.BANK,AU,0.007958799526804769,0.6922686991507989,0.31089760612373296
2017,vw_50,JP3940000007,YAMATO HDG.,JP,0.0077878691301831475,35.50418972694797,55.40072383827827
2017,vw_50,JP3190000004,OBAYASHI,JP,0.007715908128625036,8.40362121706126,19.80232721155194
2017,vw_50,JP3973400009,RICOH,JP,0.007653092917515215,8.559251431851147,25.219100090033326
2017,vw_50,JP3359600008,SHARP,JP,0.007548109118617399,8.334657648902715,10.808959974929016
2017,vw_50,KYG217651051,CK HUTCHISON HOLDINGS,HK,0.0074616489989140404,238.61899180998319,174.70316360217757
2017,vw_50,JP3634600005,TOYOTA INDS.,JP,0.007392962193889893,13.293220637727138,12.4982554263039
2017,vw_50,JP3551500006,DENSO,JP,0.00717419819228907,17.121468256546066,19.355672435985383
2017,vw_50,JP3787000003,HITACHI CON.MCH.,JP,0.007001607848541982,6.988075988046634,8.91068894355583
2017,vw_50,JP3200450009,ORIX,JP,0.006989464062246771,10.1537549053633,11.208278662095232
2017,vw_50,HK2388011192,BOC HONG KONG HOLDINGS,HK,0.0069061108017751385,0.029494685039549277,0.007707748809224177
2017,vw_50,HK0006000050,POWER ASSETS HOLDINGS,HK,0.0066265786660752385,64111.19143578344,517.2512024792263
2017,vw_50,JP3194000000,OKI ELECTRIC IND.,JP,0.006574596334485471,3.9310561544000926,12.60656486865535
2017,vw_50,AU000000OZL8,OZ MINERALS DEAD - DELIST.03/05/23,AU,0.006441097904031851,167.22223805046676,48.08542208102536
2017,vw_50,JP3493400000,DIC,JP,0.00633878660666318,49.7412963653123,112.54963692682679
2017,vw_50,JP3347200002,SHIONOGI,JP,0.006270557413397582,14.153190227974108,2.6862473608039448
2017,vw_50,JP3902400005,MITSUBISHI ELECTRIC,JP,0.006149502789040767,10.052455564905808,11.98937488976874
2017,vw_50,JP3762600009,NOMURA HDG.,JP,0.006145481924324967,0.20583078706845945,0.1228979849122593
2017,vw_50,JP3635400009,TOYOTA BOSHOKU,JP,0.006096482387909998,4.1739519606764794,12.469886344042054
2017,vw_50,JP3322930003,SUMCO,JP,0.006059527279737783,12.233931927211296,5.029422119398481
2017,vw_50,SG9999000020,FLEX,SG,0.005786715522527365,3.1549114424034395,8.88596424440843
2017,vw_50,JP3027680002,JAPAN REAL ESTATE INV.,JP,0.0057578170261999885,11.916016269099702,0.8767211921467133
2017,vw_50,AU000000SHL7,SONIC HEALTHCARE,AU,0.005754710893494854,2.167026976462459,1.2410723006751456
2017,vw_50,JP3734800000,NIDEC,JP,0.005558781449799513,8.594251890881909,3.1099813083055228
2017,vw_50,HK0688002218,CHINA OVERSEAS LAND INVESTMENT,HK,0.005555362740256738,0.0866786755498376,0.054594380381495555
2017,vw_50,JP3160400002,EISAI,JP,0.00526538543270187,8.718231068077575,2.526887398351021
2017,vw_50,JP3890310000,MS&AD INSURANCE GP.HDG.,JP,0.005101084612926205,0.5702802402393551,1.2339062334420239
2017,vw_50,HK0242001243,SHUN TAK HOLDINGS,HK,0.005069987684096042,905.4999466181059,430.9830391470676
2017,vw_50,JP3571400005,TOKYO ELECTRON,JP,0.00497905732261886,2.7174608046241593,1.011223389953912
2017,vw_50,JP3435000009,SONY GROUP,JP,0.0048970490952148765,3.994001884452597,7.060059689633978
2017,vw_50,JP3336000009,SANTEN PHARM.,JP,0.004884656164234195,9.49836322796929,3.1737031118442536
2017,vw_50,AU000000WES1,WESFARMERS,AU,0.004771437627998309,48.45909415755871,71.10080069464951
2017,vw_50,HK0012000102,HENDERSON LD.DEV.,HK,0.0047175654029379555,0.25856504291663795,0.04236607571295094
2017,vw_50,AU000000BEN6,BENDIGO & ADELAIDE BANK,AU,0.0047161507854222105,1.6084927731583036,0.8267234436881529
2017,vw_50,JP3721400004,JAPAN STEEL WORKS,JP,0.004691795190524735,47.36191328233249,67.00653669807056
2017,vw_50,JP3982100004,LAWSON DEAD - DELIST.24/07/24,JP,0.004419627456238509,0.9770109327523375,0.7253606616384118
2017,vw_50,AU000000SIG5,SIGMA HEALTHCARE,AU,0.004339441815835436,1.3424848985104867,4.634783136675504
2017,vw_50,JP3358800005,SHIMIZU,JP,0.0043048326126118325,15.833198504569676,30.77480006392396
2017,vw_50,AU000000APA1,APA GROUP,AU,0.0043007796395983814,733.7613103353314,174.02112138136917
2017,vw_50,JP3933800009,LY,JP,0.0042417110698233906,0.0036223464970299444,0.0011388162131998922
2017,vw_50,HK0388045442,HONG KONG EXCHANGES AND CLEARING,HK,0.004240317094858865,0.063296276466221,0.002876154479948974
2017,vw_50,BMG988031446,YUE YUEN INDL.HDG.,HK,0.004129977679316195,29.071985984109528,42.123530426554204
2017,vw_50,JP3893600001,MITSUI,JP,0.004110652091750653,8.284092013256764,11.873094018645295
2017,vw_50,JP3539220008,T & D HOLDINGS,JP,0.0039817679454417065,0.12113353817053056,0.1944225931320243
2017,vw_50,JP3116000005,ASAHI GROUP HOLDINGS,JP,0.003939668187344421,23.75625157581996,21.142679276738075
2017,vw_50,AU000000AMP6,AMP,AU,0.003902338120540292,0.008465271795627881,0.008338414554702606
2017,vw_50,JP3977400005,RINNAI,JP,0.003894098568607006,13.315103686854163,8.762490566208783
2017,vw_50,BMG8063F1068,SHANGRI-LA ASIA,HK,0.003874481992400594,73.83897186820434,37.47617825086647
2017,vw_50,SG1U68934629,KEPPEL,SG,0.0038606018680880467,51.64826722866719,30.664024839438543
2017,vw_50,JP3143600009,ITOCHU,JP,0.0038357731472047985,2.0341791747592533,3.7794241156223563
2017,vw_50,JP3404600003,SUMITOMO,JP,0.003727054960679206,1.7555836391915216,4.087354528330543
2017,vw_50,JP3249600002,KYOCERA,JP,0.003682129191347362,10.70634260938217,6.645686404680667
2017,vw_50,JP3180400008,OSAKA GAS,JP,0.0036700728114853216,388.12949974840984,516.4755951253394
2017,vw_50,JP3443600006,TAISEI,JP,0.0036041193273899006,16.663642667636825,26.34765175021936
2017,vw_50,AU000000GWA4,GWA GROUP,AU,0.0035411408769938303,29.441516890938175,18.50407525828451
2017,vw_50,JP3118000003,ASICS,JP,0.0034355733218346617,1.2566253819735527,1.1960458899830821
2017,vw_50,JP3866800000,PANASONIC HOLDINGS,JP,0.0034107558019662496,6.839610359833455,17.257595499219093
2017,vw_50,JP3481800005,DAIKIN INDUSTRIES,JP,0.0033737516141398543,56.41958834480793,34.69679126822612
2017,vw_50,SG1P66918738,SINGAPORE PRESS HDG. DEAD - DELIST.13/05/22,SG,0.0033254023558803056,0.14033376541685022,0.0280363370872838
2017,vw_50,JP3260800002,KINTETSU GROUP HDG.,JP,0.0033153356492382556,5.372366752314698,8.016978784785223
2017,vw_50,NZAIAE0002S6,AUCKLAND INTL.AIRPORT,NZ,0.0032875212678827046,5.454528980582964,0.4042893623879935
2017,vw_50,JP3351600006,SHISEIDO,JP,0.0032718383155015563,4.142627387246547,2.8108061555685935
2017,vw_50,JP3358200008,SHIMAMURA,JP,0.003252728157997145,0.17224262477122784,0.1813187387067462
2017,vw_50,JP3401400001,SUMITOMO CHEMICAL,JP,0.0032217011538581463,76.01500891090934,145.49412345412495
2017,vw_50,HK0016000132,SUN HUNG KAI PROPERTIES,HK,0.0032160024063988633,4.478096853824506,1.4805872752039442
2017,vw_50,JP3126400005,ALPS ALPINE,JP,0.0031092003644477033,1.3804037734281858,1.652275566205739
2017,vw_50,HK0004000045,WHARF HOLDINGS,HK,0.003096233284215716,4.69569978274671,1.2385747764775699
2017,vw_50,JP3371200001,SHIN-ETSU CHEMICAL,JP,0.003072700185499341,151.29117389297497,44.14348398032966
2017,vw_50,JP3659000008,WEST JAPAN RAILWAY,JP,0.0030495598821986673,7.799212700674717,8.00418779105228
2017,vw_50,SG1T75931496,SINGAPORE TELECOM,SG,0.0030304751104993886,0.38318384011182444,0.10003576049918447
2017,vw_50,JP3502200003,DAIWA SECURITIES GROUP,JP,0.002985492545473103,0.18898185513526072,0.09162766848658173
2017,vw_50,JP3638600001,DOWA HDG.,JP,0.002982148320696299,250.8009866772781,325.7667450729635
2017,vw_50,JP3621000003,TORAY INDS.,JP,0.002942531623162179,185.67294062781542,234.53578114501354
2017,vw_50,JP3799000009,HIROSE ELECTRIC,JP,0.0029289309547092563,2.656727149183624,0.5284384349578722
2017,vw_50,AU000000BLD2,BORAL DEAD - DELIST.08/07/24,AU,0.002916167097552001,594.319552744351,346.00387008843404
2017,vw_50,HK0002007356,CLP HOLDINGS,HK,0.0029108688080695462,3735.899409601882,1549.6070776667361
2017,vw_50,AU000000IVC8,INVOCARE DEAD - DELIST.27/11/23,AU,0.0028177624520349955,15.432186000237419,4.885381435550546
2017,vw_50,AU000000IAG3,INSURANCE AUS.GROUP,AU,0.002780602630076715,1.2849476301765297,1.1571964558051628
2017,vw_50,AU000000NCM7,NEWCREST MINING DEAD - DELIST.08/11/23,AU,0.002769288097969734,350.41722911120434,98.78969480460715
2017,vw_50,JP3519400000,CHUGAI PHARM.,JP,0.002765784631648835,10.523278913984448,2.495689795387268
2017,vw_50,JP3695200000,NGK INSULATORS,JP,0.002740727138904866,85.08993496122638,46.14110444628491
2017,vw_50,JP3942800008,YAMAHA MOTOR,JP,0.0026104182691235643,11.149709895684534,20.605203455698458
2017,vw_50,JP3201200007,OLYMPUS,JP,0.0025797659963114204,4.0490274477645904,2.279273138429491
2017,vw_50,AU000000MTS0,METCASH,AU,0.002558399357418407,1.9219020965639315,12.589941584977561
2017,vw_50,JP3166000004,EBARA,JP,0.0025227319690027234,2.4377042065715586,3.3481320579754326
2017,vw_50,JP3818000006,FUJITSU,JP,0.0025084820203061277,5.160293092739299,16.65445606786691
2017,vw_50,JP3549600009,DENKA,JP,0.002507230131987068,581.0111409512367,805.4227167394266
2017,vw_50,JP3397200001,SUZUKI MOTOR,JP,0.00250144933307556,22.287457488501683,31.6073148653347
2017,vw_50,JP3566800003,CENTRAL JAPAN RAILWAY,JP,0.0024824072301364492,4.574161361337423,2.1220393814643748
2017,vw_50,JP3888300005,MITSUI CHEMICALS,JP,0.0024730584171208086,405.1232302129874,882.5083123582239
2017,vw_50,JP3665200006,NICHIREI,JP,0.0024441949331914033,9.110259844305922,14.572897749572599
2017,vw_50,JP3967200001,RAKUTEN GROUP,JP,0.0024382251403395755,0.04370956146657081,0.021969635650937177
2017,vw_50,KYG2108Y1052,CHINA RESOURCES LAND,HK,0.0024248162375882783,37.23237240633744,30.429927706342617
2017,vw_50,AU0000224040,WOODSIDE ENERGY GROUP,AU,0.0023514920251733523,2347.377139164098,474.3906794207662
2017,vw_50,JP3544000007,TEIJIN,JP,0.0023344892699372405,114.77640637826262,180.56495162063064
2017,vw_50,JP3678000005,NISSHINBO HOLDINGS,JP,0.002308977730845925,60.76015618580701,168.12236898975127
2017,vw_50,JP3592200004,TOSHIBA DEAD - DELIST.20/12/23,JP,0.002292767115880407,18.932201307899575,92.54780810432342
2017,vw_50,AU000000MQG1,MACQUARIE GROUP,AU,0.0022268119301655986,0.04040874990352761,0.019745776547124914
2017,vw_50,JP3686800008,NIPPON SHEET GLASS,JP,0.0022148229608153196,581.1820234975767,4386.029035512215
2017,vw_50,JP3224200000,KAWASAKI HEAVY INDUSTRY,JP,0.0021300171052031896,13.251800949361982,34.81081585661833
2017,vw_50,AU0000038911,OVATO DEAD - DELIST.29/08/22,AU,0.0020941207273529445,35.29597795272033,149.40536664076973
2017,vw_50,JP3626800001,LIXIL,JP,0.002076044445744273,35.71964276073402,77.15912879586851
2017,vw_50,JP3269600007,KURARAY,JP,0.0020502686987141374,283.6160302375469,216.63563443798628
2017,vw_50,BMG677491539,ORIENT OVERSEAS (INTL.),HK,0.002048879410863785,1096.6973588192745,1723.9118762922071
2017,vw_50,JP3711600001,NIPPON SANSO HOLDINGS,JP,0.0020431641336495403,19.834733885931612,20.461999859574508
2017,vw_50,JP3560800009,TOKAI CARBON,JP,0.002027548013142665,56.26580936993513,54.97997097962372
2017,vw_50,SG1N31909426,COMFORTDELGRO CORPORATION,SG,0.0020114376290680247,333.0829904132775,261.21246431166765
2017,vw_50,SGXE34184239,SEATRIUM,SG,0.0019977472248562515,21.79077249594108,24.478962031646244
2017,vw_50,KYG0535Q1331,ASMPT,HK,0.00195795234910579,1.4158366777936908,0.5313713468219906
2017,vw_50,AU000000TLS2,TELSTRA GROUP,AU,0.001948965247451123,2.740693127951298,1.1469785019912095
2017,vw_50,SGXE21576413,GENTING SINGAPORE,SG,0.0019475616320485212,2.0614110801477894,0.39151352403004325
2017,vw_50,AU000000SUN6,SUNCORP GROUP,AU,0.0018742830342202948,0.5642223069393281,0.540945266097959
2017,vw_50,JP3243600008,CANON MARKETING JAPAN,JP,0.001873530307991442,1.4897392179253197,2.805335486366924
2017,vw_50,AU000000BPT9,BEACH ENERGY,AU,0.0018098918919469819,37.78053549784533,16.4876457548615
2017,vw_50,JP3914400001,MURATA MANUFACTURING,JP,0.0017717551700162173,14.062004463938438,4.769272087310828
2017,vw_50,JP3407400005,SUMITOMO ELECTRIC IND.,JP,0.00176744861218381,7.80673279447891,16.48431608722801
2017,vw_50,AU000000TAH8,TABCORP HOLDINGS,AU,0.0017381245710108813,1.189016569748971,0.7003378671056051
2017,vw_50,JP3246400000,KYUSHU ELEC.POWER,JP,0.0017178577805305078,1690.682244387442,5313.794029614257
2017,vw_50,HK0291001490,CHINA RESOURCES BEER HOLDINGS,HK,0.0016834679097602347,86.92805972861754,56.8391089446569
2017,vw_50,AU000000ASX7,ASX,AU,0.0015785815993595953,0.06815684024888606,0.006451136004730833
2017,vw_50,JP3402600005,SUMITOMO METAL MINING,JP,0.0015484524460818462,264.38659274111427,222.67158498507413
2017,vw_50,JP3538800008,TDK,JP,0.001530899399443611,7.591728691396783,8.808999164880719
2017,vw_50,JP3165700000,NTT DATA GROUP DEAD - DELIST.26/09/25,JP,0.0015062118534265932,0.7184305884816374,0.7535229178990807
2017,vw_50,JP3596200000,TOTO,JP,0.0014811496253406583,34.767684542548714,25.73677085347893
2017,vw_50,JP3228600007,KANSAI ELECTRIC PWR.,JP,0.0014686979233482602,1444.8748944699819,3905.388526326512
2017,vw_50,JP3505000004,DAIWA HOUSE INDUSTRY,JP,0.001421282486109431,9.343797131629477,16.161915456346836
2017,vw_50,JP3528600004,CHIYODA CORPORATION,JP,0.001385230384992092,0.1971550728168107,0.6135503494392719
2017,vw_50,NZSKCE0001S2,SKY CITY ENTM.GP.,NZ,0.0013773381861199993,6.514349920105698,2.519476123664514
2017,vw_50,JP3112000009,AGC,JP,0.0013493571421442413,444.76682393623895,574.9952971413419
2017,vw_50,JP3670800006,NISSAN CHEMICAL,JP,0.0013471955187803026,202.96583659017804,57.20205383650523
2017,vw_50,JP3742600004,NHK SPRING,JP,0.0013286054239723326,3.2417585586001194,7.300892857142857
2017,vw_50,JP3040890000,JAPAN PRIME REALTY INV.,JP,0.001314639690355397,12.306337016680393,0.865216829315582
2017,vw_50,AU000000SGM7,SIMS,AU,0.0013134606905617198,18.905219550514115,38.825077631685275
2017,vw_50,JP3027670003,NIPPON BUILDING FUND,JP,0.0012502989280664023,12.918032271501891,1.014460193115299
2017,vw_50,BMG668971101,CTF SERVICES,HK,0.0012123532570807126,106.3685497845476,56.714433068785326
2017,vw_50,JP3198900007,ORIENTAL LAND,JP,0.001204012183115725,14.307413863407119,3.015348121940678
2017,vw_50,AU000000DOW2,DOWNER EDI,AU,0.0011661988902483568,42.30723753132091,97.4528674215975
2017,vw_50,JP3837800006,HOYA,JP,0.0011237815873831095,5.0936900962820975,1.2798102767175061
2017,vw_50,AU000000ERA9,ENERGY RES.OF AUS.,AU,0.0011197152738552818,502.92671505502227,406.25200727973447
2017,vw_50,HK0200030994,MELCO INTL.DEV.,HK,0.0010804076321393782,5.630660669823836,7.618096114150407
2017,vw_50,BMG4600H1198,HOPSON DEVELOPMENT HOLDINGS,HK,0.001068074238727787,2.415786544367615,2.587256470684464
2017,vw_50,BMG2442N1048,COSCO SHIPPING PORTS,HK,0.0010597721134685924,95.52533272959555,17.62546995285552
2017,vw_50,HK0019000162,SWIRE PACIFIC 'A',HK,0.0010557554741458068,2296.011772454923,2014.6012484176524
2017,vw_50,JP3386030005,JFE HOLDINGS,JP,0.0010450597566808329,1935.0867752721806,4912.604761296534
2017,vw_50,JP3420600003,SEKISUI HOUSE,JP,0.0010306585954652791,4.437251167274385,7.0173161046527435
2017,vw_50,JP3888400003,MITSUI KINZOKU LIMITED,JP,0.0010130704829984067,172.4216887101601,405.9729936433506
2017,vw_50,JP3385820000,GS YUASA,JP,0.001009695033053162,7.264210369807717,13.424336516491886
2017,vw_50,AU000000QBE9,QBE INSURANCE GROUP,AU,0.0010004571415033463,0.521196763779568,0.5985557117239374
2017,vw_50,JP3657400002,NIKON,JP,0.000996552472016418,5.094453193271192,5.568199483878991
2017,vw_50,JP3357200009,SHIMADZU,JP,0.0009736707971264134,0.9999410034807946,0.594558599695586
2017,vw_50,AU000000TCL6,TRANSURBAN GROUP STAPLED UNITS,AU,0.0009522667246242559,1.437572146908775,0.17032171949265712
2017,vw_50,HK0144000764,CHINA MERCHANTS PORT HOLDINGS,HK,0.0009061001429176279,25.878548559854543,3.779291963481478
2017,vw_50,JP3663900003,SOJITZ,JP,0.0009016517732841694,69.32008476430181,286.7027020375264
2017,vw_50,JP3894900004,ISETAN MITSUKOSHI HDG.,JP,0.0008890824296032322,2.455175785222471,5.883697708073181
2017,vw_50,JP3720800006,NSK,JP,0.0008846283557111891,16.42869245955394,19.1498581233139
2017,vw_50,JP3675600005,NISSIN FOODS HOLDINGS,JP,0.0008246507459219584,50.89532207797805,35.83089753170308
2017,vw_50,AU000000WOW2,WOOLWORTHS GROUP,AU,0.0008233252461149958,15.973026656558334,26.677237799717012
2017,vw_50,JP3463000004,TAKEDA PHARMACEUTICAL,JP,0.0008158378096903833,10.462874990089514,4.708055248589703
2017,vw_50,HK0008011667,PCCW,HK,0.0007463510124767323,1.313377488584512,1.3719428501442261
2017,vw_50,JP3942600002,YAMAHA,JP,0.000743533462552582,7.163848794296695,4.4103079073428235
2017,vw_50,JP3475350009,DAIICHI SANKYO,JP,0.0007339445980884275,13.490824816135902,7.155236674786023
2017,vw_50,HK0000745908,YUEXIU PROPERTY COMPANY,HK,0.0006240544391548985,0.2042520372618945,0.34274010257068444
2017,vw_50,JP3414750004,SEIKO EPSON,JP,0.000549938791898307,14.633711220830449,15.694015995767217
2017,vw_50,JP3381000003,NIPPON STEEL,JP,0.0005186281918020663,2211.9628018440712,3858.150125389879
2017,vw_50,JP3452000007,TAIYO YUDEN,JP,0.0005095115651835505,16.68154796463868,23.757582581525945
2017,vw_50,NZTELE0001S4,SPARK NEW ZEALAND,NZ,0.0004740223825828533,1.3812785344327798,0.7616371814346706
2017,vw_50,JP3635000007,TOYOTA TSUSHO,JP,0.0004596996174741207,1.7322682796813962,11.693432637444308
2017,vw_50,HK0083000502,SINO LAND,HK,0.00045488675171343406,2.6504878160411,0.535761919997533
2017,vw_50,JP3900000005,MITSUBISHI HEAVY INDS.,JP,0.00045105933966164583,4.349250699180883,10.37615625173708
2017,vw_50,JP3300600008,KONICA MINOLTA,JP,0.0004287440704317293,18.81716874787256,34.45042235990544
2017,vw_50,SG1J26887955,SINGAPORE EXCHANGE,SG,0.0004270166227967503,0.08247810339384093,0.008129370629370629
2017,vw_50,JP3870400003,MARUI GROUP,JP,0.0004200635792591795,6.966246388477493,4.483900632915197
2017,vw_50,AU000000QAN2,QANTAS AIRWAYS,AU,0.0004161344122550441,1002.0345463000202,2638.8238842628
2017,vw_50,JP3210200006,KAJIMA,JP,0.00040251328389210634,11.855549928975643,25.646961944067442
2017,vw_50,JP3419400001,SEKISUI CHEMICAL,JP,0.000365764758203778,14.830692011872593,16.863655880870738
2017,vw_50,JP3111200006,ASAHI KASEI,JP,0.0003581539716772508,172.64555235877594,218.14740619661535
2017,vw_50,JP3870000001,MABUCHI MOTOR,JP,0.0003490538794035191,2.7383315274887896,0.9515902414101417
2017,vw_50,JP3131430005,AEON MALL DEAD - DELIST.27/06/25,JP,0.0003299613749244842,5.9270111305738125,4.20574488026905
2017,vw_50,JP3258000003,KIRIN HOLDINGS,JP,0.00032954072987036485,20.14897248621797,24.713440724809395
2017,vw_50,JP3835620000,BENESSE HOLDINGS DEAD - DELIST.17/05/24,JP,0.0003248569015949802,0.46701346451361486,0.6075939078042287
2017,vw_50,JP3119600009,AJINOMOTO,JP,0.0003181487691649648,134.9213488301012,107.74775523566315
2017,vw_50,NZFBUE0001S0,FLETCHER BUILDING,NZ,0.00027742306530447803,204.92734766632464,267.4218010031721
2017,vw_50,JP3274400005,GLORY,JP,0.00027319868768864317,0.5169807926313926,0.49091156551979837
2017,vw_50,JP3573000001,TOKYO GAS,JP,0.00025828341982650607,255.89621202600517,370.97074008262894
2017,vw_50,IE00BKVD2N49,SEAGATE TECHNOLOGY HOLDINGS,SG,0.000256020109801024,27.307495429616086,22.356643330477112
2017,vw_50,AU000000CSR5,CSR DEAD - DEAD.10/07/24,AU,0.00025587040101209116,247.12461421771198,268.568129330254
2017,vw_50,BMG684371393,PACIFIC BASIN SHIP.,HK,0.0002259494444641103,1207.1598461675665,1799.5175703086454
2017,vw_50,AU000000CQR9,CHARTER HALL RETAIL REIT,AU,0.0002203107971990444,0.5197791244473525,0.06505135230281786
2017,vw_50,SG1T58930911,FRASER AND NEAVE,SG,0.00021077484788669434,28.642631051600855,18.660695244188524
2017,vw_50,JP3400900001,SUMITOMO OSAKA CEMENT,JP,0.00020293648095225922,4477.973508993875,5476.287376409471
2017,vw_50,AU000000MAH3,MACMAHON HOLDINGS,AU,0.00020154026821802553,0.6276579907702088,1.1454585505543726
2017,vw_50,JP3877600001,MARUBENI,JP,0.00019298815287136303,10.19871517730095,59.48186371022967
2017,vw_50,JP3619800000,TOYOBO,JP,0.0001866200739366111,234.21312175630055,477.4092956833093
2017,vw_50,HK0308001558,CTII.INTL.INV.HK.,HK,0.00017586514239626347,38.9690674432407,13.285332292378259
2017,vw_50,AU000000STO6,SANTOS,AU,0.00017252468369655438,2171.5745370572477,944.4280368554116
2017,vw_50,NZCENE0001S6,CONTACT ENERGY,NZ,0.0001697716231790951,751.0793797707666,459.12913842086016
2017,vw_50,NZAIRE0001S2,AIR NEW ZEALAND,NZ,0.00016734108529043094,855.0873913959836,1842.5089618128795
2017,vw_50,JP3304200003,KOMATSU,JP,0.00016143559091138027,6.044518403653202,3.835433233028416
2017,vw_50,JP3242800005,CANON,JP,0.00013490838882583282,5.762304398219913,4.537070097111028
2017,vw_50,JP3266400005,KUBOTA,JP,0.00012771810669666612,21.06088094917939,14.996955467568958
2017,vw_50,AU000000SGP0,STOCKLAND STAPLED UNITS,AU,0.00012007308008841698,14.587308821741555,3.4066647405133823
2017,vw_50,JP3903000002,MITSUBISHI MATERIALS,JP,0.00011873797782306853,887.8852946343144,2348.9122857677844
2017,vw_50,AU000000BSL0,BLUESCOPE STEEL,AU,0.0001083242849754663,1133.9100711224494,1790.4825629301959
2017,vw_50,JP3738600000,NITERRA,JP,0.00010647217266081225,2.124699725895419,1.4063162999333212
2017,vw_50,BMG524401079,KERRY PROPERTIES,HK,0.00010038147877041891,1.7298103181751934,0.7159049052835067
2017,vw_50,JP3209000003,CASIO COMPUTER,JP,9.126618126057142e-05,1.9557138292829441,1.6535277829273962
2017,vw_50,HK0293001514,CATHAY PACIFIC AIRWAYS,HK,8.552304762643151e-05,1505.5886163324494,3400.2244533201333
2017,vw_50,JP3765400001,HOUSE SHOKUHIN GP.HONSHA K K,JP,8.510821260897196e-05,22.160469095379142,24.720661008979157
2017,vw_50,JP3429800000,ANA HOLDINGS,JP,8.392023223298888e-05,716.6247257452176,1058.1429685547926
2017,vw_50,JP3711200000,AOZORA BANK,JP,7.875977875161603e-05,0.3283342656955824,0.0865731613789599
2017,vw_50,AU000000GPT8,GPT GROUP STAPLED UNITS,AU,7.064037520111242e-05,17.926999102357144,1.518660149331264
2017,vw_50,JP3294460005,INPEX,JP,5.961919466741364e-05,51.49767546446707,26.780754946718908
2017,vw_50,JP3122400009,ADVANTEST,JP,5.552775251166988e-05,2.8016499256361223,1.00336905299174
2017,vw_50,JP3762800005,NOMURA RESEARCH INST.,JP,5.274342548167954e-05,0.2700246208449286,0.11089904748808113
2017,vw_50,JP3868400007,MAZDA MOTOR,JP,5.143182798333444e-05,5.275280431979921,17.352083575935833
2017,vw_50,JP3421800008,SECOM,JP,4.402335472478564e-05,6.786918018752721,3.348369633722413
2017,vw_50,AU000000SBM8,ST BARBARA,AU,3.6516060704103806e-05,296.2950510320944,150.11338351307904
2017,vw_50,JP3270000007,KURITA WATER IND.,JP,3.4022852762715674e-05,15.120820345578894,10.434925230512512
2017,vw_50,JP3352400000,CITIZEN WATCH,JP,2.949353730280106e-05,7.962326344679286,10.988490711545406
2017,vw_50,JP3165600002,NTN,JP,2.7057705196504455e-05,16.039872349584122,40.364698518673066
2017,vw_50,JP3197600004,ONO PHARM.,JP,2.3993427957797837e-05,10.306379696526987,1.7701179616398308
2017,vw_50,AU000000WOR2,WORLEY,AU,2.3892526626329253e-05,2.394345036635419,6.120554131189399
2017,vw_50,JP3368000000,RESONAC HOLDINGS,JP,1.86540922571339e-05,521.7898783149152,1273.3776188042923
2017,vw_50,JP3613400005,TOYO SEIKAN GROUP HDG.,JP,1.536035569227609e-05,72.93246180719736,127.9256366003573
2017,vw_50,JP3388200002,AEON,JP,1.2765251103738677e-05,3.501385751738632,20.50917117040804
2017,vw_50,JP3156400008,USHIO,JP,1.1935651544396636e-05,2.5261968603550202,2.1557943338256016
2017,vw_50,AU000000CWY3,CLEANAWAY WASTE MANAGEMENT,AU,1.180074223502997e-05,508.44246632376814,403.44218187588814
2017,vw_50,JP3820000002,FUJI ELECTRIC,JP,1.1301373666088832e-05,29.79503660860932,49.60999842650662
2017,vw_50,HK0165000859,CHINA EVERBRIGHT,HK,1.0874653385470016e-05,0.08869666138364148,0.021016825989450868
2017,vw_50,JP3551520004,DENTSU GROUP,JP,9.526761548882803e-06,0.728438189364427,0.4151860885144333
2017,vw_50,AU000000ILU1,ILUKA RESOURCES,AU,8.14855697004473e-06,486.08518096160765,123.49319078202383
2017,vw_50,HK0003000038,HONG KONG AND CHINA GAS,HK,6.779718814224961e-06,223.3492938412655,34.49437829758073
2017,vw_50,JP3405400007,SUMITOMO HEAVY INDS.,JP,6.6224571052820445e-06,2.579679019356246,3.6267729295832196
2017,vw_50,JP3134800006,IHI,JP,6.155449489879815e-06,5.625491078038335,17.71120403480368
2017,vw_50,HK0363006039,SHANGHAI INDUSTRIAL HOLDINGS,HK,5.889697197278978e-06,2.4086171697591277,2.370052472340763
2017,vw_50,JP3595200001,TOSOH,JP,4.3438563941576185e-06,1233.560143493924,1459.4770366686434
2017,vw_50,JP3546800008,TERUMO,JP,4.313803312847799e-06,15.284812621248,4.94806068900104
2017,vw_50,SG1F60858221,SINGAPORE TECHS.ENGR.,SG,2.8923465696098447e-06,6.63992428378404,4.3200157989149215
2017,vw_50,AU000000CIM7,CIMIC GROUP DEAD - DELIST.11/05/22,AU,2.287173669013216e-06,267.06058501078275,257.58143017596404
2017,vw_50,JP3811000003,FUJIKURA,JP,2.268069656099597e-06,4.954731291116713,14.959465878221515
2018,vw,JP3633400001,TOYOTA MOTOR,JP,0.041590995178989495,9.62678113430414,11.311938686630686
2018,vw,AU000000CBA7,COMMONWEALTH BK.OF AUS.,AU,0.02074546951460369,0.26622384371298635,0.0777203316707817
2018,vw,JP3902900004,MITSUBISHI UFJ FINL.GP.,JP,0.01964100688873796,0.21647679192660813,0.11118274258968806
2018,vw,JP3735400008,NTT,JP,0.018427322157232435,1.7375987996329365,1.852275891387748
2018,vw,JP3436100006,SOFTBANK GROUP,JP,0.016476063954054796,0.13764861707567969,0.12750108621160747
2018,vw,AU000000WBC1,WESTPAC BANKING,AU,0.015809622580236316,0.33260258270780757,0.11464708734663297
2018,vw,AU000000BHP4,BHP GROUP,AU,0.01449688722349424,248.67903060921853,134.77749304954122
2018,vw,AU000000ANZ3,ANZ GROUP HOLDINGS,AU,0.012533542430778834,0.5720828533875487,0.2645272491771613
2018,vw,JP3496400007,KDDI,JP,0.012103786774996163,0.5001970989985122,0.34440387901750535
2018,vw,JP3726800000,JAPAN TOBACCO,JP,0.01209107104074272,19.501073797222265,5.767972766623396
2018,vw,JP3890350006,SUMITOMO MITSUI FINL.GP.,JP,0.011903401415555315,0.33527154361035794,0.2653559652625482
2018,vw,JP3854600008,HONDA MOTOR,JP,0.011777603837406385,9.79758074797736,21.148180128606
2018,vw,AU000000NAB4,NATIONAL AUS.BANK,AU,0.011776188723045911,0.7437438473085517,0.3009355982465895
2018,vw,JP3435000009,SONY GROUP,JP,0.01160478645550688,3.0438433169339705,3.7249000772672205
2018,vw,HK2388011192,BOC HONG KONG HOLDINGS,HK,0.009901269205368914,0.026305711230595392,0.0062051107752028115
2018,vw,JP3242800005,CANON,JP,0.009784311018225241,4.342876307107153,3.026879108877136
2018,vw,AU000000CSL8,CSL,AU,0.0097593795444924,7.269576553695936,1.0470090681046476
2018,vw,KYG217651051,CK HUTCHISON HOLDINGS,HK,0.00957310473867464,297.46067313037804,182.15481518699278
2018,vw,SG1L01001701,DBS GROUP HOLDINGS,SG,0.009569813260162142,1.7197879054367741e-06,3.8558728703291163e-07
2018,vw,JP3551500006,DENSO,JP,0.00918836890754638,15.497562031350355,13.855009931431756
2018,vw,HK0016000132,SUN HUNG KAI PROPERTIES,HK,0.009109115123363147,5.608352324412873,1.26397758077871
2018,vw,JP3371200001,SHIN-ETSU CHEMICAL,JP,0.008778732967671104,139.07635813397386,36.4429418911617
2018,vw,JP3734800000,NIDEC,JP,0.008663317199830373,7.067078636382596,1.9592947986899134
2018,vw,JP3802300008,FAST RETAILING,JP,0.008620026139394686,0.7029763369413867,0.26581177683796786
2018,vw,JP3463000004,TAKEDA PHARMACEUTICAL,JP,0.008615528031427493,9.89017088855397,3.426369985855516
2018,vw,HK0388045442,HONG KONG EXCHANGES AND CLEARING,HK,0.008452085090291444,0.02566388416133128,0.0008294990829669349
2018,vw,HK0000049939,CHINA UNICOM (HONG KONG),HK,0.008401543183132595,9.09804468512024,8.125289326180736
2018,vw,JP3898400001,MITSUBISHI,JP,0.008377034214208812,81.35280628059729,120.45194256012687
2018,vw,HK0011000095,HANG SENG BANK DEAD - DELIST.28/01/26,HK,0.008302660452820174,0.03540031642946735,0.004271026639695348
2018,vw,JP3672400003,NISSAN MOTOR,JP,0.008275037125303846,8.405360106013676,20.34453058861118
2018,vw,HK0688002218,CHINA OVERSEAS LAND INVESTMENT,HK,0.008011851684243928,1.2205850288990403,0.5892730610166704
2018,vw,SG1T75931496,SINGAPORE TELECOM,SG,0.007972571651995556,0.45875642669408156,0.14098004271519415
2018,vw,JP3902400005,MITSUBISHI ELECTRIC,JP,0.007355412050905409,7.765538648697577,7.775903478462628
2018,vw,AU000000WES1,WESFARMERS,AU,0.007333877220637536,45.50776670064103,63.11753726978319
2018,vw,JP3566800003,CENTRAL JAPAN RAILWAY,JP,0.007294266933538415,4.506706008992097,1.8717431037648848
2018,vw,JP3788600009,HITACHI,JP,0.007139192908620245,25.1171710103773,54.78768093825454
2018,vw,JP3783600004,EAST JAPAN RAILWAY,JP,0.006945488291160204,52.429952922805796,36.92395312623688
2018,vw,JP3830800003,BRIDGESTONE,JP,0.006844107431976748,56.59484453687057,50.35658011966427
2018,vw,JP3304200003,KOMATSU,JP,0.006823183296432889,5.384672774547643,3.142065716223334
2018,vw,JP3866800000,PANASONIC HOLDINGS,JP,0.006728239639340301,6.482055106825114,12.6139920981566
2018,vw,JP3205800000,KAO,JP,0.006713974105787252,48.32147715494704,17.916951084525138
2018,vw,JP3198900007,ORIENTAL LAND,JP,0.006619807193343635,13.750114584288202,1.6722533865221392
2018,vw,JP3910660004,TOKIO MARINE HOLDINGS,JP,0.006536380021046459,0.2948726907428433,0.40855210140131054
2018,vw,JP3481800005,DAIKIN INDUSTRIES,JP,0.006501197731946215,37.354732483346055,21.568323624749766
2018,vw,AU000000TLS2,TELSTRA GROUP,AU,0.006394682240083228,2.658689745456173,1.590644307454744
2018,vw,HK0066009694,MTR,HK,0.006264152239072999,7.118834452393606,1.4862132076816548
2018,vw,JP3914400001,MURATA MANUFACTURING,JP,0.0061072110749986344,21.268052106558194,7.582753977698244
2018,vw,JP3893600001,MITSUI,JP,0.0060985524939116634,78.61837060508374,104.31257468725892
2018,vw,JP3143600009,ITOCHU,JP,0.006067407062987063,31.555839532336876,46.83012580852036
2018,vw,JP3571400005,TOKYO ELECTRON,JP,0.00554759515290306,1.8124181346720492,0.5653798621005259
2018,vw,JP3519400000,CHUGAI PHARM.,JP,0.005304119837935642,10.226027272712244,1.7214037677621508
2018,vw,AU000000WOW2,WOOLWORTHS GROUP,AU,0.005294905912099645,14.89144296729175,23.126456294694986
2018,vw,KYG2108Y1052,CHINA RESOURCES LAND,HK,0.005240000581912737,34.59934346236411,18.47090429596037
2018,vw,AU000000MQG1,MACQUARIE GROUP,AU,0.005235323509026423,0.04824296872700775,0.018255024096279392
2018,vw,JP3942400007,ASTELLAS PHARMA,JP,0.005147047678920477,7.392336402418269,3.1339603237447076
2018,vw,HK0003000038,HONG KONG AND CHINA GAS,HK,0.005094518707659633,194.3520850582984,29.225809395572597
2018,vw,HK0012000102,HENDERSON LD.DEV.,HK,0.005077827000203033,0.2677183487823133,0.030411912458746804
2018,vw,JP3397200001,SUZUKI MOTOR,JP,0.0050464730843726505,19.698294854987214,23.764110854824317
2018,vw,JP3933800009,LY,JP,0.0049798907544628705,0.000250429361139674,7.409797753275223e-05
2018,vw,JP3899600005,MITSUBISHI ESTATE,JP,0.004854172511278087,12.197100961610891,4.5851198921774285
2018,vw,JP3505000004,DAIWA HOUSE INDUSTRY,JP,0.004849574773355921,8.061956223219134,10.264421074096717
2018,vw,HK0002007356,CLP HOLDINGS,HK,0.004761773108035688,3248.8319877729405,1481.842824308344
2018,vw,JP3814800003,SUBARU,JP,0.004689930685503075,8.66108315643986,10.688367954133193
2018,vw,JP3475350009,DAIICHI SANKYO,JP,0.004657272355262191,12.40767640188632,4.282667292062491
2018,vw,JP3116000005,ASAHI GROUP HOLDINGS,JP,0.004616872408519936,24.513799495439294,18.50245227426309
2018,vw,JP3266400005,KUBOTA,JP,0.004594387403681472,19.91490913917238,12.689825330176404
2018,vw,JP3200450009,ORIX,JP,0.004534755185630762,8.809352115363797,9.571282044605415
2018,vw,JP3381000003,NIPPON STEEL,JP,0.00445542760148088,1736.9336790854666,3561.2727326184013
2018,vw,JP3249600002,KYOCERA,JP,0.004422534956345889,9.04534091738534,5.309467221851627
2018,vw,BMG2178K1009,CKI HOLDINGS,HK,0.00432687359457765,11628.968070819103,381.40470494927916
2018,vw,JP3762600009,NOMURA HDG.,JP,0.0042970528730543805,0.17492706938518454,0.12846566398757936
2018,vw,JP3258000003,KIRIN HOLDINGS,JP,0.004279792905854591,22.34174959277788,16.26160939994965
2018,vw,AU0000224040,WOODSIDE ENERGY GROUP,AU,0.004225968745179075,2420.666599088588,426.4136330118459
2018,vw,JP3404600003,SUMITOMO,JP,0.004045745536626448,22.319547686318664,42.60620015258912
2018,vw,JP3634600005,TOYOTA INDS.,JP,0.004030166363667066,11.15731939506823,8.838774330208256
2018,vw,JP3814000000,FUJIFILM HOLDINGS,JP,0.003991984105922583,31.2212186491474,31.751489824271452
2018,vw,JP3351600006,SHISEIDO,JP,0.003928508754608681,3.034796369798373,1.297719316536998
2018,vw,AU000000TCL6,TRANSURBAN GROUP STAPLED UNITS,AU,0.00388320480008267,1.7456654239895852,0.19902894400630203
2018,vw,JP3890310000,MS&AD INSURANCE GP.HDG.,JP,0.0037236086822081457,0.5729071143284852,1.3847866706107421
2018,vw,JP3837800006,HOYA,JP,0.0035866230291153873,4.504858998081248,1.1042351476617438
2018,vw,JP3294460005,INPEX,JP,0.003541588444467642,67.56639715686644,30.439720331888385
2018,vw,JP3592200004,TOSHIBA DEAD - DELIST.20/12/23,JP,0.0034876314438521596,9.087157071344757,17.457398657155736
2018,vw,HK0006000050,POWER ASSETS HOLDINGS,HK,0.0034813750516795795,62808.74455393191,604.3226943307233
2018,vw,JP3546800008,TERUMO,JP,0.0034339419681157757,11.092188058647938,3.1137170537970875
2018,vw,JP3347200002,SHIONOGI,JP,0.0034305803796349614,13.875115024626924,2.337105530081306
2018,vw,JP3111200006,ASAHI KASEI,JP,0.003353610704419482,170.18659203051325,170.54744629956056
2018,vw,JP3409000001,SUMITOMO REAL.&DEV.,JP,0.0033452916031790915,2.024774570582099,0.9644450842090112
2018,vw,JP3421800008,SECOM,JP,0.0033323120340448837,6.432718495373942,3.0677796528714403
2018,vw,JP3359600008,SHARP,JP,0.003260790641367189,12.19924979234705,14.937474785938631
2018,vw,JP3160400002,EISAI,JP,0.0031238271282644247,8.28119006753118,2.5247883803507345
2018,vw,JP3951600000,UNI CHARM,JP,0.003063218905654796,5.389131934468871,1.8867879071145746
2018,vw,JP3165700000,NTT DATA GROUP DEAD - DELIST.26/09/25,JP,0.0030521083206759467,0.46536331805631875,0.5320808095462625
2018,vw,JP3351100007,SYSMEX,JP,0.003005824671592685,1.3856178555349135,0.20930852075959966
2018,vw,JP3621000003,TORAY INDS.,JP,0.00297094865235403,162.30404188637544,199.3453275877166
2018,vw,HK0000608585,NEW WORLD DEVELOPMENT COMPANY,HK,0.0029445153492999006,42.00160655020956,19.490721478949137
2018,vw,HK0000055878,CHINA TAIPING INSURANCE HLDGS,HK,0.0028316364553126945,0.0459794759464489,0.07559277881992205
2018,vw,JP3388200002,AEON,JP,0.002790103679082395,2.8871546583171317,14.384507344014093
2018,vw,JP3684000007,NITTO DENKO,JP,0.00276570172011025,48.88421167009087,25.450192324882956
2018,vw,JP3386030005,JFE HOLDINGS,JP,0.002735375468815441,1652.131321629222,3702.9817434231604
2018,vw,JP3635000007,TOYOTA TSUSHO,JP,0.0027251357234430377,3.7747877591558074,14.819649311900363
2018,vw,IE00BKVD2N49,SEAGATE TECHNOLOGY HOLDINGS,SG,0.0027205453655175355,24.688782232260493,17.79138191897059
2018,vw,JP3659000008,WEST JAPAN RAILWAY,JP,0.002622236429945801,7.424589006307114,7.035975647081091
2018,vw,AU000000SUN6,SUNCORP GROUP,AU,0.0026221441799874914,0.6560012467513864,0.6083518561908562
2018,vw,AU000000NCM7,NEWCREST MINING DEAD - DELIST.08/11/23,AU,0.002593867722766329,396.51123544083663,98.60188307628401
2018,vw,AU000000IAG3,INSURANCE AUS.GROUP,AU,0.0025597758281733084,1.2625410000853738,0.8260698148280289
2018,vw,JP3429800000,ANA HOLDINGS,JP,0.0025531541261658215,660.8214561384347,832.4758061718832
2018,vw,JP3402600005,SUMITOMO METAL MINING,JP,0.0025334089450891623,225.9936483378277,135.31208443241024
2018,vw,JP3197600004,ONO PHARM.,JP,0.002531019671168935,3.6576680859853217,0.6196116565718564
2018,vw,JP3407400005,SUMITOMO ELECTRIC IND.,JP,0.0024788523197446653,7.02122554308649,14.38299373600724
2018,vw,AU000000ORG5,ORIGIN ENERGY (EX BORAL),AU,0.0024726069975670823,1542.8160768197024,1355.204239471648
2018,vw,JP3486800000,DAITO TST.CONSTRUCTION,JP,0.0024475722038809315,2.736061261808081,2.897788176975994
2018,vw,JP3197800000,OMRON,JP,0.0024389265377881245,8.807647703438086,5.132792500559795
2018,vw,JP3877600001,MARUBENI,JP,0.0024307624164776947,9.820498579335762,51.79603290203243
2018,vw,JP3201200007,OLYMPUS,JP,0.002417137097635317,4.258495361796813,2.2993629503656967
2018,vw,JP3967200001,RAKUTEN GROUP,JP,0.002377397660594562,0.1346745860886517,0.08942519690538996
2018,vw,JP3551520004,DENTSU GROUP,JP,0.002359656148612395,0.5919502842573549,0.38946101754021084
2018,vw,JP3818000006,FUJITSU,JP,0.0023572115247171813,5.291213563079964,15.497541526366954
2018,vw,JP3900000005,MITSUBISHI HEAVY INDS.,JP,0.002337840878471261,5.116718567192993,14.892950408129282
2018,vw,AU000000CIM7,CIMIC GROUP DEAD - DELIST.11/05/22,AU,0.002303975918775683,251.0067573931478,215.33223144731446
2018,vw,HK0004000045,WHARF HOLDINGS,HK,0.0023008763201764685,2.7337782568742997,1.212825398047291
2018,vw,JP3420600003,SEKISUI HOUSE,JP,0.002290952069661486,3.936181714595643,6.201130860773337
2018,vw,HK0291001490,CHINA RESOURCES BEER HOLDINGS,HK,0.002269029789568712,57.50495326756555,20.571999151100112
2018,vw,JP3502200003,DAIWA SECURITIES GROUP,JP,0.002261225443095691,0.1562839375346569,0.08142970323850336
2018,vw,JP3982800009,ROHM,JP,0.002258225474451452,10.15892759287989,2.941409559540218
2018,vw,AU000000AMP6,AMP,AU,0.0022575612747516207,0.008380987030216482,0.00997048898710456
2018,vw,SGXE21576413,GENTING SINGAPORE,SG,0.0022502624580501385,1.8797883546553322,0.27960775793154624
2018,vw,HK0083000502,SINO LAND,HK,0.00222693982359022,0.3521418425151032,0.042617566987624006
2018,vw,SG1U68934629,KEPPEL,SG,0.0022157314536555626,5.815718738493892,2.189869760245941
2018,vw,JP3539220008,T & D HOLDINGS,JP,0.002212550675093036,0.11179134078329411,0.15785326234244904
2018,vw,JP3538800008,TDK,JP,0.0022114916455716377,11.373476973297363,10.650394905563884
2018,vw,JP3401400001,SUMITOMO CHEMICAL,JP,0.0022107923908876487,337.2500565744798,557.3071665462144
2018,vw,JP3228600007,KANSAI ELECTRIC PWR.,JP,0.0021997629858721123,1182.609563114172,2752.1966242942117
2018,vw,HK0023000190,BANK OF EAST ASIA,HK,0.0021560309706357035,0.633024081468091,0.19307347971599742
2018,vw,JP3942800008,YAMAHA MOTOR,JP,0.0021551859610175845,9.660943303368834,12.512980225541318
2018,vw,AU000000QBE9,QBE INSURANCE GROUP,AU,0.002153211811909752,0.4992647644763211,0.7123926676851865
2018,vw,JP3762800005,NOMURA RESEARCH INST.,JP,0.0021479757042760796,0.48243502323889503,0.1717895749496442
2018,vw,JP3256000005,KYOWA KIRIN,JP,0.0021169114533147915,21.24953261773738,5.928909217363414
2018,vw,JP3573000001,TOKYO GAS,JP,0.0021028101246875343,250.0563299625928,342.3602855049639
2018,vw,JP3443600006,TAISEI,JP,0.002086682986975791,17.932454847039363,22.28128531185842
2018,vw,AU000000RHC8,RAMSAY HEALTH CARE,AU,0.00203717612434918,2.2412319391374806,1.4238865527762707
2018,vw,JP3283650004,KOSE HOLDINGS,JP,0.0019789258106739527,3.1686475730162105,0.7975189005294666
2018,vw,JP3119600009,AJINOMOTO,JP,0.001964219322320183,120.57958367223887,116.91292087866258
2018,vw,JP3940000007,YAMATO HDG.,JP,0.0019601252691703874,47.6972777922128,61.84117266676644
2018,vw,JP3210200006,KAJIMA,JP,0.0019333321912788494,10.946435117684835,18.13189906830668
2018,vw,SG1V61937297,SINGAPORE AIRLINES,SG,0.0019001351212814353,1205.5477354731777,1376.54046475137
2018,vw,JP3112000009,AGC,JP,0.0018730302385308094,399.7456109440392,522.0682175704521
2018,vw,JP3526600006,CHUBU ELEC.POWER,JP,0.001767376361278438,2249.5163539838936,5887.707635646938
2018,vw,JP3596200000,TOTO,JP,0.0017541532522542915,34.047150977670526,19.037381634290846
2018,vw,JP3419400001,SEKISUI CHEMICAL,JP,0.0017500794940953246,14.18395807593865,14.781461868762209
2018,vw,SG9999000020,FLEX,SG,0.0017309579227368405,2.972581952454433,8.210712340477238
2018,vw,JP3787000003,HITACHI CON.MCH.,JP,0.0016988623172416472,6.047889322202371,5.538704138715216
2018,vw,SG1R89002252,CITY DEVELOPMENTS,SG,0.0016956981436716165,0.5328847043488835,0.16832086068864666
2018,vw,HK0019000162,SWIRE PACIFIC 'A',HK,0.00167514116296183,1817.6789762080734,2055.1008000563916
2018,vw,JP3720800006,NSK,JP,0.0016557576017217457,15.641451552955502,15.934390425994229
2018,vw,AU000000STO6,SANTOS,AU,0.0016386858244369087,1711.4309245904255,618.1200368845399
2018,vw,JP3868400007,MAZDA MOTOR,JP,0.0016357615007584836,4.430030211189242,15.452429076734282
2018,vw,JP3675600005,NISSIN FOODS HOLDINGS,JP,0.001615805989776878,47.589023774701076,25.23476322712657
2018,vw,JP3190000004,OBAYASHI,JP,0.0016135569357932816,8.742618467969658,17.3001874091683
2018,vw,JP3626800001,LIXIL,JP,0.0016115957016796126,38.56203505580409,66.5030326481922
2018,vw,JP3414750004,SEIKO EPSON,JP,0.0015937471797458059,13.815453253442547,15.828992151142598
2018,vw,AU000000ASX7,ASX,AU,0.0015823450848986974,0.06378768445426647,0.00521314304370132
2018,vw,JP3180400008,OSAKA GAS,JP,0.0015708378250991158,419.578956801125,574.1418576161934
2018,vw,AU000000TAH8,TABCORP HOLDINGS,AU,0.001534552226497485,2.00096963739366,0.46793694152952375
2018,vw,BMG8063F1068,SHANGRI-LA ASIA,HK,0.0015319673826656405,69.5628864751178,18.283343469804354
2018,vw,AU000000SHL7,SONIC HEALTHCARE,AU,0.0015267312750319683,1.9855743971238768,1.0134175713023734
2018,vw,JP3973400009,RICOH,JP,0.0015227110218488213,7.588835105834203,17.290305070288056
2018,vw,HK0144000764,CHINA MERCHANTS PORT HOLDINGS,HK,0.0014952906442407756,20.188804373941,2.7683180826596385
2018,vw,AU000000SGP0,STOCKLAND STAPLED UNITS,AU,0.0014872741228636418,11.007602351067828,3.157505604066934
2018,vw,JP3942600002,YAMAHA,JP,0.0014869291080195628,5.922674082197961,2.853867114020677
2018,vw,JP3173400007,OBIC,JP,0.0014866080781646442,0.5109572876323372,0.03810114799875892
2018,vw,JP3358800005,SHIMIZU,JP,0.0014800472611296413,16.104709225921386,27.60641440848473
2018,vw,AU000000COH5,COCHLEAR,AU,0.0014767502476196442,0.7190805251658429,0.09095372729124059
2018,vw,SG1F60858221,SINGAPORE TECHS.ENGR.,SG,0.001463379538662202,6.255908496380439,3.9588481516970093
2018,vw,JP3733000008,NEC,JP,0.0014475734308053772,2.175190292250022,7.137458529454125
2018,vw,JP3657400002,NIKON,JP,0.0014432598227548045,6.267423685601022,5.141801586439205
2018,vw,JP3322930003,SUMCO,JP,0.001426983240110599,10.58840620345072,3.232342038676912
2018,vw,JP3357200009,SHIMADZU,JP,0.0014261806654733025,1.1949919084110403,0.5174657631714442
2018,vw,AU000000DXS1,DEXUS STAPLED UNITS,AU,0.0014130350464141364,25.53880501635357,2.4733865797593073
2018,vw,AU000000BLD2,BORAL DEAD - DELIST.08/07/24,AU,0.0013963414939583702,504.38996945035314,270.0756449641595
2018,vw,BMG668971101,CTF SERVICES,HK,0.0013927806455676067,87.66166173728116,52.87887719484167
2018,vw,JP3595200001,TOSOH,JP,0.0013898803068783422,1022.7949874151747,1022.8016401994895
2018,vw,JP3260800002,KINTETSU GROUP HDG.,JP,0.001387836047802194,5.365551297110267,7.9461324222463
2018,vw,JP3027670003,NIPPON BUILDING FUND,JP,0.0013759081281927191,10.824114119136938,1.0326516929265839
2018,vw,AU0000088338,AMPOL,AU,0.0013675318319781768,43.54116168538793,99.81408777539428
2018,vw,AU000000QAN2,QANTAS AIRWAYS,AU,0.0013627016241610683,943.7913950225922,1677.5593291018586
2018,vw,AU000000LLC3,LENDLEASE GROUP STAPLED UNITS,AU,0.0013611979498406165,10.270912594642352,19.24023112674968
2018,vw,AU000000APA1,APA GROUP,AU,0.001353351168386773,656.3877946969252,164.3798975902629
2018,vw,BMG988031446,YUE YUEN INDL.HDG.,HK,0.001353257073429297,5.346274103473285,6.626010773402703
2018,vw,JP3293200006,COCA-COLA BOTTLERS JAPAN HOLDINGS,JP,0.0013411225139132077,28.377532551711088,30.861636327617706
2018,vw,JP3493800001,DAI NIPPON PRINTING,JP,0.0013337203772584183,21.043311751031183,37.2120561528544
2018,vw,AU000000GPT8,GPT GROUP STAPLED UNITS,AU,0.0013223810123829608,17.598046641774417,1.3776303195867945
2018,vw,JP3778630008,BANDAI NAMCO HDG.,JP,0.0013024052064105269,0.3158322617085857,0.2610810711265301
2018,vw,JP3368000000,RESONAC HOLDINGS,JP,0.001296194939217102,446.41322673166536,449.22389313140087
2018,vw,BMG524401079,KERRY PROPERTIES,HK,0.0012845493044800554,1.1791036172232296,0.7697135872617357
2018,vw,JP3688370000,NIPPON EXPRESS HOLDINGS,JP,0.0012844201545384216,39.57618960193287,100.6656487058347
2018,vw,JP3174410005,OJI HOLDINGS,JP,0.0012817670457374278,487.7769891001998,949.296484220375
2018,vw,JP3982100004,LAWSON DEAD - DELIST.24/07/24,JP,0.001248944510570752,0.8486212733046378,0.7533958208690642
2018,vw,JP3224200000,KAWASAKI HEAVY INDUSTRY,JP,0.0012469057864921023,12.388991817634041,26.042051995324268
2018,vw,JP3830000000,BROTHER INDUSTRIES,JP,0.0012420884936691573,10.599160417790369,9.962285675240896
2018,vw,JP3336000009,SANTEN PHARM.,JP,0.0012396014347931215,8.550703776175117,2.5021172219071817
2018,vw,JP3711600001,NIPPON SANSO HOLDINGS,JP,0.0012356642065724534,3.2916358147994025,2.8369344981686844
2018,vw,JP3695200000,NGK INSULATORS,JP,0.0012285701847784191,80.22257754138859,48.055840887110826
2018,vw,AU000000CGF5,CHALLENGER,AU,0.0012272971353537421,0.0020408912980476833,0.0005261559646543456
2018,vw,SG1J26887955,SINGAPORE EXCHANGE,SG,0.001223350682137243,0.07516026107280363,0.007012908275684211
2018,vw,JP3027680002,JAPAN REAL ESTATE INV.,JP,0.0012233211621505838,11.480274015642403,0.9809259373769883
2018,vw,JP3629000005,TOPPAN HOLDINGS,JP,0.0012204503434479785,18.275685463957124,36.250833344671356
2018,vw,JP3269600007,KURARAY,JP,0.0012194688038915608,425.83353187821757,302.59062967597083
2018,vw,AU000000BSL0,BLUESCOPE STEEL,AU,0.001213893216411308,1016.4290427658486,1340.5538828185677
2018,vw,JP3585800000,TOKYO ELECTRIC POWER CO. HDG.,JP,0.0012006442773988349,1637.0897627954282,12959.542439869934
2018,vw,JP3605400005,TOHOKU ELECTRIC PWR.,JP,0.0011994339579458086,1785.5520423367452,5045.377634210122
2018,vw,JP3888300005,MITSUI CHEMICALS,JP,0.0011618808449169991,347.5918623827863,651.0561400945778
2018,vw,AU000000MGR9,MIRVAC GROUP STAPLED UNITS,AU,0.0011579934316738184,4.32381848446648,1.0880458352651763
2018,vw,HK0293001514,CATHAY PACIFIC AIRWAYS,HK,0.001156235147468431,1479.7989608119262,2937.0360914397324
2018,vw,JP3820000002,FUJI ELECTRIC,JP,0.0011403902946291158,29.85633978763273,38.667007497193005
2018,vw,JP3676800000,NISSHIN SEIFUN,JP,0.0011364586014059464,12.332912551079684,9.57843520837967
2018,vw,JP3670800006,NISSAN CHEMICAL,JP,0.0011294217745860644,153.24025298918355,43.29211814693386
2018,vw,HK0014000126,HYSAN DEVELOPMENT,HK,0.0011163315055018842,0.066133629611994,0.0049582023541544775
2018,vw,JP3786200000,HITACHI METALS DEAD - DELIST.29/12/22,JP,0.0011075788294574375,39.08981291231421,57.63650356313529
2018,vw,JP3126340003,ALFRESA HOLDINGS,JP,0.0011014497422273252,1.6496882174414234,6.490874249571183
2018,vw,JP3799000009,HIROSE ELECTRIC,JP,0.0010916694016473057,2.0716238172778048,0.3941246360008856
2018,vw,JP3766550002,HAKUHODO DY HDG.,JP,0.0010838189301951298,0.02197208890578075,0.04460060329976372
2018,vw,BMG677491539,ORIENT OVERSEAS (INTL.),HK,0.0010790938873304948,927.3881571101396,965.2609531951272
2018,vw,NZAIAE0002S6,AUCKLAND INTL.AIRPORT,NZ,0.0010753891290047678,5.057198001482717,0.41313026814007314
2018,vw,SG1S83002349,UOL GROUP,SG,0.0010648043687882856,1.393345427387703,0.38500857692374335
2018,vw,AU000000ORI1,ORICA,AU,0.00106315678453287,560.7979725303959,389.42310195284233
2018,vw,KYG0535Q1331,ASMPT,HK,0.001053446553921166,1.0266239293539903,0.4028204436629339
2018,vw,JP3955000009,YOKOGAWA ELECTRIC,JP,0.00104074742466022,4.166145177670738,2.7321832824845638
2018,vw,JP3126400005,ALPS ALPINE,JP,0.001031965228629114,1.1844623188519305,1.6222952062374514
2018,vw,JP3738600000,NITERRA,JP,0.0010302309294128872,1.8670772231887165,1.2231572500273107
2018,vw,JP3405400007,SUMITOMO HEAVY INDS.,JP,0.0010240538722044539,5.325883835193333,6.531438104795484
2018,vw,JP3667600005,JGC HOLDINGS,JP,0.001016220005744774,18.574265005648417,21.672049775144018
2018,vw,JP3449020001,TAIHEIYO CEMENT,JP,0.0009881483434310597,2866.1038237280004,4166.495513292082
2018,vw,JP3385980002,J S R DEAD - DELIST.25/06/24,JP,0.0009724713855158692,109.64562679879631,79.31111680279271
2018,vw,KYG5427W1309,LEE & MAN PAPER MNFG.,HK,0.0009723422355742351,1598.310196754512,1001.8284071610866
2018,vw,JP3246400000,KYUSHU ELEC.POWER,JP,0.0009645471140970453,1518.4312534563721,5049.828803152318
2018,vw,JP3134800006,IHI,JP,0.0009630452847757597,5.313544779726005,14.565420632366239
2018,vw,JP3743000006,NH FOODS,JP,0.0009620489852260122,30.558734854327035,66.7387752284077
2018,vw,JP3404200002,SUMITOMO RUBBER INDS.,JP,0.0009439403184097715,50.29697218514567,78.18287365061246
2018,vw,HK0010000088,HANG LUNG GROUP,HK,0.0009427041689684184,1.957365084234476,0.5994018995950688
2018,vw,JP3551200003,ELEC.POWER DEV.,JP,0.0009270456610448897,7040.143525736156,10764.950324799387
2018,vw,JP3131430005,AEON MALL DEAD - DELIST.27/06/25,JP,0.0009180162351255128,6.227762168634874,3.211005486665193
2018,vw,JP3894900004,ISETAN MITSUKOSHI HDG.,JP,0.0009093299790510492,2.2209387129519857,5.203079158060471
2018,vw,JP3711200000,AOZORA BANK,JP,0.0008995883834535197,0.0643597452319485,0.016407496585189776
2018,vw,JP3903000002,MITSUBISHI MATERIALS,JP,0.0008977784392714788,742.9051816676405,2067.4022453714642
2018,vw,JP3977400005,RINNAI,JP,0.0008955127802953866,13.027512796292461,8.305571179278617
2018,vw,SG1R50925390,SEMBCORP INDUSTRIES,SG,0.0008927637315377506,3740.861378666036,4892.195014083984
2018,vw,NZTELE0001S4,SPARK NEW ZEALAND,NZ,0.0008855128848145894,1.3581102951550923,0.7500734446914594
2018,vw,JP3268950007,MEDIPAL HOLDINGS,JP,0.0008848431501172593,1.3183440221948206,7.781444567234513
2018,vw,JP3300600008,KONICA MINOLTA,JP,0.000871249196260707,19.09521667360859,37.11517040713901
2018,vw,AU000000BEN6,BENDIGO & ADELAIDE BANK,AU,0.0008398546904486691,1.6000717406064644,0.8231438074190586
2018,vw,HK0200030994,MELCO INTL.DEV.,HK,0.0008353473574856454,4.105944693012353,4.774683443655952
2018,vw,JP3870400003,MARUI GROUP,JP,0.0008158475612980908,6.538676739965232,3.1660311989760155
2018,vw,SGXE34184239,SEATRIUM,SG,0.0008156649063806371,26.995046461177946,11.05350659926034
2018,vw,JP3935600001,YAMAZAKI BAKING,JP,0.0008085358296024452,33.74970193877363,73.47723004534137
2018,vw,HK0008011667,PCCW,HK,0.0008067000554320774,1.88410386320456,2.0412317375513456
2018,vw,JP3544000007,TEIJIN,JP,0.0008036687218020129,92.52679376907356,157.94560518649288
2018,vw,JP3358200008,SHIMAMURA,JP,0.0007872629892161735,0.14263774311919436,0.17107998340758515
2018,vw,JP3362700001,MITSUI OSK LINES,JP,0.000782290716463268,1180.0734760726061,4191.921812427182
2018,vw,JP3753000003,NIPPON YUSEN KK,JP,0.0007702742368938155,1079.1205291487117,5010.862457574139
2018,vw,JP3243600008,CANON MARKETING JAPAN,JP,0.0007663942036472994,1.373114063453794,1.8931606442138715
2018,vw,JP3663900003,SOJITZ,JP,0.0007655934740091693,46.13040668499464,180.07427293496175
2018,vw,JP3485800001,DAICEL,JP,0.0007644661795186218,421.7062631127643,426.9389035706959
2018,vw,JP3635400009,TOYOTA BOSHOKU,JP,0.000759390586812409,5.0238161009054085,15.372187155303529
2018,vw,JP3166000004,EBARA,JP,0.0007588463120583803,2.284973939420341,2.563341996941398
2018,vw,JP3122400009,ADVANTEST,JP,0.0007555142435642254,2.242021878980236,0.9306630394170352
2018,vw,JP3522200009,CHUGOKU ELEC.POWER,JP,0.0007504294258621816,1829.9275964959727,5226.964844604745
2018,vw,NZFBUE0001S0,FLETCHER BUILDING,NZ,0.0007489737215200508,126.5779330868925,220.71792446323175
2018,vw,HK0165000859,CHINA EVERBRIGHT,HK,0.0007465715326056601,0.15098353240338888,0.018312302605240135
2018,vw,JP3289800009,KOBE STEEL,JP,0.0007381159014269712,1051.57150231723,4424.30317225037
2018,vw,JP3164800009,NOK,JP,0.0007350439778152503,1.1964897980549563,2.0080422090472343
2018,vw,JP3870000001,MABUCHI MOTOR,JP,0.0007313595144803514,2.4274561746866885,0.8150837157323013
2018,vw,JP3827200001,FURUKAWA ELECTRIC,JP,0.0007204961593897731,27.895304001382108,60.945474286387395
2018,vw,JP3835620000,BENESSE HOLDINGS DEAD - DELIST.17/05/24,JP,0.000720151144545694,0.030229213007630356,0.030743532329386203
2018,vw,MU0117U00026,GOLDEN AGRI-RESOURCES,SG,0.0006914374225221427,261.78488713150523,546.0920635174764
2018,vw,JP3456000003,TAKASHIMAYA,JP,0.0006910794926839002,1.8182977247592027,4.150103185260926
2018,vw,JP3493400000,DIC,JP,0.0006894706534109748,38.39575685254359,73.47938302956673
2018,vw,JP3665200006,NICHIREI,JP,0.0006889946436260956,8.6717602747056,11.782379451530238
2018,vw,JP3270000007,KURITA WATER IND.,JP,0.0006826847464776959,2.9356146320818644,1.6215383534359047
2018,vw,JP3209000003,CASIO COMPUTER,JP,0.0006805703774332322,1.9553990650805337,1.5371415094083873
2018,vw,JP3419050004,SEGA SAMMY HDG.,JP,0.0006643583697598437,2.8117810787014683,2.419422026960226
2018,vw,JP3549600009,DENKA,JP,0.0006490411866820617,526.6196889368723,527.5964796579719
2018,vw,SG1N31909426,COMFORTDELGRO CORPORATION,SG,0.0006477459972673902,317.7504383166647,272.5092713383198
2018,vw,JP3613400005,TOYO SEIKAN GROUP HDG.,JP,0.0006428124694969747,65.26678953221321,134.03825400105623
2018,vw,AU000000ILU1,ILUKA RESOURCES,AU,0.0006385652814163851,521.1248351037167,128.86225607183925
2018,vw,AU000000ABC7,ADBRI DEAD - DELIST.02/07/24,AU,0.0006335302786918287,1737.1728323503435,626.6878678537001
2018,vw,JP3582600007,TOKYO TATEMONO,JP,0.000630626250004232,1.364395802126225,0.9654684130917516
2018,vw,JP3765400001,HOUSE SHOKUHIN GP.HONSHA K K,JP,0.0006303347401359724,21.316940114164897,16.479093796191954
2018,vw,JP3560800009,TOKAI CARBON,JP,0.0006120876983822669,2524.52319756316,732.4682371026812
2018,vw,AU000000WOR2,WORLEY,AU,0.0006100637342969468,2.732080087475984,3.2099631643571302
2018,vw,JP3118000003,ASICS,JP,0.0006079512102516493,1.1039686320636959,1.214519609241517
2018,vw,JP3888400003,MITSUI KINZOKU LIMITED,JP,0.0006062039960412591,170.27768735073096,234.65605083910083
2018,vw,BMG2108M2182,CHINESE ESTATES HDG.,HK,0.0006011855983091985,0.016502416056850825,0.0009820590094707317
2018,vw,SG1P66918738,SINGAPORE PRESS HDG. DEAD - DELIST.13/05/22,SG,0.0006001247237886341,0.14208007415816937,0.0335504855950884
2018,vw,AU000000DOW2,DOWNER EDI,AU,0.0005994310041021434,43.31105581018396,103.01789809015222
2018,vw,JP3769000005,HACHIJUNI NAGANO BANK,JP,0.0005903001032286258,1.5980244737418854,0.8523313309120915
2018,vw,JP3600200004,TOHO GAS,JP,0.0005883794590966129,17.607000542154125,21.00876436556341
2018,vw,JP3040890000,JAPAN PRIME REALTY INV.,JP,0.0005846913057633815,11.77534910189252,1.018598574971758
2018,vw,HK0363006039,SHANGHAI INDUSTRIAL HOLDINGS,HK,0.0005834533113228622,1.6075295155567715,1.91756130725568
2018,vw,JP3158800007,UBE,JP,0.0005768924942878595,1829.2288161822007,3623.5244451977906
2018,vw,BMG2442N1048,COSCO SHIPPING PORTS,HK,0.0005560034137281572,72.5772028949307,15.23409112779859
2018,vw,JP3811000003,FUJIKURA,JP,0.0005316014547560125,4.197057148705344,9.72821390270398
2018,vw,JP3326410002,SANKYO,JP,0.0005293856107574078,2.4648737074611247,0.46631582615969047
2018,vw,NZCENE0001S6,CONTACT ENERGY,NZ,0.0005269539018563579,760.1844709971533,411.66757699256334
2018,vw,SG1T58930911,FRASER AND NEAVE,SG,0.0005125961183449992,28.795060753210013,14.852967642083287
2018,vw,JP3274400005,GLORY,JP,0.0005001940339498112,0.5195776260748486,0.3906192366141907
2018,vw,JP3742600004,NHK SPRING,JP,0.0004993158143467006,15.96626837055059,34.73351266664696
2018,vw,HK0000745908,YUEXIU PROPERTY COMPANY,HK,0.0004973103002530425,0.6584688232584269,0.8601235415236789
2018,vw,AU000000SGM7,SIMS,AU,0.0004908564931696793,17.775669718304396,30.145049558912525
2018,vw,JP3535800001,TSUMURA,JP,0.0004881646393861953,31.611239788266268,12.761364838919377
2018,vw,JP3165600002,NTN,JP,0.0004868140999965378,15.451468503557196,38.90985992359469
2018,vw,JP3638600001,DOWA HDG.,JP,0.0004817864772686462,204.74891166587963,327.7665233158836
2018,vw,NZAIRE0001S2,AIR NEW ZEALAND,NZ,0.00047440094560635264,970.394513496309,1450.7350424691203
2018,vw,JP3491000000,DAIDO STEEL,JP,0.0004734895160182505,90.98145477703522,158.1520764980478
2018,vw,AU000000BPT9,BEACH ENERGY,AU,0.0004718566917561645,903.7461329094194,193.83849008207267
2018,vw,JP3528600004,CHIYODA CORPORATION,JP,0.0004655689345977592,0.21039439893087,0.4188776298738612
2018,vw,JP3678000005,NISSHINBO HOLDINGS,JP,0.00046530694471615895,59.44650689464086,112.59243692480939
2018,vw,AU000000MTS0,METCASH,AU,0.0004573955882914988,2.117381916012828,9.979791134721735
2018,vw,JP3352400000,CITIZEN WATCH,JP,0.00044816874746133874,7.8814233496309205,9.360256885266148
2018,vw,JP3320800000,SAPPORO HOLDINGS,JP,0.00044316510972260777,23.90705251686902,49.7313133331668
2018,vw,JP3223800008,KAWASAKI KISEN KAISHA,JP,0.00044245478504362126,1284.203964623968,5595.036549311339
2018,vw,AU000000CWY3,CLEANAWAY WASTE MANAGEMENT,AU,0.0004364566927543091,591.6948317284719,300.9781790820166
2018,vw,BMG4600H1198,HOPSON DEVELOPMENT HOLDINGS,HK,0.0004289161811620548,1.192678717926957,0.906764168190128
2018,vw,JP3721400004,JAPAN STEEL WORKS,JP,0.00042281292392026934,46.54930994369451,39.776669415753574
2018,vw,AU000000IGO4,IGO,AU,0.0004221247392312772,161.80167391240056,31.086042466148587
2018,vw,AU000000OZL8,OZ MINERALS DEAD - DELIST.03/05/23,AU,0.00041042928951674334,104.945064413606,38.32595356364208
2018,vw,JP3385820000,GS YUASA,JP,0.0004078426006857327,6.3567391588303925,10.479387296259267
2018,vw,JP3148800000,IBIDEN,JP,0.000398831624758018,51.29877786404139,61.988536746712064
2018,vw,AU000000CSR5,CSR DEAD - DEAD.10/07/24,AU,0.00037754402437841677,217.77568029037283,216.03373877858195
2018,vw,JP3156400008,USHIO,JP,0.0003745735757208368,2.537050695653957,2.0111220021574123
2018,vw,JP3452000007,TAIYO YUDEN,JP,0.000373350341273647,13.8088560248669,14.943812451200348
2018,vw,NZSKCE0001S2,SKY CITY ENTM.GP.,NZ,0.0003723005367480799,6.692948027239144,2.2994315844768543
2018,vw,HK0308001558,CTII.INTL.INV.HK.,HK,0.00037153486209410744,50.05841151277214,15.601547369571046
2018,vw,JP3400900001,SUMITOMO OSAKA CEMENT,JP,0.0003649002450924567,4249.23217415426,4747.74747444104
2018,vw,JP3389900006,JAFCO GROUP,JP,0.0003362215780530633,0.020670918969997634,0.0049935796832643745
2018,vw,JP3845400005,HOKURIKU ELEC.POWER,JP,0.0003111277443935941,3230.320638205192,10079.378887880783
2018,vw,JP3619800000,TOYOBO,JP,0.0003086905004950455,246.00328563733476,438.1036626183418
2018,vw,JP3421100003,JAPAN PETROLEUM EXP.,JP,0.00029948579965487996,263.0739832596603,324.0717581611971
2018,vw,AU000000SBM8,ST BARBARA,AU,0.0002846815263453012,271.0772147104568,91.381019967725
2018,vw,HK0000139300,TELEVISION BROADCASTS,HK,0.0002805136732288582,1.4031590606520885,0.5115956327282294
2018,vw,AU000000MND5,MONADELPHOUS GROUP,AU,0.0002583773732328056,7.86070673615925,6.55874666171577
2018,vw,AU000000IVC8,INVOCARE DEAD - DELIST.27/11/23,AU,0.0002543718800429881,14.756597225975934,3.9602236873599233
2018,vw,HK0242001243,SHUN TAK HOLDINGS,HK,0.00023598461835265132,518.2572903671291,330.95735115906336
2018,vw,JP3194000000,OKI ELECTRIC IND.,JP,0.00022785001702888105,3.7807818656898244,12.389065232882036
2018,vw,AU000000CQR9,CHARTER HALL RETAIL REIT,AU,0.0002247725584196615,0.48153183775209607,0.0697704961092688
2018,vw,JP3375800004,SHINKO ELEC.INDS. DEAD - DELIST.06/06/25,JP,0.00020378753790331692,28.813639956109053,33.99677693881616
2018,vw,BMG684371393,PACIFIC BASIN SHIP.,HK,0.0001865238807051952,952.1465442542475,1396.6784375401842
2018,vw,JP3686800008,NIPPON SHEET GLASS,JP,0.0001461700589420961,533.9840327726256,3660.460713158725
2018,vw,AU000000SIG5,SIGMA HEALTHCARE,AU,0.00013530485885235167,1.369080073846625,6.245227446274681
2018,vw,AU000000ELD6,ELDERS,AU,0.000134797484081647,10.835897504381414,18.880113877444874
2018,vw,AU000000GWA4,GWA GROUP,AU,0.00010982173036881449,35.6073377006736,16.82010617566024
2018,vw,AU000000MAH3,MACMAHON HOLDINGS,AU,7.103615789698434e-05,1.5533842756014926,1.4778453067373125
2018,vw,AU000000ERA9,ENERGY RES.OF AUS.,AU,6.371335620634149e-05,596.2010798694939,329.6672747806446
2018,vw,AU0000038911,OVATO DEAD - DELIST.29/08/22,AU,3.4381559462113736e-05,33.01201637396012,134.15615776764153
2018,vw_50,SG1L01001701,DBS GROUP HOLDINGS,SG,0.2121440935234923,1.7197879054367741e-06,3.8558728703291163e-07
2018,vw_50,JP3914400001,MURATA MANUFACTURING,JP,0.04090806804052247,21.268052106558194,7.582753977698244
2018,vw_50,JP3726800000,JAPAN TOBACCO,JP,0.036936091775621495,19.501073797222265,5.767972766623396
2018,vw_50,JP3126340003,ALFRESA HOLDINGS,JP,0.0344904455831844,1.6496882174414234,6.490874249571183
2018,vw_50,AU000000TAH8,TABCORP HOLDINGS,AU,0.02949900477448774,2.00096963739366,0.46793694152952375
2018,vw_50,JP3493800001,DAI NIPPON PRINTING,JP,0.027823092228379313,21.043311751031183,37.2120561528544
2018,vw_50,JP3336000009,SANTEN PHARM.,JP,0.026940513204295545,8.550703776175117,2.5021172219071817
2018,vw_50,AU000000IVC8,INVOCARE DEAD - DELIST.27/11/23,AU,0.026440952795945168,14.756597225975934,3.9602236873599233
2018,vw_50,AU000000CIM7,CIMIC GROUP DEAD - DELIST.11/05/22,AU,0.02292214029321022,251.0067573931478,215.33223144731446
2018,vw_50,JP3436100006,SOFTBANK GROUP,JP,0.022550189287571003,0.13764861707567969,0.12750108621160747
2018,vw_50,BMG988031446,YUE YUEN INDL.HDG.,HK,0.022346493681569823,5.346274103473285,6.626010773402703
2018,vw_50,JP3414750004,SEIKO EPSON,JP,0.019164884336963655,13.815453253442547,15.828992151142598
2018,vw_50,JP3485800001,DAICEL,JP,0.018545091069987075,421.7062631127643,426.9389035706959
2018,vw_50,JP3300600008,KONICA MINOLTA,JP,0.017828193685163727,19.09521667360859,37.11517040713901
2018,vw_50,JP3166000004,EBARA,JP,0.016330773725544617,2.284973939420341,2.563341996941398
2018,vw_50,AU000000DXS1,DEXUS STAPLED UNITS,AU,0.01605751162439095,25.53880501635357,2.4733865797593073
2018,vw_50,JP3194000000,OKI ELECTRIC IND.,JP,0.014173045393093772,3.7807818656898244,12.389065232882036
2018,vw_50,BMG4600H1198,HOPSON DEVELOPMENT HOLDINGS,HK,0.01379866639455113,1.192678717926957,0.906764168190128
2018,vw_50,NZFBUE0001S0,FLETCHER BUILDING,NZ,0.012100846269754313,126.5779330868925,220.71792446323175
2018,vw_50,JP3486800000,DAITO TST.CONSTRUCTION,JP,0.010910738648202913,2.736061261808081,2.897788176975994
2018,vw_50,JP3711600001,NIPPON SANSO HOLDINGS,JP,0.009939277771797563,3.2916358147994025,2.8369344981686844
2018,vw_50,HK0006000050,POWER ASSETS HOLDINGS,HK,0.00976888940780964,62808.74455393191,604.3226943307233
2018,vw_50,JP3868400007,MAZDA MOTOR,JP,0.009230867724609598,4.430030211189242,15.452429076734282
2018,vw_50,JP3475350009,DAIICHI SANKYO,JP,0.00917421968110272,12.40767640188632,4.282667292062491
2018,vw_50,AU000000NAB4,NATIONAL AUS.BANK,AU,0.008995278343415139,0.7437438473085517,0.3009355982465895
2018,vw_50,JP3385980002,J S R DEAD - DELIST.25/06/24,JP,0.008287517691147307,109.64562679879631,79.31111680279271
2018,vw_50,BMG2178K1009,CKI HOLDINGS,HK,0.008281717127719256,11628.968070819103,381.40470494927916
2018,vw_50,JP3463000004,TAKEDA PHARMACEUTICAL,JP,0.008211035389903358,9.89017088855397,3.426369985855516
2018,vw_50,AU000000ANZ3,ANZ GROUP HOLDINGS,AU,0.008059679810435094,0.5720828533875487,0.2645272491771613
2018,vw_50,JP3814800003,SUBARU,JP,0.00788207282291185,8.66108315643986,10.688367954133193
2018,vw_50,JP3197600004,ONO PHARM.,JP,0.0078527393271933,3.6576680859853217,0.6196116565718564
2018,vw_50,AU000000CWY3,CLEANAWAY WASTE MANAGEMENT,AU,0.0074147663138616985,591.6948317284719,300.9781790820166
2018,vw_50,AU000000WBC1,WESTPAC BANKING,AU,0.007361302858683936,0.33260258270780757,0.11464708734663297
2018,vw_50,JP3721400004,JAPAN STEEL WORKS,JP,0.007108192650207671,46.54930994369451,39.776669415753574
2018,vw_50,JP3592200004,TOSHIBA DEAD - DELIST.20/12/23,JP,0.0070885309108917475,9.087157071344757,17.457398657155736
2018,vw_50,JP3435000009,SONY GROUP,JP,0.00676537784004181,3.0438433169339705,3.7249000772672205
2018,vw_50,JP3407400005,SUMITOMO ELECTRIC IND.,JP,0.006682386631614632,7.02122554308649,14.38299373600724
2018,vw_50,JP3538800008,TDK,JP,0.0063903980201821175,11.373476973297363,10.650394905563884
2018,vw_50,JP3942400007,ASTELLAS PHARMA,JP,0.006317287249023358,7.392336402418269,3.1339603237447076
2018,vw_50,JP3118000003,ASICS,JP,0.005937895440182504,1.1039686320636959,1.214519609241517
2018,vw_50,JP3496400007,KDDI,JP,0.00569176191246423,0.5001970989985122,0.34440387901750535
2018,vw_50,BMG668971101,CTF SERVICES,HK,0.005545743833590342,87.66166173728116,52.87887719484167
2018,vw_50,AU000000WES1,WESFARMERS,AU,0.005402549161967782,45.50776670064103,63.11753726978319
2018,vw_50,JP3228600007,KANSAI ELECTRIC PWR.,JP,0.005348142581552227,1182.609563114172,2752.1966242942117
2018,vw_50,JP3164800009,NOK,JP,0.005286067255593779,1.1964897980549563,2.0080422090472343
2018,vw_50,JP3249600002,KYOCERA,JP,0.004897542399816757,9.04534091738534,5.309467221851627
2018,vw_50,AU000000APA1,APA GROUP,AU,0.004515890547079957,656.3877946969252,164.3798975902629
2018,vw_50,KYG0535Q1331,ASMPT,HK,0.004482493437190239,1.0266239293539903,0.4028204436629339
2018,vw_50,JP3967200001,RAKUTEN GROUP,JP,0.004468002806428104,0.1346745860886517,0.08942519690538996
2018,vw_50,JP3491000000,DAIDO STEEL,JP,0.004425649200531036,90.98145477703522,158.1520764980478
2018,vw_50,AU000000MAH3,MACMAHON HOLDINGS,AU,0.004357218440182592,1.5533842756014926,1.4778453067373125
2018,vw_50,JP3385820000,GS YUASA,JP,0.004081722551210452,6.3567391588303925,10.479387296259267
2018,vw_50,JP3566800003,CENTRAL JAPAN RAILWAY,JP,0.004021141535522744,4.506706008992097,1.8717431037648848
2018,vw_50,JP3243600008,CANON MARKETING JAPAN,JP,0.003547247001794579,1.373114063453794,1.8931606442138715
2018,vw_50,KYG217651051,CK HUTCHISON HOLDINGS,HK,0.003390796200110818,297.46067313037804,182.15481518699278
2018,vw_50,AU000000SIG5,SIGMA HEALTHCARE,AU,0.0033672193105252477,1.369080073846625,6.245227446274681
2018,vw_50,JP3633400001,TOYOTA MOTOR,JP,0.003327628308399371,9.62678113430414,11.311938686630686
2018,vw_50,JP3942600002,YAMAHA,JP,0.003325077642140793,5.922674082197961,2.853867114020677
2018,vw_50,AU000000MND5,MONADELPHOUS GROUP,AU,0.0031627068124724877,7.86070673615925,6.55874666171577
2018,vw_50,AU000000ERA9,ENERGY RES.OF AUS.,AU,0.003099739905424493,596.2010798694939,329.6672747806446
2018,vw_50,NZTELE0001S4,SPARK NEW ZEALAND,NZ,0.002982455556550797,1.3581102951550923,0.7500734446914594
2018,vw_50,JP3670800006,NISSAN CHEMICAL,JP,0.0029773127005698506,153.24025298918355,43.29211814693386
2018,vw_50,HK0165000859,CHINA EVERBRIGHT,HK,0.0028211084111539465,0.15098353240338888,0.018312302605240135
2018,vw_50,BMG8063F1068,SHANGRI-LA ASIA,HK,0.0027106895584387888,69.5628864751178,18.283343469804354
2018,vw_50,JP3270000007,KURITA WATER IND.,JP,0.0026471896561111384,2.9356146320818644,1.6215383534359047
2018,vw_50,JP3027670003,NIPPON BUILDING FUND,JP,0.002539047900540803,10.824114119136938,1.0326516929265839
2018,vw_50,JP3519400000,CHUGAI PHARM.,JP,0.002507491773453523,10.226027272712244,1.7214037677621508
2018,vw_50,JP3160400002,EISAI,JP,0.002355534906037031,8.28119006753118,2.5247883803507345
2018,vw_50,AU000000GWA4,GWA GROUP,AU,0.002352663169495043,35.6073377006736,16.82010617566024
2018,vw_50,JP3778630008,BANDAI NAMCO HDG.,JP,0.0023259148695694964,0.3158322617085857,0.2610810711265301
2018,vw_50,JP3619800000,TOYOBO,JP,0.0022995321807500854,246.00328563733476,438.1036626183418
2018,vw_50,AU000000CSR5,CSR DEAD - DEAD.10/07/24,AU,0.0022181349244929853,217.77568029037283,216.03373877858195
2018,vw_50,JP3419400001,SEKISUI CHEMICAL,JP,0.002169447353013023,14.18395807593865,14.781461868762209
2018,vw_50,JP3814000000,FUJIFILM HOLDINGS,JP,0.0020984832382292674,31.2212186491474,31.751489824271452
2018,vw_50,JP3528600004,CHIYODA CORPORATION,JP,0.0020399119056503227,0.21039439893087,0.4188776298738612
2018,vw_50,JP3210200006,KAJIMA,JP,0.0020198671448559986,10.946435117684835,18.13189906830668
2018,vw_50,HK0019000162,SWIRE PACIFIC 'A',HK,0.002011868759240917,1817.6789762080734,2055.1008000563916
2018,vw_50,HK0388045442,HONG KONG EXCHANGES AND CLEARING,HK,0.0019547654845276444,0.02566388416133128,0.0008294990829669349
2018,vw_50,AU000000ABC7,ADBRI DEAD - DELIST.02/07/24,AU,0.0019126483545626202,1737.1728323503435,626.6878678537001
2018,vw_50,JP3242800005,CANON,JP,0.001847284169336681,4.342876307107153,3.026879108877136
2018,vw_50,JP3347200002,SHIONOGI,JP,0.0017688368845477703,13.875115024626924,2.337105530081306
2018,vw_50,JP3613400005,TOYO SEIKAN GROUP HDG.,JP,0.00175384546093254,65.26678953221321,134.03825400105623
2018,vw_50,BMG524401079,KERRY PROPERTIES,HK,0.0017533027179523375,1.1791036172232296,0.7697135872617357
2018,vw_50,JP3940000007,YAMATO HDG.,JP,0.0017279410043099632,47.6972777922128,61.84117266676644
2018,vw_50,JP3899600005,MITSUBISHI ESTATE,JP,0.001692804207141783,12.197100961610891,4.5851198921774285
2018,vw_50,HK0012000102,HENDERSON LD.DEV.,HK,0.0016687541022583428,0.2677183487823133,0.030411912458746804
2018,vw_50,JP3787000003,HITACHI CON.MCH.,JP,0.0016404844072470362,6.047889322202371,5.538704138715216
2018,vw_50,JP3935600001,YAMAZAKI BAKING,JP,0.001556728119717629,33.74970193877363,73.47723004534137
2018,vw_50,HK0016000132,SUN HUNG KAI PROPERTIES,HK,0.001530195298656419,5.608352324412873,1.26397758077871
2018,vw_50,JP3173400007,OBIC,JP,0.0015118260721973245,0.5109572876323372,0.03810114799875892
2018,vw_50,JP3481800005,DAIKIN INDUSTRIES,JP,0.001471288012620509,37.354732483346055,21.568323624749766
2018,vw_50,JP3198900007,ORIENTAL LAND,JP,0.0014561196150842078,13.750114584288202,1.6722533865221392
2018,vw_50,JP3818000006,FUJITSU,JP,0.0014483736688335272,5.291213563079964,15.497541526366954
2018,vw_50,JP3404200002,SUMITOMO RUBBER INDS.,JP,0.00143651730180218,50.29697218514567,78.18287365061246
2018,vw_50,SG1T58930911,FRASER AND NEAVE,SG,0.0014197030797087524,28.795060753210013,14.852967642083287
2018,vw_50,JP3165700000,NTT DATA GROUP DEAD - DELIST.26/09/25,JP,0.0011600955793642806,0.46536331805631875,0.5320808095462625
2018,vw_50,AU000000GPT8,GPT GROUP STAPLED UNITS,AU,0.0011057366848130307,17.598046641774417,1.3776303195867945
2018,vw_50,JP3224200000,KAWASAKI HEAVY INDUSTRY,JP,0.0010786102212533878,12.388991817634041,26.042051995324268
2018,vw_50,JP3443600006,TAISEI,JP,0.001066635885407486,17.932454847039363,22.28128531185842
2018,vw_50,JP3358800005,SHIMIZU,JP,0.0010650952271139152,16.104709225921386,27.60641440848473
2018,vw_50,SGXE34184239,SEATRIUM,SG,0.0010583355909069335,26.995046461177946,11.05350659926034
2018,vw_50,JP3720800006,NSK,JP,0.0010421201007096872,15.641451552955502,15.934390425994229
2018,vw_50,JP3820000002,FUJI ELECTRIC,JP,0.0010390352427088662,29.85633978763273,38.667007497193005
2018,vw_50,JP3201200007,OLYMPUS,JP,0.0010112194162310959,4.258495361796813,2.2993629503656967
2018,vw_50,HK0066009694,MTR,HK,0.0009391503715638826,7.118834452393606,1.4862132076816548
2018,vw_50,AU000000BPT9,BEACH ENERGY,AU,0.000936095673082565,903.7461329094194,193.83849008207267
2018,vw_50,JP3621000003,TORAY INDS.,JP,0.0009325232793832821,162.30404188637544,199.3453275877166
2018,vw_50,JP3405400007,SUMITOMO HEAVY INDS.,JP,0.0009303627570841827,5.325883835193333,6.531438104795484
2018,vw_50,JP3122400009,ADVANTEST,JP,0.0009264720258425999,2.242021878980236,0.9306630394170352
2018,vw_50,HK0000055878,CHINA TAIPING INSURANCE HLDGS,HK,0.0009166771895377815,0.0459794759464489,0.07559277881992205
2018,vw_50,JP3663900003,SOJITZ,JP,0.0008720906715994515,46.13040668499464,180.07427293496175
2018,vw_50,JP3551500006,DENSO,JP,0.0008659758901932052,15.497562031350355,13.855009931431756
2018,vw_50,JP3126400005,ALPS ALPINE,JP,0.0008498467459411644,1.1844623188519305,1.6222952062374514
2018,vw_50,JP3902400005,MITSUBISHI ELECTRIC,JP,0.0007854816473868008,7.765538648697577,7.775903478462628
2018,vw_50,HK0002007356,CLP HOLDINGS,HK,0.0007725766130380736,3248.8319877729405,1481.842824308344
2018,vw_50,AU000000MQG1,MACQUARIE GROUP,AU,0.000760169599447152,0.04824296872700775,0.018255024096279392
2018,vw_50,JP3401400001,SUMITOMO CHEMICAL,JP,0.0007403727661532578,337.2500565744798,557.3071665462144
2018,vw_50,AU000000CSL8,CSL,AU,0.0007351914213523947,7.269576553695936,1.0470090681046476
2018,vw_50,JP3678000005,NISSHINBO HOLDINGS,JP,0.0007162660170749696,59.44650689464086,112.59243692480939
2018,vw_50,JP3830800003,BRIDGESTONE,JP,0.0006846736954436331,56.59484453687057,50.35658011966427
2018,vw_50,JP3898400001,MITSUBISHI,JP,0.0006725582115979492,81.35280628059729,120.45194256012687
2018,vw_50,AU000000CGF5,CHALLENGER,AU,0.0006550583559785218,0.0020408912980476833,0.0005261559646543456
2018,vw_50,JP3903000002,MITSUBISHI MATERIALS,JP,0.0006474103002220013,742.9051816676405,2067.4022453714642
2018,vw_50,AU000000CBA7,COMMONWEALTH BK.OF AUS.,AU,0.0006408032713191869,0.26622384371298635,0.0777203316707817
2018,vw_50,AU000000COH5,COCHLEAR,AU,0.0006227940093913614,0.7190805251658429,0.09095372729124059
2018,vw_50,JP3735400008,NTT,JP,0.0006157648293334139,1.7375987996329365,1.852275891387748
2018,vw_50,AU000000QAN2,QANTAS AIRWAYS,AU,0.0006004437362617809,943.7913950225922,1677.5593291018586
2018,vw_50,JP3174410005,OJI HOLDINGS,JP,0.0005899092089791882,487.7769891001998,949.296484220375
2018,vw_50,JP3560800009,TOKAI CARBON,JP,0.0005767990043213562,2524.52319756316,732.4682371026812
2018,vw_50,HK0014000126,HYSAN DEVELOPMENT,HK,0.0005258739582852171,0.066133629611994,0.0049582023541544775
2018,vw_50,JP3684000007,NITTO DENKO,JP,0.0005256353081644472,48.88421167009087,25.450192324882956
2018,vw_50,AU000000RHC8,RAMSAY HEALTH CARE,AU,0.0004933929163395133,2.2412319391374806,1.4238865527762707
2018,vw_50,JP3866800000,PANASONIC HOLDINGS,JP,0.0004930936430880361,6.482055106825114,12.6139920981566
2018,vw_50,HK0004000045,WHARF HOLDINGS,HK,0.0004793423882460872,2.7337782568742997,1.212825398047291
2018,vw_50,JP3549600009,DENKA,JP,0.00046850424585079086,526.6196889368723,527.5964796579719
2018,vw_50,HK0688002218,CHINA OVERSEAS LAND INVESTMENT,HK,0.00046364480928406726,1.2205850288990403,0.5892730610166704
2018,vw_50,BMG677491539,ORIENT OVERSEAS (INTL.),HK,0.000451469273458922,927.3881571101396,965.2609531951272
2018,vw_50,AU000000WOW2,WOOLWORTHS GROUP,AU,0.00043854264553234176,14.89144296729175,23.126456294694986
2018,vw_50,KYG2108Y1052,CHINA RESOURCES LAND,HK,0.0004383271261698505,34.59934346236411,18.47090429596037
2018,vw_50,SG1V61937297,SINGAPORE AIRLINES,SG,0.00041347614192622297,1205.5477354731777,1376.54046475137
2018,vw_50,JP3266400005,KUBOTA,JP,0.0004018629649108824,19.91490913917238,12.689825330176404
2018,vw_50,JP3733000008,NEC,JP,0.0003977026050861311,2.175190292250022,7.137458529454125
2018,vw_50,JP3595200001,TOSOH,JP,0.00036359769790236763,1022.7949874151747,1022.8016401994895
2018,vw_50,JP3888300005,MITSUI CHEMICALS,JP,0.0003627504165032939,347.5918623827863,651.0561400945778
2018,vw_50,JP3116000005,ASAHI GROUP HOLDINGS,JP,0.0003505260620278902,24.513799495439294,18.50245227426309
2018,vw_50,HK0363006039,SHANGHAI INDUSTRIAL HOLDINGS,HK,0.0003499537762537175,1.6075295155567715,1.91756130725568
2018,vw_50,SG1N31909426,COMFORTDELGRO CORPORATION,SG,0.0003294263593302613,317.7504383166647,272.5092713383198
2018,vw_50,HK0000608585,NEW WORLD DEVELOPMENT COMPANY,HK,0.00032346912242122697,42.00160655020956,19.490721478949137
2018,vw_50,JP3551520004,DENTSU GROUP,JP,0.00030294609380873683,0.5919502842573549,0.38946101754021084
2018,vw_50,JP3635400009,TOYOTA BOSHOKU,JP,0.0002940923997696374,5.0238161009054085,15.372187155303529
2018,vw_50,JP3397200001,SUZUKI MOTOR,JP,0.00028366688837889943,19.698294854987214,23.764110854824317
2018,vw_50,AU000000BHP4,BHP GROUP,AU,0.0002746780946058184,248.67903060921853,134.77749304954122
2018,vw_50,JP3326410002,SANKYO,JP,0.0002730071976299238,2.4648737074611247,0.46631582615969047
2018,vw_50,JP3634600005,TOYOTA INDS.,JP,0.0002694401574742846,11.15731939506823,8.838774330208256
2018,vw_50,JP3600200004,TOHO GAS,JP,0.0002451135789564681,17.607000542154125,21.00876436556341
2018,vw_50,JP3571400005,TOKYO ELECTRON,JP,0.0002445957614280064,1.8124181346720492,0.5653798621005259
2018,vw_50,KYG5427W1309,LEE & MAN PAPER MNFG.,HK,0.00023250984747725107,1598.310196754512,1001.8284071610866
2018,vw_50,JP3223800008,KAWASAKI KISEN KAISHA,JP,0.00022400575399127742,1284.203964623968,5595.036549311339
2018,vw_50,AU000000CQR9,CHARTER HALL RETAIL REIT,AU,0.00022053231692072817,0.48153183775209607,0.0697704961092688
2018,vw_50,JP3389900006,JAFCO GROUP,JP,0.00020487365747173342,0.020670918969997634,0.0049935796832643745
2018,vw_50,AU000000AMP6,AMP,AU,0.00020460296418870985,0.008380987030216482,0.00997048898710456
2018,vw_50,AU000000NCM7,NEWCREST MINING DEAD - DELIST.08/11/23,AU,0.0001900511867145091,396.51123544083663,98.60188307628401
2018,vw_50,JP3811000003,FUJIKURA,JP,0.0001884900564867806,4.197057148705344,9.72821390270398
2018,vw_50,MU0117U00026,GOLDEN AGRI-RESOURCES,SG,0.0001864054027263589,261.78488713150523,546.0920635174764
2018,vw_50,HK0242001243,SHUN TAK HOLDINGS,HK,0.00015894093765798489,518.2572903671291,330.95735115906336
2018,vw_50,BMG2108M2182,CHINESE ESTATES HDG.,HK,0.00015867337128953703,0.016502416056850825,0.0009820590094707317
2018,vw_50,JP3502200003,DAIWA SECURITIES GROUP,JP,0.00014743464619924415,0.1562839375346569,0.08142970323850336
2018,vw_50,JP3982100004,LAWSON DEAD - DELIST.24/07/24,JP,0.00014260648797260474,0.8486212733046378,0.7533958208690642
2018,vw_50,SG1T75931496,SINGAPORE TELECOM,SG,0.00013840833710044816,0.45875642669408156,0.14098004271519415
2018,vw_50,JP3260800002,KINTETSU GROUP HDG.,JP,0.0001359551575373382,5.365551297110267,7.9461324222463
2018,vw_50,SG1U68934629,KEPPEL,SG,0.00013200132254098293,5.815718738493892,2.189869760245941
2018,vw_50,JP3027680002,JAPAN REAL ESTATE INV.,JP,0.00013137050103723529,11.480274015642403,0.9809259373769883
2018,vw_50,SG1S83002349,UOL GROUP,SG,0.00011965881369611934,1.393345427387703,0.38500857692374335
2018,vw_50,JP3657400002,NIKON,JP,0.00011946548129092345,6.267423685601022,5.141801586439205
2018,vw_50,JP3854600008,HONDA MOTOR,JP,0.0001144968633777798,9.79758074797736,21.148180128606
2018,vw_50,JP3165600002,NTN,JP,0.00011408392013382879,15.451468503557196,38.90985992359469
2018,vw_50,JP3742600004,NHK SPRING,JP,0.00010788411266216395,15.96626837055059,34.73351266664696
2018,vw_50,AU000000BEN6,BENDIGO & ADELAIDE BANK,AU,0.00010250350231437471,1.6000717406064644,0.8231438074190586
2018,vw_50,HK0083000502,SINO LAND,HK,0.00010065109617664942,0.3521418425151032,0.042617566987624006
2018,vw_50,AU0000038911,OVATO DEAD - DELIST.29/08/22,AU,9.874492432043115e-05,33.01201637396012,134.15615776764153
2018,vw_50,HK0003000038,HONG KONG AND CHINA GAS,HK,9.823541618558912e-05,194.3520850582984,29.225809395572597
2018,vw_50,JP3368000000,RESONAC HOLDINGS,JP,9.577503903851391e-05,446.41322673166536,449.22389313140087
2018,vw_50,SG1J26887955,SINGAPORE EXCHANGE,SG,9.515801651721285e-05,0.07516026107280363,0.007012908275684211
2018,vw_50,JP3582600007,TOKYO TATEMONO,JP,9.118635292210127e-05,1.364395802126225,0.9654684130917516
2018,vw_50,JP3119600009,AJINOMOTO,JP,8.970131445707664e-05,120.57958367223887,116.91292087866258
2018,vw_50,JP3371200001,SHIN-ETSU CHEMICAL,JP,8.966159834177747e-05,139.07635813397386,36.4429418911617
2018,vw_50,JP3585800000,TOKYO ELECTRIC POWER CO. HDG.,JP,8.592949149948213e-05,1637.0897627954282,12959.542439869934
2018,vw_50,JP3320800000,SAPPORO HOLDINGS,JP,8.472418517552556e-05,23.90705251686902,49.7313133331668
2018,vw_50,AU000000DOW2,DOWNER EDI,AU,8.372271880629225e-05,43.31105581018396,103.01789809015222
2018,vw_50,JP3040890000,JAPAN PRIME REALTY INV.,JP,8.249552705804672e-05,11.77534910189252,1.018598574971758
2018,vw_50,NZCENE0001S6,CONTACT ENERGY,NZ,7.935329631167054e-05,760.1844709971533,411.66757699256334
2018,vw_50,JP3900000005,MITSUBISHI HEAVY INDS.,JP,7.236321544507767e-05,5.116718567192993,14.892950408129282
2018,vw_50,JP3769000005,HACHIJUNI NAGANO BANK,JP,7.11517946870302e-05,1.5980244737418854,0.8523313309120915
2018,vw_50,JP3837800006,HOYA,JP,5.997846243102826e-05,4.504858998081248,1.1042351476617438
2018,vw_50,JP3386030005,JFE HOLDINGS,JP,5.4273311693964686e-05,1652.131321629222,3702.9817434231604
2018,vw_50,JP3894900004,ISETAN MITSUKOSHI HDG.,JP,5.40636643485461e-05,2.2209387129519857,5.203079158060471
2018,vw_50,HK0144000764,CHINA MERCHANTS PORT HOLDINGS,HK,5.273612069499309e-05,20.188804373941,2.7683180826596385
2018,vw_50,JP3788600009,HITACHI,JP,4.891059515689312e-05,25.1171710103773,54.78768093825454
2018,vw_50,JP3659000008,WEST JAPAN RAILWAY,JP,4.795992919004171e-05,7.424589006307114,7.035975647081091
2018,vw_50,HK0293001514,CATHAY PACIFIC AIRWAYS,HK,4.7882833033036784e-05,1479.7989608119262,2937.0360914397324
2018,vw_50,JP3493400000,DIC,JP,4.77999199137453e-05,38.39575685254359,73.47938302956673
2018,vw_50,JP3197800000,OMRON,JP,4.774693271627253e-05,8.807647703438086,5.132792500559795
2018,vw_50,JP3596200000,TOTO,JP,4.5673051143817305e-05,34.047150977670526,19.037381634290846
2018,vw_50,SG1R50925390,SEMBCORP INDUSTRIES,SG,4.0957598222194594e-05,3740.861378666036,4892.195014083984
2018,vw_50,JP3893600001,MITSUI,JP,3.951263190468544e-05,78.61837060508374,104.31257468725892
2018,vw_50,AU000000BSL0,BLUESCOPE STEEL,AU,3.8026392801872536e-05,1016.4290427658486,1340.5538828185677
2018,vw_50,JP3544000007,TEIJIN,JP,3.6702406477947196e-05,92.52679376907356,157.94560518649288
2018,vw_50,AU000000IAG3,INSURANCE AUS.GROUP,AU,3.40142979360541e-05,1.2625410000853738,0.8260698148280289
2018,vw_50,HK0011000095,HANG SENG BANK DEAD - DELIST.28/01/26,HK,3.317932350931503e-05,0.03540031642946735,0.004271026639695348
2018,vw_50,JP3546800008,TERUMO,JP,2.886280942219001e-05,11.092188058647938,3.1137170537970875
2018,vw_50,JP3766550002,HAKUHODO DY HDG.,JP,2.8692384056938777e-05,0.02197208890578075,0.04460060329976372
2018,vw_50,JP3256000005,KYOWA KIRIN,JP,2.7854062695115322e-05,21.24953261773738,5.928909217363414
2018,vw_50,JP3352400000,CITIZEN WATCH,JP,2.7075891905796913e-05,7.8814233496309205,9.360256885266148
2018,vw_50,JP3322930003,SUMCO,JP,2.5000673297388086e-05,10.58840620345072,3.232342038676912
2018,vw_50,JP3351100007,SYSMEX,JP,2.4829944531826046e-05,1.3856178555349135,0.20930852075959966
2018,vw_50,JP3180400008,OSAKA GAS,JP,2.377605514528285e-05,419.578956801125,574.1418576161934
2018,vw_50,JP3955000009,YOKOGAWA ELECTRIC,JP,2.342304975732369e-05,4.166145177670738,2.7321832824845638
2018,vw_50,NZAIAE0002S6,AUCKLAND INTL.AIRPORT,NZ,2.2928391824609635e-05,5.057198001482717,0.41313026814007314
2018,vw_50,JP3429800000,ANA HOLDINGS,JP,2.2857194637196387e-05,660.8214561384347,832.4758061718832
2018,vw_50,AU000000STO6,SANTOS,AU,1.7945665614369674e-05,1711.4309245904255,618.1200368845399
2018,vw_50,JP3269600007,KURARAY,JP,1.6339108311139724e-05,425.83353187821757,302.59062967597083
2018,vw_50,JP3734800000,NIDEC,JP,1.5634989290169637e-05,7.067078636382596,1.9592947986899134
2018,vw_50,JP3638600001,DOWA HDG.,JP,1.4865372386590162e-05,204.74891166587963,327.7665233158836
2018,vw_50,JP3409000001,SUMITOMO REAL.&DEV.,JP,1.4714963867575242e-05,2.024774570582099,0.9644450842090112
2018,vw_50,JP3420600003,SEKISUI HOUSE,JP,1.4215846540241367e-05,3.936181714595643,6.201130860773337
2018,vw_50,JP3190000004,OBAYASHI,JP,1.3988357452277239e-05,8.742618467969658,17.3001874091683
2018,vw_50,JP3973400009,RICOH,JP,1.3707449495370229e-05,7.588835105834203,17.290305070288056
2018,vw_50,JP3933800009,LY,JP,1.370174575472256e-05,0.000250429361139674,7.409797753275223e-05
2018,vw_50,JP3672400003,NISSAN MOTOR,JP,1.3317107095733174e-05,8.405360106013676,20.34453058861118
2018,vw_50,JP3626800001,LIXIL,JP,1.3273434239957123e-05,38.56203505580409,66.5030326481922
2018,vw_50,SG1R89002252,CITY DEVELOPMENTS,SG,1.3013587528310453e-05,0.5328847043488835,0.16832086068864666
2018,vw_50,JP3753000003,NIPPON YUSEN KK,JP,1.2651057617602278e-05,1079.1205291487117,5010.862457574139
2018,vw_50,JP3156400008,USHIO,JP,1.2541881855644556e-05,2.537050695653957,2.0111220021574123
2018,vw_50,JP3951600000,UNI CHARM,JP,1.2032985279898826e-05,5.389131934468871,1.8867879071145746
2018,vw_50,JP3268950007,MEDIPAL HOLDINGS,JP,9.87690070588235e-06,1.3183440221948206,7.781444567234513
2018,vw_50,JP3686800008,NIPPON SHEET GLASS,JP,9.704052055086455e-06,533.9840327726256,3660.460713158725
2018,vw_50,JP3452000007,TAIYO YUDEN,JP,9.51844781780329e-06,13.8088560248669,14.943812451200348
2018,vw_50,JP3419050004,SEGA SAMMY HDG.,JP,8.000494773657237e-06,2.8117810787014683,2.419422026960226
2018,vw_50,JP3351600006,SHISEIDO,JP,7.847821734178022e-06,3.034796369798373,1.297719316536998
2018,vw_50,JP3830000000,BROTHER INDUSTRIES,JP,7.720523894179317e-06,10.599160417790369,9.962285675240896
2018,vw_50,JP3400900001,SUMITOMO OSAKA CEMENT,JP,7.320588866983722e-06,4249.23217415426,4747.74747444104
2018,vw_50,JP3675600005,NISSIN FOODS HOLDINGS,JP,6.198380675778103e-06,47.589023774701076,25.23476322712657
2018,vw_50,JP3902900004,MITSUBISHI UFJ FINL.GP.,JP,5.017657805086575e-06,0.21647679192660813,0.11118274258968806
2018,vw_50,JP3635000007,TOYOTA TSUSHO,JP,4.398131552634623e-06,3.7747877591558074,14.819649311900363
2018,vw_50,JP3799000009,HIROSE ELECTRIC,JP,4.343699914562229e-06,2.0716238172778048,0.3941246360008856
2018,vw_50,JP3539220008,T & D HOLDINGS,JP,3.981782104339447e-06,0.11179134078329411,0.15785326234244904
2018,vw_50,AU000000SUN6,SUNCORP GROUP,AU,3.948596173288626e-06,0.6560012467513864,0.6083518561908562
2018,vw_50,AU000000LLC3,LENDLEASE GROUP STAPLED UNITS,AU,3.869126705655404e-06,10.270912594642352,19.24023112674968
2018,vw_50,JP3209000003,CASIO COMPUTER,JP,3.672837726640524e-06,1.9553990650805337,1.5371415094083873
2018,vw_50,JP3802300008,FAST RETAILING,JP,3.3158920432720745e-06,0.7029763369413867,0.26581177683796786
2018,vw_50,JP3359600008,SHARP,JP,2.8140696579772196e-06,12.19924979234705,14.937474785938631
2018,vw_50,SG9999000020,FLEX,SG,1.4356482599430944e-06,2.972581952454433,8.210712340477238
2018,vw_50,JP3535800001,TSUMURA,JP,1.2178680892523862e-06,31.611239788266268,12.761364838919377
2019,vw,JP3633400001,TOYOTA MOTOR,JP,0.039702406284036915,9.096974655890467,12.591973664441127
2019,vw,AU000000CBA7,COMMONWEALTH BK.OF AUS.,AU,0.01792254980821572,0.25666178558163366,0.08506555090655508
2019,vw,JP3436100006,SOFTBANK GROUP,JP,0.017004441322826757,0.13167382173739173,0.13472285089357966
2019,vw,JP3735400008,NTT,JP,0.016727857134651122,2.3113036877016753,2.9886174321033936
2019,vw,AU000000BHP4,BHP GROUP,AU,0.014963730308429537,222.86707663618972,123.74901241338905
2019,vw,JP3902900004,MITSUBISHI UFJ FINL.GP.,JP,0.014291244243999404,0.189527781568626,0.1510508704909846
2019,vw,AU000000CSL8,CSL,AU,0.012782350524859747,6.836701792259466,0.8664357860836174
2019,vw,JP3435000009,SONY GROUP,JP,0.012777091243856054,2.4093095307981782,2.926713680852672
2019,vw,JP3463000004,TAKEDA PHARMACEUTICAL,JP,0.012589854840944695,11.979094282506248,3.098230118294962
2019,vw,JP3496400007,KDDI,JP,0.012499153240760456,0.5521383310505945,0.40814785412397964
2019,vw,AU000000WBC1,WESTPAC BANKING,AU,0.012298600658304005,0.3332840125782682,0.15056565369802088
2019,vw,JP3854600008,HONDA MOTOR,JP,0.010747026773969732,9.58076595419,25.678011137558222
2019,vw,AU000000ANZ3,ANZ GROUP HOLDINGS,AU,0.01038168871933518,0.6179023134811727,0.31298913581559584
2019,vw,JP3890350006,SUMITOMO MITSUI FINL.GP.,JP,0.010088378817731829,0.2759444399432538,0.29461558939272875
2019,vw,JP3726800000,JAPAN TOBACCO,JP,0.010068565526406885,18.183139625277402,7.316711456729344
2019,vw,JP3802300008,FAST RETAILING,JP,0.009853922870204415,0.6232983814773667,0.2495111752392375
2019,vw,HK0016000132,SUN HUNG KAI PROPERTIES,HK,0.00959830381588533,7.244950012689257,1.300156172913583
2019,vw,AU000000NAB4,NATIONAL AUS.BANK,AU,0.009589617003459457,0.793398894759982,0.4005451818635277
2019,vw,SG1L01001701,DBS GROUP HOLDINGS,SG,0.009143134042145099,0.11347078677357517,0.03383497455924861
2019,vw,JP3898400001,MITSUBISHI,JP,0.0090442075663836,48.766725014739364,138.7241355979872
2019,vw,JP3566800003,CENTRAL JAPAN RAILWAY,JP,0.008939407893546874,4.185487852505766,1.5882549663726158
2019,vw,HK0011000095,HANG SENG BANK DEAD - DELIST.28/01/26,HK,0.008721221721778416,0.02959227471741797,0.0044453290109825105
2019,vw,HK0688002218,CHINA OVERSEAS LAND INVESTMENT,HK,0.008152953409739355,2.008452753212935,1.065112530334552
2019,vw,HK2388011192,BOC HONG KONG HOLDINGS,HK,0.008137073580670787,0.02525069430391231,0.008601425428221964
2019,vw,JP3756600007,NINTENDO,JP,0.007956984200689923,0.04825995296369338,0.013262006174359822
2019,vw,KYG217651051,CK HUTCHISON HOLDINGS,HK,0.007783257950805545,254.93206128791653,231.32213698251434
2019,vw,HK0388045442,HONG KONG EXCHANGES AND CLEARING,HK,0.007763888598789659,0.018129796155164683,0.0008499732773552953
2019,vw,JP3242800005,CANON,JP,0.007666787873429824,4.193072408048073,3.9516755444430474
2019,vw,JP3198900007,ORIENTAL LAND,JP,0.007606934056045199,13.18220011770429,1.6298688717916228
2019,vw,SG1T75931496,SINGAPORE TELECOM,SG,0.007306045190561999,0.5192582194938528,0.18207088940479899
2019,vw,JP3672400003,NISSAN MOTOR,JP,0.007140369840039169,6.607193420073783,20.30429557677222
2019,vw,JP3371200001,SHIN-ETSU CHEMICAL,JP,0.007126903680997771,116.87445189258742,47.587795414006806
2019,vw,JP3734800000,NIDEC,JP,0.007124450016438254,5.196556178153607,2.049000873491879
2019,vw,JP3551500006,DENSO,JP,0.007102233053719226,13.700055331986437,19.00550793698168
2019,vw,JP3783600004,EAST JAPAN RAILWAY,JP,0.007064702184564348,43.803869633843455,33.96706440212023
2019,vw,HK0000049939,CHINA UNICOM (HONG KONG),HK,0.007041323380680627,8.887337276272678,11.075948917723592
2019,vw,JP3910660004,TOKIO MARINE HOLDINGS,JP,0.006967383489003219,0.3073144525766516,0.43071975863391204
2019,vw,JP3205800000,KAO,JP,0.006888886220364814,46.70902295023183,18.694225748451196
2019,vw,JP3914400001,MURATA MANUFACTURING,JP,0.006888496273674427,21.949512041945518,9.057342558275435
2019,vw,JP3519400000,CHUGAI PHARM.,JP,0.006856010714775183,9.071843742967005,1.4026356915642353
2019,vw,HK0066009694,MTR,HK,0.006782554756939179,7.663864352860192,1.552948765840316
2019,vw,HK0003000038,HONG KONG AND CHINA GAS,HK,0.006705105345048278,162.06723078915897,24.067919848756834
2019,vw,JP3481800005,DAIKIN INDUSTRIES,JP,0.0062245490419004824,30.88811799905697,22.16725029716966
2019,vw,JP3942400007,ASTELLAS PHARMA,JP,0.006126426456239168,6.875655849860394,2.6795972884471766
2019,vw,JP3788600009,HITACHI,JP,0.005984495859571038,21.580602320611792,62.48627891535849
2019,vw,JP3830800003,BRIDGESTONE,JP,0.00584083549937888,54.146494825009434,61.86625180557358
2019,vw,HK0002007356,CLP HOLDINGS,HK,0.005823597855937115,3282.525779349896,1313.2696723470287
2019,vw,AU000000MQG1,MACQUARIE GROUP,AU,0.00575067582510795,0.052614603668708126,0.019786273472727454
2019,vw,JP3143600009,ITOCHU,JP,0.00569684918374809,13.11791510475013,42.592987818790554
2019,vw,AU000000WOW2,WOOLWORTHS GROUP,AU,0.005628882475476778,13.745047189859724,20.421546482802135
2019,vw,JP3893600001,MITSUI,JP,0.005507847022233591,55.78871022292514,115.7825944886178
2019,vw,JP3902400005,MITSUBISHI ELECTRIC,JP,0.005388125389378018,6.7243807202135875,10.317577254715374
2019,vw,KYG2108Y1052,CHINA RESOURCES LAND,HK,0.005360717136360289,28.69305626660016,19.5691091029479
2019,vw,AU000000TLS2,TELSTRA GROUP,AU,0.005316357200807077,2.5381914358999125,1.7755596864747671
2019,vw,AU000000WES1,WESFARMERS,AU,0.005300345389781763,126.45793938988268,94.65726730641173
2019,vw,JP3475350009,DAIICHI SANKYO,JP,0.005165753789799396,11.919526032120087,3.8905943334507573
2019,vw,JP3397200001,SUZUKI MOTOR,JP,0.005148854100155968,17.51732640167077,24.079736552146805
2019,vw,HK0012000102,HENDERSON LD.DEV.,HK,0.004985636413645891,0.28950234511178324,0.032529012389502635
2019,vw,JP3899600005,MITSUBISHI ESTATE,JP,0.004897056523402686,9.268058009386937,4.422011357924065
2019,vw,JP3351600006,SHISEIDO,JP,0.00486552483409993,2.700946590069915,1.1111773276423649
2019,vw,JP3893200000,MITSUI FUDOSAN,JP,0.004768154145646748,5.14090171878251,3.7325905058834437
2019,vw,JP3304200003,KOMATSU,JP,0.004737274367221257,4.610500374300893,4.829121289881935
2019,vw,AU000000TCL6,TRANSURBAN GROUP STAPLED UNITS,AU,0.00473424878084917,1.2341938255389004,0.1433188817663577
2019,vw,JP3866800000,PANASONIC HOLDINGS,JP,0.004718184976931804,5.5002900128524335,17.377188837063425
2019,vw,JP3160400002,EISAI,JP,0.0046695916201296124,7.924093833879249,1.9464565984972901
2019,vw,JP3571400005,TOKYO ELECTRON,JP,0.004653211859406701,1.9959224966661857,1.0314045495254678
2019,vw,JP3837800006,HOYA,JP,0.0046480885598129875,4.368888066350719,0.9628018355144337
2019,vw,AU0000224040,WOODSIDE ENERGY GROUP,AU,0.004603102709828539,1729.7994548000859,384.03625580290077
2019,vw,HK0823032773,LINK REAL ESTATE INVESTMENT TRUST,HK,0.00457719425177384,1.2375536329905505,0.1192707445902198
2019,vw,JP3258000003,KIRIN HOLDINGS,JP,0.004379911222336794,21.359193708000788,17.212607664404374
2019,vw,JP3546800008,TERUMO,JP,0.004363129516563791,10.576882915343168,2.6345833812663764
2019,vw,JP3814000000,FUJIFILM HOLDINGS,JP,0.00436107379760113,30.328064358679907,30.813885507156666
2019,vw,BMG2178K1009,CKI HOLDINGS,HK,0.004272571896696002,9315.28439400259,397.21381573712733
2019,vw,JP3505000004,DAIWA HOUSE INDUSTRY,JP,0.004253592491370505,7.253522824395991,12.632299478112555
2019,vw,JP3249600002,KYOCERA,JP,0.0041659184772849705,8.161144115995851,5.897100867685206
2019,vw,JP3116000005,ASAHI GROUP HOLDINGS,JP,0.004030838944007965,25.379782393126746,24.408454652117506
2019,vw,JP3347200002,SHIONOGI,JP,0.003994289940622218,13.715318763752878,2.175608710845702
2019,vw,JP3200450009,ORIX,JP,0.003976670349396534,40.27562197958913,45.62716514625565
2019,vw,JP3421800008,SECOM,JP,0.0038622519915302383,6.9021675471869,3.282865708116952
2019,vw,JP3266400005,KUBOTA,JP,0.0038478659582448483,18.324581178397068,16.11062490515519
2019,vw,JP3951600000,UNI CHARM,JP,0.00380026046639164,4.977964173786027,1.6483984866264292
2019,vw,JP3404600003,SUMITOMO,JP,0.003798446714349682,19.827363685212436,49.45271950314901
2019,vw,US89677Q1076,TRIP COM GROUP ADR 1:1,SG,0.0037077931076042597,0.009590179656032224,0.002418898147399078
2019,vw,JP3592200004,TOSHIBA DEAD - DELIST.20/12/23,JP,0.0036588158032915324,9.800564564404251,18.582707806595547
2019,vw,JP3409000001,SUMITOMO REAL.&DEV.,JP,0.0036088326364902656,2.062925104782112,1.0481735371091445
2019,vw,JP3814800003,SUBARU,JP,0.0035649686331381634,9.138230418186033,14.867607397202491
2019,vw,JP3388200002,AEON,JP,0.0035589554551997194,2.692410353162234,11.788364580740465
2019,vw,JP3890310000,MS&AD INSURANCE GP.HDG.,JP,0.0035036670136825597,0.5827794281557336,1.4931455481592377
2019,vw,JP3381000003,NIPPON STEEL,JP,0.003441101567004775,1476.9929167278851,4726.735340710582
2019,vw,JP3165700000,NTT DATA GROUP DEAD - DELIST.26/09/25,JP,0.0033206660317467995,0.4587482635618913,0.5330129594835478
2019,vw,JP3634600005,TOYOTA INDS.,JP,0.00327061687396716,9.735421081903944,11.804831700021767
2019,vw,HK0000608585,NEW WORLD DEVELOPMENT COMPANY,HK,0.0032311082751876993,3.091103162195665,1.9996596060713898
2019,vw,JP3111200006,ASAHI KASEI,JP,0.0030709081761432395,162.19458453704155,207.0765479948739
2019,vw,JP3756100008,NITORI HOLDINGS,JP,0.003031877512025331,7.279791964129728,2.6246812642054262
2019,vw,HK0006000050,POWER ASSETS HOLDINGS,HK,0.0028554776276535237,48856.64616207542,678.0267855517131
2019,vw,JP3201200007,OLYMPUS,JP,0.002819652525303266,3.7889730256524623,1.9543708276271454
2019,vw,JP3659000008,WEST JAPAN RAILWAY,JP,0.0028111156923736956,7.204324957993382,7.113640405477503
2019,vw,JP3551520004,DENTSU GROUP,JP,0.0027789000965677984,0.5249081706015987,0.3517457758844017
2019,vw,JP3294460005,INPEX,JP,0.002764500065196087,1041.0356893555124,642.8493409112446
2019,vw,AU000000NCM7,NEWCREST MINING DEAD - DELIST.08/11/23,AU,0.0027606765879036677,395.33076051246,99.80152506977407
2019,vw,JP3818000006,FUJITSU,JP,0.002753713539821971,4.035808548710068,10.675032406348375
2019,vw,JP3228600007,KANSAI ELECTRIC PWR.,JP,0.0027409372864635674,961.7008032921666,2090.750706231177
2019,vw,JP3933800009,LY,JP,0.0027220378702027645,0.41785303089129416,0.2655000532616322
2019,vw,JP3762600009,NOMURA HDG.,JP,0.002708875669607208,0.17519137438165877,0.21851098054587884
2019,vw,JP3877600001,MARUBENI,JP,0.0026427347117375585,10.608354941517907,54.98914908879587
2019,vw,JP3358000002,SHIMANO,JP,0.0026021602586710373,3.2617512137680533,0.7976127716409813
2019,vw,JP3900000005,MITSUBISHI HEAVY INDS.,JP,0.002583820765863099,4.877975583730655,14.2906011746887
2019,vw,JP3429800000,ANA HOLDINGS,JP,0.002563957481372722,612.1497910792003,894.5883255833542
2019,vw,IE00BKVD2N49,SEAGATE TECHNOLOGY HOLDINGS,SG,0.00254996139477772,24.84009167842031,22.098176300136064
2019,vw,AU000000SUN6,SUNCORP GROUP,AU,0.002470628240413253,0.26032946742331714,0.22169467325734146
2019,vw,JP3137200006,ISUZU MOTORS,JP,0.0024431200010646545,6.4808731592722975,10.471488311218463
2019,vw,AU000000IAG3,INSURANCE AUS.GROUP,AU,0.0023981481491665273,1.368377015130415,0.6968591722410398
2019,vw,HK0083000502,SINO LAND,HK,0.002398086157641389,0.4154233904143401,0.05052505530738229
2019,vw,JP3621000003,TORAY INDS.,JP,0.0023943486685935166,153.12129903854165,276.4465840055189
2019,vw,KYG210961051,CHINA MENGNIU DAIRY,HK,0.002387341626526238,20.180457494815304,17.590385262942753
2019,vw,JP3573000001,TOKYO GAS,JP,0.0023869556792890842,208.46856482291676,300.59289183263644
2019,vw,JP3351100007,SYSMEX,JP,0.002371765755903511,1.6902890291613817,0.3749436151242153
2019,vw,HK0291001490,CHINA RESOURCES BEER HOLDINGS,HK,0.0023603833119974172,40.561116241918974,16.520481584746257
2019,vw,JP3197600004,ONO PHARM.,JP,0.002322076548914998,3.65271802593276,0.8181213006923029
2019,vw,JP3526600006,CHUBU ELEC.POWER,JP,0.00230261720920133,1943.6428621888128,4613.984694294057
2019,vw,JP3102000001,AISIN,JP,0.0022789524444113245,21.36832646539993,69.32062279753464
2019,vw,AU000000ALL7,ARISTOCRAT LEISURE,AU,0.0022621427424656775,5.977592567290613,1.3613548486332527
2019,vw,JP3407400005,SUMITOMO ELECTRIC IND.,JP,0.0022259936844034054,6.667954873649324,17.360029969033796
2019,vw,JP3635000007,TOYOTA TSUSHO,JP,0.002223572015469765,6.594553335084728,36.54907018197058
2019,vw,JP3256000005,KYOWA KIRIN,JP,0.0021965277126963973,5.4426973356538335,1.5698998738180687
2019,vw,SG1B51001017,JARDINE CYC.& CARR.,SG,0.0021964197274590594,231.98204485730645,400.9796423759059
2019,vw,JP3940000007,YAMATO HDG.,JP,0.002136603904880164,44.99600711408263,62.554939501033274
2019,vw,JP3574200006,TOKYU,JP,0.002122695806256327,11.726074124667958,11.638442269520382
2019,vw,JP3443600006,TAISEI,JP,0.002114244961571304,19.41382949612841,26.861710428869905
2019,vw,JP3967200001,RAKUTEN GROUP,JP,0.0021035364255352655,0.2572817895929466,0.24631337982644935
2019,vw,HK0019000162,SWIRE PACIFIC 'A',HK,0.002099233013854676,1731.3907033185792,1778.3112330437432
2019,vw,AU000000CIM7,CIMIC GROUP DEAD - DELIST.11/05/22,AU,0.002097907195107357,246.51350447584855,251.0730656936394
2019,vw,JP3386030005,JFE HOLDINGS,JP,0.0020945596527498726,1449.291346411613,4993.207137899397
2019,vw,JP3486800000,DAITO TST.CONSTRUCTION,JP,0.002078945787321415,2.672341783908056,3.697715019502412
2019,vw,AU000000QBE9,QBE INSURANCE GROUP,AU,0.002065239661085933,0.4841776964424457,0.6390636362139933
2019,vw,JP3420600003,SEKISUI HOUSE,JP,0.002046982157069307,3.695930997677082,7.131476088551441
2019,vw,JP3538800008,TDK,JP,0.0020281467320602603,9.589826403674792,11.928275350715628
2019,vw,JP3762800005,NOMURA RESEARCH INST.,JP,0.002009803239799087,0.22009221863960998,0.09949862642146226
2019,vw,JP3862400003,MAKITA,JP,0.002009449288187812,0.36770289248425575,0.16360455465526608
2019,vw,HK0000055878,CHINA TAIPING INSURANCE HLDGS,HK,0.0019966790340092606,0.9493276540032185,2.6032924176444903
2019,vw,SGXE21576413,GENTING SINGAPORE,SG,0.001970948551623508,2.5897812081393123,0.49431366799613236
2019,vw,JP3585800000,TOKYO ELECTRIC POWER CO. HDG.,JP,0.0019479896903294353,1440.1234661804465,8377.133189888802
2019,vw,AU000000STO6,SANTOS,AU,0.0019377150949693668,1584.3700131750015,601.6573958451584
2019,vw,JP3778630008,BANDAI NAMCO HDG.,JP,0.0019198435381898942,0.930125036545483,0.6412145996106464
2019,vw,HK0023000190,BANK OF EAST ASIA,HK,0.0019107907757930415,1.5339303303879213,0.6328294572832137
2019,vw,JP3684000007,NITTO DENKO,JP,0.0019032558058987756,48.302382987054564,38.364584274574
2019,vw,JP3173400007,OBIC,JP,0.0018465015647710803,0.42897563053332927,0.03054007193161623
2019,vw,HK0004000045,WHARF HOLDINGS,HK,0.0018287439924087978,7.769015098633249,2.2795044707637095
2019,vw,JP3283650004,KOSE HOLDINGS,JP,0.0018256964090439195,2.6011436261017487,0.8536616088318055
2019,vw,JP3027670003,NIPPON BUILDING FUND,JP,0.0018200191851771945,20.454189876519155,1.5226329309749993
2019,vw,JP3197800000,OMRON,JP,0.001809224660896609,5.5051557606356365,4.8440650090192054
2019,vw,AU000000ASX7,ASX,AU,0.0018091466715585312,0.04729993535462151,0.003267392287141441
2019,vw,JP3774200004,HANKYU HANSHIN HDG.,JP,0.001801517714513249,18.24010711241096,14.722793884215692
2019,vw,AU000000ORG5,ORIGIN ENERGY (EX BORAL),AU,0.0017925589392674128,1651.0239131195506,2005.350278111829
2019,vw,BMG668971101,CTF SERVICES,HK,0.0017826902884106714,100.31185684238037,44.77787736394056
2019,vw,JP3733000008,NEC,JP,0.0017501407382596724,1.955934893246578,5.941566974028497
2019,vw,SG1F60858221,SINGAPORE TECHS.ENGR.,SG,0.0017301534707190181,6.509098127173268,3.7332624437265585
2019,vw,SG1V61937297,SINGAPORE AIRLINES,SG,0.0017118479732635753,1369.462824233799,1927.7985517048833
2019,vw,JP3502200003,DAIWA SECURITIES GROUP,JP,0.0017073005949356664,0.14031741463974395,0.1105688085859491
2019,vw,JP3119600009,AJINOMOTO,JP,0.0016978418880354868,115.96774831110933,140.9796039513001
2019,vw,AU000000DXS1,DEXUS STAPLED UNITS,AU,0.0016977119058053573,28.300803307662367,2.0898215724429074
2019,vw,JP3401400001,SUMITOMO CHEMICAL,JP,0.00168889111169612,288.5722075226706,718.1245641226625
2019,vw,JP3942600002,YAMAHA,JP,0.0016758208985249627,5.492006384707059,2.6252200113361774
2019,vw,AU000000RHC8,RAMSAY HEALTH CARE,AU,0.0016690738209179424,2.1869425536010967,1.8836615543502613
2019,vw,JP3260800002,KINTETSU GROUP HDG.,JP,0.0016575493964220151,5.170386309605955,6.9833318856106015
2019,vw,JP3402600005,SUMITOMO METAL MINING,JP,0.0016429553915684187,212.121614085152,223.83427256904295
2019,vw,AU000000COH5,COCHLEAR,AU,0.0016271935463702757,0.3958349261898517,0.05026373096983193
2019,vw,SG1U68934629,KEPPEL,SG,0.0016271855474638062,6.690021246316291,3.6332622182021965
2019,vw,JP3027680002,JAPAN REAL ESTATE INV.,JP,0.001610737796035904,5.396276434689579,0.39827233236372395
2019,vw,JP3180400008,OSAKA GAS,JP,0.00160897403715938,415.3652884201276,627.8699771438372
2019,vw,JP3539220008,T & D HOLDINGS,JP,0.0016041187009323955,0.10002386582657634,0.22638621038708803
2019,vw,AU000000APA1,APA GROUP,AU,0.0015891047534891505,702.1290685360834,154.77329326593352
2019,vw,JP3973400009,RICOH,JP,0.0015607806256806632,7.620648725042376,18.180723308353524
2019,vw,JP3982800009,ROHM,JP,0.0015532836505921276,40.99112191441467,19.50040424951207
2019,vw,JP3670800006,NISSAN CHEMICAL,JP,0.0015418952075061819,132.53063437010033,31.83555475434244
2019,vw,AU000000SHL7,SONIC HEALTHCARE,AU,0.001539837488816904,2.002713430717841,1.0890569644582506
2019,vw,JP3419400001,SEKISUI CHEMICAL,JP,0.0015253794653732888,19.393942173187714,26.612689664575235
2019,vw,AU000000GPT8,GPT GROUP STAPLED UNITS,AU,0.001514049014359247,18.554156420346036,1.3383470166207037
2019,vw,JP3112000009,AGC,JP,0.0015115613544472335,445.28435607608816,820.2316757597727
2019,vw,JP3493800001,DAI NIPPON PRINTING,JP,0.0014921160128198874,19.26960429712176,33.23683928379972
2019,vw,JP3210200006,KAJIMA,JP,0.0014875246405063965,11.773937189663425,27.558801071163543
2019,vw,JP3942800008,YAMAHA MOTOR,JP,0.0014829532654590792,10.187912921575094,21.015591077405208
2019,vw,HK0392044647,BEIJING ENTERPRISES HOLDINGS,HK,0.0014376634570287896,80.22996091066331,96.37303075403725
2019,vw,JP3868400007,MAZDA MOTOR,JP,0.001387322339163013,4.160910611897042,19.45929116288724
2019,vw,JP3598600009,TOHO,JP,0.0013804132836999854,3.266095754698117,1.0411255379899493
2019,vw,JP3711600001,NIPPON SANSO HOLDINGS,JP,0.0013762038591704129,2.210273065028286,2.0343041807857065
2019,vw,JP3357200009,SHIMADZU,JP,0.0013705986254619132,1.1177227516657562,0.5836067774255063
2019,vw,JP3190000004,OBAYASHI,JP,0.0013653213469186627,6.93524772259183,18.68901537010402
2019,vw,AU000000TAH8,TABCORP HOLDINGS,AU,0.001363189638344542,1.3811555235635349,0.7655995118001196
2019,vw,JP3657400002,NIKON,JP,0.0013617918294389975,5.807759062533557,5.599209385173622
2019,vw,JP3596200000,TOTO,JP,0.0013477037554195965,33.23408904062283,26.560070272901015
2019,vw,JP3358800005,SHIMIZU,JP,0.0013421825102290267,15.809665423092781,34.89495413322447
2019,vw,JP3675600005,NISSIN FOODS HOLDINGS,JP,0.0013411786474671048,50.19730506130743,35.33721694814673
2019,vw,HK0144000764,CHINA MERCHANTS PORT HOLDINGS,HK,0.001330586095574874,26.493344805055383,5.155368929820975
2019,vw,JP3605400005,TOHOKU ELECTRIC PWR.,JP,0.0013276564960804209,1604.9798449247344,4804.802995546143
2019,vw,AU000000SGP0,STOCKLAND STAPLED UNITS,AU,0.0013125225650401334,13.015937136730189,3.691622317936592
2019,vw,JP3126340003,ALFRESA HOLDINGS,JP,0.0012955068912528969,1.4991551947209647,5.566017640103605
2019,vw,SG1M51904654,CAPITALAND INTEG. COML. TST.,SG,0.0012890957677175953,0.03303169886982042,0.0031025260767316752
2019,vw,JP3293200006,COCA-COLA BOTTLERS JAPAN HOLDINGS,JP,0.0012765674804597464,22.583581214991504,30.006218954181815
2019,vw,AU000000MGR9,MIRVAC GROUP STAPLED UNITS,AU,0.0012742018038713928,3.4991434553645075,1.0386259628241585
2019,vw,JP3688370000,NIPPON EXPRESS HOLDINGS,JP,0.0012626673807423787,34.12753149086607,105.02122200753857
2019,vw,AU000000QAN2,QANTAS AIRWAYS,AU,0.0012551604070207562,966.7178020524578,1971.2291250442115
2019,vw,JP3359600008,SHARP,JP,0.0012382007255788063,12.232987918377995,42.79819440070415
2019,vw,JP3676800000,NISSHIN SEIFUN,JP,0.001237018887147938,16.781941242372895,14.064151931638524
2019,vw,BMG524401079,KERRY PROPERTIES,HK,0.0012276981613843572,4.093104583215416,1.8210456189844821
2019,vw,JP3982100004,LAWSON DEAD - DELIST.24/07/24,JP,0.0012268162819460953,0.6965474989987129,0.7172057663343613
2019,vw,NZAIAE0002S6,AUCKLAND INTL.AIRPORT,NZ,0.001223432744509498,4.952786242794718,0.4040536122915986
2019,vw,SG1R89002252,CITY DEVELOPMENTS,SG,0.0012191813257209608,0.12850162944541318,0.06593687774121908
2019,vw,HK0293001514,CATHAY PACIFIC AIRWAYS,HK,0.001211032439755161,1302.138101731258,3043.2043315791475
2019,vw,SG1J26887955,SINGAPORE EXCHANGE,SG,0.001205045258262743,0.07928931895139098,0.008463255366284714
2019,vw,JP3766550002,HAKUHODO DY HDG.,JP,0.00119754628344759,0.03324894725043054,0.07263861869734743
2019,vw,JP3414750004,SEIKO EPSON,JP,0.0011873236809795734,12.728170062868113,21.513853637011298
2019,vw,JP3174410005,OJI HOLDINGS,JP,0.0011554260417058384,450.2880005149368,1106.626606114311
2019,vw,JP3268950007,MEDIPAL HOLDINGS,JP,0.0011534383134481684,1.2398690339455558,6.246930467858765
2019,vw,JP3629000005,TOPPAN HOLDINGS,JP,0.0011412839750677686,17.641326011551584,41.18446874123914
2019,vw,JP3336000009,SANTEN PHARM.,JP,0.00113907427715557,8.108315430527345,2.9876319970506398
2019,vw,JP3246400000,KYUSHU ELEC.POWER,JP,0.0011331170915624125,950.1590704803757,3098.991239525904
2019,vw,BMG988031446,YUE YUEN INDL.HDG.,HK,0.0011103122092178778,2.7879457486408765,4.862832113422858
2019,vw,HK0014000126,HYSAN DEVELOPMENT,HK,0.0011054448746311892,0.08472234269380739,0.007597712003299578
2019,vw,JP3792600003,HINO MOTORS,JP,0.001093588495516778,8.329639600928077,27.42887236248535
2019,vw,JP3269600007,KURARAY,JP,0.0010757169387373051,373.6552040375077,382.94803060609894
2019,vw,JP3787000003,HITACHI CON.MCH.,JP,0.0010681999663825958,11.813382070336017,20.59257955755907
2019,vw,JP3720800006,NSK,JP,0.0010431713880395411,15.221917331267726,27.220951698146486
2019,vw,AU0000088338,AMPOL,AU,0.0010288113512001776,42.713859533648005,130.94255125603527
2019,vw,NZTELE0001S4,SPARK NEW ZEALAND,NZ,0.0010215423449460223,1.440182236545406,0.685144692771332
2019,vw,JP3511800009,CHIBA BANK,JP,0.0010143493283033276,1.208803974543736,0.5107995363178274
2019,vw,JP3368000000,RESONAC HOLDINGS,JP,0.0010045526676048118,392.6820037541811,709.0744408723089
2019,vw,JP3888300005,MITSUI CHEMICALS,JP,0.0010028269035340179,278.6926013971052,753.765838056002
2019,vw,AU000000LLC3,LENDLEASE GROUP STAPLED UNITS,AU,0.0009934481856985332,10.42068597250213,23.78903041916939
2019,vw,JP3955000009,YOKOGAWA ELECTRIC,JP,0.0009925763048933582,4.0266426167625795,3.0250465391775254
2019,vw,JP3522200009,CHUGOKU ELEC.POWER,JP,0.0009904745922184979,1626.3050994119153,4107.228677279656
2019,vw,SG9999000020,FLEX,SG,0.0009801300064268214,3.111893664986783,16.818326491638988
2019,vw,JP3300600008,KONICA MINOLTA,JP,0.0009787681926003897,17.547747831522607,34.699081215484284
2019,vw,AU000000BSL0,BLUESCOPE STEEL,AU,0.000968497596693556,950.7158425450763,1773.6390572251532
2019,vw,JP3695200000,NGK INSULATORS,JP,0.0009648041016312661,75.84757292507112,66.32564232239237
2019,vw,JP3134800006,IHI,JP,0.0009572931284564087,5.8114432394555395,16.718193820083894
2019,vw,AU000000ORI1,ORICA,AU,0.0009561492848312707,536.4010413154441,437.5287572677459
2019,vw,AU000000AMP6,AMP,AU,0.0009549394502277595,0.012535242835231252,0.015705655082873506
2019,vw,JP3939000000,YAMADA HOLDINGS,JP,0.0009471405164200004,0.6883388785913394,2.1113304548861462
2019,vw,BMG8063F1068,SHANGRI-LA ASIA,HK,0.0009448108349107594,60.36134183144007,32.13177556246958
2019,vw,AU000000WOR2,WORLEY,AU,0.0009435590060482831,8.761989459096712,6.807122693093481
2019,vw,JP3663900003,SOJITZ,JP,0.0009358520596649232,38.48746618231011,140.86860830359623
2019,vw,HK0008011667,PCCW,HK,0.0009265953251530982,1.4043638896092827,1.5005578803567845
2019,vw,JP3595200001,TOSOH,JP,0.0009230278128677029,983.9840412099635,1689.208951052587
2019,vw,JP3626800001,LIXIL,JP,0.0009171286193464493,33.760867968140204,123.84791998726632
2019,vw,JP3551200003,ELEC.POWER DEV.,JP,0.0009156728183690008,6698.631675135595,11790.809763725189
2019,vw,JP3126400005,ALPS ALPINE,JP,0.0009128871991909987,2.487276038468001,4.277052218371718
2019,vw,JP3499800005,MITSUBISHI HC CAPITAL,JP,0.0009090197279129971,0.5562154102752015,0.9683834464067298
2019,vw,JP3613400005,TOYO SEIKAN GROUP HDG.,JP,0.0009068420256266766,62.07885064810182,99.0114293148806
2019,vw,JP3122400009,ADVANTEST,JP,0.0009045183432972878,1.7870739566046512,1.0346634359227187
2019,vw,JP3870400003,MARUI GROUP,JP,0.0008984031793013578,6.61175035248957,3.3630635062313163
2019,vw,JP3600200004,TOHO GAS,JP,0.0008934718534629131,16.224831020295117,14.894683715423335
2019,vw,JP3820000002,FUJI ELECTRIC,JP,0.0008925879742980338,32.74494486459284,61.341309047731066
2019,vw,JP3830000000,BROTHER INDUSTRIES,JP,0.0008874126818122695,3.375295311021396,4.872376720215789
2019,vw,JP3738600000,NITERRA,JP,0.0008765921610856581,18.147885331253274,15.991568496838186
2019,vw,KYG0535Q1331,ASMPT,HK,0.0008669254826172715,0.9632739755882292,0.5536051226927353
2019,vw,JP3449020001,TAIHEIYO CEMENT,JP,0.0008658876245028542,2706.963756449413,5204.813823460808
2019,vw,JP3935600001,YAMAZAKI BAKING,JP,0.0008582546680043371,40.77915229330596,92.03468892275144
2019,vw,JP3743000006,NH FOODS,JP,0.0008500417907867816,30.745911721419425,81.86713528544107
2019,vw,JP3786200000,HITACHI METALS DEAD - DELIST.29/12/22,JP,0.0008437726478413136,36.715822715633834,82.00140302978595
2019,vw,AU000000BLD2,BORAL DEAD - DELIST.08/07/24,AU,0.0008405010950952895,379.37750233490925,374.01143923027877
2019,vw,JP3405400007,SUMITOMO HEAVY INDS.,JP,0.0008314303351588805,4.669187785154898,9.061216243518082
2019,vw,SG1S83002349,UOL GROUP,SG,0.0008291146517359613,1.4852633499163344,0.6362544438923914
2019,vw,BMG677491539,ORIENT OVERSEAS (INTL.),HK,0.0008276948458376255,846.6638640870749,1342.9853299315785
2019,vw,JP3799000009,HIROSE ELECTRIC,JP,0.0008217356605178506,1.9207491268927455,0.5382990528662235
2019,vw,JP3224200000,KAWASAKI HEAVY INDUSTRY,JP,0.0008116510391864329,11.23961506399816,39.91317652218261
2019,vw,JP3143000002,ITO EN,JP,0.0008090193989579685,7.111777750480045,8.15690927292277
2019,vw,HK0010000088,HANG LUNG GROUP,HK,0.0008067717062400399,4.838584444511872,1.5415537835767807
2019,vw,JP3322930003,SUMCO,JP,0.0007962871395851474,8.748414770419725,6.529415014640957
2019,vw,JP3894900004,ISETAN MITSUKOSHI HDG.,JP,0.0007942174225361652,2.1810892702180062,6.1017768523251155
2019,vw,JP3613000003,TOYO SUISAN KAISHA,JP,0.0007855646054627872,46.577996985706584,42.86776161044303
2019,vw,KYG5427W1309,LEE & MAN PAPER MNFG.,HK,0.0007802313345742504,1331.559573527771,1400.7938867516384
2019,vw,JP3765400001,HOUSE SHOKUHIN GP.HONSHA K K,JP,0.0007702906935592835,20.73622485177302,14.537977871120827
2019,vw,SG1N31909426,COMFORTDELGRO CORPORATION,SG,0.0007667511774465314,371.15686874745717,272.89295513108067
2019,vw,AU000000BEN6,BENDIGO & ADELAIDE BANK,AU,0.0007625257551040198,1.781290601374546,0.9826521379961449
2019,vw,JP3667600005,JGC HOLDINGS,JP,0.0007615998816801755,21.174785598399804,31.342621280707466
2019,vw,KYG525621408,KINGBOARD HOLDINGS,HK,0.0007590922245019883,727.3265316289151,1123.083920357852
2019,vw,JP3131430005,AEON MALL DEAD - DELIST.27/06/25,JP,0.0007590042365308239,5.432820124950238,4.023406419112959
2019,vw,JP3040890000,JAPAN PRIME REALTY INV.,JP,0.0007551747600585524,4.717716781035558,0.3524530040594324
2019,vw,JP3665200006,NICHIREI,JP,0.000753926930649311,8.128375402401842,11.405381748736787
2019,vw,JP3419050004,SEGA SAMMY HDG.,JP,0.0007457060545252858,2.5141721217810633,1.9305236736532727
2019,vw,JP3485800001,DAICEL,JP,0.000736417324387583,400.4207185429853,471.4073518909246
2019,vw,JP3903000002,MITSUBISHI MATERIALS,JP,0.0007344375950363826,622.3768047722656,2672.700391266347
2019,vw,JP3385980002,J S R DEAD - DELIST.25/06/24,JP,0.0007305321289526508,99.23626417866316,120.4436706851055
2019,vw,JP3404200002,SUMITOMO RUBBER INDS.,JP,0.0007146562993373177,49.4133268231683,113.04588711640649
2019,vw,HK0200030994,MELCO INTL.DEV.,HK,0.0007086971140175427,5.852518987834452,8.570614311069225
2019,vw,JP3209000003,CASIO COMPUTER,JP,0.0007056235342066386,1.9103859284192752,1.4929433769767047
2019,vw,JP3326410002,SANKYO,JP,0.0006912914935399182,1.3740123569358378,0.3465502628054372
2019,vw,SG1R50925390,SEMBCORP INDUSTRIES,SG,0.0006832645908977783,2985.1337422780152,7565.961033601714
2019,vw,JP3544000007,TEIJIN,JP,0.0006789671783970414,88.4985781187017,209.701646393544
2019,vw,JP3977400005,RINNAI,JP,0.000675699625104252,12.604627583574468,11.913133035016692
2019,vw,JP3711200000,AOZORA BANK,JP,0.0006682766399005593,0.03687286309105934,0.015261053790726066
2019,vw,BMG2442N1048,COSCO SHIPPING PORTS,HK,0.0006608656530565707,104.56115279266405,31.615417667741873
2019,vw,HK0165000859,CHINA EVERBRIGHT,HK,0.0006424941646227544,0.20590550181531975,0.025241914650581558
2019,vw,AU000000CGF5,CHALLENGER,AU,0.0006395425681355102,0.0028178817137793004,0.0012507230742773165
2019,vw,JP3358200008,SHIMAMURA,JP,0.0006357490867423515,0.13007369581200548,0.2053988764398367
2019,vw,JP3560800009,TOKAI CARBON,JP,0.0006247165949942984,1023.283966029242,692.6994471848681
2019,vw,AU000000DOW2,DOWNER EDI,AU,0.0006205691619898644,39.20372104159324,114.81437322566197
2019,vw,AU000000FLT9,FLIGHT CENTRE TRAVEL GP.,AU,0.0006164797210573344,23.919946091275783,17.029862268961534
2019,vw,JP3493400000,DIC,JP,0.0006028315868937558,36.7499711455554,89.77963689680452
2019,vw,NZCENE0001S6,CONTACT ENERGY,NZ,0.0005983422006377509,612.1774194049136,329.50048794834436
2019,vw,AU000000BPT9,BEACH ENERGY,AU,0.0005951606355895086,411.3589034061733,193.80050466868937
2019,vw,SG1P66918738,SINGAPORE PRESS HDG. DEAD - DELIST.13/05/22,SG,0.0005881115992632648,0.34085279437192695,0.08398618138294979
2019,vw,JP3270000007,KURITA WATER IND.,JP,0.0005867917796957979,4.096028940902085,3.40789814474025
2019,vw,JP3635400009,TOYOTA BOSHOKU,JP,0.0005863798360126188,4.495565884686224,19.80936466255158
2019,vw,NZFBUE0001S0,FLETCHER BUILDING,NZ,0.0005850320202725086,145.4648380852743,277.55369912085206
2019,vw,JP3362700001,MITSUI OSK LINES,JP,0.0005800407026355427,984.7288326890903,4205.681583120734
2019,vw,JP3415400005,SEINO HDG.,JP,0.000574873409056248,74.4877913270524,145.59998052011298
2019,vw,JP3118000003,ASICS,JP,0.0005722597663673399,1.0884834043053933,1.344659973651933
2019,vw,JP3243600008,CANON MARKETING JAPAN,JP,0.0005670844738815756,1.2801078281892941,2.565404593396596
2019,vw,JP3289800009,KOBE STEEL,JP,0.0005642488615381392,919.7778714006961,5812.243277821684
2019,vw,JP3166000004,EBARA,JP,0.0005533683490130064,2.264724684403537,3.8099608993863883
2019,vw,JP3753000003,NIPPON YUSEN KK,JP,0.0005531183831858346,795.5661258774171,5094.337248777102
2019,vw,JP3549600009,DENKA,JP,0.0005521085212440608,491.78407923235045,672.2396882198688
2019,vw,JP3164800009,NOK,JP,0.0005520685267117133,7.2709638484516175,16.662319974499407
2019,vw,JP3835620000,BENESSE HOLDINGS DEAD - DELIST.17/05/24,JP,0.0005398222009069141,0.02255756678370411,0.0329693126083542
2019,vw,JP3733400000,NIPPON ELEC.GLASS,JP,0.0005338730142202259,363.8236223867704,374.1951433291007
2019,vw,AU000000CWY3,CLEANAWAY WASTE MANAGEMENT,AU,0.0005334990653427771,516.4125042095243,291.99433253619003
2019,vw,AU000000ILU1,ILUKA RESOURCES,AU,0.0005241383450468487,328.4293326152767,122.85152896739855
2019,vw,JP3582600007,TOKYO TATEMONO,JP,0.0005204428502579413,6.975059629576269,6.696841967747265
2019,vw,SGXE34184239,SEATRIUM,SG,0.0004922727013989917,14.417053478796234,21.208108217898204
2019,vw,MU0117U00026,GOLDEN AGRI-RESOURCES,SG,0.0004849916967851325,533.2694291724541,1575.4074770439825
2019,vw,JP3452000007,TAIYO YUDEN,JP,0.00048449576458402374,14.070053323048015,14.198389473380084
2019,vw,HK0000745908,YUEXIU PROPERTY COMPANY,HK,0.00048353789553430153,0.6598691621220131,1.08826643286656
2019,vw,JP3870000001,MABUCHI MOTOR,JP,0.0004832399362683128,2.2247034556652747,1.204619847467236
2019,vw,JP3456000003,TAKASHIMAYA,JP,0.00047580095325168095,1.448138862134392,5.107740414318316
2019,vw,JP3158800007,UBE,JP,0.0004741571779721995,1687.9189414812756,4744.61328238673
2019,vw,HK0363006039,SHANGHAI INDUSTRIAL HOLDINGS,HK,0.00045937919826980454,4.512382023747477,7.6131481231580915
2019,vw,AU000000OZL8,OZ MINERALS DEAD - DELIST.03/05/23,AU,0.0004554717324594555,95.31757104317545,33.92545891195827
2019,vw,JP3742600004,NHK SPRING,JP,0.0004551557756539104,15.185092035893762,42.17759403187044
2019,vw,JP3535800001,TSUMURA,JP,0.0004497865096862608,29.47330294778994,14.254148067791789
2019,vw,BMG2108M2182,CHINESE ESTATES HDG.,HK,0.0004365563183857135,0.027904380987815086,0.0013742052512963337
2019,vw,JP3769000005,HACHIJUNI NAGANO BANK,JP,0.00043172097942490285,1.9400861947550774,1.2761128352401685
2019,vw,AU000000ABC7,ADBRI DEAD - DELIST.02/07/24,AU,0.0004258517818029098,1820.1285284555315,1012.6463337324786
2019,vw,NZAIRE0001S2,AIR NEW ZEALAND,NZ,0.00041592313914764714,999.3836669449203,1887.422472234242
2019,vw,BMG4600H1198,HOPSON DEVELOPMENT HOLDINGS,HK,0.00040949601779940667,0.8441005341444568,0.6983240223463687
2019,vw,JP3148800000,IBIDEN,JP,0.00040922805443267856,52.340206983710196,70.36678687659425
2019,vw,JP3494600004,SCREEN HOLDINGS,JP,0.00040909007329607974,3.4562760403340302,5.678657496346047
2019,vw,JP3827200001,FURUKAWA ELECTRIC,JP,0.0004089240959868377,21.49145927226646,96.33722920436206
2019,vw,JP3638600001,DOWA HDG.,JP,0.00039157646758111703,283.6339763240321,599.2390777008911
2019,vw,JP3276400003,GUNMA BANK,JP,0.0003842214730824149,1.173362495766685,0.8421074545766823
2019,vw,JP3718800000,NISSUI,JP,0.00037986206905653926,32.374917617293754,110.39603699784689
2019,vw,AU000000SBM8,ST BARBARA,AU,0.00037817230006485813,309.8611821903787,81.96201192943865
2019,vw,AU000000IGO4,IGO,AU,0.0003693535056822382,131.3606356772808,40.04450412015029
2019,vw,NZSKCE0001S2,SKY CITY ENTM.GP.,NZ,0.0003659919652384323,7.650724577129139,2.6013408297408493
2019,vw,SG1T58930911,FRASER AND NEAVE,SG,0.0003649201117715197,38.83476872854531,28.95751979614763
2019,vw,JP3172100004,OKUMA,JP,0.00036288638980165025,3.658244634350379,3.747217140212048
2019,vw,JP3320800000,SAPPORO HOLDINGS,JP,0.00035655125587780894,25.036111059296164,66.99586090858104
2019,vw,JP3400900001,SUMITOMO OSAKA CEMENT,JP,0.0003551954412312293,4027.891411867088,5224.578036504487
2019,vw,JP3796150005,HIROGIN HOLDINGS,JP,0.0003509580205290135,2.0599946955249355,1.3011173598172112
2019,vw,JP3491000000,DAIDO STEEL,JP,0.00035072005306154594,81.3350692958871,231.41905761072846
2019,vw,JP3845400005,HOKURIKU ELEC.POWER,JP,0.0003472545268336366,2904.7866262255766,9485.959769883271
2019,vw,JP3385820000,GS YUASA,JP,0.0003410213789672814,19.099117415534113,42.96679840970129
2019,vw,JP3625000009,TOKUYAMA,JP,0.0003394755902920512,2281.350641544488,3934.943832800231
2019,vw,JP3352400000,CITIZEN WATCH,JP,0.0003385397182351201,7.46757779318406,13.049564955432297
2019,vw,JP3165600002,NTN,JP,0.00033780981801977855,15.39452453591907,62.324777419965905
2019,vw,JP3274400005,GLORY,JP,0.00033243055341904213,1.4648908985998752,1.8708117277638083
2019,vw,AU000000MTS0,METCASH,AU,0.00032462562043143083,1.356244793920822,7.682877999199187
2019,vw,HK0308001558,CTII.INTL.INV.HK.,HK,0.00031144942174955265,52.72202934745419,19.491267833523814
2019,vw,JP3156400008,USHIO,JP,0.00031119345674252875,2.629442246108682,2.565898546440643
2019,vw,AU000000SGM7,SIMS,AU,0.000304802330473401,7.561292973011441,24.537140307829578
2019,vw,JP3678000005,NISSHINBO HOLDINGS,JP,0.0003014627870223862,48.04966261765811,161.7225642114201
2019,vw,AU000000IRE2,IRESS,AU,0.00029443574768893345,0.3143497704653563,0.07199228460044281
2019,vw,JP3721400004,JAPAN STEEL WORKS,JP,0.00026900522429578654,44.01953002381271,65.46635841244118
2019,vw,AU000000CQR9,CHARTER HALL RETAIL REIT,AU,0.0002634419848462517,53.157139846782364,5.935979474567136
2019,vw,JP3888400003,MITSUI KINZOKU LIMITED,JP,0.00026241612509153876,157.82075697417943,570.008992120464
2019,vw,JP3619800000,TOYOBO,JP,0.00026163423198414544,228.4924621658056,541.9039247907671
2019,vw,JP3579800008,TOKYO STEEL MNFG.,JP,0.0002588426136262912,179.9284537052898,250.74900146014724
2019,vw,JP3811000003,FUJIKURA,JP,0.0002564029471530947,4.2079277779679325,21.861034636052377
2019,vw,HK0242001243,SHUN TAK HOLDINGS,HK,0.0002390133244884092,399.624772178857,280.86142416104013
2019,vw,JP3223800008,KAWASAKI KISEN KAISHA,JP,0.00023718557436012923,1496.131712604954,10569.294067060679
2019,vw,JP3389900006,JAFCO GROUP,JP,0.00022376340930431403,0.03446806144951171,0.008311214777876082
2019,vw,JP3194000000,OKI ELECTRIC IND.,JP,0.00022165169799636693,2.575807515656158,9.292590286987666
2019,vw,SG2B80958517,OUE,SG,0.00022104978028453733,1.6516831758002275,0.7116880767143116
2019,vw,JP3421100003,JAPAN PETROLEUM EXP.,JP,0.00021599647112243288,279.21291234083674,661.2379991297344
2019,vw,AU000000CSR5,CSR DEAD - DEAD.10/07/24,AU,0.00021152108295274954,157.75809305425724,290.2207515953675
2019,vw,AU000000MND5,MONADELPHOUS GROUP,AU,0.00020871946596180837,7.59532819094746,8.800084312185026
2019,vw,AU000000IVC8,INVOCARE DEAD - DELIST.27/11/23,AU,0.00019650113632965237,15.647344393464799,5.55646014817227
2019,vw,JP3375800004,SHINKO ELEC.INDS. DEAD - DELIST.06/06/25,JP,0.00019054395073649482,28.92070560748366,40.37571496038201
2019,vw,BMG684371393,PACIFIC BASIN SHIP.,HK,0.00017509206316404486,897.5960528418004,1629.7768336417003
2019,vw,BMG8403G1033,SINOFERT HOLDINGS,HK,0.0001664812403496318,456.8405979070141,1903.7596694373708
2019,vw,HK0000139300,TELEVISION BROADCASTS,HK,0.00016341365971857987,1.3425239492307854,0.9373944540982403
2019,vw,JP3528600004,CHIYODA CORPORATION,JP,0.00015420891809880672,0.26821046274551597,1.3706801530182195
2019,vw,JP3686800008,NIPPON SHEET GLASS,JP,0.00014706389489492892,553.6328969630837,4219.35764597101
2019,vw,AU000000GWA4,GWA GROUP,AU,0.00010955902218607695,37.985969624882856,18.274408162520306
2019,vw,AU000000ELD6,ELDERS,AU,0.00010538159328238237,13.093096786426225,29.09028805647273
2019,vw,SG9999003735,XP POWER (DI),SG,0.00010323988607517466,0.04624473484425159,0.023243651577662852
2019,vw,JP3826800009,FURUKAWA,JP,9.931042327203448e-05,3.1583955726117963,10.158672626958237
2019,vw,AU000000SIG5,SIGMA HEALTHCARE,AU,8.149485883784828e-05,1.5485696355924867,11.23843643412755
2019,vw,AU000000MAH3,MACMAHON HOLDINGS,AU,7.506173830975568e-05,1.1149632272505428,2.1179667519181584
2019,vw,AU000000ERA9,ENERGY RES.OF AUS.,AU,1.99112779291943e-05,727.5213762605284,1143.35643266044
2019,vw,AU0000038911,OVATO DEAD - DELIST.29/08/22,AU,1.3698127329012851e-05,49.31861402858112,364.963503649635
2019,vw_50,HK0388045442,HONG KONG EXCHANGES AND CLEARING,HK,0.09729346740532216,0.018129796155164683,0.0008499732773552953
2019,vw_50,JP3743000006,NH FOODS,JP,0.03201156596074622,30.745911721419425,81.86713528544107
2019,vw_50,JP3711600001,NIPPON SANSO HOLDINGS,JP,0.029984316688146787,2.210273065028286,2.0343041807857065
2019,vw_50,AU000000MAH3,MACMAHON HOLDINGS,AU,0.026687284574531057,1.1149632272505428,2.1179667519181584
2019,vw_50,JP3870400003,MARUI GROUP,JP,0.02374502663059209,6.61175035248957,3.3630635062313163
2019,vw_50,JP3718800000,NISSUI,JP,0.020813660803280523,32.374917617293754,110.39603699784689
2019,vw_50,JP3118000003,ASICS,JP,0.020175946006058685,1.0884834043053933,1.344659973651933
2019,vw_50,JP3626800001,LIXIL,JP,0.01985921512270674,33.760867968140204,123.84791998726632
2019,vw_50,JP3837800006,HOYA,JP,0.019676426026266527,4.368888066350719,0.9628018355144337
2019,vw_50,JP3571400005,TOKYO ELECTRON,JP,0.019532965401757533,1.9959224966661857,1.0314045495254678
2019,vw_50,JP3573000001,TOKYO GAS,JP,0.018900175377124448,208.46856482291676,300.59289183263644
2019,vw_50,JP3198900007,ORIENTAL LAND,JP,0.01888069155611217,13.18220011770429,1.6298688717916228
2019,vw_50,JP3792600003,HINO MOTORS,JP,0.01776946590340772,8.329639600928077,27.42887236248535
2019,vw_50,JP3802300008,FAST RETAILING,JP,0.014401460246791686,0.6232983814773667,0.2495111752392375
2019,vw_50,AU000000COH5,COCHLEAR,AU,0.014372748680200238,0.3958349261898517,0.05026373096983193
2019,vw_50,AU000000WBC1,WESTPAC BANKING,AU,0.013529747799994708,0.3332840125782682,0.15056565369802088
2019,vw_50,JP3201200007,OLYMPUS,JP,0.01253087746959268,3.7889730256524623,1.9543708276271454
2019,vw_50,JP3165700000,NTT DATA GROUP DEAD - DELIST.26/09/25,JP,0.012066479791180331,0.4587482635618913,0.5330129594835478
2019,vw_50,HK0011000095,HANG SENG BANK DEAD - DELIST.28/01/26,HK,0.011856336935482131,0.02959227471741797,0.0044453290109825105
2019,vw_50,JP3160400002,EISAI,JP,0.01164771399072645,7.924093833879249,1.9464565984972901
2019,vw_50,AU000000CIM7,CIMIC GROUP DEAD - DELIST.11/05/22,AU,0.011427793731011915,246.51350447584855,251.0730656936394
2019,vw_50,JP3967200001,RAKUTEN GROUP,JP,0.011365375296075618,0.2572817895929466,0.24631337982644935
2019,vw_50,JP3351100007,SYSMEX,JP,0.01082189244050893,1.6902890291613817,0.3749436151242153
2019,vw_50,JP3778630008,BANDAI NAMCO HDG.,JP,0.010634741870105024,0.930125036545483,0.6412145996106464
2019,vw_50,JP3436100006,SOFTBANK GROUP,JP,0.010216171367865583,0.13167382173739173,0.13472285089357966
2019,vw_50,JP3194000000,OKI ELECTRIC IND.,JP,0.009969127090626383,2.575807515656158,9.292590286987666
2019,vw_50,JP3293200006,COCA-COLA BOTTLERS JAPAN HOLDINGS,JP,0.009093733000243725,22.583581214991504,30.006218954181815
2019,vw_50,AU000000ANZ3,ANZ GROUP HOLDINGS,AU,0.008849096717463338,0.6179023134811727,0.31298913581559584
2019,vw_50,JP3940000007,YAMATO HDG.,JP,0.008741526658113754,44.99600711408263,62.554939501033274
2019,vw_50,JP3830800003,BRIDGESTONE,JP,0.008184318002484915,54.146494825009434,61.86625180557358
2019,vw_50,AU000000IVC8,INVOCARE DEAD - DELIST.27/11/23,AU,0.00806449284738014,15.647344393464799,5.55646014817227
2019,vw_50,JP3820000002,FUJI ELECTRIC,JP,0.007999497259469645,32.74494486459284,61.341309047731066
2019,vw_50,JP3774200004,HANKYU HANSHIN HDG.,JP,0.007915298391642553,18.24010711241096,14.722793884215692
2019,vw_50,HK0823032773,LINK REAL ESTATE INVESTMENT TRUST,HK,0.007746377764100641,1.2375536329905505,0.1192707445902198
2019,vw_50,JP3933800009,LY,JP,0.007700823107104778,0.41785303089129416,0.2655000532616322
2019,vw_50,JP3676800000,NISSHIN SEIFUN,JP,0.007562563336336098,16.781941242372895,14.064151931638524
2019,vw_50,JP3137200006,ISUZU MOTORS,JP,0.00736116576557013,6.4808731592722975,10.471488311218463
2019,vw_50,AU000000WES1,WESFARMERS,AU,0.007293953369393473,126.45793938988268,94.65726730641173
2019,vw_50,JP3894900004,ISETAN MITSUKOSHI HDG.,JP,0.007178240234200615,2.1810892702180062,6.1017768523251155
2019,vw_50,JP3613000003,TOYO SUISAN KAISHA,JP,0.0071360145934841485,46.577996985706584,42.86776161044303
2019,vw_50,AU000000LLC3,LENDLEASE GROUP STAPLED UNITS,AU,0.007056757453692308,10.42068597250213,23.78903041916939
2019,vw_50,JP3336000009,SANTEN PHARM.,JP,0.0070268651470912135,8.108315430527345,2.9876319970506398
2019,vw_50,JP3613400005,TOYO SEIKAN GROUP HDG.,JP,0.006889620808528148,62.07885064810182,99.0114293148806
2019,vw_50,JP3389900006,JAFCO GROUP,JP,0.006815262003453706,0.03446806144951171,0.008311214777876082
2019,vw_50,BMG668971101,CTF SERVICES,HK,0.006711229579401677,100.31185684238037,44.77787736394056
2019,vw_50,AU000000BEN6,BENDIGO & ADELAIDE BANK,AU,0.006310358051961255,1.781290601374546,0.9826521379961449
2019,vw_50,JP3600200004,TOHO GAS,JP,0.006300960437843314,16.224831020295117,14.894683715423335
2019,vw_50,JP3814000000,FUJIFILM HOLDINGS,JP,0.006278942718232521,30.328064358679907,30.813885507156666
2019,vw_50,AU000000WOR2,WORLEY,AU,0.00627845343690372,8.761989459096712,6.807122693093481
2019,vw_50,AU000000APA1,APA GROUP,AU,0.006131375229450429,702.1290685360834,154.77329326593352
2019,vw_50,AU000000BHP4,BHP GROUP,AU,0.005910124469279807,222.86707663618972,123.74901241338905
2019,vw_50,JP3835620000,BENESSE HOLDINGS DEAD - DELIST.17/05/24,JP,0.005863345693641411,0.02255756678370411,0.0329693126083542
2019,vw_50,BMG2178K1009,CKI HOLDINGS,HK,0.005750951893122159,9315.28439400259,397.21381573712733
2019,vw_50,JP3670800006,NISSAN CHEMICAL,JP,0.005714550637056235,132.53063437010033,31.83555475434244
2019,vw_50,AU000000STO6,SANTOS,AU,0.005708182960034683,1584.3700131750015,601.6573958451584
2019,vw_50,AU000000BPT9,BEACH ENERGY,AU,0.005702228480626099,411.3589034061733,193.80050466868937
2019,vw_50,JP3756600007,NINTENDO,JP,0.005604472573268394,0.04825995296369338,0.013262006174359822
2019,vw_50,SG1F60858221,SINGAPORE TECHS.ENGR.,SG,0.005577921583655887,6.509098127173268,3.7332624437265585
2019,vw_50,AU000000CWY3,CLEANAWAY WASTE MANAGEMENT,AU,0.0053721528332014105,516.4125042095243,291.99433253619003
2019,vw_50,JP3765400001,HOUSE SHOKUHIN GP.HONSHA K K,JP,0.0051891629774100554,20.73622485177302,14.537977871120827
2019,vw_50,AU000000CBA7,COMMONWEALTH BK.OF AUS.,AU,0.0049518114611870456,0.25666178558163366,0.08506555090655508
2019,vw_50,JP3456000003,TAKASHIMAYA,JP,0.004771336516774992,1.448138862134392,5.107740414318316
2019,vw_50,JP3942400007,ASTELLAS PHARMA,JP,0.00451640501163169,6.875655849860394,2.6795972884471766
2019,vw_50,JP3421800008,SECOM,JP,0.004451092639981898,6.9021675471869,3.282865708116952
2019,vw_50,JP3868400007,MAZDA MOTOR,JP,0.004366641899726981,4.160910611897042,19.45929116288724
2019,vw_50,JP3205800000,KAO,JP,0.004124730545264152,46.70902295023183,18.694225748451196
2019,vw_50,JP3566800003,CENTRAL JAPAN RAILWAY,JP,0.003945576229295291,4.185487852505766,1.5882549663726158
2019,vw_50,AU000000MND5,MONADELPHOUS GROUP,AU,0.00389649918755846,7.59532819094746,8.800084312185026
2019,vw_50,JP3405400007,SUMITOMO HEAVY INDS.,JP,0.003880003890734831,4.669187785154898,9.061216243518082
2019,vw_50,HK0002007356,CLP HOLDINGS,HK,0.0038001955370779673,3282.525779349896,1313.2696723470287
2019,vw_50,JP3435000009,SONY GROUP,JP,0.003654084261445155,2.4093095307981782,2.926713680852672
2019,vw_50,JP3493800001,DAI NIPPON PRINTING,JP,0.0035288434062502637,19.26960429712176,33.23683928379972
2019,vw_50,JP3528600004,CHIYODA CORPORATION,JP,0.0034447225574981144,0.26821046274551597,1.3706801530182195
2019,vw_50,JP3126340003,ALFRESA HOLDINGS,JP,0.003394877529292375,1.4991551947209647,5.566017640103605
2019,vw_50,JP3657400002,NIKON,JP,0.0033273930601982944,5.807759062533557,5.599209385173622
2019,vw_50,JP3119600009,AJINOMOTO,JP,0.0033131620460031624,115.96774831110933,140.9796039513001
2019,vw_50,BMG8403G1033,SINOFERT HOLDINGS,HK,0.003279457721552192,456.8405979070141,1903.7596694373708
2019,vw_50,JP3560800009,TOKAI CARBON,JP,0.003223255322150279,1023.283966029242,692.6994471848681
2019,vw_50,AU000000MTS0,METCASH,AU,0.0032210277658283595,1.356244793920822,7.682877999199187
2019,vw_50,JP3877600001,MARUBENI,JP,0.003216451706318443,10.608354941517907,54.98914908879587
2019,vw_50,JP3910660004,TOKIO MARINE HOLDINGS,JP,0.003189200739692787,0.3073144525766516,0.43071975863391204
2019,vw_50,AU000000ERA9,ENERGY RES.OF AUS.,AU,0.0030920451744529003,727.5213762605284,1143.35643266044
2019,vw_50,JP3134800006,IHI,JP,0.0028644889370013434,5.8114432394555395,16.718193820083894
2019,vw_50,JP3494600004,SCREEN HOLDINGS,JP,0.002835506234124664,3.4562760403340302,5.678657496346047
2019,vw_50,JP3197600004,ONO PHARM.,JP,0.002819671304221786,3.65271802593276,0.8181213006923029
2019,vw_50,JP3256000005,KYOWA KIRIN,JP,0.0028111326432313432,5.4426973356538335,1.5698998738180687
2019,vw_50,JP3368000000,RESONAC HOLDINGS,JP,0.0027527400434295907,392.6820037541811,709.0744408723089
2019,vw_50,JP3452000007,TAIYO YUDEN,JP,0.002718821797326414,14.070053323048015,14.198389473380084
2019,vw_50,JP3733400000,NIPPON ELEC.GLASS,JP,0.002619711905846951,363.8236223867704,374.1951433291007
2019,vw_50,JP3726800000,JAPAN TOBACCO,JP,0.002618116861803217,18.183139625277402,7.316711456729344
2019,vw_50,AU000000GPT8,GPT GROUP STAPLED UNITS,AU,0.0025260175046367085,18.554156420346036,1.3383470166207037
2019,vw_50,JP3326410002,SANKYO,JP,0.0024956482446705807,1.3740123569358378,0.3465502628054372
2019,vw_50,JP3249600002,KYOCERA,JP,0.0024060446269966703,8.161144115995851,5.897100867685206
2019,vw_50,SG1B51001017,JARDINE CYC.& CARR.,SG,0.00236073728016825,231.98204485730645,400.9796423759059
2019,vw_50,JP3475350009,DAIICHI SANKYO,JP,0.002353597519518522,11.919526032120087,3.8905943334507573
2019,vw_50,JP3818000006,FUJITSU,JP,0.002330445330364753,4.035808548710068,10.675032406348375
2019,vw_50,JP3126400005,ALPS ALPINE,JP,0.002310934731852677,2.487276038468001,4.277052218371718
2019,vw_50,SGXE21576413,GENTING SINGAPORE,SG,0.002299483810484757,2.5897812081393123,0.49431366799613236
2019,vw_50,JP3148800000,IBIDEN,JP,0.0022773441783685787,52.340206983710196,70.36678687659425
2019,vw_50,JP3942800008,YAMAHA MOTOR,JP,0.0022078912819587042,10.187912921575094,21.015591077405208
2019,vw_50,HK0003000038,HONG KONG AND CHINA GAS,HK,0.002204659663519465,162.06723078915897,24.067919848756834
2019,vw_50,AU000000DXS1,DEXUS STAPLED UNITS,AU,0.0021971195043595324,28.300803307662367,2.0898215724429074
2019,vw_50,BMG2442N1048,COSCO SHIPPING PORTS,HK,0.0021783231502036904,104.56115279266405,31.615417667741873
2019,vw_50,AU000000FLT9,FLIGHT CENTRE TRAVEL GP.,AU,0.002164692071503838,23.919946091275783,17.029862268961534
2019,vw_50,JP3935600001,YAMAZAKI BAKING,JP,0.002149399360925675,40.77915229330596,92.03468892275144
2019,vw_50,JP3551500006,DENSO,JP,0.002146862911950193,13.700055331986437,19.00550793698168
2019,vw_50,JP3258000003,KIRIN HOLDINGS,JP,0.002071121484622129,21.359193708000788,17.212607664404374
2019,vw_50,JP3951600000,UNI CHARM,JP,0.0020302545174720474,4.977964173786027,1.6483984866264292
2019,vw_50,JP3228600007,KANSAI ELECTRIC PWR.,JP,0.0020223737222202693,961.7008032921666,2090.750706231177
2019,vw_50,JP3902900004,MITSUBISHI UFJ FINL.GP.,JP,0.0019875208058457317,0.189527781568626,0.1510508704909846
2019,vw_50,HK0006000050,POWER ASSETS HOLDINGS,HK,0.001953861143765591,48856.64616207542,678.0267855517131
2019,vw_50,JP3633400001,TOYOTA MOTOR,JP,0.0018654062459809435,9.096974655890467,12.591973664441127
2019,vw_50,JP3502200003,DAIWA SECURITIES GROUP,JP,0.0018387028169167996,0.14031741463974395,0.1105688085859491
2019,vw_50,JP3351600006,SHISEIDO,JP,0.0017793814162753237,2.700946590069915,1.1111773276423649
2019,vw_50,JP3385820000,GS YUASA,JP,0.0017715060438446507,19.099117415534113,42.96679840970129
2019,vw_50,HK0083000502,SINO LAND,HK,0.001725382370872617,0.4154233904143401,0.05052505530738229
2019,vw_50,AU000000GWA4,GWA GROUP,AU,0.0017027060059001222,37.985969624882856,18.274408162520306
2019,vw_50,JP3854600008,HONDA MOTOR,JP,0.0016322140353594253,9.58076595419,25.678011137558222
2019,vw_50,HK0008011667,PCCW,HK,0.0015965203176853836,1.4043638896092827,1.5005578803567845
2019,vw_50,JP3496400007,KDDI,JP,0.001577340241028462,0.5521383310505945,0.40814785412397964
2019,vw_50,JP3491000000,DAIDO STEEL,JP,0.0015369721779106738,81.3350692958871,231.41905761072846
2019,vw_50,AU0000224040,WOODSIDE ENERGY GROUP,AU,0.0015348806568074005,1729.7994548000859,384.03625580290077
2019,vw_50,US89677Q1076,TRIP COM GROUP ADR 1:1,SG,0.0015267241014615806,0.009590179656032224,0.002418898147399078
2019,vw_50,AU000000SBM8,ST BARBARA,AU,0.001511005042404138,309.8611821903787,81.96201192943865
2019,vw_50,AU000000ALL7,ARISTOCRAT LEISURE,AU,0.001476670726775387,5.977592567290613,1.3613548486332527
2019,vw_50,BMG677491539,ORIENT OVERSEAS (INTL.),HK,0.0014707854410365654,846.6638640870749,1342.9853299315785
2019,vw_50,JP3742600004,NHK SPRING,JP,0.0014060486427509439,15.185092035893762,42.17759403187044
2019,vw_50,JP3283650004,KOSE HOLDINGS,JP,0.0013831872272903633,2.6011436261017487,0.8536616088318055
2019,vw_50,BMG684371393,PACIFIC BASIN SHIP.,HK,0.0013518953508352455,897.5960528418004,1629.7768336417003
2019,vw_50,SG1M51904654,CAPITALAND INTEG. COML. TST.,SG,0.001345458161835745,0.03303169886982042,0.0031025260767316752
2019,vw_50,JP3982800009,ROHM,JP,0.0013367054237443782,40.99112191441467,19.50040424951207
2019,vw_50,AU000000CGF5,CHALLENGER,AU,0.0013000097051282578,0.0028178817137793004,0.0012507230742773165
2019,vw_50,JP3294460005,INPEX,JP,0.001285782171004421,1041.0356893555124,642.8493409112446
2019,vw_50,KYG210961051,CHINA MENGNIU DAIRY,HK,0.00126357029585497,20.180457494815304,17.590385262942753
2019,vw_50,JP3634600005,TOYOTA INDS.,JP,0.0012312594974522289,9.735421081903944,11.804831700021767
2019,vw_50,JP3116000005,ASAHI GROUP HOLDINGS,JP,0.0012261772256353656,25.379782393126746,24.408454652117506
2019,vw_50,JP3246400000,KYUSHU ELEC.POWER,JP,0.0012077724965941174,950.1590704803757,3098.991239525904
2019,vw_50,AU000000WOW2,WOOLWORTHS GROUP,AU,0.0011940298091862819,13.745047189859724,20.421546482802135
2019,vw_50,SG1N31909426,COMFORTDELGRO CORPORATION,SG,0.0011817511435391526,371.15686874745717,272.89295513108067
2019,vw_50,JP3766550002,HAKUHODO DY HDG.,JP,0.001170527271472122,0.03324894725043054,0.07263861869734743
2019,vw_50,JP3409000001,SUMITOMO REAL.&DEV.,JP,0.0011473143160466175,2.062925104782112,1.0481735371091445
2019,vw_50,JP3260800002,KINTETSU GROUP HDG.,JP,0.001134684726392944,5.170386309605955,6.9833318856106015
2019,vw_50,HK0000055878,CHINA TAIPING INSURANCE HLDGS,HK,0.001128966914236171,0.9493276540032185,2.6032924176444903
2019,vw_50,JP3551520004,DENTSU GROUP,JP,0.0011271135657719101,0.5249081706015987,0.3517457758844017
2019,vw_50,AU000000ORG5,ORIGIN ENERGY (EX BORAL),AU,0.0011173276858068492,1651.0239131195506,2005.350278111829
2019,vw_50,JP3122400009,ADVANTEST,JP,0.0010717561612117346,1.7870739566046512,1.0346634359227187
2019,vw_50,JP3397200001,SUZUKI MOTOR,JP,0.0010510017110780048,17.51732640167077,24.079736552146805
2019,vw_50,SG1L01001701,DBS GROUP HOLDINGS,SG,0.0010052301246257207,0.11347078677357517,0.03383497455924861
2019,vw_50,JP3663900003,SOJITZ,JP,0.000994597621786181,38.48746618231011,140.86860830359623
2019,vw_50,JP3783600004,EAST JAPAN RAILWAY,JP,0.0009844098580468839,43.803869633843455,33.96706440212023
2019,vw_50,JP3814800003,SUBARU,JP,0.0009490875616023268,9.138230418186033,14.867607397202491
2019,vw_50,NZCENE0001S6,CONTACT ENERGY,NZ,0.000945526660712566,612.1774194049136,329.50048794834436
2019,vw_50,JP3362700001,MITSUI OSK LINES,JP,0.000941620925759116,984.7288326890903,4205.681583120734
2019,vw_50,AU000000TCL6,TRANSURBAN GROUP STAPLED UNITS,AU,0.0009380862531871651,1.2341938255389004,0.1433188817663577
2019,vw_50,JP3735400008,NTT,JP,0.0009373370489558125,2.3113036877016753,2.9886174321033936
2019,vw_50,HK0392044647,BEIJING ENTERPRISES HOLDINGS,HK,0.0009334584230128923,80.22996091066331,96.37303075403725
2019,vw_50,JP3720800006,NSK,JP,0.000903661024582169,15.221917331267726,27.220951698146486
2019,vw_50,JP3429800000,ANA HOLDINGS,JP,0.0008610434876595647,612.1497910792003,894.5883255833542
2019,vw_50,JP3827200001,FURUKAWA ELECTRIC,JP,0.0008189148384333817,21.49145927226646,96.33722920436206
2019,vw_50,SG9999003735,XP POWER (DI),SG,0.0008055970713045263,0.04624473484425159,0.023243651577662852
2019,vw_50,JP3165600002,NTN,JP,0.000802907118062078,15.39452453591907,62.324777419965905
2019,vw_50,JP3359600008,SHARP,JP,0.0007856965700176201,12.232987918377995,42.79819440070415
2019,vw_50,HK0004000045,WHARF HOLDINGS,HK,0.0007354635285119811,7.769015098633249,2.2795044707637095
2019,vw_50,JP3898400001,MITSUBISHI,JP,0.0007191558994949789,48.766725014739364,138.7241355979872
2019,vw_50,JP3598600009,TOHO,JP,0.0007164230361682845,3.266095754698117,1.0411255379899493
2019,vw_50,JP3592200004,TOSHIBA DEAD - DELIST.20/12/23,JP,0.0007146912510395812,9.800564564404251,18.582707806595547
2019,vw_50,JP3890310000,MS&AD INSURANCE GP.HDG.,JP,0.0007000280530167968,0.5827794281557336,1.4931455481592377
2019,vw_50,SG1T58930911,FRASER AND NEAVE,SG,0.000691098163069513,38.83476872854531,28.95751979614763
2019,vw_50,NZFBUE0001S0,FLETCHER BUILDING,NZ,0.0006733669154420336,145.4648380852743,277.55369912085206
2019,vw_50,AU000000QBE9,QBE INSURANCE GROUP,AU,0.0006539430304134334,0.4841776964424457,0.6390636362139933
2019,vw_50,JP3522200009,CHUGOKU ELEC.POWER,JP,0.0006522617195305906,1626.3050994119153,4107.228677279656
2019,vw_50,JP3274400005,GLORY,JP,0.0006432045825847618,1.4648908985998752,1.8708117277638083
2019,vw_50,JP3164800009,NOK,JP,0.0006368629821805673,7.2709638484516175,16.662319974499407
2019,vw_50,HK0023000190,BANK OF EAST ASIA,HK,0.0006320921098851394,1.5339303303879213,0.6328294572832137
2019,vw_50,AU000000ASX7,ASX,AU,0.0006190138252345444,0.04729993535462151,0.003267392287141441
2019,vw_50,JP3982100004,LAWSON DEAD - DELIST.24/07/24,JP,0.0005966720480289336,0.6965474989987129,0.7172057663343613
2019,vw_50,IE00BKVD2N49,SEAGATE TECHNOLOGY HOLDINGS,SG,0.0005892324229242395,24.84009167842031,22.098176300136064
2019,vw_50,JP3621000003,TORAY INDS.,JP,0.0005742879018988784,153.12129903854165,276.4465840055189
2019,vw_50,JP3733000008,NEC,JP,0.0005480369155098979,1.955934893246578,5.941566974028497
2019,vw_50,AU000000NAB4,NATIONAL AUS.BANK,AU,0.0005392198857898339,0.793398894759982,0.4005451818635277
2019,vw_50,BMG8063F1068,SHANGRI-LA ASIA,HK,0.0005017509047158362,60.36134183144007,32.13177556246958
2019,vw_50,JP3266400005,KUBOTA,JP,0.0004959030826912888,18.324581178397068,16.11062490515519
2019,vw_50,JP3605400005,TOHOKU ELECTRIC PWR.,JP,0.0004948791481292589,1604.9798449247344,4804.802995546143
2019,vw_50,KYG0535Q1331,ASMPT,HK,0.0004905239338275684,0.9632739755882292,0.5536051226927353
2019,vw_50,SG2B80958517,OUE,SG,0.0004830310368720277,1.6516831758002275,0.7116880767143116
2019,vw_50,AU000000QAN2,QANTAS AIRWAYS,AU,0.00048248272814824483,966.7178020524578,1971.2291250442115
2019,vw_50,JP3493400000,DIC,JP,0.0004757632559761441,36.7499711455554,89.77963689680452
2019,vw_50,KYG217651051,CK HUTCHISON HOLDINGS,HK,0.00046316055123596324,254.93206128791653,231.32213698251434
2019,vw_50,NZSKCE0001S2,SKY CITY ENTM.GP.,NZ,0.00046272554265185453,7.650724577129139,2.6013408297408493
2019,vw_50,HK0014000126,HYSAN DEVELOPMENT,HK,0.00045549896563342346,0.08472234269380739,0.007597712003299578
2019,vw_50,JP3675600005,NISSIN FOODS HOLDINGS,JP,0.00044478841217398076,50.19730506130743,35.33721694814673
2019,vw_50,JP3866800000,PANASONIC HOLDINGS,JP,0.000422122098877653,5.5002900128524335,17.377188837063425
2019,vw_50,JP3756100008,NITORI HOLDINGS,JP,0.0004145999345903257,7.279791964129728,2.6246812642054262
2019,vw_50,JP3463000004,TAKEDA PHARMACEUTICAL,JP,0.0003867072543094917,11.979094282506248,3.098230118294962
2019,vw_50,JP3371200001,SHIN-ETSU CHEMICAL,JP,0.0003800644002608902,116.87445189258742,47.587795414006806
2019,vw_50,AU000000NCM7,NEWCREST MINING DEAD - DELIST.08/11/23,AU,0.0003776612619409301,395.33076051246,99.80152506977407
2019,vw_50,JP3734800000,NIDEC,JP,0.00036997958821558387,5.196556178153607,2.049000873491879
2019,vw_50,JP3539220008,T & D HOLDINGS,JP,0.00036571092850829195,0.10002386582657634,0.22638621038708803
2019,vw_50,BMG524401079,KERRY PROPERTIES,HK,0.000342173452795835,4.093104583215416,1.8210456189844821
2019,vw_50,JP3027670003,NIPPON BUILDING FUND,JP,0.0003353620902241161,20.454189876519155,1.5226329309749993
2019,vw_50,HK2388011192,BOC HONG KONG HOLDINGS,HK,0.0003104438389246449,0.02525069430391231,0.008601425428221964
2019,vw_50,HK0291001490,CHINA RESOURCES BEER HOLDINGS,HK,0.0003007541474488337,40.561116241918974,16.520481584746257
2019,vw_50,JP3721400004,JAPAN STEEL WORKS,JP,0.00029943369689460945,44.01953002381271,65.46635841244118
2019,vw_50,JP3027680002,JAPAN REAL ESTATE INV.,JP,0.0002979941661155561,5.396276434689579,0.39827233236372395
2019,vw_50,JP3209000003,CASIO COMPUTER,JP,0.0002926408545443386,1.9103859284192752,1.4929433769767047
2019,vw_50,JP3955000009,YOKOGAWA ELECTRIC,JP,0.00028789350683809163,4.0266426167625795,3.0250465391775254
2019,vw_50,HK0010000088,HANG LUNG GROUP,HK,0.0002844476681453376,4.838584444511872,1.5415537835767807
2019,vw_50,JP3404600003,SUMITOMO,JP,0.0002828280828431565,19.827363685212436,49.45271950314901
2019,vw_50,JP3481800005,DAIKIN INDUSTRIES,JP,0.00027488058041697655,30.88811799905697,22.16725029716966
2019,vw_50,JP3546800008,TERUMO,JP,0.00027092437459164375,10.576882915343168,2.6345833812663764
2019,vw_50,JP3040890000,JAPAN PRIME REALTY INV.,JP,0.0002667301191148148,4.717716781035558,0.3524530040594324
2019,vw_50,NZTELE0001S4,SPARK NEW ZEALAND,NZ,0.00026198717526259446,1.440182236545406,0.685144692771332
2019,vw_50,JP3243600008,CANON MARKETING JAPAN,JP,0.0002595752407690225,1.2801078281892941,2.565404593396596
2019,vw_50,KYG2108Y1052,CHINA RESOURCES LAND,HK,0.00025156245516574503,28.69305626660016,19.5691091029479
2019,vw_50,JP3973400009,RICOH,JP,0.0002453928686122372,7.620648725042376,18.180723308353524
2019,vw_50,JP3672400003,NISSAN MOTOR,JP,0.00022694910532530734,6.607193420073783,20.30429557677222
2019,vw_50,JP3635000007,TOYOTA TSUSHO,JP,0.00021753740246597368,6.594553335084728,36.54907018197058
2019,vw_50,JP3665200006,NICHIREI,JP,0.00020655820172740106,8.128375402401842,11.405381748736787
2019,vw_50,JP3347200002,SHIONOGI,JP,0.00019758597025366743,13.715318763752878,2.175608710845702
2019,vw_50,SG1J26887955,SINGAPORE EXCHANGE,SG,0.00018099077288076705,0.07928931895139098,0.008463255366284714
2019,vw_50,AU000000TAH8,TABCORP HOLDINGS,AU,0.00017093667203146493,1.3811555235635349,0.7655995118001196
2019,vw_50,JP3625000009,TOKUYAMA,JP,0.0001669321839500877,2281.350641544488,3934.943832800231
2019,vw_50,JP3893600001,MITSUI,JP,0.00016622837957377148,55.78871022292514,115.7825944886178
2019,vw_50,JP3352400000,CITIZEN WATCH,JP,0.0001653965750403558,7.46757779318406,13.049564955432297
2019,vw_50,JP3486800000,DAITO TST.CONSTRUCTION,JP,0.00016128280447564463,2.672341783908056,3.697715019502412
2019,vw_50,AU000000SHL7,SONIC HEALTHCARE,AU,0.00015757672099583203,2.002713430717841,1.0890569644582506
2019,vw_50,JP3574200006,TOKYU,JP,0.00015096828439813373,11.726074124667958,11.638442269520382
2019,vw_50,HK0000139300,TELEVISION BROADCASTS,HK,0.00015092840701768793,1.3425239492307854,0.9373944540982403
2019,vw_50,SG1T75931496,SINGAPORE TELECOM,SG,0.00014595082267913754,0.5192582194938528,0.18207088940479899
2019,vw_50,JP3419050004,SEGA SAMMY HDG.,JP,0.00014420612644491413,2.5141721217810633,1.9305236736532727
2019,vw_50,JP3888300005,MITSUI CHEMICALS,JP,0.00014335043955447131,278.6926013971052,753.765838056002
2019,vw_50,AU000000MGR9,MIRVAC GROUP STAPLED UNITS,AU,0.0001384748076809307,3.4991434553645075,1.0386259628241585
2019,vw_50,SG1P66918738,SINGAPORE PRESS HDG. DEAD - DELIST.13/05/22,SG,0.00013760538825169808,0.34085279437192695,0.08398618138294979
2019,vw_50,JP3535800001,TSUMURA,JP,0.0001375826752152661,29.47330294778994,14.254148067791789
2019,vw_50,HK0019000162,SWIRE PACIFIC 'A',HK,0.00013561678808186016,1731.3907033185792,1778.3112330437432
2019,vw_50,JP3619800000,TOYOBO,JP,0.00013340859169629245,228.4924621658056,541.9039247907671
2019,vw_50,JP3166000004,EBARA,JP,0.0001235296143519146,2.264724684403537,3.8099608993863883
2019,vw_50,JP3358200008,SHIMAMURA,JP,0.00011657324657095804,0.13007369581200548,0.2053988764398367
2019,vw_50,JP3870000001,MABUCHI MOTOR,JP,0.00011508864488514159,2.2247034556652747,1.204619847467236
2019,vw_50,JP3762600009,NOMURA HDG.,JP,0.00011165536743522268,0.17519137438165877,0.21851098054587884
2019,vw_50,AU000000TLS2,TELSTRA GROUP,AU,0.00011074168431943201,2.5381914358999125,1.7755596864747671
2019,vw_50,JP3174410005,OJI HOLDINGS,JP,0.00010830827956973662,450.2880005149368,1106.626606114311
2019,vw_50,AU000000SIG5,SIGMA HEALTHCARE,AU,0.00010824491793116466,1.5485696355924867,11.23843643412755
2019,vw_50,JP3811000003,FUJIKURA,JP,0.00010542801536151532,4.2079277779679325,21.861034636052377
2019,vw_50,JP3200450009,ORIX,JP,0.00010385427095697575,40.27562197958913,45.62716514625565
2019,vw_50,JP3404200002,SUMITOMO RUBBER INDS.,JP,0.00010288745665783093,49.4133268231683,113.04588711640649
2019,vw_50,JP3830000000,BROTHER INDUSTRIES,JP,0.00010088831640733066,3.375295311021396,4.872376720215789
2019,vw_50,BMG2108M2182,CHINESE ESTATES HDG.,HK,9.87317125323726e-05,0.027904380987815086,0.0013742052512963337
2019,vw_50,JP3131430005,AEON MALL DEAD - DELIST.27/06/25,JP,9.85241584577926e-05,5.432820124950238,4.023406419112959
2019,vw_50,JP3173400007,OBIC,JP,9.639032279912299e-05,0.42897563053332927,0.03054007193161623
2019,vw_50,JP3738600000,NITERRA,JP,9.62160368624222e-05,18.147885331253274,15.991568496838186
2019,vw_50,AU000000MQG1,MACQUARIE GROUP,AU,9.505527512198669e-05,0.052614603668708126,0.019786273472727454
2019,vw_50,JP3421100003,JAPAN PETROLEUM EXP.,JP,9.23258227397894e-05,279.21291234083674,661.2379991297344
2019,vw_50,JP3269600007,KURARAY,JP,9.191091381178765e-05,373.6552040375077,382.94803060609894
2019,vw_50,JP3902400005,MITSUBISHI ELECTRIC,JP,8.705086316150473e-05,6.7243807202135875,10.317577254715374
2019,vw_50,AU000000BLD2,BORAL DEAD - DELIST.08/07/24,AU,8.703669458171933e-05,379.37750233490925,374.01143923027877
2019,vw_50,JP3268950007,MEDIPAL HOLDINGS,JP,8.472545202244661e-05,1.2398690339455558,6.246930467858765
2019,vw_50,JP3635400009,TOYOTA BOSHOKU,JP,8.4310004341934e-05,4.495565884686224,19.80936466255158
2019,vw_50,JP3688370000,NIPPON EXPRESS HOLDINGS,JP,8.39823073840547e-05,34.12753149086607,105.02122200753857
2019,vw_50,JP3143000002,ITO EN,JP,7.667116214082735e-05,7.111777750480045,8.15690927292277
2019,vw_50,JP3172100004,OKUMA,JP,7.499584087534522e-05,3.658244634350379,3.747217140212048
2019,vw_50,JP3401400001,SUMITOMO CHEMICAL,JP,7.405893120255239e-05,288.5722075226706,718.1245641226625
2019,vw_50,JP3629000005,TOPPAN HOLDINGS,JP,6.862194765388647e-05,17.641326011551584,41.18446874123914
2019,vw_50,JP3443600006,TAISEI,JP,6.810979960317123e-05,19.41382949612841,26.861710428869905
2019,vw_50,JP3914400001,MURATA MANUFACTURING,JP,6.805518310208486e-05,21.949512041945518,9.057342558275435
2019,vw_50,JP3242800005,CANON,JP,6.539693554387086e-05,4.193072408048073,3.9516755444430474
2019,vw_50,JP3579800008,TOKYO STEEL MNFG.,JP,6.337198106489789e-05,179.9284537052898,250.74900146014724
2019,vw_50,JP3585800000,TOKYO ELECTRIC POWER CO. HDG.,JP,5.820985279058376e-05,1440.1234661804465,8377.133189888802
2019,vw_50,JP3289800009,KOBE STEEL,JP,5.7883435551071895e-05,919.7778714006961,5812.243277821684
2019,vw_50,JP3415400005,SEINO HDG.,JP,5.5431695893099355e-05,74.4877913270524,145.59998052011298
2019,vw_50,JP3942600002,YAMAHA,JP,5.1897906912738235e-05,5.492006384707059,2.6252200113361774
2019,vw_50,SG1V61937297,SINGAPORE AIRLINES,SG,4.6158697705556755e-05,1369.462824233799,1927.7985517048833
2019,vw_50,JP3358000002,SHIMANO,JP,4.261695147338321e-05,3.2617512137680533,0.7976127716409813
2019,vw_50,NZAIRE0001S2,AIR NEW ZEALAND,NZ,3.760303215664216e-05,999.3836669449203,1887.422472234242
2019,vw_50,JP3890350006,SUMITOMO MITSUI FINL.GP.,JP,3.546369162892424e-05,0.2759444399432538,0.29461558939272875
2019,vw_50,JP3939000000,YAMADA HOLDINGS,JP,3.495644183842938e-05,0.6883388785913394,2.1113304548861462
2019,vw_50,NZAIAE0002S6,AUCKLAND INTL.AIRPORT,NZ,3.4923353787056885e-05,4.952786242794718,0.4040536122915986
2019,vw_50,JP3678000005,NISSHINBO HOLDINGS,JP,3.374551299801716e-05,48.04966261765811,161.7225642114201
2019,vw_50,JP3526600006,CHUBU ELEC.POWER,JP,3.348852455116852e-05,1943.6428621888128,4613.984694294057
2019,vw_50,JP3304200003,KOMATSU,JP,3.2381550845890684e-05,4.610500374300893,4.829121289881935
2019,vw_50,JP3210200006,KAJIMA,JP,2.859511544539503e-05,11.773937189663425,27.558801071163543
2019,vw_50,JP3322930003,SUMCO,JP,2.818324779873328e-05,8.748414770419725,6.529415014640957
2019,vw_50,AU000000SGM7,SIMS,AU,2.7329992288217206e-05,7.561292973011441,24.537140307829578
2019,vw_50,HK0012000102,HENDERSON LD.DEV.,HK,2.6800504622813202e-05,0.28950234511178324,0.032529012389502635
2019,vw_50,AU000000ELD6,ELDERS,AU,2.3085906238731396e-05,13.093096786426225,29.09028805647273
2019,vw_50,JP3485800001,DAICEL,JP,2.174900211484596e-05,400.4207185429853,471.4073518909246
2019,vw_50,JP3190000004,OBAYASHI,JP,1.8888067933901996e-05,6.93524772259183,18.68901537010402
2019,vw_50,JP3551200003,ELEC.POWER DEV.,JP,1.8754374085529335e-05,6698.631675135595,11790.809763725189
2019,vw_50,AU000000ORI1,ORICA,AU,1.8414555081794904e-05,536.4010413154441,437.5287572677459
2019,vw_50,MU0117U00026,GOLDEN AGRI-RESOURCES,SG,1.6221464546203255e-05,533.2694291724541,1575.4074770439825
2019,vw_50,AU000000SUN6,SUNCORP GROUP,AU,1.4090935540084277e-05,0.26032946742331714,0.22169467325734146
2019,vw_50,JP3357200009,SHIMADZU,JP,1.2507349400173864e-05,1.1177227516657562,0.5836067774255063
2019,vw_50,SG1U68934629,KEPPEL,SG,1.1377125008474543e-05,6.690021246316291,3.6332622182021965
2019,vw_50,JP3197800000,OMRON,JP,1.0443415879608583e-05,5.5051557606356365,4.8440650090192054
2019,vw_50,JP3407400005,SUMITOMO ELECTRIC IND.,JP,1.018223548844656e-05,6.667954873649324,17.360029969033796
2019,vw_50,JP3358800005,SHIMIZU,JP,9.441454875644482e-06,15.809665423092781,34.89495413322447
2019,vw_50,JP3596200000,TOTO,JP,8.216033831162529e-06,33.23408904062283,26.560070272901015
2019,vw_50,JP3388200002,AEON,JP,7.922741217512725e-06,2.692410353162234,11.788364580740465
2019,vw_50,JP3538800008,TDK,JP,7.127799850725613e-06,9.589826403674792,11.928275350715628
2019,vw_50,JP3549600009,DENKA,JP,5.908119790973829e-06,491.78407923235045,672.2396882198688
2019,vw_50,HK0066009694,MTR,HK,5.576003995774313e-06,7.663864352860192,1.552948765840316
2019,vw_50,AU000000ILU1,ILUKA RESOURCES,AU,5.3768158799541145e-06,328.4293326152767,122.85152896739855
2019,vw_50,JP3158800007,UBE,JP,4.5900033123874755e-06,1687.9189414812756,4744.61328238673
2019,vw_50,AU000000ABC7,ADBRI DEAD - DELIST.02/07/24,AU,4.57531978241501e-06,1820.1285284555315,1012.6463337324786
2019,vw_50,JP3845400005,HOKURIKU ELEC.POWER,JP,3.6818276700779764e-06,2904.7866262255766,9485.959769883271
2019,vw_50,AU000000CQR9,CHARTER HALL RETAIL REIT,AU,3.363524979141626e-06,53.157139846782364,5.935979474567136
2019,vw_50,JP3386030005,JFE HOLDINGS,JP,3.1393563385981914e-06,1449.291346411613,4993.207137899397
2019,vw_50,JP3505000004,DAIWA HOUSE INDUSTRY,JP,3.0158642113635733e-06,7.253522824395991,12.632299478112555
2019,vw_50,JP3826800009,FURUKAWA,JP,2.533970332991431e-06,3.1583955726117963,10.158672626958237
2019,vw_50,JP3414750004,SEIKO EPSON,JP,2.071298995301603e-06,12.728170062868113,21.513853637011298
2019,vw_50,JP3156400008,USHIO,JP,1.9245188014420193e-06,2.629442246108682,2.565898546440643
2019,vw_50,AU000000CSL8,CSL,AU,1.5453695403381884e-06,6.836701792259466,0.8664357860836174
2020,vw,JP3633400001,TOYOTA MOTOR,JP,0.04180531146867597,10.451421977282129,12.92205054306236
2020,vw,AU000000CBA7,COMMONWEALTH BK.OF AUS.,AU,0.018414017827911647,0.4835959213629637,0.12499119393831626
2020,vw,JP3735400008,NTT,JP,0.018372028416798844,2.27477966165728,2.5003365452989974
2020,vw,AU000000CSL8,CSL,AU,0.017389150600590427,6.418713162922524,0.5852126115045426
2020,vw,JP3435000009,SONY GROUP,JP,0.016575184065467555,2.3658220560279766,2.084083224537907
2020,vw,JP3436100006,SOFTBANK GROUP,JP,0.0159022657171665,0.18038843589927808,0.18259803624206472
2020,vw,AU000000BHP4,BHP GROUP,AU,0.013862602326864567,217.79976768932278,127.2453839748754
2020,vw,JP3496400007,KDDI,JP,0.013137704350917347,0.5250396934931375,0.35201570916780717
2020,vw,JP3902900004,MITSUBISHI UFJ FINL.GP.,JP,0.012968230810082092,0.17479709853980382,0.1529528182707986
2020,vw,JP3463000004,TAKEDA PHARMACEUTICAL,JP,0.01116119412269957,11.184380559128343,5.482127605492269
2020,vw,AU000000WBC1,WESTPAC BANKING,AU,0.011023993556517966,0.30519165404914456,0.1265747885489319
2020,vw,JP3519400000,CHUGAI PHARM.,JP,0.010945194506300366,6.776080567092561,0.7180281798906447
2020,vw,JP3802300008,FAST RETAILING,JP,0.010327039522641619,0.6239330785071723,0.23176657515332785
2020,vw,AU000000NAB4,NATIONAL AUS.BANK,AU,0.009246466318744742,0.7431992605573048,0.3294565209399338
2020,vw,JP3475350009,DAIICHI SANKYO,JP,0.009081413683000392,10.381105049369761,1.9005746196179993
2020,vw,JP3890350006,SUMITOMO MITSUI FINL.GP.,JP,0.008977533438065052,0.27404561880963546,0.2768394132871047
2020,vw,JP3371200001,SHIN-ETSU CHEMICAL,JP,0.00897574008670648,131.60476623720805,38.69074609474238
2020,vw,JP3756600007,NINTENDO,JP,0.008910942406726912,0.05085532719084927,0.011825659061403523
2020,vw,AU000000ANZ3,ANZ GROUP HOLDINGS,AU,0.008824381967023032,0.4789871762810046,0.24491334228003453
2020,vw,JP3198900007,ORIENTAL LAND,JP,0.00861529851303537,10.951329343960616,1.1090435032978048
2020,vw,JP3854600008,HONDA MOTOR,JP,0.008601934738003712,8.684441874907968,26.487508576398948
2020,vw,SG1L01001701,DBS GROUP HOLDINGS,SG,0.00857260535851034,0.06454165858269381,0.02126250404566294
2020,vw,HK0388045442,HONG KONG EXCHANGES AND CLEARING,HK,0.007768616177769687,0.09493830154234706,0.003926268462627009
2020,vw,JP3726800000,JAPAN TOBACCO,JP,0.007742945161549794,16.98471491631534,8.066444358064928
2020,vw,JP3481800005,DAIKIN INDUSTRIES,JP,0.007726229877421788,29.20407420215383,16.338217754910087
2020,vw,JP3566800003,CENTRAL JAPAN RAILWAY,JP,0.007522587113365206,4.136636152080652,1.7830815361662673
2020,vw,JP3898400001,MITSUBISHI,JP,0.007519893411427022,48.767534404362486,168.2020832875186
2020,vw,HK0016000132,SUN HUNG KAI PROPERTIES,HK,0.00740299483209057,3.821275503326789,1.0610705022400377
2020,vw,JP3910660004,TOKIO MARINE HOLDINGS,JP,0.007202778912586997,0.35415269464244664,0.44586893932784455
2020,vw,JP3914400001,MURATA MANUFACTURING,JP,0.007138115366469292,20.81591125629992,7.542227464313423
2020,vw,HK0011000095,HANG SENG BANK DEAD - DELIST.28/01/26,HK,0.007109239837166048,0.019330171827464975,0.0037352558580478717
2020,vw,SG1T75931496,SINGAPORE TELECOM,SG,0.0071041758245182765,0.47379676688691513,0.1521083468711745
2020,vw,JP3205800000,KAO,JP,0.007088623646343114,44.577001523650594,15.967405755368459
2020,vw,JP3734800000,NIDEC,JP,0.006979416633386769,4.455828367240749,1.6322554743084305
2020,vw,JP3143600009,ITOCHU,JP,0.006777431249376737,11.636304323495507,32.60156302104542
2020,vw,JP3837800006,HOYA,JP,0.006772308438323765,3.91643813006864,0.5697681043815167
2020,vw,JP3571400005,TOKYO ELECTRON,JP,0.00672141290627346,2.710655441326169,0.7654432969173685
2020,vw,JP3788600009,HITACHI,JP,0.006703196425362715,18.395212041308625,41.93967430142345
2020,vw,HK0688002218,CHINA OVERSEAS LAND INVESTMENT,HK,0.006569865529223277,0.9180002159557886,0.6141739947096014
2020,vw,AU000000WOW2,WOOLWORTHS GROUP,AU,0.006488979135621108,11.535481980847672,13.517605626823405
2020,vw,JP3242800005,CANON,JP,0.006474538614794243,3.706483893249972,3.4769021021927804
2020,vw,HK2388011192,BOC HONG KONG HOLDINGS,HK,0.006464996736100527,0.0384334923995172,0.01787713434936468
2020,vw,HK0066009694,MTR,HK,0.006365662342867141,6.731963501230996,1.3634684216603163
2020,vw,AU000000WES1,WESFARMERS,AU,0.0062897738137068955,130.1950447271667,73.29393628405138
2020,vw,KYG217651051,CK HUTCHISON HOLDINGS,HK,0.0062439018704007875,231.3105233942915,262.03516400471557
2020,vw,AU000000MQG1,MACQUARIE GROUP,AU,0.006184475057246126,0.04237772626707403,0.01417199874502049
2020,vw,JP3783600004,EAST JAPAN RAILWAY,JP,0.006089607505357711,50.47033121407211,42.2429561379317
2020,vw,HK0003000038,HONG KONG AND CHINA GAS,HK,0.005949314510552667,321.5855198567587,51.94869371581409
2020,vw,JP3942400007,ASTELLAS PHARMA,JP,0.00593494013793165,5.975342966127615,2.1949933544624174
2020,vw,JP3551500006,DENSO,JP,0.005927876979507109,14.643907137773997,22.038700702355722
2020,vw,JP3902400005,MITSUBISHI ELECTRIC,JP,0.005748756825318875,6.393396957524731,8.470079842488477
2020,vw,JP3893600001,MITSUI,JP,0.005705506923394615,50.22393815432174,106.21160778867947
2020,vw,AU000000TLS2,TELSTRA GROUP,AU,0.005604066812275037,2.2192124931591066,1.2100337222512758
2020,vw,KYG2108Y1052,CHINA RESOURCES LAND,HK,0.005515856342325255,24.292159766259147,17.475352342576787
2020,vw,JP3162600005,SMC,JP,0.005445254157282441,10.467656920267164,1.7178091732568828
2020,vw,AU000000TCL6,TRANSURBAN GROUP STAPLED UNITS,AU,0.005299189731517074,1.5078421751294442,0.14608228666455617
2020,vw,JP3899600005,MITSUBISHI ESTATE,JP,0.0050402378801199296,10.579180902107336,4.31455953768436
2020,vw,JP3546800008,TERUMO,JP,0.00499384410096768,10.553809756009464,2.2361738045162802
2020,vw,JP3893200000,MITSUI FUDOSAN,JP,0.004860371721165733,5.9110993394346485,3.931691398517752
2020,vw,HK0002007356,CLP HOLDINGS,HK,0.0047989347375333264,4088.807021090376,1727.0122248190476
2020,vw,JP3814000000,FUJIFILM HOLDINGS,JP,0.0047710477564174925,29.15738608870248,24.378417744407116
2020,vw,HK0000049939,CHINA UNICOM (HONG KONG),HK,0.004733589497405343,4.70966937037796,7.763453774261278
2020,vw,JP3830800003,BRIDGESTONE,JP,0.004702211360980813,46.375066987920896,58.77075342230225
2020,vw,JP3351600006,SHISEIDO,JP,0.004610945211410841,2.4947996186322947,1.0348183210024922
2020,vw,JP3188220002,OTSUKA HOLDINGS,JP,0.004572919180298489,28.69538034391167,14.808952835802664
2020,vw,JP3249600002,KYOCERA,JP,0.004527192395555216,11.02540332140791,6.611576621094265
2020,vw,JP3866800000,PANASONIC HOLDINGS,JP,0.0044597598120426655,5.5237543887822005,16.06825464969969
2020,vw,JP3160400002,EISAI,JP,0.004350990112224988,8.12590694959989,2.088599843746701
2020,vw,JP3672400003,NISSAN MOTOR,JP,0.004209045249723883,7.917226849520452,33.39282027014461
2020,vw,JP3818000006,FUJITSU,JP,0.004181071908450413,2.4296789472508324,3.823377536558301
2020,vw,JP3397200001,SUZUKI MOTOR,JP,0.004170835473595282,15.747623475630046,23.349005068055742
2020,vw,JP3201200007,OLYMPUS,JP,0.0041372909834291975,3.753309359052422,1.2387815502245467
2020,vw,JP3200450009,ORIX,JP,0.004119625737567195,53.27976558823628,50.782726756150886
2020,vw,JP3116000005,ASAHI GROUP HOLDINGS,JP,0.004104020273337322,24.093634420155727,20.729415757310925
2020,vw,HK0012000102,HENDERSON LD.DEV.,HK,0.0040082615581201065,0.28650598563037577,0.04089068343368054
2020,vw,JP3304200003,KOMATSU,JP,0.003974092334898782,5.491109379123695,5.918172024615897
2020,vw,JP3951600000,UNI CHARM,JP,0.003956057761554122,4.7679842777978685,1.45498289607829
2020,vw,AU0000224040,WOODSIDE ENERGY GROUP,AU,0.0039067516238943546,1955.4665419034943,431.28971616245275
2020,vw,JP3505000004,DAIWA HOUSE INDUSTRY,JP,0.003881650217224828,6.8466822420575495,12.984492454509306
2020,vw,HK0823032773,LINK REAL ESTATE INVESTMENT TRUST,HK,0.0038292534883917835,1.9666609192933437,0.16036437550023896
2020,vw,JP3421800008,SECOM,JP,0.003789417568869396,7.070051297290416,3.320179564413739
2020,vw,JP3258000003,KIRIN HOLDINGS,JP,0.003727771115918469,19.991445677194264,17.596834344288716
2020,vw,JP3165700000,NTT DATA GROUP DEAD - DELIST.26/09/25,JP,0.003671978779185176,0.4366286138827652,0.4532103021902413
2020,vw,JP3890310000,MS&AD INSURANCE GP.HDG.,JP,0.0036612186710337415,0.47730460689330645,1.2005697210715494
2020,vw,JP3266400005,KUBOTA,JP,0.003585589222346404,16.476008299152223,14.91241645715832
2020,vw,JP3814800003,SUBARU,JP,0.003570029694370593,9.268376256986352,14.258597599702718
2020,vw,JP3347200002,SHIONOGI,JP,0.003487866272905506,13.42101963429451,2.2893146701366027
2020,vw,JP3404600003,SUMITOMO,JP,0.003464528818391953,15.824043983489688,42.0045727705357
2020,vw,JP3933800009,LY,JP,0.0034560526607924705,0.4538503419049102,0.22345733097417403
2020,vw,BMG2178K1009,CKI HOLDINGS,HK,0.003382723699708548,9655.811994900696,454.6207253931041
2020,vw,US89677Q1076,TRIP COM GROUP ADR 1:1,SG,0.0033009939164818044,0.006577118552755358,0.001892560456173866
2020,vw,JP3388200002,AEON,JP,0.003299731588220186,2.7285847092549584,11.972239994966092
2020,vw,JP3756100008,NITORI HOLDINGS,JP,0.003282604715255787,6.472821171273371,2.136691855583543
2020,vw,JP3762600009,NOMURA HDG.,JP,0.0032790033129373427,0.14699549360083797,0.15768769542851377
2020,vw,JP3409000001,SUMITOMO REAL.&DEV.,JP,0.003259816658340812,4.534856911348435,2.3924833915601056
2020,vw,JP3634600005,TOYOTA INDS.,JP,0.0032218604503346333,11.570087488793124,13.411914059269744
2020,vw,JP3659000008,WEST JAPAN RAILWAY,JP,0.0028805173336522555,11.373483861798062,10.357020063520983
2020,vw,HK0291001490,CHINA RESOURCES BEER HOLDINGS,HK,0.0028393860117653254,30.29975110918732,9.512802160894488
2020,vw,HK0006000050,POWER ASSETS HOLDINGS,HK,0.0028196113731168045,37478.094008770466,423.8341009980945
2020,vw,AU000000ALL7,ARISTOCRAT LEISURE,AU,0.0027958990787701065,4.517191991188419,0.8740690015043188
2020,vw,AU000000NCM7,NEWCREST MINING DEAD - DELIST.08/11/23,AU,0.0027856442694133513,377.3724761561698,90.93940917048253
2020,vw,JP3351100007,SYSMEX,JP,0.002781783786621999,1.4670498033479418,0.2703547109291866
2020,vw,IE00BKVD2N49,SEAGATE TECHNOLOGY HOLDINGS,SG,0.002778665633696284,31.130347459329183,20.49912712267894
2020,vw,JP3762800005,NOMURA RESEARCH INST.,JP,0.0027541264867764737,0.20717569597049487,0.06671625908592053
2020,vw,JP3420600003,SEKISUI HOUSE,JP,0.0027463393729879183,3.195784804853452,4.750285518921859
2020,vw,KYG210961051,CHINA MENGNIU DAIRY,HK,0.0027184376922707847,18.178459495016245,14.194349026875985
2020,vw,JP3592200004,TOSHIBA DEAD - DELIST.20/12/23,JP,0.0026916899302556834,9.925151947873102,21.844419945320688
2020,vw,JP3111200006,ASAHI KASEI,JP,0.002650575145420216,148.2074234608058,205.2923026157533
2020,vw,JP3358000002,SHIMANO,JP,0.0026328658007543125,5.526336818332414,1.288653498416837
2020,vw,JP3538800008,TDK,JP,0.0025780748743595675,8.82383755662255,7.935515782511518
2020,vw,JP3173400007,OBIC,JP,0.002543720068671833,0.4126246642266795,0.02167042889390519
2020,vw,JP3294460005,INPEX,JP,0.0025309847015957416,622.0902198775028,553.9245152616005
2020,vw,JP3381000003,NIPPON STEEL,JP,0.0024302740581906646,1407.331806519695,5949.718516233515
2020,vw,HK0270001396,GUANGDONG INVESTMENT,HK,0.002424919728417222,1455.209579974441,236.93787394295757
2020,vw,JP3256000005,KYOWA KIRIN,JP,0.002392248027078312,6.108764806689676,1.3199543142958312
2020,vw,JP3778630008,BANDAI NAMCO HDG.,JP,0.0023759608688381623,0.9260498061512389,0.48496800262939116
2020,vw,HK0000608585,NEW WORLD DEVELOPMENT COMPANY,HK,0.0023635727798427776,4.595177207941776,2.7575285715285234
2020,vw,JP3197600004,ONO PHARM.,JP,0.002308004612029307,3.776524005044838,0.8040818698645241
2020,vw,JP3877600001,MARUBENI,JP,0.0023077142949036364,12.116760616727786,61.56363436584595
2020,vw,JP3900000005,MITSUBISHI HEAVY INDS.,JP,0.002286026870635982,4.983517084587552,14.869828715648687
2020,vw,JP3197800000,OMRON,JP,0.002255448025032127,5.405336595121996,2.801982585573138
2020,vw,JP3733000008,NEC,JP,0.002199095265999281,0.9253716586208567,2.1724254043426785
2020,vw,AU000000QBE9,QBE INSURANCE GROUP,AU,0.002190595221547687,0.4666215942665178,0.5506658737301762
2020,vw,JP3635000007,TOYOTA TSUSHO,JP,0.0021573630979092226,6.8192892949485975,35.88608193290731
2020,vw,AU000000STO6,SANTOS,AU,0.0021142675417986103,1318.174246747821,461.47709170358047
2020,vw,JP3027670003,NIPPON BUILDING FUND,JP,0.002078731255656406,18.059733457258957,1.1404447752301972
2020,vw,JP3967200001,RAKUTEN GROUP,JP,0.0020537713326493905,0.23265549020081738,0.24200857273990384
2020,vw,JP3574200006,TOKYU,JP,0.002023627962734041,13.743666297553926,13.432196156626025
2020,vw,AU000000ASX7,ASX,AU,0.002014010748583664,0.049745656338772544,0.002747949529691905
2020,vw,AU000000IAG3,INSURANCE AUS.GROUP,AU,0.001993102403184898,1.1453816991723087,0.6223777577622057
2020,vw,JP3228600007,KANSAI ELECTRIC PWR.,JP,0.0019920697561935886,881.3949286034365,2456.4889143466444
2020,vw,JP3429800000,ANA HOLDINGS,JP,0.001988016341135176,649.1721932046732,1143.629562740366
2020,vw,JP3621000003,TORAY INDS.,JP,0.001981870070341708,157.63858173529223,304.0984685675293
2020,vw,JP3862400003,MAKITA,JP,0.0019783660528818743,0.9880207948185354,0.4194332450071562
2020,vw,JP3407400005,SUMITOMO ELECTRIC IND.,JP,0.0019565500071028474,11.484175134291565,31.27294993134977
2020,vw,AU000000SUN6,SUNCORP GROUP,AU,0.0019531084629485376,0.21129859150751706,0.20104520930057526
2020,vw,AU000000RHC8,RAMSAY HEALTH CARE,AU,0.0019523808326841988,6.519364369016399,5.227429511486059
2020,vw,JP3526600006,CHUBU ELEC.POWER,JP,0.0019474142048950375,2.092807793951074,5.661199834692965
2020,vw,JP3122400009,ADVANTEST,JP,0.001926059359106791,1.792977531350092,0.4273895655890344
2020,vw,JP3774200004,HANKYU HANSHIN HDG.,JP,0.0019039842328548552,17.64846483837123,12.512521593113364
2020,vw,JP3102000001,AISIN,JP,0.0018577907357703156,17.579163131259037,62.39963602915722
2020,vw,JP3260800002,KINTETSU GROUP HDG.,JP,0.001843339190242475,4.700455666768259,5.311476717121626
2020,vw,AU000000SHL7,SONIC HEALTHCARE,AU,0.0018404286691851197,1.7390656305283043,0.7641612945415482
2020,vw,JP3027680002,JAPAN REAL ESTATE INV.,JP,0.0018238897802727117,5.114518664485662,0.3231851060828917
2020,vw,JP3573000001,TOKYO GAS,JP,0.001818318631380097,188.65962478881906,350.3478215176417
2020,vw,JP3942600002,YAMAHA,JP,0.0017839822001939876,5.87932907141621,2.3689335987912257
2020,vw,JP3119600009,AJINOMOTO,JP,0.0017775254003230619,98.99122856719717,104.74763460745285
2020,vw,JP3551520004,DENTSU GROUP,JP,0.0017695490291677717,0.3672493655352239,0.367583687591247
2020,vw,JP3711600001,NIPPON SANSO HOLDINGS,JP,0.0017480784240192896,134.78460315207957,111.52443709590786
2020,vw,HK0083000502,SINO LAND,HK,0.0017350104784637904,4.666387497851438,0.428393358107872
2020,vw,AU000000ORG5,ORIGIN ENERGY (EX BORAL),AU,0.0017139202254989395,1733.7677965894336,1716.8200983949973
2020,vw,AU000000COH5,COCHLEAR,AU,0.0017057435722759402,0.5522433031855251,0.06021623985668751
2020,vw,AU000000DXS1,DEXUS STAPLED UNITS,AU,0.0017022818161698437,28.06484164349426,1.8672613464272259
2020,vw,SG1F60858221,SINGAPORE TECHS.ENGR.,SG,0.001698099779600058,5.9130064576987,3.6790126395725418
2020,vw,JP3493800001,DAI NIPPON PRINTING,JP,0.0016742643760924742,18.91561727628445,26.778198595461536
2020,vw,AU000000MGR9,MIRVAC GROUP STAPLED UNITS,AU,0.0016649044049648432,4.819222603879548,0.8229821376345747
2020,vw,AU000000APA1,APA GROUP,AU,0.0016591752353582563,789.6395156276781,146.43219041016548
2020,vw,JP3443600006,TAISEI,JP,0.001654734118315562,17.551546659276983,30.980723105623166
2020,vw,JP3684000007,NITTO DENKO,JP,0.0016368630780353617,49.98106816305303,38.55611707680668
2020,vw,JP3486800000,DAITO TST.CONSTRUCTION,JP,0.0016323907243399054,2.5037704849439244,4.048063935164341
2020,vw,SG1U68934629,KEPPEL,SG,0.001626180142790751,7.590695323289675,4.750853088065806
2020,vw,JP3973400009,RICOH,JP,0.0015776163349966225,7.359913000009374,15.909805611525874
2020,vw,JP3502200003,DAIWA SECURITIES GROUP,JP,0.0015642764468170773,0.13405190094244046,0.10195811260028427
2020,vw,JP3906000009,MINEBEA MITSUMI,JP,0.001563558003803551,7.782128243906513,7.885406592011884
2020,vw,JP3357200009,SHIMADZU,JP,0.0015563257999640623,0.8317569229208087,0.3541900087721059
2020,vw,JP3137200006,ISUZU MOTORS,JP,0.0015372787915798802,6.616849402532178,15.125675770973551
2020,vw,SG1B51001017,JARDINE CYC.& CARR.,SG,0.0015353641685105846,164.37130124066712,364.2314757747473
2020,vw,JP3402600005,SUMITOMO METAL MINING,JP,0.0015173902310212856,247.48228489197712,235.28329052703216
2020,vw,JP3675600005,NISSIN FOODS HOLDINGS,JP,0.0015042947237133497,59.73222560626446,31.025325949142896
2020,vw,JP3419400001,SEKISUI CHEMICAL,JP,0.0014945452131512745,20.269883943440906,26.064078290589883
2020,vw,JP3358800005,SHIMIZU,JP,0.0014860396563491929,11.871061323978031,23.671068103779778
2020,vw,JP3982800009,ROHM,JP,0.0014725288853045379,38.32295084828339,16.16575035126117
2020,vw,JP3190000004,OBAYASHI,JP,0.001468299075030528,13.686648415334146,32.38659685444552
2020,vw,HK0019000162,SWIRE PACIFIC 'A',HK,0.0014539044904577244,20.495943798308303,28.561968096534397
2020,vw,JP3283650004,KOSE HOLDINGS,JP,0.0014461045145180316,2.3671518959338083,0.924503536772395
2020,vw,AU000000GPT8,GPT GROUP STAPLED UNITS,AU,0.0014378947871921078,12.923055037165014,0.8822450734714375
2020,vw,JP3112000009,AGC,JP,0.0014377606533302475,463.2591256999105,826.7346218925564
2020,vw,AU000000SGP0,STOCKLAND STAPLED UNITS,AU,0.0014373711138958036,10.904817763838198,2.6880950676497957
2020,vw,HK0000055878,CHINA TAIPING INSURANCE HLDGS,HK,0.001409559468236631,0.15351604437813923,0.6384488638141224
2020,vw,JP3336000009,SANTEN PHARM.,JP,0.0013947018462228844,6.838921403373855,2.0151717559766125
2020,vw,JP3596200000,TOTO,JP,0.0013760388649226589,32.80969421905807,24.30279682461259
2020,vw,SGXE21576413,GENTING SINGAPORE,SG,0.0013722518801378045,2.490895679744191,0.6045601105481345
2020,vw,HK0004000045,WHARF HOLDINGS,HK,0.0013719781000635963,7.836833300649172,2.2799745538554257
2020,vw,SG1V61937297,SINGAPORE AIRLINES,SG,0.0013678585367993346,1320.7818744283077,2187.3419098830923
2020,vw,JP3359600008,SHARP,JP,0.0013507592255873726,11.490639118923326,34.27979111092369
2020,vw,JP3277800003,KEIO,JP,0.0013493113148593447,24.677844413319953,13.738750086812766
2020,vw,JP3386030005,JFE HOLDINGS,JP,0.0013428343030366318,1523.5373415114361,7238.503914812797
2020,vw,JP3885400006,MISUMI GROUP,JP,0.001338172691974441,3.50603711148487,1.4082553753585516
2020,vw,JP3180400008,OSAKA GAS,JP,0.0013191256835902586,361.1036541305696,649.0432658087145
2020,vw,JP3143900003,ITOCHU TECHNO-SOLUTIONS DEAD - DELIST.01/12/23,JP,0.0013143225888655576,0.22929922437439412,0.1413398909823472
2020,vw,JP3771800004,HAMAMATSU PHOTONICS,JP,0.0012956467454141947,9.613101945759148,1.8146931146322751
2020,vw,JP3629000005,TOPPAN HOLDINGS,JP,0.0012938809558080593,18.29617161096772,35.081201751844716
2020,vw,JP3940000007,YAMATO HDG.,JP,0.0012855334197199501,44.2211471349182,94.50623115965747
2020,vw,JP3598600009,TOHO,JP,0.0012793467250229078,2.872148160276069,0.9826042495497385
2020,vw,SG1R89002252,CITY DEVELOPMENTS,SG,0.001275940092421685,0.5806832426789014,0.2095309961866799
2020,vw,JP3539220008,T & D HOLDINGS,JP,0.0012635685404777629,0.09114852307287043,0.25389900752535716
2020,vw,JP3401400001,SUMITOMO CHEMICAL,JP,0.0012535415749411545,297.37407938282706,904.2564107074278
2020,vw,BMG5320C1082,KUNLUN ENERGY,HK,0.0012514615813572364,28.41600372096438,69.1053699532805
2020,vw,JP3210200006,KAJIMA,JP,0.0012500761439347328,9.210467360243754,24.98780007408148
2020,vw,SG1J26887955,SINGAPORE EXCHANGE,SG,0.0012360894732979977,0.06445929395586687,0.00668926150552979
2020,vw,JP3786200000,HITACHI METALS DEAD - DELIST.29/12/22,JP,0.0012345846016149334,40.9354725627629,51.49568165548198
2020,vw,AU000000LLC3,LENDLEASE GROUP STAPLED UNITS,AU,0.0012312845411231342,10.944685611299693,15.90273166145604
2020,vw,SG1M51904654,CAPITALAND INTEG. COML. TST.,SG,0.0012284107690690282,0.024350494054131148,0.0020941124029790247
2020,vw,JP3585800000,TOKYO ELECTRIC POWER CO. HDG.,JP,0.001219587333388839,3.2325625674332015,28.776371435157493
2020,vw,NZAIAE0002S6,AUCKLAND INTL.AIRPORT,NZ,0.0012126123725720963,4.959303504408959,0.3632131865933876
2020,vw,JP3942800008,YAMAHA MOTOR,JP,0.0012116017749827367,8.500438624043493,19.74148952142349
2020,vw,SG9999000020,FLEX,SG,0.001198776372848684,4.134571739165733,15.690061356839916
2020,vw,AU000000CPU5,COMPUTERSHARE,AU,0.0011944491777160628,1.0187502355139524,0.3535069178442539
2020,vw,AU000000QAN2,QANTAS AIRWAYS,AU,0.0011683132866050646,765.507626784995,1469.0502552553025
2020,vw,HK0023000190,BANK OF EAST ASIA,HK,0.0011509052837658073,0.7768498163907586,0.5542052493773548
2020,vw,AU000000TAH8,TABCORP HOLDINGS,AU,0.0011486544073167795,1.20317384651726,0.7235237188767226
2020,vw,AU000000CIM7,CIMIC GROUP DEAD - DELIST.11/05/22,AU,0.001135476214751532,242.0227147073489,386.9163687793606
2020,vw,JP3670800006,NISSAN CHEMICAL,JP,0.001126783238032878,119.63048548791552,36.08161348396692
2020,vw,JP3414750004,SEIKO EPSON,JP,0.001124664657995548,12.579269263835519,19.975035902228306
2020,vw,JP3787000003,HITACHI CON.MCH.,JP,0.0010784178748562967,11.230160698040102,17.20877136187831
2020,vw,JP3982100004,LAWSON DEAD - DELIST.24/07/24,JP,0.001061257927788973,0.6757671985004575,0.7791249906937848
2020,vw,AU0000088338,AMPOL,AU,0.0010374427362331766,38.60584280182819,102.12553798196984
2020,vw,JP3499800005,MITSUBISHI HC CAPITAL,JP,0.0010341757498443017,0.5037038781783278,0.7599070415328197
2020,vw,AU000000ORI1,ORICA,AU,0.0010301535714386512,469.80767867492386,329.79989048289195
2020,vw,JP3766550002,HAKUHODO DY HDG.,JP,0.0010247698424626088,0.030042163393586632,0.07225938789305611
2020,vw,JP3039710003,JAPAN METROPOLITAN FUND INVESTMENT REIT,JP,0.0010213007365558623,10.25720289793113,1.1222956865920029
2020,vw,JP3695200000,NGK INSULATORS,JP,0.0010176129740797814,74.69920876857508,55.794502887230095
2020,vw,KYG0535Q1331,ASMPT,HK,0.0010175284513723078,1.1248412384404223,0.4153333863033884
2020,vw,JP3293200006,COCA-COLA BOTTLERS JAPAN HOLDINGS,JP,0.0010152426633701927,22.380571197144867,34.08515043581502
2020,vw,HK0392044647,BEIJING ENTERPRISES HOLDINGS,HK,0.0010135283223686067,81.26206714143744,128.55575195569213
2020,vw,NZTELE0001S4,SPARK NEW ZEALAND,NZ,0.0010083559001612488,1.0711183812103853,0.452822624731222
2020,vw,JP3626800001,LIXIL,JP,0.0010083228260583243,32.06149594939767,99.31445690481483
2020,vw,JP3792600003,HINO MOTORS,JP,0.000996423498806157,8.486030274027678,27.291871816716643
2020,vw,HK0144000764,CHINA MERCHANTS PORT HOLDINGS,HK,0.0009839031133990746,47.03661541980321,10.062242283443391
2020,vw,JP3174410005,OJI HOLDINGS,JP,0.0009670004093544968,453.78361375385623,1201.467679322329
2020,vw,JP3676800000,NISSHIN SEIFUN,JP,0.0009666237320711902,14.70940043837246,17.298143966179275
2020,vw,JP3522200009,CHUGOKU ELEC.POWER,JP,0.0009580134406098475,1517.2396623926413,3664.529462083463
2020,vw,JP3268950007,MEDIPAL HOLDINGS,JP,0.0009572086374386848,1.1432008791903419,6.54617002979207
2020,vw,JP3688370000,NIPPON EXPRESS HOLDINGS,JP,0.0009557570518103323,34.19731665744062,127.27000080745317
2020,vw,JP3830000000,BROTHER INDUSTRIES,JP,0.0009475895858381453,2.9171113381138314,3.366730074518769
2020,vw,JP3280200001,KEIKYU,JP,0.0009443152496486207,28.934344058161678,17.640053937621488
2020,vw,JP3870400003,MARUI GROUP,JP,0.0009375332210989374,6.036924905689269,2.735204885582358
2020,vw,BMG668971101,CTF SERVICES,HK,0.0009223944692103327,5.8766724787603275,3.8974336500018922
2020,vw,HK0293001514,CATHAY PACIFIC AIRWAYS,HK,0.0009110004407528453,547.143054965261,1519.760143284738
2020,vw,JP3595200001,TOSOH,JP,0.0008961722179416983,1040.2703221930035,1584.2911798837872
2020,vw,JP3939000000,YAMADA HOLDINGS,JP,0.0008952075566064006,0.7352174997271341,2.257795037366508
2020,vw,AU000000WOR2,WORLEY,AU,0.0008930540650159837,4.95129156199519,7.597900536799244
2020,vw,JP3657400002,NIKON,JP,0.0008903364762256879,6.425639849927353,7.646682488907233
2020,vw,SG1S83002349,UOL GROUP,SG,0.0008868600205182914,0.88934861207081,0.3074640842998562
2020,vw,JP3126340003,ALFRESA HOLDINGS,JP,0.0008854341591922133,1.3248057150199284,6.82988781485924
2020,vw,JP3799000009,HIROSE ELECTRIC,JP,0.0008816398246067091,1.805349808017563,0.4157835174660339
2020,vw,JP3605400005,TOHOKU ELECTRIC PWR.,JP,0.0008805869656636128,1443.48412915145,6385.056463930691
2020,vw,JP3209000003,CASIO COMPUTER,JP,0.0008786741800444797,1.6603441400964394,0.9560793219615937
2020,vw,JP3613000003,TOYO SUISAN KAISHA,JP,0.0008724139873409384,44.56452403306815,35.29937067709079
2020,vw,JP3955000009,YOKOGAWA ELECTRIC,JP,0.0008703891172618946,3.7506925385865895,2.955494475336399
2020,vw,JP3720800006,NSK,JP,0.0008562958745157363,16.393469090300318,28.32472147357218
2020,vw,JP3511800009,CHIBA BANK,JP,0.0008552448530228025,1.1270374151105291,0.5356083978584257
2020,vw,AU000000BSL0,BLUESCOPE STEEL,AU,0.0008539292387064726,1044.3024865561558,1811.7813124010192
2020,vw,JP3322930003,SUMCO,JP,0.0008452031878848943,9.075507130262933,5.434936204718829
2020,vw,JP3820000002,FUJI ELECTRIC,JP,0.0008428365520756307,26.672760092165866,48.37595024187976
2020,vw,JP3888300005,MITSUI CHEMICALS,JP,0.000838880521875829,299.7707270783931,825.7656402640698
2020,vw,HK0008011667,PCCW,HK,0.0008381620788623026,1.5234961867049854,1.613267420065548
2020,vw,JP3743000006,NH FOODS,JP,0.0008222644600565968,30.68900520531385,77.76484179994324
2020,vw,BMG988031446,YUE YUEN INDL.HDG.,HK,0.0008141998912935084,1.7661900014217828,4.062160076188069
2020,vw,JP3143000002,ITO EN,JP,0.0008067233065824108,5.278596632299338,5.466410049083807
2020,vw,JP3351500008,SHIZUOKA FINANCIAL GROUP,JP,0.0007926760000903143,0.6323190347092006,0.31525266573945293
2020,vw,JP3269600007,KURARAY,JP,0.0007887383443921373,386.08784829560625,476.4045781431637
2020,vw,JP3935600001,YAMAZAKI BAKING,JP,0.0007766773215256728,40.05612364905345,92.5021232904259
2020,vw,JP3040890000,JAPAN PRIME REALTY INV.,JP,0.0007745807908902926,4.377841957535272,0.3067237256613656
2020,vw,JP3551200003,ELEC.POWER DEV.,JP,0.0007669976340697716,6347.283908784305,12775.94777504941
2020,vw,JP3385980002,J S R DEAD - DELIST.25/06/24,JP,0.0007582954701003053,92.54353175150429,98.86379331651679
2020,vw,JP3600200004,TOHO GAS,JP,0.0007559435338923415,14.012338354610389,15.155964016343832
2020,vw,BMG524401079,KERRY PROPERTIES,HK,0.0007424658369506111,2.857528235921255,1.6410360478526211
2020,vw,AU000000AMP6,AMP,AU,0.0007398934067231506,0.02242057589933351,0.08816064608094887
2020,vw,JP3663900003,SOJITZ,JP,0.0007255557831053836,60.348893542818494,248.01720055410502
2020,vw,JP3246400000,KYUSHU ELEC.POWER,JP,0.000725338963986212,1024.3358857624469,4823.269234179347
2020,vw,JP3768600003,HASEKO,JP,0.000721436219841122,4.186119247648935,8.304022372264912
2020,vw,HK0014000126,HYSAN DEVELOPMENT,HK,0.0007185183489831167,0.044799114925312085,0.0058817361862311115
2020,vw,JP3122800000,AMADA,JP,0.0007130409100487885,3.2349920719033185,2.536721125599134
2020,vw,JP3126400005,ALPS ALPINE,JP,0.0007116205610731978,5.718816114182649,11.40601156248467
2020,vw,AU000000BLD2,BORAL DEAD - DELIST.08/07/24,AU,0.0007081643173175885,343.8663414455224,350.27996450496363
2020,vw,AU000000BPT9,BEACH ENERGY,AU,0.000707118808175142,460.78925948037624,157.8390331490995
2020,vw,JP3452000007,TAIYO YUDEN,JP,0.0007054173293246932,15.092382797005516,10.158604468223103
2020,vw,JP3131430005,AEON MALL DEAD - DELIST.27/06/25,JP,0.0006887277694989623,4.666377603005902,3.692360229225138
2020,vw,JP3292200007,JTEKT,JP,0.0006788716868274638,7.859171942815479,28.69021068358487
2020,vw,JP3667600005,JGC HOLDINGS,JP,0.0006775193235078846,24.172215671349072,32.37318565446616
2020,vw,JP3977400005,RINNAI,JP,0.00067701034981288,11.639866837108743,9.966861265134305
2020,vw,JP3738600000,NITERRA,JP,0.0006762037091915548,16.30584215390346,17.58094844733324
2020,vw,JP3134800006,IHI,JP,0.0006750497904895225,5.180332377181406,17.617533697711387
2020,vw,JP3243600008,CANON MARKETING JAPAN,JP,0.0006721080327794052,1.008982835040495,1.5760710585237696
2020,vw,JP3368000000,RESONAC HOLDINGS,JP,0.0006710790606884211,408.7178265134342,933.1285269547647
2020,vw,JP3419050004,SEGA SAMMY HDG.,JP,0.0006655336360980814,1.7357108549471663,1.5963335680070678
2020,vw,JP3544000007,TEIJIN,JP,0.000658466802773215,88.31772350648156,198.68344313942163
2020,vw,AU000000CGF5,CHALLENGER,AU,0.0006572651103669585,0.0011057830796390503,0.0005591199452062454
2020,vw,JP3896800004,MITSUBISHI GAS CHM.,JP,0.0006492152412051696,106.87877465523177,170.6648854875412
2020,vw,JP3613400005,TOYO SEIKAN GROUP HDG.,JP,0.0006370770454318812,60.233914816258235,125.75061000582606
2020,vw,JP3270000007,KURITA WATER IND.,JP,0.00063537372913127,10.757475204019654,7.518992686333653
2020,vw,JP3449020001,TAIHEIYO CEMENT,JP,0.000633944192904867,3065.6783573653906,7246.103770002869
2020,vw,JP3665200006,NICHIREI,JP,0.000625975171550227,7.843937028873532,12.328429358099777
2020,vw,JP3582600007,TOKYO TATEMONO,JP,0.0006247073309381215,5.031066414451511,4.397239886348261
2020,vw,SG1N31909426,COMFORTDELGRO CORPORATION,SG,0.0006195496083320633,264.9034627830355,224.24201981736704
2020,vw,NZCENE0001S6,CONTACT ENERGY,NZ,0.0006193842378174407,629.9981299455773,273.836286559336
2020,vw,AU000000BEN6,BENDIGO & ADELAIDE BANK,AU,0.0006178371047806396,1.3109072977887217,0.7384452500691456
2020,vw,HK0010000088,HANG LUNG GROUP,HK,0.0006126113965185699,2.5941416049127595,0.945081477971104
2020,vw,HK0200030994,MELCO INTL.DEV.,HK,0.0006125452483127209,2.8197807681316944,4.8988052206727115
2020,vw,JP3711200000,AOZORA BANK,JP,0.0006118047558972447,0.09620356674723715,0.043247918693912854
2020,vw,JP3903000002,MITSUBISHI MATERIALS,JP,0.0006105148658831896,675.5618392732547,2833.6072135844606
2020,vw,BMG8063F1068,SHANGRI-LA ASIA,HK,0.0006072736037965894,61.91604365074348,45.934619876670965
2020,vw,JP3765400001,HOUSE SHOKUHIN GP.HONSHA K K,JP,0.0006045358030545065,20.134575952506086,16.534552351310605
2020,vw,JP3224200000,KAWASAKI HEAVY INDUSTRY,JP,0.0006003923529381328,11.229623725587652,51.7075589206526
2020,vw,JP3148800000,IBIDEN,JP,0.0005954551243515711,52.5908395646071,43.818234557158114
2020,vw,JP3405400007,SUMITOMO HEAVY INDS.,JP,0.0005914311084957581,4.900985669377399,12.354136375498639
2020,vw,JP3485800001,DAICEL,JP,0.0005851856153935165,435.65261071157624,529.3945873642367
2020,vw,JP3300600008,KONICA MINOLTA,JP,0.000577740267335181,17.633792283660917,53.06352866343325
2020,vw,HK0000745908,YUEXIU PROPERTY COMPANY,HK,0.0005713183790173423,0.6224696401426575,1.1219374135657543
2020,vw,KYG5427W1309,LEE & MAN PAPER MNFG.,HK,0.0005660614341025105,1491.4486812129253,1691.7668606708237
2020,vw,AU000000JBH7,JB HI-FI,AU,0.0005621017290023838,0.06182837638065341,0.09806677693730918
2020,vw,JP3588600001,TBS HOLDINGS,JP,0.000555753338691044,1.3996562480413852,1.5357453406908044
2020,vw,NZFBUE0001S0,FLETCHER BUILDING,NZ,0.0005403757182813178,165.4590624645004,273.38569825563604
2020,vw,JP3404200002,SUMITOMO RUBBER INDS.,JP,0.0005375239956291617,44.661534930553145,125.45378720029534
2020,vw,JP3894900004,ISETAN MITSUKOSHI HDG.,JP,0.0005367945279146604,2.0967086791738487,7.726748385197559
2020,vw,BMG677491539,ORIENT OVERSEAS (INTL.),HK,0.0005336469757863464,798.3657640159895,1907.016541104852
2020,vw,KYG525621408,KINGBOARD HOLDINGS,HK,0.0005335918522814722,334.6404739078907,610.6216640610472
2020,vw,AU000000DOW2,DOWNER EDI,AU,0.0005304461376033205,36.866922075421265,111.08470795258516
2020,vw,JP3835620000,BENESSE HOLDINGS DEAD - DELIST.17/05/24,JP,0.0005241436835460424,0.02116544644661016,0.030849482570042348
2020,vw,JP3362700001,MITSUI OSK LINES,JP,0.0005223668692389322,1044.4559385284301,3917.3168852822305
2020,vw,JP3635400009,TOYOTA BOSHOKU,JP,0.0005198881489697578,4.108199059308499,19.025941895808298
2020,vw,AU000000ANN9,ANSELL,AU,0.0005151493650007432,83.53788952468084,43.77213663812014
2020,vw,JP3358200008,SHIMAMURA,JP,0.0005128617395484659,0.11478723541388779,0.20099170237463995
2020,vw,JP3494600004,SCREEN HOLDINGS,JP,0.0005116949586952963,4.052813996558519,4.523109296504968
2020,vw,JP3118000003,ASICS,JP,0.0005096278272625156,0.8261447050105547,1.0358528389506627
2020,vw,JP3634200004,TOYODA GOSEI,JP,0.0005095929157094285,15.88682586902229,44.35037517532821
2020,vw,JP3753000003,NIPPON YUSEN KK,JP,0.0005015687708499144,855.4142629653892,4894.562772465839
2020,vw,SG1R50925390,SEMBCORP INDUSTRIES,SG,0.0004992609334458499,3742.2930403180553,9680.583260339916
2020,vw,AU000000CWY3,CLEANAWAY WASTE MANAGEMENT,AU,0.0004971919645629068,484.0855435676989,279.16980797374606
2020,vw,JP3415400005,SEINO HDG.,JP,0.0004928408825781736,70.01591353524466,150.53575423160095
2020,vw,HK0165000859,CHINA EVERBRIGHT,HK,0.0004903309256562372,0.21518100804211848,0.03338904419645199
2020,vw,JP3166000004,EBARA,JP,0.000487288108187184,37.247714363717485,67.49673828611076
2020,vw,AU000000ILU1,ILUKA RESOURCES,AU,0.00048506295604043066,452.1374543188192,151.14380632379624
2020,vw,AU000000FLT9,FLIGHT CENTRE TRAVEL GP.,AU,0.00048026353621605445,24.969430283210414,20.086083213773314
2020,vw,JP3493400000,DIC,JP,0.00046417482259345183,35.79462644952791,100.17615460436467
2020,vw,JP3870000001,MABUCHI MOTOR,JP,0.00045775109682545055,2.6928634582140174,1.310597576297652
2020,vw,JP3548610009,DENA,JP,0.0004506695638992844,0.011715226279595592,0.0053003029326983845
2020,vw,JP3549600009,DENKA,JP,0.00044185347801974496,515.367589543036,771.8186392537978
2020,vw,JP3164800009,NOK,JP,0.00043896684381450183,7.428595219819907,17.999162829635832
2020,vw,JP3326410002,SANKYO,JP,0.0004370173091921193,1.261634629695353,0.4633386450498026
2020,vw,SG1P66918738,SINGAPORE PRESS HDG. DEAD - DELIST.13/05/22,SG,0.000425619605834307,0.17564098866553224,0.05258250012951354
2020,vw,AU000000IGO4,IGO,AU,0.0004215698656762193,104.71200737018536,27.692736845775652
2020,vw,BMG2442N1048,COSCO SHIPPING PORTS,HK,0.000421097640984464,80.62268913400901,36.460346896476494
2020,vw,AU000000BOQ8,BANK OF QLND.,AU,0.0004175421749200812,0.3718819894486816,0.24555535997183595
2020,vw,JP3638600001,DOWA HDG.,JP,0.0004065303360963879,275.48598618794387,537.5440118962066
2020,vw,JP3158800007,UBE,JP,0.0003963416749454821,1802.4635882591317,5285.069215862625
2020,vw,JP3215800008,KANEKA,JP,0.0003884829006005904,173.3203313181406,456.89960979070594
2020,vw,AU000000OZL8,OZ MINERALS DEAD - DELIST.03/05/23,AU,0.00038767258507894036,115.42784056643359,40.55046828195503
2020,vw,JP3535800001,TSUMURA,JP,0.0003845470823525759,31.92674922068979,17.41230773641433
2020,vw,JP3560800009,TOKAI CARBON,JP,0.00038210694853681344,757.1552205541296,877.5937101776826
2020,vw,NZAIRE0001S2,AIR NEW ZEALAND,NZ,0.0003655184484700184,836.5090721790109,1596.8842841846506
2020,vw,BMG4600H1198,HOPSON DEVELOPMENT HOLDINGS,HK,0.00036272552422306133,0.6005225966463443,0.7284442800913848
2020,vw,JP3733400000,NIPPON ELEC.GLASS,JP,0.00035948058723613626,310.25118087770653,375.1769823298797
2020,vw,JP3742600004,NHK SPRING,JP,0.0003576615115752892,14.143757479950812,44.18163790579036
2020,vw,JP3350800003,SHIKOKU ELECTRIC POWER,JP,0.0003544422988906387,1076.961976247086,3831.020378540065
2020,vw,JP3320800000,SAPPORO HOLDINGS,JP,0.00035385982718913516,26.399506016009838,62.0274065073579
2020,vw,MU0117U00026,GOLDEN AGRI-RESOURCES,SG,0.00035338025269673006,608.555596091616,2026.9741733872015
2020,vw,HK0363006039,SHANGHAI INDUSTRIAL HOLDINGS,HK,0.0003497604758766607,2.739877355126193,5.99366433588476
2020,vw,HK2380027329,CHIN.PWR.INTDVT.,HK,0.00034565009986321137,11570.6682561746,24961.99113303635
2020,vw,JP3456000003,TAKASHIMAYA,JP,0.00034552147835183834,2.917161521057796,13.269766650358426
2020,vw,JP3156400008,USHIO,JP,0.0003437648759965154,2.6749001419580054,2.1412383477294106
2020,vw,JP3274400005,GLORY,JP,0.00034151399954748747,1.427114706237239,1.6227005912957393
2020,vw,JP3992400006,WACOAL HDG.,JP,0.0003399099055556496,1.0154659332240077,0.9643764527812314
2020,vw,SG1T58930911,FRASER AND NEAVE,SG,0.0003310166467692863,32.65412472227797,25.739661393283374
2020,vw,JP3459600007,TAKARA HDG.,JP,0.0003265994165787042,33.51004034842649,48.38364857718317
2020,vw,JP3625000009,TOKUYAMA,JP,0.0003238818277884085,2412.1135568524896,4064.8561557183134
2020,vw,SGXE34184239,SEATRIUM,SG,0.00032287857999969895,24.041816478031727,28.821256423535036
2020,vw,JP3845400005,HOKURIKU ELEC.POWER,JP,0.0003171163362901875,2465.2140990870753,8256.800996610365
2020,vw,JP3718800000,NISSUI,JP,0.00031473500087962413,33.702905074218805,125.91468220376089
2020,vw,JP3491000000,DAIDO STEEL,JP,0.0003077067540081697,87.30309470920514,242.363731906559
2020,vw,JP3827200001,FURUKAWA ELECTRIC,JP,0.0003070893707535791,20.124580513649494,102.91513091762003
2020,vw,JP3400900001,SUMITOMO OSAKA CEMENT,JP,0.0003053548178002058,4018.5358853034377,5445.770952678959
2020,vw,JP3385820000,GS YUASA,JP,0.0003026831652639719,17.963002419730234,40.175438596491226
2020,vw,JP3289800009,KOBE STEEL,JP,0.00030238733578781394,886.8002847311069,9479.30655226683
2020,vw,AU000000IRE2,IRESS,AU,0.00029439993993154924,0.46659584582968955,0.09923730823482418
2020,vw,JP3375800004,SHINKO ELEC.INDS. DEAD - DELIST.06/06/25,JP,0.0002935859495095742,29.438308282215615,24.130830709918076
2020,vw,JP3172100004,OKUMA,JP,0.0002904053232783356,3.7088390192688454,4.112674630492003
2020,vw,AU000000CSR5,CSR DEAD - DEAD.10/07/24,AU,0.0002890106986050196,192.9513222932762,170.32659626547309
2020,vw,AU000000MTS0,METCASH,AU,0.00028748928987049294,1.6434646190953348,9.01822179329034
2020,vw,JP3678000005,NISSHINBO HOLDINGS,JP,0.00028604505404279017,52.6209139870954,158.4711739200257
2020,vw,NZSKCE0001S2,SKY CITY ENTM.GP.,NZ,0.00028299121187276213,9.098558754481077,3.0750650919078257
2020,vw,AU000000ABC7,ADBRI DEAD - DELIST.02/07/24,AU,0.0002806300884139859,2090.0335173113767,1391.441647896915
2020,vw,KYG548561284,LIFESTYLE INTL.HDG. DEAD - DELIST.21/12/22,HK,0.0002781807673474111,4.386061097831093e-05,1.3210475907394563e-05
2020,vw,JP3352400000,CITIZEN WATCH,JP,0.0002773539147742988,7.190001884542315,13.092848388485871
2020,vw,JP3276400003,GUNMA BANK,JP,0.000267547443257187,1.265850460765044,1.1530959837371573
2020,vw,JP3796150005,HIROGIN HOLDINGS,JP,0.00026315409991871705,1.859855469008979,1.449478762996013
2020,vw,JP3421100003,JAPAN PETROLEUM EXP.,JP,0.00026131481230608287,272.10897303699943,542.7532767058558
2020,vw,JP3165600002,NTN,JP,0.00025829588168914175,14.946984012030876,66.15779701649677
2020,vw,JP3389900006,JAFCO GROUP,JP,0.00025610380364531293,0.02074815817579472,0.0043765246089826374
2020,vw,AU000000CQR9,CHARTER HALL RETAIL REIT,AU,0.0002558906594264662,1.911420556128901,0.18884995404411764
2020,vw,AU000000SGM7,SIMS,AU,0.00025138890652841046,18.8642903940604,55.62296256231087
2020,vw,JP3888400003,MITSUI KINZOKU LIMITED,JP,0.0002510214164959161,173.1844068015802,560.7038810078029
2020,vw,JP3721400004,JAPAN STEEL WORKS,JP,0.00024813661974083546,45.13960115117382,65.83113651846806
2020,vw,HK0242001243,SHUN TAK HOLDINGS,HK,0.00024157692266081127,16.969176357051577,24.340934329220985
2020,vw,BMG2108M2182,CHINESE ESTATES HDG.,HK,0.00024141522704651373,0.014411921541499128,0.0007611161006499932
2020,vw,AU000000SBM8,ST BARBARA,AU,0.00023224267583545478,380.45794091814287,138.4559393642103
2020,vw,JP3223800008,KAWASAKI KISEN KAISHA,JP,0.00022625810065628424,1466.4534567712392,8385.151497925077
2020,vw,JP3619800000,TOYOBO,JP,0.00022396312540335706,226.9738444303736,573.4772906274612
2020,vw,JP3579800008,TOKYO STEEL MNFG.,JP,0.00021151072565228594,171.2903715226331,263.83056354301505
2020,vw,JP3811000003,FUJIKURA,JP,0.00020353067959667115,4.511011502998865,25.30514227935866
2020,vw,JP3194000000,OKI ELECTRIC IND.,JP,0.00019975104461246673,2.232054054104065,8.876746603379603
2020,vw,AU000000MND5,MONADELPHOUS GROUP,AU,0.00019847034184922397,9.277787149279948,8.503527320532523
2020,vw,AU000000IVC8,INVOCARE DEAD - DELIST.27/11/23,AU,0.00019477339212233078,16.297972305386985,5.15084621044886
2020,vw,SG2B80958517,OUE,SG,0.00018848563766635243,2.378705288102504,1.577403002534607
2020,vw,JP3850200001,HOKKAIDO ELEC.POWER,JP,0.00018121852227377666,1905.7255478596985,13272.496831432192
2020,vw,JP3425000001,CENTRAL GLASS,JP,0.00017360780370081864,190.17490782067762,417.00623392567974
2020,vw,JP3203500008,ONWARD HOLDINGS,JP,0.0001644260652389473,0.9708871475761781,2.4439577140558297
2020,vw,SG9999003735,XP POWER (DI),SG,0.00016103964458951184,0.7621657916746836,0.22146663167623198
2020,vw,HK0308001558,CTII.INTL.INV.HK.,HK,0.00015978099122821872,15.702023926226024,10.407254076680697
2020,vw,BMG684371393,PACIFIC BASIN SHIP.,HK,0.00015276376905773908,923.4695695831507,1776.542898038225
2020,vw,JP3528600004,CHIYODA CORPORATION,JP,0.00014828222811147048,0.37244682766564635,1.3097893432465924
2020,vw,AU000000ELD6,ELDERS,AU,0.00014306570710021318,13.054659556800846,18.717971770205878
2020,vw,BMG8403G1033,SINOFERT HOLDINGS,HK,0.00013126743960698204,298.41411120298505,1401.3591825307951
2020,vw,HK0000139300,TELEVISION BROADCASTS,HK,0.00012205078959202373,1.4341004406786877,1.0141515115018667
2020,vw,AU000000GWA4,GWA GROUP,AU,0.00011462932838580033,36.88911159582621,16.048729662579145
2020,vw,JP3826800009,FURUKAWA,JP,9.051095755319608e-05,3.1515636328578194,9.82155545179561
2020,vw,JP3686800008,NIPPON SHEET GLASS,JP,8.745344048284309e-05,557.4894579118923,6240.151276394579
2020,vw,JP3407200009,OSAKA TITANIUM,JP,8.03627203058646e-05,172.37200032319748,146.3325406987379
2020,vw,AU000000SIG5,SIGMA HEALTHCARE,AU,7.689545184928039e-05,2.0458566712125186,10.9441085808502
2020,vw,AU000000ERA9,ENERGY RES.OF AUS.,AU,7.493305507576056e-05,768.1159420289856,279.1594124714941
2020,vw,AU000000MAH3,MACMAHON HOLDINGS,AU,7.025674441226996e-05,7.325327628540405,16.003243017051993
2020,vw_50,JP3475350009,DAIICHI SANKYO,JP,0.027542849690194472,10.381105049369761,1.9005746196179993
2020,vw_50,KYG548561284,LIFESTYLE INTL.HDG. DEAD - DELIST.21/12/22,HK,0.02085262478203271,4.386061097831093e-05,1.3210475907394563e-05
2020,vw_50,JP3633400001,TOYOTA MOTOR,JP,0.018416288815497773,10.451421977282129,12.92205054306236
2020,vw_50,JP3902900004,MITSUBISHI UFJ FINL.GP.,JP,0.018081560112385008,0.17479709853980382,0.1529528182707986
2020,vw_50,JP3551500006,DENSO,JP,0.017832967098322272,14.643907137773997,22.038700702355722
2020,vw_50,JP3735400008,NTT,JP,0.017652050741028887,2.27477966165728,2.5003365452989974
2020,vw_50,JP3435000009,SONY GROUP,JP,0.017580219188549698,2.3658220560279766,2.084083224537907
2020,vw_50,AU000000CSL8,CSL,AU,0.016798755564992576,6.418713162922524,0.5852126115045426
2020,vw_50,JP3419400001,SEKISUI CHEMICAL,JP,0.015524994732893071,20.269883943440906,26.064078290589883
2020,vw_50,JP3496400007,KDDI,JP,0.015397838254387751,0.5250396934931375,0.35201570916780717
2020,vw_50,JP3638600001,DOWA HDG.,JP,0.01328906228297999,275.48598618794387,537.5440118962066
2020,vw_50,JP3389900006,JAFCO GROUP,JP,0.01280077663055685,0.02074815817579472,0.0043765246089826374
2020,vw_50,JP3385820000,GS YUASA,JP,0.01214397870963978,17.963002419730234,40.175438596491226
2020,vw_50,JP3826800009,FURUKAWA,JP,0.011535911003775892,3.1515636328578194,9.82155545179561
2020,vw_50,AU000000TLS2,TELSTRA GROUP,AU,0.01126434689995703,2.2192124931591066,1.2100337222512758
2020,vw_50,AU0000088338,AMPOL,AU,0.010960543067532276,38.60584280182819,102.12553798196984
2020,vw_50,AU000000BOQ8,BANK OF QLND.,AU,0.010337594941207997,0.3718819894486816,0.24555535997183595
2020,vw_50,JP3421800008,SECOM,JP,0.010157086409543194,7.070051297290416,3.320179564413739
2020,vw_50,HK0823032773,LINK REAL ESTATE INVESTMENT TRUST,HK,0.010120332489664348,1.9666609192933437,0.16036437550023896
2020,vw_50,AU000000CBA7,COMMONWEALTH BK.OF AUS.,AU,0.009874230934557261,0.4835959213629637,0.12499119393831626
2020,vw_50,HK0011000095,HANG SENG BANK DEAD - DELIST.28/01/26,HK,0.00965221612210824,0.019330171827464975,0.0037352558580478717
2020,vw_50,JP3274400005,GLORY,JP,0.009651758689474866,1.427114706237239,1.6227005912957393
2020,vw_50,HK0066009694,MTR,HK,0.009563295088054497,6.731963501230996,1.3634684216603163
2020,vw_50,JP3743000006,NH FOODS,JP,0.009251122583873094,30.68900520531385,77.76484179994324
2020,vw_50,SG1T75931496,SINGAPORE TELECOM,SG,0.009228045774451762,0.47379676688691513,0.1521083468711745
2020,vw_50,AU000000STO6,SANTOS,AU,0.009153425747065218,1318.174246747821,461.47709170358047
2020,vw_50,JP3756600007,NINTENDO,JP,0.008944189439048183,0.05085532719084927,0.011825659061403523
2020,vw_50,HK0688002218,CHINA OVERSEAS LAND INVESTMENT,HK,0.008717233589305916,0.9180002159557886,0.6141739947096014
2020,vw_50,JP3201200007,OLYMPUS,JP,0.008395076061812924,3.753309359052422,1.2387815502245467
2020,vw_50,HK0016000132,SUN HUNG KAI PROPERTIES,HK,0.008367665779688139,3.821275503326789,1.0610705022400377
2020,vw_50,AU000000WOW2,WOOLWORTHS GROUP,AU,0.008037721337438205,11.535481980847672,13.517605626823405
2020,vw_50,JP3456000003,TAKASHIMAYA,JP,0.00798156376020425,2.917161521057796,13.269766650358426
2020,vw_50,JP3910660004,TOKIO MARINE HOLDINGS,JP,0.007759417346065401,0.35415269464244664,0.44586893932784455
2020,vw_50,SG1L01001701,DBS GROUP HOLDINGS,SG,0.007745630951169793,0.06454165858269381,0.02126250404566294
2020,vw_50,JP3436100006,SOFTBANK GROUP,JP,0.007689737445579141,0.18038843589927808,0.18259803624206472
2020,vw_50,JP3684000007,NITTO DENKO,JP,0.007617565124123623,49.98106816305303,38.55611707680668
2020,vw_50,JP3194000000,OKI ELECTRIC IND.,JP,0.007461792138431941,2.232054054104065,8.876746603379603
2020,vw_50,JP3538800008,TDK,JP,0.0073775781175359195,8.82383755662255,7.935515782511518
2020,vw_50,JP3256000005,KYOWA KIRIN,JP,0.007207856434140886,6.108764806689676,1.3199543142958312
2020,vw_50,JP3039710003,JAPAN METROPOLITAN FUND INVESTMENT REIT,JP,0.007096572776817197,10.25720289793113,1.1222956865920029
2020,vw_50,JP3397200001,SUZUKI MOTOR,JP,0.007075893673945635,15.747623475630046,23.349005068055742
2020,vw_50,JP3621000003,TORAY INDS.,JP,0.0069180605875297715,157.63858173529223,304.0984685675293
2020,vw_50,AU000000APA1,APA GROUP,AU,0.006785667430037936,789.6395156276781,146.43219041016548
2020,vw_50,JP3613000003,TOYO SUISAN KAISHA,JP,0.006784877670907538,44.56452403306815,35.29937067709079
2020,vw_50,HK0003000038,HONG KONG AND CHINA GAS,HK,0.0065943437640311195,321.5855198567587,51.94869371581409
2020,vw_50,HK0006000050,POWER ASSETS HOLDINGS,HK,0.006394147870429026,37478.094008770466,423.8341009980945
2020,vw_50,JP3198900007,ORIENTAL LAND,JP,0.006110638821766134,10.951329343960616,1.1090435032978048
2020,vw_50,AU000000ALL7,ARISTOCRAT LEISURE,AU,0.00606062865195013,4.517191991188419,0.8740690015043188
2020,vw_50,AU000000BHP4,BHP GROUP,AU,0.005992555572229954,217.79976768932278,127.2453839748754
2020,vw_50,AU000000MTS0,METCASH,AU,0.005958897120979183,1.6434646190953348,9.01822179329034
2020,vw_50,JP3134800006,IHI,JP,0.0059450395296377755,5.180332377181406,17.617533697711387
2020,vw_50,JP3818000006,FUJITSU,JP,0.0059284620869142325,2.4296789472508324,3.823377536558301
2020,vw_50,KYG217651051,CK HUTCHISON HOLDINGS,HK,0.005807220651896713,231.3105233942915,262.03516400471557
2020,vw_50,JP3762600009,NOMURA HDG.,JP,0.005803694935987826,0.14699549360083797,0.15768769542851377
2020,vw_50,AU000000MND5,MONADELPHOUS GROUP,AU,0.005727052380348701,9.277787149279948,8.503527320532523
2020,vw_50,JP3837800006,HOYA,JP,0.005689374342274338,3.91643813006864,0.5697681043815167
2020,vw_50,JP3173400007,OBIC,JP,0.005668125678807174,0.4126246642266795,0.02167042889390519
2020,vw_50,JP3951600000,UNI CHARM,JP,0.005633710591864699,4.7679842777978685,1.45498289607829
2020,vw_50,JP3351600006,SHISEIDO,JP,0.005600298469127197,2.4947996186322947,1.0348183210024922
2020,vw_50,JP3711200000,AOZORA BANK,JP,0.005554975708153828,0.09620356674723715,0.043247918693912854
2020,vw_50,JP3322930003,SUMCO,JP,0.005517819837539309,9.075507130262933,5.434936204718829
2020,vw_50,JP3519400000,CHUGAI PHARM.,JP,0.005500060797475446,6.776080567092561,0.7180281798906447
2020,vw_50,AU000000NAB4,NATIONAL AUS.BANK,AU,0.005478515882843187,0.7431992605573048,0.3294565209399338
2020,vw_50,JP3814000000,FUJIFILM HOLDINGS,JP,0.005385042709984389,29.15738608870248,24.378417744407116
2020,vw_50,JP3162600005,SMC,JP,0.005330035297190723,10.467656920267164,1.7178091732568828
2020,vw_50,JP3942400007,ASTELLAS PHARMA,JP,0.005120400450125242,5.975342966127615,2.1949933544624174
2020,vw_50,JP3463000004,TAKEDA PHARMACEUTICAL,JP,0.0050841422426191355,11.184380559128343,5.482127605492269
2020,vw_50,KYG210961051,CHINA MENGNIU DAIRY,HK,0.005033747304553307,18.178459495016245,14.194349026875985
2020,vw_50,HK0019000162,SWIRE PACIFIC 'A',HK,0.004994888922572416,20.495943798308303,28.561968096534397
2020,vw_50,HK2388011192,BOC HONG KONG HOLDINGS,HK,0.004955245840274389,0.0384334923995172,0.01787713434936468
2020,vw_50,JP3228600007,KANSAI ELECTRIC PWR.,JP,0.004891818703320834,881.3949286034365,2456.4889143466444
2020,vw_50,JP3209000003,CASIO COMPUTER,JP,0.004777372940568113,1.6603441400964394,0.9560793219615937
2020,vw_50,JP3665200006,NICHIREI,JP,0.004670477532216312,7.843937028873532,12.328429358099777
2020,vw_50,JP3885400006,MISUMI GROUP,JP,0.0045653078096996,3.50603711148487,1.4082553753585516
2020,vw_50,JP3802300008,FAST RETAILING,JP,0.004451273412257113,0.6239330785071723,0.23176657515332785
2020,vw_50,JP3967200001,RAKUTEN GROUP,JP,0.004425025706350652,0.23265549020081738,0.24200857273990384
2020,vw_50,JP3672400003,NISSAN MOTOR,JP,0.004278019931577264,7.917226849520452,33.39282027014461
2020,vw_50,JP3200450009,ORIX,JP,0.00424085137334243,53.27976558823628,50.782726756150886
2020,vw_50,JP3670800006,NISSAN CHEMICAL,JP,0.004165498320666981,119.63048548791552,36.08161348396692
2020,vw_50,AU000000ANN9,ANSELL,AU,0.004137267077818519,83.53788952468084,43.77213663812014
2020,vw_50,JP3260800002,KINTETSU GROUP HDG.,JP,0.004080021854836357,4.700455666768259,5.311476717121626
2020,vw_50,AU000000WBC1,WESTPAC BANKING,AU,0.004028233107125008,0.30519165404914456,0.1265747885489319
2020,vw_50,JP3902400005,MITSUBISHI ELECTRIC,JP,0.0039493255821613825,6.393396957524731,8.470079842488477
2020,vw_50,JP3914400001,MURATA MANUFACTURING,JP,0.003852596994520641,20.81591125629992,7.542227464313423
2020,vw_50,BMG668971101,CTF SERVICES,HK,0.0037802296861104904,5.8766724787603275,3.8974336500018922
2020,vw_50,KYG0535Q1331,ASMPT,HK,0.003755569441656346,1.1248412384404223,0.4153333863033884
2020,vw_50,JP3420600003,SEKISUI HOUSE,JP,0.0037532642198727794,3.195784804853452,4.750285518921859
2020,vw_50,JP3566800003,CENTRAL JAPAN RAILWAY,JP,0.003703242094473706,4.136636152080652,1.7830815361662673
2020,vw_50,AU000000CWY3,CLEANAWAY WASTE MANAGEMENT,AU,0.0037005658079370374,484.0855435676989,279.16980797374606
2020,vw_50,JP3407200009,OSAKA TITANIUM,JP,0.003678294302723477,172.37200032319748,146.3325406987379
2020,vw_50,JP3898400001,MITSUBISHI,JP,0.0036648525085073366,48.767534404362486,168.2020832875186
2020,vw_50,HK0388045442,HONG KONG EXCHANGES AND CLEARING,HK,0.003647692479534736,0.09493830154234706,0.003926268462627009
2020,vw_50,JP3900000005,MITSUBISHI HEAVY INDS.,JP,0.003596943209492099,4.983517084587552,14.869828715648687
2020,vw_50,JP3626800001,LIXIL,JP,0.0035851333521970986,32.06149594939767,99.31445690481483
2020,vw_50,AU000000MQG1,MACQUARIE GROUP,AU,0.0035821120679055147,0.04237772626707403,0.01417199874502049
2020,vw_50,JP3866800000,PANASONIC HOLDINGS,JP,0.003581350778464955,5.5237543887822005,16.06825464969969
2020,vw_50,JP3768600003,HASEKO,JP,0.0035388097776132593,4.186119247648935,8.304022372264912
2020,vw_50,BMG4600H1198,HOPSON DEVELOPMENT HOLDINGS,HK,0.0035275311882566984,0.6005225966463443,0.7284442800913848
2020,vw_50,BMG988031446,YUE YUEN INDL.HDG.,HK,0.003519913381546544,1.7661900014217828,4.062160076188069
2020,vw_50,JP3906000009,MINEBEA MITSUMI,JP,0.003498414225777221,7.782128243906513,7.885406592011884
2020,vw_50,JP3955000009,YOKOGAWA ELECTRIC,JP,0.0034710256611866458,3.7506925385865895,2.955494475336399
2020,vw_50,JP3573000001,TOKYO GAS,JP,0.003451061691551341,188.65962478881906,350.3478215176417
2020,vw_50,AU000000ANZ3,ANZ GROUP HOLDINGS,AU,0.0034393164113672697,0.4789871762810046,0.24491334228003453
2020,vw_50,JP3027680002,JAPAN REAL ESTATE INV.,JP,0.0033988739313532633,5.114518664485662,0.3231851060828917
2020,vw_50,HK0293001514,CATHAY PACIFIC AIRWAYS,HK,0.00337992576602096,547.143054965261,1519.760143284738
2020,vw_50,JP3502200003,DAIWA SECURITIES GROUP,JP,0.003357265203770948,0.13405190094244046,0.10195811260028427
2020,vw_50,JP3027670003,NIPPON BUILDING FUND,JP,0.0033415873534958676,18.059733457258957,1.1404447752301972
2020,vw_50,JP3409000001,SUMITOMO REAL.&DEV.,JP,0.0033413429901775617,4.534856911348435,2.3924833915601056
2020,vw_50,JP3283650004,KOSE HOLDINGS,JP,0.0033285121970444134,2.3671518959338083,0.924503536772395
2020,vw_50,JP3899600005,MITSUBISHI ESTATE,JP,0.003326522621413954,10.579180902107336,4.31455953768436
2020,vw_50,JP3160400002,EISAI,JP,0.003276033691218191,8.12590694959989,2.088599843746701
2020,vw_50,JP3982100004,LAWSON DEAD - DELIST.24/07/24,JP,0.0032588737855899215,0.6757671985004575,0.7791249906937848
2020,vw_50,AU000000IVC8,INVOCARE DEAD - DELIST.27/11/23,AU,0.0032541874334522857,16.297972305386985,5.15084621044886
2020,vw_50,JP3935600001,YAMAZAKI BAKING,JP,0.0031930343068835815,40.05612364905345,92.5021232904259
2020,vw_50,JP3197800000,OMRON,JP,0.0031673864918851254,5.405336595121996,2.801982585573138
2020,vw_50,JP3205800000,KAO,JP,0.00314194973258185,44.577001523650594,15.967405755368459
2020,vw_50,JP3358000002,SHIMANO,JP,0.0030628935878305365,5.526336818332414,1.288653498416837
2020,vw_50,JP3659000008,WEST JAPAN RAILWAY,JP,0.0030276280492687654,11.373483861798062,10.357020063520983
2020,vw_50,HK0363006039,SHANGHAI INDUSTRIAL HOLDINGS,HK,0.0029051104592926597,2.739877355126193,5.99366433588476
2020,vw_50,JP3277800003,KEIO,JP,0.0028778439204547443,24.677844413319953,13.738750086812766
2020,vw_50,KYG2108Y1052,CHINA RESOURCES LAND,HK,0.0028625036228095723,24.292159766259147,17.475352342576787
2020,vw_50,JP3792600003,HINO MOTORS,JP,0.0028500479919280914,8.486030274027678,27.291871816716643
2020,vw_50,JP3711600001,NIPPON SANSO HOLDINGS,JP,0.002834587294508538,134.78460315207957,111.52443709590786
2020,vw_50,JP3634200004,TOYODA GOSEI,JP,0.0027947606880119446,15.88682586902229,44.35037517532821
2020,vw_50,JP3893200000,MITSUI FUDOSAN,JP,0.0027559462255354913,5.9110993394346485,3.931691398517752
2020,vw_50,JP3890350006,SUMITOMO MITSUI FINL.GP.,JP,0.0027374048172692797,0.27404561880963546,0.2768394132871047
2020,vw_50,JP3734800000,NIDEC,JP,0.002676786493687172,4.455828367240749,1.6322554743084305
2020,vw_50,JP3634600005,TOYOTA INDS.,JP,0.0026673089172043088,11.570087488793124,13.411914059269744
2020,vw_50,JP3786200000,HITACHI METALS DEAD - DELIST.29/12/22,JP,0.002590085907981799,40.9354725627629,51.49568165548198
2020,vw_50,JP3116000005,ASAHI GROUP HOLDINGS,JP,0.0025850835970119604,24.093634420155727,20.729415757310925
2020,vw_50,JP3592200004,TOSHIBA DEAD - DELIST.20/12/23,JP,0.0025803945057655225,9.925151947873102,21.844419945320688
2020,vw_50,HK0010000088,HANG LUNG GROUP,HK,0.0024688196576598443,2.5941416049127595,0.945081477971104
2020,vw_50,AU000000OZL8,OZ MINERALS DEAD - DELIST.03/05/23,AU,0.002354669213265606,115.42784056643359,40.55046828195503
2020,vw_50,JP3190000004,OBAYASHI,JP,0.0023395568414341437,13.686648415334146,32.38659685444552
2020,vw_50,SG1R89002252,CITY DEVELOPMENTS,SG,0.0023227545840869743,0.5806832426789014,0.2095309961866799
2020,vw_50,JP3452000007,TAIYO YUDEN,JP,0.0022744637465528794,15.092382797005516,10.158604468223103
2020,vw_50,JP3156400008,USHIO,JP,0.002238298905004555,2.6749001419580054,2.1412383477294106
2020,vw_50,AU000000SBM8,ST BARBARA,AU,0.002204081744908264,380.45794091814287,138.4559393642103
2020,vw_50,HK0000745908,YUEXIU PROPERTY COMPANY,HK,0.0021886763287433443,0.6224696401426575,1.1219374135657543
2020,vw_50,JP3893600001,MITSUI,JP,0.0020920056255523093,50.22393815432174,106.21160778867947
2020,vw_50,JP3522200009,CHUGOKU ELEC.POWER,JP,0.002071449295998701,1517.2396623926413,3664.529462083463
2020,vw_50,JP3548610009,DENA,JP,0.0020681045589625827,0.011715226279595592,0.0053003029326983845
2020,vw_50,HK0012000102,HENDERSON LD.DEV.,HK,0.002062519693381517,0.28650598563037577,0.04089068343368054
2020,vw_50,JP3544000007,TEIJIN,JP,0.002051239385034309,88.31772350648156,198.68344313942163
2020,vw_50,JP3571400005,TOKYO ELECTRON,JP,0.0020000317644803156,2.710655441326169,0.7654432969173685
2020,vw_50,AU000000RHC8,RAMSAY HEALTH CARE,AU,0.00199303722325585,6.519364369016399,5.227429511486059
2020,vw_50,JP3243600008,CANON MARKETING JAPAN,JP,0.0019836901643421425,1.008982835040495,1.5760710585237696
2020,vw_50,JP3774200004,HANKYU HANSHIN HDG.,JP,0.0019152625777874607,17.64846483837123,12.512521593113364
2020,vw_50,JP3249600002,KYOCERA,JP,0.0018950623111053126,11.02540332140791,6.611576621094265
2020,vw_50,JP3675600005,NISSIN FOODS HOLDINGS,JP,0.0018776860241591135,59.73222560626446,31.025325949142896
2020,vw_50,HK0014000126,HYSAN DEVELOPMENT,HK,0.0018467379316565947,0.044799114925312085,0.0058817361862311115
2020,vw_50,JP3585800000,TOKYO ELECTRIC POWER CO. HDG.,JP,0.0017966141404931028,3.2325625674332015,28.776371435157493
2020,vw_50,HK0000049939,CHINA UNICOM (HONG KONG),HK,0.0017640997658499229,4.70966937037796,7.763453774261278
2020,vw_50,SG1U68934629,KEPPEL,SG,0.0017438231715295816,7.590695323289675,4.750853088065806
2020,vw_50,AU000000TAH8,TABCORP HOLDINGS,AU,0.0017420118430760394,1.20317384651726,0.7235237188767226
2020,vw_50,JP3939000000,YAMADA HOLDINGS,JP,0.0017350918364675409,0.7352174997271341,2.257795037366508
2020,vw_50,JP3371200001,SHIN-ETSU CHEMICAL,JP,0.0017166147426335408,131.60476623720805,38.69074609474238
2020,vw_50,JP3539220008,T & D HOLDINGS,JP,0.0016934039796887045,0.09114852307287043,0.25389900752535716
2020,vw_50,JP3695200000,NGK INSULATORS,JP,0.0016764994774677723,74.69920876857508,55.794502887230095
2020,vw_50,JP3551520004,DENTSU GROUP,JP,0.001610639744046455,0.3672493655352239,0.367583687591247
2020,vw_50,AU000000DXS1,DEXUS STAPLED UNITS,AU,0.0015993088124744087,28.06484164349426,1.8672613464272259
2020,vw_50,JP3796150005,HIROGIN HOLDINGS,JP,0.0015975653367786443,1.859855469008979,1.449478762996013
2020,vw_50,AU000000IGO4,IGO,AU,0.0015751857882135062,104.71200737018536,27.692736845775652
2020,vw_50,JP3493400000,DIC,JP,0.0015293703932313027,35.79462644952791,100.17615460436467
2020,vw_50,AU000000GPT8,GPT GROUP STAPLED UNITS,AU,0.0015257242244734119,12.923055037165014,0.8822450734714375
2020,vw_50,SG1F60858221,SINGAPORE TECHS.ENGR.,SG,0.0015243402617661586,5.9130064576987,3.6790126395725418
2020,vw_50,AU000000ELD6,ELDERS,AU,0.0015055939290019112,13.054659556800846,18.717971770205878
2020,vw_50,JP3511800009,CHIBA BANK,JP,0.0014773581303559413,1.1270374151105291,0.5356083978584257
2020,vw_50,JP3122400009,ADVANTEST,JP,0.0014757238315428647,1.792977531350092,0.4273895655890344
2020,vw_50,JP3164800009,NOK,JP,0.0014504272541780911,7.428595219819907,17.999162829635832
2020,vw_50,JP3783600004,EAST JAPAN RAILWAY,JP,0.0014174662444091915,50.47033121407211,42.2429561379317
2020,vw_50,JP3830800003,BRIDGESTONE,JP,0.0013594005531965686,46.375066987920896,58.77075342230225
2020,vw_50,JP3820000002,FUJI ELECTRIC,JP,0.0013521972338926549,26.672760092165866,48.37595024187976
2020,vw_50,AU000000QBE9,QBE INSURANCE GROUP,AU,0.0013487517193938728,0.4666215942665178,0.5506658737301762
2020,vw_50,BMG8403G1033,SINOFERT HOLDINGS,HK,0.00130162411031036,298.41411120298505,1401.3591825307951
2020,vw_50,JP3903000002,MITSUBISHI MATERIALS,JP,0.001296159361414375,675.5618392732547,2833.6072135844606
2020,vw_50,AU000000WES1,WESFARMERS,AU,0.0012539514471842585,130.1950447271667,73.29393628405138
2020,vw_50,SG1S83002349,UOL GROUP,SG,0.0012261429722363992,0.88934861207081,0.3074640842998562
2020,vw_50,AU000000ERA9,ENERGY RES.OF AUS.,AU,0.001224210231632011,768.1159420289856,279.1594124714941
2020,vw_50,JP3771800004,HAMAMATSU PHOTONICS,JP,0.001172855893405432,9.613101945759148,1.8146931146322751
2020,vw_50,JP3657400002,NIKON,JP,0.0011714976868363472,6.425639849927353,7.646682488907233
2020,vw_50,JP3486800000,DAITO TST.CONSTRUCTION,JP,0.00116189124510376,2.5037704849439244,4.048063935164341
2020,vw_50,BMG524401079,KERRY PROPERTIES,HK,0.0011608062038611804,2.857528235921255,1.6410360478526211
2020,vw_50,JP3635400009,TOYOTA BOSHOKU,JP,0.0011506244080188139,4.108199059308499,19.025941895808298
2020,vw_50,JP3942600002,YAMAHA,JP,0.0011271394479096398,5.87932907141621,2.3689335987912257
2020,vw_50,JP3546800008,TERUMO,JP,0.0011215697484842904,10.553809756009464,2.2361738045162802
2020,vw_50,JP3131430005,AEON MALL DEAD - DELIST.27/06/25,JP,0.001116704243260972,4.666377603005902,3.692360229225138
2020,vw_50,JP3535800001,TSUMURA,JP,0.0010756762871508598,31.92674922068979,17.41230773641433
2020,vw_50,HK0000608585,NEW WORLD DEVELOPMENT COMPANY,HK,0.0010571267779517866,4.595177207941776,2.7575285715285234
2020,vw_50,BMG684371393,PACIFIC BASIN SHIP.,HK,0.0010458528846666957,923.4695695831507,1776.542898038225
2020,vw_50,JP3613400005,TOYO SEIKAN GROUP HDG.,JP,0.0010401216809770933,60.233914816258235,125.75061000582606
2020,vw_50,HK0023000190,BANK OF EAST ASIA,HK,0.0010162855847640519,0.7768498163907586,0.5542052493773548
2020,vw_50,JP3494600004,SCREEN HOLDINGS,JP,0.0010109232395423761,4.052813996558519,4.523109296504968
2020,vw_50,JP3336000009,SANTEN PHARM.,JP,0.0009942703499718315,6.838921403373855,2.0151717559766125
2020,vw_50,JP3276400003,GUNMA BANK,JP,0.0009700969510523312,1.265850460765044,1.1530959837371573
2020,vw_50,JP3894900004,ISETAN MITSUKOSHI HDG.,JP,0.0009356364673185351,2.0967086791738487,7.726748385197559
2020,vw_50,JP3119600009,AJINOMOTO,JP,0.0009253831447913021,98.99122856719717,104.74763460745285
2020,vw_50,JP3401400001,SUMITOMO CHEMICAL,JP,0.0009191281801519864,297.37407938282706,904.2564107074278
2020,vw_50,AU000000NCM7,NEWCREST MINING DEAD - DELIST.08/11/23,AU,0.0009144033808005989,377.3724761561698,90.93940917048253
2020,vw_50,AU000000CIM7,CIMIC GROUP DEAD - DELIST.11/05/22,AU,0.000900950776411703,242.0227147073489,386.9163687793606
2020,vw_50,AU000000CQR9,CHARTER HALL RETAIL REIT,AU,0.0008666252597531866,1.911420556128901,0.18884995404411764
2020,vw_50,JP3799000009,HIROSE ELECTRIC,JP,0.0008573888484126541,1.805349808017563,0.4157835174660339
2020,vw_50,HK0083000502,SINO LAND,HK,0.0008383777108206076,4.666387497851438,0.428393358107872
2020,vw_50,AU000000WOR2,WORLEY,AU,0.000812181035984209,4.95129156199519,7.597900536799244
2020,vw_50,JP3165700000,NTT DATA GROUP DEAD - DELIST.26/09/25,JP,0.000803209746786304,0.4366286138827652,0.4532103021902413
2020,vw_50,JP3148800000,IBIDEN,JP,0.000791198676799762,52.5908395646071,43.818234557158114
2020,vw_50,JP3429800000,ANA HOLDINGS,JP,0.0007718432480134666,649.1721932046732,1143.629562740366
2020,vw_50,JP3596200000,TOTO,JP,0.0007489963349346551,32.80969421905807,24.30279682461259
2020,vw_50,JP3294460005,INPEX,JP,0.0007477366638887529,622.0902198775028,553.9245152616005
2020,vw_50,AU000000CPU5,COMPUTERSHARE,AU,0.0007373206755160272,1.0187502355139524,0.3535069178442539
2020,vw_50,SG2B80958517,OUE,SG,0.0007245590107438111,2.378705288102504,1.577403002534607
2020,vw_50,JP3112000009,AGC,JP,0.0007213206350226251,463.2591256999105,826.7346218925564
2020,vw_50,HK0008011667,PCCW,HK,0.0007198231898864146,1.5234961867049854,1.613267420065548
2020,vw_50,JP3940000007,YAMATO HDG.,JP,0.0006957118215225116,44.2211471349182,94.50623115965747
2020,vw_50,JP3246400000,KYUSHU ELEC.POWER,JP,0.0006843754937595639,1024.3358857624469,4823.269234179347
2020,vw_50,JP3126400005,ALPS ALPINE,JP,0.0006741427239619023,5.718816114182649,11.40601156248467
2020,vw_50,JP3505000004,DAIWA HOUSE INDUSTRY,JP,0.000673317186903679,6.8466822420575495,12.984492454509306
2020,vw_50,JP3598600009,TOHO,JP,0.0006306970977257553,2.872148160276069,0.9826042495497385
2020,vw_50,AU000000TCL6,TRANSURBAN GROUP STAPLED UNITS,AU,0.0006304042884488204,1.5078421751294442,0.14608228666455617
2020,vw_50,JP3404600003,SUMITOMO,JP,0.0006057646647884458,15.824043983489688,42.0045727705357
2020,vw_50,JP3326410002,SANKYO,JP,0.0005933454003678844,1.261634629695353,0.4633386450498026
2020,vw_50,JP3667600005,JGC HOLDINGS,JP,0.0005658996571913493,24.172215671349072,32.37318565446616
2020,vw_50,JP3854600008,HONDA MOTOR,JP,0.0005596588920468599,8.684441874907968,26.487508576398948
2020,vw_50,SG1M51904654,CAPITALAND INTEG. COML. TST.,SG,0.0005501614102823065,0.024350494054131148,0.0020941124029790247
2020,vw_50,JP3560800009,TOKAI CARBON,JP,0.0005461382357293376,757.1552205541296,877.5937101776826
2020,vw_50,JP3973400009,RICOH,JP,0.0005398104657778342,7.359913000009374,15.909805611525874
2020,vw_50,AU000000SHL7,SONIC HEALTHCARE,AU,0.0005319923648387107,1.7390656305283043,0.7641612945415482
2020,vw_50,AU000000SIG5,SIGMA HEALTHCARE,AU,0.0005313578998606032,2.0458566712125186,10.9441085808502
2020,vw_50,JP3663900003,SOJITZ,JP,0.0005300905356443687,60.348893542818494,248.01720055410502
2020,vw_50,BMG677491539,ORIENT OVERSEAS (INTL.),HK,0.00046678618758174713,798.3657640159895,1907.016541104852
2020,vw_50,JP3888300005,MITSUI CHEMICALS,JP,0.0004555275739426204,299.7707270783931,825.7656402640698
2020,vw_50,NZCENE0001S6,CONTACT ENERGY,NZ,0.0004469122244626226,629.9981299455773,273.836286559336
2020,vw_50,JP3830000000,BROTHER INDUSTRIES,JP,0.00044511973197890447,2.9171113381138314,3.366730074518769
2020,vw_50,SG9999003735,XP POWER (DI),SG,0.00044344695820309685,0.7621657916746836,0.22146663167623198
2020,vw_50,JP3720800006,NSK,JP,0.00044146878070522484,16.393469090300318,28.32472147357218
2020,vw_50,JP3579800008,TOKYO STEEL MNFG.,JP,0.00043851824958658083,171.2903715226331,263.83056354301505
2020,vw_50,JP3635000007,TOYOTA TSUSHO,JP,0.0004377155581076186,6.8192892949485975,35.88608193290731
2020,vw_50,JP3351500008,SHIZUOKA FINANCIAL GROUP,JP,0.0004366630640063151,0.6323190347092006,0.31525266573945293
2020,vw_50,AU000000SGP0,STOCKLAND STAPLED UNITS,AU,0.00042581216358143753,10.904817763838198,2.6880950676497957
2020,vw_50,BMG2442N1048,COSCO SHIPPING PORTS,HK,0.0004233076542119485,80.62268913400901,36.460346896476494
2020,vw_50,JP3320800000,SAPPORO HOLDINGS,JP,0.00042323961327516725,26.399506016009838,62.0274065073579
2020,vw_50,JP3526600006,CHUBU ELEC.POWER,JP,0.0004212664562214111,2.092807793951074,5.661199834692965
2020,vw_50,JP3678000005,NISSHINBO HOLDINGS,JP,0.000412344283161056,52.6209139870954,158.4711739200257
2020,vw_50,JP3143900003,ITOCHU TECHNO-SOLUTIONS DEAD - DELIST.01/12/23,JP,0.000407657626460099,0.22929922437439412,0.1413398909823472
2020,vw_50,AU000000BPT9,BEACH ENERGY,AU,0.00040620162033223753,460.78925948037624,157.8390331490995
2020,vw_50,JP3756100008,NITORI HOLDINGS,JP,0.00039634782416663687,6.472821171273371,2.136691855583543
2020,vw_50,JP3443600006,TAISEI,JP,0.00039545827949347557,17.551546659276983,30.980723105623166
2020,vw_50,JP3421100003,JAPAN PETROLEUM EXP.,JP,0.00038766491641506294,272.10897303699943,542.7532767058558
2020,vw_50,JP3877600001,MARUBENI,JP,0.0003794442294571705,12.116760616727786,61.56363436584595
2020,vw_50,JP3118000003,ASICS,JP,0.0003772892489485061,0.8261447050105547,1.0358528389506627
2020,vw_50,AU000000QAN2,QANTAS AIRWAYS,AU,0.0003769540612324337,765.507626784995,1469.0502552553025
2020,vw_50,JP3375800004,SHINKO ELEC.INDS. DEAD - DELIST.06/06/25,JP,0.00034526967072232365,29.438308282215615,24.130830709918076
2020,vw_50,KYG525621408,KINGBOARD HOLDINGS,HK,0.00033844170211797333,334.6404739078907,610.6216640610472
2020,vw_50,BMG8063F1068,SHANGRI-LA ASIA,HK,0.0003333988884977005,61.91604365074348,45.934619876670965
2020,vw_50,JP3405400007,SUMITOMO HEAVY INDS.,JP,0.00032883509428724574,4.900985669377399,12.354136375498639
2020,vw_50,JP3347200002,SHIONOGI,JP,0.00032458779935448656,13.42101963429451,2.2893146701366027
2020,vw_50,AU000000COH5,COCHLEAR,AU,0.0003203490545878252,0.5522433031855251,0.06021623985668751
2020,vw_50,JP3137200006,ISUZU MOTORS,JP,0.0003149031734889037,6.616849402532178,15.125675770973551
2020,vw_50,JP3742600004,NHK SPRING,JP,0.0003133097846227412,14.143757479950812,44.18163790579036
2020,vw_50,JP3788600009,HITACHI,JP,0.00031270257804875306,18.395212041308625,41.93967430142345
2020,vw_50,JP3304200003,KOMATSU,JP,0.0003018947272577854,5.491109379123695,5.918172024615897
2020,vw_50,AU000000BSL0,BLUESCOPE STEEL,AU,0.00029647377664070656,1044.3024865561558,1811.7813124010192
2020,vw_50,AU000000ASX7,ASX,AU,0.0002685821205676981,0.049745656338772544,0.002747949529691905
2020,vw_50,BMG2178K1009,CKI HOLDINGS,HK,0.00026607947711103434,9655.811994900696,454.6207253931041
2020,vw_50,SG1J26887955,SINGAPORE EXCHANGE,SG,0.0002490799887922344,0.06445929395586687,0.00668926150552979
2020,vw_50,JP3188220002,OTSUKA HOLDINGS,JP,0.00023597965470156698,28.69538034391167,14.808952835802664
2020,vw_50,JP3814800003,SUBARU,JP,0.00023544782333984672,9.268376256986352,14.258597599702718
2020,vw_50,JP3402600005,SUMITOMO METAL MINING,JP,0.00023453140913046804,247.48228489197712,235.28329052703216
2020,vw_50,US89677Q1076,TRIP COM GROUP ADR 1:1,SG,0.0002322093359397305,0.006577118552755358,0.001892560456173866
2020,vw_50,SG9999000020,FLEX,SG,0.0002278723691364542,4.134571739165733,15.690061356839916
2020,vw_50,JP3268950007,MEDIPAL HOLDINGS,JP,0.00022361374531011107,1.1432008791903419,6.54617002979207
2020,vw_50,AU000000CGF5,CHALLENGER,AU,0.00021301246470322696,0.0011057830796390503,0.0005591199452062454
2020,vw_50,JP3166000004,EBARA,JP,0.00021026687905864827,37.247714363717485,67.49673828611076
2020,vw_50,HK0144000764,CHINA MERCHANTS PORT HOLDINGS,HK,0.00020776428441030343,47.03661541980321,10.062242283443391
2020,vw_50,JP3726800000,JAPAN TOBACCO,JP,0.00020635316185434264,16.98471491631534,8.066444358064928
2020,vw_50,JP3165600002,NTN,JP,0.00019463738148544718,14.946984012030876,66.15779701649677
2020,vw_50,JP3270000007,KURITA WATER IND.,JP,0.00019070806298307526,10.757475204019654,7.518992686333653
2020,vw_50,AU000000SUN6,SUNCORP GROUP,AU,0.0001849144584285113,0.21129859150751706,0.20104520930057526
2020,vw_50,JP3733000008,NEC,JP,0.00017167232499346307,0.9253716586208567,2.1724254043426785
2020,vw_50,JP3419050004,SEGA SAMMY HDG.,JP,0.00016689486895833173,1.7357108549471663,1.5963335680070678
2020,vw_50,JP3629000005,TOPPAN HOLDINGS,JP,0.00016634405816268034,18.29617161096772,35.081201751844716
2020,vw_50,JP3582600007,TOKYO TATEMONO,JP,0.00015585013388088898,5.031066414451511,4.397239886348261
2020,vw_50,JP3778630008,BANDAI NAMCO HDG.,JP,0.00015045590855194954,0.9260498061512389,0.48496800262939116
2020,vw_50,JP3491000000,DAIDO STEEL,JP,0.00013439599051468963,87.30309470920514,242.363731906559
2020,vw_50,JP3870400003,MARUI GROUP,JP,0.00012274014490641546,6.036924905689269,2.735204885582358
2020,vw_50,JP3280200001,KEIKYU,JP,0.00011530007474640602,28.934344058161678,17.640053937621488
2020,vw_50,JP3407400005,SUMITOMO ELECTRIC IND.,JP,0.00011366759095453679,11.484175134291565,31.27294993134977
2020,vw_50,JP3352400000,CITIZEN WATCH,JP,0.00010537473334227784,7.190001884542315,13.092848388485871
2020,vw_50,JP3388200002,AEON,JP,0.00010328923912085072,2.7285847092549584,11.972239994966092
2020,vw_50,SG1T58930911,FRASER AND NEAVE,SG,0.00010230027902014899,32.65412472227797,25.739661393283374
2020,vw_50,JP3359600008,SHARP,JP,0.00010036099406911143,11.490639118923326,34.27979111092369
2020,vw_50,JP3574200006,TOKYU,JP,9.862901710586443e-05,13.743666297553926,13.432196156626025
2020,vw_50,JP3762800005,NOMURA RESEARCH INST.,JP,9.847910358830608e-05,0.20717569597049487,0.06671625908592053
2020,vw_50,JP3459600007,TAKARA HDG.,JP,9.753802181470495e-05,33.51004034842649,48.38364857718317
2020,vw_50,JP3258000003,KIRIN HOLDINGS,JP,9.4597128403904e-05,19.991445677194264,17.596834344288716
2020,vw_50,JP3102000001,AISIN,JP,9.114536124365253e-05,17.579163131259037,62.39963602915722
2020,vw_50,JP3718800000,NISSUI,JP,8.990662682388113e-05,33.702905074218805,125.91468220376089
2020,vw_50,JP3180400008,OSAKA GAS,JP,8.405634589011475e-05,361.1036541305696,649.0432658087145
2020,vw_50,SGXE34184239,SEATRIUM,SG,7.96831523646643e-05,24.041816478031727,28.821256423535036
2020,vw_50,BMG5320C1082,KUNLUN ENERGY,HK,7.487393851621095e-05,28.41600372096438,69.1053699532805
2020,vw_50,JP3126340003,ALFRESA HOLDINGS,JP,7.38769519196456e-05,1.3248057150199284,6.82988781485924
2020,vw_50,HK0392044647,BEIJING ENTERPRISES HOLDINGS,HK,7.129409847894475e-05,81.26206714143744,128.55575195569213
2020,vw_50,JP3300600008,KONICA MINOLTA,JP,7.061559742753745e-05,17.633792283660917,53.06352866343325
2020,vw_50,AU000000IAG3,INSURANCE AUS.GROUP,AU,6.847159098751274e-05,1.1453816991723087,0.6223777577622057
2020,vw_50,AU000000GWA4,GWA GROUP,AU,6.72017639013507e-05,36.88911159582621,16.048729662579145
2020,vw_50,JP3210200006,KAJIMA,JP,6.524666883689722e-05,9.210467360243754,24.98780007408148
2020,vw_50,JP3738600000,NITERRA,JP,5.946392892380251e-05,16.30584215390346,17.58094844733324
2020,vw_50,JP3485800001,DAICEL,JP,5.934523737721145e-05,435.65261071157624,529.3945873642367
2020,vw_50,JP3721400004,JAPAN STEEL WORKS,JP,5.713604256378475e-05,45.13960115117382,65.83113651846806
2020,vw_50,NZTELE0001S4,SPARK NEW ZEALAND,NZ,5.026655195577895e-05,1.0711183812103853,0.452822624731222
2020,vw_50,JP3368000000,RESONAC HOLDINGS,JP,4.966314108016191e-05,408.7178265134342,933.1285269547647
2020,vw_50,JP3242800005,CANON,JP,4.9535403928915414e-05,3.706483893249972,3.4769021021927804
2020,vw_50,MU0117U00026,GOLDEN AGRI-RESOURCES,SG,4.8720456678307205e-05,608.555596091616,2026.9741733872015
2020,vw_50,AU000000BLD2,BORAL DEAD - DELIST.08/07/24,AU,4.642298069167519e-05,343.8663414455224,350.27996450496363
2020,vw_50,JP3625000009,TOKUYAMA,JP,4.4732137138757915e-05,2412.1135568524896,4064.8561557183134
2020,vw_50,AU000000AMP6,AMP,AU,4.470079870666792e-05,0.02242057589933351,0.08816064608094887
2020,vw_50,JP3269600007,KURARAY,JP,4.4408081583560775e-05,386.08784829560625,476.4045781431637
2020,vw_50,JP3385980002,J S R DEAD - DELIST.25/06/24,JP,4.3422443501189893e-05,92.54353175150429,98.86379331651679
2020,vw_50,JP3174410005,OJI HOLDINGS,JP,4.2091402216457196e-05,453.78361375385623,1201.467679322329
2020,vw_50,JP3733400000,NIPPON ELEC.GLASS,JP,3.8938088013275825e-05,310.25118087770653,375.1769823298797
2020,vw_50,AU000000MGR9,MIRVAC GROUP STAPLED UNITS,AU,3.2221506328321476e-05,4.819222603879548,0.8229821376345747
2020,vw_50,JP3293200006,COCA-COLA BOTTLERS JAPAN HOLDINGS,JP,3.1646870913845424e-05,22.380571197144867,34.08515043581502
2020,vw_50,JP3870000001,MABUCHI MOTOR,JP,3.1135820608720786e-05,2.6928634582140174,1.310597576297652
2020,vw_50,JP3827200001,FURUKAWA ELECTRIC,JP,3.0372748386800746e-05,20.124580513649494,102.91513091762003
2020,vw_50,AU0000224040,WOODSIDE ENERGY GROUP,AU,3.0318636887399715e-05,1955.4665419034943,431.28971616245275
2020,vw_50,JP3676800000,NISSHIN SEIFUN,JP,2.6276197442813015e-05,14.70940043837246,17.298143966179275
2020,vw_50,JP3481800005,DAIKIN INDUSTRIES,JP,2.4939568951419363e-05,29.20407420215383,16.338217754910087
2020,vw_50,JP3942800008,YAMAHA MOTOR,JP,2.381786827914199e-05,8.500438624043493,19.74148952142349
2020,vw_50,HK0308001558,CTII.INTL.INV.HK.,HK,2.2726660589749167e-05,15.702023926226024,10.407254076680697
2020,vw_50,JP3358200008,SHIMAMURA,JP,2.0890453518038297e-05,0.11478723541388779,0.20099170237463995
2020,vw_50,JP3197600004,ONO PHARM.,JP,1.9550218576442557e-05,3.776524005044838,0.8040818698645241
2020,vw_50,JP3896800004,MITSUBISHI GAS CHM.,JP,1.8284664077862568e-05,106.87877465523177,170.6648854875412
2020,vw_50,JP3977400005,RINNAI,JP,1.8081598440856418e-05,11.639866837108743,9.966861265134305
2020,vw_50,JP3215800008,KANEKA,JP,1.5370605343431957e-05,173.3203313181406,456.89960979070594
2020,vw_50,JP3111200006,ASAHI KASEI,JP,1.4521602578974432e-05,148.2074234608058,205.2923026157533
2020,vw_50,JP3357200009,SHIMADZU,JP,1.4399063168111701e-05,0.8317569229208087,0.3541900087721059
2020,vw_50,JP3172100004,OKUMA,JP,1.4095814953387871e-05,3.7088390192688454,4.112674630492003
2020,vw_50,JP3040890000,JAPAN PRIME REALTY INV.,JP,1.339422283209568e-05,4.377841957535272,0.3067237256613656
2020,vw_50,JP3862400003,MAKITA,JP,1.3139810212501823e-05,0.9880207948185354,0.4194332450071562
2020,vw_50,AU000000ORI1,ORICA,AU,1.2567325333640053e-05,469.80767867492386,329.79989048289195
2020,vw_50,HK0291001490,CHINA RESOURCES BEER HOLDINGS,HK,1.2149213341580537e-05,30.29975110918732,9.512802160894488
2020,vw_50,JP3358800005,SHIMIZU,JP,1.1294985920762442e-05,11.871061323978031,23.671068103779778
2020,vw_50,JP3203500008,ONWARD HOLDINGS,JP,1.0810776654662704e-05,0.9708871475761781,2.4439577140558297
2020,vw_50,JP3143600009,ITOCHU,JP,7.73365530697008e-06,11.636304323495507,32.60156302104542
2020,vw_50,JP3292200007,JTEKT,JP,7.419808889456203e-06,7.859171942815479,28.69021068358487
2020,vw_50,HK0000055878,CHINA TAIPING INSURANCE HLDGS,HK,6.343819666727204e-06,0.15351604437813923,0.6384488638141224
2020,vw_50,JP3350800003,SHIKOKU ELECTRIC POWER,JP,5.8683140626497825e-06,1076.961976247086,3831.020378540065
2020,vw_50,JP3890310000,MS&AD INSURANCE GP.HDG.,JP,5.675612514031204e-06,0.47730460689330645,1.2005697210715494
2020,vw_50,AU000000JBH7,JB HI-FI,AU,5.059093351609098e-06,0.06182837638065341,0.09806677693730918
2020,vw_50,JP3765400001,HOUSE SHOKUHIN GP.HONSHA K K,JP,4.551692655747467e-06,20.134575952506086,16.534552351310605
2020,vw_50,JP3605400005,TOHOKU ELECTRIC PWR.,JP,4.197336344962331e-06,1443.48412915145,6385.056463930691
2020,vw_50,JP3595200001,TOSOH,JP,3.940087146289718e-06,1040.2703221930035,1584.2911798837872
2020,vw_50,AU000000LLC3,LENDLEASE GROUP STAPLED UNITS,AU,3.5172719733996814e-06,10.944685611299693,15.90273166145604
2020,vw_50,NZAIRE0001S2,AIR NEW ZEALAND,NZ,3.2318316674554283e-06,836.5090721790109,1596.8842841846506
2020,vw_50,SG1P66918738,SINGAPORE PRESS HDG. DEAD - DELIST.13/05/22,SG,2.783064387706699e-06,0.17564098866553224,0.05258250012951354
2020,vw_50,JP3493800001,DAI NIPPON PRINTING,JP,2.7608172468918816e-06,18.91561727628445,26.778198595461536
2020,vw_50,HK0270001396,GUANGDONG INVESTMENT,HK,2.644367530618994e-06,1455.209579974441,236.93787394295757
2020,vw_50,NZSKCE0001S2,SKY CITY ENTM.GP.,NZ,2.1016860280628328e-06,9.098558754481077,3.0750650919078257
2020,vw_50,HK0165000859,CHINA EVERBRIGHT,HK,1.5141645689196364e-06,0.21518100804211848,0.03338904419645199
2021,vw,JP3633400001,TOYOTA MOTOR,JP,0.03650237168578693,9.744521593169779,10.585344491179342
2021,vw,JP3436100006,SOFTBANK GROUP,JP,0.026843456228483283,0.25229903733580594,0.09057185527773763
2021,vw,JP3435000009,SONY GROUP,JP,0.019803034467800292,2.5018879394285785,1.6166808331974816
2021,vw,AU000000CBA7,COMMONWEALTH BK.OF AUS.,AU,0.018361789637367728,0.3601761363181233,0.0753087655091351
2021,vw,AU000000BHP4,BHP GROUP,AU,0.01588024365991793,200.0919590946263,100.30537524588473
2021,vw,JP3735400008,NTT,JP,0.015455947815763683,2.124363165238635,2.4285179020544034
2021,vw,AU000000CSL8,CSL,AU,0.01491867779166948,5.095693185592611,0.5854720104461661
2021,vw,JP3802300008,FAST RETAILING,JP,0.0145657679273684,0.5256680528634731,0.10858860154252334
2021,vw,JP3519400000,CHUGAI PHARM.,JP,0.013658484359415246,6.530537454498055,0.5646100203787522
2021,vw,HK0388045442,HONG KONG EXCHANGES AND CLEARING,HK,0.013439554106868904,0.046612163946862135,0.0011969480640714565
2021,vw,JP3734800000,NIDEC,JP,0.012956247808310138,4.041834060347008,0.730351624137683
2021,vw,JP3756600007,NINTENDO,JP,0.012328933101472102,0.036765734559230885,0.007563840773284713
2021,vw,JP3371200001,SHIN-ETSU CHEMICAL,JP,0.011504284987441856,151.97131852720426,28.93933829401024
2021,vw,JP3496400007,KDDI,JP,0.010874120455895558,0.5080693992419133,0.36867305835331643
2021,vw,JP3475350009,DAIICHI SANKYO,JP,0.010717968356275063,9.517064496294866,1.2838755112208884
2021,vw,JP3914400001,MURATA MANUFACTURING,JP,0.01009747935023246,18.45096453744527,4.342019976415647
2021,vw,JP3481800005,DAIKIN INDUSTRIES,JP,0.010034923568797411,23.684150579350927,8.643877737850048
2021,vw,JP3902900004,MITSUBISHI UFJ FINL.GP.,JP,0.00976239074725033,0.5038460430056978,0.4767628975332948
2021,vw,JP3571400005,TOKYO ELECTRON,JP,0.009707553306779434,2.37509517784426,0.4711380811488231
2021,vw,AU000000NAB4,NATIONAL AUS.BANK,AU,0.009552978309930526,0.5416620510345664,0.1786440682443123
2021,vw,AU000000WBC1,WESTPAC BANKING,AU,0.009392661081890264,0.33992682848788586,0.13182455697898615
2021,vw,JP3198900007,ORIENTAL LAND,JP,0.009021141404884444,22.87398720449046,0.8041856815788333
2021,vw,JP3463000004,TAKEDA PHARMACEUTICAL,JP,0.008707357883243698,9.625505737376322,5.306903865345918
2021,vw,JP3802400006,FANUC,JP,0.008505178039234397,9.951441189873766,0.8726159684014928
2021,vw,AU000000ANZ3,ANZ GROUP HOLDINGS,AU,0.008281975415279825,0.28236684956923674,0.1223296097449321
2021,vw,SG1L01001701,DBS GROUP HOLDINGS,SG,0.007698565672500035,0.05549040137006314,0.015507652319664134
2021,vw,JP3854600008,HONDA MOTOR,JP,0.0076326538163670465,9.051446912985037,23.14208329992884
2021,vw,JP3551500006,DENSO,JP,0.007509225022154235,12.69923719694764,12.097269608445405
2021,vw,AU000000WES1,WESFARMERS,AU,0.0074742480368859485,99.19920998819616,52.93951946171813
2021,vw,JP3837800006,HOYA,JP,0.00733530212850348,3.163024871853013,0.3440027950227096
2021,vw,JP3143600009,ITOCHU,JP,0.007071703594157445,15.513353977532555,33.95058947578761
2021,vw,JP3890350006,SUMITOMO MITSUI FINL.GP.,JP,0.006795849394173398,0.2911168172786726,0.26467415721993043
2021,vw,BMG507361001,JARDINE MATHESON HDG.,HK,0.0066804732867123155,134.52902031912583,103.74854075211613
2021,vw,JP3162600005,SMC,JP,0.0066104546549621114,10.657878866652476,1.2627883263295063
2021,vw,JP3788600009,HITACHI,JP,0.006489244844348923,15.260742990787652,29.65006603215525
2021,vw,JP3726800000,JAPAN TOBACCO,JP,0.006267896893253739,17.68967023314898,8.86203067651223
2021,vw,HK0016000132,SUN HUNG KAI PROPERTIES,HK,0.006261429194787454,3.262444241999046,0.9542316401399422
2021,vw,AU000000WOW2,WOOLWORTHS GROUP,AU,0.0062011002824658885,9.941881331941651,10.830128610256928
2021,vw,JP3898400001,MITSUBISHI,JP,0.00593029911976201,57.13229381056878,180.13876208729795
2021,vw,AU000000MQG1,MACQUARIE GROUP,AU,0.005807747194690201,0.042374472232782935,0.012627147226019418
2021,vw,HK0066009694,MTR,HK,0.005615287035062199,8.745824465095144,1.3480941483630986
2021,vw,JP3205800000,KAO,JP,0.005520044221583211,46.00987181725761,17.285136468295203
2021,vw,SG1S04926220,OVERSEA-CHINESE BKG.,SG,0.005479313965404174,0.0094489322885924,0.006821535674472863
2021,vw,HK0011000095,HANG SENG BANK DEAD - DELIST.28/01/26,HK,0.005465277750737038,0.011546599151318379,0.0020245911644602294
2021,vw,JP3910660004,TOKIO MARINE HOLDINGS,JP,0.005402900181915178,0.2591522043244732,0.38422704627975807
2021,vw,JP3902400005,MITSUBISHI ELECTRIC,JP,0.005264805909029366,6.124309616952777,7.249248639342991
2021,vw,JP3866800000,PANASONIC HOLDINGS,JP,0.005086337805190895,5.248435238674898,10.232193270627558
2021,vw,JP3818000006,FUJITSU,JP,0.005070891660645959,2.1703105795464257,2.332582034577574
2021,vw,JP3893600001,MITSUI,JP,0.005001260996177565,63.61806947908972,121.97390868354582
2021,vw,JP3933800009,LY,JP,0.0049982550382949185,0.3306594819668116,0.11586286279716679
2021,vw,HK2388011192,BOC HONG KONG HOLDINGS,HK,0.004990691253402381,0.03838247087854749,0.01823371258612822
2021,vw,JP3942400007,ASTELLAS PHARMA,JP,0.0048513416067103845,5.306598284823838,2.057013565834772
2021,vw,HK0291001490,CHINA RESOURCES BEER HOLDINGS,HK,0.0047821840730734675,49.88693388996649,7.519146616433491
2021,vw,JP3546800008,TERUMO,JP,0.004761736935639826,10.743066884740744,2.056275407429684
2021,vw,JP3814000000,FUJIFILM HOLDINGS,JP,0.004676644355598781,31.235484561375223,21.65013848332349
2021,vw,JP3242800005,CANON,JP,0.004667284250649405,4.744268765028811,4.820396268978484
2021,vw,JP3566800003,CENTRAL JAPAN RAILWAY,JP,0.004635224905508558,7.464160727139616,2.415725214319058
2021,vw,SG1T75931496,SINGAPORE TELECOM,SG,0.004609589099956391,0.6490597635173723,0.26149394711479085
2021,vw,KYG2108Y1052,CHINA RESOURCES LAND,HK,0.004519479755998924,20.099849038675217,18.30605945873325
2021,vw,AU000000TLS2,TELSTRA GROUP,AU,0.00450641819084463,1.9375810192607323,1.1578695759751074
2021,vw,AU000000TCL6,TRANSURBAN GROUP STAPLED UNITS,AU,0.0044779183666592585,2.189386190963235,0.161939498445409
2021,vw,JP3351600006,SHISEIDO,JP,0.0044200875851278885,3.280523569005124,1.0255960135057265
2021,vw,JP3634600005,TOYOTA INDS.,JP,0.004395639337962727,11.333295465326483,8.010516794688215
2021,vw,JP3388200002,AEON,JP,0.004388329466616415,2.636734939913022,7.762730698652951
2021,vw,JP3951600000,UNI CHARM,JP,0.004345946406732752,5.128768199903493,1.2882613624652168
2021,vw,JP3304200003,KOMATSU,JP,0.00434389932733523,5.134798827608526,3.779470612709913
2021,vw,KYG217651051,CK HUTCHISON HOLDINGS,HK,0.0043113715826712225,234.377460516798,294.65367635197197
2021,vw,JP3266400005,KUBOTA,JP,0.004309013814027698,17.523909077112688,11.309426645009175
2021,vw,JP3830800003,BRIDGESTONE,JP,0.004185296410007685,60.43772496118052,64.88837842359676
2021,vw,HK0003000038,HONG KONG AND CHINA GAS,HK,0.00399905949791637,342.4244369835816,71.3018101510431
2021,vw,JP3201200007,OLYMPUS,JP,0.003983685900098927,4.222985896293734,1.1253974739029087
2021,vw,AU000000GMG2,GOODMAN GROUP,AU,0.003983586542624317,2.1047268365695175,0.13116174147003293
2021,vw,HK0688002218,CHINA OVERSEAS LAND INVESTMENT,HK,0.003950760725536478,1.1184494606876625,1.2055128089977345
2021,vw,JP3351100007,SYSMEX,JP,0.0038856200726587967,1.433960842276038,0.16373274951284028
2021,vw,JP3783600004,EAST JAPAN RAILWAY,JP,0.0038422024333569717,76.19550751287704,59.107452834099746
2021,vw,JP3249600002,KYOCERA,JP,0.0037914165699062864,8.958562869929414,5.328033363851419
2021,vw,KYG210961051,CHINA MENGNIU DAIRY,HK,0.003763492388232545,23.529122175509876,10.895377971138142
2021,vw,JP3188220002,OTSUKA HOLDINGS,JP,0.0037375301224066584,26.764705035053996,15.28927101939304
2021,vw,HK0002007356,CLP HOLDINGS,HK,0.003708777961777833,4644.565133232988,2027.946454389277
2021,vw,JP3397200001,SUZUKI MOTOR,JP,0.00362347878127371,13.146604498449774,16.539328346580753
2021,vw,JP3756100008,NITORI HOLDINGS,JP,0.003538512369454392,6.301763090174576,1.8731289101515858
2021,vw,JP3358000002,SHIMANO,JP,0.003529809916360768,6.050673416820617,0.9724054703839446
2021,vw,JP3672400003,NISSAN MOTOR,JP,0.0035087524401545213,7.517857029112943,24.72122326006412
2021,vw,JP3899600005,MITSUBISHI ESTATE,JP,0.0035054010967648964,9.807783746564331,5.2600369643188145
2021,vw,JP3160400002,EISAI,JP,0.0034284353273058457,6.68247870385836,2.0704435659341214
2021,vw,JP3200450009,ORIX,JP,0.0034110146500908817,45.90233640364757,45.670175639761865
2021,vw,JP3762800005,NOMURA RESEARCH INST.,JP,0.0033942658186566143,0.19362778698155192,0.046463737840439806
2021,vw,JP3421800008,SECOM,JP,0.003304033460682963,6.113321391496044,2.9073385132806555
2021,vw,JP3116000005,ASAHI GROUP HOLDINGS,JP,0.0032660962535124077,25.604289744777063,23.85382146428663
2021,vw,JP3165700000,NTT DATA GROUP DEAD - DELIST.26/09/25,JP,0.0032620604475199133,0.3333217331293907,0.3500793854924705
2021,vw,JP3538800008,TDK,JP,0.003193036967618581,10.305729077997096,6.718340509981616
2021,vw,HK0012000102,HENDERSON LD.DEV.,HK,0.0031127230089754484,2.1875357244318403,0.35775501508083557
2021,vw,JP3893200000,MITSUI FUDOSAN,JP,0.003104083639992688,5.815806137233099,5.842845740235208
2021,vw,JP3258000003,KIRIN HOLDINGS,JP,0.003042724879561275,20.05915233772657,18.29666829591673
2021,vw,JP3778630008,BANDAI NAMCO HDG.,JP,0.003025460335520698,0.8636898851316767,0.31479915719940826
2021,vw,US89677Q1076,TRIP COM GROUP ADR 1:1,SG,0.002993997135227512,0.010149578472969606,0.0014222383292176214
2021,vw,JP3505000004,DAIWA HOUSE INDUSTRY,JP,0.00298622044146081,5.388167146721484,11.428661964578543
2021,vw,JP3197800000,OMRON,JP,0.002930824706608772,3.2451954207568185,1.0787468520631094
2021,vw,JP3173400007,OBIC,JP,0.002923379204424104,0.2104179712158356,0.008955357542649891
2021,vw,AU0000224040,WOODSIDE ENERGY GROUP,AU,0.0028845272776460273,2260.913651945793,486.6583123929745
2021,vw,HK0823032773,LINK REAL ESTATE INVESTMENT TRUST,HK,0.0028485772199676727,2.2343750684327546,0.16947097484288917
2021,vw,HK0000049939,CHINA UNICOM (HONG KONG),HK,0.002757920621348464,12.002696031994748,30.30777834835189
2021,vw,JP3890310000,MS&AD INSURANCE GP.HDG.,JP,0.00269480339132673,0.46314343111644884,1.1521005673887534
2021,vw,JP3404600003,SUMITOMO,JP,0.002690598835337676,34.45692623593463,89.50557402263372
2021,vw,JP3733000008,NEC,JP,0.0026531126795597947,0.7928699146376407,1.3291986423106872
2021,vw,JP3762600009,NOMURA HDG.,JP,0.0026463863362389704,0.12858082972157828,0.12824753203953504
2021,vw,JP3122400009,ADVANTEST,JP,0.0026382816050957783,1.3788950165069296,0.22775285049729027
2021,vw,JP3347200002,SHIONOGI,JP,0.002621127458249213,15.071514781571244,2.6146984125647044
2021,vw,JP3111200006,ASAHI KASEI,JP,0.002500624189677696,145.494859077936,183.3280040565572
2021,vw,IE00BKVD2N49,SEAGATE TECHNOLOGY HOLDINGS,SG,0.0024927071337643237,34.919976405819895,22.47341292110839
2021,vw,JP3197600004,ONO PHARM.,JP,0.002492607776289713,3.5143061837522835,0.6390390876799591
2021,vw,AU000000NCM7,NEWCREST MINING DEAD - DELIST.08/11/23,AU,0.0024917640263069133,290.6606285439366,86.60905350315166
2021,vw,AU000000ALL7,ARISTOCRAT LEISURE,AU,0.0024896869819567317,6.024843393918606,1.1972285110151357
2021,vw,JP3256000005,KYOWA KIRIN,JP,0.0024835977881556295,5.414918725047778,1.041539003737018
2021,vw,JP3684000007,NITTO DENKO,JP,0.0023560795664560887,51.87095507356072,24.3310090372434
2021,vw,JP3592200004,TOSHIBA DEAD - DELIST.20/12/23,JP,0.002346728924123342,9.709546207366293,18.817204301075268
2021,vw,JP3814800003,SUBARU,JP,0.0023395720317458744,5.940259083276522,11.17999652165003
2021,vw,JP3409000001,SUMITOMO REAL.&DEV.,JP,0.0022882278739140465,4.579067099733777,2.8566288925678163
2021,vw,JP3635000007,TOYOTA TSUSHO,JP,0.002260628575411252,6.90979774496955,27.890632521421008
2021,vw,BMG2178K1009,CKI HOLDINGS,HK,0.0022543264727359854,8081.865973918327,523.8707578651331
2021,vw,JP3967200001,RAKUTEN GROUP,JP,0.002247402991568713,0.11892490156021962,0.11557732523052308
2021,vw,JP3240400006,KIKKOMAN,JP,0.002120920926390105,25.262292759220966,8.246450642873661
2021,vw,JP3402600005,SUMITOMO METAL MINING,JP,0.0021173503657152294,219.1967798509929,139.8078442851961
2021,vw,JP3420600003,SEKISUI HOUSE,JP,0.0021010683567013523,3.6938927753986057,6.455327258820342
2021,vw,JP3862400003,MAKITA,JP,0.002042106792482753,0.9142392576887222,0.3765695869859528
2021,vw,AU000000SHL7,SONIC HEALTHCARE,AU,0.00203328605668126,5.774506976301158,2.6896949708901423
2021,vw,JP3119600009,AJINOMOTO,JP,0.001897808197293513,99.72557970792427,83.83347834505477
2021,vw,JP3877600001,MARUBENI,JP,0.0018716929524987829,13.543890283583663,67.23798272991392
2021,vw,HK0270001396,GUANGDONG INVESTMENT,HK,0.0018675987937037397,1015.4118972047365,256.3484676523143
2021,vw,HK0101000591,HANG LUNG PROPERTIES,HK,0.00186229657418566,2.276601955666718,0.22323205463257326
2021,vw,HK0000608585,NEW WORLD DEVELOPMENT COMPANY,HK,0.0018618155578403258,5.293854070756167,3.593812604349406
2021,vw,HK0006000050,POWER ASSETS HOLDINGS,HK,0.0018151285844929981,42609.82159750493,606.5829601555616
2021,vw,JP3357200009,SHIMADZU,JP,0.0018059766571094714,0.5496962515937756,0.1746537271542009
2021,vw,JP3942600002,YAMAHA,JP,0.0018022641571851527,6.353682348806186,1.9251484770762943
2021,vw,JP3381000003,NIPPON STEEL,JP,0.0017918016573984362,1356.2252941620889,5560.078687831991
2021,vw,AU000000RHC8,RAMSAY HEALTH CARE,AU,0.0017714160269728862,6.272968005375982,4.895081859208749
2021,vw,JP3982800009,ROHM,JP,0.0017712472769763263,39.3257866049858,11.573214187135273
2021,vw,JP3359600008,SHARP,JP,0.0017704271835351003,12.165740095364082,24.051695110023143
2021,vw,JP3407400005,SUMITOMO ELECTRIC IND.,JP,0.0017435628149238657,12.060023956297128,29.578091588967645
2021,vw,JP3596200000,TOTO,JP,0.0017395033523897976,30.94692398694225,15.140882740662972
2021,vw,JP3196000008,ODAKYU ELECTRIC RY.,JP,0.001736284485632986,20.29863864642588,7.266563905342105
2021,vw,JP3621000003,TORAY INDS.,JP,0.001730600607244182,158.03337642414223,256.0763453804647
2021,vw,AU000000STO6,SANTOS,AU,0.0016731798724334247,1666.3763526614764,603.2500094257814
2021,vw,AU000000ASX7,ASX,AU,0.001671405631815388,0.030158634417033595,0.00207587316414967
2021,vw,HK0083000502,SINO LAND,HK,0.001654691496642095,3.2928538330903203,0.27702137920714603
2021,vw,SG1M51904654,CAPITALAND INTEG. COML. TST.,SG,0.001653052886862415,0.07515366239901226,0.004007029474563949
2021,vw,JP3429800000,ANA HOLDINGS,JP,0.001642017898769612,618.7166942654995,519.9964270655547
2021,vw,JP3940000007,YAMATO HDG.,JP,0.001633805924637952,42.12284511953164,64.53510484056241
2021,vw,JP3659000008,WEST JAPAN RAILWAY,JP,0.0016313661466503047,14.595165285912932,13.445771345321523
2021,vw,AU000000COH5,COCHLEAR,AU,0.0015962724557769226,0.47469828117160345,0.04683077196674423
2021,vw,JP3277800003,KEIO,JP,0.0015952820352363654,31.724963318925045,9.973930503090871
2021,vw,JP3283650004,KOSE HOLDINGS,JP,0.001584795878908075,2.331465061216191,0.7234709089063548
2021,vw,AU000000SUN6,SUNCORP GROUP,AU,0.0015597609495118828,0.15987385200111545,0.18463019360892372
2021,vw,JP3900000005,MITSUBISHI HEAVY INDS.,JP,0.0015526403304981617,4.189305098045831,15.337906264061864
2021,vw,JP3885400006,MISUMI GROUP,JP,0.001534770178993295,3.044968179592978,0.8948187241948379
2021,vw,JP3027670003,NIPPON BUILDING FUND,JP,0.0015274934268051869,15.379302044468632,1.2137806852347441
2021,vw,JP3573000001,TOKYO GAS,JP,0.001525990447863863,229.71995984492764,405.85329958629217
2021,vw,JP3906000009,MINEBEA MITSUMI,JP,0.0015201330881701844,8.620865349603337,8.206441278295882
2021,vw,JP3771800004,HAMAMATSU PHOTONICS,JP,0.0015181396302668966,9.312642842148524,1.3088333525518563
2021,vw,JP3102000001,AISIN,JP,0.0015122570369288724,17.749094360994928,60.18461063549985
2021,vw,JP3551520004,DENTSU GROUP,JP,0.0014866007290406744,0.3575161590030458,0.3389506850623001
2021,vw,SG1M77906915,CAPITALAND ASCENDAS REIT,SG,0.0014742125867698488,0.7366909439818661,0.061192177671273905
2021,vw,SG1V61937297,SINGAPORE AIRLINES,SG,0.0014720267223284273,567.7441237868717,423.58218677614764
2021,vw,JP3526600006,CHUBU ELEC.POWER,JP,0.0014712712901008367,3.9896020814406903,11.791251962975467
2021,vw,SG9999000020,FLEX,SG,0.0014587664422249132,3.17205059310087,8.262682087774037
2021,vw,AU000000QBE9,QBE INSURANCE GROUP,AU,0.0014521883465646187,0.3781466249341749,0.7087353862694736
2021,vw,JP3228600007,KANSAI ELECTRIC PWR.,JP,0.00143821837021389,998.5789158163234,3133.1111688636383
2021,vw,JP3300200007,KONAMI GROUP,JP,0.0014362659169826634,14.286684119465844,3.9052420173954294
2021,vw,AU000000IAG3,INSURANCE AUS.GROUP,AU,0.0014349395735517576,0.8142902115773165,0.6154806574212679
2021,vw,JP3675600005,NISSIN FOODS HOLDINGS,JP,0.0013926006725456992,60.33710596045625,32.16264331628562
2021,vw,SG1F60858221,SINGAPORE TECHS.ENGR.,SG,0.0013885790604781492,6.706131005759449,4.088762490601525
2021,vw,AU000000APA1,APA GROUP,AU,0.001380688815311893,742.4466624715218,163.34048767560787
2021,vw,JP3419400001,SEKISUI CHEMICAL,JP,0.0013785849602145942,20.082760760303643,23.223223223223222
2021,vw,JP3137200006,ISUZU MOTORS,JP,0.0013660580328998684,6.418589498727804,13.183718895105185
2021,vw,JP3143900003,ITOCHU TECHNO-SOLUTIONS DEAD - DELIST.01/12/23,JP,0.0013415120053628688,0.2166118352335969,0.11885476206710885
2021,vw,JP3294460005,INPEX,JP,0.001340732916593704,907.5409592945116,783.1798655254998
2021,vw,JP3711600001,NIPPON SANSO HOLDINGS,JP,0.0013381180801984107,128.21510415496178,116.32758413419042
2021,vw,JP3670800006,NISSAN CHEMICAL,JP,0.0013142028937700465,111.81147453181106,26.430153773781893
2021,vw,JP3774200004,HANKYU HANSHIN HDG.,JP,0.001308776083133011,19.2170411200513,12.625246878694142
2021,vw,JP3027680002,JAPAN REAL ESTATE INV.,JP,0.0012949732796760705,4.893430155319013,0.4023826312949925
2021,vw,AU000000SGP0,STOCKLAND STAPLED UNITS,AU,0.001286808618627558,2.333174956850965,0.6126736051533707
2021,vw,JP3401400001,SUMITOMO CHEMICAL,JP,0.001279320534668057,300.74870123810746,782.3132606165802
2021,vw,JP3942800008,YAMAHA MOTOR,JP,0.0012703799390559232,10.786606041505166,18.746019627195025
2021,vw,JP3260800002,KINTETSU GROUP HDG.,JP,0.0012688627661896553,6.434341742999646,5.8269623008055405
2021,vw,JP3229400001,KANSAI PAINT,JP,0.0012600010257161009,4.473960378077215,1.9199333111370902
2021,vw,JP3112000009,AGC,JP,0.0012593686075046938,511.9910842110731,861.5799221823019
2021,vw,SG1J26887955,SINGAPORE EXCHANGE,SG,0.0012573120654905427,0.07915458037112538,0.008153240787778668
2021,vw,BMG5320C1082,KUNLUN ENERGY,HK,0.0012561197757952219,30.23863360314388,60.279758384778894
2021,vw,JP3180400008,OSAKA GAS,JP,0.00124989179695022,403.91574830810754,658.0782411636745
2021,vw,NZAIAE0002S6,AUCKLAND INTL.AIRPORT,NZ,0.0012363571009644495,7.235195726307327,0.21353620548458943
2021,vw,SGXE21576413,GENTING SINGAPORE,SG,0.0012301291221194475,4.17053698014012,0.42654228948208506
2021,vw,JP3502200003,DAIWA SECURITIES GROUP,JP,0.0012288642856966335,0.15161503322475994,0.10806079639010205
2021,vw,JP3452000007,TAIYO YUDEN,JP,0.0012017255012031426,15.238039952689514,5.511933993278065
2021,vw,AU000000TAH8,TABCORP HOLDINGS,AU,0.0011819454782418825,0.6795753723718989,0.35599867100945903
2021,vw,JP3626800001,LIXIL,JP,0.001181507043671381,34.96388328395498,62.202751604123534
2021,vw,JP3539220008,T & D HOLDINGS,JP,0.0011787786558765333,0.0967828546036112,0.25179514418014726
2021,vw,JP3574200006,TOKYU,JP,0.0011739527213954733,14.781219144262556,18.55642265369647
2021,vw,JP3443600006,TAISEI,JP,0.0011590743338483096,16.390815562280157,32.92790285996525
2021,vw,AU000000DXS1,DEXUS STAPLED UNITS,AU,0.0011520278386648532,20.108611762064466,2.157922764901002
2021,vw,AU000000MGR9,MIRVAC GROUP STAPLED UNITS,AU,0.0011436755023865217,4.496450059059334,0.8745475230116868
2021,vw,JP3598600009,TOHO,JP,0.0011277656896267394,2.876709297461225,0.7635434569499935
2021,vw,JP3210200006,KAJIMA,JP,0.001125674451351613,6.641577216047936,17.372762030987964
2021,vw,JP3486800000,DAITO TST.CONSTRUCTION,JP,0.0011200158066071546,2.3212251706430127,4.819107456915428
2021,vw,JP3688370000,NIPPON EXPRESS HOLDINGS,JP,0.0011135449539353278,28.645010668119358,80.30365261234722
2021,vw,SG1U68934629,KEPPEL,SG,0.0010981366598569104,5.806538501479827,4.111446215711618
2021,vw,JP3786200000,HITACHI METALS DEAD - DELIST.29/12/22,JP,0.0010902621857183702,48.36735030514765,50.05012244921576
2021,vw,JP3385980002,J S R DEAD - DELIST.25/06/24,JP,0.0010892118352724925,97.59407371605701,57.77241721820744
2021,vw,HK0004000045,WHARF HOLDINGS,HK,0.001076800036460093,6.488791265585633,2.5743624143380432
2021,vw,JP3414750004,SEIKO EPSON,JP,0.0010734281907344371,13.597917051933184,18.354825581480767
2021,vw,JP3148800000,IBIDEN,JP,0.0010653124198718438,52.74209557616316,22.946407554845617
2021,vw,JP3495000006,SUMITOMO PHARMA,JP,0.0010550375953149464,3.9404653319217067,2.91701296915267
2021,vw,AU000000QAN2,QANTAS AIRWAYS,AU,0.0010527823383515752,617.9574537140894,484.8763074083728
2021,vw,HK0023000190,BANK OF EAST ASIA,HK,0.0010491581561824653,1.6264077516135051,0.8644377100732964
2021,vw,JP3322930003,SUMCO,JP,0.001047779768360097,9.740400294376542,4.064000481659316
2021,vw,HK0000055878,CHINA TAIPING INSURANCE HLDGS,HK,0.0010471457730459187,0.08113869468189966,0.43217745433514865
2021,vw,JP3336000009,SANTEN PHARM.,JP,0.0010367558199866952,6.480036385883986,2.260488606285558
2021,vw,AU000000ORG5,ORIGIN ENERGY (EX BORAL),AU,0.0010294144065849517,1572.0952979041404,2281.205714504577
2021,vw,AU000000BSL0,BLUESCOPE STEEL,AU,0.0010206630633054084,1034.6720475855507,1365.934459868722
2021,vw,NZTELE0001S4,SPARK NEW ZEALAND,NZ,0.001012141977030517,1.100332301141177,0.4361355183218989
2021,vw,JP3600200004,TOHO GAS,JP,0.0010110380050904052,16.47557046331548,10.961154189928449
2021,vw,AU000000LLC3,LENDLEASE GROUP STAPLED UNITS,AU,0.0010095239864296806,4.697980152143763,6.133135868198271
2021,vw,SG1B51001017,JARDINE CYC.& CARR.,SG,0.0010064265565862811,219.66797222228118,470.3133594191952
2021,vw,AU000000GPT8,GPT GROUP STAPLED UNITS,AU,0.0010011779585624354,14.262175870099506,1.2203440024825896
2021,vw,JP3944130008,USS,JP,0.0009965160427696206,6.397870788601553,0.7121774429664565
2021,vw,JP3174410005,OJI HOLDINGS,JP,0.0009894001550642142,478.35911602716,998.9591187098811
2021,vw,JP3820000002,FUJI ELECTRIC,JP,0.0009890973513320693,24.99608431765202,32.240525160206076
2021,vw,JP3888300005,MITSUI CHEMICALS,JP,0.0009886368373227656,327.09940752151965,596.6158798728284
2021,vw,KYG0535Q1331,ASMPT,HK,0.00098458999161087,1.9509818447957032,0.592660935475242
2021,vw,JP3190000004,OBAYASHI,JP,0.0009625010901920048,12.556188517887827,36.24464809756561
2021,vw,JP3436120004,SBI HDG.,JP,0.0009622534850568654,0.01998389533140939,0.01393122889828564
2021,vw,JP3787000003,HITACHI CON.MCH.,JP,0.0009503100857676275,12.957804666082055,16.427716751830086
2021,vw,JP3955000009,YOKOGAWA ELECTRIC,JP,0.0009379913360187516,3.2712994314349366,1.9717329459475816
2021,vw,AU000000CPU5,COMPUTERSHARE,AU,0.0009374298874320661,1.4521817581977545,0.602792732166891
2021,vw,AU000000CIM7,CIMIC GROUP DEAD - DELIST.11/05/22,AU,0.0009361697823175671,19.398085830626034,19.373282726949583
2021,vw,JP3830000000,BROTHER INDUSTRIES,JP,0.0009309763828907269,3.1122531507351012,3.109485217886256
2021,vw,BMG677491539,ORIENT OVERSEAS (INTL.),HK,0.0009302004483271054,676.4105403373532,939.9761959661996
2021,vw,BMG2624N1535,DFI RETAIL GROUP HOLDINGS,HK,0.0009260116633657671,34.06364158820269,59.60896518836432
2021,vw,JP3799000009,HIROSE ELECTRIC,JP,0.0009234472942591645,1.5244188714401308,0.3188542424521889
2021,vw,JP3695200000,NGK INSULATORS,JP,0.0009181718854882018,64.24934977954442,45.34609894724909
2021,vw,JP3766550002,HAKUHODO DY HDG.,JP,0.000913290752410136,0.02666319908344228,0.05612214942651798
2021,vw,JP3973400009,RICOH,JP,0.0009110023762885616,7.2206334055224355,20.311507280448303
2021,vw,JP3585800000,TOKYO ELECTRIC POWER CO. HDG.,JP,0.000904293381098225,3.738224340123759,35.403539307520724
2021,vw,HK0019000162,SWIRE PACIFIC 'A',HK,0.0009006155774348811,16.561842792663743,29.94447139252299
2021,vw,JP3493800001,DAI NIPPON PRINTING,JP,0.0008957312901512723,25.601151441145184,57.57447707585041
2021,vw,BMG4600H1198,HOPSON DEVELOPMENT HOLDINGS,HK,0.0008917207178031234,0.29294747557756207,0.2297419426723993
2021,vw,JP3977400005,RINNAI,JP,0.0008914983463123294,11.06032676736856,6.220147326261861
2021,vw,JP3143000002,ITO EN,JP,0.0008822013254738166,7.832887017013505,5.899378062536982
2021,vw,JP3386030005,JFE HOLDINGS,JP,0.0008777538956579376,1503.890623132239,8372.846821821868
2021,vw,JP3595200001,TOSOH,JP,0.0008736628910684377,1121.7432967042066,1369.7566822572464
2021,vw,JP3358800005,SHIMIZU,JP,0.0008696696668507762,10.815723679927537,27.808173220778514
2021,vw,JP3720800006,NSK,JP,0.0008404538380071036,17.52270431400219,22.517873562139947
2021,vw,JP3896800004,MITSUBISHI GAS CHM.,JP,0.0008275373663077956,118.82924982894411,124.44732428723891
2021,vw,HK0144000764,CHINA MERCHANTS PORT HOLDINGS,HK,0.0008253404621469732,53.63825351214388,11.827849509006796
2021,vw,JP3792600003,HINO MOTORS,JP,0.000816503955317764,9.430026980971315,26.26882277043367
2021,vw,JP3629000005,TOPPAN HOLDINGS,JP,0.0008102286633896144,17.327866476333107,47.05213676045509
2021,vw,HK0836012952,CHINA RESOURCES POWER,HK,0.0008055052405887076,17055.72578687623,29963.1718061674
2021,vw,JP3268950007,MEDIPAL HOLDINGS,JP,0.0008035701354879687,1.0960793745229205,6.5666201525740755
2021,vw,HK0293001514,CATHAY PACIFIC AIRWAYS,HK,0.0007989334533394992,994.3401782439225,1188.4905336341726
2021,vw,JP3270000007,KURITA WATER IND.,JP,0.0007986038388602372,5.53694964697991,2.764754904477718
2021,vw,JP3676800000,NISSHIN SEIFUN,JP,0.0007965047150712534,13.261580560900835,17.226255982163895
2021,vw,JP3939000000,YAMADA HOLDINGS,JP,0.0007948156380028823,3.3849806153443427,10.714880985451572
2021,vw,JP3613000003,TOYO SUISAN KAISHA,JP,0.0007911614908811123,41.911676497302835,33.15027259770161
2021,vw,SG1R89002252,CITY DEVELOPMENTS,SG,0.0007850754512855531,1.6734401147501794,0.5315430417279368
2021,vw,AU0000088338,AMPOL,AU,0.0007834825774862489,47.258119700575136,111.0747887420338
2021,vw,JP3209000003,CASIO COMPUTER,JP,0.0007831892363707335,1.6700011307179137,0.7286548530004028
2021,vw,JP3039710003,JAPAN METROPOLITAN FUND INVESTMENT REIT,JP,0.0007798710121393118,9.376907192362033,1.1340839966349576
2021,vw,KYG525621408,KINGBOARD HOLDINGS,HK,0.0007750797739192267,203.44339641128713,232.3661228426437
2021,vw,JP3982100004,LAWSON DEAD - DELIST.24/07/24,JP,0.0007721037809892396,0.6677848179898124,0.8783199985293246
2021,vw,AU000000BLD2,BORAL DEAD - DELIST.08/07/24,AU,0.0007618005685824534,609.0577968164733,273.27042592922294
2021,vw,AU000000ORI1,ORICA,AU,0.0007582773209907252,382.8078817038995,338.59951248325723
2021,vw,AU000000OZL8,OZ MINERALS DEAD - DELIST.03/05/23,AU,0.0007511898211352077,93.12779410420049,19.886208561651024
2021,vw,JP3126340003,ALFRESA HOLDINGS,JP,0.0007430567021421269,1.4077784803282114,7.451719505128907
2021,vw,JP3522200009,CHUGOKU ELEC.POWER,JP,0.0007389735830664849,1420.766108939054,3711.7834490058985
2021,vw,SG1S83002349,UOL GROUP,SG,0.0007385761531680447,1.1330489470400784,0.3587352021729104
2021,vw,JP3868400007,MAZDA MOTOR,JP,0.0007347532560497147,3.5979663552311503,20.82045470155917
2021,vw,AU000000JBH7,JB HI-FI,AU,0.0007102088056154865,0.06363750969498617,0.09494476211624937
2021,vw,JP3511800009,CHIBA BANK,JP,0.0007097751023532997,1.1042930816607657,0.5388290189978892
2021,vw,JP3499800005,MITSUBISHI HC CAPITAL,JP,0.0007070829879221985,0.389440466506719,0.7440731761173922
2021,vw,HK0008011667,PCCW,HK,0.0007061367262592456,1.3340616206892828,1.4624460907261532
2021,vw,JP3743000006,NH FOODS,JP,0.0007014180347666535,31.071287237134904,78.4708747141659
2021,vw,JP3280200001,KEIKYU,JP,0.0006997336890065972,29.383346852724674,15.291773631173609
2021,vw,NZCENE0001S6,CONTACT ENERGY,NZ,0.0006810071706967581,694.9203838496848,241.9458603225037
2021,vw,JP3305530002,COMSYS HOLDINGS,JP,0.0006802328132359083,16.984182819253572,20.866274998956683
2021,vw,HK0392044647,BEIJING ENTERPRISES HOLDINGS,HK,0.0006791824627900305,50.908019397066504,104.32462870252546
2021,vw,JP3351500008,SHIZUOKA FINANCIAL GROUP,JP,0.0006778135375842918,0.67306561316184,0.3355173761703553
2021,vw,JP3605400005,TOHOKU ELECTRIC PWR.,JP,0.0006768877782573696,1525.6566803111848,7255.409520569808
2021,vw,JP3122800000,AMADA,JP,0.0006714420423870753,3.322856827154402,1.9565748430982
2021,vw,JP3419050004,SEGA SAMMY HDG.,JP,0.000668757813469832,2.163697397703775,1.436885968842709
2021,vw,JP3494600004,SCREEN HOLDINGS,JP,0.0006623642388338132,3.556442525456174,2.5272150632875223
2021,vw,JP3358200008,SHIMAMURA,JP,0.0006569390052995495,0.11061105014249306,0.13467835639590156
2021,vw,JP3870400003,MARUI GROUP,JP,0.0006507646479487815,5.16529406778319,2.6876182951920957
2021,vw,JP3246400000,KYUSHU ELEC.POWER,JP,0.0006460853840254791,1129.679663517938,5397.079572139255
2021,vw,JP3753000003,NIPPON YUSEN KK,JP,0.0006405024402140567,784.3627210352516,2868.58117923994
2021,vw,JP3398000004,SUZUKEN,JP,0.00063580898236581,1.8071101500420526,9.101327049485302
2021,vw,JP3935600001,YAMAZAKI BAKING,JP,0.0006339953141784834,39.97926878124545,96.01990049751244
2021,vw,KYG5427W1309,LEE & MAN PAPER MNFG.,HK,0.0006323298936516862,1538.293940871304,1280.3880716509038
2021,vw,AU000000WOR2,WORLEY,AU,0.0006240248704565025,3.0614880497141095,6.45853446489317
2021,vw,AU000000AMP6,AMP,AU,0.0006202619032434928,0.058128655436422774,0.03712254508100851
2021,vw,JP3665200006,NICHIREI,JP,0.0006124016230298969,7.703787181778563,10.816156247102816
2021,vw,BMG668971101,CTF SERVICES,HK,0.0006111509805320274,7.360413095300549,6.2634994774395825
2021,vw,HK0014000126,HYSAN DEVELOPMENT,HK,0.0006102930366242834,1.144939284789022,0.14161267898628063
2021,vw,JP3269600007,KURARAY,JP,0.0006065158754863296,382.7306796175642,513.032534531536
2021,vw,BMG524401079,KERRY PROPERTIES,HK,0.0006045397657135294,2.3265567919983523,1.13742196528776
2021,vw,JP3131430005,AEON MALL DEAD - DELIST.27/06/25,JP,0.0006043647073058831,5.370510912671094,3.816947277225139
2021,vw,JP3738600000,NITERRA,JP,0.0006029547774280831,15.891440731835392,16.24302282393191
2021,vw,JP3634200004,TOYODA GOSEI,JP,0.0005980468336029004,14.6316893423366,26.107181848388475
2021,vw,AU000000BEN6,BENDIGO & ADELAIDE BANK,AU,0.0005975878966963683,0.8579732401306741,0.38689415832046764
2021,vw,JP3368000000,RESONAC HOLDINGS,JP,0.0005863431539349439,375.73496879327337,936.2938257326143
2021,vw,AU000000IGO4,IGO,AU,0.0005856303034821861,95.29100417654635,17.056523390056903
2021,vw,NZFBUE0001S0,FLETCHER BUILDING,NZ,0.000585182406295055,157.02567799127718,221.80358928335613
2021,vw,AU000000ANN9,ANSELL,AU,0.0005810141236697472,66.86914926762118,35.65359956135351
2021,vw,JP3224200000,KAWASAKI HEAVY INDUSTRY,JP,0.0005801577568647748,9.530616033108407,37.922269975507184
2021,vw,JP3375800004,SHINKO ELEC.INDS. DEAD - DELIST.06/06/25,JP,0.0005790947895967242,26.90087132334095,12.290945534860795
2021,vw,JP3544000007,TEIJIN,JP,0.0005765619625455535,91.44429175108091,194.21034347877227
2021,vw,JP3263000006,KINDEN,JP,0.000571201390224925,3.11236672847136,4.6851876394318905
2021,vw,JP3765400001,HOUSE SHOKUHIN GP.HONSHA K K,JP,0.0005699633645492282,19.654309101418832,14.912326818834586
2021,vw,BMG988031446,YUE YUEN INDL.HDG.,HK,0.0005655048950139481,1.6567682652192508,3.9043762480059794
2021,vw,JP3768600003,HASEKO,JP,0.0005633016824420394,5.143856319602523,10.80590746832785
2021,vw,HK0010000088,HANG LUNG GROUP,HK,0.0005568466007979286,2.1444702605254764,0.7465687857211639
2021,vw,JP3405400007,SUMITOMO HEAVY INDS.,JP,0.0005560533181038197,4.583061919457311,10.372710796729244
2021,vw,AU000000CWY3,CLEANAWAY WASTE MANAGEMENT,AU,0.0005534353275029832,491.95697565800316,244.92831679105433
2021,vw,JP3549600009,DENKA,JP,0.0005481488790126193,550.8258529639239,533.9977615826589
2021,vw,JP3791200003,HITACHI TRANSPORT SYSTEM DEAD - DELIST.24/02/23,JP,0.0005467973019373681,6.717543079554712,11.729976060684722
2021,vw,AU000000CGF5,CHALLENGER,AU,0.0005442881314277712,0.001088447939205235,0.000286857576661963
2021,vw,JP3588600001,TBS HOLDINGS,JP,0.0005387493464939533,1.4179504001337275,1.2862734077463283
2021,vw,JP3362700001,MITSUI OSK LINES,JP,0.0005347103862959157,1013.1606501692205,2899.6130318599835
2021,vw,JP3560800009,TOKAI CARBON,JP,0.0005339943816376146,1079.462521530584,611.3552594272753
2021,vw,JP3166000004,EBARA,JP,0.0005289255733297299,40.93812523454134,60.826887869806605
2021,vw,JP3118000003,ASICS,JP,0.0005256672790036285,0.9852005739864214,0.9246591781874041
2021,vw,JP3040890000,JAPAN PRIME REALTY INV.,JP,0.0005198099193099498,3.8031762169693204,0.3677206779167349
2021,vw,JP3635400009,TOYOTA BOSHOKU,JP,0.0005068902934050987,4.64052997181541,17.009016633168017
2021,vw,JP3449020001,TAIHEIYO CEMENT,JP,0.0005063383074350428,2889.2907103333655,7484.364098475033
2021,vw,JP3293200006,COCA-COLA BOTTLERS JAPAN HOLDINGS,JP,0.0005014240551987737,24.998603233517724,59.247342265836316
2021,vw,JP3292200007,JTEKT,JP,0.0004981263333033826,8.449665598082694,31.344091638726102
2021,vw,BMG8063F1068,SHANGRI-LA ASIA,HK,0.0004902360881371265,146.81057641909572,48.838653223782835
2021,vw,JP3780100008,PARK24,JP,0.0004883561816333933,58.40012901372535,44.90786490728362
2021,vw,HK0000745908,YUEXIU PROPERTY COMPANY,HK,0.00048510892702669303,0.5195856066626781,1.135002194443993
2021,vw,JP3243600008,CANON MARKETING JAPAN,JP,0.00048367376350454773,1.1183723902394627,1.891191287477379
2021,vw,JP3657400002,NIKON,JP,0.00048199572615557787,7.535152783680785,11.091515308175813
2021,vw,JP3667600005,JGC HOLDINGS,JP,0.0004761005159953809,19.98308458253778,27.93300715840243
2021,vw,JP3903000002,MITSUBISHI MATERIALS,JP,0.000472162490374725,655.4388711822614,3064.9395763328944
2021,vw,JP3663900003,SOJITZ,JP,0.000469492455382426,47.54447230492043,242.50956522323335
2021,vw,AU000000BPT9,BEACH ENERGY,AU,0.00046083573826917804,490.0879860960243,191.46110251741933
2021,vw,JP3870000001,MABUCHI MOTOR,JP,0.0004604020350069913,3.693737526188798,1.4017106899280305
2021,vw,JP3551200003,ELEC.POWER DEV.,JP,0.00045734403273288166,6671.917366846498,18476.49918962723
2021,vw,JP3134800006,IHI,JP,0.0004505230632457624,4.9948162893987185,20.484483573416412
2021,vw,AU000000BOQ8,BANK OF QLND.,AU,0.0004442525026259274,0.2885016943590185,0.15229561679724804
2021,vw,AU000000DOW2,DOWNER EDI,AU,0.00044342925497915835,33.87527278840892,109.14083089409496
2021,vw,JP3126400005,ALPS ALPINE,JP,0.00044191050501011885,4.725384051027352,11.41489771737734
2021,vw,JP3415400005,SEINO HDG.,JP,0.00044159193025025803,70.63593827407068,141.97005735673318
2021,vw,JP3582600007,TOKYO TATEMONO,JP,0.00043879257283068883,4.957879049337203,5.679535055907587
2021,vw,HK0200030994,MELCO INTL.DEV.,HK,0.0004286770356537217,8.569838234343099,5.4603716525699655
2021,vw,JP3131400008,AEON FINANCIAL SERVICE,JP,0.0004152211948065306,0.5471338546759411,0.9867783850714635
2021,vw,AU000000MTS0,METCASH,AU,0.00041426231632140493,1.439809139933286,5.731460789651011
2021,vw,JP3385820000,GS YUASA,JP,0.0004114566504907494,17.6414287825406,24.480057034657754
2021,vw,SG1N31909426,COMFORTDELGRO CORPORATION,SG,0.00040748392860911857,344.8213055523891,323.1314949201742
2021,vw,JP3902000003,MITSUBISHI LOGISTICS,JP,0.0004005935666000494,2.3516572997985983,1.8783020873522673
2021,vw,JP3894900004,ISETAN MITSUKOSHI HDG.,JP,0.00039912528391970075,2.114750877876179,6.729230465277092
2021,vw,JP3215800008,KANEKA,JP,0.00039438135878276323,171.87201227309856,373.10000919753503
2021,vw,JP3548610009,DENA,JP,0.0003937126672076098,0.014997485947750338,0.007610868319960905
2021,vw,JP3535800001,TSUMURA,JP,0.00039334520226182976,31.013762836222085,15.090413375566337
2021,vw,JP3404200002,SUMITOMO RUBBER INDS.,JP,0.0003919526205145173,52.89441424353545,160.1435658902252
2021,vw,JP3459600007,TAKARA HDG.,JP,0.00038956330981556106,33.24343850938868,35.33674477353327
2021,vw,BMG2442N1048,COSCO SHIPPING PORTS,HK,0.0003844866159938184,85.72975208014773,35.20896826406008
2021,vw,JP3164800009,NOK,JP,0.00037827913948484704,6.877810626362214,15.842772985570567
2021,vw,JP3638600001,DOWA HDG.,JP,0.00037765776099284127,222.9161225144499,474.72887251892774
2021,vw,JP3485800001,DAICEL,JP,0.00037230665128884223,453.3095315976033,696.8272122675478
2021,vw,JP3493400000,DIC,JP,0.00037182563494350787,43.77469945483778,123.87886242656883
2021,vw,JP3219000001,KAMIGUMI,JP,0.0003682046069799412,12.63231337178418,13.73026397508877
2021,vw,JP3300600008,KONICA MINOLTA,JP,0.00035828463054665097,17.928614240583975,64.87351383710643
2021,vw,HK2380027329,CHIN.PWR.INTDVT.,HK,0.0003571633104760517,12995.92535020833,23708.13536570288
2021,vw,JP3733400000,NIPPON ELEC.GLASS,JP,0.0003549853315484883,376.8932829481969,386.9614860031899
2021,vw,HK0165000859,CHINA EVERBRIGHT,HK,0.0003545437427724436,0.052137859120194315,0.011209615358952344
2021,vw,JP3721400004,JAPAN STEEL WORKS,JP,0.00035427090399295884,31.063209419207485,26.2649465352529
2021,vw,SG1R50925390,SEMBCORP INDUSTRIES,SG,0.0003509511026587655,6349.3497353040175,11655.244934368106
2021,vw,JP3711200000,AOZORA BANK,JP,0.00034772592749086754,0.08496727641867402,0.05170443206763302
2021,vw,AU000000FLT9,FLIGHT CENTRE TRAVEL GP.,AU,0.0003447310093276214,135.4576533574147,24.01811652217673
2021,vw,JP3613400005,TOYO SEIKAN GROUP HDG.,JP,0.00034398188551111695,54.21653749716341,177.89188941359865
2021,vw,JP3271400008,CREDIT SAISON,JP,0.00033782329918806485,0.317797696137562,0.4775798884246399
2021,vw,JP3158800007,UBE,JP,0.0003364117922074933,1844.9286552799995,5011.485631240917
2021,vw,JP3888400003,MITSUI KINZOKU LIMITED,JP,0.00033058439746647464,170.91110538238343,371.6337094196503
2021,vw,AU000000ILU1,ILUKA RESOURCES,AU,0.0003274522713621003,463.5222630542121,167.60664454387393
2021,vw,JP3172100004,OKUMA,JP,0.00032012032057698647,4.109290695333078,2.4632968765395606
2021,vw,JP3827200001,FURUKAWA ELECTRIC,JP,0.0003174865589484341,18.75603176930763,71.03472256718494
2021,vw,AU000000CSR5,CSR DEAD - DEAD.10/07/24,AU,0.0003156113837530156,172.84676740471565,139.94783156190505
2021,vw,JP3491000000,DAIDO STEEL,JP,0.00031523287908783446,105.59013321040084,203.0568188071903
2021,vw,JP3326410002,SANKYO,JP,0.0003129949702549507,1.8185396288575635,0.5028670475960134
2021,vw,JP3835620000,BENESSE HOLDINGS DEAD - DELIST.17/05/24,JP,0.00031235782073522905,0.01859311296417034,0.038372597925860105
2021,vw,AU0000033359,HEALIUS,AU,0.0003090380194010357,5.554965050538794,3.3604997116655526
2021,vw,AU000000SGM7,SIMS,AU,0.0003034266877397247,20.4110230848388,37.474986356194286
2021,vw,JP3389900006,JAFCO GROUP,JP,0.00029013171137523563,0.021655177391994802,0.0016307449786644198
2021,vw,JP3625000009,TOKUYAMA,JP,0.0002897973655876589,2364.5019697770476,3678.851501744189
2021,vw,JP3796150005,HIROGIN HOLDINGS,JP,0.0002863971320121146,1.7133470604287533,1.064885433129402
2021,vw,MU0117U00026,GOLDEN AGRI-RESOURCES,SG,0.00028240706199999626,1139.2550403638295,4648.941457666683
2021,vw,JP3289800009,KOBE STEEL,JP,0.0002799388961624606,900.6414243998172,8168.922040315038
2021,vw,JP3742600004,NHK SPRING,JP,0.0002798064195296472,14.724350044182254,45.091253424117056
2021,vw,JP3940400009,YAMATO KOGYO,JP,0.00027579269297595507,38.35307703250388,31.451396156067545
2021,vw,JP3456000003,TAKASHIMAYA,JP,0.0002723419921117199,3.0635101817517807,12.19272085010279
2021,vw,JP3156400008,USHIO,JP,0.00027194771641882284,3.18130769583789,2.130657929074724
2021,vw,JP3223800008,KAWASAKI KISEN KAISHA,JP,0.00026627645485219147,1518.7977903805868,5450.52564869491
2021,vw,JP3769000005,HACHIJUNI NAGANO BANK,JP,0.0002653633123474418,1.8518212445010067,1.598121954118626
2021,vw,NZSKCE0001S2,SKY CITY ENTM.GP.,NZ,0.00025700466765802405,11.440871705034088,2.733186057928326
2021,vw,AU000000IFL2,INSIGNIA FINANCIAL,AU,0.0002468071211369343,0.001602252553456486,0.0009585032014006927
2021,vw,JP3350800003,SHIKOKU ELECTRIC POWER,JP,0.00024504234313552705,1283.8616634547575,5496.379726468222
2021,vw,AU000000CQR9,CHARTER HALL RETAIL REIT,AU,0.00024499660715515095,2.017235700955099,0.18925495345873083
2021,vw,JP3320800000,SAPPORO HOLDINGS,JP,0.00024250320767326994,28.87948806161286,77.68583227652586
2021,vw,JP3165600002,NTN,JP,0.00024209789226097171,16.24700894454518,56.02313885921255
2021,vw,SG1T58930911,FRASER AND NEAVE,SG,0.000240396198370428,34.90909090909091,31.490070787054957
2021,vw,AU000000ABC7,ADBRI DEAD - DELIST.02/07/24,AU,0.00023779082459176419,1895.569038259614,1387.699052242716
2021,vw,HK0363006039,SHANGHAI INDUSTRIAL HOLDINGS,HK,0.00023669000685719557,30.45165344434844,71.03725371304446
2021,vw,AU000000IRE2,IRESS,AU,0.00023570116341940973,0.19452509130521475,0.05352889221957552
2021,vw,JP3811000003,FUJIKURA,JP,0.00023308159571580164,4.0054185871905075,16.301398596666914
2021,vw,SG1P66918738,SINGAPORE PRESS HDG. DEAD - DELIST.13/05/22,SG,0.00023050934109534112,0.17483406168022464,0.07765462506841818
2021,vw,SGXE34184239,SEATRIUM,SG,0.0002257165257724844,54.66243336164562,43.25780283815792
2021,vw,JP3678000005,NISSHINBO HOLDINGS,JP,0.00021754240210734244,54.70568959867547,172.4687903260885
2021,vw,JP3992400006,WACOAL HDG.,JP,0.0002165267479224396,1.0741360572339163,1.1733943216746543
2021,vw,JP3276400003,GUNMA BANK,JP,0.00021388510078002924,1.1473934394058216,1.1252110692454598
2021,vw,SG9999003735,XP POWER (DI),SG,0.00021354286947859456,0.6810282241225337,0.1565708039763076
2021,vw,JP3845400005,HOKURIKU ELEC.POWER,JP,0.0002108349840197775,2838.3528302153118,12484.571941504284
2021,vw,JP3718800000,NISSUI,JP,0.00020722026446729722,34.79439955120018,166.3924257761068
2021,vw,AU000000ELD6,ELDERS,AU,0.00020594911963339705,34.94288733584365,42.4383744170553
2021,vw,NZAIRE0001S2,AIR NEW ZEALAND,NZ,0.00020561161964027718,610.7345533438513,1022.5982373650986
2021,vw,AU000000IVC8,INVOCARE DEAD - DELIST.27/11/23,AU,0.0001988836992166816,15.159718462371412,4.329656561491432
2021,vw,JP3274400005,GLORY,JP,0.00019805414315882618,1.4137099745873583,2.2423774297067234
2021,vw,AU000000SBM8,ST BARBARA,AU,0.00019138457553777942,263.8243984803714,135.9680928208847
2021,vw,JP3400900001,SUMITOMO OSAKA CEMENT,JP,0.00018497838407958788,3826.840314311151,7417.512149373348
2021,vw,JP3421100003,JAPAN PETROLEUM EXP.,JP,0.00017667493798717565,352.23151259905023,661.4594956482928
2021,vw,JP3619800000,TOYOBO,JP,0.00017558200576646497,224.94551807020557,644.9179032084216
2021,vw,KYG548561284,LIFESTYLE INTL.HDG. DEAD - DELIST.21/12/22,HK,0.00017234894508470902,0.00011667703795892968,2.7451913398363867e-05
2021,vw,JP3579800008,TOKYO STEEL MNFG.,JP,0.00016892978627590567,190.08409576039216,238.51690722034465
2021,vw,JP3919800007,MEIDENSHA,JP,0.0001684030339501952,8.437638894862861,18.738527814197415
2021,vw,JP3352400000,CITIZEN WATCH,JP,0.0001537769828464856,8.60958091825262,17.198941603593624
2021,vw,AU000000MND5,MONADELPHOUS GROUP,AU,0.00014995093152261245,7.801358803899236,9.660286074884308
2021,vw,HK0440001847,DAH SING FINANCIAL HDG.,HK,0.00014564859516171967,0.011643737460590426,0.014076576576576577
2021,vw,JP3194000000,OKI ELECTRIC IND.,JP,0.00014213165598107782,2.586265893598634,10.818668027784557
2021,vw,JP3850200001,HOKKAIDO ELEC.POWER,JP,0.00014150081487244252,1833.056393836749,14266.289204431465
2021,vw,HK0242001243,SHUN TAK HOLDINGS,HK,0.00014139357188397452,11.006452185751916,6.636625248176323
2021,vw,JP3425000001,CENTRAL GLASS,JP,0.00013942377052226075,202.0729647445755,419.9129008540241
2021,vw,BMG2108M2182,CHINESE ESTATES HDG.,HK,0.00013895063969078427,0.0029691740351668974,0.0011350093638272517
2021,vw,BMG684371393,PACIFIC BASIN SHIP.,HK,0.0001364099271257556,2314.099223628543,3937.8453996809026
2021,vw,JP3528600004,CHIYODA CORPORATION,JP,0.00013633264908994777,15.619523489766559,61.24356527271675
2021,vw,BMG8403G1033,SINOFERT HOLDINGS,HK,0.00013434549959774654,447.597739616981,1632.6853319246345
2021,vw,SG2B80958517,OUE,SG,0.00012830519598256348,2.947423989140408,1.4412144305820171
2021,vw,HK0308001558,CTII.INTL.INV.HK.,HK,0.00012166086200586211,59.21182382500739,19.475149723885824
2021,vw,AU000000GWA4,GWA GROUP,AU,0.0001089462594613175,33.901404206185006,14.493341053850608
2021,vw,JP3411000007,SURUGA BANK,JP,0.00010833434358594126,0.171757783821883,0.23874687008676412
2021,vw,AU000000ERA9,ENERGY RES.OF AUS.,AU,9.706909848848626e-05,598.6181366929928,184.9648247737575
2021,vw,AU000000SIG5,SIGMA HEALTHCARE,AU,8.547108470622616e-05,1.721949517553358,8.450964111080356
2021,vw,JP3826800009,FURUKAWA,JP,7.641062928345156e-05,2.78664114018294,8.652218782249742
2021,vw,AU000000SXL4,SOUTHERN CROSS MEDIA GROUP,AU,7.137336303099862e-05,0.5137460695735908,0.42204348594661484
2021,vw,HK0000139300,TELEVISION BROADCASTS,HK,6.870805934701445e-05,1.6353439617127947,1.319239774135794
2021,vw,AU000000MAH3,MACMAHON HOLDINGS,AU,6.697166919549576e-05,2.010370413934386,4.8298598846108565
2021,vw,JP3203500008,ONWARD HOLDINGS,JP,6.113954314616236e-05,0.632484669470575,3.048984961436273
2021,vw,JP3407200009,OSAKA TITANIUM,JP,4.367943836190865e-05,214.52054657839727,155.2570768341999
2021,vw_50,JP3475350009,DAIICHI SANKYO,JP,0.03176143769311603,9.517064496294866,1.2838755112208884
2021,vw_50,KYG548561284,LIFESTYLE INTL.HDG. DEAD - DELIST.21/12/22,HK,0.021263350281126865,0.00011667703795892968,2.7451913398363867e-05
2021,vw_50,JP3769000005,HACHIJUNI NAGANO BANK,JP,0.01618718059284536,1.8518212445010067,1.598121954118626
2021,vw_50,JP3435000009,SONY GROUP,JP,0.015676678479038798,2.5018879394285785,1.6166808331974816
2021,vw_50,HK0388045442,HONG KONG EXCHANGES AND CLEARING,HK,0.014090693555108799,0.046612163946862135,0.0011969480640714565
2021,vw_50,JP3802300008,FAST RETAILING,JP,0.013897365060155835,0.5256680528634731,0.10858860154252334
2021,vw_50,JP3496400007,KDDI,JP,0.013777932444838065,0.5080693992419133,0.36867305835331643
2021,vw_50,JP3613000003,TOYO SUISAN KAISHA,JP,0.01348408536495922,41.911676497302835,33.15027259770161
2021,vw_50,AU000000TLS2,TELSTRA GROUP,AU,0.013326064737516952,1.9375810192607323,1.1578695759751074
2021,vw_50,JP3436100006,SOFTBANK GROUP,JP,0.013030014995657339,0.25229903733580594,0.09057185527773763
2021,vw_50,JP3826800009,FURUKAWA,JP,0.01286956328533459,2.78664114018294,8.652218782249742
2021,vw_50,AU000000CBA7,COMMONWEALTH BK.OF AUS.,AU,0.012742820968487872,0.3601761363181233,0.0753087655091351
2021,vw_50,JP3735400008,NTT,JP,0.012616208374498384,2.124363165238635,2.4285179020544034
2021,vw_50,JP3756600007,NINTENDO,JP,0.01235014342328193,0.036765734559230885,0.007563840773284713
2021,vw_50,JP3818000006,FUJITSU,JP,0.012201727412487706,2.1703105795464257,2.332582034577574
2021,vw_50,JP3419400001,SEKISUI CHEMICAL,JP,0.012028052696235901,20.082760760303643,23.223223223223222
2021,vw_50,AU000000CSL8,CSL,AU,0.011868382200292616,5.095693185592611,0.5854720104461661
2021,vw_50,JP3551500006,DENSO,JP,0.011612075239423121,12.69923719694764,12.097269608445405
2021,vw_50,JP3837800006,HOYA,JP,0.011132063183311076,3.163024871853013,0.3440027950227096
2021,vw_50,JP3389900006,JAFCO GROUP,JP,0.010690573716806161,0.021655177391994802,0.0016307449786644198
2021,vw_50,JP3385820000,GS YUASA,JP,0.010334870963067072,17.6414287825406,24.480057034657754
2021,vw_50,JP3951600000,UNI CHARM,JP,0.009843173770484668,5.128768199903493,1.2882613624652168
2021,vw_50,HK0823032773,LINK REAL ESTATE INVESTMENT TRUST,HK,0.009812040868848518,2.2343750684327546,0.16947097484288917
2021,vw_50,JP3322930003,SUMCO,JP,0.00930884942684578,9.740400294376542,4.064000481659316
2021,vw_50,JP3134800006,IHI,JP,0.008946642346966932,4.9948162893987185,20.484483573416412
2021,vw_50,JP3802400006,FANUC,JP,0.008866882210494422,9.951441189873766,0.8726159684014928
2021,vw_50,JP3638600001,DOWA HDG.,JP,0.00866701246372136,222.9161225144499,474.72887251892774
2021,vw_50,AU0000088338,AMPOL,AU,0.00857658312063702,47.258119700575136,111.0747887420338
2021,vw_50,JP3162600005,SMC,JP,0.008347392773726049,10.657878866652476,1.2627883263295063
2021,vw_50,AU000000WOW2,WOOLWORTHS GROUP,AU,0.008175540860159964,9.941881331941651,10.830128610256928
2021,vw_50,JP3194000000,OKI ELECTRIC IND.,JP,0.00812775664187168,2.586265893598634,10.818668027784557
2021,vw_50,JP3456000003,TAKASHIMAYA,JP,0.00803964737489204,3.0635101817517807,12.19272085010279
2021,vw_50,JP3914400001,MURATA MANUFACTURING,JP,0.007971666129740039,18.45096453744527,4.342019976415647
2021,vw_50,HK0011000095,HANG SENG BANK DEAD - DELIST.28/01/26,HK,0.007957735224335068,0.011546599151318379,0.0020245911644602294
2021,vw_50,JP3201200007,OLYMPUS,JP,0.007748166590402025,4.222985896293734,1.1253974739029087
2021,vw_50,AU000000STO6,SANTOS,AU,0.007710405412913979,1666.3763526614764,603.2500094257814
2021,vw_50,AU000000MTS0,METCASH,AU,0.007672796673991079,1.439809139933286,5.731460789651011
2021,vw_50,SG1L01001701,DBS GROUP HOLDINGS,SG,0.007606996681299145,0.05549040137006314,0.015507652319664134
2021,vw_50,JP3633400001,TOYOTA MOTOR,JP,0.007476151096831026,9.744521593169779,10.585344491179342
2021,vw_50,JP3256000005,KYOWA KIRIN,JP,0.007390505735040796,5.414918725047778,1.041539003737018
2021,vw_50,JP3792600003,HINO MOTORS,JP,0.007353045611333299,9.430026980971315,26.26882277043367
2021,vw_50,HK0016000132,SUN HUNG KAI PROPERTIES,HK,0.007331334091646335,3.262444241999046,0.9542316401399422
2021,vw_50,JP3538800008,TDK,JP,0.007221960930182885,10.305729077997096,6.718340509981616
2021,vw_50,BMG507361001,JARDINE MATHESON HDG.,HK,0.007129777074486412,134.52902031912583,103.74854075211613
2021,vw_50,JP3902900004,MITSUBISHI UFJ FINL.GP.,JP,0.0071117844498925055,0.5038460430056978,0.4767628975332948
2021,vw_50,HK0006000050,POWER ASSETS HOLDINGS,HK,0.007076232312312074,42609.82159750493,606.5829601555616
2021,vw_50,AU000000BOQ8,BANK OF QLND.,AU,0.007057750279463754,0.2885016943590185,0.15229561679724804
2021,vw_50,JP3726800000,JAPAN TOBACCO,JP,0.006967855021810404,17.68967023314898,8.86203067651223
2021,vw_50,SG1T75931496,SINGAPORE TELECOM,SG,0.006863500787900823,0.6490597635173723,0.26149394711479085
2021,vw_50,BMG4600H1198,HOPSON DEVELOPMENT HOLDINGS,HK,0.006774358003475801,0.29294747557756207,0.2297419426723993
2021,vw_50,AU000000GMG2,GOODMAN GROUP,AU,0.006683545861840475,2.1047268365695175,0.13116174147003293
2021,vw_50,SG1S04926220,OVERSEA-CHINESE BKG.,SG,0.006603682884269897,0.0094489322885924,0.006821535674472863
2021,vw_50,JP3421800008,SECOM,JP,0.0066014826545227456,6.113321391496044,2.9073385132806555
2021,vw_50,JP3955000009,YOKOGAWA ELECTRIC,JP,0.006352641632527442,3.2712994314349366,1.9717329459475816
2021,vw_50,JP3935600001,YAMAZAKI BAKING,JP,0.006341952930719227,39.97926878124545,96.01990049751244
2021,vw_50,KYG217651051,CK HUTCHISON HOLDINGS,HK,0.006273717041297082,234.377460516798,294.65367635197197
2021,vw_50,JP3519400000,CHUGAI PHARM.,JP,0.006243950962685064,6.530537454498055,0.5646100203787522
2021,vw_50,JP3351600006,SHISEIDO,JP,0.006151735719937826,3.280523569005124,1.0255960135057265
2021,vw_50,JP3711200000,AOZORA BANK,JP,0.005921545380060608,0.08496727641867402,0.05170443206763302
2021,vw_50,AU000000NAB4,NATIONAL AUS.BANK,AU,0.005904372364023692,0.5416620510345664,0.1786440682443123
2021,vw_50,JP3621000003,TORAY INDS.,JP,0.0058839320049252665,158.03337642414223,256.0763453804647
2021,vw_50,JP3198900007,ORIENTAL LAND,JP,0.005871450873039477,22.87398720449046,0.8041856815788333
2021,vw_50,JP3885400006,MISUMI GROUP,JP,0.005866323007638881,3.044968179592978,0.8948187241948379
2021,vw_50,JP3967200001,RAKUTEN GROUP,JP,0.00580371716710462,0.11892490156021962,0.11557732523052308
2021,vw_50,HK0363006039,SHANGHAI INDUSTRIAL HOLDINGS,HK,0.005795194117153133,30.45165344434844,71.03725371304446
2021,vw_50,JP3397200001,SUZUKI MOTOR,JP,0.005788521343828356,13.146604498449774,16.539328346580753
2021,vw_50,JP3684000007,NITTO DENKO,JP,0.005745319736483385,51.87095507356072,24.3310090372434
2021,vw_50,AU000000OZL8,OZ MINERALS DEAD - DELIST.03/05/23,AU,0.005734843827330303,93.12779410420049,19.886208561651024
2021,vw_50,JP3672400003,NISSAN MOTOR,JP,0.005576526752635049,7.517857029112943,24.72122326006412
2021,vw_50,JP3814000000,FUJIFILM HOLDINGS,JP,0.00553419641943653,31.235484561375223,21.65013848332349
2021,vw_50,JP3119600009,AJINOMOTO,JP,0.005385227086383588,99.72557970792427,83.83347834505477
2021,vw_50,JP3910660004,TOKIO MARINE HOLDINGS,JP,0.005366408651169525,0.2591522043244732,0.38422704627975807
2021,vw_50,JP3371200001,SHIN-ETSU CHEMICAL,JP,0.0053655274459660784,151.97131852720426,28.93933829401024
2021,vw_50,JP3571400005,TOKYO ELECTRON,JP,0.0051751104223955405,2.37509517784426,0.4711380811488231
2021,vw_50,JP3200450009,ORIX,JP,0.005114987430578137,45.90233640364757,45.670175639761865
2021,vw_50,JP3228600007,KANSAI ELECTRIC PWR.,JP,0.004800635816394228,998.5789158163234,3133.1111688636383
2021,vw_50,AU000000QBE9,QBE INSURANCE GROUP,AU,0.004692755152581492,0.3781466249341749,0.7087353862694736
2021,vw_50,KYG210961051,CHINA MENGNIU DAIRY,HK,0.004672422153113864,23.529122175509876,10.895377971138142
2021,vw_50,JP3942400007,ASTELLAS PHARMA,JP,0.004666749623903712,5.306598284823838,2.057013565834772
2021,vw_50,SG9999000020,FLEX,SG,0.004664982700818794,3.17205059310087,8.262682087774037
2021,vw_50,AU000000IGO4,IGO,AU,0.004566265608321781,95.29100417654635,17.056523390056903
2021,vw_50,JP3734800000,NIDEC,JP,0.004424919171573141,4.041834060347008,0.730351624137683
2021,vw_50,JP3982100004,LAWSON DEAD - DELIST.24/07/24,JP,0.0043957671667392804,0.6677848179898124,0.8783199985293246
2021,vw_50,HK0014000126,HYSAN DEVELOPMENT,HK,0.004337419547405942,1.144939284789022,0.14161267898628063
2021,vw_50,HK0066009694,MTR,HK,0.004277778452290384,8.745824465095144,1.3480941483630986
2021,vw_50,JP3820000002,FUJI ELECTRIC,JP,0.004225087630663857,24.99608431765202,32.240525160206076
2021,vw_50,JP3598600009,TOHO,JP,0.004024570350824232,2.876709297461225,0.7635434569499935
2021,vw_50,JP3481800005,DAIKIN INDUSTRIES,JP,0.003995736994294562,23.684150579350927,8.643877737850048
2021,vw_50,HK0003000038,HONG KONG AND CHINA GAS,HK,0.003990478331247186,342.4244369835816,71.3018101510431
2021,vw_50,JP3539220008,T & D HOLDINGS,JP,0.003913619594405324,0.0967828546036112,0.25179514418014726
2021,vw_50,AU000000ANN9,ANSELL,AU,0.003832803500312571,66.86914926762118,35.65359956135351
2021,vw_50,JP3463000004,TAKEDA PHARMACEUTICAL,JP,0.0037883899039383964,9.625505737376322,5.306903865345918
2021,vw_50,HK0688002218,CHINA OVERSEAS LAND INVESTMENT,HK,0.003776634233161117,1.1184494606876625,1.2055128089977345
2021,vw_50,HK2388011192,BOC HONG KONG HOLDINGS,HK,0.0037542165692793904,0.03838247087854749,0.01823371258612822
2021,vw_50,JP3271400008,CREDIT SAISON,JP,0.00371775914257667,0.317797696137562,0.4775798884246399
2021,vw_50,JP3613400005,TOYO SEIKAN GROUP HDG.,JP,0.003715750259659908,54.21653749716341,177.89188941359865
2021,vw_50,JP3283650004,KOSE HOLDINGS,JP,0.0037059141976306634,2.331465061216191,0.7234709089063548
2021,vw_50,AU000000BHP4,BHP GROUP,AU,0.003680970834609472,200.0919590946263,100.30537524588473
2021,vw_50,AU000000CWY3,CLEANAWAY WASTE MANAGEMENT,AU,0.003598733293512764,491.95697565800316,244.92831679105433
2021,vw_50,JP3027680002,JAPAN REAL ESTATE INV.,JP,0.003596581020154902,4.893430155319013,0.4023826312949925
2021,vw_50,JP3791200003,HITACHI TRANSPORT SYSTEM DEAD - DELIST.24/02/23,JP,0.0035737527468799202,6.717543079554712,11.729976060684722
2021,vw_50,JP3548610009,DENA,JP,0.0034826234493215446,0.014997485947750338,0.007610868319960905
2021,vw_50,JP3209000003,CASIO COMPUTER,JP,0.003406803623897683,1.6700011307179137,0.7286548530004028
2021,vw_50,JP3854600008,HONDA MOTOR,JP,0.003389140775880848,9.051446912985037,23.14208329992884
2021,vw_50,JP3249600002,KYOCERA,JP,0.0033212114527937215,8.958562869929414,5.328033363851419
2021,vw_50,JP3906000009,MINEBEA MITSUMI,JP,0.003261800756683222,8.620865349603337,8.206441278295882
2021,vw_50,AU0000033359,HEALIUS,AU,0.0030951946313795553,5.554965050538794,3.3604997116655526
2021,vw_50,JP3197800000,OMRON,JP,0.003072299029879331,3.2451954207568185,1.0787468520631094
2021,vw_50,JP3336000009,SANTEN PHARM.,JP,0.0028881703662236888,6.480036385883986,2.260488606285558
2021,vw_50,JP3156400008,USHIO,JP,0.0028283992677705415,3.18130769583789,2.130657929074724
2021,vw_50,JP3452000007,TAIYO YUDEN,JP,0.002761016528198787,15.238039952689514,5.511933993278065
2021,vw_50,SG1M77906915,CAPITALAND ASCENDAS REIT,SG,0.002746587558748434,0.7366909439818661,0.061192177671273905
2021,vw_50,JP3670800006,NISSAN CHEMICAL,JP,0.0026908339233046403,111.81147453181106,26.430153773781893
2021,vw_50,JP3320800000,SAPPORO HOLDINGS,JP,0.0026666107133614726,28.87948806161286,77.68583227652586
2021,vw_50,JP3122400009,ADVANTEST,JP,0.002663582823820614,1.3788950165069296,0.22775285049729027
2021,vw_50,AU000000IVC8,INVOCARE DEAD - DELIST.27/11/23,AU,0.0026398392843561967,15.159718462371412,4.329656561491432
2021,vw_50,JP3933800009,LY,JP,0.0026279121125061793,0.3306594819668116,0.11586286279716679
2021,vw_50,JP3039710003,JAPAN METROPOLITAN FUND INVESTMENT REIT,JP,0.002582340916301435,9.376907192362033,1.1340839966349576
2021,vw_50,JP3893200000,MITSUI FUDOSAN,JP,0.002573578250256933,5.815806137233099,5.842845740235208
2021,vw_50,JP3711600001,NIPPON SANSO HOLDINGS,JP,0.0025283885963538312,128.21510415496178,116.32758413419042
2021,vw_50,JP3402600005,SUMITOMO METAL MINING,JP,0.002517542853831805,219.1967798509929,139.8078442851961
2021,vw_50,JP3762600009,NOMURA HDG.,JP,0.0025091078297238127,0.12858082972157828,0.12824753203953504
2021,vw_50,JP3229400001,KANSAI PAINT,JP,0.002450217235055258,4.473960378077215,1.9199333111370902
2021,vw_50,BMG2178K1009,CKI HOLDINGS,HK,0.002409421776822313,8081.865973918327,523.8707578651331
2021,vw_50,JP3940400009,YAMATO KOGYO,JP,0.0023741417994566543,38.35307703250388,31.451396156067545
2021,vw_50,JP3866800000,PANASONIC HOLDINGS,JP,0.002368630753834284,5.248435238674898,10.232193270627558
2021,vw_50,JP3409000001,SUMITOMO REAL.&DEV.,JP,0.002367803263070802,4.579067099733777,2.8566288925678163
2021,vw_50,JP3274400005,GLORY,JP,0.0023124014909851084,1.4137099745873583,2.2423774297067234
2021,vw_50,JP3277800003,KEIO,JP,0.002311016224950249,31.724963318925045,9.973930503090871
2021,vw_50,AU000000COH5,COCHLEAR,AU,0.002308859607315813,0.47469828117160345,0.04683077196674423
2021,vw_50,AU000000MQG1,MACQUARIE GROUP,AU,0.002299978300970133,0.042374472232782935,0.012627147226019418
2021,vw_50,AU000000ERA9,ENERGY RES.OF AUS.,AU,0.002204816882705298,598.6181366929928,184.9648247737575
2021,vw_50,JP3420600003,SEKISUI HOUSE,JP,0.0021899585431470582,3.6938927753986057,6.455327258820342
2021,vw_50,JP3743000006,NH FOODS,JP,0.0021625083362125795,31.071287237134904,78.4708747141659
2021,vw_50,JP3973400009,RICOH,JP,0.0021189961534136873,7.2206334055224355,20.311507280448303
2021,vw_50,BMG684371393,PACIFIC BASIN SHIP.,HK,0.002094267464776365,2314.099223628543,3937.8453996809026
2021,vw_50,AU000000ANZ3,ANZ GROUP HOLDINGS,AU,0.0020674715698521195,0.28236684956923674,0.1223296097449321
2021,vw_50,JP3626800001,LIXIL,JP,0.0020575779523157697,34.96388328395498,62.202751604123534
2021,vw_50,HK0010000088,HANG LUNG GROUP,HK,0.0020552824614790736,2.1444702605254764,0.7465687857211639
2021,vw_50,JP3942600002,YAMAHA,JP,0.0020476698076967517,6.353682348806186,1.9251484770762943
2021,vw_50,AU000000MND5,MONADELPHOUS GROUP,AU,0.0020382032159500245,7.801358803899236,9.660286074884308
2021,vw_50,JP3116000005,ASAHI GROUP HOLDINGS,JP,0.00202589848377267,25.604289744777063,23.85382146428663
2021,vw_50,JP3596200000,TOTO,JP,0.0020189841819872765,30.94692398694225,15.140882740662972
2021,vw_50,BMG2624N1535,DFI RETAIL GROUP HOLDINGS,HK,0.0019227186289044271,34.06364158820269,59.60896518836432
2021,vw_50,JP3407200009,OSAKA TITANIUM,JP,0.001831800930490829,214.52054657839727,155.2570768341999
2021,vw_50,JP3634600005,TOYOTA INDS.,JP,0.0017130267754124587,11.333295465326483,8.010516794688215
2021,vw_50,BMG988031446,YUE YUEN INDL.HDG.,HK,0.0017081053002943702,1.6567682652192508,3.9043762480059794
2021,vw_50,AU000000GPT8,GPT GROUP STAPLED UNITS,AU,0.0016706372588709988,14.262175870099506,1.2203440024825896
2021,vw_50,AU000000WBC1,WESTPAC BANKING,AU,0.0016695413735457471,0.33992682848788586,0.13182455697898615
2021,vw_50,JP3898400001,MITSUBISHI,JP,0.0015970167588837622,57.13229381056878,180.13876208729795
2021,vw_50,AU000000TCL6,TRANSURBAN GROUP STAPLED UNITS,AU,0.0015807336336072638,2.189386190963235,0.161939498445409
2021,vw_50,AU000000APA1,APA GROUP,AU,0.001547782129258698,742.4466624715218,163.34048767560787
2021,vw_50,JP3305530002,COMSYS HOLDINGS,JP,0.0015312440994233439,16.984182819253572,20.866274998956683
2021,vw_50,JP3634200004,TOYODA GOSEI,JP,0.001530170359617864,14.6316893423366,26.107181848388475
2021,vw_50,AU000000MAH3,MACMAHON HOLDINGS,AU,0.0015218357122654736,2.010370413934386,4.8298598846108565
2021,vw_50,JP3733000008,NEC,JP,0.0015179114128457856,0.7928699146376407,1.3291986423106872
2021,vw_50,JP3027670003,NIPPON BUILDING FUND,JP,0.0014897942554719726,15.379302044468632,1.2137806852347441
2021,vw_50,AU000000ABC7,ADBRI DEAD - DELIST.02/07/24,AU,0.0014793268318700026,1895.569038259614,1387.699052242716
2021,vw_50,BMG8403G1033,SINOFERT HOLDINGS,HK,0.001452907034259313,447.597739616981,1632.6853319246345
2021,vw_50,JP3242800005,CANON,JP,0.0014408113187842002,4.744268765028811,4.820396268978484
2021,vw_50,JP3240400006,KIKKOMAN,JP,0.001429944555124991,25.262292759220966,8.246450642873661
2021,vw_50,JP3560800009,TOKAI CARBON,JP,0.0014285211553294805,1079.462521530584,611.3552594272753
2021,vw_50,JP3173400007,OBIC,JP,0.0014171322004690571,0.2104179712158356,0.008955357542649891
2021,vw_50,JP3665200006,NICHIREI,JP,0.0014001410473160362,7.703787181778563,10.816156247102816
2021,vw_50,JP3899600005,MITSUBISHI ESTATE,JP,0.0013783979632297444,9.807783746564331,5.2600369643188145
2021,vw_50,SG1F60858221,SINGAPORE TECHS.ENGR.,SG,0.0013536433159929927,6.706131005759449,4.088762490601525
2021,vw_50,JP3263000006,KINDEN,JP,0.00135243817176882,3.11236672847136,4.6851876394318905
2021,vw_50,AU000000SIG5,SIGMA HEALTHCARE,AU,0.0013317917833185543,1.721949517553358,8.450964111080356
2021,vw_50,JP3635400009,TOYOTA BOSHOKU,JP,0.0013008911917834383,4.64052997181541,17.009016633168017
2021,vw_50,SG9999003735,XP POWER (DI),SG,0.0012686095601392442,0.6810282241225337,0.1565708039763076
2021,vw_50,HK0101000591,HANG LUNG PROPERTIES,HK,0.0012648848439921461,2.276601955666718,0.22323205463257326
2021,vw_50,JP3830800003,BRIDGESTONE,JP,0.0012538521697125257,60.43772496118052,64.88837842359676
2021,vw_50,JP3657400002,NIKON,JP,0.0012353176871636568,7.535152783680785,11.091515308175813
2021,vw_50,JP3165600002,NTN,JP,0.0012216356199319326,16.24700894454518,56.02313885921255
2021,vw_50,AU000000FLT9,FLIGHT CENTRE TRAVEL GP.,AU,0.0012185149446035553,135.4576533574147,24.01811652217673
2021,vw_50,JP3357200009,SHIMADZU,JP,0.0011945669837547816,0.5496962515937756,0.1746537271542009
2021,vw_50,JP3522200009,CHUGOKU ELEC.POWER,JP,0.001155415706870953,1420.766108939054,3711.7834490058985
2021,vw_50,JP3165700000,NTT DATA GROUP DEAD - DELIST.26/09/25,JP,0.0011446286581636887,0.3333217331293907,0.3500793854924705
2021,vw_50,JP3868400007,MAZDA MOTOR,JP,0.0011422922813026104,3.5979663552311503,20.82045470155917
2021,vw_50,SG1J26887955,SINGAPORE EXCHANGE,SG,0.0011261356002378999,0.07915458037112538,0.008153240787778668
2021,vw_50,JP3659000008,WEST JAPAN RAILWAY,JP,0.0011059919398856862,14.595165285912932,13.445771345321523
2021,vw_50,JP3429800000,ANA HOLDINGS,JP,0.001105832536404282,618.7166942654995,519.9964270655547
2021,vw_50,JP3890350006,SUMITOMO MITSUI FINL.GP.,JP,0.0010916075679098928,0.2911168172786726,0.26467415721993043
2021,vw_50,JP3293200006,COCA-COLA BOTTLERS JAPAN HOLDINGS,JP,0.0010586920892724377,24.998603233517724,59.247342265836316
2021,vw_50,JP3756100008,NITORI HOLDINGS,JP,0.0010535220877818463,6.301763090174576,1.8731289101515858
2021,vw_50,AU000000SBM8,ST BARBARA,AU,0.001043717172976929,263.8243984803714,135.9680928208847
2021,vw_50,JP3164800009,NOK,JP,0.00102892692048011,6.877810626362214,15.842772985570567
2021,vw_50,JP3768600003,HASEKO,JP,0.0010198858969265488,5.143856319602523,10.80590746832785
2021,vw_50,HK0000745908,YUEXIU PROPERTY COMPANY,HK,0.0010191539920223246,0.5195856066626781,1.135002194443993
2021,vw_50,AU000000WES1,WESFARMERS,AU,0.001015405734778575,99.19920998819616,52.93951946171813
2021,vw_50,AU000000QAN2,QANTAS AIRWAYS,AU,0.001005911638044885,617.9574537140894,484.8763074083728
2021,vw_50,JP3511800009,CHIBA BANK,JP,0.0009670256927493616,1.1042930816607657,0.5388290189978892
2021,vw_50,JP3592200004,TOSHIBA DEAD - DELIST.20/12/23,JP,0.0009547736792633395,9.709546207366293,18.817204301075268
2021,vw_50,SG1R89002252,CITY DEVELOPMENTS,SG,0.0009481183447383412,1.6734401147501794,0.5315430417279368
2021,vw_50,JP3900000005,MITSUBISHI HEAVY INDS.,JP,0.0009457265400638412,4.189305098045831,15.337906264061864
2021,vw_50,JP3160400002,EISAI,JP,0.0009431036768529462,6.68247870385836,2.0704435659341214
2021,vw_50,AU000000CGF5,CHALLENGER,AU,0.0009249422833299634,0.001088447939205235,0.000286857576661963
2021,vw_50,JP3190000004,OBAYASHI,JP,0.0008828488704708167,12.556188517887827,36.24464809756561
2021,vw_50,JP3210200006,KAJIMA,JP,0.0008739440027167765,6.641577216047936,17.372762030987964
2021,vw_50,JP3375800004,SHINKO ELEC.INDS. DEAD - DELIST.06/06/25,JP,0.0008638361383897335,26.90087132334095,12.290945534860795
2021,vw_50,JP3546800008,TERUMO,JP,0.0008313679724884412,10.743066884740744,2.056275407429684
2021,vw_50,HK0000608585,NEW WORLD DEVELOPMENT COMPANY,HK,0.0008157974743216404,5.293854070756167,3.593812604349406
2021,vw_50,JP3573000001,TOKYO GAS,JP,0.0007943344988059998,229.71995984492764,405.85329958629217
2021,vw_50,JP3551520004,DENTSU GROUP,JP,0.0007905348115982308,0.3575161590030458,0.3389506850623001
2021,vw_50,JP3786200000,HITACHI METALS DEAD - DELIST.29/12/22,JP,0.0007736928109426304,48.36735030514765,50.05012244921576
2021,vw_50,JP3635000007,TOYOTA TSUSHO,JP,0.0007540854020854303,6.90979774496955,27.890632521421008
2021,vw_50,JP3939000000,YAMADA HOLDINGS,JP,0.0007486404675389535,3.3849806153443427,10.714880985451572
2021,vw_50,AU000000SHL7,SONIC HEALTHCARE,AU,0.0007413982266019678,5.774506976301158,2.6896949708901423
2021,vw_50,SG1M51904654,CAPITALAND INTEG. COML. TST.,SG,0.0007395318763260667,0.07515366239901226,0.004007029474563949
2021,vw_50,JP3351100007,SYSMEX,JP,0.000734614170380283,1.433960842276038,0.16373274951284028
2021,vw_50,JP3526600006,CHUBU ELEC.POWER,JP,0.0007333651044120854,3.9896020814406903,11.791251962975467
2021,vw_50,JP3486800000,DAITO TST.CONSTRUCTION,JP,0.0007271630019825427,2.3212251706430127,4.819107456915428
2021,vw_50,HK0012000102,HENDERSON LD.DEV.,HK,0.0007024700435314318,2.1875357244318403,0.35775501508083557
2021,vw_50,HK0293001514,CATHAY PACIFIC AIRWAYS,HK,0.0006994727275686089,994.3401782439225,1188.4905336341726
2021,vw_50,AU000000TAH8,TABCORP HOLDINGS,AU,0.0006751298831532729,0.6795753723718989,0.35599867100945903
2021,vw_50,JP3404200002,SUMITOMO RUBBER INDS.,JP,0.0006597862384731435,52.89441424353545,160.1435658902252
2021,vw_50,JP3419050004,SEGA SAMMY HDG.,JP,0.0006542240372662405,2.163697397703775,1.436885968842709
2021,vw_50,JP3765400001,HOUSE SHOKUHIN GP.HONSHA K K,JP,0.0006475831623575984,19.654309101418832,14.912326818834586
2021,vw_50,JP3944130008,USS,JP,0.0006374357462444509,6.397870788601553,0.7121774429664565
2021,vw_50,JP3585800000,TOKYO ELECTRIC POWER CO. HDG.,JP,0.0006372586887080611,3.738224340123759,35.403539307520724
2021,vw_50,AU000000ELD6,ELDERS,AU,0.0006321658449464303,34.94288733584365,42.4383744170553
2021,vw_50,JP3502200003,DAIWA SECURITIES GROUP,JP,0.0006206961381087711,0.15161503322475994,0.10806079639010205
2021,vw_50,BMG668971101,CTF SERVICES,HK,0.0006167609908371047,7.360413095300549,6.2634994774395825
2021,vw_50,JP3903000002,MITSUBISHI MATERIALS,JP,0.000612785647754133,655.4388711822614,3064.9395763328944
2021,vw_50,JP3388200002,AEON,JP,0.0006119926443419584,2.636734939913022,7.762730698652951
2021,vw_50,BMG677491539,ORIENT OVERSEAS (INTL.),HK,0.0006008218878649154,676.4105403373532,939.9761959661996
2021,vw_50,JP3270000007,KURITA WATER IND.,JP,0.0005930375023169073,5.53694964697991,2.764754904477718
2021,vw_50,JP3718800000,NISSUI,JP,0.0005907032862084856,34.79439955120018,166.3924257761068
2021,vw_50,AU000000CQR9,CHARTER HALL RETAIL REIT,AU,0.0005807561862644165,2.017235700955099,0.18925495345873083
2021,vw_50,JP3292200007,JTEKT,JP,0.0005418819303815355,8.449665598082694,31.344091638726102
2021,vw_50,AU000000ALL7,ARISTOCRAT LEISURE,AU,0.000540395561483274,6.024843393918606,1.1972285110151357
2021,vw_50,JP3893600001,MITSUI,JP,0.000532753336426665,63.61806947908972,121.97390868354582
2021,vw_50,JP3778630008,BANDAI NAMCO HDG.,JP,0.0005234543741524919,0.8636898851316767,0.31479915719940826
2021,vw_50,JP3902000003,MITSUBISHI LOGISTICS,JP,0.0005184706652180847,2.3516572997985983,1.8783020873522673
2021,vw_50,AU000000SGM7,SIMS,AU,0.0005136712617340734,20.4110230848388,37.474986356194286
2021,vw_50,JP3304200003,KOMATSU,JP,0.000509588058618478,5.134798827608526,3.779470612709913
2021,vw_50,JP3401400001,SUMITOMO CHEMICAL,JP,0.0004844807264278011,300.74870123810746,782.3132606165802
2021,vw_50,JP3574200006,TOKYU,JP,0.0004731432127510993,14.781219144262556,18.55642265369647
2021,vw_50,JP3992400006,WACOAL HDG.,JP,0.00046855043544715287,1.0741360572339163,1.1733943216746543
2021,vw_50,JP3118000003,ASICS,JP,0.0004579053227084174,0.9852005739864214,0.9246591781874041
2021,vw_50,AU000000BSL0,BLUESCOPE STEEL,AU,0.0004344730201224695,1034.6720475855507,1365.934459868722
2021,vw_50,AU000000MGR9,MIRVAC GROUP STAPLED UNITS,AU,0.00043346620106459724,4.496450059059334,0.8745475230116868
2021,vw_50,AU000000RHC8,RAMSAY HEALTH CARE,AU,0.0004278399529988988,6.272968005375982,4.895081859208749
2021,vw_50,JP3625000009,TOKUYAMA,JP,0.0004181209593510738,2364.5019697770476,3678.851501744189
2021,vw_50,JP3443600006,TAISEI,JP,0.0004166601902642979,16.390815562280157,32.92790285996525
2021,vw_50,JP3131400008,AEON FINANCIAL SERVICE,JP,0.00041334898855780426,0.5471338546759411,0.9867783850714635
2021,vw_50,JP3326410002,SANKYO,JP,0.00039788567838496545,1.8185396288575635,0.5028670475960134
2021,vw_50,JP3421100003,JAPAN PETROLEUM EXP.,JP,0.00039235604275550666,352.23151259905023,661.4594956482928
2021,vw_50,NZAIRE0001S2,AIR NEW ZEALAND,NZ,0.00038165427627161235,610.7345533438513,1022.5982373650986
2021,vw_50,HK0000055878,CHINA TAIPING INSURANCE HLDGS,HK,0.00035573252396522883,0.08113869468189966,0.43217745433514865
2021,vw_50,HK0308001558,CTII.INTL.INV.HK.,HK,0.00034546088880095657,59.21182382500739,19.475149723885824
2021,vw_50,JP3300200007,KONAMI GROUP,JP,0.00033295948839714664,14.286684119465844,3.9052420173954294
2021,vw_50,JP3877600001,MARUBENI,JP,0.00032665473657367196,13.543890283583663,67.23798272991392
2021,vw_50,JP3143600009,ITOCHU,JP,0.0003259108928074614,15.513353977532555,33.95058947578761
2021,vw_50,AU000000BPT9,BEACH ENERGY,AU,0.0003226881259066995,490.0879860960243,191.46110251741933
2021,vw_50,JP3762800005,NOMURA RESEARCH INST.,JP,0.0003155411935920236,0.19362778698155192,0.046463737840439806
2021,vw_50,JP3219000001,KAMIGUMI,JP,0.0003134554059715166,12.63231337178418,13.73026397508877
2021,vw_50,JP3148800000,IBIDEN,JP,0.00029445663863224226,52.74209557616316,22.946407554845617
2021,vw_50,JP3919800007,MEIDENSHA,JP,0.00028395725809457945,8.437638894862861,18.738527814197415
2021,vw_50,BMG8063F1068,SHANGRI-LA ASIA,HK,0.0002686826750616756,146.81057641909572,48.838653223782835
2021,vw_50,JP3449020001,TAIHEIYO CEMENT,JP,0.0002582465409168407,2889.2907103333655,7484.364098475033
2021,vw_50,JP3166000004,EBARA,JP,0.00025434361433463755,40.93812523454134,60.826887869806605
2021,vw_50,JP3738600000,NITERRA,JP,0.00023953183192153746,15.891440731835392,16.24302282393191
2021,vw_50,JP3266400005,KUBOTA,JP,0.0002325255353600635,17.523909077112688,11.309426645009175
2021,vw_50,JP3358800005,SHIMIZU,JP,0.00023011005797386977,10.815723679927537,27.808173220778514
2021,vw_50,JP3260800002,KINTETSU GROUP HDG.,JP,0.0002297044961083553,6.434341742999646,5.8269623008055405
2021,vw_50,JP3172100004,OKUMA,JP,0.00021716399871935088,4.109290695333078,2.4632968765395606
2021,vw_50,KYG0535Q1331,ASMPT,HK,0.00020720836785143522,1.9509818447957032,0.592660935475242
2021,vw_50,JP3720800006,NSK,JP,0.00020614455843964244,17.52270431400219,22.517873562139947
2021,vw_50,BMG5320C1082,KUNLUN ENERGY,HK,0.00019774464162097342,30.23863360314388,60.279758384778894
2021,vw_50,JP3566800003,CENTRAL JAPAN RAILWAY,JP,0.000170270196217629,7.464160727139616,2.415725214319058
2021,vw_50,JP3111200006,ASAHI KASEI,JP,0.00016426748347426692,145.494859077936,183.3280040565572
2021,vw_50,JP3368000000,RESONAC HOLDINGS,JP,0.00015108634759032326,375.73496879327337,936.2938257326143
2021,vw_50,JP3414750004,SEIKO EPSON,JP,0.00015047720765240587,13.597917051933184,18.354825581480767
2021,vw_50,JP3870400003,MARUI GROUP,JP,0.0001475521696262404,5.16529406778319,2.6876182951920957
2021,vw_50,AU000000CPU5,COMPUTERSHARE,AU,0.00014163929054316216,1.4521817581977545,0.602792732166891
2021,vw_50,JP3040890000,JAPAN PRIME REALTY INV.,JP,0.00014118401090599633,3.8031762169693204,0.3677206779167349
2021,vw_50,JP3742600004,NHK SPRING,JP,0.00014045829870635955,14.724350044182254,45.091253424117056
2021,vw_50,JP3174410005,OJI HOLDINGS,JP,0.00013685737043373254,478.35911602716,998.9591187098811
2021,vw_50,AU0000224040,WOODSIDE ENERGY GROUP,AU,0.00013649228550454106,2260.913651945793,486.6583123929745
2021,vw_50,JP3205800000,KAO,JP,0.00013210178790587463,46.00987181725761,17.285136468295203
2021,vw_50,JP3243600008,CANON MARKETING JAPAN,JP,0.00012952454462038,1.1183723902394627,1.891191287477379
2021,vw_50,JP3126400005,ALPS ALPINE,JP,0.0001293660372252302,4.725384051027352,11.41489771737734
2021,vw_50,JP3126340003,ALFRESA HOLDINGS,JP,0.00012679131875112677,1.4077784803282114,7.451719505128907
2021,vw_50,JP3224200000,KAWASAKI HEAVY INDUSTRY,JP,0.00012207402755433795,9.530616033108407,37.922269975507184
2021,vw_50,JP3721400004,JAPAN STEEL WORKS,JP,0.0001206782177601013,31.063209419207485,26.2649465352529
2021,vw_50,JP3196000008,ODAKYU ELECTRIC RY.,JP,0.00012012544230073656,20.29863864642588,7.266563905342105
2021,vw_50,JP3814800003,SUBARU,JP,0.00011913721983345958,5.940259083276522,11.17999652165003
2021,vw_50,AU000000SUN6,SUNCORP GROUP,AU,0.00011252889624570747,0.15987385200111545,0.18463019360892372
2021,vw_50,JP3258000003,KIRIN HOLDINGS,JP,0.00011063664272661061,20.05915233772657,18.29666829591673
2021,vw_50,JP3902400005,MITSUBISHI ELECTRIC,JP,0.00010919591382249933,6.124309616952777,7.249248639342991
2021,vw_50,HK0002007356,CLP HOLDINGS,HK,0.00010678762277854485,4644.565133232988,2027.946454389277
2021,vw_50,JP3595200001,TOSOH,JP,0.0001058367737365638,1121.7432967042066,1369.7566822572464
2021,vw_50,JP3505000004,DAIWA HOUSE INDUSTRY,JP,0.0001003581225981493,5.388167146721484,11.428661964578543
2021,vw_50,AU000000WOR2,WORLEY,AU,9.934859445240867e-05,3.0614880497141095,6.45853446489317
2021,vw_50,SGXE34184239,SEATRIUM,SG,9.65285360833719e-05,54.66243336164562,43.25780283815792
2021,vw_50,JP3137200006,ISUZU MOTORS,JP,9.041485186664888e-05,6.418589498727804,13.183718895105185
2021,vw_50,MU0117U00026,GOLDEN AGRI-RESOURCES,SG,8.978230895119055e-05,1139.2550403638295,4648.941457666683
2021,vw_50,AU000000BEN6,BENDIGO & ADELAIDE BANK,AU,8.962346829769346e-05,0.8579732401306741,0.38689415832046764
2021,vw_50,JP3862400003,MAKITA,JP,8.831244908605021e-05,0.9142392576887222,0.3765695869859528
2021,vw_50,JP3774200004,HANKYU HANSHIN HDG.,JP,8.788940633081708e-05,19.2170411200513,12.625246878694142
2021,vw_50,HK0200030994,MELCO INTL.DEV.,HK,8.68348369575471e-05,8.569838234343099,5.4603716525699655
2021,vw_50,HK0019000162,SWIRE PACIFIC 'A',HK,8.659411078145583e-05,16.561842792663743,29.94447139252299
2021,vw_50,JP3982800009,ROHM,JP,8.539801528892461e-05,39.3257866049858,11.573214187135273
2021,vw_50,JP3894900004,ISETAN MITSUKOSHI HDG.,JP,8.434312144256701e-05,2.114750877876179,6.729230465277092
2021,vw_50,JP3788600009,HITACHI,JP,8.400357093774946e-05,15.260742990787652,29.65006603215525
2021,vw_50,JP3888300005,MITSUI CHEMICALS,JP,8.386419661053706e-05,327.09940752151965,596.6158798728284
2021,vw_50,JP3276400003,GUNMA BANK,JP,8.383377319311005e-05,1.1473934394058216,1.1252110692454598
2021,vw_50,AU000000SGP0,STOCKLAND STAPLED UNITS,AU,8.06982985483283e-05,2.333174956850965,0.6126736051533707
2021,vw_50,AU000000CSR5,CSR DEAD - DEAD.10/07/24,AU,7.927502101691369e-05,172.84676740471565,139.94783156190505
2021,vw_50,JP3940000007,YAMATO HDG.,JP,7.528232202139408e-05,42.12284511953164,64.53510484056241
2021,vw_50,HK0291001490,CHINA RESOURCES BEER HOLDINGS,HK,7.404438322253339e-05,49.88693388996649,7.519146616433491
2021,vw_50,JP3678000005,NISSHINBO HOLDINGS,JP,7.362420049893474e-05,54.70568959867547,172.4687903260885
2021,vw_50,NZTELE0001S4,SPARK NEW ZEALAND,NZ,7.163208205323039e-05,1.100332301141177,0.4361355183218989
2021,vw_50,AU000000BLD2,BORAL DEAD - DELIST.08/07/24,AU,6.57587826331054e-05,609.0577968164733,273.27042592922294
2021,vw_50,JP3827200001,FURUKAWA ELECTRIC,JP,6.553723381280037e-05,18.75603176930763,71.03472256718494
2021,vw_50,AU000000LLC3,LENDLEASE GROUP STAPLED UNITS,AU,6.41692025407507e-05,4.697980152143763,6.133135868198271
2021,vw_50,JP3780100008,PARK24,JP,6.176598150115523e-05,58.40012901372535,44.90786490728362
2021,vw_50,SG1S83002349,UOL GROUP,SG,6.047520663547325e-05,1.1330489470400784,0.3587352021729104
2021,vw_50,HK0270001396,GUANGDONG INVESTMENT,HK,5.8043584290170595e-05,1015.4118972047365,256.3484676523143
2021,vw_50,HK0023000190,BANK OF EAST ASIA,HK,5.680193095280893e-05,1.6264077516135051,0.8644377100732964
2021,vw_50,JP3663900003,SOJITZ,JP,4.95066681995984e-05,47.54447230492043,242.50956522323335
2021,vw_50,JP3415400005,SEINO HDG.,JP,4.7427291306541475e-05,70.63593827407068,141.97005735673318
2021,vw_50,JP3122800000,AMADA,JP,4.482372932501815e-05,3.322856827154402,1.9565748430982
2021,vw_50,JP3783600004,EAST JAPAN RAILWAY,JP,4.253104297445823e-05,76.19550751287704,59.107452834099746
2021,vw_50,JP3766550002,HAKUHODO DY HDG.,JP,4.1085921804995566e-05,0.02666319908344228,0.05612214942651798
2021,vw_50,JP3358000002,SHIMANO,JP,4.020155902580195e-05,6.050673416820617,0.9724054703839446
2021,vw_50,BMG524401079,KERRY PROPERTIES,HK,3.897716015771325e-05,2.3265567919983523,1.13742196528776
2021,vw_50,JP3294460005,INPEX,JP,3.879857192603907e-05,907.5409592945116,783.1798655254998
2021,vw_50,HK0392044647,BEIJING ENTERPRISES HOLDINGS,HK,3.7170228771251974e-05,50.908019397066504,104.32462870252546
2021,vw_50,HK0000139300,TELEVISION BROADCASTS,HK,3.6114652310583824e-05,1.6353439617127947,1.319239774135794
2021,vw_50,JP3404600003,SUMITOMO,JP,3.4296604831343116e-05,34.45692623593463,89.50557402263372
2021,vw_50,NZCENE0001S6,CONTACT ENERGY,NZ,3.287489084519641e-05,694.9203838496848,241.9458603225037
2021,vw_50,JP3131430005,AEON MALL DEAD - DELIST.27/06/25,JP,3.160799925180897e-05,5.370510912671094,3.816947277225139
2021,vw_50,JP3180400008,OSAKA GAS,JP,2.9800851033577962e-05,403.91574830810754,658.0782411636745
2021,vw_50,JP3667600005,JGC HOLDINGS,JP,2.9534266210560803e-05,19.98308458253778,27.93300715840243
2021,vw_50,SG1V61937297,SINGAPORE AIRLINES,SG,2.916051060122762e-05,567.7441237868717,423.58218677614764
2021,vw_50,JP3352400000,CITIZEN WATCH,JP,2.8217583382719046e-05,8.60958091825262,17.198941603593624
2021,vw_50,AU000000DXS1,DEXUS STAPLED UNITS,AU,2.7720794176982907e-05,20.108611762064466,2.157922764901002
2021,vw_50,JP3359600008,SHARP,JP,2.197041544628299e-05,12.165740095364082,24.051695110023143
2021,vw_50,JP3799000009,HIROSE ELECTRIC,JP,2.1447360372828675e-05,1.5244188714401308,0.3188542424521889
2021,vw_50,KYG2108Y1052,CHINA RESOURCES LAND,HK,2.1122945491406073e-05,20.099849038675217,18.30605945873325
2021,vw_50,JP3896800004,MITSUBISHI GAS CHM.,JP,2.0160379591016318e-05,118.82924982894411,124.44732428723891
2021,vw_50,NZSKCE0001S2,SKY CITY ENTM.GP.,NZ,1.8654544706722752e-05,11.440871705034088,2.733186057928326
2021,vw_50,JP3588600001,TBS HOLDINGS,JP,1.8219606428815868e-05,1.4179504001337275,1.2862734077463283
2021,vw_50,AU000000ASX7,ASX,AU,1.6403088544024247e-05,0.030158634417033595,0.00207587316414967
2021,vw_50,JP3495000006,SUMITOMO PHARMA,JP,1.6386313367862968e-05,3.9404653319217067,2.91701296915267
2021,vw_50,HK0083000502,SINO LAND,HK,1.4196736376045904e-05,3.2928538330903203,0.27702137920714603
2021,vw_50,HK0440001847,DAH SING FINANCIAL HDG.,HK,1.3902024400004995e-05,0.011643737460590426,0.014076576576576577
2021,vw_50,JP3549600009,DENKA,JP,1.3641418600885536e-05,550.8258529639239,533.9977615826589
2021,vw_50,SG1U68934629,KEPPEL,SG,1.3511318659863475e-05,5.806538501479827,4.111446215711618
2021,vw_50,JP3143000002,ITO EN,JP,1.2026467731580387e-05,7.832887017013505,5.899378062536982
2021,vw_50,AU000000IAG3,INSURANCE AUS.GROUP,AU,1.1862366264782993e-05,0.8142902115773165,0.6154806574212679
2021,vw_50,JP3870000001,MABUCHI MOTOR,JP,1.1166636889246473e-05,3.693737526188798,1.4017106899280305
2021,vw_50,JP3796150005,HIROGIN HOLDINGS,JP,1.010414236705336e-05,1.7133470604287533,1.064885433129402
2021,vw_50,HK0008011667,PCCW,HK,9.224277517019419e-06,1.3340616206892828,1.4624460907261532
2021,vw_50,JP3350800003,SHIKOKU ELECTRIC POWER,JP,8.99382778357084e-06,1283.8616634547575,5496.379726468222
2021,vw_50,BMG2442N1048,COSCO SHIPPING PORTS,HK,8.335049419455416e-06,85.72975208014773,35.20896826406008
2021,vw_50,HK0004000045,WHARF HOLDINGS,HK,8.163257057371392e-06,6.488791265585633,2.5743624143380432
2021,vw_50,JP3485800001,DAICEL,JP,7.495397399808413e-06,453.3095315976033,696.8272122675478
2021,vw_50,JP3493800001,DAI NIPPON PRINTING,JP,3.776159025001538e-06,25.601151441145184,57.57447707585041
2021,vw_50,AU000000ORG5,ORIGIN ENERGY (EX BORAL),AU,3.5363152069113315e-06,1572.0952979041404,2281.205714504577
2021,vw_50,JP3358200008,SHIMAMURA,JP,3.4016061320972775e-06,0.11061105014249306,0.13467835639590156
2021,vw_50,HK0165000859,CHINA EVERBRIGHT,HK,3.327058758748688e-06,0.052137859120194315,0.011209615358952344
2021,vw_50,JP3850200001,HOKKAIDO ELEC.POWER,JP,3.248562511647271e-06,1833.056393836749,14266.289204431465
2021,vw_50,JP3188220002,OTSUKA HOLDINGS,JP,2.778871258749662e-06,26.764705035053996,15.28927101939304
2021,vw_50,JP3347200002,SHIONOGI,JP,2.671387475408586e-06,15.071514781571244,2.6146984125647044
2021,vw_50,AU000000AMP6,AMP,AU,2.1793023503533985e-06,0.058128655436422774,0.03712254508100851
2021,vw_50,JP3268950007,MEDIPAL HOLDINGS,JP,2.0614481308876018e-06,1.0960793745229205,6.5666201525740755
2021,vw_50,SG1T58930911,FRASER AND NEAVE,SG,1.7285514260269048e-06,34.90909090909091,31.490070787054957
2021,vw_50,SG1R50925390,SEMBCORP INDUSTRIES,SG,1.6933705211139808e-06,6349.3497353040175,11655.244934368106
2022,vw,JP3633400001,TOYOTA MOTOR,JP,0.05046819576794199,9.164496097646701,7.648516377493635
2022,vw,AU000000BHP4,BHP GROUP,AU,0.025616955170344406,150.23564708887065,55.291348647740705
2022,vw,JP3435000009,SONY GROUP,JP,0.02299237649601224,2.4395581546266416,1.4283738545846367
2022,vw,AU000000CBA7,COMMONWEALTH BK.OF AUS.,AU,0.01792440109936486,0.3250306614532405,0.05789340596971585
2022,vw,JP3735400008,NTT,JP,0.01617919265963451,1.3298251226204865,1.3564555451036862
2022,vw,AU000000CSL8,CSL,AU,0.013929524667526253,10.288372913095962,1.1632089414899198
2022,vw,JP3902900004,MITSUBISHI UFJ FINL.GP.,JP,0.012993565521541942,0.5726809017464252,0.3285917070453579
2022,vw,JP3436100006,SOFTBANK GROUP,JP,0.01219260759207058,0.22709532083017697,0.15385294915882575
2022,vw,JP3571400005,TOKYO ELECTRON,JP,0.012085576305352265,0.974505000185156,0.20606105408729183
2022,vw,JP3496400007,KDDI,JP,0.011487035372538265,0.5862409397539453,0.3751554340221955
2022,vw,JP3371200001,SHIN-ETSU CHEMICAL,JP,0.011315698150958215,125.70001959637281,28.56922383457305
2022,vw,HK0388045442,HONG KONG EXCHANGES AND CLEARING,HK,0.011100628535530649,0.12178499513653408,0.004304612918549993
2022,vw,SG1L01001701,DBS GROUP HOLDINGS,SG,0.010518997191881308,0.02605549114969527,0.004705394927643455
2022,vw,JP3756600007,NINTENDO,JP,0.010202781337289878,0.023600811703980654,0.005270754300622773
2022,vw,AU000000NAB4,NATIONAL AUS.BANK,AU,0.010049818351726839,0.44295536015135034,0.10251265184851112
2022,vw,JP3198900007,ORIENTAL LAND,JP,0.01001810197668926,24.537205304330357,0.7457600047977226
2022,vw,JP3802300008,FAST RETAILING,JP,0.009415811485674077,0.5204082548784132,0.16097384381669017
2022,vw,JP3481800005,DAIKIN INDUSTRIES,JP,0.009414054220747078,23.238469768454983,9.92014120990341
2022,vw,JP3551500006,DENSO,JP,0.00906775318123631,12.66572400297556,10.33332526578703
2022,vw,JP3519400000,CHUGAI PHARM.,JP,0.008727008772185579,5.751451479157983,0.8964861275170143
2022,vw,AU000000ANZ3,ANZ GROUP HOLDINGS,AU,0.008394674019822683,0.33384363198005135,0.10789164630526273
2022,vw,AU000000WBC1,WESTPAC BANKING,AU,0.008379131019325785,0.384897562760272,0.13554661116753985
2022,vw,JP3734800000,NIDEC,JP,0.008348434138112109,3.543213403640633,1.062705992505872
2022,vw,JP3854600008,HONDA MOTOR,JP,0.00831577142376929,9.279063705355876,21.71194574409365
2022,vw,AU000000MQG1,MACQUARIE GROUP,AU,0.008185349368828728,0.03130142091111957,0.0065222914045707
2022,vw,JP3143600009,ITOCHU,JP,0.008024070115325079,14.313457194288114,28.79775453080052
2022,vw,JP3788600009,HITACHI,JP,0.007971573187550261,14.388794867618838,24.79721927497617
2022,vw,JP3898400001,MITSUBISHI,JP,0.007938434190596585,149.1197914868003,412.64635799296934
2022,vw,JP3914400001,MURATA MANUFACTURING,JP,0.007928142750652114,16.62531333120572,5.10440571073058
2022,vw,JP3890350006,SUMITOMO MITSUI FINL.GP.,JP,0.007913760883579079,0.5449738287684858,0.3750885797908465
2022,vw,JP3837800006,HOYA,JP,0.007615768286529975,2.8453504040130824,0.3270013607344124
2022,vw,JP3463000004,TAKEDA PHARMACEUTICAL,JP,0.007158197667655884,10.429577807389858,6.871106735250169
2022,vw,AU000000WES1,WESFARMERS,AU,0.006743308819223001,103.81942503317336,57.91055882958499
2022,vw,JP3475350009,DAIICHI SANKYO,JP,0.006546099801702692,9.884570374149867,2.125800399932473
2022,vw,BMG507361001,JARDINE MATHESON HDG.,HK,0.006543030424877148,135.28627375620454,115.11897268573827
2022,vw,JP3910660004,TOKIO MARINE HOLDINGS,JP,0.006513198946054445,0.26324619921874787,0.3111907263156184
2022,vw,SG1S04926220,OVERSEA-CHINESE BKG.,SG,0.006501788397622365,0.00574521464187687,0.003136041229127072
2022,vw,JP3893600001,MITSUI,JP,0.006472576397489604,36.248917771305415,90.68232497842357
2022,vw,JP3933800009,LY,JP,0.006392083079775103,0.2852655403597075,0.09060675111608718
2022,vw,HK2388011192,BOC HONG KONG HOLDINGS,HK,0.006334672347416998,0.04492733296896615,0.01412820498330046
2022,vw,JP3802400006,FANUC,JP,0.0063117236192649605,8.432887389972095,1.302160054587659
2022,vw,JP3726800000,JAPAN TOBACCO,JP,0.006245238613634584,16.738258822056714,8.477936474152468
2022,vw,JP3162600005,SMC,JP,0.0060883268405429415,10.256603932072586,1.6107466966219979
2022,vw,HK0011000095,HANG SENG BANK DEAD - DELIST.28/01/26,HK,0.005876306367712351,0.01935994758300929,0.002664099863748959
2022,vw,SG1M31001969,UNITED OVERSEAS BANK,SG,0.005833255711719596,0.6547990732109393,0.15476055473654016
2022,vw,HK0016000132,SUN HUNG KAI PROPERTIES,HK,0.005483503957998772,4.43984327653794,1.2830476597054004
2022,vw,JP3814000000,FUJIFILM HOLDINGS,JP,0.005451824938460085,31.08977407513227,19.242491074653156
2022,vw,KYG2108Y1052,CHINA RESOURCES LAND,HK,0.005347740066716796,0.9911207708729277,0.9481164901377935
2022,vw,HK0066009694,MTR,HK,0.0052074997414843826,8.129772561526407,1.4717134751196466
2022,vw,AU000000TLS2,TELSTRA GROUP,AU,0.005184319097943397,2.1226119616367307,0.9567974531035948
2022,vw,HK0688002218,CHINA OVERSEAS LAND INVESTMENT,HK,0.005016544657070077,0.6716962676486775,0.7822816449726466
2022,vw,JP3242800005,CANON,JP,0.0049732978847081425,5.206316307280989,5.004314252870613
2022,vw,JP3942400007,ASTELLAS PHARMA,JP,0.004929570160297987,5.600625811084335,2.0110011306770263
2022,vw,JP3830800003,BRIDGESTONE,JP,0.0049194421506611645,63.22274896882428,56.76097932622123
2022,vw,AU000000GMG2,GOODMAN GROUP,AU,0.004917470091615544,2.391165394715563,0.0982795538962858
2022,vw,AU000000WOW2,WOOLWORTHS GROUP,AU,0.004672307508873036,13.437133914975366,16.499058578660318
2022,vw,SG1T75931496,SINGAPORE TELECOM,SG,0.0046345333170986335,0.5368305497172001,0.21232042853664476
2022,vw,JP3201200007,OLYMPUS,JP,0.004540705642759166,4.078119944147929,1.0346920929779766
2022,vw,HK0003000038,HONG KONG AND CHINA GAS,HK,0.004472021332131582,266.2625683570945,63.69282655190356
2022,vw,JP3546800008,TERUMO,JP,0.004414758465289921,11.073639946494655,2.3504296857785025
2022,vw,JP3566800003,CENTRAL JAPAN RAILWAY,JP,0.00440331211783807,8.95659457659276,2.509702119567158
2022,vw,JP3818000006,FUJITSU,JP,0.004388109986268555,2.220006655579953,2.482926334413288
2022,vw,AU000000TCL6,TRANSURBAN GROUP STAPLED UNITS,AU,0.004363531624477397,2.6918378904117244,0.1890518975995046
2022,vw,JP3165700000,NTT DATA GROUP DEAD - DELIST.26/09/25,JP,0.004282152670143356,1.1170577060290836,0.8903455573047047
2022,vw,JP3866800000,PANASONIC HOLDINGS,JP,0.004256937708391931,5.322634041280899,12.332050812821597
2022,vw,KYG217651051,CK HUTCHISON HOLDINGS,HK,0.00422732102368785,218.42454260638223,289.8142492261459
2022,vw,JP3200450009,ORIX,JP,0.004219504385544909,47.905550016683854,38.543687422282176
2022,vw,JP3634600005,TOYOTA INDS.,JP,0.004043301610234306,16.365739122562722,14.113167570214376
2022,vw,JP3902400005,MITSUBISHI ELECTRIC,JP,0.00402877966004043,7.123740298162601,10.662986648472623
2022,vw,JP3266400005,KUBOTA,JP,0.003951231200821836,15.726432560839163,11.896461393619242
2022,vw,HK0002007356,CLP HOLDINGS,HK,0.00393062808670433,4097.363173541027,1747.9278970337773
2022,vw,JP3951600000,UNI CHARM,JP,0.0038857034298505413,4.618341568157879,1.265787291655818
2022,vw,HK0291001490,CHINA RESOURCES BEER HOLDINGS,HK,0.0037611461882358656,39.0453753652289,8.359387447262403
2022,vw,IE00BKVD2N49,SEAGATE TECHNOLOGY HOLDINGS,SG,0.0037611026068204924,27.283340292275575,13.520762351862283
2022,vw,JP3205800000,KAO,JP,0.003735574792765856,47.974744159558675,24.791501389990735
2022,vw,JP3304200003,KOMATSU,JP,0.003694843290662583,5.228992459027656,5.181462832271835
2022,vw,KYG210961051,CHINA MENGNIU DAIRY,HK,0.0036318447982620333,18.575300107878782,10.872676967067402
2022,vw,JP3783600004,EAST JAPAN RAILWAY,JP,0.003617033342951752,88.98836203129433,64.97820863254866
2022,vw,JP3249600002,KYOCERA,JP,0.00357498194655433,8.645867429561992,5.863885104702594
2022,vw,JP3672400003,NISSAN MOTOR,JP,0.0035180241496202786,7.732274874323904,26.014878917993403
2022,vw,JP3762800005,NOMURA RESEARCH INST.,JP,0.003431717382390866,0.19260589809337497,0.04535569066511853
2022,vw,JP3358000002,SHIMANO,JP,0.003343111695500536,3.798689548391742,0.844930880296182
2022,vw,JP3116000005,ASAHI GROUP HOLDINGS,JP,0.003299492924628812,25.17013888391511,23.209255020652463
2022,vw,JP3397200001,SUZUKI MOTOR,JP,0.003292365806736234,12.792259966353798,18.91016019269453
2022,vw,HK0012000102,HENDERSON LD.DEV.,HK,0.003292306660529656,1.7016593911921818,0.2428580951358885
2022,vw,JP3351600006,SHISEIDO,JP,0.003257318566380874,2.642490253109722,1.1426124884601492
2022,vw,JP3347200002,SHIONOGI,JP,0.0032054846987113715,17.002123700465898,2.110082031769709
2022,vw,JP3890310000,MS&AD INSURANCE GP.HDG.,JP,0.003181558501671687,0.43494358101041863,0.8602428287821282
2022,vw,JP3893200000,MITSUI FUDOSAN,JP,0.0031810075080630443,7.9820085527221645,6.8502534593779965
2022,vw,JP3351100007,SYSMEX,JP,0.003173475705599147,1.3069500308463597,0.19731411494834666
2022,vw,JP3388200002,AEON,JP,0.0031408783633793884,2.654532626345452,9.960662815210378
2022,vw,JP3899600005,MITSUBISHI ESTATE,JP,0.0031059105034591723,10.349368010642154,6.049345718707152
2022,vw,AU000000ALL7,ARISTOCRAT LEISURE,AU,0.0030655447739492067,1.949863118364308,0.33403772864499187
2022,vw,JP3404600003,SUMITOMO,JP,0.0030605733796384626,35.00325793740981,82.43725411220011
2022,vw,JP3505000004,DAIWA HOUSE INDUSTRY,JP,0.003048543352516441,5.931709943456122,11.30390607648772
2022,vw,JP3188220002,OTSUKA HOLDINGS,JP,0.003039797496338585,25.436594619233297,17.058560283789625
2022,vw,JP3877600001,MARUBENI,JP,0.002849122578165961,14.633304915230909,55.53080811060634
2022,vw,JP3592200004,TOSHIBA DEAD - DELIST.20/12/23,JP,0.0028167135699197787,10.36827812864607,16.577608072189957
2022,vw,HK0823032773,LINK REAL ESTATE INVESTMENT TRUST,HK,0.002813114990193279,5.270188640168447,0.42238449714998355
2022,vw,AU0000224040,WOODSIDE ENERGY GROUP,AU,0.0027833706742013205,1441.729267209635,534.8810679503067
2022,vw,AU000000STO6,SANTOS,AU,0.0027751197783837714,1273.487657474776,329.23020145859635
2022,vw,JP3122400009,ADVANTEST,JP,0.002660706111197122,1.0980320045584433,0.21937021443877203
2022,vw,US89677Q1076,TRIP COM GROUP ADR 1:1,SG,0.0026243078469652048,0.006108217030737834,0.001126891546771337
2022,vw,JP3421800008,SECOM,JP,0.0025956203802960376,6.414925352628837,3.527924476935135
2022,vw,JP3173400007,OBIC,JP,0.0025843187854023898,0.20285109819163447,0.009395541454212997
2022,vw,JP3756100008,NITORI HOLDINGS,JP,0.002579398754902621,4.110495351802995,1.6975611286741923
2022,vw,BMG677491539,ORIENT OVERSEAS (INTL.),HK,0.0025322374375527346,346.3557479919604,357.4341647094691
2022,vw,JP3778630008,BANDAI NAMCO HDG.,JP,0.002530030350159925,0.7674746993099238,0.3408217742049594
2022,vw,HK0000049939,CHINA UNICOM (HONG KONG),HK,0.0025115954114572165,2.755771574802792,8.676042163086043
2022,vw,JP3538800008,TDK,JP,0.0024940928037476633,9.400667873085924,9.159669843995921
2022,vw,JP3381000003,NIPPON STEEL,JP,0.0024593319555504677,1290.3677829557635,4513.180187347197
2022,vw,JP3119600009,AJINOMOTO,JP,0.0024373700351608013,101.71065117850704,64.20143414449112
2022,vw,BMG2178K1009,CKI HOLDINGS,HK,0.002415395662938171,8102.955714048764,472.2098318569073
2022,vw,JP3197800000,OMRON,JP,0.0024021095571659387,2.112388793845818,0.8908849042018484
2022,vw,JP3160400002,EISAI,JP,0.0023734687848703854,7.466680016642543,3.051617946404214
2022,vw,JP3762600009,NOMURA HDG.,JP,0.0023709659664446882,0.15542350481618988,0.12630572813545438
2022,vw,JP3258000003,KIRIN HOLDINGS,JP,0.0023143474819588973,22.700963713462905,24.310719127964532
2022,vw,JP3409000001,SUMITOMO REAL.&DEV.,JP,0.0022944027585093444,5.441303973870858,2.984876175125399
2022,vw,JP3635000007,TOYOTA TSUSHO,JP,0.002276199735195585,7.072179608476667,32.29390256994823
2022,vw,JP3294460005,INPEX,JP,0.0022642381931548628,582.7451183719983,435.75455861548426
2022,vw,JP3240400006,KIKKOMAN,JP,0.002237029381650131,25.453043780595213,7.813603462755272
2022,vw,JP3814800003,SUBARU,JP,0.002200378967800699,6.73523616904341,11.506836718092368
2022,vw,JP3420600003,SEKISUI HOUSE,JP,0.0021640881006280933,2.3376157300241793,3.8059543691121958
2022,vw,JP3967200001,RAKUTEN GROUP,JP,0.0021525468079498953,0.11869687294618698,0.12617872257962817
2022,vw,JP3256000005,KYOWA KIRIN,JP,0.002144686588391581,5.267913047770725,1.177218524590521
2022,vw,JP3753000003,NIPPON YUSEN KK,JP,0.002137950146758237,678.2452951117393,923.0394858402963
2022,vw,JP3111200006,ASAHI KASEI,JP,0.002118512835501954,147.21132704813132,226.35830174719877
2022,vw,JP3402600005,SUMITOMO METAL MINING,JP,0.002088432320019977,173.6641859719788,133.10805825452556
2022,vw,AU000000NCM7,NEWCREST MINING DEAD - DELIST.08/11/23,AU,0.002041449997768943,357.1094666016129,106.58731211620776
2022,vw,AU000000SHL7,SONIC HEALTHCARE,AU,0.002040329332802213,5.535224818639278,2.7307222270536484
2022,vw,HK0006000050,POWER ASSETS HOLDINGS,HK,0.0020395915616991155,42401.69916995975,529.7898790281963
2022,vw,JP3197600004,ONO PHARM.,JP,0.0020074455984242902,3.252066948247804,0.762172074108247
2022,vw,AU000000QBE9,QBE INSURANCE GROUP,AU,0.0019202936630324686,0.4361682711551029,0.5818882716159456
2022,vw,JP3733000008,NEC,JP,0.001893346340019974,0.826243382682472,1.8085724690877971
2022,vw,HK0836012952,CHINA RESOURCES POWER,HK,0.0018176890029327365,13241.034425628972,13064.476490832072
2022,vw,KYG9431R1039,WANT WANT CHINA HOLDINGS,SG,0.0018132919494174419,57.01813169721158,17.74731415386834
2022,vw,AU000000ASX7,ASX,AU,0.0018124856932330447,0.047815869524555556,0.002919763190030211
2022,vw,JP3684000007,NITTO DENKO,JP,0.0018033118052970633,44.917382715760674,28.514980355330298
2022,vw,JP3102000001,AISIN,JP,0.001720029276998701,17.705032663570854,54.47683736065451
2022,vw,SG1V61937297,SINGAPORE AIRLINES,SG,0.0017193319743527356,2095.858561395011,705.0711143741473
2022,vw,JP3357200009,SHIMADZU,JP,0.0016919192640832239,0.6061554368467378,0.20634451899096334
2022,vw,JP3429800000,ANA HOLDINGS,JP,0.00168358587487229,937.3395514047606,711.40456870578
2022,vw,JP3906000009,MINEBEA MITSUMI,JP,0.0016659945478528706,11.275189114953504,9.996627306114478
2022,vw,JP3407400005,SUMITOMO ELECTRIC IND.,JP,0.0016500795488461843,11.906156163088097,32.354339443241244
2022,vw,AU000000RHC8,RAMSAY HEALTH CARE,AU,0.0016495161034045783,9.007546065747276,7.866865954439343
2022,vw,JP3659000008,WEST JAPAN RAILWAY,JP,0.0016387156947877183,16.292764337526034,13.502685606006638
2022,vw,JP3551520004,DENTSU GROUP,JP,0.0016304850331987344,0.34426237281813055,0.3118714482500547
2022,vw,HK0004000045,WHARF HOLDINGS,HK,0.0016234995549061178,5.692719232900337,1.5671213229548855
2022,vw,JP3502200003,DAIWA SECURITIES GROUP,JP,0.001615074333427077,0.16842500726487322,0.09193886932537687
2022,vw,HK0000608585,NEW WORLD DEVELOPMENT COMPANY,HK,0.00159328051278242,5.255050901666262,4.4943359214726994
2022,vw,JP3862400003,MAKITA,JP,0.0015845642297078533,3.353447072815625,2.055903281194133
2022,vw,JP3112000009,AGC,JP,0.001584438154899096,402.21295302283454,586.2688526007331
2022,vw,AU000000SUN6,SUNCORP GROUP,AU,0.0015706975572236904,0.1539620379305387,0.15290322900305706
2022,vw,JP3137200006,ISUZU MOTORS,JP,0.0015412162862030896,6.1461835153632025,12.934233089677376
2022,vw,HK0083000502,SINO LAND,HK,0.0015330307625085993,0.9286275578276056,0.3792636062278221
2022,vw,JP3362700001,MITSUI OSK LINES,JP,0.001508349673095492,1034.0077734254057,1108.3141914273153
2022,vw,HK0101000591,HANG LUNG PROPERTIES,HK,0.0014970262874941579,2.971732357129557,0.4098552406261989
2022,vw,JP3027670003,NIPPON BUILDING FUND,JP,0.001490471953917908,5.70975623049453,0.5032414640055473
2022,vw,SG1M51904654,CAPITALAND INTEG. COML. TST.,SG,0.0014806209975645273,0.03407988945723129,0.0034690721703671858
2022,vw,JP3621000003,TORAY INDS.,JP,0.0014606420315743246,160.7232573247381,324.3268789154617
2022,vw,JP3885400006,MISUMI GROUP,JP,0.001453046413466488,2.511025053347032,0.8508409324865273
2022,vw,HK0270001396,GUANGDONG INVESTMENT,HK,0.0014519475392074444,697.9516596632153,285.2798408303237
2022,vw,AU000000COH5,COCHLEAR,AU,0.0014474711052570063,0.22503420340581648,0.02699026307441678
2022,vw,JP3900000005,MITSUBISHI HEAVY INDS.,JP,0.0014156317683689113,5.227642747663702,18.801353257636812
2022,vw,BMG5320C1082,KUNLUN ENERGY,HK,0.0013903592168900297,21.45973205006333,51.575332037722
2022,vw,JP3539220008,T & D HOLDINGS,JP,0.001386427550631752,0.09253892673907498,0.2060070996670207
2022,vw,JP3982800009,ROHM,JP,0.001383218090685367,43.235402784730724,18.47450837418025
2022,vw,AU000000CPU5,COMPUTERSHARE,AU,0.001382945706839287,1.0683545954656566,0.26921505578446586
2022,vw,JP3228600007,KANSAI ELECTRIC PWR.,JP,0.001369219117475965,951.4875062777721,2702.201912037195
2022,vw,JP3711600001,NIPPON SANSO HOLDINGS,JP,0.001362990088035891,135.52596980551212,124.13096902092984
2022,vw,JP3573000001,TOKYO GAS,JP,0.001352462063265111,183.05376356392028,353.42561604927477
2022,vw,SG1F60858221,SINGAPORE TECHS.ENGR.,SG,0.001345275799165955,7.883808776641361,5.206483344459781
2022,vw,JP3942600002,YAMAHA,JP,0.0013404771740375822,6.818392955918237,2.786731442690868
2022,vw,JP3771800004,HAMAMATSU PHOTONICS,JP,0.0013384584206183477,7.153829301595712,1.3062736720675125
2022,vw,SG1M77906915,CAPITALAND ASCENDAS REIT,SG,0.0013380599619635103,0.5291792225484236,0.05711487301537449
2022,vw,JP3940000007,YAMATO HDG.,JP,0.0013291584578736095,43.446467074060855,78.83499306752604
2022,vw,AU000000APA1,APA GROUP,AU,0.001299046812809223,786.4160210107472,178.88404828146454
2022,vw,JP3574200006,TOKYU,JP,0.0012965688980494533,18.584195694039128,17.641000031211963
2022,vw,JP3401400001,SUMITOMO CHEMICAL,JP,0.001295147832612475,281.14207142680453,792.211522399324
2022,vw,JP3942800008,YAMAHA MOTOR,JP,0.0012937298801337373,9.77961129973969,18.641947087910104
2022,vw,JP3820000002,FUJI ELECTRIC,JP,0.0012696013408083928,18.91083620290483,18.941065701591786
2022,vw,AU000000TAH8,TABCORP HOLDINGS,AU,0.0012610547139579563,0.7971247843307484,0.40298840899188715
2022,vw,JP3386030005,JFE HOLDINGS,JP,0.00125318826848316,1481.9737594701764,6446.059892466307
2022,vw,JP3148800000,IBIDEN,JP,0.0012457732019532967,53.279017849344406,22.864168100362452
2022,vw,JP3300200007,KONAMI GROUP,JP,0.0012359238020790365,13.91812186962155,4.531950718530673
2022,vw,JP3419400001,SEKISUI CHEMICAL,JP,0.001224701587620532,22.099705029209783,27.959905495519426
2022,vw,AU000000DXS1,DEXUS STAPLED UNITS,AU,0.0012235342282801885,19.810216757667845,1.623730585899088
2022,vw,JP3670800006,NISSAN CHEMICAL,JP,0.001219943430949291,128.80180332658128,30.48773641717616
2022,vw,JP3486800000,DAITO TST.CONSTRUCTION,JP,0.0012134140010389685,3.071304633147681,5.355001160868098
2022,vw,SG9999000020,FLEX,SG,0.0012099197054135395,3.2180838600010744,10.503329285361437
2022,vw,JP3499800005,MITSUBISHI HC CAPITAL,JP,0.001201536508870751,0.24841111239634112,0.44678596503954876
2022,vw,JP3493800001,DAI NIPPON PRINTING,JP,0.001198672587289108,29.3318352056115,44.928179837375566
2022,vw,AU000000IAG3,INSURANCE AUS.GROUP,AU,0.0011889305844741593,0.7546860984774684,0.637421304193575
2022,vw,SG1U68934629,KEPPEL,SG,0.0011879126471293798,4.597372090857324,3.8547965487647486
2022,vw,JP3774200004,HANKYU HANSHIN HDG.,JP,0.0011867094887692653,17.30625002376256,13.731454083774029
2022,vw,JP3526600006,CHUBU ELEC.POWER,JP,0.0011726420304785632,11.656528221361443,35.83782190991699
2022,vw,JP3027680002,JAPAN REAL ESTATE INV.,JP,0.0011685391515170352,4.794219550098082,0.4010613273518231
2022,vw,JP3598600009,TOHO,JP,0.0011646775268191782,2.8425152849911246,0.7396191517312438
2022,vw,JP3596200000,TOTO,JP,0.0011630821357207085,33.67683103886038,25.158848688260452
2022,vw,AU000000SEK6,SEEK,AU,0.001161919445817726,0.2114276653100058,0.009109115143234137
2022,vw,JP3443600006,TAISEI,JP,0.0011579006167287025,18.548336055270106,32.933515968722574
2022,vw,JP3385980002,J S R DEAD - DELIST.25/06/24,JP,0.0011537666081847654,118.41997894313651,48.16078417088579
2022,vw,SG1J26887955,SINGAPORE EXCHANGE,SG,0.0011522085725851866,0.04463807449201872,0.004728030194551688
2022,vw,NZAIAE0002S6,AUCKLAND INTL.AIRPORT,NZ,0.0011514100987963915,10.950221299382548,0.2709012332494765
2022,vw,JP3675600005,NISSIN FOODS HOLDINGS,JP,0.0011491002837816313,60.17083176830985,39.687431004146184
2022,vw,AU000000MGR9,MIRVAC GROUP STAPLED UNITS,AU,0.0011453118136024358,4.774323587235771,0.9682877275476159
2022,vw,JP3180400008,OSAKA GAS,JP,0.0011304816805427092,358.31099977825437,623.1577005315934
2022,vw,AU000000ORG5,ORIGIN ENERGY (EX BORAL),AU,0.0011111066284512443,1433.0366843285835,1793.2112644093581
2022,vw,JP3626800001,LIXIL,JP,0.0010917736012960317,41.16812870028827,72.7077803027495
2022,vw,HK0144000764,CHINA MERCHANTS PORT HOLDINGS,HK,0.0010856877679350397,46.421327608930696,10.119163675149958
2022,vw,AU000000SGP0,STOCKLAND STAPLED UNITS,AU,0.0010745885153270514,2.069399667262596,0.565182061915101
2022,vw,JP3359600008,SHARP,JP,0.0010624401957918745,12.75070269396755,40.8736111762224
2022,vw,AU000000GPT8,GPT GROUP STAPLED UNITS,AU,0.0010576960474327174,15.545806816075416,1.2958689945021957
2022,vw,AU000000QAN2,QANTAS AIRWAYS,AU,0.0010497548909601392,995.2453476700249,701.9739280768398
2022,vw,JP3629000005,TOPPAN HOLDINGS,JP,0.0010491743242482083,28.645200955209216,56.40268281140359
2022,vw,JP3452000007,TAIYO YUDEN,JP,0.0010453484985701218,14.718303381028441,6.5514114569296815
2022,vw,AU000000BSL0,BLUESCOPE STEEL,AU,0.0010430153363685548,738.1804175873016,1295.3058593190392
2022,vw,JP3322930003,SUMCO,JP,0.0010396237683650761,9.542176590927912,4.19203722529056
2022,vw,SGXE21576413,GENTING SINGAPORE,SG,0.0010265726909400332,4.9627164874574605,0.5958626210677616
2022,vw,JP3196000008,ODAKYU ELECTRIC RY.,JP,0.0010213195739084864,24.05732861408737,12.191906707529874
2022,vw,AU000000IGO4,IGO,AU,0.0010192961510518907,148.4896255054685,9.493184174641497
2022,vw,JP3436120004,SBI HDG.,JP,0.0010166221199229433,0.21037098169561927,0.19888081695768997
2022,vw,JP3973400009,RICOH,JP,0.0009983366032157992,7.430909405041203,17.876948645711693
2022,vw,JP3210200006,KAJIMA,JP,0.0009825616873299543,14.007568889795536,38.81052858355827
2022,vw,JP3414750004,SEIKO EPSON,JP,0.0009776618910587514,12.685479263740984,19.85658882641007
2022,vw,JP3143900003,ITOCHU TECHNO-SOLUTIONS DEAD - DELIST.01/12/23,JP,0.0009734391632049481,0.058995628694122754,0.041892451523877904
2022,vw,JP3375800004,SHINKO ELEC.INDS. DEAD - DELIST.06/06/25,JP,0.0009563708131700024,21.704995182787698,7.824296723059021
2022,vw,JP3766550002,HAKUHODO DY HDG.,JP,0.0009461229546409049,0.04059687963667399,0.05823699826111562
2022,vw,JP3283650004,KOSE HOLDINGS,JP,0.0009349069660988824,2.442838217225071,1.0664757639576796
2022,vw,SG1B51001017,JARDINE CYC.& CARR.,SG,0.0009261253109012566,249.01786622922234,737.7653933611534
2022,vw,JP3277800003,KEIO,JP,0.0009252661344267636,31.682300348509074,14.128765385786453
2022,vw,AU000000OZL8,OZ MINERALS DEAD - DELIST.03/05/23,AU,0.0009229967878691354,63.89256548205941,16.085416094016388
2022,vw,JP3223800008,KAWASAKI KISEN KAISHA,JP,0.0009202620540544902,1055.8778725857096,1113.489816421591
2022,vw,JP3190000004,OBAYASHI,JP,0.0009100344297539587,8.990110179974458,25.08333689656647
2022,vw,JP3799000009,HIROSE ELECTRIC,JP,0.000909519235165087,1.222880316506772,0.28733075037991324
2022,vw,JP3039710003,JAPAN METROPOLITAN FUND INVESTMENT REIT,JP,0.0009062537419703654,8.28753802825994,0.8819296311181185
2022,vw,JP3260800002,KINTETSU GROUP HDG.,JP,0.0008807243714366083,6.35458324375821,7.094004708011396
2022,vw,JP3787000003,HITACHI CON.MCH.,JP,0.0008795305519512169,11.650463337501352,17.571941523013678
2022,vw,JP3783420007,HIKARI TSUSHIN,JP,0.0008769561354859788,0.22027780211970865,0.1954126828333242
2022,vw,JP3229400001,KANSAI PAINT,JP,0.0008720703475268602,19.64704141419311,12.606642345667554
2022,vw,JP3888300005,MITSUI CHEMICALS,JP,0.0008534641961209017,281.5875332917025,682.0710156292744
2022,vw,NZTELE0001S4,SPARK NEW ZEALAND,NZ,0.0008534019369560833,0.9769486253525582,0.4326177752649146
2022,vw,HK0019000162,SWIRE PACIFIC 'A',HK,0.0008496866212955493,10.299482339434718,21.981927192193485
2022,vw,HK0293001514,CATHAY PACIFIC AIRWAYS,HK,0.0008330774326011387,914.6030654073699,999.5443097572642
2022,vw,HK2380027329,CHIN.PWR.INTDVT.,HK,0.0008329887132912726,11469.346197379677,11534.680805344045
2022,vw,KYG525621408,KINGBOARD HOLDINGS,HK,0.000831522509959801,162.36757865088,221.33254591161534
2022,vw,JP3511800009,CHIBA BANK,JP,0.0008288811648923831,1.3607851819053944,0.5194015052503493
2022,vw,JP3688370000,NIPPON EXPRESS HOLDINGS,JP,0.0008246880101418685,26.56679756572229,103.04958836785306
2022,vw,JP3358800005,SHIMIZU,JP,0.000821816306164623,15.833364282155932,37.465743176571074
2022,vw,JP3174410005,OJI HOLDINGS,JP,0.0008198302388069182,507.965644436752,1214.684814161577
2022,vw,JP3792600003,HINO MOTORS,JP,0.0008177476697437449,11.566610886494168,28.740937563644046
2022,vw,JP3944130008,USS,JP,0.0008170503670977797,5.8779160529040855,0.7882880737615133
2022,vw,JP3494600004,SCREEN HOLDINGS,JP,0.0008099979602029831,3.192651600988931,2.1181620433355626
2022,vw,AU0000088338,AMPOL,AU,0.0008058608387008049,47.20681328276794,140.48548902357527
2022,vw,JP3270000007,KURITA WATER IND.,JP,0.000803171242780653,5.700105248371908,2.7130836521206625
2022,vw,JP3595200001,TOSOH,JP,0.0007935055074426068,1005.7797137060379,1527.437780497756
2022,vw,JP3695200000,NGK INSULATORS,JP,0.000791563021500275,65.69922798311522,57.04341670599339
2022,vw,AU000000BLD2,BORAL DEAD - DELIST.08/07/24,AU,0.0007888640867054003,633.8105020970551,262.4174766093294
2022,vw,HK0000055878,CHINA TAIPING INSURANCE HLDGS,HK,0.0007881263156023031,0.1360113576639338,1.1092481119853381
2022,vw,JP3869010003,MATSUKIYOKARA,JP,0.0007858725338358793,0.3971255605717323,0.44067783182545595
2022,vw,JP3830000000,BROTHER INDUSTRIES,JP,0.0007827798098235287,3.0630248932239645,3.723151136270995
2022,vw,HK0023000190,BANK OF EAST ASIA,HK,0.0007751515056541625,0.9116450344372968,0.563720844310223
2022,vw,BMG4600H1198,HOPSON DEVELOPMENT HOLDINGS,HK,0.000772038547413246,0.26042227967121373,0.20704977258798105
2022,vw,AU000000LLC3,LENDLEASE GROUP STAPLED UNITS,AU,0.0007713490271628829,3.6228916325697416,4.569659767582173
2022,vw,JP3868400007,MAZDA MOTOR,JP,0.0007676617281265172,3.5968748719540358,19.667318188822474
2022,vw,JP3143000002,ITO EN,JP,0.0007562231630702692,8.900907586605134,6.586327196385753
2022,vw,SG1R89002252,CITY DEVELOPMENTS,SG,0.0007403346242086308,0.92336292987831,0.3782216643855632
2022,vw,JP3585800000,TOKYO ELECTRIC POWER CO. HDG.,JP,0.0007324899694415209,4.40944565817634,43.135779960774066
2022,vw,JP3419050004,SEGA SAMMY HDG.,JP,0.0007317179557977735,2.649719089931067,1.499433112605321
2022,vw,JP3166000004,EBARA,JP,0.0007310782428792652,28.825707068992624,32.36108154140941
2022,vw,JP3336000009,SANTEN PHARM.,JP,0.0007122261677722743,6.43097700079541,3.2387212951388586
2022,vw,SG1S83002349,UOL GROUP,SG,0.0007108502402297891,1.1730930000625581,0.49682069786995514
2022,vw,JP3268950007,MEDIPAL HOLDINGS,JP,0.0007069963979275343,1.0708455361472455,6.758720290250712
2022,vw,JP3351500008,SHIZUOKA FINANCIAL GROUP,JP,0.0007069061221385477,0.6257658985648741,0.27985115705572805
2022,vw,JP3955000009,YOKOGAWA ELECTRIC,JP,0.000694806053456105,3.566948944981705,2.6915563759531893
2022,vw,JP3977400005,RINNAI,JP,0.0006901241642617664,11.03392084103522,8.105992945230813
2022,vw,AU000000WOR2,WORLEY,AU,0.0006874314553833734,3.35848395515175,5.03511767023353
2022,vw,JP3613000003,TOYO SUISAN KAISHA,JP,0.0006864430911418824,51.31634288204061,37.70778394777597
2022,vw,JP3982100004,LAWSON DEAD - DELIST.24/07/24,JP,0.0006714324065041825,0.6952442972586517,0.9736218035648467
2022,vw,JP3676800000,NISSHIN SEIFUN,JP,0.0006704518246582938,14.66534951364756,19.96522336674026
2022,vw,AU000000CWY3,CLEANAWAY WASTE MANAGEMENT,AU,0.0006697467396167263,673.1116976773059,289.8005094167736
2022,vw,HK0392044647,BEIJING ENTERPRISES HOLDINGS,HK,0.0006679396673578742,57.77484328173033,138.95135563400794
2022,vw,JP3495000006,SUMITOMO PHARMA,JP,0.0006675334263074346,4.424349678698094,4.989344189668761
2022,vw,JP3896800004,MITSUBISHI GAS CHM.,JP,0.0006646601658510684,127.1360297729466,180.31604484951808
2022,vw,AU000000ORI1,ORICA,AU,0.0006572700029871325,452.3142694639348,397.3666761390546
2022,vw,NZCENE0001S6,CONTACT ENERGY,NZ,0.0006485832930158546,461.21661369719124,188.82742699166545
2022,vw,JP3657400002,NIKON,JP,0.0006419200059011727,7.478919785269569,8.42252278028602
2022,vw,BMG524401079,KERRY PROPERTIES,HK,0.0006390607537568909,2.15089630849243,1.0302473811501263
2022,vw,KYG0535Q1331,ASMPT,HK,0.0006379618794978472,0.8522224897253926,0.585544373284538
2022,vw,JP3118000003,ASICS,JP,0.0006373283924958206,0.8589209586056151,0.7409614426524174
2022,vw,HK0008011667,PCCW,HK,0.0006329313389805259,0.8742273894473335,1.0662915628696426
2022,vw,JP3743000006,NH FOODS,JP,0.0006240905375763229,45.89411816504122,122.70458870269825
2022,vw,JP3870400003,MARUI GROUP,JP,0.000624026721932384,5.768625572962988,2.6289402926254986
2022,vw,JP3663900003,SOJITZ,JP,0.0006222087543196887,41.46144247669977,180.55329027351823
2022,vw,JP3368000000,RESONAC HOLDINGS,JP,0.0006163704011388497,272.92642396762983,855.2965507837062
2022,vw,JP3791200003,HITACHI TRANSPORT SYSTEM DEAD - DELIST.24/02/23,JP,0.0006087685571145312,6.355565656950661,10.359762629787864
2022,vw,AU000000JBH7,JB HI-FI,AU,0.0006069490330227155,0.08343288703620154,0.13468136940633416
2022,vw,BMG668971101,CTF SERVICES,HK,0.0006045847412387394,4.8937872820749435,4.893275768411893
2022,vw,JP3768600003,HASEKO,JP,0.0005971198673770213,5.252200178528365,10.55352092483741
2022,vw,SG0531000230,VENTURE CORPORATION,SG,0.0005927352656946903,1.255177498753063,0.7599430699179136
2022,vw,JP3738600000,NITERRA,JP,0.0005892238487989363,15.385115235468712,17.011744443446517
2022,vw,AU000000CIM7,CIMIC GROUP DEAD - DELIST.11/05/22,AU,0.000579159654806053,16.644411400061312,30.906002751977983
2022,vw,BMG2624N1535,DFI RETAIL GROUP HOLDINGS,HK,0.000562396374678717,26.244162341940083,65.31497871728024
2022,vw,AU000000BOQ8,BANK OF QLND.,AU,0.0005593192154575709,0.32046158589847806,0.11771286409590677
2022,vw,NZFBUE0001S0,FLETCHER BUILDING,NZ,0.0005491398420097737,145.79333821885032,224.76750876536596
2022,vw,JP3122800000,AMADA,JP,0.0005477405672804816,3.1195717267596934,2.2929158023358247
2022,vw,AU000000BEN6,BENDIGO & ADELAIDE BANK,AU,0.0005459443903754728,0.9404325989955379,0.38858921871614455
2022,vw,JP3720800006,NSK,JP,0.0005407971139241171,17.091939696945104,36.55212707476493
2022,vw,JP3246400000,KYUSHU ELEC.POWER,JP,0.000540018874363888,1213.0701126088338,5041.086730326359
2022,vw,JP3126340003,ALFRESA HOLDINGS,JP,0.0005308169698037385,1.4648993934393342,9.705984981101757
2022,vw,JP3635400009,TOYOTA BOSHOKU,JP,0.0005283001430659574,3.8119789744139307,13.581992811266279
2022,vw,JP3209000003,CASIO COMPUTER,JP,0.0005279374834308906,1.5585401690185288,1.0251277319001022
2022,vw,JP3358200008,SHIMAMURA,JP,0.0005258549143677174,0.15172303952087293,0.22613652844910007
2022,vw,JP3305530002,COMSYS HOLDINGS,JP,0.0005225925341312369,18.66284818244486,28.294609430146565
2022,vw,JP3939000000,YAMADA HOLDINGS,JP,0.0005168880381547572,3.647514645459512,15.959625159596252
2022,vw,JP3131430005,AEON MALL DEAD - DELIST.27/06/25,JP,0.0005105422727806487,6.144729115233974,5.097694894378542
2022,vw,JP3040890000,JAPAN PRIME REALTY INV.,JP,0.0005070137346145696,3.966645434014709,0.37851810010314846
2022,vw,JP3224200000,KAWASAKI HEAVY INDUSTRY,JP,0.0005065343390454686,10.320732124136853,41.43825514079573
2022,vw,JP3894900004,ISETAN MITSUKOSHI HDG.,JP,0.000505228453063404,3.80743529460683,5.416254617263869
2022,vw,JP3605400005,TOHOKU ELECTRIC PWR.,JP,0.0005008578596931571,1750.635649055569,10197.676116958628
2022,vw,JP3134800006,IHI,JP,0.0004939502053565632,6.325745686519587,20.252023784390154
2022,vw,HK0014000126,HYSAN DEVELOPMENT,HK,0.000493674708552242,1.7042766760340684,0.24875935606323346
2022,vw,AU000000ILU1,ILUKA RESOURCES,AU,0.0004926847878316305,378.9969095097616,133.00140899354895
2022,vw,JP3269600007,KURARAY,JP,0.0004924902279415732,341.1656632845765,593.2120361679198
2022,vw,HK0000745908,YUEXIU PROPERTY COMPANY,HK,0.0004885461098503319,0.2019499241658667,0.5720548364178553
2022,vw,JP3582600007,TOKYO TATEMONO,JP,0.0004883686712305996,6.12634297239517,5.811355632400044
2022,vw,JP3405400007,SUMITOMO HEAVY INDS.,JP,0.00048613045425538063,5.176213427220774,12.300889772578099
2022,vw,JP3398000004,SUZUKEN,JP,0.0004837039033065861,1.847429400007968,11.4596740977192
2022,vw,JP3549600009,DENKA,JP,0.0004825645605904107,492.37053618239594,522.5199654233702
2022,vw,JP3935600001,YAMAZAKI BAKING,JP,0.00047955277349232385,41.60916887912287,124.30988539472445
2022,vw,JP3292200007,JTEKT,JP,0.0004750218627726697,9.500663311528072,37.68144434614502
2022,vw,SG1R50925390,SEMBCORP INDUSTRIES,SG,0.0004706777295474705,4362.2549852749535,8343.24848957834
2022,vw,HK0010000088,HANG LUNG GROUP,HK,0.00047045204007500413,2.809232983901427,1.3042011023840876
2022,vw,JP3665200006,NICHIREI,JP,0.00046185093645535155,14.389241410717231,25.045159203041166
2022,vw,JP3600200004,TOHO GAS,JP,0.0004612439095983728,23.092925931996263,31.903434591581235
2022,vw,KYG5427W1309,LEE & MAN PAPER MNFG.,HK,0.00046023531112831585,1133.7508339056508,1599.511197537962
2022,vw,JP3522200009,CHUGOKU ELEC.POWER,JP,0.00045723597586319267,1869.4490740090455,6297.577979527714
2022,vw,JP3280200001,KEIKYU,JP,0.000449120493729123,30.93660467078859,22.258264627498278
2022,vw,JP3263000006,KINDEN,JP,0.00044854303997543304,3.484231004046408,5.92723941452852
2022,vw,AU000000CGF5,CHALLENGER,AU,0.0004473896889471734,0.019230450972279687,0.014149187474124766
2022,vw,AU000000MTS0,METCASH,AU,0.00043999174368763517,1.4203647129408419,5.1562875861385855
2022,vw,JP3638600001,DOWA HDG.,JP,0.00043690057615440494,152.8873412930135,379.16194629103165
2022,vw,BMG8063F1068,SHANGRI-LA ASIA,HK,0.0004353814525328376,86.43719610661019,38.2522647485718
2022,vw,JP3711200000,AOZORA BANK,JP,0.00043519934447574404,0.09192850970514348,0.0393412134976127
2022,vw,JP3732200005,NIPPON TELEVISION HDG.,JP,0.0004325471040544831,0.2759365681718643,0.3548026095623981
2022,vw,JP3551200003,ELEC.POWER DEV.,JP,0.00043112759509662503,5418.030119501745,17311.15676073779
2022,vw,JP3243600008,CANON MARKETING JAPAN,JP,0.00043053613303085096,1.2467551627308684,2.1752726773170794
2022,vw,BMG988031446,YUE YUEN INDL.HDG.,HK,0.0004230821545229761,5.8743092840286115,18.394525789125158
2022,vw,JP3404200002,SUMITOMO RUBBER INDS.,JP,0.00042268058290989785,46.07384819045878,138.82649266097613
2022,vw,JP3588600001,TBS HOLDINGS,JP,0.00041789907905185,1.2398936006484513,1.440277105292562
2022,vw,AU000000DOW2,DOWNER EDI,AU,0.00041690604537299755,40.867867607399255,121.55294714991861
2022,vw,BMG2442N1048,COSCO SHIPPING PORTS,HK,0.00041051358562527526,70.4417597371347,32.188287929629
2022,vw,JP3634200004,TOYODA GOSEI,JP,0.00040449779382470397,14.44271290775282,38.86409111897799
2022,vw,JP3765400001,HOUSE SHOKUHIN GP.HONSHA K K,JP,0.00040041981852910317,25.77071103859164,21.92334603125243
2022,vw,JP3667600005,JGC HOLDINGS,JP,0.00039661267060046217,22.409466581439137,34.47848234398424
2022,vw,AU000000FLT9,FLIGHT CENTRE TRAVEL GP.,AU,0.0003903976494724722,133.5541428495112,20.931261736457472
2022,vw,JP3219000001,KAMIGUMI,JP,0.0003895042304573291,14.63575659159334,13.174631464113459
2022,vw,JP3613400005,TOYO SEIKAN GROUP HDG.,JP,0.0003878045552577887,56.767973074623136,160.14127751801087
2022,vw,JP3721400004,JAPAN STEEL WORKS,JP,0.00038655937196142203,36.21522989706517,26.17221316260997
2022,vw,JP3780100008,PARK24,JP,0.00038648154800539913,77.22867913056427,70.38843357967016
2022,vw,JP3544000007,TEIJIN,JP,0.00038623251134612573,96.39578657772549,310.3024441354853
2022,vw,JP3733400000,NIPPON ELEC.GLASS,JP,0.00038484413197067697,309.45842034403154,319.5107845000869
2022,vw,JP3293200006,COCA-COLA BOTTLERS JAPAN HOLDINGS,JP,0.0003839320352060884,27.704038020794513,77.15381465700722
2022,vw,AU000000BPT9,BEACH ENERGY,AU,0.00038194285489014264,489.55194885015135,232.08416025168202
2022,vw,JP3493400000,DIC,JP,0.0003807770520289194,45.68557449332423,139.63783518639633
2022,vw,JP3449020001,TAIHEIYO CEMENT,JP,0.00037908671570410166,3665.04699212771,9722.279248133884
2022,vw,JP3126400005,ALPS ALPINE,JP,0.0003759317325269327,6.468963597681159,18.206246092569362
2022,vw,JP3560800009,TOKAI CARBON,JP,0.00037400792433404625,891.7433316997962,839.8150575760225
2022,vw,JP3903000002,MITSUBISHI MATERIALS,JP,0.00036872679067833123,603.4268978820575,3828.2298710837576
2022,vw,AU000000ANN9,ANSELL,AU,0.00036793765576425885,67.66626490852506,57.283906747718824
2022,vw,MU0117U00026,GOLDEN AGRI-RESOURCES,SG,0.0003632277499457521,769.8408702105199,3347.7783729351017
2022,vw,JP3131400008,AEON FINANCIAL SERVICE,JP,0.0003603295858234587,0.8019780842399513,1.439290203582675
2022,vw,JP3485800001,DAICEL,JP,0.0003536585163131744,415.6729302428445,727.9384905178749
2022,vw,JP3215800008,KANEKA,JP,0.00034742014799837753,156.96530980597745,408.5856753087913
2022,vw,AU000000AMP6,AMP,AU,0.00034402235407841707,0.01340933187772724,0.01312062834236696
2022,vw,SG1N31909426,COMFORTDELGRO CORPORATION,SG,0.0003404237743519174,318.07414320131795,381.79906178845437
2022,vw,JP3535800001,TSUMURA,JP,0.00033890465073035014,35.658184814149195,18.088252854347886
2022,vw,JP3940400009,YAMATO KOGYO,JP,0.0003365263506342898,50.004110507389164,27.288284538180474
2022,vw,JP3870000001,MABUCHI MOTOR,JP,0.000334618107232608,2.819185419448385,1.5429055185502176
2022,vw,JP3902000003,MITSUBISHI LOGISTICS,JP,0.0003311564976687087,3.1313802930735126,3.1321677006956197
2022,vw,JP3271400008,CREDIT SAISON,JP,0.00032751122356859533,0.12325438593426032,0.18439487116121245
2022,vw,AU000000SGM7,SIMS,AU,0.0003257975400569708,14.603458062587338,38.45841474892149
2022,vw,JP3415400005,SEINO HDG.,JP,0.00032354531476966753,74.77425705886665,190.85486121133403
2022,vw,JP3835620000,BENESSE HOLDINGS DEAD - DELIST.17/05/24,JP,0.00032266279110836776,0.019569241848432308,0.03617892649889292
2022,vw,JP3548610009,DENA,JP,0.00031907821969395225,0.011166610117807738,0.006341463414634147
2022,vw,BMG684371393,PACIFIC BASIN SHIP.,HK,0.0003171870975625954,874.2119613242153,1271.9287484358515
2022,vw,JP3300600008,KONICA MINOLTA,JP,0.00031529286247299765,19.97959777574272,78.46155365111962
2022,vw,JP3156400008,USHIO,JP,0.0003120740636518899,3.341464753821898,2.1246882793017456
2022,vw,AU0000033359,HEALIUS,AU,0.0003109160431862689,4.003629728408887,3.2644826688560045
2022,vw,AU000000CSR5,CSR DEAD - DEAD.10/07/24,AU,0.0003094451704174358,176.97934808375373,138.56778548470658
2022,vw,JP3459600007,TAKARA HDG.,JP,0.00030622325863808713,32.79579245284491,42.73689774881697
2022,vw,JP3742600004,NHK SPRING,JP,0.00030584659069093624,15.0399014296283,40.203766940289775
2022,vw,JP3289800009,KOBE STEEL,JP,0.0003036114866739581,884.2794362319801,7843.619753618062
2022,vw,JP3158800007,UBE,JP,0.0003018557782260811,665.4139093980145,1954.2630262716891
2022,vw,JP3769000005,HACHIJUNI NAGANO BANK,JP,0.0002976377198096391,1.8870475909755975,1.2989933324617597
2022,vw,SGXE34184239,SEATRIUM,SG,0.00029725171298776546,39.01096753742092,28.224341151028657
2022,vw,HK0165000859,CHINA EVERBRIGHT,HK,0.0002958477688211121,0.02496949928252198,0.00415625411021965
2022,vw,JP3164800009,NOK,JP,0.00029352705845250875,7.031639634299858,21.740974844101302
2022,vw,JP3796150005,HIROGIN HOLDINGS,JP,0.00028986155012382945,1.266595006726465,0.8149643718217894
2022,vw,JP3326410002,SANKYO,JP,0.00028740075663438486,1.2724659553237594,0.5269485724188726
2022,vw,HK0200030994,MELCO INTL.DEV.,HK,0.00027473568603121563,8.54751114535254,9.717241418381859
2022,vw,JP3385820000,GS YUASA,JP,0.00026736264443760467,18.200765416999246,39.05422240851351
2022,vw,JP3456000003,TAKASHIMAYA,JP,0.00026580616531714636,3.1293659783982797,11.826741775680139
2022,vw,AU000000IFL2,INSIGNIA FINANCIAL,AU,0.0002642170001351584,0.001150796543007185,0.0008836368134878324
2022,vw,AU000000CQR9,CHARTER HALL RETAIL REIT,AU,0.0002616410271907999,2.334904304845106,0.193339599519328
2022,vw,JP3491000000,DAIDO STEEL,JP,0.0002586370224883154,93.76022385419687,254.56164845216887
2022,vw,JP3811000003,FUJIKURA,JP,0.00025522055081890943,4.191288034339514,14.782921578552566
2022,vw,JP3888400003,MITSUI KINZOKU LIMITED,JP,0.000253035254133786,145.92576900774688,490.2533693385578
2022,vw,HK0363006039,SHANGHAI INDUSTRIAL HOLDINGS,HK,0.00024970438881600517,47.96355209304841,148.64407931234376
2022,vw,AU000000IRE2,IRESS,AU,0.00024334617160893303,0.16960451524909487,0.046052294939364476
2022,vw,JP3678000005,NISSHINBO HOLDINGS,JP,0.00024141613749956473,30.153295681290867,86.78048277284918
2022,vw,JP3579800008,TOKYO STEEL MNFG.,JP,0.0002407312866865631,159.08689960669318,208.14798531009154
2022,vw,JP3320800000,SAPPORO HOLDINGS,JP,0.0002393973840803303,31.25841328257822,77.66461864544526
2022,vw,JP3350800003,SHIKOKU ELECTRIC POWER,JP,0.00023827516263447986,1720.016865424171,6310.1785924251735
2022,vw,SG1T58930911,FRASER AND NEAVE,SG,0.00023333334142702474,35.17922037683723,32.71941351868776
2022,vw,JP3718800000,NISSUI,JP,0.00022785297844389108,35.14281131968199,141.4502356718355
2022,vw,JP3276400003,GUNMA BANK,JP,0.00022774091194721808,1.2707925433147547,1.099659645429817
2022,vw,JP3827200001,FURUKAWA ELECTRIC,JP,0.00022605057562240035,15.9244642941786,88.13484631486175
2022,vw,JP3172100004,OKUMA,JP,0.00022343880365827132,5.563009024356587,5.363835211836661
2022,vw,NZSKCE0001S2,SKY CITY ENTM.GP.,NZ,0.00022298431175509748,11.074610094725454,3.150870433192333
2022,vw,AU000000PPT9,PERPETUAL,AU,0.00021569843299223216,0.020769098602239664,0.007937596062952353
2022,vw,AU000000ABC7,ADBRI DEAD - DELIST.02/07/24,AU,0.00021563306086917294,1719.7497008108965,1387.8532398819104
2022,vw,JP3352400000,CITIZEN WATCH,JP,0.00021385711819273,7.756432083435126,13.379379612512555
2022,vw,JP3834800009,HEIWA REAL ESTATE,JP,0.0002130804351116213,6.208311425890988,2.199431697821021
2022,vw,JP3421100003,JAPAN PETROLEUM EXP.,JP,0.00021074571643093387,242.4968243421289,409.1610720906358
2022,vw,SG9999003735,XP POWER (DI),SG,0.0002081977601107436,1.7044677715830892,0.41940162377954876
2022,vw,JP3389900006,JAFCO GROUP,JP,0.00020366217995372812,0.00610928640625591,0.003209831254585473
2022,vw,JP3841800000,HOKUETSU,JP,0.00019394819376294785,305.2424949623766,545.7157302559247
2022,vw,AU000000ELD6,ELDERS,AU,0.00019292403050168627,35.461098370442826,51.94636503723306
2022,vw,JP3274400005,GLORY,JP,0.00018954024489380993,1.3637981181176404,2.2533360706220487
2022,vw,JP3992400006,WACOAL HDG.,JP,0.00018348087167786574,1.1856813945689508,1.472659099777744
2022,vw,AU000000IVC8,INVOCARE DEAD - DELIST.27/11/23,AU,0.0001833672487020723,14.418354089425483,4.634620444957516
2022,vw,JP3625000009,TOKUYAMA,JP,0.000181063659603794,2657.571052654175,5853.226624487445
2022,vw,JP3400900001,SUMITOMO OSAKA CEMENT,JP,0.0001776113889146175,5025.529805498876,7720.552795085488
2022,vw,HK0308001558,CTII.INTL.INV.HK.,HK,0.000176920312185134,25.163716927599644,10.36204879164577
2022,vw,JP3789000001,KANADEVIA,JP,0.00017670863102475166,66.14804142501329,221.08499000273054
2022,vw,NZAIRE0001S2,AIR NEW ZEALAND,NZ,0.00017510857048892053,946.8236772571211,1344.751695510342
2022,vw,JP3165600002,NTN,JP,0.00016300850180647769,19.20409880690007,101.21360845611053
2022,vw,JP3919800007,MEIDENSHA,JP,0.00016124501096299843,7.658441570798335,16.316267037337347
2022,vw,HK0440001847,DAH SING FINANCIAL HDG.,HK,0.00016083721343343834,0.09815868918468766,0.09096715505061258
2022,vw,JP3352000008,77 BANK,JP,0.00016051657873462395,1.4434185758140277,1.438018772787216
2022,vw,JP3619800000,TOYOBO,JP,0.00015726820681022746,223.77434594954448,712.5820211597272
2022,vw,JP3411000007,SURUGA BANK,JP,0.00015539887538655703,0.19214215445154942,0.1502403846153846
2022,vw,JP3845400005,HOKURIKU ELEC.POWER,JP,0.00015368052243757107,3506.7039543694823,19000.16204829039
2022,vw,JP3684400009,NITTO BOSEKI,JP,0.00014899240732675067,196.9697179865256,148.34315323220926
2022,vw,JP3850200001,HOKKAIDO ELEC.POWER,JP,0.00014763671401283148,2402.415500998195,14865.107060398723
2022,vw,BMG8403G1033,SINOFERT HOLDINGS,HK,0.00014590123979352047,423.19932208162896,1583.9328767415564
2022,vw,SG2B80958517,OUE,SG,0.0001450638540267139,9.7490927012859,2.3346566523605152
2022,vw,AU000000ERA9,ENERGY RES.OF AUS.,AU,0.00013301670563436663,825.674499564839,133.21319915750058
2022,vw,JP3726200003,NIPPON SODA,JP,0.00012936520561777145,47.03510717155547,72.67969295184926
2022,vw,HK0242001243,SHUN TAK HOLDINGS,HK,0.00012426306706090913,7.974504820686595,6.190189889273009
2022,vw,JP3425000001,CENTRAL GLASS,JP,0.00012361401526767802,192.46394791616783,435.2119769828378
2022,vw,AU000000SWM4,SEVEN WEST MEDIA DEAD - DELIST.08/01/26,AU,0.00011900528059200099,2.417788313353875,3.252282298778414
2022,vw,JP3528600004,CHIYODA CORPORATION,JP,0.0001161787145092487,23.86365611995404,80.91289086573244
2022,vw,JP3194000000,OKI ELECTRIC IND.,JP,0.0001059728809164036,2.9886670237913866,14.290959829624732
2022,vw,AU000000SBM8,ST BARBARA,AU,0.00010462963943544809,287.12416436967334,215.70319240724763
2022,vw,AU000000MND5,MONADELPHOUS GROUP,AU,9.70293518902502e-05,6.761974805846292,14.733954667222767
2022,vw,AU000000GWA4,GWA GROUP,AU,7.32167778263586e-05,0.8117856200911803,0.5038265306122449
2022,vw,JP3826800009,FURUKAWA,JP,7.065948263144562e-05,2.5581356574098995,9.463180386369142
2022,vw,JP3203500008,ONWARD HOLDINGS,JP,6.317281806204117e-05,1.0573026731443758,3.8263483381378274
2022,vw,AU000000SXL4,SOUTHERN CROSS MEDIA GROUP,AU,5.653910405064788e-05,0.5060929886248314,0.5258086717136958
2022,vw,AU000000SIG5,SIGMA HEALTHCARE,AU,5.5787324635466525e-05,0.010646024419614236,0.07533061771106522
2022,vw,JP3305800009,KOMORI,JP,5.551961022674769e-05,6.8087758765465365,14.025791982057752
2022,vw,JP3599000001,TOHO ZINC,JP,4.4991585455967726e-05,191.72355718625005,705.7358333909915
2022,vw,HK0000139300,TELEVISION BROADCASTS,HK,4.2163462894094985e-05,1.4932339600624847,2.0502048802096793
2022,vw,JP3407200009,OSAKA TITANIUM,JP,4.140857052067271e-05,166.10957709635227,141.77943166441136
2022,vw,AU000000MAH3,MACMAHON HOLDINGS,AU,4.061787912747989e-05,14.072987865130068,57.959074187614966
2022,vw_50,JP3633400001,TOYOTA MOTOR,JP,0.02818283925895837,9.164496097646701,7.648516377493635
2022,vw_50,AU000000BHP4,BHP GROUP,AU,0.026945589465080435,150.23564708887065,55.291348647740705
2022,vw_50,AU000000IFL2,INSIGNIA FINANCIAL,AU,0.023987236771047346,0.001150796543007185,0.0008836368134878324
2022,vw_50,JP3814000000,FUJIFILM HOLDINGS,JP,0.021524181690764848,31.08977407513227,19.242491074653156
2022,vw_50,AU000000CBA7,COMMONWEALTH BK.OF AUS.,AU,0.02103682770669583,0.3250306614532405,0.05789340596971585
2022,vw_50,JP3435000009,SONY GROUP,JP,0.019767194332065245,2.4395581546266416,1.4283738545846367
2022,vw_50,JP3201200007,OLYMPUS,JP,0.018788138580440573,4.078119944147929,1.0346920929779766
2022,vw_50,JP3756600007,NINTENDO,JP,0.017313237136747702,0.023600811703980654,0.005270754300622773
2022,vw_50,JP3119600009,AJINOMOTO,JP,0.01702111130209877,101.71065117850704,64.20143414449112
2022,vw_50,JP3665200006,NICHIREI,JP,0.016855184747092467,14.389241410717231,25.045159203041166
2022,vw_50,KYG9431R1039,WANT WANT CHINA HOLDINGS,SG,0.01595350817384679,57.01813169721158,17.74731415386834
2022,vw_50,JP3496400007,KDDI,JP,0.015630817544821422,0.5862409397539453,0.3751554340221955
2022,vw_50,KYG2108Y1052,CHINA RESOURCES LAND,HK,0.015625524271319066,0.9911207708729277,0.9481164901377935
2022,vw_50,JP3371200001,SHIN-ETSU CHEMICAL,JP,0.014648750228602242,125.70001959637281,28.56922383457305
2022,vw_50,JP3769000005,HACHIJUNI NAGANO BANK,JP,0.013865299383852784,1.8870475909755975,1.2989933324617597
2022,vw_50,SG1L01001701,DBS GROUP HOLDINGS,SG,0.01195063986068024,0.02605549114969527,0.004705394927643455
2022,vw_50,JP3551500006,DENSO,JP,0.011870889566496954,12.66572400297556,10.33332526578703
2022,vw_50,HK0388045442,HONG KONG EXCHANGES AND CLEARING,HK,0.01154904677656882,0.12178499513653408,0.004304612918549993
2022,vw_50,JP3571400005,TOKYO ELECTRON,JP,0.01135390303426573,0.974505000185156,0.20606105408729183
2022,vw_50,JP3200450009,ORIX,JP,0.010278268865149112,47.905550016683854,38.543687422282176
2022,vw_50,JP3720800006,NSK,JP,0.010139615362458828,17.091939696945104,36.55212707476493
2022,vw_50,JP3326410002,SANKYO,JP,0.00994268213674953,1.2724659553237594,0.5269485724188726
2022,vw_50,AU000000STO6,SANTOS,AU,0.00974855380489498,1273.487657474776,329.23020145859635
2022,vw_50,JP3672400003,NISSAN MOTOR,JP,0.009010396672007976,7.732274874323904,26.014878917993403
2022,vw_50,AU000000MQG1,MACQUARIE GROUP,AU,0.009007496473726383,0.03130142091111957,0.0065222914045707
2022,vw_50,JP3802300008,FAST RETAILING,JP,0.008767306375667585,0.5204082548784132,0.16097384381669017
2022,vw_50,JP3174410005,OJI HOLDINGS,JP,0.008578243457627959,507.965644436752,1214.684814161577
2022,vw_50,JP3935600001,YAMAZAKI BAKING,JP,0.008554883773212571,41.60916887912287,124.30988539472445
2022,vw_50,JP3375800004,SHINKO ELEC.INDS. DEAD - DELIST.06/06/25,JP,0.008530432876940365,21.704995182787698,7.824296723059021
2022,vw_50,JP3198900007,ORIENTAL LAND,JP,0.008501783091552723,24.537205304330357,0.7457600047977226
2022,vw_50,JP3910660004,TOKIO MARINE HOLDINGS,JP,0.008046153640920213,0.26324619921874787,0.3111907263156184
2022,vw_50,AU000000GMG2,GOODMAN GROUP,AU,0.007731460237871665,2.391165394715563,0.0982795538962858
2022,vw_50,JP3734800000,NIDEC,JP,0.007666851080817057,3.543213403640633,1.062705992505872
2022,vw_50,JP3906000009,MINEBEA MITSUMI,JP,0.0070040675305034,11.275189114953504,9.996627306114478
2022,vw_50,JP3898400001,MITSUBISHI,JP,0.006889733295328385,149.1197914868003,412.64635799296934
2022,vw_50,JP3481800005,DAIKIN INDUSTRIES,JP,0.006579367479111209,23.238469768454983,9.92014120990341
2022,vw_50,JP3592200004,TOSHIBA DEAD - DELIST.20/12/23,JP,0.006578232080323877,10.36827812864607,16.577608072189957
2022,vw_50,AU000000WOW2,WOOLWORTHS GROUP,AU,0.006573794178268091,13.437133914975366,16.499058578660318
2022,vw_50,JP3436100006,SOFTBANK GROUP,JP,0.006534410999800936,0.22709532083017697,0.15385294915882575
2022,vw_50,AU000000ANZ3,ANZ GROUP HOLDINGS,AU,0.006359949878615507,0.33384363198005135,0.10789164630526273
2022,vw_50,BMG2624N1535,DFI RETAIL GROUP HOLDINGS,HK,0.0063428814057324,26.244162341940083,65.31497871728024
2022,vw_50,AU000000CSL8,CSL,AU,0.006282769137110106,10.288372913095962,1.1632089414899198
2022,vw_50,JP3626800001,LIXIL,JP,0.0062582228120437,41.16812870028827,72.7077803027495
2022,vw_50,AU000000GPT8,GPT GROUP STAPLED UNITS,AU,0.0061763009531426005,15.545806816075416,1.2958689945021957
2022,vw_50,JP3194000000,OKI ELECTRIC IND.,JP,0.006112903936788275,2.9886670237913866,14.290959829624732
2022,vw_50,JP3362700001,MITSUI OSK LINES,JP,0.006005680300654886,1034.0077734254057,1108.3141914273153
2022,vw_50,AU000000NAB4,NATIONAL AUS.BANK,AU,0.00592895856974156,0.44295536015135034,0.10251265184851112
2022,vw_50,JP3277800003,KEIO,JP,0.005867750580480556,31.682300348509074,14.128765385786453
2022,vw_50,JP3893600001,MITSUI,JP,0.005824859519649135,36.248917771305415,90.68232497842357
2022,vw_50,AU000000ASX7,ASX,AU,0.005824458075765413,0.047815869524555556,0.002919763190030211
2022,vw_50,SG1S04926220,OVERSEA-CHINESE BKG.,SG,0.005592604725844723,0.00574521464187687,0.003136041229127072
2022,vw_50,HK0006000050,POWER ASSETS HOLDINGS,HK,0.00558337593012673,42401.69916995975,529.7898790281963
2022,vw_50,JP3955000009,YOKOGAWA ELECTRIC,JP,0.005532193189143409,3.566948944981705,2.6915563759531893
2022,vw_50,JP3249600002,KYOCERA,JP,0.005527656546108601,8.645867429561992,5.863885104702594
2022,vw_50,JP3726800000,JAPAN TOBACCO,JP,0.005499975394885123,16.738258822056714,8.477936474152468
2022,vw_50,JP3505000004,DAIWA HOUSE INDUSTRY,JP,0.005418665969342911,5.931709943456122,11.30390607648772
2022,vw_50,JP3944130008,USS,JP,0.005389841393503161,5.8779160529040855,0.7882880737615133
2022,vw_50,AU000000BEN6,BENDIGO & ADELAIDE BANK,AU,0.005132548346513255,0.9404325989955379,0.38858921871614455
2022,vw_50,JP3188220002,OTSUKA HOLDINGS,JP,0.004937437679182822,25.436594619233297,17.058560283789625
2022,vw_50,SG1M31001969,UNITED OVERSEAS BANK,SG,0.00487494110072812,0.6547990732109393,0.15476055473654016
2022,vw_50,JP3162600005,SMC,JP,0.004873644615408908,10.256603932072586,1.6107466966219979
2022,vw_50,SG1F60858221,SINGAPORE TECHS.ENGR.,SG,0.004871087551848647,7.883808776641361,5.206483344459781
2022,vw_50,AU000000ALL7,ARISTOCRAT LEISURE,AU,0.004696647367612139,1.949863118364308,0.33403772864499187
2022,vw_50,JP3197800000,OMRON,JP,0.0046962979763886,2.112388793845818,0.8908849042018484
2022,vw_50,JP3902400005,MITSUBISHI ELECTRIC,JP,0.004685924216058291,7.123740298162601,10.662986648472623
2022,vw_50,HK0014000126,HYSAN DEVELOPMENT,HK,0.004594479759195479,1.7042766760340684,0.24875935606323346
2022,vw_50,JP3684000007,NITTO DENKO,JP,0.004587156025952056,44.917382715760674,28.514980355330298
2022,vw_50,HK0003000038,HONG KONG AND CHINA GAS,HK,0.004565190331366828,266.2625683570945,63.69282655190356
2022,vw_50,JP3792600003,HINO MOTORS,JP,0.004545097075374775,11.566610886494168,28.740937563644046
2022,vw_50,HK0823032773,LINK REAL ESTATE INVESTMENT TRUST,HK,0.004525767629792797,5.270188640168447,0.42238449714998355
2022,vw_50,AU000000WBC1,WESTPAC BANKING,AU,0.00447463634605825,0.384897562760272,0.13554661116753985
2022,vw_50,AU000000APA1,APA GROUP,AU,0.004373182034133037,786.4160210107472,178.88404828146454
2022,vw_50,JP3893200000,MITSUI FUDOSAN,JP,0.004321238384538928,7.9820085527221645,6.8502534593779965
2022,vw_50,BMG677491539,ORIENT OVERSEAS (INTL.),HK,0.004213040019469472,346.3557479919604,357.4341647094691
2022,vw_50,JP3519400000,CHUGAI PHARM.,JP,0.0041833525245138035,5.751451479157983,0.8964861275170143
2022,vw_50,JP3735400008,NTT,JP,0.0041815231832476995,1.3298251226204865,1.3564555451036862
2022,vw_50,JP3902900004,MITSUBISHI UFJ FINL.GP.,JP,0.004078718036051694,0.5726809017464252,0.3285917070453579
2022,vw_50,JP3388200002,AEON,JP,0.003992431205336635,2.654532626345452,9.960662815210378
2022,vw_50,JP3336000009,SANTEN PHARM.,JP,0.003922571025542788,6.43097700079541,3.2387212951388586
2022,vw_50,JP3292200007,JTEKT,JP,0.003922230209013788,9.500663311528072,37.68144434614502
2022,vw_50,JP3397200001,SUZUKI MOTOR,JP,0.0039186799691061465,12.792259966353798,18.91016019269453
2022,vw_50,AU000000NCM7,NEWCREST MINING DEAD - DELIST.08/11/23,AU,0.003909043259508963,357.1094666016129,106.58731211620776
2022,vw_50,JP3429800000,ANA HOLDINGS,JP,0.0039025863179257565,937.3395514047606,711.40456870578
2022,vw_50,AU000000BOQ8,BANK OF QLND.,AU,0.0039019398343784093,0.32046158589847806,0.11771286409590677
2022,vw_50,AU000000TLS2,TELSTRA GROUP,AU,0.003885425666074467,2.1226119616367307,0.9567974531035948
2022,vw_50,JP3766550002,HAKUHODO DY HDG.,JP,0.0038289908152183932,0.04059687963667399,0.05823699826111562
2022,vw_50,JP3802400006,FANUC,JP,0.003787881096064981,8.432887389972095,1.302160054587659
2022,vw_50,JP3940000007,YAMATO HDG.,JP,0.003783312139727533,43.446467074060855,78.83499306752604
2022,vw_50,JP3039710003,JAPAN METROPOLITAN FUND INVESTMENT REIT,JP,0.0037421347187580043,8.28753802825994,0.8819296311181185
2022,vw_50,JP3862400003,MAKITA,JP,0.00361948787133673,3.353447072815625,2.055903281194133
2022,vw_50,AU000000ELD6,ELDERS,AU,0.0035465598861004304,35.461098370442826,51.94636503723306
2022,vw_50,HK0011000095,HANG SENG BANK DEAD - DELIST.28/01/26,HK,0.0035148200859838113,0.01935994758300929,0.002664099863748959
2022,vw_50,JP3358800005,SHIMIZU,JP,0.0034707569630384742,15.833364282155932,37.465743176571074
2022,vw_50,JP3869010003,MATSUKIYOKARA,JP,0.003438269380179927,0.3971255605717323,0.44067783182545595
2022,vw_50,SG1M51904654,CAPITALAND INTEG. COML. TST.,SG,0.003419580127778072,0.03407988945723129,0.0034690721703671858
2022,vw_50,JP3914400001,MURATA MANUFACTURING,JP,0.003397725661152692,16.62531333120572,5.10440571073058
2022,vw_50,JP3774200004,HANKYU HANSHIN HDG.,JP,0.003368579628696271,17.30625002376256,13.731454083774029
2022,vw_50,SG1M77906915,CAPITALAND ASCENDAS REIT,SG,0.0033477624863365433,0.5291792225484236,0.05711487301537449
2022,vw_50,JP3732200005,NIPPON TELEVISION HDG.,JP,0.0033290178648941746,0.2759365681718643,0.3548026095623981
2022,vw_50,JP3351600006,SHISEIDO,JP,0.0032441152333959494,2.642490253109722,1.1426124884601492
2022,vw_50,JP3973400009,RICOH,JP,0.003243361831382638,7.430909405041203,17.876948645711693
2022,vw_50,HK0291001490,CHINA RESOURCES BEER HOLDINGS,HK,0.003242708635271645,39.0453753652289,8.359387447262403
2022,vw_50,BMG668971101,CTF SERVICES,HK,0.0032244292747391923,4.8937872820749435,4.893275768411893
2022,vw_50,JP3173400007,OBIC,JP,0.0032161478757885254,0.20285109819163447,0.009395541454212997
2022,vw_50,JP3358000002,SHIMANO,JP,0.003214471114504624,3.798689548391742,0.844930880296182
2022,vw_50,JP3854600008,HONDA MOTOR,JP,0.003076114445660049,9.279063705355876,21.71194574409365
2022,vw_50,JP3890310000,MS&AD INSURANCE GP.HDG.,JP,0.0030182469530461165,0.43494358101041863,0.8602428287821282
2022,vw_50,SG1T75931496,SINGAPORE TELECOM,SG,0.003015057443452062,0.5368305497172001,0.21232042853664476
2022,vw_50,JP3762800005,NOMURA RESEARCH INST.,JP,0.003014864514968367,0.19260589809337497,0.04535569066511853
2022,vw_50,JP3942400007,ASTELLAS PHARMA,JP,0.002991760937707596,5.600625811084335,2.0110011306770263
2022,vw_50,JP3475350009,DAIICHI SANKYO,JP,0.0029235425802989316,9.884570374149867,2.125800399932473
2022,vw_50,JP3900000005,MITSUBISHI HEAVY INDS.,JP,0.002877288462518579,5.227642747663702,18.801353257636812
2022,vw_50,HK2388011192,BOC HONG KONG HOLDINGS,HK,0.0028184718343096313,0.04492733296896615,0.01412820498330046
2022,vw_50,BMG8403G1033,SINOFERT HOLDINGS,HK,0.0027602661389673692,423.19932208162896,1583.9328767415564
2022,vw_50,JP3134800006,IHI,JP,0.0026918427213144555,6.325745686519587,20.252023784390154
2022,vw_50,JP3933800009,LY,JP,0.0026721940269481643,0.2852655403597075,0.09060675111608718
2022,vw_50,JP3670800006,NISSAN CHEMICAL,JP,0.002623182027521088,128.80180332658128,30.48773641717616
2022,vw_50,JP3486800000,DAITO TST.CONSTRUCTION,JP,0.0025987893691874395,3.071304633147681,5.355001160868098
2022,vw_50,JP3837800006,HOYA,JP,0.002578653984698469,2.8453504040130824,0.3270013607344124
2022,vw_50,JP3890350006,SUMITOMO MITSUI FINL.GP.,JP,0.0025412600916636715,0.5449738287684858,0.3750885797908465
2022,vw_50,AU000000MGR9,MIRVAC GROUP STAPLED UNITS,AU,0.002333880052996799,4.774323587235771,0.9682877275476159
2022,vw_50,JP3304200003,KOMATSU,JP,0.002320501146332415,5.228992459027656,5.181462832271835
2022,vw_50,JP3899600005,MITSUBISHI ESTATE,JP,0.0022989180350617066,10.349368010642154,6.049345718707152
2022,vw_50,JP3942600002,YAMAHA,JP,0.0022821581806109813,6.818392955918237,2.786731442690868
2022,vw_50,JP3294460005,INPEX,JP,0.002259078305744613,582.7451183719983,435.75455861548426
2022,vw_50,JP3830000000,BROTHER INDUSTRIES,JP,0.0022411823674090598,3.0630248932239645,3.723151136270995
2022,vw_50,JP3452000007,TAIYO YUDEN,JP,0.0022217090512679336,14.718303381028441,6.5514114569296815
2022,vw_50,HK0293001514,CATHAY PACIFIC AIRWAYS,HK,0.0022022188337169207,914.6030654073699,999.5443097572642
2022,vw_50,KYG210961051,CHINA MENGNIU DAIRY,HK,0.002176741647979147,18.575300107878782,10.872676967067402
2022,vw_50,JP3419050004,SEGA SAMMY HDG.,JP,0.0021705908533118483,2.649719089931067,1.499433112605321
2022,vw_50,IE00BKVD2N49,SEAGATE TECHNOLOGY HOLDINGS,SG,0.0021311404420512217,27.283340292275575,13.520762351862283
2022,vw_50,JP3229400001,KANSAI PAINT,JP,0.0020988539779406533,19.64704141419311,12.606642345667554
2022,vw_50,JP3560800009,TOKAI CARBON,JP,0.0020825037997600575,891.7433316997962,839.8150575760225
2022,vw_50,JP3385980002,J S R DEAD - DELIST.25/06/24,JP,0.002081181944362239,118.41997894313651,48.16078417088579
2022,vw_50,AU000000WES1,WESFARMERS,AU,0.0020728915933963597,103.81942503317336,57.91055882958499
2022,vw_50,JP3762600009,NOMURA HDG.,JP,0.002068976766650852,0.15542350481618988,0.12630572813545438
2022,vw_50,SG9999000020,FLEX,SG,0.002019239363168686,3.2180838600010744,10.503329285361437
2022,vw_50,JP3209000003,CASIO COMPUTER,JP,0.0019991088246935156,1.5585401690185288,1.0251277319001022
2022,vw_50,AU000000ERA9,ENERGY RES.OF AUS.,AU,0.0019048608145039718,825.674499564839,133.21319915750058
2022,vw_50,HK0270001396,GUANGDONG INVESTMENT,HK,0.0018861293085306397,697.9516596632153,285.2798408303237
2022,vw_50,JP3148800000,IBIDEN,JP,0.0018387851124612468,53.279017849344406,22.864168100362452
2022,vw_50,BMG2178K1009,CKI HOLDINGS,HK,0.0018308691660613317,8102.955714048764,472.2098318569073
2022,vw_50,JP3951600000,UNI CHARM,JP,0.0018201219948159842,4.618341568157879,1.265787291655818
2022,vw_50,BMG507361001,JARDINE MATHESON HDG.,HK,0.0017887794278361928,135.28627375620454,115.11897268573827
2022,vw_50,JP3783420007,HIKARI TSUSHIN,JP,0.001754463321260272,0.22027780211970865,0.1954126828333242
2022,vw_50,JP3266400005,KUBOTA,JP,0.001749112709774941,15.726432560839163,11.896461393619242
2022,vw_50,AU0000224040,WOODSIDE ENERGY GROUP,AU,0.0017403851670765185,1441.729267209635,534.8810679503067
2022,vw_50,JP3596200000,TOTO,JP,0.0017276264957713306,33.67683103886038,25.158848688260452
2022,vw_50,JP3684400009,NITTO BOSEKI,JP,0.0017174984650589287,196.9697179865256,148.34315323220926
2022,vw_50,HK0016000132,SUN HUNG KAI PROPERTIES,HK,0.0017073716537531329,4.43984327653794,1.2830476597054004
2022,vw_50,JP3967200001,RAKUTEN GROUP,JP,0.0016644340361802754,0.11869687294618698,0.12617872257962817
2022,vw_50,HK0066009694,MTR,HK,0.0016537974780644871,8.129772561526407,1.4717134751196466
2022,vw_50,HK0392044647,BEIJING ENTERPRISES HOLDINGS,HK,0.0016402320914396184,57.77484328173033,138.95135563400794
2022,vw_50,HK0000055878,CHINA TAIPING INSURANCE HLDGS,HK,0.001618230894078759,0.1360113576639338,1.1092481119853381
2022,vw_50,JP3368000000,RESONAC HOLDINGS,JP,0.0016033569848486011,272.92642396762983,855.2965507837062
2022,vw_50,JP3407200009,OSAKA TITANIUM,JP,0.0015967807589418997,166.10957709635227,141.77943166441136
2022,vw_50,JP3546800008,TERUMO,JP,0.0015868565574586838,11.073639946494655,2.3504296857785025
2022,vw_50,HK0008011667,PCCW,HK,0.0015738429555481911,0.8742273894473335,1.0662915628696426
2022,vw_50,JP3539220008,T & D HOLDINGS,JP,0.0015616940416223741,0.09253892673907498,0.2060070996670207
2022,vw_50,JP3733000008,NEC,JP,0.001553753213505088,0.826243382682472,1.8085724690877971
2022,vw_50,JP3771800004,HAMAMATSU PHOTONICS,JP,0.0015441989587945799,7.153829301595712,1.3062736720675125
2022,vw_50,US89677Q1076,TRIP COM GROUP ADR 1:1,SG,0.0015236205577959737,0.006108217030737834,0.001126891546771337
2022,vw_50,AU000000FLT9,FLIGHT CENTRE TRAVEL GP.,AU,0.0014979509934885528,133.5541428495112,20.931261736457472
2022,vw_50,KYG217651051,CK HUTCHISON HOLDINGS,HK,0.0014684760671751364,218.42454260638223,289.8142492261459
2022,vw_50,HK0019000162,SWIRE PACIFIC 'A',HK,0.0014570893815305202,10.299482339434718,21.981927192193485
2022,vw_50,JP3491000000,DAIDO STEEL,JP,0.0014480752019929031,93.76022385419687,254.56164845216887
2022,vw_50,JP3780100008,PARK24,JP,0.0014230538950217922,77.22867913056427,70.38843357967016
2022,vw_50,JP3456000003,TAKASHIMAYA,JP,0.0014179996465100043,3.1293659783982797,11.826741775680139
2022,vw_50,NZAIAE0002S6,AUCKLAND INTL.AIRPORT,NZ,0.0013918898472641376,10.950221299382548,0.2709012332494765
2022,vw_50,JP3721400004,JAPAN STEEL WORKS,JP,0.0013848498450598735,36.21522989706517,26.17221316260997
2022,vw_50,AU000000LLC3,LENDLEASE GROUP STAPLED UNITS,AU,0.0013747640733082756,3.6228916325697416,4.569659767582173
2022,vw_50,JP3600200004,TOHO GAS,JP,0.0013564917255852545,23.092925931996263,31.903434591581235
2022,vw_50,JP3351100007,SYSMEX,JP,0.0013557089832972793,1.3069500308463597,0.19731411494834666
2022,vw_50,JP3495000006,SUMITOMO PHARMA,JP,0.001318875691489453,4.424349678698094,4.989344189668761
2022,vw_50,HK0012000102,HENDERSON LD.DEV.,HK,0.0013124087988963709,1.7016593911921818,0.2428580951358885
2022,vw_50,JP3131430005,AEON MALL DEAD - DELIST.27/06/25,JP,0.0013083561591195833,6.144729115233974,5.097694894378542
2022,vw_50,JP3389900006,JAFCO GROUP,JP,0.0012340458923232912,0.00610928640625591,0.003209831254585473
2022,vw_50,SG1T58930911,FRASER AND NEAVE,SG,0.0012304906696101131,35.17922037683723,32.71941351868776
2022,vw_50,JP3409000001,SUMITOMO REAL.&DEV.,JP,0.0012064175233408912,5.441303973870858,2.984876175125399
2022,vw_50,JP3283650004,KOSE HOLDINGS,JP,0.001206304959246407,2.442838217225071,1.0664757639576796
2022,vw_50,JP3404600003,SUMITOMO,JP,0.0012038870148381338,35.00325793740981,82.43725411220011
2022,vw_50,BMG4600H1198,HOPSON DEVELOPMENT HOLDINGS,HK,0.0011823732820504392,0.26042227967121373,0.20704977258798105
2022,vw_50,AU000000DXS1,DEXUS STAPLED UNITS,AU,0.00116940060012341,19.810216757667845,1.623730585899088
2022,vw_50,JP3160400002,EISAI,JP,0.001165810180300829,7.466680016642543,3.051617946404214
2022,vw_50,JP3122400009,ADVANTEST,JP,0.0011347542934261072,1.0980320045584433,0.21937021443877203
2022,vw_50,JP3494600004,SCREEN HOLDINGS,JP,0.001113820932248201,3.192651600988931,2.1181620433355626
2022,vw_50,JP3443600006,TAISEI,JP,0.0011082284300916387,18.548336055270106,32.933515968722574
2022,vw_50,JP3421800008,SECOM,JP,0.0010459537440501692,6.414925352628837,3.527924476935135
2022,vw_50,JP3634600005,TOYOTA INDS.,JP,0.0010026666349974732,16.365739122562722,14.113167570214376
2022,vw_50,AU000000MAH3,MACMAHON HOLDINGS,AU,0.0010007174199394594,14.072987865130068,57.959074187614966
2022,vw_50,HK0010000088,HANG LUNG GROUP,HK,0.0009676709837524073,2.809232983901427,1.3042011023840876
2022,vw_50,JP3526600006,CHUBU ELEC.POWER,JP,0.0009292086402380608,11.656528221361443,35.83782190991699
2022,vw_50,AU000000IVC8,INVOCARE DEAD - DELIST.27/11/23,AU,0.0009284634428088313,14.418354089425483,4.634620444957516
2022,vw_50,AU000000SBM8,ST BARBARA,AU,0.0008889771468103116,287.12416436967334,215.70319240724763
2022,vw_50,JP3573000001,TOKYO GAS,JP,0.0008866253791394639,183.05376356392028,353.42561604927477
2022,vw_50,JP3888300005,MITSUI CHEMICALS,JP,0.0008801596518986785,281.5875332917025,682.0710156292744
2022,vw_50,JP3305800009,KOMORI,JP,0.0008700404920223456,6.8087758765465365,14.025791982057752
2022,vw_50,SG1J26887955,SINGAPORE EXCHANGE,SG,0.0008697971279235811,0.04463807449201872,0.004728030194551688
2022,vw_50,AU000000MTS0,METCASH,AU,0.0008661250552015591,1.4203647129408419,5.1562875861385855
2022,vw_50,AU000000CQR9,CHARTER HALL RETAIL REIT,AU,0.0008534194599559894,2.334904304845106,0.193339599519328
2022,vw_50,JP3585800000,TOKYO ELECTRIC POWER CO. HDG.,JP,0.0008469097892624503,4.40944565817634,43.135779960774066
2022,vw_50,AU000000QBE9,QBE INSURANCE GROUP,AU,0.0008273198900524602,0.4361682711551029,0.5818882716159456
2022,vw_50,JP3688370000,NIPPON EXPRESS HOLDINGS,JP,0.0008100375532274944,26.56679756572229,103.04958836785306
2022,vw_50,AU000000IGO4,IGO,AU,0.0008026966540637254,148.4896255054685,9.493184174641497
2022,vw_50,AU000000SHL7,SONIC HEALTHCARE,AU,0.0007961282803359816,5.535224818639278,2.7307222270536484
2022,vw_50,AU000000SWM4,SEVEN WEST MEDIA DEAD - DELIST.08/01/26,AU,0.0007544415729884163,2.417788313353875,3.252282298778414
2022,vw_50,JP3190000004,OBAYASHI,JP,0.0007341796406860902,8.990110179974458,25.08333689656647
2022,vw_50,SG1N31909426,COMFORTDELGRO CORPORATION,SG,0.0007323078952411206,318.07414320131795,381.79906178845437
2022,vw_50,HK0308001558,CTII.INTL.INV.HK.,HK,0.0007267647650920992,25.163716927599644,10.36204879164577
2022,vw_50,AU000000JBH7,JB HI-FI,AU,0.0007090877042973267,0.08343288703620154,0.13468136940633416
2022,vw_50,JP3386030005,JFE HOLDINGS,JP,0.0006925921317218205,1481.9737594701764,6446.059892466307
2022,vw_50,JP3939000000,YAMADA HOLDINGS,JP,0.0006885026142193765,3.647514645459512,15.959625159596252
2022,vw_50,JP3407400005,SUMITOMO ELECTRIC IND.,JP,0.000686947125249635,11.906156163088097,32.354339443241244
2022,vw_50,JP3783600004,EAST JAPAN RAILWAY,JP,0.0006843159520617975,88.98836203129433,64.97820863254866
2022,vw_50,JP3982100004,LAWSON DEAD - DELIST.24/07/24,JP,0.0006756194671676683,0.6952442972586517,0.9736218035648467
2022,vw_50,JP3598600009,TOHO,JP,0.0006527502114598988,2.8425152849911246,0.7396191517312438
2022,vw_50,JP3381000003,NIPPON STEEL,JP,0.0006048048682509577,1290.3677829557635,4513.180187347197
2022,vw_50,JP3711200000,AOZORA BANK,JP,0.0006037467225343444,0.09192850970514348,0.0393412134976127
2022,vw_50,JP3778630008,BANDAI NAMCO HDG.,JP,0.00060359933920715,0.7674746993099238,0.3408217742049594
2022,vw_50,JP3165700000,NTT DATA GROUP DEAD - DELIST.26/09/25,JP,0.000603151074128924,1.1170577060290836,0.8903455573047047
2022,vw_50,JP3027680002,JAPAN REAL ESTATE INV.,JP,0.0006001036908993541,4.794219550098082,0.4010613273518231
2022,vw_50,AU000000SIG5,SIGMA HEALTHCARE,AU,0.0005877915618382479,0.010646024419614236,0.07533061771106522
2022,vw_50,JP3143600009,ITOCHU,JP,0.0005543451839898036,14.313457194288114,28.79775453080052
2022,vw_50,JP3551520004,DENTSU GROUP,JP,0.0005487298560976599,0.34426237281813055,0.3118714482500547
2022,vw_50,JP3613000003,TOYO SUISAN KAISHA,JP,0.000544347982838026,51.31634288204061,37.70778394777597
2022,vw_50,JP3131400008,AEON FINANCIAL SERVICE,JP,0.0005326533591705558,0.8019780842399513,1.439290203582675
2022,vw_50,JP3830800003,BRIDGESTONE,JP,0.0005206632772692264,63.22274896882428,56.76097932622123
2022,vw_50,JP3421100003,JAPAN PETROLEUM EXP.,JP,0.000515968097417519,242.4968243421289,409.1610720906358
2022,vw_50,JP3885400006,MISUMI GROUP,JP,0.000489013107920479,2.511025053347032,0.8508409324865273
2022,vw_50,JP3402600005,SUMITOMO METAL MINING,JP,0.0004723740731473041,173.6641859719788,133.10805825452556
2022,vw_50,HK0004000045,WHARF HOLDINGS,HK,0.0004694416382050462,5.692719232900337,1.5671213229548855
2022,vw_50,JP3818000006,FUJITSU,JP,0.0004610398593692757,2.220006655579953,2.482926334413288
2022,vw_50,JP3502200003,DAIWA SECURITIES GROUP,JP,0.0004584018610936175,0.16842500726487322,0.09193886932537687
2022,vw_50,JP3582600007,TOKYO TATEMONO,JP,0.0004524633566443955,6.12634297239517,5.811355632400044
2022,vw_50,AU000000SUN6,SUNCORP GROUP,AU,0.0004456651133649901,0.1539620379305387,0.15290322900305706
2022,vw_50,JP3357200009,SHIMADZU,JP,0.0004331100964430554,0.6061554368467378,0.20634451899096334
2022,vw_50,BMG988031446,YUE YUEN INDL.HDG.,HK,0.0004158890263594554,5.8743092840286115,18.394525789125158
2022,vw_50,JP3768600003,HASEKO,JP,0.00038085941500133873,5.252200178528365,10.55352092483741
2022,vw_50,JP3463000004,TAKEDA PHARMACEUTICAL,JP,0.00037914903566430415,10.429577807389858,6.871106735250169
2022,vw_50,JP3789000001,KANADEVIA,JP,0.00035942234747922587,66.14804142501329,221.08499000273054
2022,vw_50,JP3663900003,SOJITZ,JP,0.0003591284721380689,41.46144247669977,180.55329027351823
2022,vw_50,JP3977400005,RINNAI,JP,0.00035205830216984224,11.03392084103522,8.105992945230813
2022,vw_50,AU000000OZL8,OZ MINERALS DEAD - DELIST.03/05/23,AU,0.0003506811357145913,63.89256548205941,16.085416094016388
2022,vw_50,JP3300200007,KONAMI GROUP,JP,0.00034644449671742344,13.91812186962155,4.531950718530673
2022,vw_50,JP3894900004,ISETAN MITSUKOSHI HDG.,JP,0.00033042241899695343,3.80743529460683,5.416254617263869
2022,vw_50,JP3579800008,TOKYO STEEL MNFG.,JP,0.00032989878235653044,159.08689960669318,208.14798531009154
2022,vw_50,JP3305530002,COMSYS HOLDINGS,JP,0.0003237511627529623,18.66284818244486,28.294609430146565
2022,vw_50,AU000000TAH8,TABCORP HOLDINGS,AU,0.00032339988983519504,0.7971247843307484,0.40298840899188715
2022,vw_50,JP3820000002,FUJI ELECTRIC,JP,0.00032269987822945614,18.91083620290483,18.941065701591786
2022,vw_50,JP3711600001,NIPPON SANSO HOLDINGS,JP,0.0003160759426212061,135.52596980551212,124.13096902092984
2022,vw_50,JP3548610009,DENA,JP,0.00031260212915908137,0.011166610117807738,0.006341463414634147
2022,vw_50,JP3877600001,MARUBENI,JP,0.00030650636609927547,14.633304915230909,55.53080811060634
2022,vw_50,AU000000SXL4,SOUTHERN CROSS MEDIA GROUP,AU,0.00030432049403046754,0.5060929886248314,0.5258086717136958
2022,vw_50,JP3528600004,CHIYODA CORPORATION,JP,0.0002865601412876504,23.86365611995404,80.91289086573244
2022,vw_50,JP3493800001,DAI NIPPON PRINTING,JP,0.00027607009783431997,29.3318352056115,44.928179837375566
2022,vw_50,JP3791200003,HITACHI TRANSPORT SYSTEM DEAD - DELIST.24/02/23,JP,0.0002667241802241432,6.355565656950661,10.359762629787864
2022,vw_50,AU000000ANN9,ANSELL,AU,0.0002637610520103676,67.66626490852506,57.283906747718824
2022,vw_50,HK0000608585,NEW WORLD DEVELOPMENT COMPANY,HK,0.0002422282672720173,5.255050901666262,4.4943359214726994
2022,vw_50,HK0144000764,CHINA MERCHANTS PORT HOLDINGS,HK,0.00022674945887454784,46.421327608930696,10.119163675149958
2022,vw_50,AU000000IRE2,IRESS,AU,0.0002266307338275669,0.16960451524909487,0.046052294939364476
2022,vw_50,AU0000088338,AMPOL,AU,0.00021140178629714182,47.20681328276794,140.48548902357527
2022,vw_50,JP3224200000,KAWASAKI HEAVY INDUSTRY,JP,0.00021136263724028432,10.320732124136853,41.43825514079573
2022,vw_50,JP3868400007,MAZDA MOTOR,JP,0.0002050249239639011,3.5968748719540358,19.667318188822474
2022,vw_50,JP3659000008,WEST JAPAN RAILWAY,JP,0.00020370693681409776,16.292764337526034,13.502685606006638
2022,vw_50,JP3205800000,KAO,JP,0.00020280888256588156,47.974744159558675,24.791501389990735
2022,vw_50,JP3635000007,TOYOTA TSUSHO,JP,0.0002027479888287879,7.072179608476667,32.29390256994823
2022,vw_50,JP3625000009,TOKUYAMA,JP,0.00020026265899154722,2657.571052654175,5853.226624487445
2022,vw_50,JP3242800005,CANON,JP,0.00019691346981662636,5.206316307280989,5.004314252870613
2022,vw_50,JP3143900003,ITOCHU TECHNO-SOLUTIONS DEAD - DELIST.01/12/23,JP,0.0001946419577784854,0.058995628694122754,0.041892451523877904
2022,vw_50,BMG5320C1082,KUNLUN ENERGY,HK,0.00019320483326300307,21.45973205006333,51.575332037722
2022,vw_50,SG1R89002252,CITY DEVELOPMENTS,SG,0.00019169025884359202,0.92336292987831,0.3782216643855632
2022,vw_50,JP3765400001,HOUSE SHOKUHIN GP.HONSHA K K,JP,0.00018206333323040648,25.77071103859164,21.92334603125243
2022,vw_50,JP3137200006,ISUZU MOTORS,JP,0.00018154852875492013,6.1461835153632025,12.934233089677376
2022,vw_50,SG1V61937297,SINGAPORE AIRLINES,SG,0.00017958863165495442,2095.858561395011,705.0711143741473
2022,vw_50,AU000000ILU1,ILUKA RESOURCES,AU,0.0001786202563131436,378.9969095097616,133.00140899354895
2022,vw_50,HK0000139300,TELEVISION BROADCASTS,HK,0.00017535682952378543,1.4932339600624847,2.0502048802096793
2022,vw_50,HK0363006039,SHANGHAI INDUSTRIAL HOLDINGS,HK,0.00017018072459733735,47.96355209304841,148.64407931234376
2022,vw_50,JP3726200003,NIPPON SODA,JP,0.00016881808935811563,47.03510717155547,72.67969295184926
2022,vw_50,JP3420600003,SEKISUI HOUSE,JP,0.0001676086836362977,2.3376157300241793,3.8059543691121958
2022,vw_50,JP3638600001,DOWA HDG.,JP,0.00015957353074668473,152.8873412930135,379.16194629103165
2022,vw_50,NZCENE0001S6,CONTACT ENERGY,NZ,0.00015093853651831218,461.21661369719124,188.82742699166545
2022,vw_50,SG0531000230,VENTURE CORPORATION,SG,0.00014722201883063399,1.255177498753063,0.7599430699179136
2022,vw_50,AU000000BPT9,BEACH ENERGY,AU,0.00014603634584006096,489.55194885015135,232.08416025168202
2022,vw_50,JP3156400008,USHIO,JP,0.00014535389336249024,3.341464753821898,2.1246882793017456
2022,vw_50,HK0836012952,CHINA RESOURCES POWER,HK,0.0001437706782654897,13241.034425628972,13064.476490832072
2022,vw_50,JP3223800008,KAWASAKI KISEN KAISHA,JP,0.0001347241460354609,1055.8778725857096,1113.489816421591
2022,vw_50,JP3436120004,SBI HDG.,JP,0.00013308555681967537,0.21037098169561927,0.19888081695768997
2022,vw_50,JP3196000008,ODAKYU ELECTRIC RY.,JP,0.0001304885924388175,24.05732861408737,12.191906707529874
2022,vw_50,HK0002007356,CLP HOLDINGS,HK,0.00012802708441471755,4097.363173541027,1747.9278970337773
2022,vw_50,JP3352000008,77 BANK,JP,0.00011831368840099428,1.4434185758140277,1.438018772787216
2022,vw_50,JP3493400000,DIC,JP,0.00011687659555343016,45.68557449332423,139.63783518639633
2022,vw_50,JP3566800003,CENTRAL JAPAN RAILWAY,JP,0.00011603053800471669,8.95659457659276,2.509702119567158
2022,vw_50,JP3126400005,ALPS ALPINE,JP,0.00011555113130051087,6.468963597681159,18.206246092569362
2022,vw_50,JP3210200006,KAJIMA,JP,0.0001112283016850769,14.007568889795536,38.81052858355827
2022,vw_50,JP3258000003,KIRIN HOLDINGS,JP,0.00010714045066090397,22.700963713462905,24.310719127964532
2022,vw_50,JP3870400003,MARUI GROUP,JP,0.00010378929804529903,5.768625572962988,2.6289402926254986
2022,vw_50,HK0000049939,CHINA UNICOM (HONG KONG),HK,9.79905198475031e-05,2.755771574802792,8.676042163086043
2022,vw_50,AU000000COH5,COCHLEAR,AU,9.506804222157142e-05,0.22503420340581648,0.02699026307441678
2022,vw_50,JP3753000003,NIPPON YUSEN KK,JP,9.348386932174106e-05,678.2452951117393,923.0394858402963
2022,vw_50,JP3203500008,ONWARD HOLDINGS,JP,8.332562935006884e-05,1.0573026731443758,3.8263483381378274
2022,vw_50,JP3522200009,CHUGOKU ELEC.POWER,JP,7.841638727164343e-05,1869.4490740090455,6297.577979527714
2022,vw_50,JP3788600009,HITACHI,JP,7.723371576260577e-05,14.388794867618838,24.79721927497617
2022,vw_50,HK0000745908,YUEXIU PROPERTY COMPANY,HK,7.684811233465345e-05,0.2019499241658667,0.5720548364178553
2022,vw_50,JP3166000004,EBARA,JP,7.459725396920091e-05,28.825707068992624,32.36108154140941
2022,vw_50,JP3605400005,TOHOKU ELECTRIC PWR.,JP,7.41191048130421e-05,1750.635649055569,10197.676116958628
2022,vw_50,JP3544000007,TEIJIN,JP,7.388120164378352e-05,96.39578657772549,310.3024441354853
2022,vw_50,JP3300600008,KONICA MINOLTA,JP,7.025752509404366e-05,19.97959777574272,78.46155365111962
2022,vw_50,BMG684371393,PACIFIC BASIN SHIP.,HK,6.595580671402224e-05,874.2119613242153,1271.9287484358515
2022,vw_50,AU000000AMP6,AMP,AU,5.713350342810779e-05,0.01340933187772724,0.01312062834236696
2022,vw_50,JP3322930003,SUMCO,JP,5.686832485594269e-05,9.542176590927912,4.19203722529056
2022,vw_50,JP3619800000,TOYOBO,JP,5.6390638922327135e-05,223.77434594954448,712.5820211597272
2022,vw_50,BMG524401079,KERRY PROPERTIES,HK,5.499506827590357e-05,2.15089630849243,1.0302473811501263
2022,vw_50,SGXE34184239,SEATRIUM,SG,5.142178311381675e-05,39.01096753742092,28.224341151028657
2022,vw_50,JP3574200006,TOKYU,JP,4.9230072581938535e-05,18.584195694039128,17.641000031211963
2022,vw_50,BMG2442N1048,COSCO SHIPPING PORTS,HK,4.837784234726746e-05,70.4417597371347,32.188287929629
2022,vw_50,JP3404200002,SUMITOMO RUBBER INDS.,JP,4.81854027261036e-05,46.07384819045878,138.82649266097613
2022,vw_50,JP3787000003,HITACHI CON.MCH.,JP,4.7467586422180175e-05,11.650463337501352,17.571941523013678
2022,vw_50,KYG5427W1309,LEE & MAN PAPER MNFG.,HK,4.6343836485095315e-05,1133.7508339056508,1599.511197537962
2022,vw_50,JP3613400005,TOYO SEIKAN GROUP HDG.,JP,4.112399366381872e-05,56.767973074623136,160.14127751801087
2022,vw_50,AU000000CWY3,CLEANAWAY WASTE MANAGEMENT,AU,3.767689874663689e-05,673.1116976773059,289.8005094167736
2022,vw_50,JP3165600002,NTN,JP,3.709223757714013e-05,19.20409880690007,101.21360845611053
2022,vw_50,HK0165000859,CHINA EVERBRIGHT,HK,3.67591397846738e-05,0.02496949928252198,0.00415625411021965
2022,vw_50,SG2B80958517,OUE,SG,3.674132868652761e-05,9.7490927012859,2.3346566523605152
2022,vw_50,JP3116000005,ASAHI GROUP HOLDINGS,JP,3.5846684910223556e-05,25.17013888391511,23.209255020652463
2022,vw_50,JP3845400005,HOKURIKU ELEC.POWER,JP,3.4963627219444565e-05,3506.7039543694823,19000.16204829039
2022,vw_50,NZTELE0001S4,SPARK NEW ZEALAND,NZ,3.2063086842723545e-05,0.9769486253525582,0.4326177752649146
2022,vw_50,AU000000TCL6,TRANSURBAN GROUP STAPLED UNITS,AU,3.090122542320891e-05,2.6918378904117244,0.1890518975995046
2022,vw_50,JP3796150005,HIROGIN HOLDINGS,JP,2.861830882602663e-05,1.266595006726465,0.8149643718217894
2022,vw_50,JP3459600007,TAKARA HDG.,JP,2.6707365122703004e-05,32.79579245284491,42.73689774881697
2022,vw_50,JP3629000005,TOPPAN HOLDINGS,JP,2.651093453000072e-05,28.645200955209216,56.40268281140359
2022,vw_50,JP3243600008,CANON MARKETING JAPAN,JP,2.3037154910688484e-05,1.2467551627308684,2.1752726773170794
2022,vw_50,JP3676800000,NISSHIN SEIFUN,JP,2.2879336653277045e-05,14.66534951364756,19.96522336674026
2022,vw_50,JP3841800000,HOKUETSU,JP,2.1175908776463177e-05,305.2424949623766,545.7157302559247
2022,vw_50,JP3902000003,MITSUBISHI LOGISTICS,JP,1.724236518993326e-05,3.1313802930735126,3.1321677006956197
2022,vw_50,JP3228600007,KANSAI ELECTRIC PWR.,JP,1.7067187907946115e-05,951.4875062777721,2702.201912037195
2022,vw_50,SG1R50925390,SEMBCORP INDUSTRIES,SG,1.5991257600703087e-05,4362.2549852749535,8343.24848957834
2022,vw_50,JP3240400006,KIKKOMAN,JP,1.550538928332349e-05,25.453043780595213,7.813603462755272
2022,vw_50,JP3172100004,OKUMA,JP,1.4514168947291316e-05,5.563009024356587,5.363835211836661
2022,vw_50,NZFBUE0001S0,FLETCHER BUILDING,NZ,1.2191725092920735e-05,145.79333821885032,224.76750876536596
2022,vw_50,JP3122800000,AMADA,JP,9.625728706933579e-06,3.1195717267596934,2.2929158023358247
2022,vw_50,JP3667600005,JGC HOLDINGS,JP,9.536082914569822e-06,22.409466581439137,34.47848234398424
2022,vw_50,AU000000RHC8,RAMSAY HEALTH CARE,AU,9.086529353095118e-06,9.007546065747276,7.866865954439343
2022,vw_50,JP3126340003,ALFRESA HOLDINGS,JP,7.999262119987664e-06,1.4648993934393342,9.705984981101757
2022,vw_50,JP3260800002,KINTETSU GROUP HDG.,JP,6.814820327144827e-06,6.35458324375821,7.094004708011396
2022,vw_50,AU000000ORG5,ORIGIN ENERGY (EX BORAL),AU,6.602899446862436e-06,1433.0366843285835,1793.2112644093581
2022,vw_50,JP3756100008,NITORI HOLDINGS,JP,5.71057611888593e-06,4.110495351802995,1.6975611286741923
2022,vw_50,JP3657400002,NIKON,JP,5.4015180658225584e-06,7.478919785269569,8.42252278028602
2022,vw_50,JP3405400007,SUMITOMO HEAVY INDS.,JP,5.205569004107796e-06,5.176213427220774,12.300889772578099
2022,vw_50,SG1U68934629,KEPPEL,SG,5.109882277149785e-06,4.597372090857324,3.8547965487647486
2022,vw_50,JP3826800009,FURUKAWA,JP,4.806095734788709e-06,2.5581356574098995,9.463180386369142
2022,vw_50,AU000000CGF5,CHALLENGER,AU,1.9743013740159064e-06,0.019230450972279687,0.014149187474124766
2022,vw_50,JP3164800009,NOK,JP,1.9559764378031117e-06,7.031639634299858,21.740974844101302
2022,vw_50,JP3040890000,JAPAN PRIME REALTY INV.,JP,1.5182696805366064e-06,3.966645434014709,0.37851810010314846
2022,vw_50,JP3263000006,KINDEN,JP,1.3966074817704601e-06,3.484231004046408,5.92723941452852
2022,vw_50,AU000000SGP0,STOCKLAND STAPLED UNITS,AU,1.080359567853186e-06,2.069399667262596,0.565182061915101
2023,vw,JP3633400001,TOYOTA MOTOR,JP,0.040337642382979065,8.55329089274602,9.918284633928042
2023,vw,AU000000BHP4,BHP GROUP,AU,0.02967955937831923,130.05612490785322,45.50208220372044
2023,vw,AU000000CBA7,COMMONWEALTH BK.OF AUS.,AU,0.022220175116968603,0.30295864785305365,0.059949187157092694
2023,vw,JP3435000009,SONY GROUP,JP,0.01905081727779342,2.749543650469882,2.038041190761896
2023,vw,JP3735400008,NTT,JP,0.018305580933358455,1.6643665154843688,1.5308171003705129
2023,vw,AU000000CSL8,CSL,AU,0.017615143762158555,11.145770328770501,1.2937379251126988
2023,vw,JP3902900004,MITSUBISHI UFJ FINL.GP.,JP,0.015822873852174915,0.49736336230639233,0.33127522558262823
2023,vw,JP3436100006,SOFTBANK GROUP,JP,0.014312115239308741,0.2980497141485127,0.17842171736829912
2023,vw,JP3496400007,KDDI,JP,0.012164666940814462,2.020724688487329,1.2264991423956304
2023,vw,AU000000NAB4,NATIONAL AUS.BANK,AU,0.011881808538150773,0.41838734664367355,0.10783455706849128
2023,vw,SG1L01001701,DBS GROUP HOLDINGS,SG,0.011712209975603545,0.03446887753521704,0.008388472163748743
2023,vw,JP3802300008,FAST RETAILING,JP,0.011151442685892125,0.5134459118198815,0.14468872925057202
2023,vw,JP3475350009,DAIICHI SANKYO,JP,0.010342026384361961,9.340830963172325,1.403853668585024
2023,vw,JP3198900007,ORIENTAL LAND,JP,0.010218486001919035,22.024606980823126,1.2367924015555969
2023,vw,JP3371200001,SHIN-ETSU CHEMICAL,JP,0.010187305066399812,104.71283274880324,37.217669345366716
2023,vw,JP3890350006,SUMITOMO MITSUI FINL.GP.,JP,0.010114244003692216,0.3537550495234726,0.2510394746680624
2023,vw,AU000000WBC1,WESTPAC BANKING,AU,0.009890165319223501,0.34571397684343586,0.11195224645265507
2023,vw,JP3571400005,TOKYO ELECTRON,JP,0.009813954257832625,1.2749408123215842,0.3784228779335084
2023,vw,HK0388045442,HONG KONG EXCHANGES AND CLEARING,HK,0.009617285288594573,0.1320814337072736,0.005055204411929651
2023,vw,JP3756600007,NINTENDO,JP,0.009531170131665219,0.1340907827806957,0.03089573910138811
2023,vw,AU000000ANZ3,ANZ GROUP HOLDINGS,AU,0.009062784234205947,0.3012399102894397,0.115206450518131
2023,vw,AU000000MQG1,MACQUARIE GROUP,AU,0.008823986986757851,0.02947332319757232,0.007365370591012641
2023,vw,JP3481800005,DAIKIN INDUSTRIES,JP,0.008707617662410624,18.51704156849024,10.604414809811662
2023,vw,JP3788600009,HITACHI,JP,0.008642193574002687,5.705547477030776,9.571297670678211
2023,vw,JP3143600009,ITOCHU,JP,0.008501777233983793,10.892717929397831,23.151949261093428
2023,vw,JP3463000004,TAKEDA PHARMACEUTICAL,JP,0.008433780477840958,9.016203321699502,5.544421121402206
2023,vw,JP3898400001,MITSUBISHI,JP,0.0083302339777157,118.32967604422984,395.5276478243548
2023,vw,AU0000224040,WOODSIDE ENERGY GROUP,AU,0.008061461099710794,531.7145848933534,191.91876465042725
2023,vw,JP3893600001,MITSUI,JP,0.007960367412065069,27.171067249693053,63.74624329773779
2023,vw,JP3854600008,HONDA MOTOR,JP,0.007621173663174996,8.534000302776935,24.143674800205552
2023,vw,SG1S04926220,OVERSEA-CHINESE BKG.,SG,0.007503008198099468,0.006806763929251455,0.0031948587073736662
2023,vw,JP3519400000,CHUGAI PHARM.,JP,0.007276184659472651,4.89053042246006,1.1134092372296431
2023,vw,JP3551500006,DENSO,JP,0.007234164419802654,11.831625022273139,13.207687620919764
2023,vw,JP3910660004,TOKIO MARINE HOLDINGS,JP,0.007222994247622984,0.2676351257943177,0.31228629936762137
2023,vw,HK0016000132,SUN HUNG KAI PROPERTIES,HK,0.006923752813222297,2.4339193313741365,0.4920149964610517
2023,vw,JP3726800000,JAPAN TOBACCO,JP,0.006913077254983783,16.278992811406408,8.22875787786462
2023,vw,AU000000WES1,WESFARMERS,AU,0.006807027299313348,28.59363574837614,20.97707171119606
2023,vw,JP3914400001,MURATA MANUFACTURING,JP,0.006655179131275604,19.125998382549092,6.6964234757329475
2023,vw,JP3837800006,HOYA,JP,0.006446134684895469,2.3595046564824393,0.34044166806989734
2023,vw,SG1M31001969,UNITED OVERSEAS BANK,SG,0.006445376727012943,0.37980140184697425,0.12571632112138958
2023,vw,JP3802400006,FANUC,JP,0.0060817966539113665,8.984556588021656,1.6099126720703287
2023,vw,HK2388011192,BOC HONG KONG HOLDINGS,HK,0.005996849663696282,0.038698282975544875,0.015426099552952762
2023,vw,JP3162600005,SMC,JP,0.005926582410110247,10.05845173235915,1.8128652305630975
2023,vw,AU000000TLS2,TELSTRA GROUP,AU,0.005709372613445531,1.959440886821348,0.9088368998780353
2023,vw,KYG2108Y1052,CHINA RESOURCES LAND,HK,0.005694740143677753,1.1647821524406692,1.059670539746023
2023,vw,HK0066009694,MTR,HK,0.005633804718988381,8.261252811788236,1.5091569384183907
2023,vw,JP3734800000,NIDEC,JP,0.005625828436148885,16.378165094924245,8.461772741389321
2023,vw,SG1T75931496,SINGAPORE TELECOM,SG,0.00543360761617688,0.5472157172329531,0.19420479953969952
2023,vw,AU000000WOW2,WOOLWORTHS GROUP,AU,0.005290228656817603,10.934655879067723,15.400442652956508
2023,vw,HK0011000095,HANG SENG BANK DEAD - DELIST.28/01/26,HK,0.0052017872950728345,0.022632029336441768,0.004474205412337929
2023,vw,AU000000TCL6,TRANSURBAN GROUP STAPLED UNITS,AU,0.005185375565598638,2.0151707689664384,0.19282362742164894
2023,vw,JP3818000006,FUJITSU,JP,0.0050812297891965515,2.2678236195644237,2.1594505029028
2023,vw,JP3242800005,CANON,JP,0.004995990757302899,5.147980185567935,5.46164240212385
2023,vw,HK0688002218,CHINA OVERSEAS LAND INVESTMENT,HK,0.0048885785031665425,0.3882214306386254,0.35829941759078865
2023,vw,JP3814000000,FUJIFILM HOLDINGS,JP,0.004598954186932333,28.61876620450384,22.574324587220215
2023,vw,AU000000GMG2,GOODMAN GROUP,AU,0.004598608125983741,2.3676823562914446,0.12818776203329577
2023,vw,JP3942400007,ASTELLAS PHARMA,JP,0.0045860840958490915,5.163923143935558,2.1736217704502874
2023,vw,JP3830800003,BRIDGESTONE,JP,0.0045153424855481576,49.326018962524856,59.031689798579634
2023,vw,JP3201200007,OLYMPUS,JP,0.004196210143063285,4.399265709567274,1.1640321898046309
2023,vw,JP3566800003,CENTRAL JAPAN RAILWAY,JP,0.004180461837749071,7.18987123345684,2.8670338354411418
2023,vw,KYG217651051,CK HUTCHISON HOLDINGS,HK,0.004155158874049345,225.15073437653206,306.17057996179466
2023,vw,HK0291001490,CHINA RESOURCES BEER HOLDINGS,HK,0.004141068285083997,33.77885724901672,7.197029788132605
2023,vw,JP3902400005,MITSUBISHI ELECTRIC,JP,0.004128758643927255,7.1848107395381176,11.121110115753583
2023,vw,JP3951600000,UNI CHARM,JP,0.003989041178214299,4.174880004369327,1.2357000515862453
2023,vw,US89677Q1076,TRIP COM GROUP ADR 1:1,SG,0.003974754769395112,0.008407385585571043,0.0010617649931834686
2023,vw,JP3304200003,KOMATSU,JP,0.003921510338275421,4.939934640033523,5.510047442369424
2023,vw,JP3866800000,PANASONIC HOLDINGS,JP,0.0038395664818532387,6.361637914472136,17.84099007820225
2023,vw,JP3933800009,LY,JP,0.0037575534132413386,0.2844240689538803,0.16379861844895377
2023,vw,JP3200450009,ORIX,JP,0.00372062786597549,47.60769073168233,44.5329237805293
2023,vw,JP3404600003,SUMITOMO,JP,0.0037164379963442458,29.635783781433304,69.40570907379717
2023,vw,JP3546800008,TERUMO,JP,0.0036971835027850308,10.806362087159325,3.065919926653158
2023,vw,HK0000049939,CHINA UNICOM (HONG KONG),HK,0.0036752077884983523,1.900804213155348,4.593215636775856
2023,vw,JP3165700000,NTT DATA GROUP DEAD - DELIST.26/09/25,JP,0.003654746301874536,2.099368570972761,2.3486341589365005
2023,vw,JP3877600001,MARUBENI,JP,0.003561406067579457,13.28827413084901,47.40575718937674
2023,vw,JP3783600004,EAST JAPAN RAILWAY,JP,0.003438015926231285,87.78130443018384,74.63360790644873
2023,vw,JP3351600006,SHISEIDO,JP,0.0034268221206209784,2.5387772512566675,1.0396628546516353
2023,vw,JP3381000003,NIPPON STEEL,JP,0.0033810289725602367,1039.9250659550285,3165.6263199887358
2023,vw,JP3634600005,TOYOTA INDS.,JP,0.0033629882244743756,14.238956916910125,17.840386191747598
2023,vw,KYG210961051,CHINA MENGNIU DAIRY,HK,0.0033586903163030832,19.702631620173484,13.590500722497959
2023,vw,JP3249600002,KYOCERA,JP,0.0032316049192648243,7.839379790128732,6.410035406421633
2023,vw,HK0002007356,CLP HOLDINGS,HK,0.0031732556671278563,2973.187555757492,2030.187623319149
2023,vw,HK0003000038,HONG KONG AND CHINA GAS,HK,0.0031651071978651586,205.3431946100242,85.12226992719806
2023,vw,JP3205800000,KAO,JP,0.00315219490422721,44.61784238544369,28.865190989561942
2023,vw,JP3397200001,SUZUKI MOTOR,JP,0.0031150769133119014,12.236754987388132,22.760366398545937
2023,vw,JP3160400002,EISAI,JP,0.003093999269389373,8.275238108841494,2.5920067742345565
2023,vw,HK0012000102,HENDERSON LD.DEV.,HK,0.0030430253357128824,5.964851756522081,1.0780908571970635
2023,vw,JP3388200002,AEON,JP,0.0030293145697398906,2.871580272912132,11.200835437437204
2023,vw,JP3188220002,OTSUKA HOLDINGS,JP,0.0030180498638376777,24.180027432827657,18.307551699372873
2023,vw,JP3893200000,MITSUI FUDOSAN,JP,0.0030123457665435704,10.394944262649682,10.255220495646576
2023,vw,JP3266400005,KUBOTA,JP,0.002987741677149781,13.612274398719716,16.046267491279078
2023,vw,HK0823032773,LINK REAL ESTATE INVESTMENT TRUST,HK,0.002945625215655055,9.429834706920367,0.8176818250328235
2023,vw,JP3890310000,MS&AD INSURANCE GP.HDG.,JP,0.00290889886444742,0.42258483049718576,0.9751755043155752
2023,vw,JP3899600005,MITSUBISHI ESTATE,JP,0.00287723175549798,10.526591847347836,6.499755341706083
2023,vw,JP3116000005,ASAHI GROUP HOLDINGS,JP,0.0028616877105485453,24.338267559165256,28.07911704154648
2023,vw,JP3358000002,SHIMANO,JP,0.002823180411532304,2.114230510738968,0.6192302195827669
2023,vw,AU000000ALL7,ARISTOCRAT LEISURE,AU,0.0027942665972519047,1.1601203454401008,0.2775376358312325
2023,vw,JP3119600009,AJINOMOTO,JP,0.0027768082444209912,94.58505467163413,59.19890767321872
2023,vw,AU000000STO6,SANTOS,AU,0.0027538281093323017,671.8520615963743,337.1511099014538
2023,vw,JP3173400007,OBIC,JP,0.0027172384944019155,0.2862219103531873,0.013481266940889304
2023,vw,JP3505000004,DAIWA HOUSE INDUSTRY,JP,0.002677119057795892,6.479627237585651,15.001182312603452
2023,vw,BMG507361001,JARDINE MATHESON HDG.,HK,0.002643302994760806,132.48465589312696,318.8122947192024
2023,vw,JP3756100008,NITORI HOLDINGS,JP,0.0025948055069944824,5.062038727910633,2.0816282982264167
2023,vw,JP3294460005,INPEX,JP,0.002570642012271828,365.744528717021,434.8568426582611
2023,vw,JP3672400003,NISSAN MOTOR,JP,0.002546561234556397,7.6877370015972755,38.779345523968615
2023,vw,JP3347200002,SHIONOGI,JP,0.002537055531134344,11.705114622482048,2.753070056370866
2023,vw,JP3762800005,NOMURA RESEARCH INST.,JP,0.0025279178339893296,0.18888673558010327,0.06677836461120634
2023,vw,JP3635000007,TOYOTA TSUSHO,JP,0.002523029090052149,6.298085691367878,31.568418200248225
2023,vw,IE00BKVD2N49,SEAGATE TECHNOLOGY HOLDINGS,SG,0.002522569926256944,29.931565440547477,18.732228574411288
2023,vw,JP3778630008,BANDAI NAMCO HDG.,JP,0.0025200867279380236,0.7839395577614235,0.4106904100339484
2023,vw,JP3122400009,ADVANTEST,JP,0.002498198794965134,0.8363579592671855,0.23312606511582648
2023,vw,JP3258000003,KIRIN HOLDINGS,JP,0.002429239820574995,22.807758138272952,24.558384918792857
2023,vw,BMG2178K1009,CKI HOLDINGS,HK,0.002418918763796015,8343.966027227063,491.1730715279688
2023,vw,JP3538800008,TDK,JP,0.002394721507029595,8.474797105771374,10.316596503001577
2023,vw,JP3351100007,SYSMEX,JP,0.0023929945784910123,4.449044979062195,0.9866214247671183
2023,vw,AU000000QBE9,QBE INSURANCE GROUP,AU,0.0023504864772886107,0.4183117797547887,0.5624885089170804
2023,vw,JP3421800008,SECOM,JP,0.002316778452793573,6.719009663386614,4.109927310669652
2023,vw,SG1V61937297,SINGAPORE AIRLINES,SG,0.0022897266152268167,1263.2430647324663,939.9422437925348
2023,vw,JP3900000005,MITSUBISHI HEAVY INDS.,JP,0.002230209196375577,4.235566896157101,10.369879209830343
2023,vw,JP3762600009,NOMURA HDG.,JP,0.0022069015694623664,0.14963796145052613,0.18916460839560414
2023,vw,JP3420600003,SEKISUI HOUSE,JP,0.0021852415302848907,2.4322775767794056,4.286069636368131
2023,vw,JP3814800003,SUBARU,JP,0.0021550599512611137,5.869678093817494,12.694645300822408
2023,vw,JP3753000003,NIPPON YUSEN KK,JP,0.002122926926107716,544.2874654496082,894.9749598833317
2023,vw,HK0006000050,POWER ASSETS HOLDINGS,HK,0.0020597024348510723,42627.38059812528,563.5442645818597
2023,vw,JP3931600005,YAKULT HONSHA,JP,0.002044209032967285,71.0486496842322,21.31481785803059
2023,vw,JP3256000005,KYOWA KIRIN,JP,0.00203905356888436,5.4081946073402545,1.3891912969400537
2023,vw,JP3197800000,OMRON,JP,0.002038618038519791,0.6367198486018305,0.34588150929209804
2023,vw,JP3402600005,SUMITOMO METAL MINING,JP,0.0019901526246950446,178.6418040913064,166.67670402543325
2023,vw,JP3197600004,ONO PHARM.,JP,0.0019402050571490114,2.4544504874478803,0.7134523174584393
2023,vw,JP3409000001,SUMITOMO REAL.&DEV.,JP,0.0019285352067216178,6.108078280575964,3.851446218054879
2023,vw,BMG677491539,ORIENT OVERSEAS (INTL.),HK,0.0019190075579711174,317.0974989065473,552.2333178510605
2023,vw,AU000000SUN6,SUNCORP GROUP,AU,0.0018662678694057137,0.14822497522899572,0.16381105376367427
2023,vw,SG9999000020,FLEX,SG,0.001853418035548731,2.778568225586611,7.923182716566631
2023,vw,AU000000RHC8,RAMSAY HEALTH CARE,AU,0.0018202569561626871,8.311282577517668,7.593996397987175
2023,vw,SG1M51904654,CAPITALAND INTEG. COML. TST.,SG,0.001814946186678443,0.026184110957788595,0.0027903342820469893
2023,vw,AU000000SHL7,SONIC HEALTHCARE,AU,0.0018110297896016957,5.279191477929981,3.029678790477433
2023,vw,JP3429800000,ANA HOLDINGS,JP,0.001803234133696343,779.4023798519235,875.6770723140379
2023,vw,SG1U68934629,KEPPEL,SG,0.0017969881555998065,0.6109125464163091,0.2903705206753956
2023,vw,HK0083000502,SINO LAND,HK,0.0017803417799214425,2.5139664804469275,0.3358014717804447
2023,vw,JP3111200006,ASAHI KASEI,JP,0.0017714910601484314,136.88121142340023,271.9575413713386
2023,vw,JP3733000008,NEC,JP,0.001730897266827509,0.8268965246067332,2.0017613480651995
2023,vw,JP3240400006,KIKKOMAN,JP,0.001730851688068426,23.126188250178547,10.50399678540637
2023,vw,AU000000COH5,COCHLEAR,AU,0.0017112241239256073,0.7502858621898518,0.09036230747452148
2023,vw,HK0836012952,CHINA RESOURCES POWER,HK,0.001708528224730967,10581.892252095007,13772.611402035373
2023,vw,JP3659000008,WEST JAPAN RAILWAY,JP,0.001705725975098467,14.550972528503673,14.310993230671787
2023,vw,AU000000CPU5,COMPUTERSHARE,AU,0.0016747931906009172,0.8831534465732308,0.26609791596950355
2023,vw,JP3621000003,TORAY INDS.,JP,0.0016628228579840143,145.2791585187097,285.27489150021574
2023,vw,JP3137200006,ISUZU MOTORS,JP,0.001632388063631999,8.192877189029023,20.287777819143
2023,vw,JP3407400005,SUMITOMO ELECTRIC IND.,JP,0.0016200564771468103,10.196112359419846,31.781062862942342
2023,vw,JP3684000007,NITTO DENKO,JP,0.0016125967535769196,40.642259987409595,31.3520128298537
2023,vw,AU000000ASX7,ASX,AU,0.001602088317455044,0.06762385986172273,0.005268442974900084
2023,vw,SG1M77906915,CAPITALAND ASCENDAS REIT,SG,0.0015947332562208252,0.49037766818164674,0.05366839915739555
2023,vw,JP3573000001,TOKYO GAS,JP,0.001581491782656168,184.86619057802574,469.02052204951514
2023,vw,JP3539220008,T & D HOLDINGS,JP,0.0015782286811262746,0.08196249411724703,0.18151421576125268
2023,vw,JP3362700001,MITSUI OSK LINES,JP,0.0015540145433379723,872.0409134994648,1179.5614451496845
2023,vw,SGXE21576413,GENTING SINGAPORE,SG,0.0015526471805654871,1.3384180581032683,0.19189809504446273
2023,vw,JP3357200009,SHIMADZU,JP,0.001551219046114225,0.6478290220728972,0.25356045675705974
2023,vw,JP3228600007,KANSAI ELECTRIC PWR.,JP,0.0015180900406697579,805.1807695107863,2562.916440561867
2023,vw,SG1F60858221,SINGAPORE TECHS.ENGR.,SG,0.0015148455082639354,6.5162682982244045,5.014676285930156
2023,vw,AU000000ORG5,ORIGIN ENERGY (EX BORAL),AU,0.0015144977592131553,1153.1415822012218,1525.9262561861874
2023,vw,HK0101000591,HANG LUNG PROPERTIES,HK,0.001510839641771211,3.057501337751577,0.4507297822441069
2023,vw,AU000000APA1,APA GROUP,AU,0.0015099094974654833,687.6116658956403,154.21212331263513
2023,vw,JP3771800004,HAMAMATSU PHOTONICS,JP,0.0015018049188596802,4.21989874610414,0.8014468757622457
2023,vw,SG1B51001017,JARDINE CYC.& CARR.,SG,0.0014870424652234067,200.74890997334026,522.8994115082826
2023,vw,JP3942800008,YAMAHA MOTOR,JP,0.0014688531641449795,8.277684895553465,16.659636993015916
2023,vw,JP3102000001,AISIN,JP,0.0014586739079498134,16.06784566511412,61.69917288804073
2023,vw,JP3982800009,ROHM,JP,0.0014463018070121065,44.244965575419386,20.275292321554875
2023,vw,JP3551520004,DENTSU GROUP,JP,0.0014368079203053708,0.46459825308579533,0.5288214132138385
2023,vw,AU000000IAG3,INSURANCE AUS.GROUP,AU,0.0014191891977665733,0.8564682949678637,0.6681329033746838
2023,vw,NZAIAE0002S6,AUCKLAND INTL.AIRPORT,NZ,0.0014066297174859703,6.850271683105102,0.24722145882262578
2023,vw,JP3967200001,RAKUTEN GROUP,JP,0.0013950594650876834,0.19919799994818588,0.3619282024474623
2023,vw,JP3112000009,AGC,JP,0.0013919989358203806,369.0638706273468,709.6825831863923
2023,vw,JP3526600006,CHUBU ELEC.POWER,JP,0.0013912494184487962,10.084345465473218,35.18776921676879
2023,vw,AU000000QAN2,QANTAS AIRWAYS,AU,0.001377148700870318,858.1881608773666,1191.557090795872
2023,vw,JP3386030005,JFE HOLDINGS,JP,0.0013765696818197472,1215.4062816711003,6008.922636960515
2023,vw,JP3675600005,NISSIN FOODS HOLDINGS,JP,0.001372680294378012,58.79528851106294,36.40164791243928
2023,vw,JP3574200006,TOKYU,JP,0.0013317505687216271,20.494120623817174,18.110948860697878
2023,vw,AU000000IGO4,IGO,AU,0.0013232813600431615,139.20481100563748,13.450650412623247
2023,vw,HK0004000045,WHARF HOLDINGS,HK,0.0013103876355292842,7.230194026559046,2.1454455979975497
2023,vw,KYG9431R1039,WANT WANT CHINA HOLDINGS,SG,0.0013097123946539829,54.92086239310012,24.67818351251339
2023,vw,HK0000608585,NEW WORLD DEVELOPMENT COMPANY,HK,0.0013082488100567675,0.8639863278255282,1.035378886219293
2023,vw,JP3774200004,HANKYU HANSHIN HDG.,JP,0.001288810313359033,14.051629104129205,13.55343452958674
2023,vw,JP3862400003,MAKITA,JP,0.001271990063155279,3.5560224324682244,2.840201034368808
2023,vw,JP3906000009,MINEBEA MITSUMI,JP,0.0012695828294348303,11.268006325796724,14.493196840217157
2023,vw,JP3499800005,MITSUBISHI HC CAPITAL,JP,0.001269056141552095,0.22094668118267785,0.427128158400564
2023,vw,JP3027670003,NIPPON BUILDING FUND,JP,0.0012658116091462729,5.613732887397854,0.5806548837556662
2023,vw,HK0019000162,SWIRE PACIFIC 'A',HK,0.00126453878009633,9.462171871233949,14.684503443516057
2023,vw,SG1J26887955,SINGAPORE EXCHANGE,SG,0.0012637909508269338,0.03416385668945396,0.004007234393825654
2023,vw,JP3493800001,DAI NIPPON PRINTING,JP,0.0012575517251391503,30.170845939765456,43.090140277871
2023,vw,JP3885400006,MISUMI GROUP,JP,0.0012517125796699827,2.2064028595695127,0.8667670949478821
2023,vw,JP3502200003,DAIWA SECURITIES GROUP,JP,0.0012483414396000413,0.14678647705115752,0.11359118532401886
2023,vw,HK0270001396,GUANGDONG INVESTMENT,HK,0.001235608084794048,1002.4488145504313,405.0907997939753
2023,vw,JP3942600002,YAMAHA,JP,0.0012165088966361525,6.360668402165403,3.052854627225635
2023,vw,JP3869010003,MATSUKIYOKARA,JP,0.0011973607535147974,0.325927811034816,0.3351219663496378
2023,vw,JP3711600001,NIPPON SANSO HOLDINGS,JP,0.0011935000638102627,124.3722331265612,156.0097707660603
2023,vw,JP3300200007,KONAMI GROUP,JP,0.0011772993471095977,15.207298777626296,5.2877073744282415
2023,vw,JP3598600009,TOHO,JP,0.0011658911525213832,3.2397233357334065,0.8749413597586049
2023,vw,AU000000SGP0,STOCKLAND STAPLED UNITS,AU,0.0011652547379964117,1.5232311534581504,0.4405490565354388
2023,vw,BMG5320C1082,KUNLUN ENERGY,HK,0.0011630433241298001,14.668807351437023,54.26095665236986
2023,vw,JP3180400008,OSAKA GAS,JP,0.001151010531731932,265.7674259136431,646.1935917235351
2023,vw,JP3486800000,DAITO TST.CONSTRUCTION,JP,0.0011507809498343296,2.672692249810934,4.944689827358329
2023,vw,JP3283650004,KOSE HOLDINGS,JP,0.0011336382721126193,2.6604781862281444,0.8921503515768093
2023,vw,JP3443600006,TAISEI,JP,0.0011326051535734084,16.969645214767283,32.34297263218141
2023,vw,JP3940000007,YAMATO HDG.,JP,0.0011146234890641363,46.59987655081624,99.8871694215502
2023,vw,JP3670800006,NISSAN CHEMICAL,JP,0.0011128070911095762,130.98427499739935,34.95477893101701
2023,vw,AU000000MGR9,MIRVAC GROUP STAPLED UNITS,AU,0.0011073899711874719,7.557005097369406,1.4682993977106602
2023,vw,JP3783420007,HIKARI TSUSHIN,JP,0.0011028624811185769,0.20124322231381586,0.15107566793966157
2023,vw,NZTELE0001S4,SPARK NEW ZEALAND,NZ,0.0010910930326620764,0.9538859522058524,0.41680655627120583
2023,vw,JP3419400001,SEKISUI CHEMICAL,JP,0.001085167793981308,19.49604292882693,29.08998137930069
2023,vw,HK0293001514,CATHAY PACIFIC AIRWAYS,HK,0.0010821849174146648,1778.5036808386792,1805.4409374385789
2023,vw,AU000000SEK6,SEEK,AU,0.0010793168317968227,0.10102946731065299,0.013763613073555564
2023,vw,AU000000DXS1,DEXUS STAPLED UNITS,AU,0.0010784153852282955,20.622561434732013,1.8864084979955638
2023,vw,JP3596200000,TOTO,JP,0.0010773552570540726,31.15825239297233,26.323830117282064
2023,vw,AU000000BSL0,BLUESCOPE STEEL,AU,0.0010701183629730315,632.0423330219912,1342.4449218984157
2023,vw,AU000000GPT8,GPT GROUP STAPLED UNITS,AU,0.0010614128199882102,13.024619559949599,1.1967981474677978
2023,vw,JP3210200006,KAJIMA,JP,0.001057189188313201,15.897508598175719,46.46639808769215
2023,vw,JP3260800002,KINTETSU GROUP HDG.,JP,0.0010453235180319699,7.625576709354283,12.472425431584387
2023,vw,JP3223800008,KAWASAKI KISEN KAISHA,JP,0.001040441526503542,918.7844906162312,1078.9286073550552
2023,vw,JP3820000002,FUJI ELECTRIC,JP,0.0010266058409686195,18.23143796180638,22.905834492602057
2023,vw,JP3027680002,JAPAN REAL ESTATE INV.,JP,0.0010235334949859989,4.825109279629377,0.4593268923113461
2023,vw,JP3511800009,CHIBA BANK,JP,0.001010035429888727,1.188572917813243,0.4024561860925315
2023,vw,JP3401400001,SUMITOMO CHEMICAL,JP,0.0009883939598353223,244.05679962764668,968.9055278682029
2023,vw,SG1R89002252,CITY DEVELOPMENTS,SG,0.0009737884997025564,0.034958756612369364,0.015255159884476835
2023,vw,JP3148800000,IBIDEN,JP,0.0009722979054703289,54.292230229729746,30.730713872747064
2023,vw,JP3414750004,SEIKO EPSON,JP,0.000971518002259356,16.011570460726414,27.661774185981454
2023,vw,JP3436120004,SBI HDG.,JP,0.0009709221021869026,0.2064365006477955,0.2576692236541043
2023,vw,JP3585800000,TOKYO ELECTRIC POWER CO. HDG.,JP,0.000969804578538279,3.5962538122263963,35.683575459447795
2023,vw,HK0144000764,CHINA MERCHANTS PORT HOLDINGS,HK,0.0009651572332140182,39.2598135468299,10.984344309748645
2023,vw,AU000000WOR2,WORLEY,AU,0.0009578156767973056,3.0151186587028507,3.9362557103378264
2023,vw,JP3629000005,TOPPAN HOLDINGS,JP,0.0009480736390688969,23.680580641511007,54.25277900933192
2023,vw,JP3359600008,SHARP,JP,0.0009269672974091684,16.545289556063388,60.27848294902006
2023,vw,JP3039710003,JAPAN METROPOLITAN FUND INVESTMENT REIT,JP,0.000925338278797504,8.708318471157426,1.0110315915446966
2023,vw,JP3190000004,OBAYASHI,JP,0.0009182651306287236,18.327684160275084,52.164025862053116
2023,vw,HK2380027329,CHIN.PWR.INTDVT.,HK,0.0009133189912171419,7536.856600288193,9020.750859929061
2023,vw,JP3322930003,SUMCO,JP,0.0009111328988833542,25.033766475711424,15.933656700102642
2023,vw,JP3270000007,KURITA WATER IND.,JP,0.0008937488225487237,5.078142852845967,2.4554245995769115
2023,vw,AU0000088338,AMPOL,AU,0.0008779954529279457,25.010778159335384,131.5051873841587
2023,vw,JP3688370000,NIPPON EXPRESS HOLDINGS,JP,0.0008778958548988387,26.81985856079344,105.18239627419725
2023,vw,JP3868400007,MAZDA MOTOR,JP,0.0008572604937496329,3.9703725878449325,22.25175995667799
2023,vw,JP3597800006,TOBU RAILWAY,JP,0.0008358536699003951,28.212977140742378,25.98900521868386
2023,vw,JP3351500008,SHIZUOKA FINANCIAL GROUP,JP,0.0008317549577873167,0.5418656845255222,0.2388800038967681
2023,vw,SG1R50925390,SEMBCORP INDUSTRIES,SG,0.0008280023066228301,1702.7438789903017,2076.257969023003
2023,vw,JP3663900003,SOJITZ,JP,0.0008243644464071446,38.93227636224332,153.8346391229026
2023,vw,AU000000CIM7,CIMIC GROUP DEAD - DELIST.11/05/22,AU,0.0008213714412273718,14.553472876249668,23.63507445048452
2023,vw,JP3787000003,HITACHI CON.MCH.,JP,0.0008213292386726655,9.869462464915426,19.07469067291487
2023,vw,JP3799000009,HIROSE ELECTRIC,JP,0.0008149363956857509,1.1789611312998116,0.3496612139127049
2023,vw,JP3626800001,LIXIL,JP,0.0008044178309507459,39.26585363183953,94.85396267118831
2023,vw,JP3196000008,ODAKYU ELECTRIC RY.,JP,0.0008028006290543995,25.16803594684213,15.937917924821894
2023,vw,JP3973400009,RICOH,JP,0.000797375068621354,7.254221584099298,24.05419709960834
2023,vw,AU000000ORI1,ORICA,AU,0.0007963064999361898,286.80443725736416,306.539726149365
2023,vw,JP3385980002,J S R DEAD - DELIST.25/06/24,JP,0.0007956920307396656,10.986110002626972,7.2132775223664645
2023,vw,JP3955000009,YOKOGAWA ELECTRIC,JP,0.0007939482211792001,4.632167104751087,3.2722401769008336
2023,vw,JP3118000003,ASICS,JP,0.0007938435588435284,0.8255839893935244,0.6626149900692812
2023,vw,JP3277800003,KEIO,JP,0.0007918364053416954,32.4286124167891,17.95109035131292
2023,vw,JP3888300005,MITSUI CHEMICALS,JP,0.0007839580324291184,242.55551288311884,763.3472724062342
2023,vw,KYG525621408,KINGBOARD HOLDINGS,HK,0.000782848949291436,201.20155868611414,273.1629451530475
2023,vw,JP3134800006,IHI,JP,0.0007789021663753002,6.0565943610977255,13.322077905189996
2023,vw,HK0000055878,CHINA TAIPING INSURANCE HLDGS,HK,0.0007713090827325378,0.26882442534730777,2.303716932693381
2023,vw,JP3613000003,TOYO SUISAN KAISHA,JP,0.0007697357714930859,56.0850947957693,40.111672299260704
2023,vw,SG1S83002349,UOL GROUP,SG,0.0007694774918582831,0.9116686642194771,0.4894432939029099
2023,vw,BMG2624N1535,DFI RETAIL GROUP HOLDINGS,HK,0.0007609373828879107,25.753949602794435,52.35544019611106
2023,vw,JP3452000007,TAIYO YUDEN,JP,0.0007550256490246484,16.137169010334322,9.390448125599479
2023,vw,HK0000745908,YUEXIU PROPERTY COMPANY,HK,0.0007491763749423512,0.18000163415940992,0.4353376986827341
2023,vw,AU000000CWY3,CLEANAWAY WASTE MANAGEMENT,AU,0.0007421859437807952,466.3616587327558,257.70088955708655
2023,vw,HK0392044647,BEIJING ENTERPRISES HOLDINGS,HK,0.0007419107831241099,60.12649316871463,161.0100706721821
2023,vw,JP3695200000,NGK INSULATORS,JP,0.0007372212352451428,58.44169397424391,57.70340450086555
2023,vw,JP3358800005,SHIMIZU,JP,0.0007329587772198037,10.95805424406648,35.37521505512551
2023,vw,JP3944130008,USS,JP,0.0007271533937944014,5.902769509203915,0.9207154000445731
2023,vw,AU000000LLC3,LENDLEASE GROUP STAPLED UNITS,AU,0.0007224351481782338,3.72361639464965,6.126082760651188
2023,vw,JP3894900004,ISETAN MITSUKOSHI HDG.,JP,0.0007217261452591675,4.826244298487668,4.1399925620472615
2023,vw,JP3174410005,OJI HOLDINGS,JP,0.0007161874819795092,488.6779676342297,1508.2874490873432
2023,vw,JP3766550002,HAKUHODO DY HDG.,JP,0.0007134696374564216,0.02127704561838475,0.03785674062927367
2023,vw,JP3595200001,TOSOH,JP,0.000705221570164617,940.4825259699887,1829.9980850248944
2023,vw,SG0531000230,VENTURE CORPORATION,SG,0.0007010452053508787,0.9003929695529018,0.6402816372331358
2023,vw,JP3494600004,SCREEN HOLDINGS,JP,0.000695217876597029,2.7627389521414325,2.382513342754605
2023,vw,JP3375800004,SHINKO ELEC.INDS. DEAD - DELIST.06/06/25,JP,0.0006948870085681315,18.660699978140748,10.72179925079803
2023,vw,JP3738600000,NITERRA,JP,0.0006858742309850481,12.290915038875536,13.01996805308406
2023,vw,AU000000BEN6,BENDIGO & ADELAIDE BANK,AU,0.0006819561458061127,0.7488546295378437,0.3440781428691661
2023,vw,JP3982100004,LAWSON DEAD - DELIST.24/07/24,JP,0.0006725466642087899,0.6045313419977202,1.0793064326663386
2023,vw,NZCENE0001S6,CONTACT ENERGY,NZ,0.0006714426453776724,360.78704068455,132.4
2023,vw,JP3830000000,BROTHER INDUSTRIES,JP,0.0006706644302688876,3.096735128228607,4.792559069090763
2023,vw,HK0008011667,PCCW,HK,0.000658067811740143,1.1046460805286993,1.3031421630620763
2023,vw,JP3977400005,RINNAI,JP,0.0006570059954637318,11.616397062910911,9.449945785949568
2023,vw,JP3166000004,EBARA,JP,0.0006550410445166052,16.217443482209465,22.163006334496462
2023,vw,JP3108600002,ACOM,JP,0.0006488186998507042,0.5688008219720176,0.3103957871512275
2023,vw,JP3419050004,SEGA SAMMY HDG.,JP,0.000646376015984302,2.3863905086544506,1.7289064275099828
2023,vw,BMG524401079,KERRY PROPERTIES,HK,0.0006435467567167898,2.6159971964164006,1.2766738802544428
2023,vw,JP3224200000,KAWASAKI HEAVY INDUSTRY,JP,0.0006402583336540728,10.585453718096492,36.051751094846246
2023,vw,JP3676800000,NISSHIN SEIFUN,JP,0.0006358557631471087,13.760793311392328,22.03526172846717
2023,vw,JP3229400001,KANSAI PAINT,JP,0.0006355097021985167,18.36681501083141,18.643216881295423
2023,vw,KYG0535Q1331,ASMPT,HK,0.0006323293176758479,0.7290111611608774,0.48053820278712156
2023,vw,AU000000JBH7,JB HI-FI,AU,0.0006316473243917937,0.04806063815354721,0.0880494740443
2023,vw,BMG668971101,CTF SERVICES,HK,0.0006313046396475782,7.966658042856546,8.802239733884532
2023,vw,JP3657400002,NIKON,JP,0.0006275705576071624,7.55254462674182,9.3253461229123
2023,vw,JP3358200008,SHIMAMURA,JP,0.0006066566595968947,0.16256912071921417,0.2156539741549147
2023,vw,AU000000CGF5,CHALLENGER,AU,0.0005922216977851424,0.026695590714523928,0.009948093187123917
2023,vw,HK0014000126,HYSAN DEVELOPMENT,HK,0.000591359077566945,3.9755663595462325,0.5006993805486569
2023,vw,JP3939000000,YAMADA HOLDINGS,JP,0.0005910400262533653,4.242673902800501,15.137623850040415
2023,vw,JP3870400003,MARUI GROUP,JP,0.0005890092393208967,5.998209436235205,2.8783267128666337
2023,vw,SGXE34184239,SEATRIUM,SG,0.0005872536130451135,48.129474070381065,20.5908393172319
2023,vw,HK0023000190,BANK OF EAST ASIA,HK,0.0005825505603486404,0.8624810464907097,0.9530444055498244
2023,vw,JP3768600003,HASEKO,JP,0.0005801635838544505,4.471751499974002,10.034392658244053
2023,vw,BMG4600H1198,HOPSON DEVELOPMENT HOLDINGS,HK,0.0005782577164839127,0.8636003530372919,0.876079042706299
2023,vw,AU000000ILU1,ILUKA RESOURCES,AU,0.0005743632647356128,396.5837888077765,133.4344378413012
2023,vw,JP3667600005,JGC HOLDINGS,JP,0.0005579819211008047,20.262429771746877,25.093332687920903
2023,vw,JP3268950007,MEDIPAL HOLDINGS,JP,0.0005529699457038813,1.0896300089445523,8.681834972173801
2023,vw,BMG8063F1068,SHANGRI-LA ASIA,HK,0.0005526103799377833,102.70722552178694,45.821674262882
2023,vw,AU000000BOQ8,BANK OF QLND.,AU,0.0005516988047561266,0.22736921284094697,0.1220870459218643
2023,vw,JP3896800004,MITSUBISHI GAS CHM.,JP,0.0005437731649822783,122.35451586969359,230.6586655325173
2023,vw,JP3131430005,AEON MALL DEAD - DELIST.27/06/25,JP,0.0005412325711889573,4.8532629050511895,4.457980886792924
2023,vw,JP3122800000,AMADA,JP,0.0005396727647670115,2.619308031711379,2.26155174355317
2023,vw,JP3368000000,RESONAC HOLDINGS,JP,0.0005314230093730186,303.51140196083855,1045.7267197153792
2023,vw,JP3143000002,ITO EN,JP,0.0005307562090086586,9.050461754558718,9.541681244235235
2023,vw,JP3551200003,ELEC.POWER DEV.,JP,0.0005232171446359203,3534.6054203112694,15780.26998425522
2023,vw,JP3243600008,CANON MARKETING JAPAN,JP,0.0005187453619392377,1.2367251256700476,1.8435054263818156
2023,vw,JP3336000009,SANTEN PHARM.,JP,0.0005134987403381472,8.052186224623117,5.5715727496572836
2023,vw,JP3720800006,NSK,JP,0.0005088041281526152,14.731681016976129,35.50028864720676
2023,vw,JP3743000006,NH FOODS,JP,0.0005076275209274029,51.78085942120208,166.55105101609863
2023,vw,JP3269600007,KURARAY,JP,0.0004894264031336578,296.72341303899094,602.9103877872706
2023,vw,AU000000AMP6,AMP,AU,0.000485418848538745,0.01676362665540813,0.009389573400381842
2023,vw,JP3780100008,PARK24,JP,0.00048531249810088503,85.96995694532252,69.71894674597377
2023,vw,AU000000MTS0,METCASH,AU,0.00048404979766407174,1.1817227829361552,4.612160060263233
2023,vw,JP3280200001,KEIKYU,JP,0.0004742317953371917,30.202918979238248,23.43108149477086
2023,vw,AU000000BLD2,BORAL DEAD - DELIST.08/07/24,AU,0.0004683352543936236,596.8265877718758,479.3950251051605
2023,vw,JP3635400009,TOYOTA BOSHOKU,JP,0.00046756716789796843,5.454791103669175,23.861822960668356
2023,vw,JP3040890000,JAPAN PRIME REALTY INV.,JP,0.0004621500479758642,4.9838198902867425,0.5259908901300001
2023,vw,JP3665200006,NICHIREI,JP,0.00046208927629708704,15.405528402868967,28.492728315548362
2023,vw,NZFBUE0001S0,FLETCHER BUILDING,NZ,0.0004595537468103309,136.19184691824984,283.95002773379963
2023,vw,JP3246400000,KYUSHU ELEC.POWER,JP,0.0004538665305381062,1438.8100330428283,8811.211699682366
2023,vw,JP3326410002,SANKYO,JP,0.0004526764184953878,0.8636029623652816,0.3576263159268637
2023,vw,JP3495000006,SUMITOMO PHARMA,JP,0.00044938461922829423,6.074353368069493,10.453894901336177
2023,vw,BMG988031446,YUE YUEN INDL.HDG.,HK,0.00044697569740565705,5.022374118657048,16.995241332426918
2023,vw,JP3405400007,SUMITOMO HEAVY INDS.,JP,0.000445187997188297,4.089551619540011,13.753929341994
2023,vw,JP3305530002,COMSYS HOLDINGS,JP,0.0004447338976996569,19.36002666152243,31.884366032522053
2023,vw,JP3605400005,TOHOKU ELECTRIC PWR.,JP,0.0004436484479926102,1405.6371982934734,11821.893466357697
2023,vw,HK0010000088,HANG LUNG GROUP,HK,0.0004425748150008812,2.891507540569987,1.538678658748231
2023,vw,JP3613400005,TOYO SEIKAN GROUP HDG.,JP,0.00043874957544229966,56.57442030489395,149.66892003678237
2023,vw,BMG2442N1048,COSCO SHIPPING PORTS,HK,0.0004384457170484141,54.52638379011055,30.222887878426192
2023,vw,JP3209000003,CASIO COMPUTER,JP,0.00043675930296234927,1.6759920379484845,1.3082464982529916
2023,vw,JP3935600001,YAMAZAKI BAKING,JP,0.0004353024707738868,44.109335359342666,143.4859325616117
2023,vw,JP3582600007,TOKYO TATEMONO,JP,0.00043176252048512004,5.303988705175131,5.651997122392168
2023,vw,JP3792600003,HINO MOTORS,JP,0.0004275810913648171,11.807176487428308,54.48278857124809
2023,vw,AU000000ANN9,ANSELL,AU,0.0004273548856715912,66.63621334964343,47.942186074254316
2023,vw,JP3126340003,ALFRESA HOLDINGS,JP,0.00042590142968750526,1.559065153755757,12.841662174588578
2023,vw,MU0117U00026,GOLDEN AGRI-RESOURCES,SG,0.0004223783604206211,603.6702276988625,2905.6268959150148
2023,vw,JP3940400009,YAMATO KOGYO,JP,0.00042217410005584245,42.45794717240686,23.991554972649627
2023,vw,AU000000FLT9,FLIGHT CENTRE TRAVEL GP.,AU,0.00042183816772038,18.744172053448402,9.025607369672136
2023,vw,JP3292200007,JTEKT,JP,0.00042065143188203813,8.41351753978358,42.899681362516354
2023,vw,JP3456000003,TAKASHIMAYA,JP,0.00041530858845621705,4.720098849443309,8.092805085744713
2023,vw,JP3271400008,CREDIT SAISON,JP,0.0004074200869305103,0.11777776094145068,0.14170409533122297
2023,vw,JP3219000001,KAMIGUMI,JP,0.0004050145413122496,14.680295230938855,13.069380592940234
2023,vw,JP3126400005,ALPS ALPINE,JP,0.00040247394751892864,2.365738686739943,7.033864892751387
2023,vw,JP3404200002,SUMITOMO RUBBER INDS.,JP,0.00040082973598757016,44.0579756213314,158.7742794090396
2023,vw,JP3711200000,AOZORA BANK,JP,0.000398140589201683,0.08843547630846961,0.04494362966449156
2023,vw,AU000000BPT9,BEACH ENERGY,AU,0.0003981017628513532,421.22320937328067,228.54665264514813
2023,vw,JP3398000004,SUZUKEN,JP,0.00039280112198023843,1.5458492925718794,11.942601251461184
2023,vw,JP3263000006,KINDEN,JP,0.000388656831108077,3.2669726586299843,6.5676944660409236
2023,vw,JP3903000002,MITSUBISHI MATERIALS,JP,0.0003768755659362586,67.76263199795724,411.6387612316017
2023,vw,JP3811000003,FUJIKURA,JP,0.000371488831853543,3.6034472805029956,10.040761054788856
2023,vw,JP3131400008,AEON FINANCIAL SERVICE,JP,0.0003675015344848892,0.7881336468498584,1.278358849982315
2023,vw,JP3634200004,TOYODA GOSEI,JP,0.00036426037828344313,14.637028567427706,49.21656679689129
2023,vw,JP3732200005,NIPPON TELEVISION HDG.,JP,0.00036108674616952736,0.6913055204746131,1.0341232626308432
2023,vw,JP3485800001,DAICEL,JP,0.0003604621483598737,415.3968931804343,802.22543799261
2023,vw,JP3293200006,COCA-COLA BOTTLERS JAPAN HOLDINGS,JP,0.00036014816135285856,30.6576571949329,90.3677142656261
2023,vw,JP3638600001,DOWA HDG.,JP,0.00035982911003927873,164.12797495776744,487.43643153371244
2023,vw,JP3289800009,KOBE STEEL,JP,0.0003595623898935348,792.2237045727744,6901.473253269984
2023,vw,JP3765400001,HOUSE SHOKUHIN GP.HONSHA K K,JP,0.00035844824244928773,26.579790290008514,26.058453974323953
2023,vw,AU000000SGM7,SIMS,AU,0.0003574387573407124,12.96677403367702,38.49060168130726
2023,vw,JP3769000005,HACHIJUNI NAGANO BANK,JP,0.00035190009406105396,1.6501444136472978,1.1412316090933947
2023,vw,JP3449020001,TAIHEIYO CEMENT,JP,0.00035123835800325874,3300.090655866908,9643.528286561539
2023,vw,JP3300600008,KONICA MINOLTA,JP,0.00035093281150718494,18.154171261997966,72.83895981451371
2023,vw,JP3522200009,CHUGOKU ELEC.POWER,JP,0.0003507150463249003,1620.8511607951582,9439.298314858223
2023,vw,AU000000PPT9,PERPETUAL,AU,0.00034847999902765315,0.07886825882728402,0.020830002954953908
2023,vw,JP3415400005,SEINO HDG.,JP,0.00034459061158591796,77.53194892105311,185.43372083339457
2023,vw,JP3600200004,TOHO GAS,JP,0.00034237244531055343,16.164870913037554,41.29329684688016
2023,vw,JP3544000007,TEIJIN,JP,0.0003406860312244886,95.8984611749326,371.6256391960994
2023,vw,JP3588600001,TBS HOLDINGS,JP,0.0003390823341456481,6.333643392314874,8.966176455945755
2023,vw,HK0200030994,MELCO INTL.DEV.,HK,0.00033626826779783016,15.13591670198529,10.2369991817228
2023,vw,SG1N31909426,COMFORTDELGRO CORPORATION,SG,0.0003327941534944053,289.18089152930884,423.8935584175793
2023,vw,KYG5427W1309,LEE & MAN PAPER MNFG.,HK,0.0003311735753936823,1450.1864793780635,2749.5648304371985
2023,vw,JP3320800000,SAPPORO HOLDINGS,JP,0.0003304730129855573,32.057990866231926,61.01857319452816
2023,vw,BMG684371393,PACIFIC BASIN SHIP.,HK,0.00032955806159952407,875.5739280320943,1470.106134491661
2023,vw,JP3902000003,MITSUBISHI LOGISTICS,JP,0.0003292052482421792,8.574555479653815,10.433556393097966
2023,vw,JP3870000001,MABUCHI MOTOR,JP,0.0003263034005805721,2.3998380990070456,1.5152926082277958
2023,vw,JP3560800009,TOKAI CARBON,JP,0.00032354841780934306,716.7193266761425,991.3181400784706
2023,vw,JP3549600009,DENKA,JP,0.00031494584905800523,488.6850141402059,835.6202564212512
2023,vw,JP3733400000,NIPPON ELEC.GLASS,JP,0.00031076948424426705,214.76023779455872,294.9580105815507
2023,vw,AU000000DOW2,DOWNER EDI,AU,0.0003068750324959671,42.478056759056734,186.58044854692582
2023,vw,JP3548610009,DENA,JP,0.00030627238001476077,0.012537346827376164,0.007165297911040071
2023,vw,AU000000CSR5,CSR DEAD - DEAD.10/07/24,AU,0.00030034882943618063,155.47276228776153,153.3197317910758
2023,vw,JP3215800008,KANEKA,JP,0.000297717078124694,135.42169219248575,448.5093160658192
2023,vw,JP3421100003,JAPAN PETROLEUM EXP.,JP,0.0002969911941837452,91.9889884517787,123.34310983789192
2023,vw,JP3493400000,DIC,JP,0.0002966350046220238,33.865823334885796,158.2389128220304
2023,vw,NZAIRE0001S2,AIR NEW ZEALAND,NZ,0.00028875663170944656,930.4940729855819,1659.9190898780503
2023,vw,AU000000CQR9,CHARTER HALL RETAIL REIT,AU,0.0002872018895940654,2.6072786529060292,0.22570577136710693
2023,vw,JP3742600004,NHK SPRING,JP,0.00028719851338968895,8.234572719511686,25.274641305817283
2023,vw,JP3156400008,USHIO,JP,0.0002835252030280502,3.0529154115494044,2.3708731505462772
2023,vw,JP3579800008,TOKYO STEEL MNFG.,JP,0.00028256973718949894,134.83732469877714,220.71581764632083
2023,vw,AU000000TAH8,TABCORP HOLDINGS,AU,0.0002815889498181239,6.655072052246752,2.023284254951801
2023,vw,JP3158800007,UBE,JP,0.000277721507704836,795.6679984912821,2060.577326355331
2023,vw,JP3164800009,NOK,JP,0.00027749023770504535,6.988994305224076,23.725514052804478
2023,vw,AU000000IFL2,INSIGNIA FINANCIAL,AU,0.00027638453077173956,0.0010619611874425213,0.0009161704076958314
2023,vw,JP3535800001,TSUMURA,JP,0.00027520792354652715,39.91169125002206,26.358662315675836
2023,vw,JP3491000000,DAIDO STEEL,JP,0.00027420181464232827,82.10742694116946,225.9407013396375
2023,vw,JP3276400003,GUNMA BANK,JP,0.00027325310121253005,1.169858268336998,0.9538518564279977
2023,vw,JP3459600007,TAKARA HDG.,JP,0.00027306234566525745,25.800627586859257,42.82967661368596
2023,vw,JP3796150005,HIROGIN HOLDINGS,JP,0.0002706483595360555,1.16122710907778,0.8515720995216027
2023,vw,JP3835620000,BENESSE HOLDINGS DEAD - DELIST.17/05/24,JP,0.00026521773479644525,0.022728411978309,0.04646426070905735
2023,vw,JP3721400004,JAPAN STEEL WORKS,JP,0.0002607425758953863,34.20950799997757,39.492680905612495
2023,vw,JP3888400003,MITSUI KINZOKU LIMITED,JP,0.0002547666941489703,154.16726417694866,531.4108892849806
2023,vw,HK0363006039,SHANGHAI INDUSTRIAL HOLDINGS,HK,0.00025462151736078053,107.13040748194744,283.91550257569634
2023,vw,JP3385820000,GS YUASA,JP,0.00023747883963907025,16.857291862192465,46.0917840742689
2023,vw,JP3352400000,CITIZEN WATCH,JP,0.00023308470964304742,8.0193989029556,13.389100126742711
2023,vw,SG1T58930911,FRASER AND NEAVE,SG,0.00023095938898803678,32.46653582519928,36.33346976961759
2023,vw,JP3827200001,FURUKAWA ELECTRIC,JP,0.0002293962063617144,18.7629739820962,112.43064243137832
2023,vw,HK0165000859,CHINA EVERBRIGHT,HK,0.0002281757084796074,0.018635855385762207,0.006288517167651868
2023,vw,JP3352000008,77 BANK,JP,0.00022626140059812835,1.2516186545046653,0.8841106294718465
2023,vw,JP3172100004,OKUMA,JP,0.00022456485789893398,5.073153696500349,6.464804402080765
2023,vw,AU0000033359,HEALIUS,AU,0.00022012346104164008,4.677636829757902,4.746274837611295
2023,vw,JP3718800000,NISSUI,JP,0.00021729926608069264,33.99800445635879,153.60849569621826
2023,vw,NZSKCE0001S2,SKY CITY ENTM.GP.,NZ,0.00021722667768659775,10.639965863194767,4.16611620985227
2023,vw,AU000000IRE2,IRESS,AU,0.0002147367269589244,0.12072397942681166,0.04166470135056523
2023,vw,JP3389900006,JAFCO GROUP,JP,0.0002115765996625146,0.018574814210396258,0.00893612268019851
2023,vw,JP3678000005,NISSHINBO HOLDINGS,JP,0.00021145843250933692,27.192369219133674,87.25571592796014
2023,vw,JP3992400006,WACOAL HDG.,JP,0.00020225489937898095,1.1742809686402778,1.4197242346342605
2023,vw,JP3841800000,HOKUETSU,JP,0.00020199999594855474,315.85096003737647,582.478836045161
2023,vw,JP3350800003,SHIKOKU ELECTRIC POWER,JP,0.00020191052653257733,1276.7048704949402,6763.761621296235
2023,vw,HK0308001558,CTII.INTL.INV.HK.,HK,0.0001990289360972293,67.84302567697246,22.246511904055097
2023,vw,JP3789000001,KANADEVIA,JP,0.00018753971260397867,52.39855718720311,178.22584274719833
2023,vw,JP3274400005,GLORY,JP,0.00018750426245802535,9.417142023260118,16.26753335614095
2023,vw,JP3165600002,NTN,JP,0.00018341736706026457,17.445935736082028,92.95647612122997
2023,vw,JP3625000009,TOKUYAMA,JP,0.0001833042642136516,2451.399084760839,5999.852651354687
2023,vw,JP3834800009,HEIWA REAL ESTATE,JP,0.00017958875129730651,8.368136213117184,2.546411618179255
2023,vw,AU000000ELD6,ELDERS,AU,0.00017640836677463768,24.19413483937441,56.67027109788423
2023,vw,JP3407200009,OSAKA TITANIUM,JP,0.00017248690539132573,168.9998373719304,50.85145530348999
2023,vw,JP3425000001,CENTRAL GLASS,JP,0.00016369189299052703,153.33043915466143,221.0914941011468
2023,vw,BMG8403G1033,SINOFERT HOLDINGS,HK,0.00016330194138504059,490.40352504774256,1728.393479227183
2023,vw,JP3726200003,NIPPON SODA,JP,0.00015628956489503718,36.488344790445254,54.08120281261139
2023,vw,AU000000MND5,MONADELPHOUS GROUP,AU,0.00015503192876478863,7.552839036953406,10.001306648663952
2023,vw,JP3400900001,SUMITOMO OSAKA CEMENT,JP,0.0001530095823432614,5344.381418696244,9079.876434245367
2023,vw,JP3845400005,HOKURIKU ELEC.POWER,JP,0.0001465660962906993,2902.9027200430983,20132.914089584556
2023,vw,AU000000ABC7,ADBRI DEAD - DELIST.02/07/24,AU,0.00014636858833467367,1488.5414666128038,2073.8703203930527
2023,vw,HK0440001847,DAH SING FINANCIAL HDG.,HK,0.00014445934475975942,0.07463823779120575,0.11218229623137599
2023,vw,SG2B80958517,OUE,SG,0.00014200484417803942,5.71718565602048,2.551206000879685
2023,vw,JP3850200001,HOKKAIDO ELEC.POWER,JP,0.00013501947732304806,1821.082858359514,15003.188177487715
2023,vw,JP3528600004,CHIYODA CORPORATION,JP,0.00012766610419101754,27.54078195966495,114.1602866701046
2023,vw,JP3411000007,SURUGA BANK,JP,0.00012666168338900695,0.22435589930552993,0.2025802324341614
2023,vw,JP3619800000,TOYOBO,JP,0.00011906859974624448,228.59050835703783,1009.4422547991039
2023,vw,AU000000ERA9,ENERGY RES.OF AUS.,AU,0.0001151083120126027,3302.8896367645348,166.9560626503197
2023,vw,HK0242001243,SHUN TAK HOLDINGS,HK,0.00011442631872854844,262.1087229534972,172.11731382037058
2023,vw,JP3919800007,MEIDENSHA,JP,0.0001121743904094188,9.789965297609358,30.592927012791574
2023,vw,SG9999003735,XP POWER (DI),SG,0.00010571739953935068,1.4457805756063657,0.8702594810379242
2023,vw,BMG2108M2182,CHINESE ESTATES HDG.,HK,0.0001030670791037933,0.005472495238929142,0.0016378674965195318
2023,vw,JP3684400009,NITTO BOSEKI,JP,0.00010058388078487298,223.68229186575098,265.171858216971
2023,vw,AU000000SWM4,SEVEN WEST MEDIA DEAD - DELIST.08/01/26,AU,8.870639378832415e-05,2.424168865023797,4.732111593210018
2023,vw,AU000000SIG5,SIGMA HEALTHCARE,AU,8.384803569053171e-05,0.001260890143543176,0.00678477954499698
2023,vw,JP3194000000,OKI ELECTRIC IND.,JP,8.382440225989616e-05,3.012785908952192,17.117770259384567
2023,vw,AU000000SBM8,ST BARBARA,AU,7.246853883951753e-05,299.1707811245933,337.7670106454844
2023,vw,JP3826800009,FURUKAWA,JP,6.976757533831257e-05,2.461388356080849,9.668755595344672
2023,vw,JP3203500008,ONWARD HOLDINGS,JP,6.934892599562579e-05,0.9072527239655994,3.0013875027384924
2023,vw,AU000000GWA4,GWA GROUP,AU,6.902143417110468e-05,1.1639165959252973,0.858463570327977
2023,vw,JP3305800009,KOMORI,JP,6.058598753640392e-05,6.921921070537536,13.605461131234328
2023,vw,SG1S76928401,COSCO SHIPPING INTERNATIONAL,SG,5.6340410532947365e-05,121.25835142220845,51.552329588014985
2023,vw,AU000000MAH3,MACMAHON HOLDINGS,AU,4.2644837479649926e-05,0.8187697140760097,4.318739608898741
2023,vw,JP3599000001,TOHO ZINC,JP,3.8331736388663246e-05,180.48342485347,880.785660809442
2023,vw,HK0000139300,TELEVISION BROADCASTS,HK,3.695762120742522e-05,1.0127506943988802,2.115105284794226
2023,vw,AU000000SXL4,SOUTHERN CROSS MEDIA GROUP,AU,3.413511434866603e-05,1.1648633690013674,2.1232876712328768
2023,vw_50,AU000000BHP4,BHP GROUP,AU,0.034633356763307165,130.05612490785322,45.50208220372044
2023,vw_50,JP3633400001,TOYOTA MOTOR,JP,0.0292177984558547,8.55329089274602,9.918284633928042
2023,vw_50,JP3119600009,AJINOMOTO,JP,0.02552407381405327,94.58505467163413,59.19890767321872
2023,vw_50,AU000000CBA7,COMMONWEALTH BK.OF AUS.,AU,0.023676999263267395,0.30295864785305365,0.059949187157092694
2023,vw_50,AU000000IFL2,INSIGNIA FINANCIAL,AU,0.022260939379556775,0.0010619611874425213,0.0009161704076958314
2023,vw_50,JP3814000000,FUJIFILM HOLDINGS,JP,0.01874007032867622,28.61876620450384,22.574324587220215
2023,vw_50,JP3201200007,OLYMPUS,JP,0.017560040916135132,4.399265709567274,1.1640321898046309
2023,vw_50,JP3496400007,KDDI,JP,0.01666059167345291,2.020724688487329,1.2264991423956304
2023,vw_50,KYG2108Y1052,CHINA RESOURCES LAND,HK,0.015898115194685192,1.1647821524406692,1.059670539746023
2023,vw_50,JP3435000009,SONY GROUP,JP,0.014018901217143416,2.749543650469882,2.038041190761896
2023,vw_50,KYG9431R1039,WANT WANT CHINA HOLDINGS,SG,0.013570539096869557,54.92086239310012,24.67818351251339
2023,vw_50,JP3200450009,ORIX,JP,0.013210452309114714,47.60769073168233,44.5329237805293
2023,vw_50,JP3769000005,HACHIJUNI NAGANO BANK,JP,0.012859749407655875,1.6501444136472978,1.1412316090933947
2023,vw_50,JP3756600007,NINTENDO,JP,0.012819426197662553,0.1340907827806957,0.03089573910138811
2023,vw_50,JP3571400005,TOKYO ELECTRON,JP,0.011022261575569592,1.2749408123215842,0.3784228779335084
2023,vw_50,BMG2624N1535,DFI RETAIL GROUP HOLDINGS,HK,0.010942263501477595,25.753949602794435,52.35544019611106
2023,vw_50,SG1L01001701,DBS GROUP HOLDINGS,SG,0.01083279619646957,0.03446887753521704,0.008388472163748743
2023,vw_50,BMG668971101,CTF SERVICES,HK,0.01062015011624663,7.966658042856546,8.802239733884532
2023,vw_50,JP3371200001,SHIN-ETSU CHEMICAL,JP,0.010580538036436972,104.71283274880324,37.217669345366716
2023,vw_50,JP3802300008,FAST RETAILING,JP,0.010453583992483804,0.5134459118198815,0.14468872925057202
2023,vw_50,JP3436100006,SOFTBANK GROUP,JP,0.009703809643832516,0.2980497141485127,0.17842171736829912
2023,vw_50,JP3910660004,TOKIO MARINE HOLDINGS,JP,0.009695470099872405,0.2676351257943177,0.31228629936762137
2023,vw_50,JP3613000003,TOYO SUISAN KAISHA,JP,0.009682138363006977,56.0850947957693,40.111672299260704
2023,vw_50,AU000000MQG1,MACQUARIE GROUP,AU,0.009431818289004723,0.02947332319757232,0.007365370591012641
2023,vw_50,HK0388045442,HONG KONG EXCHANGES AND CLEARING,HK,0.009005179453072755,0.1320814337072736,0.005055204411929651
2023,vw_50,JP3906000009,MINEBEA MITSUMI,JP,0.008579116389854943,11.268006325796724,14.493196840217157
2023,vw_50,JP3475350009,DAIICHI SANKYO,JP,0.008498420178907007,9.340830963172325,1.403853668585024
2023,vw_50,AU000000STO6,SANTOS,AU,0.008493691999605368,671.8520615963743,337.1511099014538
2023,vw_50,JP3551500006,DENSO,JP,0.008104393710640817,11.831625022273139,13.207687620919764
2023,vw_50,JP3665200006,NICHIREI,JP,0.007912091758805796,15.405528402868967,28.492728315548362
2023,vw_50,JP3935600001,YAMAZAKI BAKING,JP,0.007820978160518638,44.109335359342666,143.4859325616117
2023,vw_50,AU000000BOQ8,BANK OF QLND.,AU,0.007621528842766468,0.22736921284094697,0.1220870459218643
2023,vw_50,JP3143600009,ITOCHU,JP,0.00754421640348656,10.892717929397831,23.151949261093428
2023,vw_50,AU000000CSL8,CSL,AU,0.007281821042329773,11.145770328770501,1.2937379251126988
2023,vw_50,AU000000BEN6,BENDIGO & ADELAIDE BANK,AU,0.007245120196314711,0.7488546295378437,0.3440781428691661
2023,vw_50,JP3194000000,OKI ELECTRIC IND.,JP,0.007230699028493515,3.012785908952192,17.117770259384567
2023,vw_50,AU000000WOW2,WOOLWORTHS GROUP,AU,0.007155780370613088,10.934655879067723,15.400442652956508
2023,vw_50,JP3789000001,KANADEVIA,JP,0.007145449358541656,52.39855718720311,178.22584274719833
2023,vw_50,SG1S04926220,OVERSEA-CHINESE BKG.,SG,0.007135425541341009,0.006806763929251455,0.0031948587073736662
2023,vw_50,HK0014000126,HYSAN DEVELOPMENT,HK,0.00700614074350432,3.9755663595462325,0.5006993805486569
2023,vw_50,AU000000GMG2,GOODMAN GROUP,AU,0.006996220639433029,2.3676823562914446,0.12818776203329577
2023,vw_50,JP3735400008,NTT,JP,0.006969196778033316,1.6643665154843688,1.5308171003705129
2023,vw_50,JP3519400000,CHUGAI PHARM.,JP,0.006796329637197603,4.89053042246006,1.1134092372296431
2023,vw_50,SG1M31001969,UNITED OVERSEAS BANK,SG,0.006392436440527189,0.37980140184697425,0.12571632112138958
2023,vw_50,JP3854600008,HONDA MOTOR,JP,0.006365259785995658,8.534000302776935,24.143674800205552
2023,vw_50,JP3893600001,MITSUI,JP,0.006303514313856973,27.171067249693053,63.74624329773779
2023,vw_50,JP3249600002,KYOCERA,JP,0.0062646258246440165,7.839379790128732,6.410035406421633
2023,vw_50,JP3890350006,SUMITOMO MITSUI FINL.GP.,JP,0.00589902011489738,0.3537550495234726,0.2510394746680624
2023,vw_50,SG1F60858221,SINGAPORE TECHS.ENGR.,SG,0.005816169936293468,6.5162682982244045,5.014676285930156
2023,vw_50,AU000000QBE9,QBE INSURANCE GROUP,AU,0.0057896490011379335,0.4183117797547887,0.5624885089170804
2023,vw_50,JP3802400006,FANUC,JP,0.005780351760042681,8.984556588021656,1.6099126720703287
2023,vw_50,JP3397200001,SUZUKI MOTOR,JP,0.0056324393515948855,12.236754987388132,22.760366398545937
2023,vw_50,JP3375800004,SHINKO ELEC.INDS. DEAD - DELIST.06/06/25,JP,0.005578338520980477,18.660699978140748,10.72179925079803
2023,vw_50,JP3766550002,HAKUHODO DY HDG.,JP,0.005497118368755845,0.02127704561838475,0.03785674062927367
2023,vw_50,JP3720800006,NSK,JP,0.005456920055180064,14.731681016976129,35.50028864720676
2023,vw_50,JP3266400005,KUBOTA,JP,0.005415064257162712,13.612274398719716,16.046267491279078
2023,vw_50,AU000000ASX7,ASX,AU,0.005408299108015545,0.06762385986172273,0.005268442974900084
2023,vw_50,AU000000ELD6,ELDERS,AU,0.0053092119017132105,24.19413483937441,56.67027109788423
2023,vw_50,AU000000NAB4,NATIONAL AUS.BANK,AU,0.0053073233850819785,0.41838734664367355,0.10783455706849128
2023,vw_50,JP3942600002,YAMAHA,JP,0.0052953640555984905,6.360668402165403,3.052854627225635
2023,vw_50,JP3404600003,SUMITOMO,JP,0.00519126573065622,29.635783781433304,69.40570907379717
2023,vw_50,JP3818000006,FUJITSU,JP,0.005181532995554367,2.2678236195644237,2.1594505029028
2023,vw_50,JP3672400003,NISSAN MOTOR,JP,0.0050955185241632174,7.6877370015972755,38.779345523968615
2023,vw_50,JP3463000004,TAKEDA PHARMACEUTICAL,JP,0.005030361161750077,9.016203321699502,5.544421121402206
2023,vw_50,JP3771800004,HAMAMATSU PHOTONICS,JP,0.004955838493433564,4.21989874610414,0.8014468757622457
2023,vw_50,SG1J26887955,SINGAPORE EXCHANGE,SG,0.004945638923293001,0.03416385668945396,0.004007234393825654
2023,vw_50,JP3942400007,ASTELLAS PHARMA,JP,0.00487497014782987,5.163923143935558,2.1736217704502874
2023,vw_50,JP3358200008,SHIMAMURA,JP,0.004788613161249767,0.16256912071921417,0.2156539741549147
2023,vw_50,JP3902400005,MITSUBISHI ELECTRIC,JP,0.004539982803532563,7.1848107395381176,11.121110115753583
2023,vw_50,JP3893200000,MITSUI FUDOSAN,JP,0.004532182696569392,10.394944262649682,10.255220495646576
2023,vw_50,AU000000GPT8,GPT GROUP STAPLED UNITS,AU,0.004482951936943749,13.024619559949599,1.1967981474677978
2023,vw_50,JP3898400001,MITSUBISHI,JP,0.0042093052068017615,118.32967604422984,395.5276478243548
2023,vw_50,JP3481800005,DAIKIN INDUSTRIES,JP,0.004204928220642649,18.51704156849024,10.604414809811662
2023,vw_50,JP3351600006,SHISEIDO,JP,0.004134051643840365,2.5387772512566675,1.0396628546516353
2023,vw_50,JP3944130008,USS,JP,0.004116302844010413,5.902769509203915,0.9207154000445731
2023,vw_50,JP3900000005,MITSUBISHI HEAVY INDS.,JP,0.003974568221895705,4.235566896157101,10.369879209830343
2023,vw_50,JP3336000009,SANTEN PHARM.,JP,0.003971434243212039,8.052186224623117,5.5715727496572836
2023,vw_50,AU000000ANZ3,ANZ GROUP HOLDINGS,AU,0.003901289413619425,0.3012399102894397,0.115206450518131
2023,vw_50,JP3973400009,RICOH,JP,0.003855943263258936,7.254221584099298,24.05419709960834
2023,vw_50,JP3721400004,JAPAN STEEL WORKS,JP,0.0038253051028239978,34.20950799997757,39.492680905612495
2023,vw_50,AU000000ALL7,ARISTOCRAT LEISURE,AU,0.0037821161096739868,1.1601203454401008,0.2775376358312325
2023,vw_50,JP3283650004,KOSE HOLDINGS,JP,0.0037811806442952316,2.6604781862281444,0.8921503515768093
2023,vw_50,JP3684000007,NITTO DENKO,JP,0.003762694146961862,40.642259987409595,31.3520128298537
2023,vw_50,JP3198900007,ORIENTAL LAND,JP,0.0037141968009079735,22.024606980823126,1.2367924015555969
2023,vw_50,HK0291001490,CHINA RESOURCES BEER HOLDINGS,HK,0.003583203297685151,33.77885724901672,7.197029788132605
2023,vw_50,JP3894900004,ISETAN MITSUKOSHI HDG.,JP,0.0035416720476869165,4.826244298487668,4.1399925620472615
2023,vw_50,SG9999000020,FLEX,SG,0.0034701093379726645,2.778568225586611,7.923182716566631
2023,vw_50,JP3362700001,MITSUI OSK LINES,JP,0.0034390475906685126,872.0409134994648,1179.5614451496845
2023,vw_50,JP3197800000,OMRON,JP,0.00338920309904715,0.6367198486018305,0.34588150929209804
2023,vw_50,JP3877600001,MARUBENI,JP,0.0032485775179740867,13.28827413084901,47.40575718937674
2023,vw_50,JP3726800000,JAPAN TOBACCO,JP,0.0032465243922015783,16.278992811406408,8.22875787786462
2023,vw_50,JP3626800001,LIXIL,JP,0.0032013269914678696,39.26585363183953,94.85396267118831
2023,vw_50,HK0823032773,LINK REAL ESTATE INVESTMENT TRUST,HK,0.0031942332028298093,9.429834706920367,0.8176818250328235
2023,vw_50,AU000000MGR9,MIRVAC GROUP STAPLED UNITS,AU,0.0031795330377700306,7.557005097369406,1.4682993977106602
2023,vw_50,JP3162600005,SMC,JP,0.003130677620498987,10.05845173235915,1.8128652305630975
2023,vw_50,AU000000JBH7,JB HI-FI,AU,0.003081149924137506,0.04806063815354721,0.0880494740443
2023,vw_50,AU000000WBC1,WESTPAC BANKING,AU,0.003058255216786851,0.34571397684343586,0.11195224645265507
2023,vw_50,JP3951600000,UNI CHARM,JP,0.003043694056333344,4.174880004369327,1.2357000515862453
2023,vw_50,JP3888300005,MITSUI CHEMICALS,JP,0.0030276083855017275,242.55551288311884,763.3472724062342
2023,vw_50,JP3837800006,HOYA,JP,0.0030098430654320516,2.3595046564824393,0.34044166806989734
2023,vw_50,JP3548610009,DENA,JP,0.0029988368532249256,0.012537346827376164,0.007165297911040071
2023,vw_50,JP3902900004,MITSUBISHI UFJ FINL.GP.,JP,0.002988352044261948,0.49736336230639233,0.33127522558262823
2023,vw_50,AU0000224040,WOODSIDE ENERGY GROUP,AU,0.0029804662975071,531.7145848933534,191.91876465042725
2023,vw_50,AU000000APA1,APA GROUP,AU,0.002951527952295461,687.6116658956403,154.21212331263513
2023,vw_50,JP3914400001,MURATA MANUFACTURING,JP,0.002899109494045666,19.125998382549092,6.6964234757329475
2023,vw_50,JP3955000009,YOKOGAWA ELECTRIC,JP,0.002893407195087415,4.632167104751087,3.2722401769008336
2023,vw_50,AU000000FLT9,FLIGHT CENTRE TRAVEL GP.,AU,0.0028208535319932003,18.744172053448402,9.025607369672136
2023,vw_50,AU000000TLS2,TELSTRA GROUP,AU,0.0028186630299348986,1.959440886821348,0.9088368998780353
2023,vw_50,JP3294460005,INPEX,JP,0.0027945997258816556,365.744528717021,434.8568426582611
2023,vw_50,HK0392044647,BEIJING ENTERPRISES HOLDINGS,HK,0.0027934951636263286,60.12649316871463,161.0100706721821
2023,vw_50,SG1T75931496,SINGAPORE TELECOM,SG,0.002783935211306158,0.5472157172329531,0.19420479953969952
2023,vw_50,BMG5320C1082,KUNLUN ENERGY,HK,0.0027686782963435063,14.668807351437023,54.26095665236986
2023,vw_50,JP3486800000,DAITO TST.CONSTRUCTION,JP,0.002745310332738876,2.672692249810934,4.944689827358329
2023,vw_50,JP3131430005,AEON MALL DEAD - DELIST.27/06/25,JP,0.002734863502835515,4.8532629050511895,4.457980886792924
2023,vw_50,JP3277800003,KEIO,JP,0.002693638764540724,32.4286124167891,17.95109035131292
2023,vw_50,SGXE34184239,SEATRIUM,SG,0.0026194754176890153,48.129474070381065,20.5908393172319
2023,vw_50,JP3429800000,ANA HOLDINGS,JP,0.0025646324935289545,779.4023798519235,875.6770723140379
2023,vw_50,JP3890310000,MS&AD INSURANCE GP.HDG.,JP,0.002551758595867049,0.42258483049718576,0.9751755043155752
2023,vw_50,JP3780100008,PARK24,JP,0.0025394907547004407,85.96995694532252,69.71894674597377
2023,vw_50,JP3866800000,PANASONIC HOLDINGS,JP,0.0024783068249434725,6.361637914472136,17.84099007820225
2023,vw_50,SG1U68934629,KEPPEL,SG,0.002469814063009028,0.6109125464163091,0.2903705206753956
2023,vw_50,HK0270001396,GUANGDONG INVESTMENT,HK,0.002450386620634972,1002.4488145504313,405.0907997939753
2023,vw_50,AU0000088338,AMPOL,AU,0.002433100549576425,25.010778159335384,131.5051873841587
2023,vw_50,AU000000MAH3,MACMAHON HOLDINGS,AU,0.0023419734432931355,0.8187697140760097,4.318739608898741
2023,vw_50,AU000000SXL4,SOUTHERN CROSS MEDIA GROUP,AU,0.0022719352724271105,1.1648633690013674,2.1232876712328768
2023,vw_50,JP3688370000,NIPPON EXPRESS HOLDINGS,JP,0.002240535266910432,26.81985856079344,105.18239627419725
2023,vw_50,HK0011000095,HANG SENG BANK DEAD - DELIST.28/01/26,HK,0.002238329170488659,0.022632029336441768,0.004474205412337929
2023,vw_50,HK2388011192,BOC HONG KONG HOLDINGS,HK,0.0021998166859537997,0.038698282975544875,0.015426099552952762
2023,vw_50,JP3188220002,OTSUKA HOLDINGS,JP,0.0021648996382930695,24.180027432827657,18.307551699372873
2023,vw_50,JP3402600005,SUMITOMO METAL MINING,JP,0.002140463291668588,178.6418040913064,166.67670402543325
2023,vw_50,JP3505000004,DAIWA HOUSE INDUSTRY,JP,0.0020744353781846077,6.479627237585651,15.001182312603452
2023,vw_50,NZAIAE0002S6,AUCKLAND INTL.AIRPORT,NZ,0.002059419662712043,6.850271683105102,0.24722145882262578
2023,vw_50,JP3352400000,CITIZEN WATCH,JP,0.0020487438580006293,8.0193989029556,13.389100126742711
2023,vw_50,AU000000TCL6,TRANSURBAN GROUP STAPLED UNITS,AU,0.002045544560165916,2.0151707689664384,0.19282362742164894
2023,vw_50,JP3165700000,NTT DATA GROUP DEAD - DELIST.26/09/25,JP,0.0020345540742702397,2.099368570972761,2.3486341589365005
2023,vw_50,IE00BKVD2N49,SEAGATE TECHNOLOGY HOLDINGS,SG,0.0020331809960909336,29.931565440547477,18.732228574411288
2023,vw_50,KYG210961051,CHINA MENGNIU DAIRY,HK,0.002028772567552847,19.702631620173484,13.590500722497959
2023,vw_50,JP3625000009,TOKUYAMA,JP,0.0019689836500510374,2451.399084760839,5999.852651354687
2023,vw_50,HK0000055878,CHINA TAIPING INSURANCE HLDGS,HK,0.0019253319685800148,0.26882442534730777,2.303716932693381
2023,vw_50,JP3526600006,CHUBU ELEC.POWER,JP,0.0019198407175848046,10.084345465473218,35.18776921676879
2023,vw_50,JP3388200002,AEON,JP,0.0019085800587818496,2.871580272912132,11.200835437437204
2023,vw_50,JP3443600006,TAISEI,JP,0.001904120648624245,16.969645214767283,32.34297263218141
2023,vw_50,AU000000SWM4,SEVEN WEST MEDIA DEAD - DELIST.08/01/26,AU,0.001894181093817044,2.424168865023797,4.732111593210018
2023,vw_50,AU000000SUN6,SUNCORP GROUP,AU,0.0018712288059042144,0.14822497522899572,0.16381105376367427
2023,vw_50,JP3165600002,NTN,JP,0.0018421664057834133,17.445935736082028,92.95647612122997
2023,vw_50,HK0293001514,CATHAY PACIFIC AIRWAYS,HK,0.001780372678595154,1778.5036808386792,1805.4409374385789
2023,vw_50,JP3600200004,TOHO GAS,JP,0.0017757486890667457,16.164870913037554,41.29329684688016
2023,vw_50,JP3452000007,TAIYO YUDEN,JP,0.0017466785800734142,16.137169010334322,9.390448125599479
2023,vw_50,JP3223800008,KAWASAKI KISEN KAISHA,JP,0.0017140830715167827,918.7844906162312,1078.9286073550552
2023,vw_50,SG1M77906915,CAPITALAND ASCENDAS REIT,SG,0.0016936087744310237,0.49037766818164674,0.05366839915739555
2023,vw_50,JP3352000008,77 BANK,JP,0.0016888357767761049,1.2516186545046653,0.8841106294718465
2023,vw_50,JP3841800000,HOKUETSU,JP,0.0016821859440586681,315.85096003737647,582.478836045161
2023,vw_50,HK0101000591,HANG LUNG PROPERTIES,HK,0.0016815553208860145,3.057501337751577,0.4507297822441069
2023,vw_50,JP3210200006,KAJIMA,JP,0.001658989124624817,15.897508598175719,46.46639808769215
2023,vw_50,JP3774200004,HANKYU HANSHIN HDG.,JP,0.0016510057474306546,14.051629104129205,13.55343452958674
2023,vw_50,BMG8403G1033,SINOFERT HOLDINGS,HK,0.0016430245521419624,490.40352504774256,1728.393479227183
2023,vw_50,JP3711600001,NIPPON SANSO HOLDINGS,JP,0.0016427031061322776,124.3722331265612,156.0097707660603
2023,vw_50,JP3456000003,TAKASHIMAYA,JP,0.0016414532323559088,4.720098849443309,8.092805085744713
2023,vw_50,HK0066009694,MTR,HK,0.0016070646712400365,8.261252811788236,1.5091569384183907
2023,vw_50,JP3357200009,SHIMADZU,JP,0.001601290220107866,0.6478290220728972,0.25356045675705974
2023,vw_50,JP3173400007,OBIC,JP,0.0015870207339805957,0.2862219103531873,0.013481266940889304
2023,vw_50,JP3491000000,DAIDO STEEL,JP,0.0015794793671902291,82.10742694116946,225.9407013396375
2023,vw_50,JP3778630008,BANDAI NAMCO HDG.,JP,0.0015787403721429746,0.7839395577614235,0.4106904100339484
2023,vw_50,AU000000BSL0,BLUESCOPE STEEL,AU,0.001555117196999313,632.0423330219912,1342.4449218984157
2023,vw_50,JP3634600005,TOYOTA INDS.,JP,0.0015434190008522962,14.238956916910125,17.840386191747598
2023,vw_50,JP3258000003,KIRIN HOLDINGS,JP,0.0015410983997246146,22.807758138272952,24.558384918792857
2023,vw_50,JP3560800009,TOKAI CARBON,JP,0.0015044548169586924,716.7193266761425,991.3181400784706
2023,vw_50,JP3305530002,COMSYS HOLDINGS,JP,0.0014356416588744187,19.36002666152243,31.884366032522053
2023,vw_50,HK0006000050,POWER ASSETS HOLDINGS,HK,0.001398941269692583,42627.38059812528,563.5442645818597
2023,vw_50,BMG677491539,ORIENT OVERSEAS (INTL.),HK,0.0013968399524050565,317.0974989065473,552.2333178510605
2023,vw_50,SG9999003735,XP POWER (DI),SG,0.0013955369619262417,1.4457805756063657,0.8702594810379242
2023,vw_50,JP3546800008,TERUMO,JP,0.0013901611221683802,10.806362087159325,3.065919926653158
2023,vw_50,JP3419050004,SEGA SAMMY HDG.,JP,0.0013885145686265985,2.3863905086544506,1.7289064275099828
2023,vw_50,JP3381000003,NIPPON STEEL,JP,0.0013558987226194711,1039.9250659550285,3165.6263199887358
2023,vw_50,JP3326410002,SANKYO,JP,0.0013555422424762216,0.8636029623652816,0.3576263159268637
2023,vw_50,JP3196000008,ODAKYU ELECTRIC RY.,JP,0.0013146379695001243,25.16803594684213,15.937917924821894
2023,vw_50,JP3126400005,ALPS ALPINE,JP,0.0012911325688270347,2.365738686739943,7.033864892751387
2023,vw_50,JP3160400002,EISAI,JP,0.0012757100695827781,8.275238108841494,2.5920067742345565
2023,vw_50,JP3885400006,MISUMI GROUP,JP,0.0012708249480688362,2.2064028595695127,0.8667670949478821
2023,vw_50,JP3783600004,EAST JAPAN RAILWAY,JP,0.0012648576351776885,87.78130443018384,74.63360790644873
2023,vw_50,AU000000RHC8,RAMSAY HEALTH CARE,AU,0.0012592446784872944,8.311282577517668,7.593996397987175
2023,vw_50,JP3939000000,YAMADA HOLDINGS,JP,0.0012587421446894462,4.242673902800501,15.137623850040415
2023,vw_50,JP3982100004,LAWSON DEAD - DELIST.24/07/24,JP,0.0012446643713587668,0.6045313419977202,1.0793064326663386
2023,vw_50,BMG2178K1009,CKI HOLDINGS,HK,0.0012424116816392905,8343.966027227063,491.1730715279688
2023,vw_50,AU000000CIM7,CIMIC GROUP DEAD - DELIST.11/05/22,AU,0.0011784997300231233,14.553472876249668,23.63507445048452
2023,vw_50,JP3869010003,MATSUKIYOKARA,JP,0.0011747991312307375,0.325927811034816,0.3351219663496378
2023,vw_50,AU000000IRE2,IRESS,AU,0.0011559705872065777,0.12072397942681166,0.04166470135056523
2023,vw_50,KYG217651051,CK HUTCHISON HOLDINGS,HK,0.0011514733625146158,225.15073437653206,306.17057996179466
2023,vw_50,JP3174410005,OJI HOLDINGS,JP,0.0011166414463930762,488.6779676342297,1508.2874490873432
2023,vw_50,JP3830800003,BRIDGESTONE,JP,0.0011127734102366893,49.326018962524856,59.031689798579634
2023,vw_50,JP3733000008,NEC,JP,0.0011025099600342199,0.8268965246067332,2.0017613480651995
2023,vw_50,JP3493800001,DAI NIPPON PRINTING,JP,0.0011007158048455725,30.170845939765456,43.090140277871
2023,vw_50,HK0012000102,HENDERSON LD.DEV.,HK,0.0010400146963042316,5.964851756522081,1.0780908571970635
2023,vw_50,HK0000139300,TELEVISION BROADCASTS,HK,0.00103524484213657,1.0127506943988802,2.115105284794226
2023,vw_50,JP3190000004,OBAYASHI,JP,0.0010249372532728218,18.327684160275084,52.164025862053116
2023,vw_50,JP3597800006,TOBU RAILWAY,JP,0.0010151641582540228,28.212977140742378,25.98900521868386
2023,vw_50,JP3358800005,SHIMIZU,JP,0.0009853483229927712,10.95805424406648,35.37521505512551
2023,vw_50,JP3596200000,TOTO,JP,0.0009823570780988701,31.15825239297233,26.323830117282064
2023,vw_50,JP3659000008,WEST JAPAN RAILWAY,JP,0.0009573877633344659,14.550972528503673,14.310993230671787
2023,vw_50,JP3732200005,NIPPON TELEVISION HDG.,JP,0.000957254305696913,0.6913055204746131,1.0341232626308432
2023,vw_50,JP3242800005,CANON,JP,0.0009566499846450052,5.147980185567935,5.46164240212385
2023,vw_50,AU000000CGF5,CHALLENGER,AU,0.0009304410048990916,0.026695590714523928,0.009948093187123917
2023,vw_50,JP3573000001,TOKYO GAS,JP,0.0009283463389034771,184.86619057802574,469.02052204951514
2023,vw_50,JP3888400003,MITSUI KINZOKU LIMITED,JP,0.0009216625224992308,154.16726417694866,531.4108892849806
2023,vw_50,JP3209000003,CASIO COMPUTER,JP,0.0008823883928759286,1.6759920379484845,1.3082464982529916
2023,vw_50,JP3899600005,MITSUBISHI ESTATE,JP,0.0008320758718128044,10.526591847347836,6.499755341706083
2023,vw_50,JP3783420007,HIKARI TSUSHIN,JP,0.0008317239113576564,0.20124322231381586,0.15107566793966157
2023,vw_50,AU000000IGO4,IGO,AU,0.0008154941745653489,139.20481100563748,13.450650412623247
2023,vw_50,JP3368000000,RESONAC HOLDINGS,JP,0.0008148442275389503,303.51140196083855,1045.7267197153792
2023,vw_50,HK0308001558,CTII.INTL.INV.HK.,HK,0.0007965302347474944,67.84302567697246,22.246511904055097
2023,vw_50,JP3967200001,RAKUTEN GROUP,JP,0.0007786697130752349,0.19919799994818588,0.3619282024474623
2023,vw_50,JP3289800009,KOBE STEEL,JP,0.0007786545105406775,792.2237045727744,6901.473253269984
2023,vw_50,AU000000MTS0,METCASH,AU,0.0007636224111907575,1.1817227829361552,4.612160060263233
2023,vw_50,JP3762800005,NOMURA RESEARCH INST.,JP,0.0007548559079334279,0.18888673558010327,0.06677836461120634
2023,vw_50,AU000000WES1,WESFARMERS,AU,0.0007539020854807575,28.59363574837614,20.97707171119606
2023,vw_50,JP3684400009,NITTO BOSEKI,JP,0.0007287090236704092,223.68229186575098,265.171858216971
2023,vw_50,JP3415400005,SEINO HDG.,JP,0.0007282801346667856,77.53194892105311,185.43372083339457
2023,vw_50,SG1M51904654,CAPITALAND INTEG. COML. TST.,SG,0.0007148895942586908,0.026184110957788595,0.0027903342820469893
2023,vw_50,HK0019000162,SWIRE PACIFIC 'A',HK,0.0007148239631442142,9.462171871233949,14.684503443516057
2023,vw_50,AU000000ORG5,ORIGIN ENERGY (EX BORAL),AU,0.0007009417591492186,1153.1415822012218,1525.9262561861874
2023,vw_50,JP3830000000,BROTHER INDUSTRIES,JP,0.0006917949175954811,3.096735128228607,4.792559069090763
2023,vw_50,US89677Q1076,TRIP COM GROUP ADR 1:1,SG,0.0006832975930507434,0.008407385585571043,0.0010617649931834686
2023,vw_50,JP3870000001,MABUCHI MOTOR,JP,0.0006810790885010893,2.3998380990070456,1.5152926082277958
2023,vw_50,HK0010000088,HANG LUNG GROUP,HK,0.000678757189607456,2.891507540569987,1.538678658748231
2023,vw_50,JP3300600008,KONICA MINOLTA,JP,0.0006746125438397242,18.154171261997966,72.83895981451371
2023,vw_50,JP3320800000,SAPPORO HOLDINGS,JP,0.0006743848334509284,32.057990866231926,61.01857319452816
2023,vw_50,JP3219000001,KAMIGUMI,JP,0.0006541100901935445,14.680295230938855,13.069380592940234
2023,vw_50,AU000000CQR9,CHARTER HALL RETAIL REIT,AU,0.0006487348284648703,2.6072786529060292,0.22570577136710693
2023,vw_50,AU000000DXS1,DEXUS STAPLED UNITS,AU,0.0006266401098258318,20.622561434732013,1.8864084979955638
2023,vw_50,HK0363006039,SHANGHAI INDUSTRIAL HOLDINGS,HK,0.0006076187056847249,107.13040748194744,283.91550257569634
2023,vw_50,HK0000745908,YUEXIU PROPERTY COMPANY,HK,0.0005983367261300962,0.18000163415940992,0.4353376986827341
2023,vw_50,JP3322930003,SUMCO,JP,0.0005799460634497289,25.033766475711424,15.933656700102642
2023,vw_50,JP3436120004,SBI HDG.,JP,0.000579257037555108,0.2064365006477955,0.2576692236541043
2023,vw_50,JP3102000001,AISIN,JP,0.0005681356179250228,16.06784566511412,61.69917288804073
2023,vw_50,AU000000WOR2,WORLEY,AU,0.0005672576319716336,3.0151186587028507,3.9362557103378264
2023,vw_50,JP3205800000,KAO,JP,0.0005645750766518894,44.61784238544369,28.865190989561942
2023,vw_50,JP3743000006,NH FOODS,JP,0.0005603738039279768,51.78085942120208,166.55105101609863
2023,vw_50,JP3931600005,YAKULT HONSHA,JP,0.0005320874583943489,71.0486496842322,21.31481785803059
2023,vw_50,JP3982800009,ROHM,JP,0.0005303772253386416,44.244965575419386,20.275292321554875
2023,vw_50,HK0003000038,HONG KONG AND CHINA GAS,HK,0.0005227991080235128,205.3431946100242,85.12226992719806
2023,vw_50,SG1V61937297,SINGAPORE AIRLINES,SG,0.0004897886353462185,1263.2430647324663,939.9422437925348
2023,vw_50,HK0165000859,CHINA EVERBRIGHT,HK,0.0004760672910820063,0.018635855385762207,0.006288517167651868
2023,vw_50,JP3351100007,SYSMEX,JP,0.00047484569720074364,4.449044979062195,0.9866214247671183
2023,vw_50,JP3635400009,TOYOTA BOSHOKU,JP,0.0004666960558254575,5.454791103669175,23.861822960668356
2023,vw_50,AU000000ILU1,ILUKA RESOURCES,AU,0.0004603011028563749,396.5837888077765,133.4344378413012
2023,vw_50,JP3404200002,SUMITOMO RUBBER INDS.,JP,0.0004599855519426543,44.0579756213314,158.7742794090396
2023,vw_50,AU000000BPT9,BEACH ENERGY,AU,0.00045488473034113427,421.22320937328067,228.54665264514813
2023,vw_50,JP3304200003,KOMATSU,JP,0.0004411644512969791,4.939934640033523,5.510047442369424
2023,vw_50,JP3734800000,NIDEC,JP,0.0004043507301518032,16.378165094924245,8.461772741389321
2023,vw_50,JP3942800008,YAMAHA MOTOR,JP,0.00038105427537744126,8.277684895553465,16.659636993015916
2023,vw_50,AU000000AMP6,AMP,AU,0.0003755562211828869,0.01676362665540813,0.009389573400381842
2023,vw_50,HK0004000045,WHARF HOLDINGS,HK,0.0003749521848906356,7.230194026559046,2.1454455979975497
2023,vw_50,JP3407200009,OSAKA TITANIUM,JP,0.0003653992956175138,168.9998373719304,50.85145530348999
2023,vw_50,JP3164800009,NOK,JP,0.00033960850544248683,6.988994305224076,23.725514052804478
2023,vw_50,JP3494600004,SCREEN HOLDINGS,JP,0.00033411348060326756,2.7627389521414325,2.382513342754605
2023,vw_50,BMG2108M2182,CHINESE ESTATES HDG.,HK,0.0003336759126672616,0.005472495238929142,0.0016378674965195318
2023,vw_50,JP3385820000,GS YUASA,JP,0.00032043475239541363,16.857291862192465,46.0917840742689
2023,vw_50,JP3421100003,JAPAN PETROLEUM EXP.,JP,0.0003093959371182217,91.9889884517787,123.34310983789192
2023,vw_50,JP3539220008,T & D HOLDINGS,JP,0.0002892872504364425,0.08196249411724703,0.18151421576125268
2023,vw_50,AU000000QAN2,QANTAS AIRWAYS,AU,0.0002805740598981287,858.1881608773666,1191.557090795872
2023,vw_50,JP3116000005,ASAHI GROUP HOLDINGS,JP,0.0002714898467821241,24.338267559165256,28.07911704154648
2023,vw_50,AU000000LLC3,LENDLEASE GROUP STAPLED UNITS,AU,0.0002659274918021619,3.72361639464965,6.126082760651188
2023,vw_50,BMG4600H1198,HOPSON DEVELOPMENT HOLDINGS,HK,0.00025928034267247484,0.8636003530372919,0.876079042706299
2023,vw_50,AU000000COH5,COCHLEAR,AU,0.00025398302640128377,0.7502858621898518,0.09036230747452148
2023,vw_50,JP3788600009,HITACHI,JP,0.00025225682430721045,5.705547477030776,9.571297670678211
2023,vw_50,AU000000CSR5,CSR DEAD - DEAD.10/07/24,AU,0.0002463353130789806,155.47276228776153,153.3197317910758
2023,vw_50,AU000000CWY3,CLEANAWAY WASTE MANAGEMENT,AU,0.00022607109600366617,466.3616587327558,257.70088955708655
2023,vw_50,JP3263000006,KINDEN,JP,0.00022051731552966125,3.2669726586299843,6.5676944660409236
2023,vw_50,JP3228600007,KANSAI ELECTRIC PWR.,JP,0.00021339720459365684,805.1807695107863,2562.916440561867
2023,vw_50,JP3796150005,HIROGIN HOLDINGS,JP,0.00021267277911625753,1.16122710907778,0.8515720995216027
2023,vw_50,JP3389900006,JAFCO GROUP,JP,0.00019901560077499993,0.018574814210396258,0.00893612268019851
2023,vw_50,JP3657400002,NIKON,JP,0.00017445554973314652,7.55254462674182,9.3253461229123
2023,vw_50,JP3535800001,TSUMURA,JP,0.00017248157521163894,39.91169125002206,26.358662315675836
2023,vw_50,HK0000049939,CHINA UNICOM (HONG KONG),HK,0.0001710969848987443,1.900804213155348,4.593215636775856
2023,vw_50,JP3811000003,FUJIKURA,JP,0.00016600905829519726,3.6034472805029956,10.040761054788856
2023,vw_50,HK0144000764,CHINA MERCHANTS PORT HOLDINGS,HK,0.0001650187375389817,39.2598135468299,10.984344309748645
2023,vw_50,JP3039710003,JAPAN METROPOLITAN FUND INVESTMENT REIT,JP,0.0001564591479548042,8.708318471157426,1.0110315915446966
2023,vw_50,JP3538800008,TDK,JP,0.0001561425479548771,8.474797105771374,10.316596503001577
2023,vw_50,JP3274400005,GLORY,JP,0.00014126982564343323,9.417142023260118,16.26753335614095
2023,vw_50,JP3835620000,BENESSE HOLDINGS DEAD - DELIST.17/05/24,JP,0.00013738914302040275,0.022728411978309,0.04646426070905735
2023,vw_50,JP3862400003,MAKITA,JP,0.0001328266462204527,3.5560224324682244,2.840201034368808
2023,vw_50,JP3197600004,ONO PHARM.,JP,0.00013074784857470965,2.4544504874478803,0.7134523174584393
2023,vw_50,AU000000PPT9,PERPETUAL,AU,0.00013026907749871293,0.07886825882728402,0.020830002954953908
2023,vw_50,HK0002007356,CLP HOLDINGS,HK,0.00012977273763360635,2973.187555757492,2030.187623319149
2023,vw_50,JP3131400008,AEON FINANCIAL SERVICE,JP,0.0001243908132664587,0.7881336468498584,1.278358849982315
2023,vw_50,JP3111200006,ASAHI KASEI,JP,0.00012251050759920715,136.88121142340023,271.9575413713386
2023,vw_50,SG1R50925390,SEMBCORP INDUSTRIES,SG,0.0001180962082089529,1702.7438789903017,2076.257969023003
2023,vw_50,JP3166000004,EBARA,JP,0.00010947078697770111,16.217443482209465,22.163006334496462
2023,vw_50,JP3347200002,SHIONOGI,JP,9.857163956447442e-05,11.705114622482048,2.753070056370866
2023,vw_50,AU000000SGP0,STOCKLAND STAPLED UNITS,AU,9.729459407872822e-05,1.5232311534581504,0.4405490565354388
2023,vw_50,SG1R89002252,CITY DEVELOPMENTS,SG,9.167917167842113e-05,0.034958756612369364,0.015255159884476835
2023,vw_50,JP3224200000,KAWASAKI HEAVY INDUSTRY,JP,9.157869794278736e-05,10.585453718096492,36.051751094846246
2023,vw_50,JP3574200006,TOKYU,JP,9.081938657007303e-05,20.494120623817174,18.110948860697878
2023,vw_50,JP3870400003,MARUI GROUP,JP,8.663280362376265e-05,5.998209436235205,2.8783267128666337
2023,vw_50,NZFBUE0001S0,FLETCHER BUILDING,NZ,8.641035027869917e-05,136.19184691824984,283.95002773379963
2023,vw_50,JP3385980002,J S R DEAD - DELIST.25/06/24,JP,8.495563507718197e-05,10.986110002626972,7.2132775223664645
2023,vw_50,JP3180400008,OSAKA GAS,JP,8.265065168680533e-05,265.7674259136431,646.1935917235351
2023,vw_50,AU000000MND5,MONADELPHOUS GROUP,AU,8.184547580130696e-05,7.552839036953406,10.001306648663952
2023,vw_50,JP3940000007,YAMATO HDG.,JP,7.684809449561011e-05,46.59987655081624,99.8871694215502
2023,vw_50,JP3634200004,TOYODA GOSEI,JP,7.57316452521286e-05,14.637028567427706,49.21656679689129
2023,vw_50,SG1S83002349,UOL GROUP,SG,7.42201081158668e-05,0.9116686642194771,0.4894432939029099
2023,vw_50,JP3768600003,HASEKO,JP,7.004642633587142e-05,4.471751499974002,10.034392658244053
2023,vw_50,AU000000IAG3,INSURANCE AUS.GROUP,AU,6.943796053277844e-05,0.8564682949678637,0.6681329033746838
2023,vw_50,HK0016000132,SUN HUNG KAI PROPERTIES,HK,6.938844346136934e-05,2.4339193313741365,0.4920149964610517
2023,vw_50,JP3820000002,FUJI ELECTRIC,JP,6.795831164091377e-05,18.23143796180638,22.905834492602057
2023,vw_50,JP3407400005,SUMITOMO ELECTRIC IND.,JP,6.748852968812832e-05,10.196112359419846,31.781062862942342
2023,vw_50,BMG2442N1048,COSCO SHIPPING PORTS,HK,6.684169158899085e-05,54.52638379011055,30.222887878426192
2023,vw_50,SGXE21576413,GENTING SINGAPORE,SG,6.475937056891436e-05,1.3384180581032683,0.19189809504446273
2023,vw_50,AU000000SHL7,SONIC HEALTHCARE,AU,6.23537431094619e-05,5.279191477929981,3.029678790477433
2023,vw_50,AU000000CPU5,COMPUTERSHARE,AU,6.108196525017084e-05,0.8831534465732308,0.26609791596950355
2023,vw_50,JP3742600004,NHK SPRING,JP,6.014945092232857e-05,8.234572719511686,25.274641305817283
2023,vw_50,AU000000SIG5,SIGMA HEALTHCARE,AU,5.938029999230554e-05,0.001260890143543176,0.00678477954499698
2023,vw_50,JP3977400005,RINNAI,JP,5.788309318206395e-05,11.616397062910911,9.449945785949568
2023,vw_50,NZCENE0001S6,CONTACT ENERGY,NZ,5.454436237447771e-05,360.78704068455,132.4
2023,vw_50,JP3919800007,MEIDENSHA,JP,5.294253493274016e-05,9.789965297609358,30.592927012791574
2023,vw_50,JP3421800008,SECOM,JP,4.888494764193742e-05,6.719009663386614,4.109927310669652
2023,vw_50,JP3799000009,HIROSE ELECTRIC,JP,4.728115844542698e-05,1.1789611312998116,0.3496612139127049
2023,vw_50,KYG0535Q1331,ASMPT,HK,4.442123993309751e-05,0.7290111611608774,0.48053820278712156
2023,vw_50,JP3134800006,IHI,JP,4.281705969098836e-05,6.0565943610977255,13.322077905189996
2023,vw_50,JP3108600002,ACOM,JP,4.195347672245896e-05,0.5688008219720176,0.3103957871512275
2023,vw_50,JP3243600008,CANON MARKETING JAPAN,JP,3.8052006536571226e-05,1.2367251256700476,1.8435054263818156
2023,vw_50,JP3386030005,JFE HOLDINGS,JP,3.539908927796526e-05,1215.4062816711003,6008.922636960515
2023,vw_50,BMG684371393,PACIFIC BASIN SHIP.,HK,2.7654285196831588e-05,875.5739280320943,1470.106134491661
2023,vw_50,JP3292200007,JTEKT,JP,2.6209135575055752e-05,8.41351753978358,42.899681362516354
2023,vw_50,AU000000ABC7,ADBRI DEAD - DELIST.02/07/24,AU,2.6007305538741263e-05,1488.5414666128038,2073.8703203930527
2023,vw_50,JP3420600003,SEKISUI HOUSE,JP,2.5119237812759168e-05,2.4322775767794056,4.286069636368131
2023,vw_50,JP3566800003,CENTRAL JAPAN RAILWAY,JP,2.5073959154439475e-05,7.18987123345684,2.8670338354411418
2023,vw_50,AU000000TAH8,TABCORP HOLDINGS,AU,2.4590372422264418e-05,6.655072052246752,2.023284254951801
2023,vw_50,JP3269600007,KURARAY,JP,2.0029790977444117e-05,296.72341303899094,602.9103877872706
2023,vw_50,JP3868400007,MAZDA MOTOR,JP,1.7504358883725784e-05,3.9703725878449325,22.25175995667799
2023,vw_50,AU000000ANN9,ANSELL,AU,1.721183333722378e-05,66.63621334964343,47.942186074254316
2023,vw_50,JP3260800002,KINTETSU GROUP HDG.,JP,1.678113898635137e-05,7.625576709354283,12.472425431584387
2023,vw_50,JP3579800008,TOKYO STEEL MNFG.,JP,1.550651691644599e-05,134.83732469877714,220.71581764632083
2023,vw_50,JP3240400006,KIKKOMAN,JP,1.4270861886328435e-05,23.126188250178547,10.50399678540637
2023,vw_50,JP3122400009,ADVANTEST,JP,1.39009734427967e-05,0.8363579592671855,0.23312606511582648
2023,vw_50,BMG8063F1068,SHANGRI-LA ASIA,HK,1.2769962013667077e-05,102.70722552178694,45.821674262882
2023,vw_50,JP3756100008,NITORI HOLDINGS,JP,1.2101728650077803e-05,5.062038727910633,2.0816282982264167
2023,vw_50,BMG507361001,JARDINE MATHESON HDG.,HK,1.1978623306008017e-05,132.48465589312696,318.8122947192024
2023,vw_50,JP3663900003,SOJITZ,JP,1.1937293905531398e-05,38.93227636224332,153.8346391229026
2023,vw_50,JP3814800003,SUBARU,JP,1.133944127930055e-05,5.869678093817494,12.694645300822408
2023,vw_50,AU000000DOW2,DOWNER EDI,AU,8.092839006253697e-06,42.478056759056734,186.58044854692582
2023,vw_50,BMG988031446,YUE YUEN INDL.HDG.,HK,7.507531456379578e-06,5.022374118657048,16.995241332426918
2023,vw_50,JP3528600004,CHIYODA CORPORATION,JP,7.241904807654377e-06,27.54078195966495,114.1602866701046
2023,vw_50,AU000000ORI1,ORICA,AU,7.198864264274685e-06,286.80443725736416,306.539726149365
2023,vw_50,AU000000SGM7,SIMS,AU,7.039706099904438e-06,12.96677403367702,38.49060168130726
2023,vw_50,JP3172100004,OKUMA,JP,7.016685328929055e-06,5.073153696500349,6.464804402080765
2023,vw_50,JP3711200000,AOZORA BANK,JP,6.945792407838974e-06,0.08843547630846961,0.04494362966449156
2023,vw_50,JP3459600007,TAKARA HDG.,JP,5.421776483075994e-06,25.800627586859257,42.82967661368596
2023,vw_50,HK0023000190,BANK OF EAST ASIA,HK,4.858789683333684e-06,0.8624810464907097,0.9530444055498244
2023,vw_50,JP3635000007,TOYOTA TSUSHO,JP,4.424234818299435e-06,6.298085691367878,31.568418200248225
2023,vw_50,JP3293200006,COCA-COLA BOTTLERS JAPAN HOLDINGS,JP,3.864331238177482e-06,30.6576571949329,90.3677142656261
2023,vw_50,JP3229400001,KANSAI PAINT,JP,3.7049538375720905e-06,18.36681501083141,18.643216881295423
2023,vw_50,JP3271400008,CREDIT SAISON,JP,3.47238264611284e-06,0.11777776094145068,0.14170409533122297
2023,vw_50,JP3902000003,MITSUBISHI LOGISTICS,JP,2.913967259340904e-06,8.574555479653815,10.433556393097966
2023,vw_50,HK0688002218,CHINA OVERSEAS LAND INVESTMENT,HK,2.7109588240452007e-06,0.3882214306386254,0.35829941759078865
2023,vw_50,SG2B80958517,OUE,SG,2.4373402929722333e-06,5.71718565602048,2.551206000879685
2023,vw_50,JP3280200001,KEIKYU,JP,2.4265216082742024e-06,30.202918979238248,23.43108149477086
2023,vw_50,JP3613400005,TOYO SEIKAN GROUP HDG.,JP,2.1791499352554846e-06,56.57442030489395,149.66892003678237
2023,vw_50,JP3256000005,KYOWA KIRIN,JP,2.070754221050871e-06,5.4081946073402545,1.3891912969400537
2023,vw_50,JP3409000001,SUMITOMO REAL.&DEV.,JP,1.941853108176209e-06,6.108078280575964,3.851446218054879
2023,vw_50,JP3675600005,NISSIN FOODS HOLDINGS,JP,1.3298254064528685e-06,58.79528851106294,36.40164791243928
2023,vw_50,JP3027680002,JAPAN REAL ESTATE INV.,JP,1.2740030459000938e-06,4.825109279629377,0.4593268923113461
2023,vw_50,JP3619800000,TOYOBO,JP,1.231565151319605e-06,228.59050835703783,1009.4422547991039
2023,vw_50,JP3733400000,NIPPON ELEC.GLASS,JP,1.1644248651430146e-06,214.76023779455872,294.9580105815507
2024,vw,JP3633400001,TOYOTA MOTOR,JP,0.05262101071198926,8.68325956389896,7.8824987927614405
2024,vw,AU000000BHP4,BHP GROUP,AU,0.025489314393327484,150.87613865715858,52.12413145782233
2024,vw,AU000000CBA7,COMMONWEALTH BK.OF AUS.,AU,0.020484759356731764,0.19011187237641752,0.057407578781184423
2024,vw,JP3435000009,SONY GROUP,JP,0.019950009068400252,2.8403204824349157,1.9572985673792722
2024,vw,JP3902900004,MITSUBISHI UFJ FINL.GP.,JP,0.018767366146894653,0.3842093219010886,0.23676124022347622
2024,vw,JP3735400008,NTT,JP,0.01855327062891579,1.6746789260904795,1.3099475671653784
2024,vw,AU000000CSL8,CSL,AU,0.015297066997530332,8.101288183683304,1.1968877106429692
2024,vw,JP3571400005,TOKYO ELECTRON,JP,0.014482383785515633,1.690806008834703,0.23494292732846062
2024,vw,JP3802300008,FAST RETAILING,JP,0.013499377234267638,0.45398341685643534,0.10514133948626213
2024,vw,JP3371200001,SHIN-ETSU CHEMICAL,JP,0.012993127215816995,134.6385950600727,27.957932414878258
2024,vw,JP3496400007,KDDI,JP,0.012387944481111334,0.7325894256003673,0.3718701279676889
2024,vw,JP3788600009,HITACHI,JP,0.012122734806570126,5.936434822717056,5.346166985387321
2024,vw,JP3756600007,NINTENDO,JP,0.012028913992047578,0.14581276563702686,0.022536092297360037
2024,vw,JP3143600009,ITOCHU,JP,0.011681826396064654,11.372342811388137,14.736570255814494
2024,vw,JP3898400001,MITSUBISHI,JP,0.011622293399121353,152.3072139013388,286.3101184559599
2024,vw,JP3890350006,SUMITOMO MITSUI FINL.GP.,JP,0.011137508507184736,0.2511931809310805,0.205733927636997
2024,vw,JP3198900007,ORIENTAL LAND,JP,0.010768383834985231,17.698023021999873,1.074674079927681
2024,vw,AU000000NAB4,NATIONAL AUS.BANK,AU,0.01060863488052792,0.21661545709016042,0.11169126353777381
2024,vw,JP3436100006,SOFTBANK GROUP,JP,0.01037233377990453,0.16554971716837139,0.11679762986882644
2024,vw,SG1L01001701,DBS GROUP HOLDINGS,SG,0.010062641648893207,0.049656529604459,0.02093218086112738
2024,vw,JP3893600001,MITSUI,JP,0.009727467781417051,29.467697062374555,43.9231483153299
2024,vw,JP3854600008,HONDA MOTOR,JP,0.009709343618887922,8.184643664059664,17.85570653361996
2024,vw,JP3475350009,DAIICHI SANKYO,JP,0.009574499590430543,8.40673094683883,1.4425669009544007
2024,vw,JP3519400000,CHUGAI PHARM.,JP,0.009515426745655867,6.823104124814123,0.8708454009749015
2024,vw,AU000000WBC1,WESTPAC BANKING,AU,0.008894809470251792,0.20387240361396555,0.11406687575891268
2024,vw,AU000000ANZ3,ANZ GROUP HOLDINGS,AU,0.008659495104384369,0.16711811652104513,0.11147848575618169
2024,vw,JP3726800000,JAPAN TOBACCO,JP,0.008536744652640508,16.713454211072094,6.078365174104236
2024,vw,JP3910660004,TOKIO MARINE HOLDINGS,JP,0.008306704213917044,0.296885543734972,0.26693110758757277
2024,vw,JP3551500006,DENSO,JP,0.008057656574171835,11.348478714564271,10.958998866296595
2024,vw,AU000000MQG1,MACQUARIE GROUP,AU,0.00778110998158876,0.02048108822291449,0.008162583674291256
2024,vw,JP3481800005,DAIKIN INDUSTRIES,JP,0.007528813732343203,18.239776622607398,11.276851657966201
2024,vw,JP3463000004,TAKEDA PHARMACEUTICAL,JP,0.007399266314587391,9.922485825248877,6.10940164651659
2024,vw,SG1S04926220,OVERSEA-CHINESE BKG.,SG,0.007083972965100902,0.007174201181232225,0.003019118568333975
2024,vw,AU000000WES1,WESFARMERS,AU,0.007051167680036779,29.154765481424313,19.069622623733597
2024,vw,JP3837800006,HOYA,JP,0.00699920451031823,2.1701303261903164,0.25464029858658427
2024,vw,JP3914400001,MURATA MANUFACTURING,JP,0.0067928278829426925,18.100520264646313,4.651222699111688
2024,vw,AU0000224040,WOODSIDE ENERGY GROUP,AU,0.006507927260143259,718.2232936722069,245.77946222796396
2024,vw,HK0388045442,HONG KONG EXCHANGES AND CLEARING,HK,0.00613104643149579,0.03016046877411267,0.001585622421546706
2024,vw,JP3162600005,SMC,JP,0.006057409122482394,10.195990309702825,1.4345649589212943
2024,vw,SG1M31001969,UNITED OVERSEAS BANK,SG,0.0058236275170076525,0.2528238691113975,0.14189259120354966
2024,vw,JP3242800005,CANON,JP,0.005771698372625516,7.021399252609229,5.5581101437362905
2024,vw,AU000000GMG2,GOODMAN GROUP,AU,0.0054121364402120765,2.8839716539022677,0.1143908887252975
2024,vw,JP3122400009,ADVANTEST,JP,0.005138007266768413,0.7381710324423192,0.07820600470749693
2024,vw,JP3902400005,MITSUBISHI ELECTRIC,JP,0.005079964903610806,6.6454874413919125,7.463426816475292
2024,vw,JP3818000006,FUJITSU,JP,0.0050561018010067465,2.5510504049692866,2.050913281297818
2024,vw,AU000000TLS2,TELSTRA GROUP,AU,0.004979303376215205,2.229433564432526,1.0792467172247997
2024,vw,JP3830800003,BRIDGESTONE,JP,0.004913431945174462,51.87920487299539,49.77350423263656
2024,vw,SG1T75931496,SINGAPORE TELECOM,SG,0.0048634584475089945,0.7848293558075881,0.280344502249419
2024,vw,AU000000WOW2,WOOLWORTHS GROUP,AU,0.004701778150146738,10.80108844362592,15.956120814217831
2024,vw,JP3634600005,TOYOTA INDS.,JP,0.004650270271834471,12.71875802326177,11.177779628283046
2024,vw,JP3877600001,MARUBENI,JP,0.0045018371721155335,19.4177342233685,34.14911627813233
2024,vw,JP3404600003,SUMITOMO,JP,0.004489476253473059,98.59899963152705,163.48791542802616
2024,vw,JP3304200003,KOMATSU,JP,0.004446034000144701,4.21484007725958,3.9358098566527033
2024,vw,JP3802400006,FANUC,JP,0.0044206997068043236,10.269433460035795,2.062235032339478
2024,vw,AU000000TCL6,TRANSURBAN GROUP STAPLED UNITS,AU,0.004374376641659697,2.191622602010431,0.22490479882095363
2024,vw,HK0016000132,SUN HUNG KAI PROPERTIES,HK,0.00435585227636419,2.230039148235807,0.7564046100694248
2024,vw,JP3814000000,FUJIFILM HOLDINGS,JP,0.004304370322117762,28.58579472850527,21.19248573930156
2024,vw,JP3566800003,CENTRAL JAPAN RAILWAY,JP,0.0041904437742835785,5.915917070674503,2.5519199717896845
2024,vw,JP3546800008,TERUMO,JP,0.0041089287897635995,10.740930393752596,2.5285313989316944
2024,vw,HK2388011192,BOC HONG KONG HOLDINGS,HK,0.004070101020154441,0.026533192562001966,0.02058109548752515
2024,vw,JP3933800009,LY,JP,0.0038636887471883764,0.29593697025492044,0.14903848371584727
2024,vw,US89677Q1076,TRIP COM GROUP ADR 1:1,SG,0.003861274568557195,0.5147063857183863,0.1356619805306385
2024,vw,JP3635000007,TOYOTA TSUSHO,JP,0.0037637935999891166,6.463649216554283,19.125514159705375
2024,vw,JP3893200000,MITSUI FUDOSAN,JP,0.0037532311634141664,11.77688203122596,8.029541806715978
2024,vw,JP3200450009,ORIX,JP,0.0037473642232641598,54.29913554841451,42.85810642828575
2024,vw,JP3397200001,SUZUKI MOTOR,JP,0.003722631044200405,11.975402523217312,17.845018193213672
2024,vw,JP3866800000,PANASONIC HOLDINGS,JP,0.0037077943772703824,5.541671466671923,13.808756587017236
2024,vw,JP3783600004,EAST JAPAN RAILWAY,JP,0.0036970618140133695,89.09006889761112,70.55898051476501
2024,vw,JP3381000003,NIPPON STEEL,JP,0.0036866225167511506,1096.6442121826688,2813.650379548339
2024,vw,JP3900000005,MITSUBISHI HEAVY INDS.,JP,0.0036446028465356643,4.226533271597552,5.734857531023801
2024,vw,JP3734800000,NIDEC,JP,0.0035551469965986226,16.32556348359907,11.530445617541956
2024,vw,JP3951600000,UNI CHARM,JP,0.0035448000538209523,4.738770923405403,1.3758081730318745
2024,vw,JP3890310000,MS&AD INSURANCE GP.HDG.,JP,0.0035323986288256053,0.3687201644800836,0.7150422149658442
2024,vw,KYG2108Y1052,CHINA RESOURCES LAND,HK,0.003472040922537825,0.9837716412141607,1.6292527085970918
2024,vw,JP3188220002,OTSUKA HOLDINGS,JP,0.0034673324640799624,27.084566579578272,17.230570380370402
2024,vw,JP3249600002,KYOCERA,JP,0.0034456388817357365,8.611914046141104,5.439282536852183
2024,vw,JP3119600009,AJINOMOTO,JP,0.0034188317774049267,81.23740997746677,36.353675418554644
2024,vw,HK0000049939,CHINA UNICOM (HONG KONG),HK,0.0033980487778732674,2.08914392313804,5.245008659032477
2024,vw,JP3388200002,AEON,JP,0.0033767764615989125,3.163423347206912,9.64443695920979
2024,vw,HK0002007356,CLP HOLDINGS,HK,0.0033658300247987345,3413.9907142682205,1831.9038658442714
2024,vw,JP3942400007,ASTELLAS PHARMA,JP,0.0033222840752070238,5.488008503511811,2.7858965086558163
2024,vw,JP3538800008,TDK,JP,0.0033090725231542327,9.475377959194095,6.542373196717258
2024,vw,HK0066009694,MTR,HK,0.0032976529721525072,8.310321918271633,2.975233249265822
2024,vw,JP3165700000,NTT DATA GROUP DEAD - DELIST.26/09/25,JP,0.003269066828803551,1.3749714134926783,1.9580933235396452
2024,vw,KYG217651051,CK HUTCHISON HOLDINGS,HK,0.0032257801198702224,199.71393293434497,353.49548698836213
2024,vw,HK0011000095,HANG SENG BANK DEAD - DELIST.28/01/26,HK,0.003200617573466023,0.01285537728133312,0.005900130607781794
2024,vw,JP3505000004,DAIWA HOUSE INDUSTRY,JP,0.003194070126587764,19.357459599963747,34.72259210617758
2024,vw,JP3116000005,ASAHI GROUP HOLDINGS,JP,0.0030438903929329774,24.77409111574891,24.62837675990738
2024,vw,AU000000ALL7,ARISTOCRAT LEISURE,AU,0.003035278742312351,1.2662857332213486,0.27741968201095907
2024,vw,JP3201200007,OLYMPUS,JP,0.0029928248439940754,4.105339466174771,1.373209184178941
2024,vw,IE00BKVD2N49,SEAGATE TECHNOLOGY HOLDINGS,SG,0.0029709562742054416,42.36037706691393,14.94920474947045
2024,vw,JP3205800000,KAO,JP,0.002953420263920017,48.66294448351347,27.594712129000616
2024,vw,JP3899600005,MITSUBISHI ESTATE,JP,0.0029456673479802808,9.867406133480547,5.117302923827356
2024,vw,JP3733000008,NEC,JP,0.0029094741115619294,0.8614878098021995,1.11211177875914
2024,vw,JP3266400005,KUBOTA,JP,0.002894400887531133,11.927525995993824,13.602875524732324
2024,vw,JP3753000003,NIPPON YUSEN KK,JP,0.002787473837473262,719.2608047464832,664.0672218498912
2024,vw,JP3294460005,INPEX,JP,0.0027801065420128696,453.0609907499933,385.4658285184102
2024,vw,JP3762600009,NOMURA HDG.,JP,0.0027400603413093158,0.09561847195762385,0.14327698048050713
2024,vw,JP3421800008,SECOM,JP,0.002735544693091125,6.9888984135808085,3.1900182605074914
2024,vw,JP3762800005,NOMURA RESEARCH INST.,JP,0.002719873595291935,0.20419348067390383,0.059570934387977156
2024,vw,AU000000STO6,SANTOS,AU,0.002710020830019306,749.158841415728,265.4565673596039
2024,vw,HK0688002218,CHINA OVERSEAS LAND INVESTMENT,HK,0.002666789209725884,0.2851904465602999,0.4958964899617718
2024,vw,AU000000QBE9,QBE INSURANCE GROUP,AU,0.00255307815568898,0.3791129608325802,0.49158261551652027
2024,vw,JP3672400003,NISSAN MOTOR,JP,0.0025299943953141805,5.583505849967185,29.58731459897021
2024,vw,SG1V61937297,SINGAPORE AIRLINES,SG,0.0024581442265895048,1091.8199251781807,992.8591061441467
2024,vw,JP3173400007,OBIC,JP,0.002457609542731592,0.29591300700553685,0.014372315492103467
2024,vw,BMG2178K1009,CKI HOLDINGS,HK,0.0024535880720184416,8553.871280226222,432.67143139211385
2024,vw,JP3756100008,NITORI HOLDINGS,JP,0.0024474375873983294,4.07712930157943,1.7841455333138698
2024,vw,JP3814800003,SUBARU,JP,0.002411800098141384,5.132377246189555,10.378211553396232
2024,vw,JP3409000001,SUMITOMO REAL.&DEV.,JP,0.002409813666596532,6.5899342891598796,2.891133364620327
2024,vw,JP3420600003,SEKISUI HOUSE,JP,0.002404868651037896,2.403581069051743,3.393691376273872
2024,vw,JP3347200002,SHIONOGI,JP,0.002341581525310399,14.429540382730167,2.8630066274839225
2024,vw,JP3778630008,BANDAI NAMCO HDG.,JP,0.0023034439839541825,1.1469445176866937,0.5544238549972708
2024,vw,JP3160400002,EISAI,JP,0.002203744887502824,9.612048039269606,3.5721769281160602
2024,vw,HK0003000038,HONG KONG AND CHINA GAS,HK,0.002145715486378136,223.46650912369284,122.9321275715317
2024,vw,AU000000COH5,COCHLEAR,AU,0.0021397156853907085,0.6033067695107366,0.06481877624270695
2024,vw,HK0823032773,LINK REAL ESTATE INVESTMENT TRUST,HK,0.0021235714733899716,5.27434845571533,0.6647129152834377
2024,vw,JP3258000003,KIRIN HOLDINGS,JP,0.002117942710594853,24.549935107350567,27.03587223361667
2024,vw,JP3358000002,SHIMANO,JP,0.002074699748522627,3.094415299289347,0.7731487772534944
2024,vw,HK0012000102,HENDERSON LD.DEV.,HK,0.002071379847841223,3.7262514228369263,1.0275893303421622
2024,vw,JP3362700001,MITSUI OSK LINES,JP,0.0020608498163485704,1016.3074559441026,847.5181024112962
2024,vw,HK0006000050,POWER ASSETS HOLDINGS,HK,0.0020443540092049033,37866.39227673032,495.8273000414504
2024,vw,JP3228600007,KANSAI ELECTRIC PWR.,JP,0.0020049672519261083,705.6365121421627,1606.3809154383243
2024,vw,JP3684000007,NITTO DENKO,JP,0.0020032222382443746,48.47524391098939,23.375012031256194
2024,vw,JP3240400006,KIKKOMAN,JP,0.0019301341953759249,22.879086888542663,8.386120844085308
2024,vw,HK0291001490,CHINA RESOURCES BEER HOLDINGS,HK,0.0019123032988415903,30.35461828249571,14.149556576620697
2024,vw,AU000000SUN6,SUNCORP GROUP,AU,0.0019119144378540174,0.18323874974940674,0.14415144291272355
2024,vw,BMG507361001,JARDINE MATHESON HDG.,HK,0.0019073809668405629,139.3048646531919,427.1706601450377
2024,vw,JP3711600001,NIPPON SANSO HOLDINGS,JP,0.0018424476629323404,126.75128926470289,93.39260509965835
2024,vw,JP3351100007,SYSMEX,JP,0.0018339575313703312,4.710780091651314,1.2302377870738892
2024,vw,JP3223800008,KAWASAKI KISEN KAISHA,JP,0.0018187692692973776,1045.355472992995,583.5966543164894
2024,vw,JP3351600006,SHISEIDO,JP,0.001799577359306538,2.7161453623094105,1.6048784704090122
2024,vw,JP3494600004,SCREEN HOLDINGS,JP,0.0017679062521228366,3.131878387909446,0.9164819191864573
2024,vw,JP3429800000,ANA HOLDINGS,JP,0.0017353197013642236,787.2618224154925,987.7527620943458
2024,vw,JP3502200003,DAIWA SECURITIES GROUP,JP,0.001726977012926669,0.11367038607790644,0.08687754956523697
2024,vw,JP3659000008,WEST JAPAN RAILWAY,JP,0.0017256808096347592,12.926968435171673,13.220282648619618
2024,vw,JP3137200006,ISUZU MOTORS,JP,0.0017169735640213551,7.976402545268409,17.225349959516613
2024,vw,SG9999000020,FLEX,SG,0.0017121192826931528,2.847068763468298,7.914276358997557
2024,vw,JP3407400005,SUMITOMO ELECTRIC IND.,JP,0.0016991880346022374,9.894941829423573,27.46212753297601
2024,vw,JP3102000001,AISIN,JP,0.0016944277280126988,15.824131570877123,50.2145290735423
2024,vw,JP3111200006,ASAHI KASEI,JP,0.0016900465608860433,128.64597215716822,228.76725067708458
2024,vw,JP3499800005,MITSUBISHI HC CAPITAL,JP,0.0016751369825208505,0.23936990903478964,0.29906961493336226
2024,vw,JP3573000001,TOKYO GAS,JP,0.0016347537689614003,239.67759851146627,463.35344997616335
2024,vw,JP3386030005,JFE HOLDINGS,JP,0.0016260157385198132,1344.8260922817963,4723.204285560547
2024,vw,JP3526600006,CHUBU ELEC.POWER,JP,0.001621853305698668,7.662967956379934,19.980279464168863
2024,vw,SG1M51904654,CAPITALAND INTEG. COML. TST.,SG,0.0016151324916301153,0.2728033948101951,0.03180052144829807
2024,vw,JP3675600005,NISSIN FOODS HOLDINGS,JP,0.0016054692960889277,59.373946215893596,28.96429923047811
2024,vw,AU000000SHL7,SONIC HEALTHCARE,AU,0.0016031928390575112,5.941038532943857,3.2848898905474644
2024,vw,SG1U68934629,KEPPEL,SG,0.0016018383066174653,0.2549558365615534,0.1338210095950574
2024,vw,JP3942800008,YAMAHA MOTOR,JP,0.0015930225039783637,8.90071046530848,14.743697320871894
2024,vw,AU000000CPU5,COMPUTERSHARE,AU,0.0015642727149638039,1.1733788060602233,0.3463880536413627
2024,vw,HK0836012952,CHINA RESOURCES POWER,HK,0.0015588043573260594,11078.606685204179,15216.282739165596
2024,vw,AU000000IAG3,INSURANCE AUS.GROUP,AU,0.0015473280974303127,0.7488270424018107,0.7530961024763584
2024,vw,BMG677491539,ORIENT OVERSEAS (INTL.),HK,0.0015447340705923782,828.5499538018892,726.1246709111697
2024,vw,AU000000ORG5,ORIGIN ENERGY (EX BORAL),AU,0.0015412213596713025,1519.3516027710039,1636.5264890845672
2024,vw,JP3210200006,KAJIMA,JP,0.0015332173043437595,15.260122585522005,28.63839743332326
2024,vw,SG1M77906915,CAPITALAND ASCENDAS REIT,SG,0.0015219111711300762,3.198597441122047,0.3783652576801546
2024,vw,HK0004000045,WHARF HOLDINGS,HK,0.00151329952050945,6.999303824918776,1.8159742780696562
2024,vw,JP3197800000,OMRON,JP,0.0015016968807927426,0.6531247119469425,0.40212423448579454
2024,vw,SGXE21576413,GENTING SINGAPORE,SG,0.0014888741897275245,1.3548675839046174,0.2655308331356362
2024,vw,JP3967200001,RAKUTEN GROUP,JP,0.0014796922096584582,0.21410339354236677,0.32751271014303907
2024,vw,JP3906000009,MINEBEA MITSUMI,JP,0.001447243380499611,10.529406918731544,11.075322988737376
2024,vw,KYG210961051,CHINA MENGNIU DAIRY,HK,0.0014366550198588227,19.9110982021821,31.296345376317404
2024,vw,JP3300200007,KONAMI GROUP,JP,0.0014335830180569962,14.99162511880924,3.8915492846317035
2024,vw,JP3197600004,ONO PHARM.,JP,0.001433359422989142,1.9945165678835202,0.7573608123429465
2024,vw,JP3629000005,TOPPAN HOLDINGS,JP,0.0014324925870376772,23.203844327678606,29.047545797157838
2024,vw,SG1F60858221,SINGAPORE TECHS.ENGR.,SG,0.001432094004525415,5.980587014550768,5.091246450269836
2024,vw,HK0083000502,SINO LAND,HK,0.0014264830645255603,2.8998991548213597,0.438978790491216
2024,vw,JP3180400008,OSAKA GAS,JP,0.0014133638669573182,300.86114042848374,509.13757723745
2024,vw,JP3539220008,T & D HOLDINGS,JP,0.0013809490631348834,0.07639756645755359,0.19371022545946046
2024,vw,JP3256000005,KYOWA KIRIN,JP,0.0013651888513593747,5.40900282302137,1.9147211471473822
2024,vw,JP3585800000,TOKYO ELECTRIC POWER CO. HDG.,JP,0.001349391373739224,4.205542773828122,25.335393785263925
2024,vw,AU000000ASX7,ASX,AU,0.001344057497193015,0.05006309422316066,0.004098681791606141
2024,vw,JP3493800001,DAI NIPPON PRINTING,JP,0.0013348917196650976,32.577551649869086,37.6269302008307
2024,vw,JP3357200009,SHIMADZU,JP,0.0013297376913256412,0.765278073879082,0.31972823100364695
2024,vw,JP3621000003,TORAY INDS.,JP,0.0013160902909159456,152.83053893141272,306.7042648170445
2024,vw,JP3112000009,AGC,JP,0.0013139628972630986,424.5175571378986,712.9077723836289
2024,vw,JP3820000002,FUJI ELECTRIC,JP,0.0012996349901251505,18.46616944133581,16.743172450936147
2024,vw,JP3486800000,DAITO TST.CONSTRUCTION,JP,0.0012923665301657662,2.9019805602557587,4.210462970392362
2024,vw,JP3402600005,SUMITOMO METAL MINING,JP,0.0012915126562472207,189.43362038910286,229.58079550372912
2024,vw,SG1B51001017,JARDINE CYC.& CARR.,SG,0.0012741402916273993,208.97800952562855,590.6282307730457
2024,vw,JP3783420007,HIKARI TSUSHIN,JP,0.0012730612023868844,0.26347084343663524,0.14025406094051676
2024,vw,JP3869010003,MATSUKIYOKARA,JP,0.001270852796028293,0.2596517898751699,0.22489845146451728
2024,vw,JP3774200004,HANKYU HANSHIN HDG.,JP,0.0012598690933834722,16.2215209301865,13.904639423849789
2024,vw,SG1R50925390,SEMBCORP INDUSTRIES,SG,0.0012513319744521312,1726.0008860671658,1172.3332461485472
2024,vw,BMG5320C1082,KUNLUN ENERGY,HK,0.0012396693853331724,19.537684671149922,63.99946151393006
2024,vw,AU000000RHC8,RAMSAY HEALTH CARE,AU,0.0012395511067827857,8.67298188378781,11.798153025678562
2024,vw,NZAIAE0002S6,AUCKLAND INTL.AIRPORT,NZ,0.0012372876117842883,4.361863401576867,0.2701541830029412
2024,vw,SG1J26887955,SINGAPORE EXCHANGE,SG,0.001233914242717093,0.03535044442136846,0.004201923430450288
2024,vw,JP3868400007,MAZDA MOTOR,JP,0.0012213491720561422,3.5355104459497158,14.858032822986438
2024,vw,JP3862400003,MAKITA,JP,0.0012148001049237676,3.978904243055072,2.6308453783148984
2024,vw,JP3982800009,ROHM,JP,0.0012113214193391047,56.683768595290104,24.17978844641338
2024,vw,JP3931600005,YAKULT HONSHA,JP,0.0012007314384442015,67.88962209609997,31.073466149220863
2024,vw,JP3574200006,TOKYU,JP,0.0011881420639715274,21.161930099142896,19.262627061554113
2024,vw,JP3551520004,DENTSU GROUP,JP,0.0011587733378850807,0.34108129248101576,0.4196146424676305
2024,vw,AU000000SGP0,STOCKLAND STAPLED UNITS,AU,0.0011447208739466632,1.1278482608935045,0.26963639426077873
2024,vw,AU000000APA1,APA GROUP,AU,0.001142353682684813,1006.0181770277554,270.2415161563926
2024,vw,JP3148800000,IBIDEN,JP,0.0011359925650297655,63.42725885676062,23.248516659059792
2024,vw,JP3027670003,NIPPON BUILDING FUND,JP,0.0011115591329772655,6.1221219585763125,0.5680426797271296
2024,vw,JP3443600006,TAISEI,JP,0.0011007325949815886,19.188946603411214,32.08911943334736
2024,vw,AU000000BSL0,BLUESCOPE STEEL,AU,0.0011002076326483653,745.9982241731684,1251.7782614714433
2024,vw,JP3436120004,SBI HDG.,JP,0.0010957454528159657,0.15311730842625115,0.17832850298692848
2024,vw,JP3190000004,OBAYASHI,JP,0.0010856901557789753,14.51616227733481,32.79175135880515
2024,vw,HK0019000162,SWIRE PACIFIC 'A',HK,0.0010846839779736302,6.515174831830142,11.800679061860953
2024,vw,HK0293001514,CATHAY PACIFIC AIRWAYS,HK,0.0010724332366109676,1165.599873401755,2127.7105630525825
2024,vw,JP3940000007,YAMATO HDG.,JP,0.0010662940937696598,54.96591183100551,99.79167394769512
2024,vw,KYG9431R1039,WANT WANT CHINA HOLDINGS,SG,0.0010632301932384078,57.688850686189376,28.616654373891368
2024,vw,JP3771800004,HAMAMATSU PHOTONICS,JP,0.001056055708017687,3.8889900768353804,0.8844954770291998
2024,vw,AU000000QAN2,QANTAS AIRWAYS,AU,0.0010436769665799481,835.5465099665698,1778.5492063886338
2024,vw,JP3419400001,SEKISUI CHEMICAL,JP,0.0010238531574843024,21.63367590200016,28.95986605666322
2024,vw,JP3598600009,TOHO,JP,0.0009863523759952365,3.073232882783071,0.9113219572773685
2024,vw,AU000000SEK6,SEEK,AU,0.0009793836630471063,0.1116423748257994,0.014392940510833582
2024,vw,JP3511800009,CHIBA BANK,JP,0.0009709388986003139,1.287386030137835,0.4362112036525596
2024,vw,JP3613000003,TOYO SUISAN KAISHA,JP,0.0009665561112195438,52.809914349908375,27.994488270812308
2024,vw,JP3787000003,HITACHI CON.MCH.,JP,0.0009555659275582634,9.751447609847853,15.579817655566726
2024,vw,JP3888300005,MITSUI CHEMICALS,JP,0.0009534061288231187,315.84915594362366,624.5432761755859
2024,vw,JP3118000003,ASICS,JP,0.0009531873945176089,0.8478318558654656,0.55448371990243
2024,vw,JP3260800002,KINTETSU GROUP HDG.,JP,0.0009494510885286789,11.31438151365944,21.62668582516054
2024,vw,NZTELE0001S4,SPARK NEW ZEALAND,NZ,0.0009472297201371684,2.3177075837178807,0.798812215840087
2024,vw,JP3166000004,EBARA,JP,0.0009401897160079831,13.863797368299782,12.23562013052477
2024,vw,AU000000GPT8,GPT GROUP STAPLED UNITS,AU,0.0009388092595020993,11.230976362118037,1.137342277894657
2024,vw,AU0000088338,AMPOL,AU,0.0009245040359217595,29.50093508181021,127.23189249060624
2024,vw,JP3351500008,SHIZUOKA FINANCIAL GROUP,JP,0.0009229923388325697,0.5008686315353468,0.19783765375426351
2024,vw,JP3670800006,NISSAN CHEMICAL,JP,0.0009196740584052805,119.32838140845443,31.783915392760186
2024,vw,JP3414750004,SEIKO EPSON,JP,0.0009083808872245162,14.089260677503695,22.50905659771583
2024,vw,AU000000MGR9,MIRVAC GROUP STAPLED UNITS,AU,0.000900234249534863,6.903606040059091,1.9277806674789826
2024,vw,JP3597800006,TOBU RAILWAY,JP,0.000897632121426354,30.22179719795739,23.330932641645322
2024,vw,JP3196000008,ODAKYU ELECTRIC RY.,JP,0.0008949651831532496,27.853991320518897,13.37096572712411
2024,vw,JP3738600000,NITERRA,JP,0.000886220671695203,11.87709875139525,8.775714672263621
2024,vw,JP3027680002,JAPAN REAL ESTATE INV.,JP,0.0008847186961307024,5.189335612815843,0.4869633376492802
2024,vw,JP3663900003,SOJITZ,JP,0.0008831794547215596,36.54850440553854,105.93868501725413
2024,vw,JP3289800009,KOBE STEEL,JP,0.0008831227458275386,850.8699856191396,2696.9903788996276
2024,vw,AU000000DXS1,DEXUS STAPLED UNITS,AU,0.0008736215756978395,17.818046551174408,1.8655830619375802
2024,vw,JP3322930003,SUMCO,JP,0.0008621372145315185,30.284686496058292,16.350310092087952
2024,vw,JP3688370000,NIPPON EXPRESS HOLDINGS,JP,0.0008596549852275113,35.030922570138664,99.7044676648422
2024,vw,JP3955000009,YOKOGAWA ELECTRIC,JP,0.0008542174124179495,3.334427532350858,2.2696751970744216
2024,vw,JP3935600001,YAMAZAKI BAKING,JP,0.0008526263228771303,46.66695759941134,70.31146076810519
2024,vw,HK0101000591,HANG LUNG PROPERTIES,HK,0.0008511032840091362,3.2501116941926593,0.8170724742523178
2024,vw,HK0144000764,CHINA MERCHANTS PORT HOLDINGS,HK,0.0008393467201515142,43.36834061403043,12.291907480976151
2024,vw,SGXE34184239,SEATRIUM,SG,0.0008235832678677758,13.188074450179307,14.092129725263375
2024,vw,AU000000WOR2,WORLEY,AU,0.0008212079753353511,3.0627430971652467,4.727931354927304
2024,vw,JP3358800005,SHIMIZU,JP,0.0008029169266323886,15.989321998681428,44.878417919483404
2024,vw,JP3375800004,SHINKO ELEC.INDS. DEAD - DELIST.06/06/25,JP,0.0008003034567450755,32.22299720302383,9.259682915027625
2024,vw,AU000000ORI1,ORICA,AU,0.0007940881619603679,178.20277003946137,188.32852820132993
2024,vw,JP3894900004,ISETAN MITSUKOSHI HDG.,JP,0.0007876638543948398,8.260483750017043,5.982070860829069
2024,vw,JP3944130008,USS,JP,0.0007876233480419676,6.601359239815366,0.8781944864444541
2024,vw,JP3885400006,MISUMI GROUP,JP,0.0007839874978081607,2.5182914235923417,1.2776238098485742
2024,vw,JP3973400009,RICOH,JP,0.0007806319515362291,6.944986258731364,22.392257303921163
2024,vw,JP3039710003,JAPAN METROPOLITAN FUND INVESTMENT REIT,JP,0.0007660399429775543,9.501366426235384,1.1214281181920092
2024,vw,JP3596200000,TOTO,JP,0.0007581282421345597,29.916716952212184,30.134193333290593
2024,vw,JP3588600001,TBS HOLDINGS,JP,0.0007551647973584309,7.096467800504453,3.978733173417325
2024,vw,HK2380027329,CHIN.PWR.INTDVT.,HK,0.0007432640308845838,7974.041232946708,10872.569664706922
2024,vw,HK0392044647,BEIJING ENTERPRISES HOLDINGS,HK,0.0007323921257736902,67.00961954835415,156.03934755532353
2024,vw,KYG0535Q1331,ASMPT,HK,0.0007321409863858829,0.5852779192199415,0.24343392318110596
2024,vw,AU000000CIM7,CIMIC GROUP DEAD - DELIST.11/05/22,AU,0.0007233624495914235,13.206741547742828,25.75876357934819
2024,vw,JP3152740001,ABC-MART,JP,0.0007096259352054093,0.05418542429852083,0.027855662005790323
2024,vw,JP3359600008,SHARP,JP,0.0006966736238110003,18.330314414826518,67.44531115545448
2024,vw,JP3830000000,BROTHER INDUSTRIES,JP,0.0006929049127397726,3.4293421200167167,4.40545349957442
2024,vw,JP3676800000,NISSHIN SEIFUN,JP,0.0006909638483101376,26.18510284111857,35.1737819319317
2024,vw,JP3270000007,KURITA WATER IND.,JP,0.0006888721002478181,5.078047639117997,3.0576508303874044
2024,vw,JP3595200001,TOSOH,JP,0.0006833032868549506,1068.3760683760684,1738.806713363653
2024,vw,JP3799000009,HIROSE ELECTRIC,JP,0.0006815501719026425,1.1221422391108495,0.29906524281815505
2024,vw,SG1R89002252,CITY DEVELOPMENTS,SG,0.0006650689470460092,0.7840927522497838,0.7030930246155644
2024,vw,JP3942600002,YAMAHA,JP,0.0006617182615364222,6.5176917855249235,4.8971116835290545
2024,vw,JP3358200008,SHIMAMURA,JP,0.0006544822066593358,0.17419041259715096,0.18418668211458195
2024,vw,AU000000JBH7,JB HI-FI,AU,0.0006524747118109904,0.04608588546969503,0.07094877315314913
2024,vw,JP3108600002,ACOM,JP,0.0006496862544792694,0.6742884023421892,0.3274493862506172
2024,vw,HK0008011667,PCCW,HK,0.0006494513176326108,1.1785216133510878,1.366564130198861
2024,vw,JP3229400001,KANSAI PAINT,JP,0.0006402985021376125,18.337312122856584,17.16111988339609
2024,vw,JP3695200000,NGK INSULATORS,JP,0.0006349224989844165,62.27127407811696,60.73504718449674
2024,vw,NZCENE0001S6,CONTACT ENERGY,NZ,0.0006340200174424244,641.8833001041249,242.1337101881122
2024,vw,JP3174410005,OJI HOLDINGS,JP,0.0006336117134054728,513.0133366918723,1506.174291727293
2024,vw,JP3122800000,AMADA,JP,0.0006333832575752736,2.5531248546137237,1.726713667386344
2024,vw,AU000000CWY3,CLEANAWAY WASTE MANAGEMENT,AU,0.0006331580422533042,449.3828964869597,273.8134537088928
2024,vw,JP3768600003,HASEKO,JP,0.0006325828520425192,7.106463460784021,13.376295393189933
2024,vw,SG1S83002349,UOL GROUP,SG,0.0006322685227442312,1.0652655354561218,0.5453222218805416
2024,vw,JP3243600008,CANON MARKETING JAPAN,JP,0.0006286829003879856,1.3260960423416555,1.4048425962913804
2024,vw,JP3283650004,KOSE HOLDINGS,JP,0.0006269783930591242,2.7194959315405063,1.4238829035334126
2024,vw,JP3732200005,NIPPON TELEVISION HDG.,JP,0.0006201279586613808,1.41494284363383,1.0336655910747645
2024,vw,JP3246400000,KYUSHU ELEC.POWER,JP,0.0006158521080521933,1179.0387977330113,4680.396531402593
2024,vw,JP3277800003,KEIO,JP,0.0006136031953407298,33.78437566412835,23.423059454777825
2024,vw,JP3626800001,LIXIL,JP,0.0006135902333078107,42.147290400285215,112.22603644045418
2024,vw,JP3326410002,SANKYO,JP,0.0006132224356237313,0.6937900227800574,0.24704536387007792
2024,vw,JP3224200000,KAWASAKI HEAVY INDUSTRY,JP,0.0006121563084161355,11.39741270307726,35.77491629501211
2024,vw,JP3336000009,SANTEN PHARM.,JP,0.0006037795946421682,8.354311960738022,4.567617974211381
2024,vw,JP3401400001,SUMITOMO CHEMICAL,JP,0.0006022273912001063,258.4454259010222,1146.6637251235584
2024,vw,JP3940400009,YAMATO KOGYO,JP,0.0006009862765481026,207.63043432924732,61.7355178056783
2024,vw,JP3269600007,KURARAY,JP,0.0005973828313965932,363.964375159365,519.9391370149473
2024,vw,JP3368000000,RESONAC HOLDINGS,JP,0.0005968708310962889,379.62818525303254,895.8116732404766
2024,vw,HK0270001396,GUANGDONG INVESTMENT,HK,0.0005960137166695135,915.6258747168026,770.2747599578091
2024,vw,JP3263000006,KINDEN,JP,0.0005918156382578407,3.5648675782630366,4.170442505496069
2024,vw,AU000000BEN6,BENDIGO & ADELAIDE BANK,AU,0.0005859081917549616,0.43363972167339576,0.34898994787273757
2024,vw,JP3320800000,SAPPORO HOLDINGS,JP,0.0005845617605854904,34.1502031653949,33.109456073440064
2024,vw,JP3419050004,SEGA SAMMY HDG.,JP,0.0005841566970567685,1.8395019487431867,1.609002202288827
2024,vw,AU000000IGO4,IGO,AU,0.0005830921901032875,185.05540805629303,30.853263754004843
2024,vw,JP3336600006,SUNDRUG,JP,0.0005817230753762078,5.013421909957606,6.93977138528042
2024,vw,JP3743000006,NH FOODS,JP,0.0005803296568374047,50.136674907736854,120.05405224305642
2024,vw,JP3268950007,MEDIPAL HOLDINGS,JP,0.0005686427639067229,1.3138626394887902,8.856020218885966
2024,vw,JP3896800004,MITSUBISHI GAS CHM.,JP,0.0005665380538114842,131.91806467527584,204.484356231768
2024,vw,JP3657400002,NIKON,JP,0.000566139471299222,6.336991641356353,8.5734973412628
2024,vw,JP3870400003,MARUI GROUP,JP,0.000564687723612283,5.319117557414025,2.3284306692911128
2024,vw,BMG668971101,CTF SERVICES,HK,0.000559253391310951,8.91324242355486,8.194365576943134
2024,vw,JP3271400008,CREDIT SAISON,JP,0.0005521177921889874,0.23494961372164208,0.18869585632116445
2024,vw,JP3605400005,TOHOKU ELECTRIC PWR.,JP,0.0005373362138988709,1707.765334427598,10179.805027786406
2024,vw,JP3126340003,ALFRESA HOLDINGS,JP,0.0005346384907975836,1.7251713531794453,9.97175517922733
2024,vw,AU000000LLC3,LENDLEASE GROUP STAPLED UNITS,AU,0.0005339255789870332,4.811224625081916,9.635786509352657
2024,vw,JP3665200006,NICHIREI,JP,0.0005336047686722856,18.65705221208986,25.809664352906168
2024,vw,JP3977400005,RINNAI,JP,0.0005284588416034035,12.274127338968066,10.692977023405835
2024,vw,JP3551200003,ELEC.POWER DEV.,JP,0.0005220863821695519,4697.1581611139,13776.088137171231
2024,vw,JP3582600007,TOKYO TATEMONO,JP,0.0005158889101801081,5.445761274674133,4.336683417085427
2024,vw,JP3452000007,TAIYO YUDEN,JP,0.0005129886553144598,24.533092783213327,16.423991661665774
2024,vw,JP3405400007,SUMITOMO HEAVY INDS.,JP,0.0005125187816211425,4.332258345776758,9.990199797673244
2024,vw,JP3766550002,HAKUHODO DY HDG.,JP,0.0005040286500591333,0.05347976167489089,0.11414105696283913
2024,vw,JP3635400009,TOYOTA BOSHOKU,JP,0.0005031537128370941,4.9836525678653745,20.630514587492755
2024,vw,JP3292200007,JTEKT,JP,0.0005015545220257004,8.426852850295528,34.242924474968746
2024,vw,HK0000608585,NEW WORLD DEVELOPMENT COMPANY,HK,0.000500566167015619,1.553109011730528,3.140061435280942
2024,vw,AU000000FLT9,FLIGHT CENTRE TRAVEL GP.,AU,0.0005001432806916335,12.100298039253193,6.557881573917494
2024,vw,HK0023000190,BANK OF EAST ASIA,HK,0.0004890801855951832,0.3980875548893682,0.7467186123092621
2024,vw,JP3404200002,SUMITOMO RUBBER INDS.,JP,0.00048765274171996755,47.47565518922763,125.26040541842623
2024,vw,SG0531000230,VENTURE CORPORATION,SG,0.00048715370345258225,1.180009337117884,0.8843729732426454
2024,vw,JP3667600005,JGC HOLDINGS,JP,0.0004828940553845436,15.68792553045982,28.093586009743788
2024,vw,HK0000055878,CHINA TAIPING INSURANCE HLDGS,HK,0.0004788077745067979,0.7648172059319027,3.1807866970769574
2024,vw,AU000000CGF5,CHALLENGER,AU,0.0004735873157486311,0.0015499186025506315,0.0009921585264051017
2024,vw,JP3134800006,IHI,JP,0.0004665230078077226,7.573267076417063,22.58623563897031
2024,vw,JP3939000000,YAMADA HOLDINGS,JP,0.0004658376403171253,4.463994674454354,16.695129543770804
2024,vw,JP3305530002,COMSYS HOLDINGS,JP,0.00046377667708298863,16.359284107660198,22.70845488179376
2024,vw,JP3131430005,AEON MALL DEAD - DELIST.27/06/25,JP,0.0004569359642099346,5.0759474385696,5.0681701327943545
2024,vw,JP3293200006,COCA-COLA BOTTLERS JAPAN HOLDINGS,JP,0.00045588117878114293,31.816266833091387,66.24266075261939
2024,vw,BMG2624N1535,DFI RETAIL GROUP HOLDINGS,HK,0.00045181110044454617,26.027775884078604,85.7085479035474
2024,vw,JP3485800001,DAICEL,JP,0.0004501195551486038,443.89865360666306,590.3357714680643
2024,vw,JP3613400005,TOYO SEIKAN GROUP HDG.,JP,0.0004483502376551469,58.15927467525118,133.7110972983131
2024,vw,JP3769000005,HACHIJUNI NAGANO BANK,JP,0.0004472355028241045,2.659302522560195,1.262553074325793
2024,vw,JP3720800006,NSK,JP,0.0004467802114178211,19.291458763372102,36.99042963296065
2024,vw,JP3415400005,SEINO HDG.,JP,0.0004437146906324545,85.30682883733024,135.6060689050775
2024,vw,JP3219000001,KAMIGUMI,JP,0.0004227826277222258,17.720526125923065,12.292891743569305
2024,vw,JP3522200009,CHUGOKU ELEC.POWER,JP,0.000420363588328699,1556.386413927908,6957.212181481096
2024,vw,HK0000745908,YUEXIU PROPERTY COMPANY,HK,0.0004203490060416651,0.5582707801569586,2.4394759360762275
2024,vw,JP3143000002,ITO EN,JP,0.0004189102203876452,13.524943294201163,15.85791309863622
2024,vw,MU0117U00026,GOLDEN AGRI-RESOURCES,SG,0.0004183431314474346,720.6235909534727,2721.822956203814
2024,vw,AU000000BOQ8,BANK OF QLND.,AU,0.00041806930850201866,0.11931450904443994,0.12711847984900804
2024,vw,JP3634200004,TOYODA GOSEI,JP,0.0004156405475838027,12.657204234537994,35.08388947795172
2024,vw,JP3398000004,SUZUKEN,JP,0.000413479128594543,1.6564520561521678,10.380729954466014
2024,vw,JP3456000003,TAKASHIMAYA,JP,0.0004116174566165375,6.095125221695873,7.44159499301305
2024,vw,JP3902000003,MITSUBISHI LOGISTICS,JP,0.00040554798470216976,8.523411409228252,5.9956292274439775
2024,vw,AU000000BPT9,BEACH ENERGY,AU,0.00040481725009635565,468.1333282583798,216.59729115302105
2024,vw,JP3449020001,TAIHEIYO CEMENT,JP,0.000404438110633472,3241.6284650692232,7614.556875816261
2024,vw,JP3491000000,DAIDO STEEL,JP,0.0003920626097039631,84.55093901203247,137.20368962211128
2024,vw,JP3903000002,MITSUBISHI MATERIALS,JP,0.0003913351156063786,97.43190957832644,398.299154959901
2024,vw,JP3811000003,FUJIKURA,JP,0.0003900745579049963,3.770834849255457,8.37345118775156
2024,vw,JP3280200001,KEIKYU,JP,0.00038586999847686385,35.5635517408526,26.925434802690695
2024,vw,JP3040890000,JAPAN PRIME REALTY INV.,JP,0.0003819360214859176,5.9999000016666395,0.6108787320872537
2024,vw,AU000000MTS0,METCASH,AU,0.0003783520193837869,1.4898817103757154,6.614592701080022
2024,vw,JP3164800009,NOK,JP,0.00036941469768606873,7.239667586640722,15.78961218958061
2024,vw,SG1N31909426,COMFORTDELGRO CORPORATION,SG,0.0003688540897623177,289.1112593375753,367.08133466870487
2024,vw,JP3870000001,MABUCHI MOTOR,JP,0.0003684441654712512,2.43073766954582,1.288044362552166
2024,vw,BMG524401079,KERRY PROPERTIES,HK,0.0003680536842295634,3.0432961753282712,2.242492009966631
2024,vw,BMG8063F1068,SHANGRI-LA ASIA,HK,0.0003662438603832343,69.93880820540748,66.3596427196836
2024,vw,JP3780100008,PARK24,JP,0.00036224507322769254,87.96827024189683,89.6508075662088
2024,vw,JP3733400000,NIPPON ELEC.GLASS,JP,0.00035835160258961837,246.786610608329,210.69765338879597
2024,vw,JP3421100003,JAPAN PETROLEUM EXP.,JP,0.0003572125639468527,94.2638083447362,98.4274290483383
2024,vw,JP3765400001,HOUSE SHOKUHIN GP.HONSHA K K,JP,0.0003563862343482602,27.659932786881125,25.01443463949772
2024,vw,BMG2442N1048,COSCO SHIPPING PORTS,HK,0.0003521881559365872,52.816251027396554,35.38685903039114
2024,vw,NZFBUE0001S0,FLETCHER BUILDING,NZ,0.00034989549636402174,146.79896272477615,348.227144120657
2024,vw,JP3600200004,TOHO GAS,JP,0.0003496638000255928,11.530740892780516,24.131172153024913
2024,vw,JP3638600001,DOWA HDG.,JP,0.0003457460255757954,205.46618728570098,479.7788087539247
2024,vw,JP3276400003,GUNMA BANK,JP,0.0003415090610653652,1.0247656645664656,0.6556754833353101
2024,vw,JP3796150005,HIROGIN HOLDINGS,JP,0.0003382442490238673,1.1941844560978228,0.6980264418470972
2024,vw,JP3209000003,CASIO COMPUTER,JP,0.0003336038412388302,1.998240465254245,1.727522632785484
2024,vw,JP3742600004,NHK SPRING,JP,0.0003288516359198658,8.76627613570594,21.678828160797778
2024,vw,KYG525621408,KINGBOARD HOLDINGS,HK,0.00032837366095597406,255.706497605969,640.7241399727634
2024,vw,AU000000ANN9,ANSELL,AU,0.0003255414567631511,109.83767375101684,86.15369301214413
2024,vw,AU000000ILU1,ILUKA RESOURCES,AU,0.0003221923915076791,465.7822349229736,197.13054366793563
2024,vw,JP3131400008,AEON FINANCIAL SERVICE,JP,0.00031359208266585746,0.792702902232168,1.3164897052365083
2024,vw,AU000000PPT9,PERPETUAL,AU,0.00030576301478272216,0.003604023531870981,0.0015897155998791815
2024,vw,AU000000DOW2,DOWNER EDI,AU,0.00030288706372879725,39.5983068442794,158.6258545614054
2024,vw,AU000000SGM7,SIMS,AU,0.00030223410132049764,14.592684445298334,42.672956817755384
2024,vw,JP3579800008,TOKYO STEEL MNFG.,JP,0.00029924797298676043,153.32949599899075,204.66289823056763
2024,vw,JP3792600003,HINO MOTORS,JP,0.0002988105043757409,11.661363637458805,65.61039355391439
2024,vw,JP3888400003,MITSUI KINZOKU LIMITED,JP,0.0002983471116988831,189.1600915497199,436.6337924143025
2024,vw,JP3352000008,77 BANK,JP,0.0002973733389758358,1.2459203771482,0.6200452229819926
2024,vw,JP3544000007,TEIJIN,JP,0.0002909474111561929,98.0417406125765,373.11562686209754
2024,vw,HK0014000126,HYSAN DEVELOPMENT,HK,0.0002885380932873555,2.560417072695381,0.5901775586527555
2024,vw,JP3493400000,DIC,JP,0.0002860104968681314,40.3750885349742,160.23838388416175
2024,vw,BMG4600H1198,HOPSON DEVELOPMENT HOLDINGS,HK,0.0002828801659181692,0.679804847435008,1.70742883326651
2024,vw,JP3158800007,UBE,JP,0.0002819501400562239,1013.6664185228491,1804.431776388378
2024,vw,JP3841800000,HOKUETSU,JP,0.00028153373474869785,308.15450275264016,371.7793035180912
2024,vw,AU000000AMP6,AMP,AU,0.00027938851830058706,0.014053484318203316,0.015078145388117262
2024,vw,JP3718800000,NISSUI,JP,0.00027893646740253353,38.80288514783173,123.94223843490788
2024,vw,JP3156400008,USHIO,JP,0.0002787549989416662,2.8781288686752333,2.0215758759387135
2024,vw,JP3459600007,TAKARA HDG.,JP,0.0002784568721845269,27.990642932791722,37.20004654951705
2024,vw,JP3711200000,AOZORA BANK,JP,0.00027791570731015456,0.06428983753619687,0.05538518941734781
2024,vw,HK0010000088,HANG LUNG GROUP,HK,0.0002725235016158097,3.0815180712511308,2.551754479839237
2024,vw,JP3215800008,KANEKA,JP,0.0002653554974115484,167.4764642431845,519.6184986627914
2024,vw,JP3172100004,OKUMA,JP,0.00026078962131579605,4.760876810029929,4.535400979149581
2024,vw,JP3560800009,TOKAI CARBON,JP,0.0002549064786246404,710.90520435571,1109.1689178452248
2024,vw,JP3352400000,CITIZEN WATCH,JP,0.00025403640216494595,8.22489770878191,10.970865117228358
2024,vw,BMG988031446,YUE YUEN INDL.HDG.,HK,0.00025286009767753776,8.986195179146762,45.49473927029002
2024,vw,JP3549600009,DENKA,JP,0.00024981564019566457,527.5490963218028,903.841538950468
2024,vw,JP3126400005,ALPS ALPINE,JP,0.00024944946276570006,2.0860442308169564,8.844677409926149
2024,vw,JP3300600008,KONICA MINOLTA,JP,0.00024372348472368843,19.017914910100924,98.1744812960784
2024,vw,BMG684371393,PACIFIC BASIN SHIP.,HK,0.00023993533060308195,1372.306967153772,2131.208427592261
2024,vw,JP3350800003,SHIKOKU ELECTRIC POWER,JP,0.0002377803926302819,1453.9032707677031,5389.935606963988
2024,vw,JP3385820000,GS YUASA,JP,0.00023319669373926582,15.467042481016517,40.18592888011895
2024,vw,AU000000CQR9,CHARTER HALL RETAIL REIT,AU,0.00022899051405701843,1.0107164617755637,0.09976650392697942
2024,vw,JP3992400006,WACOAL HDG.,JP,0.0002280410451456945,1.2572543095618254,1.1211845620417211
2024,vw,JP3678000005,NISSHINBO HOLDINGS,JP,0.00022667355067272963,24.464600572247008,63.831308077197995
2024,vw,JP3535800001,TSUMURA,JP,0.00022576134760604808,42.593771766977866,30.676704680020386
2024,vw,HK0363006039,SHANGHAI INDUSTRIAL HOLDINGS,HK,0.0002176017478834758,93.24320116366641,290.29919360243036
2024,vw,NZAIRE0001S2,AIR NEW ZEALAND,NZ,0.00021217875736094809,795.659966679141,2482.4373444110147
2024,vw,JP3827200001,FURUKAWA ELECTRIC,JP,0.00021193895975194475,20.792438875960837,112.10724278702813
2024,vw,AU000000ABC7,ADBRI DEAD - DELIST.02/07/24,AU,0.00021185146602974085,1434.488447396825,1375.2523861967695
2024,vw,JP3684400009,NITTO BOSEKI,JP,0.00021023607267719823,239.12330564057717,107.8956494932758
2024,vw,JP3411000007,SURUGA BANK,JP,0.00020928174300352965,0.31385123829438866,0.12851679234473468
2024,vw,AU000000TAH8,TABCORP HOLDINGS,AU,0.00020129875097948005,2.271692919426438,2.8243949162501307
2024,vw,JP3548610009,DENA,JP,0.00020095039634477927,0.5363518381897587,0.4015351867380507
2024,vw,JP3274400005,GLORY,JP,0.00019527950694267382,7.964245574136108,15.02190435100063
2024,vw,JP3721400004,JAPAN STEEL WORKS,JP,0.0001937029996888885,36.118354518820624,51.024249065252484
2024,vw,KYG5427W1309,LEE & MAN PAPER MNFG.,HK,0.0001874763631253767,1812.9705861877133,4996.43650395824
2024,vw,SG1T58930911,FRASER AND NEAVE,SG,0.00018462147537494535,32.091765309300534,44.038404156354765
2024,vw,AU000000SIG5,SIGMA HEALTHCARE,AU,0.00017839645906554842,0.0033981876930839474,0.006875317881275885
2024,vw,JP3726200003,NIPPON SODA,JP,0.00017812101586601756,44.7585349194988,42.26353994214711
2024,vw,JP3625000009,TOKUYAMA,JP,0.00017555291309392126,2665.9946930799542,5692.715207339246
2024,vw,JP3789000001,KANADEVIA,JP,0.0001714974170443584,56.7120882052194,192.82731515598132
2024,vw,JP3845400005,HOKURIKU ELEC.POWER,JP,0.00016971837802621218,2345.9286809137384,12553.938977355176
2024,vw,HK0200030994,MELCO INTL.DEV.,HK,0.00016780647817064522,7.47198634032876,27.244901900200833
2024,vw,AU000000IRE2,IRESS,AU,0.0001639502733772135,0.11521923523845479,0.04644819543819425
2024,vw,NZSKCE0001S2,SKY CITY ENTM.GP.,NZ,0.000160866929796583,9.719212115289173,5.1085259606184215
2024,vw,JP3834800009,HEIWA REAL ESTATE,JP,0.000160306321872832,8.682786998936614,2.8472088862834677
2024,vw,JP3850200001,HOKKAIDO ELEC.POWER,JP,0.00015605153456713802,1799.9402307542093,11981.767777973897
2024,vw,JP3165600002,NTN,JP,0.00015541477469998733,16.352985848557335,94.87072560467055
2024,vw,JP3495000006,SUMITOMO PHARMA,JP,0.00015131553178932252,12.1616526165531,29.01060070671378
2024,vw,HK0308001558,CTII.INTL.INV.HK.,HK,0.0001502753286475649,48.51687579063127,30.062750679259928
2024,vw,AU000000ELD6,ELDERS,AU,0.00015026236661464578,26.422330540999642,61.688591761915035
2024,vw,AU000000IFL2,INSIGNIA FINANCIAL,AU,0.00014786439052461264,0.0011622321054996824,0.0016436554898093358
2024,vw,AU000000ERA9,ENERGY RES.OF AUS.,AU,0.00014738155479837622,5109.006866220886,125.15555946439173
2024,vw,AU000000MND5,MONADELPHOUS GROUP,AU,0.00014258884312653967,7.691180472691495,10.437025589745922
2024,vw,JP3400900001,SUMITOMO OSAKA CEMENT,JP,0.00013891572704809022,5042.992514433392,8794.336167582258
2024,vw,HK0165000859,CHINA EVERBRIGHT,HK,0.00013827086591036507,0.032176067441037355,0.011717971853431609
2024,vw,JP3919800007,MEIDENSHA,JP,0.00013825790387744598,10.60916117292327,24.02292250178716
2024,vw,SG2B80958517,OUE,SG,0.00011519358655202564,4.0570761302332,2.648672217846292
2024,vw,BMG8403G1033,SINOFERT HOLDINGS,HK,0.0001120664961102932,566.7410891956519,2515.933522250817
2024,vw,JP3407200009,OSAKA TITANIUM,JP,0.00011099064737800805,151.80073113437027,79.71300108026043
2024,vw,JP3389900006,JAFCO GROUP,JP,0.00010754274662152793,0.09436078303980942,0.01838069123451954
2024,vw,AU0000033359,HEALIUS,AU,0.00010736613892300521,5.3297112816151255,8.870444427676754
2024,vw,JP3619800000,TOYOBO,JP,0.00010655439161144669,239.25021840924032,1002.326500821118
2024,vw,HK0440001847,DAH SING FINANCIAL HDG.,HK,0.00010395388375705262,0.053762116076888786,0.1496282672734924
2024,vw,JP3194000000,OKI ELECTRIC IND.,JP,9.90266909936804e-05,3.008884008635869,13.253051474197456
2024,vw,JP3528600004,CHIYODA CORPORATION,JP,9.586881572376513e-05,25.481036023544068,150.7850394632324
2024,vw,JP3203500008,ONWARD HOLDINGS,JP,9.439762498744748e-05,0.9408657550229708,2.037383498395153
2024,vw,JP3826800009,FURUKAWA,JP,8.481544215200414e-05,25.51178711977303,65.49945555619233
2024,vw,JP3891600003,MITSUI E&S,JP,8.190546576166659e-05,23.37506756855469,94.95361120452613
2024,vw,JP3425000001,CENTRAL GLASS,JP,7.830364086427217e-05,210.86808911179213,485.8011918556531
2024,vw,JP3305800009,KOMORI,JP,7.589594324954969e-05,6.69764154069318,9.709235301652363
2024,vw,SG9999003735,XP POWER (DI),SG,7.032550960256725e-05,1.483611795855017,1.3478020458943876
2024,vw,AU000000GWA4,GWA GROUP,AU,6.246565689124907e-05,1.1540874865543205,0.8014940471558634
2024,vw,HK0242001243,SHUN TAK HOLDINGS,HK,5.001886478068504e-05,237.42875541843276,400.0971785818406
2024,vw,AU000000MAH3,MACMAHON HOLDINGS,AU,3.983232716038875e-05,0.7274265860584708,3.636511552229092
2024,vw,AU000000SWM4,SEVEN WEST MEDIA DEAD - DELIST.08/01/26,AU,3.982908665215897e-05,2.633561672851745,10.115653730371818
2024,vw,BMG2108M2182,CHINESE ESTATES HDG.,HK,3.952447887856016e-05,0.01659475605708596,0.004099368697220628
2024,vw,SG1S76928401,COSCO SHIPPING INTERNATIONAL,SG,3.756721190777634e-05,143.85868707886692,82.59682567066334
2024,vw,HK0000139300,TELEVISION BROADCASTS,HK,2.7510294616671024e-05,0.8568328696970124,2.1442369986453857
2024,vw,AU000000SXL4,SOUTHERN CROSS MEDIA GROUP,AU,2.5591913744644493e-05,1.1455406598699525,2.348971193415638
2024,vw,JP3599000001,TOHO ZINC,JP,1.6597883152905235e-05,222.99751023279825,1952.362358453729
2024,vw,AU000000SBM8,ST BARBARA,AU,1.468760355145314e-05,1918.1924013123082,1599.5587424158853
2024,vw_50,JP3633400001,TOYOTA MOTOR,JP,0.04663456898382386,8.68325956389896,7.8824987927614405
2024,vw_50,AU000000CBA7,COMMONWEALTH BK.OF AUS.,AU,0.02603311812624264,0.19011187237641752,0.057407578781184423
2024,vw_50,JP3756600007,NINTENDO,JP,0.01888587953129275,0.14581276563702686,0.022536092297360037
2024,vw_50,JP3613000003,TOYO SUISAN KAISHA,JP,0.018781385092431397,52.809914349908375,27.994488270812308
2024,vw_50,JP3814000000,FUJIFILM HOLDINGS,JP,0.017475776518968766,28.58579472850527,21.19248573930156
2024,vw_50,AU000000CGF5,CHALLENGER,AU,0.0143662329958098,0.0015499186025506315,0.0009921585264051017
2024,vw_50,AU000000BHP4,BHP GROUP,AU,0.013248595473423849,150.87613865715858,52.12413145782233
2024,vw_50,JP3249600002,KYOCERA,JP,0.013090399413655968,8.611914046141104,5.439282536852183
2024,vw_50,JP3906000009,MINEBEA MITSUMI,JP,0.012953729534830346,10.529406918731544,11.075322988737376
2024,vw_50,AU000000STO6,SANTOS,AU,0.012024024617907848,749.158841415728,265.4565673596039
2024,vw_50,JP3735400008,NTT,JP,0.011739190627050663,1.6746789260904795,1.3099475671653784
2024,vw_50,JP3902400005,MITSUBISHI ELECTRIC,JP,0.011593424634637427,6.6454874413919125,7.463426816475292
2024,vw_50,JP3688370000,NIPPON EXPRESS HOLDINGS,JP,0.010997603199248238,35.030922570138664,99.7044676648422
2024,vw_50,JP3670800006,NISSAN CHEMICAL,JP,0.01097715005038533,119.32838140845443,31.783915392760186
2024,vw_50,JP3435000009,SONY GROUP,JP,0.010893595503657767,2.8403204824349157,1.9572985673792722
2024,vw_50,JP3672400003,NISSAN MOTOR,JP,0.01055834173947833,5.583505849967185,29.58731459897021
2024,vw_50,AU000000MQG1,MACQUARIE GROUP,AU,0.010289151493193231,0.02048108822291449,0.008162583674291256
2024,vw_50,JP3201200007,OLYMPUS,JP,0.01016311096981068,4.105339466174771,1.373209184178941
2024,vw_50,JP3143600009,ITOCHU,JP,0.010063526097478884,11.372342811388137,14.736570255814494
2024,vw_50,JP3266400005,KUBOTA,JP,0.009568867860544363,11.927525995993824,13.602875524732324
2024,vw_50,JP3388200002,AEON,JP,0.009434348990772144,3.163423347206912,9.64443695920979
2024,vw_50,JP3726800000,JAPAN TOBACCO,JP,0.009255603745198829,16.713454211072094,6.078365174104236
2024,vw_50,SG1L01001701,DBS GROUP HOLDINGS,SG,0.008955772017082477,0.049656529604459,0.02093218086112738
2024,vw_50,JP3526600006,CHUBU ELEC.POWER,JP,0.008913145468951278,7.662967956379934,19.980279464168863
2024,vw_50,JP3931600005,YAKULT HONSHA,JP,0.00885756220515207,67.88962209609997,31.073466149220863
2024,vw_50,JP3571400005,TOKYO ELECTRON,JP,0.008805199802595554,1.690806008834703,0.23494292732846062
2024,vw_50,JP3814800003,SUBARU,JP,0.008794859629373153,5.132377246189555,10.378211553396232
2024,vw_50,JP3198900007,ORIENTAL LAND,JP,0.008735171282785531,17.698023021999873,1.074674079927681
2024,vw_50,JP3496400007,KDDI,JP,0.008366681959656903,0.7325894256003673,0.3718701279676889
2024,vw_50,JP3837800006,HOYA,JP,0.00823751137687948,2.1701303261903164,0.25464029858658427
2024,vw_50,JP3475350009,DAIICHI SANKYO,JP,0.008195126130420834,8.40673094683883,1.4425669009544007
2024,vw_50,JP3898400001,MITSUBISHI,JP,0.008127844894202063,152.3072139013388,286.3101184559599
2024,vw_50,JP3122400009,ADVANTEST,JP,0.007982817815590213,0.7381710324423192,0.07820600470749693
2024,vw_50,SG1J26887955,SINGAPORE EXCHANGE,SG,0.007977083959529634,0.03535044442136846,0.004201923430450288
2024,vw_50,JP3893600001,MITSUI,JP,0.007842486303710304,29.467697062374555,43.9231483153299
2024,vw_50,AU000000NAB4,NATIONAL AUS.BANK,AU,0.007830393272391552,0.21661545709016042,0.11169126353777381
2024,vw_50,JP3935600001,YAMAZAKI BAKING,JP,0.0077494008956372155,46.66695759941134,70.31146076810519
2024,vw_50,JP3436100006,SOFTBANK GROUP,JP,0.007683955151066671,0.16554971716837139,0.11679762986882644
2024,vw_50,JP3890350006,SUMITOMO MITSUI FINL.GP.,JP,0.0076113865749615145,0.2511931809310805,0.205733927636997
2024,vw_50,JP3404600003,SUMITOMO,JP,0.007588811122076167,98.59899963152705,163.48791542802616
2024,vw_50,JP3519400000,CHUGAI PHARM.,JP,0.007558269666660338,6.823104124814123,0.8708454009749015
2024,vw_50,JP3973400009,RICOH,JP,0.007208757967806716,6.944986258731364,22.392257303921163
2024,vw_50,KYG2108Y1052,CHINA RESOURCES LAND,HK,0.00716987529059835,0.9837716412141607,1.6292527085970918
2024,vw_50,JP3914400001,MURATA MANUFACTURING,JP,0.007166885149386508,18.100520264646313,4.651222699111688
2024,vw_50,JP3397200001,SUZUKI MOTOR,JP,0.007157942652576044,11.975402523217312,17.845018193213672
2024,vw_50,AU000000ANZ3,ANZ GROUP HOLDINGS,AU,0.007065216230203695,0.16711811652104513,0.11147848575618169
2024,vw_50,JP3788600009,HITACHI,JP,0.006988000118211701,5.936434822717056,5.346166985387321
2024,vw_50,AU000000WBC1,WESTPAC BANKING,AU,0.006980665684017803,0.20387240361396555,0.11406687575891268
2024,vw_50,AU000000QBE9,QBE INSURANCE GROUP,AU,0.006731857050503436,0.3791129608325802,0.49158261551652027
2024,vw_50,AU000000GMG2,GOODMAN GROUP,AU,0.006720144788174487,2.8839716539022677,0.1143908887252975
2024,vw_50,JP3551500006,DENSO,JP,0.0065860680867464005,11.348478714564271,10.958998866296595
2024,vw_50,JP3900000005,MITSUBISHI HEAVY INDS.,JP,0.006566800086292542,4.226533271597552,5.734857531023801
2024,vw_50,IE00BKVD2N49,SEAGATE TECHNOLOGY HOLDINGS,SG,0.0064294256690659865,42.36037706691393,14.94920474947045
2024,vw_50,JP3711600001,NIPPON SANSO HOLDINGS,JP,0.006391287385218541,126.75128926470289,93.39260509965835
2024,vw_50,JP3902900004,MITSUBISHI UFJ FINL.GP.,JP,0.006364887024283916,0.3842093219010886,0.23676124022347622
2024,vw_50,JP3539220008,T & D HOLDINGS,JP,0.00632772651560015,0.07639756645755359,0.19371022545946046
2024,vw_50,SG1M31001969,UNITED OVERSEAS BANK,SG,0.006260742329635456,0.2528238691113975,0.14189259120354966
2024,vw_50,JP3194000000,OKI ELECTRIC IND.,JP,0.006145153835876936,3.008884008635869,13.253051474197456
2024,vw_50,JP3148800000,IBIDEN,JP,0.006119713057930041,63.42725885676062,23.248516659059792
2024,vw_50,JP3756100008,NITORI HOLDINGS,JP,0.00586194825888036,4.07712930157943,1.7841455333138698
2024,vw_50,JP3162600005,SMC,JP,0.00580220408265406,10.195990309702825,1.4345649589212943
2024,vw_50,AU000000WES1,WESFARMERS,AU,0.005729462656032158,29.154765481424313,19.069622623733597
2024,vw_50,JP3152740001,ABC-MART,JP,0.0056965574713627705,0.05418542429852083,0.027855662005790323
2024,vw_50,AU000000ELD6,ELDERS,AU,0.0055642929351053284,26.422330540999642,61.688591761915035
2024,vw_50,JP3134800006,IHI,JP,0.005493750869941957,7.573267076417063,22.58623563897031
2024,vw_50,JP3200450009,ORIX,JP,0.005448850130771098,54.29913554841451,42.85810642828575
2024,vw_50,JP3305530002,COMSYS HOLDINGS,JP,0.005394983803754784,16.359284107660198,22.70845488179376
2024,vw_50,JP3260800002,KINTETSU GROUP HDG.,JP,0.005348802186374495,11.31438151365944,21.62668582516054
2024,vw_50,JP3910660004,TOKIO MARINE HOLDINGS,JP,0.005244648300087937,0.296885543734972,0.26693110758757277
2024,vw_50,AU000000CSL8,CSL,AU,0.005206661008629312,8.101288183683304,1.1968877106429692
2024,vw_50,AU000000WOW2,WOOLWORTHS GROUP,AU,0.005153171448200353,10.80108844362592,15.956120814217831
2024,vw_50,HK2388011192,BOC HONG KONG HOLDINGS,HK,0.005131453610557786,0.026533192562001966,0.02058109548752515
2024,vw_50,AU000000BOQ8,BANK OF QLND.,AU,0.0048260566263191385,0.11931450904443994,0.12711847984900804
2024,vw_50,JP3753000003,NIPPON YUSEN KK,JP,0.004794893757770481,719.2608047464832,664.0672218498912
2024,vw_50,JP3463000004,TAKEDA PHARMACEUTICAL,JP,0.004720826299428727,9.922485825248877,6.10940164651659
2024,vw_50,HK0270001396,GUANGDONG INVESTMENT,HK,0.004704893895167668,915.6258747168026,770.2747599578091
2024,vw_50,AU000000ASX7,ASX,AU,0.004676405672396397,0.05006309422316066,0.004098681791606141
2024,vw_50,SG1S04926220,OVERSEA-CHINESE BKG.,SG,0.004602993829648549,0.007174201181232225,0.003019118568333975
2024,vw_50,HK0688002218,CHINA OVERSEAS LAND INVESTMENT,HK,0.004561884023286536,0.2851904465602999,0.4958964899617718
2024,vw_50,JP3854600008,HONDA MOTOR,JP,0.004515582098917585,8.184643664059664,17.85570653361996
2024,vw_50,JP3967200001,RAKUTEN GROUP,JP,0.004403608472220776,0.21410339354236677,0.32751271014303907
2024,vw_50,JP3375800004,SHINKO ELEC.INDS. DEAD - DELIST.06/06/25,JP,0.004397478993693639,32.22299720302383,9.259682915027625
2024,vw_50,JP3362700001,MITSUI OSK LINES,JP,0.004253867305750928,1016.3074559441026,847.5181024112962
2024,vw_50,JP3381000003,NIPPON STEEL,JP,0.004168109982306235,1096.6442121826688,2813.650379548339
2024,vw_50,JP3820000002,FUJI ELECTRIC,JP,0.004088040402999637,18.46616944133581,16.743172450936147
2024,vw_50,HK0823032773,LINK REAL ESTATE INVESTMENT TRUST,HK,0.0039368891210764525,5.27434845571533,0.6647129152834377
2024,vw_50,SG1R50925390,SEMBCORP INDUSTRIES,SG,0.0039283456065746895,1726.0008860671658,1172.3332461485472
2024,vw_50,JP3494600004,SCREEN HOLDINGS,JP,0.0037904705090775846,3.131878387909446,0.9164819191864573
2024,vw_50,JP3802300008,FAST RETAILING,JP,0.003788213198101787,0.45398341685643534,0.10514133948626213
2024,vw_50,HK0242001243,SHUN TAK HOLDINGS,HK,0.003739681119446422,237.42875541843276,400.0971785818406
2024,vw_50,AU000000IGO4,IGO,AU,0.0037015433927897862,185.05540805629303,30.853263754004843
2024,vw_50,AU000000SXL4,SOUTHERN CROSS MEDIA GROUP,AU,0.003569829884727784,1.1455406598699525,2.348971193415638
2024,vw_50,JP3371200001,SHIN-ETSU CHEMICAL,JP,0.0035567998532626353,134.6385950600727,27.957932414878258
2024,vw_50,AU000000TLS2,TELSTRA GROUP,AU,0.003556051196816981,2.229433564432526,1.0792467172247997
2024,vw_50,JP3326410002,SANKYO,JP,0.0034529226479555557,0.6937900227800574,0.24704536387007792
2024,vw_50,HK0000139300,TELEVISION BROADCASTS,HK,0.003435980132147355,0.8568328696970124,2.1442369986453857
2024,vw_50,AU000000JBH7,JB HI-FI,AU,0.0033548604250745887,0.04608588546969503,0.07094877315314913
2024,vw_50,JP3027680002,JAPAN REAL ESTATE INV.,JP,0.003340441456330308,5.189335612815843,0.4869633376492802
2024,vw_50,SG9999003735,XP POWER (DI),SG,0.0033221959793656684,1.483611795855017,1.3478020458943876
2024,vw_50,HK0392044647,BEIJING ENTERPRISES HOLDINGS,HK,0.003259534792189538,67.00961954835415,156.03934755532353
2024,vw_50,JP3573000001,TOKYO GAS,JP,0.0031542882213351055,239.67759851146627,463.35344997616335
2024,vw_50,JP3505000004,DAIWA HOUSE INDUSTRY,JP,0.0031049536029020652,19.357459599963747,34.72259210617758
2024,vw_50,HK0000049939,CHINA UNICOM (HONG KONG),HK,0.0030955343849054643,2.08914392313804,5.245008659032477
2024,vw_50,JP3877600001,MARUBENI,JP,0.0030632258575732678,19.4177342233685,34.14911627813233
2024,vw_50,AU000000IAG3,INSURANCE AUS.GROUP,AU,0.003040082565872506,0.7488270424018107,0.7530961024763584
2024,vw_50,JP3210200006,KAJIMA,JP,0.0030250044457876455,15.260122585522005,28.63839743332326
2024,vw_50,SG1M77906915,CAPITALAND ASCENDAS REIT,SG,0.0029776283298220325,3.198597441122047,0.3783652576801546
2024,vw_50,NZAIAE0002S6,AUCKLAND INTL.AIRPORT,NZ,0.0029750314901635763,4.361863401576867,0.2701541830029412
2024,vw_50,JP3165700000,NTT DATA GROUP DEAD - DELIST.26/09/25,JP,0.0029601343155690974,1.3749714134926783,1.9580933235396452
2024,vw_50,HK0008011667,PCCW,HK,0.0029421138218648024,1.1785216133510878,1.366564130198861
2024,vw_50,AU0000088338,AMPOL,AU,0.0029297481081859613,29.50093508181021,127.23189249060624
2024,vw_50,JP3119600009,AJINOMOTO,JP,0.002903705260116582,81.23740997746677,36.353675418554644
2024,vw_50,BMG668971101,CTF SERVICES,HK,0.0027932692468032572,8.91324242355486,8.194365576943134
2024,vw_50,JP3118000003,ASICS,JP,0.002765982796138311,0.8478318558654656,0.55448371990243
2024,vw_50,JP3726200003,NIPPON SODA,JP,0.0027501340414522427,44.7585349194988,42.26353994214711
2024,vw_50,JP3951600000,UNI CHARM,JP,0.002746399418064644,4.738770923405403,1.3758081730318745
2024,vw_50,JP3429800000,ANA HOLDINGS,JP,0.002691517395857774,787.2618224154925,987.7527620943458
2024,vw_50,HK0003000038,HONG KONG AND CHINA GAS,HK,0.0026879918727588724,223.46650912369284,122.9321275715317
2024,vw_50,JP3659000008,WEST JAPAN RAILWAY,JP,0.0026174082935551124,12.926968435171673,13.220282648619618
2024,vw_50,JP3538800008,TDK,JP,0.0026164665023950076,9.475377959194095,6.542373196717258
2024,vw_50,JP3357200009,SHIMADZU,JP,0.0025869855768551027,0.765278073879082,0.31972823100364695
2024,vw_50,JP3027670003,NIPPON BUILDING FUND,JP,0.0025241553963337034,6.1221219585763125,0.5680426797271296
2024,vw_50,JP3626800001,LIXIL,JP,0.0025195047753540844,42.147290400285215,112.22603644045418
2024,vw_50,JP3190000004,OBAYASHI,JP,0.0025081315432347205,14.51616227733481,32.79175135880515
2024,vw_50,AU000000MGR9,MIRVAC GROUP STAPLED UNITS,AU,0.0024978290686867325,6.903606040059091,1.9277806674789826
2024,vw_50,JP3322930003,SUMCO,JP,0.0024941479865445266,30.284686496058292,16.350310092087952
2024,vw_50,AU000000FLT9,FLIGHT CENTRE TRAVEL GP.,AU,0.0024793847486795596,12.100298039253193,6.557881573917494
2024,vw_50,HK0004000045,WHARF HOLDINGS,HK,0.0024657623191321923,6.999303824918776,1.8159742780696562
2024,vw_50,SG1T75931496,SINGAPORE TELECOM,SG,0.002425047608059874,0.7848293558075881,0.280344502249419
2024,vw_50,JP3502200003,DAIWA SECURITIES GROUP,JP,0.0023633730388848704,0.11367038607790644,0.08687754956523697
2024,vw_50,JP3511800009,CHIBA BANK,JP,0.002362888602174025,1.287386030137835,0.4362112036525596
2024,vw_50,JP3766550002,HAKUHODO DY HDG.,JP,0.002264236939381303,0.05347976167489089,0.11414105696283913
2024,vw_50,AU000000BEN6,BENDIGO & ADELAIDE BANK,AU,0.0022566963958444105,0.43363972167339576,0.34898994787273757
2024,vw_50,JP3131430005,AEON MALL DEAD - DELIST.27/06/25,JP,0.002166685380526998,5.0759474385696,5.0681701327943545
2024,vw_50,JP3899600005,MITSUBISHI ESTATE,JP,0.002131060643960177,9.867406133480547,5.117302923827356
2024,vw_50,JP3277800003,KEIO,JP,0.0021296335841950696,33.78437566412835,23.423059454777825
2024,vw_50,HK0006000050,POWER ASSETS HOLDINGS,HK,0.0021261532609967264,37866.39227673032,495.8273000414504
2024,vw_50,JP3560800009,TOKAI CARBON,JP,0.0021224683054532904,710.90520435571,1109.1689178452248
2024,vw_50,US89677Q1076,TRIP COM GROUP ADR 1:1,SG,0.0020384125786555266,0.5147063857183863,0.1356619805306385
2024,vw_50,HK0000055878,CHINA TAIPING INSURANCE HLDGS,HK,0.0020252732866635806,0.7648172059319027,3.1807866970769574
2024,vw_50,AU000000TCL6,TRANSURBAN GROUP STAPLED UNITS,AU,0.001995133366547259,2.191622602010431,0.22490479882095363
2024,vw_50,JP3351500008,SHIZUOKA FINANCIAL GROUP,JP,0.0019348466950423794,0.5008686315353468,0.19783765375426351
2024,vw_50,AU000000PPT9,PERPETUAL,AU,0.0019305614547041904,0.003604023531870981,0.0015897155998791815
2024,vw_50,HK0066009694,MTR,HK,0.0019137581194075125,8.310321918271633,2.975233249265822
2024,vw_50,JP3407200009,OSAKA TITANIUM,JP,0.0019049156850724552,151.80073113437027,79.71300108026043
2024,vw_50,HK0019000162,SWIRE PACIFIC 'A',HK,0.001889780785945765,6.515174831830142,11.800679061860953
2024,vw_50,HK0308001558,CTII.INTL.INV.HK.,HK,0.001877355736316836,48.51687579063127,30.062750679259928
2024,vw_50,JP3890310000,MS&AD INSURANCE GP.HDG.,JP,0.0018406373225749015,0.3687201644800836,0.7150422149658442
2024,vw_50,KYG0535Q1331,ASMPT,HK,0.0018378954665615075,0.5852779192199415,0.24343392318110596
2024,vw_50,JP3421100003,JAPAN PETROLEUM EXP.,JP,0.0018311480008912683,94.2638083447362,98.4274290483383
2024,vw_50,JP3402600005,SUMITOMO METAL MINING,JP,0.0018211064832445065,189.43362038910286,229.58079550372912
2024,vw_50,SG9999000020,FLEX,SG,0.0018145880930998174,2.847068763468298,7.914276358997557
2024,vw_50,JP3888300005,MITSUI CHEMICALS,JP,0.001805816751210264,315.84915594362366,624.5432761755859
2024,vw_50,JP3684000007,NITTO DENKO,JP,0.0017852346649565283,48.47524391098939,23.375012031256194
2024,vw_50,BMG2108M2182,CHINESE ESTATES HDG.,HK,0.0017615276393768869,0.01659475605708596,0.004099368697220628
2024,vw_50,JP3351100007,SYSMEX,JP,0.001678449973255818,4.710780091651314,1.2302377870738892
2024,vw_50,AU0000224040,WOODSIDE ENERGY GROUP,AU,0.0016690697040939696,718.2232936722069,245.77946222796396
2024,vw_50,SG1S83002349,UOL GROUP,SG,0.0016484023295284343,1.0652655354561218,0.5453222218805416
2024,vw_50,JP3866800000,PANASONIC HOLDINGS,JP,0.0016436636155530112,5.541671466671923,13.808756587017236
2024,vw_50,BMG8403G1033,SINOFERT HOLDINGS,HK,0.0016432893758966912,566.7410891956519,2515.933522250817
2024,vw_50,JP3292200007,JTEKT,JP,0.0016360129928657027,8.426852850295528,34.242924474968746
2024,vw_50,JP3116000005,ASAHI GROUP HOLDINGS,JP,0.0015889247713799567,24.77409111574891,24.62837675990738
2024,vw_50,JP3893200000,MITSUI FUDOSAN,JP,0.0015596995680110535,11.77688203122596,8.029541806715978
2024,vw_50,BMG677491539,ORIENT OVERSEAS (INTL.),HK,0.0015489380102503426,828.5499538018892,726.1246709111697
2024,vw_50,AU000000WOR2,WORLEY,AU,0.001500225311064776,3.0627430971652467,4.727931354927304
2024,vw_50,JP3942400007,ASTELLAS PHARMA,JP,0.0014895313194004038,5.488008503511811,2.7858965086558163
2024,vw_50,JP3762800005,NOMURA RESEARCH INST.,JP,0.001478545257702047,0.20419348067390383,0.059570934387977156
2024,vw_50,BMG988031446,YUE YUEN INDL.HDG.,HK,0.0014416886878231448,8.986195179146762,45.49473927029002
2024,vw_50,JP3780100008,PARK24,JP,0.0014311088987183996,87.96827024189683,89.6508075662088
2024,vw_50,JP3783420007,HIKARI TSUSHIN,JP,0.0014156633245661027,0.26347084343663524,0.14025406094051676
2024,vw_50,JP3196000008,ODAKYU ELECTRIC RY.,JP,0.0014149965186441504,27.853991320518897,13.37096572712411
2024,vw_50,JP3885400006,MISUMI GROUP,JP,0.0013993134402376433,2.5182914235923417,1.2776238098485742
2024,vw_50,JP3635400009,TOYOTA BOSHOKU,JP,0.0013045147917000286,4.9836525678653745,20.630514587492755
2024,vw_50,AU000000CWY3,CLEANAWAY WASTE MANAGEMENT,AU,0.001268067531049659,449.3828964869597,273.8134537088928
2024,vw_50,HK0000745908,YUEXIU PROPERTY COMPANY,HK,0.0012525035672597455,0.5582707801569586,2.4394759360762275
2024,vw_50,JP3443600006,TAISEI,JP,0.001242073080684517,19.188946603411214,32.08911943334736
2024,vw_50,JP3771800004,HAMAMATSU PHOTONICS,JP,0.0012081854719385408,3.8889900768353804,0.8844954770291998
2024,vw_50,JP3732200005,NIPPON TELEVISION HDG.,JP,0.0011269122203192243,1.41494284363383,1.0336655910747645
2024,vw_50,JP3597800006,TOBU RAILWAY,JP,0.0010885448197137148,30.22179719795739,23.330932641645322
2024,vw_50,JP3774200004,HANKYU HANSHIN HDG.,JP,0.0010741266888256642,16.2215209301865,13.904639423849789
2024,vw_50,AU000000MAH3,MACMAHON HOLDINGS,AU,0.001068923254462548,0.7274265860584708,3.636511552229092
2024,vw_50,JP3802400006,FANUC,JP,0.0010482779046817956,10.269433460035795,2.062235032339478
2024,vw_50,JP3415400005,SEINO HDG.,JP,0.0010406540965480504,85.30682883733024,135.6060689050775
2024,vw_50,JP3634600005,TOYOTA INDS.,JP,0.0010287853507873824,12.71875802326177,11.177779628283046
2024,vw_50,JP3588600001,TBS HOLDINGS,JP,0.0009989379647730213,7.096467800504453,3.978733173417325
2024,vw_50,JP3351600006,SHISEIDO,JP,0.0009948642552194526,2.7161453623094105,1.6048784704090122
2024,vw_50,AU000000SHL7,SONIC HEALTHCARE,AU,0.000982120170141638,5.941038532943857,3.2848898905474644
2024,vw_50,JP3359600008,SHARP,JP,0.0009783445278025748,18.330314414826518,67.44531115545448
2024,vw_50,BMG2624N1535,DFI RETAIL GROUP HOLDINGS,HK,0.0009536166888571304,26.027775884078604,85.7085479035474
2024,vw_50,SG1U68934629,KEPPEL,SG,0.000949293706593363,0.2549558365615534,0.1338210095950574
2024,vw_50,JP3223800008,KAWASAKI KISEN KAISHA,JP,0.0009492882503287841,1045.355472992995,583.5966543164894
2024,vw_50,HK0293001514,CATHAY PACIFIC AIRWAYS,HK,0.0009483325343337409,1165.599873401755,2127.7105630525825
2024,vw_50,HK0023000190,BANK OF EAST ASIA,HK,0.0009372178252328876,0.3980875548893682,0.7467186123092621
2024,vw_50,JP3868400007,MAZDA MOTOR,JP,0.0009149993446705513,3.5355104459497158,14.858032822986438
2024,vw_50,NZCENE0001S6,CONTACT ENERGY,NZ,0.0008994825627926105,641.8833001041249,242.1337101881122
2024,vw_50,SG1M51904654,CAPITALAND INTEG. COML. TST.,SG,0.000884265296732223,0.2728033948101951,0.03180052144829807
2024,vw_50,JP3242800005,CANON,JP,0.0008659111837973401,7.021399252609229,5.5581101437362905
2024,vw_50,JP3276400003,GUNMA BANK,JP,0.0008490021011434669,1.0247656645664656,0.6556754833353101
2024,vw_50,JP3289800009,KOBE STEEL,JP,0.000827438501063684,850.8699856191396,2696.9903788996276
2024,vw_50,HK0014000126,HYSAN DEVELOPMENT,HK,0.0008142137311502387,2.560417072695381,0.5901775586527555
2024,vw_50,JP3283650004,KOSE HOLDINGS,JP,0.0008093703110336464,2.7194959315405063,1.4238829035334126
2024,vw_50,JP3769000005,HACHIJUNI NAGANO BANK,JP,0.0007920901085309434,2.659302522560195,1.262553074325793
2024,vw_50,SG1V61937297,SINGAPORE AIRLINES,SG,0.0007770492319854065,1091.8199251781807,992.8591061441467
2024,vw_50,JP3300600008,KONICA MINOLTA,JP,0.0007654526144813723,19.017914910100924,98.1744812960784
2024,vw_50,JP3665200006,NICHIREI,JP,0.0007524862434693973,18.65705221208986,25.809664352906168
2024,vw_50,HK0388045442,HONG KONG EXCHANGES AND CLEARING,HK,0.0006897797083996036,0.03016046877411267,0.001585622421546706
2024,vw_50,AU000000CQR9,CHARTER HALL RETAIL REIT,AU,0.0006409919427371427,1.0107164617755637,0.09976650392697942
2024,vw_50,JP3551520004,DENTSU GROUP,JP,0.0006213102923271946,0.34108129248101576,0.4196146424676305
2024,vw_50,JP3869010003,MATSUKIYOKARA,JP,0.0006083815204413083,0.2596517898751699,0.22489845146451728
2024,vw_50,JP3657400002,NIKON,JP,0.0006080715363050532,6.336991641356353,8.5734973412628
2024,vw_50,AU000000ALL7,ARISTOCRAT LEISURE,AU,0.000604487626783387,1.2662857332213486,0.27741968201095907
2024,vw_50,JP3579800008,TOKYO STEEL MNFG.,JP,0.0006040420870621634,153.32949599899075,204.66289823056763
2024,vw_50,HK0291001490,CHINA RESOURCES BEER HOLDINGS,HK,0.00060238033857517,30.35461828249571,14.149556576620697
2024,vw_50,JP3389900006,JAFCO GROUP,JP,0.0005991592296926861,0.09436078303980942,0.01838069123451954
2024,vw_50,AU000000SUN6,SUNCORP GROUP,AU,0.0005889261835762097,0.18323874974940674,0.14415144291272355
2024,vw_50,AU000000ORI1,ORICA,AU,0.000583528721158603,178.20277003946137,188.32852820132993
2024,vw_50,JP3411000007,SURUGA BANK,JP,0.0005588078889247458,0.31385123829438866,0.12851679234473468
2024,vw_50,JP3352000008,77 BANK,JP,0.0005528581663559289,1.2459203771482,0.6200452229819926
2024,vw_50,JP3452000007,TAIYO YUDEN,JP,0.0005511205481286411,24.533092783213327,16.423991661665774
2024,vw_50,JP3271400008,CREDIT SAISON,JP,0.0004917470549243655,0.23494961372164208,0.18869585632116445
2024,vw_50,SG1T58930911,FRASER AND NEAVE,SG,0.000489723818436802,32.091765309300534,44.038404156354765
2024,vw_50,JP3420600003,SEKISUI HOUSE,JP,0.00048022894062029446,2.403581069051743,3.393691376273872
2024,vw_50,JP3977400005,RINNAI,JP,0.0004777928121361003,12.274127338968066,10.692977023405835
2024,vw_50,JP3173400007,OBIC,JP,0.0004685019159669284,0.29591300700553685,0.014372315492103467
2024,vw_50,JP3368000000,RESONAC HOLDINGS,JP,0.0004671579463759313,379.62818525303254,895.8116732404766
2024,vw_50,JP3663900003,SOJITZ,JP,0.00045774752226222174,36.54850440553854,105.93868501725413
2024,vw_50,JP3229400001,KANSAI PAINT,JP,0.00045422868593941355,18.337312122856584,17.16111988339609
2024,vw_50,AU000000SGP0,STOCKLAND STAPLED UNITS,AU,0.00044634041742445577,1.1278482608935045,0.26963639426077873
2024,vw_50,JP3718800000,NISSUI,JP,0.0004382254946484442,38.80288514783173,123.94223843490788
2024,vw_50,AU000000ERA9,ENERGY RES.OF AUS.,AU,0.00043644580907712153,5109.006866220886,125.15555946439173
2024,vw_50,JP3942600002,YAMAHA,JP,0.00042856060441074224,6.5176917855249235,4.8971116835290545
2024,vw_50,JP3456000003,TAKASHIMAYA,JP,0.0004283037479560366,6.095125221695873,7.44159499301305
2024,vw_50,KYG210961051,CHINA MENGNIU DAIRY,HK,0.0004099041423004365,19.9110982021821,31.296345376317404
2024,vw_50,JP3574200006,TOKYU,JP,0.00040790349944513373,21.161930099142896,19.262627061554113
2024,vw_50,JP3894900004,ISETAN MITSUKOSHI HDG.,JP,0.00040502602490166234,8.260483750017043,5.982070860829069
2024,vw_50,AU000000AMP6,AMP,AU,0.0003989546529235679,0.014053484318203316,0.015078145388117262
2024,vw_50,JP3933800009,LY,JP,0.00037191711987049036,0.29593697025492044,0.14903848371584727
2024,vw_50,JP3629000005,TOPPAN HOLDINGS,JP,0.0003625707560832642,23.203844327678606,29.047545797157838
2024,vw_50,JP3783600004,EAST JAPAN RAILWAY,JP,0.00035615974019410836,89.09006889761112,70.55898051476501
2024,vw_50,JP3635000007,TOYOTA TSUSHO,JP,0.000354913705339299,6.463649216554283,19.125514159705375
2024,vw_50,JP3566800003,CENTRAL JAPAN RAILWAY,JP,0.000354729111624815,5.915917070674503,2.5519199717896845
2024,vw_50,JP3818000006,FUJITSU,JP,0.00034964348020391007,2.5510504049692866,2.050913281297818
2024,vw_50,JP3174410005,OJI HOLDINGS,JP,0.0003468757433955307,513.0133366918723,1506.174291727293
2024,vw_50,JP3830000000,BROTHER INDUSTRIES,JP,0.0003392179069939924,3.4293421200167167,4.40545349957442
2024,vw_50,JP3352400000,CITIZEN WATCH,JP,0.00033646057239424703,8.22489770878191,10.970865117228358
2024,vw_50,JP3131400008,AEON FINANCIAL SERVICE,JP,0.0003339691220651819,0.792702902232168,1.3164897052365083
2024,vw_50,JP3358000002,SHIMANO,JP,0.0003280061088691994,3.094415299289347,0.7731487772534944
2024,vw_50,JP3126400005,ALPS ALPINE,JP,0.0003244692070211646,2.0860442308169564,8.844677409926149
2024,vw_50,AU000000COH5,COCHLEAR,AU,0.00031736355043049565,0.6033067695107366,0.06481877624270695
2024,vw_50,AU000000CPU5,COMPUTERSHARE,AU,0.0003147042690958618,1.1733788060602233,0.3463880536413627
2024,vw_50,MU0117U00026,GOLDEN AGRI-RESOURCES,SG,0.0003128730617234004,720.6235909534727,2721.822956203814
2024,vw_50,JP3419050004,SEGA SAMMY HDG.,JP,0.00030512622883248336,1.8395019487431867,1.609002202288827
2024,vw_50,JP3596200000,TOTO,JP,0.00029131345755891287,29.916716952212184,30.134193333290593
2024,vw_50,JP3734800000,NIDEC,JP,0.00029126146837197626,16.32556348359907,11.530445617541956
2024,vw_50,AU000000SBM8,ST BARBARA,AU,0.00028675078724717224,1918.1924013123082,1599.5587424158853
2024,vw_50,JP3122800000,AMADA,JP,0.00028482170202362797,2.5531248546137237,1.726713667386344
2024,vw_50,JP3269600007,KURARAY,JP,0.00027259212842146394,363.964375159365,519.9391370149473
2024,vw_50,BMG2442N1048,COSCO SHIPPING PORTS,HK,0.0002662501377215744,52.816251027396554,35.38685903039114
2024,vw_50,AU000000BSL0,BLUESCOPE STEEL,AU,0.0002638378264709057,745.9982241731684,1251.7782614714433
2024,vw_50,JP3787000003,HITACHI CON.MCH.,JP,0.00024074531247124457,9.751447609847853,15.579817655566726
2024,vw_50,HK0011000095,HANG SENG BANK DEAD - DELIST.28/01/26,HK,0.00023110140309886646,0.01285537728133312,0.005900130607781794
2024,vw_50,AU000000SIG5,SIGMA HEALTHCARE,AU,0.00021649515942056725,0.0033981876930839474,0.006875317881275885
2024,vw_50,KYG9431R1039,WANT WANT CHINA HOLDINGS,SG,0.00021605862727454688,57.688850686189376,28.616654373891368
2024,vw_50,JP3678000005,NISSHINBO HOLDINGS,JP,0.00019731312674325363,24.464600572247008,63.831308077197995
2024,vw_50,AU000000SWM4,SEVEN WEST MEDIA DEAD - DELIST.08/01/26,AU,0.0001971618081585883,2.633561672851745,10.115653730371818
2024,vw_50,JP3188220002,OTSUKA HOLDINGS,JP,0.00019243903339769965,27.084566579578272,17.230570380370402
2024,vw_50,HK0083000502,SINO LAND,HK,0.0001913657419692761,2.8998991548213597,0.438978790491216
2024,vw_50,JP3398000004,SUZUKEN,JP,0.0001822896137742053,1.6564520561521678,10.380729954466014
2024,vw_50,JP3548610009,DENA,JP,0.00017546103081227726,0.5363518381897587,0.4015351867380507
2024,vw_50,JP3942800008,YAMAHA MOTOR,JP,0.00015456629342650287,8.90071046530848,14.743697320871894
2024,vw_50,JP3164800009,NOK,JP,0.00015084499593108513,7.239667586640722,15.78961218958061
2024,vw_50,JP3870000001,MABUCHI MOTOR,JP,0.0001498232186152374,2.43073766954582,1.288044362552166
2024,vw_50,JP3293200006,COCA-COLA BOTTLERS JAPAN HOLDINGS,JP,0.00013994854280240397,31.816266833091387,66.24266075261939
2024,vw_50,HK0016000132,SUN HUNG KAI PROPERTIES,HK,0.00013872437673723503,2.230039148235807,0.7564046100694248
2024,vw_50,JP3228600007,KANSAI ELECTRIC PWR.,JP,0.0001361345695548924,705.6365121421627,1606.3809154383243
2024,vw_50,JP3862400003,MAKITA,JP,0.0001345292627170076,3.978904243055072,2.6308453783148984
2024,vw_50,JP3336600006,SUNDRUG,JP,0.00013114376632201888,5.013421909957606,6.93977138528042
2024,vw_50,JP3486800000,DAITO TST.CONSTRUCTION,JP,0.00013004937588048004,2.9019805602557587,4.210462970392362
2024,vw_50,JP3224200000,KAWASAKI HEAVY INDUSTRY,JP,0.00012727354554053117,11.39741270307726,35.77491629501211
2024,vw_50,JP3409000001,SUMITOMO REAL.&DEV.,JP,0.00012567793007977937,6.5899342891598796,2.891133364620327
2024,vw_50,JP3544000007,TEIJIN,JP,0.00011675414811817703,98.0417406125765,373.11562686209754
2024,vw_50,JP3768600003,HASEKO,JP,0.0001138948225704566,7.106463460784021,13.376295393189933
2024,vw_50,SG1R89002252,CITY DEVELOPMENTS,SG,0.00011198093138524865,0.7840927522497838,0.7030930246155644
2024,vw_50,AU000000GPT8,GPT GROUP STAPLED UNITS,AU,0.0001112766377579275,11.230976362118037,1.137342277894657
2024,vw_50,JP3039710003,JAPAN METROPOLITAN FUND INVESTMENT REIT,JP,0.00010726277634649077,9.501366426235384,1.1214281181920092
2024,vw_50,JP3172100004,OKUMA,JP,0.00010409993298671276,4.760876810029929,4.535400979149581
2024,vw_50,NZSKCE0001S2,SKY CITY ENTM.GP.,NZ,0.00010121127410901078,9.719212115289173,5.1085259606184215
2024,vw_50,HK0200030994,MELCO INTL.DEV.,HK,9.629677215160076e-05,7.47198634032876,27.244901900200833
2024,vw_50,JP3386030005,JFE HOLDINGS,JP,8.913551270975316e-05,1344.8260922817963,4723.204285560547
2024,vw_50,JP3870400003,MARUI GROUP,JP,8.731971072233343e-05,5.319117557414025,2.3284306692911128
2024,vw_50,HK0012000102,HENDERSON LD.DEV.,HK,8.724723698975094e-05,3.7262514228369263,1.0275893303421622
2024,vw_50,JP3549600009,DENKA,JP,8.709262117401064e-05,527.5490963218028,903.841538950468
2024,vw_50,JP3385820000,GS YUASA,JP,8.651304531612885e-05,15.467042481016517,40.18592888011895
2024,vw_50,JP3304200003,KOMATSU,JP,8.486832018821596e-05,4.21484007725958,3.9358098566527033
2024,vw_50,NZAIRE0001S2,AIR NEW ZEALAND,NZ,8.466895314793704e-05,795.659966679141,2482.4373444110147
2024,vw_50,JP3796150005,HIROGIN HOLDINGS,JP,8.392205180991129e-05,1.1941844560978228,0.6980264418470972
2024,vw_50,AU000000ORG5,ORIGIN ENERGY (EX BORAL),AU,8.087788373988206e-05,1519.3516027710039,1636.5264890845672
2024,vw_50,JP3166000004,EBARA,JP,8.042254879803975e-05,13.863797368299782,12.23562013052477
2024,vw_50,AU000000MND5,MONADELPHOUS GROUP,AU,8.002086284781382e-05,7.691180472691495,10.437025589745922
2024,vw_50,JP3197600004,ONO PHARM.,JP,7.600142741949389e-05,1.9945165678835202,0.7573608123429465
2024,vw_50,JP3263000006,KINDEN,JP,7.552846832969256e-05,3.5648675782630366,4.170442505496069
2024,vw_50,HK0002007356,CLP HOLDINGS,HK,7.46142569369418e-05,3413.9907142682205,1831.9038658442714
2024,vw_50,AU000000BPT9,BEACH ENERGY,AU,7.238240572721754e-05,468.1333282583798,216.59729115302105
2024,vw_50,JP3743000006,NH FOODS,JP,6.949235629681992e-05,50.136674907736854,120.05405224305642
2024,vw_50,JP3481800005,DAIKIN INDUSTRIES,JP,6.837818776600584e-05,18.239776622607398,11.276851657966201
2024,vw_50,JP3939000000,YAMADA HOLDINGS,JP,6.830030741517382e-05,4.463994674454354,16.695129543770804
2024,vw_50,JP3358200008,SHIMAMURA,JP,6.075540767041417e-05,0.17419041259715096,0.18418668211458195
2024,vw_50,JP3419400001,SEKISUI CHEMICAL,JP,6.055233683080131e-05,21.63367590200016,28.95986605666322
2024,vw_50,JP3305800009,KOMORI,JP,5.7682920400560205e-05,6.69764154069318,9.709235301652363
2024,vw_50,JP3320800000,SAPPORO HOLDINGS,JP,5.2225044678857465e-05,34.1502031653949,33.109456073440064
2024,vw_50,JP3203500008,ONWARD HOLDINGS,JP,4.938510368758261e-05,0.9408657550229708,2.037383498395153
2024,vw_50,JP3955000009,YOKOGAWA ELECTRIC,JP,4.809711015453552e-05,3.334427532350858,2.2696751970744216
2024,vw_50,JP3499800005,MITSUBISHI HC CAPITAL,JP,4.7981098003176626e-05,0.23936990903478964,0.29906961493336226
2024,vw_50,JP3919800007,MEIDENSHA,JP,4.774451606931407e-05,10.60916117292327,24.02292250178716
2024,vw_50,JP3256000005,KYOWA KIRIN,JP,4.759525457287678e-05,5.40900282302137,1.9147211471473822
2024,vw_50,JP3711200000,AOZORA BANK,JP,4.266542329651015e-05,0.06428983753619687,0.05538518941734781
2024,vw_50,JP3209000003,CASIO COMPUTER,JP,3.884621157449502e-05,1.998240465254245,1.727522632785484
2024,vw_50,JP3944130008,USS,JP,3.515348356884145e-05,6.601359239815366,0.8781944864444541
2024,vw_50,BMG8063F1068,SHANGRI-LA ASIA,HK,3.2899861143818435e-05,69.93880820540748,66.3596427196836
2024,vw_50,JP3778630008,BANDAI NAMCO HDG.,JP,3.2637869074769147e-05,1.1469445176866937,0.5544238549972708
2024,vw_50,JP3347200002,SHIONOGI,JP,3.2602028602934634e-05,14.429540382730167,2.8630066274839225
2024,vw_50,JP3982800009,ROHM,JP,3.2070844196429405e-05,56.683768595290104,24.17978844641338
2024,vw_50,JP3826800009,FURUKAWA,JP,2.926447496139618e-05,25.51178711977303,65.49945555619233
2024,vw_50,JP3841800000,HOKUETSU,JP,2.5388247354352544e-05,308.15450275264016,371.7793035180912
2024,vw_50,HK0010000088,HANG LUNG GROUP,HK,2.309653924013812e-05,3.0815180712511308,2.551754479839237
2024,vw_50,JP3108600002,ACOM,JP,2.3002327674356423e-05,0.6742884023421892,0.3274493862506172
2024,vw_50,JP3888400003,MITSUI KINZOKU LIMITED,JP,2.191739577678714e-05,189.1600915497199,436.6337924143025
2024,vw_50,JP3102000001,AISIN,JP,1.9804304791867277e-05,15.824131570877123,50.2145290735423
2024,vw_50,JP3619800000,TOYOBO,JP,1.8765476261119495e-05,239.25021840924032,1002.326500821118
2024,vw_50,JP3156400008,USHIO,JP,1.868854518723498e-05,2.8781288686752333,2.0215758759387135
2024,vw_50,SGXE34184239,SEATRIUM,SG,1.762852151098695e-05,13.188074450179307,14.092129725263375
2024,vw_50,JP3358800005,SHIMIZU,JP,1.6585462107066074e-05,15.989321998681428,44.878417919483404
2024,vw_50,AU000000IRE2,IRESS,AU,1.6258867962726532e-05,0.11521923523845479,0.04644819543819425
2024,vw_50,JP3126340003,ALFRESA HOLDINGS,JP,1.6097130968165324e-05,1.7251713531794453,9.97175517922733
2024,vw_50,HK0363006039,SHANGHAI INDUSTRIAL HOLDINGS,HK,1.5018074498433905e-05,93.24320116366641,290.29919360243036
2024,vw_50,HK0144000764,CHINA MERCHANTS PORT HOLDINGS,HK,1.4630055702178591e-05,43.36834061403043,12.291907480976151
2024,vw_50,JP3676800000,NISSHIN SEIFUN,JP,1.3960503252903653e-05,26.18510284111857,35.1737819319317
2024,vw_50,HK0000608585,NEW WORLD DEVELOPMENT COMPANY,HK,1.3245199007308631e-05,1.553109011730528,3.140061435280942
2024,vw_50,JP3240400006,KIKKOMAN,JP,1.3231633369706748e-05,22.879086888542663,8.386120844085308
2024,vw_50,JP3143000002,ITO EN,JP,1.2684080008357997e-05,13.524943294201163,15.85791309863622
2024,vw_50,AU000000APA1,APA GROUP,AU,1.116488942494436e-05,1006.0181770277554,270.2415161563926
2024,vw_50,NZFBUE0001S0,FLETCHER BUILDING,NZ,1.0534614688205519e-05,146.79896272477615,348.227144120657
2024,vw_50,JP3040890000,JAPAN PRIME REALTY INV.,JP,9.778601006545623e-06,5.9999000016666395,0.6108787320872537
2024,vw_50,JP3180400008,OSAKA GAS,JP,9.755837374196674e-06,300.86114042848374,509.13757723745
2024,vw_50,JP3528600004,CHIYODA CORPORATION,JP,9.563653939296126e-06,25.481036023544068,150.7850394632324
2024,vw_50,JP3243600008,CANON MARKETING JAPAN,JP,9.455073519732132e-06,1.3260960423416555,1.4048425962913804
2024,vw_50,JP3613400005,TOYO SEIKAN GROUP HDG.,JP,8.675733270145308e-06,58.15927467525118,133.7110972983131
2024,vw_50,JP3522200009,CHUGOKU ELEC.POWER,JP,7.887865589378678e-06,1556.386413927908,6957.212181481096
2024,vw_50,JP3684400009,NITTO BOSEKI,JP,7.834863583144017e-06,239.12330564057717,107.8956494932758
2024,vw_50,JP3634200004,TOYODA GOSEI,JP,7.443578316010521e-06,12.657204234537994,35.08388947795172
2024,vw_50,JP3160400002,EISAI,JP,5.672918991800774e-06,9.612048039269606,3.5721769281160602
2024,vw_50,JP3219000001,KAMIGUMI,JP,4.4837917054089755e-06,17.720526125923065,12.292891743569305
2024,vw_50,JP3401400001,SUMITOMO CHEMICAL,JP,3.881381943623485e-06,258.4454259010222,1146.6637251235584
2024,vw_50,JP3197800000,OMRON,JP,3.781578711053277e-06,0.6531247119469425,0.40212423448579454
2024,vw_50,NZTELE0001S4,SPARK NEW ZEALAND,NZ,3.4160370653509567e-06,2.3177075837178807,0.798812215840087
2024,vw_50,BMG5320C1082,KUNLUN ENERGY,HK,2.887868839289737e-06,19.537684671149922,63.99946151393006
2024,vw_50,BMG507361001,JARDINE MATHESON HDG.,HK,1.9573159189830493e-06,139.3048646531919,427.1706601450377
2024,vw_50,BMG684371393,PACIFIC BASIN SHIP.,HK,1.8434890887410221e-06,1372.306967153772,2131.208427592261
2024,vw_50,SG1F60858221,SINGAPORE TECHS.ENGR.,SG,1.4222865445034607e-06,5.980587014550768,5.091246450269836
