year,portfolio,ISIN,name,country,weight,ci,cf_per_weight
2013,vw_nz,JP3633400001,TOYOTA MOTOR,JP,0.05526396355870522,11.516275142521295,16.294735007992305
2013,vw_nz,AU000000BWP3,BWP GROUP STAPLED UNITS,AU,0.044566909723317505,0.0,0.0
2013,vw_nz,AU000000BHP4,BHP GROUP,AU,0.04059195784147977,329.4660755146728,173.69586186189173
2013,vw_nz,AU000000CBA7,COMMONWEALTH BK.OF AUS.,AU,0.03530472301161619,0.22976128852495517,0.10066709056033145
2013,vw_nz,AU000000ANZ3,ANZ GROUP HOLDINGS,AU,0.026273661195555555,0.42653063075284786,0.21020265328751286
2013,vw_nz,JP3902900004,MITSUBISHI UFJ FINL.GP.,JP,0.024176491336358474,0.37365369338331517,0.2356761279616212
2013,vw_nz,AU000000WBC1,WESTPAC BANKING,AU,0.023683818752425177,0.2424948657744411,0.11672880416523579
2013,vw_nz,JP3726800000,JAPAN TOBACCO,JP,0.022951114753895795,22.18137304447431,6.349151739253161
2013,vw_nz,JP3854600008,HONDA MOTOR,JP,0.020716139298775735,13.690452442557799,20.508351116934257
2013,vw_nz,JP3890350006,SUMITOMO MITSUI FINL.GP.,JP,0.018303217278734248,0.13857339299016877,0.11247513568421956
2013,vw_nz,AU000000NAB4,NATIONAL AUS.BANK,AU,0.016512015973954474,0.42255082061363747,0.3056608692069693
2013,vw_nz,AU000000CSL8,CSL,AU,0.01605612862951343,11.579611370152607,1.953427836778747
2013,vw_nz,JP3551500006,DENSO,JP,0.01554940711617007,15.040850157403815,17.060009631422982
2013,vw_nz,AU000000TLS2,TELSTRA GROUP,AU,0.01519650865277171,2.009111768485008,0.89149161861608
2013,vw_nz,JP3672400003,NISSAN MOTOR,JP,0.01479673515356447,8.176861977202416,18.31151658959873
2013,vw_nz,JP3496400007,KDDI,JP,0.01394584187284453,0.07503500381654968,0.08909902054568389
2013,vw_nz,JP3242800005,CANON,JP,0.013847401413074093,3.4083648386453236,2.678441648399843
2013,vw_nz,AU0000224040,WOODSIDE ENERGY GROUP,AU,0.012799433191314151,1442.9465773539716,300.6496835387096
2013,vw_nz,JP3566800003,CENTRAL JAPAN RAILWAY,JP,0.012737151350636746,4.671222159296967,4.490025688559471
2013,vw_nz,AU000000WES1,WESFARMERS,AU,0.012316696779878893,40.87489855908115,63.39949334462042
2013,vw_nz,HK0388045442,HONG KONG EXCHANGES AND CLEARING,HK,0.011230973514594884,0.14082489395642683,0.005291591797485308
2013,vw_nz,JP3910660004,TOKIO MARINE HOLDINGS,JP,0.010971033495704842,0.5103550696134227,0.8094524969563086
2013,vw_nz,JP3898400001,MITSUBISHI,JP,0.01025645087284526,51.20743267166512,95.00547785344008
2013,vw_nz,JP3830000000,BROTHER INDUSTRIES,JP,0.010137932070967099,1.9596452228319061,3.630551471845191
2013,vw_nz,JP3762600009,NOMURA HDG.,JP,0.009901949828512743,0.17626858494552625,0.1717200012870719
2013,vw_nz,JP3982100004,LAWSON DEAD - DELIST.24/07/24,JP,0.00934764462900223,1.3658511158070636,0.9878000142050888
2013,vw_nz,JP3475350009,DAIICHI SANKYO,JP,0.009140990286946699,12.212849820260306,11.100384784483198
2013,vw_nz,JP3684000007,NITTO DENKO,JP,0.008889556905123303,58.31596714893823,40.55192817893168
2013,vw_nz,HK0011000095,HANG SENG BANK DEAD - DELIST.28/01/26,HK,0.008290244220927185,0.0,0.0
2013,vw_nz,HK0066009694,MTR,HK,0.008282120996231953,11.277347649447377,2.1839733223591704
2013,vw_nz,JP3902400005,MITSUBISHI ELECTRIC,JP,0.008157369502349996,8.315770357470692,18.542128060458854
2013,vw_nz,JP3667600005,JGC HOLDINGS,JP,0.008064788117654405,18.147926068588394,16.463667772345165
2013,vw_nz,JP3205800000,KAO,JP,0.008000904373445833,43.14549449572554,42.41382542361567
2013,vw_nz,HK0823032773,LINK REAL ESTATE INVESTMENT TRUST,HK,0.007995236131122645,0.0,0.0
2013,vw_nz,JP3294460005,INPEX,JP,0.007840662851256902,37.09274367432907,23.35972036203061
2013,vw_nz,JP3893600001,MITSUI,JP,0.007789968354496249,25.87867836527121,50.26151464032432
2013,vw_nz,JP3877600001,MARUBENI,JP,0.0077509262027923,0.0028830313095057417,0.011859420987809637
2013,vw_nz,JP3463000004,TAKEDA PHARMACEUTICAL,JP,0.007692899129720205,10.141722160875958,4.309650943783937
2013,vw_nz,JP3435000009,SONY GROUP,JP,0.00756238111405523,4.183422626930422,20.344412565648707
2013,vw_nz,JP3788600009,HITACHI,JP,0.007434727664881644,9.086316711541375,32.0679867165324
2013,vw_nz,JP3830800003,BRIDGESTONE,JP,0.007310850563500373,62.029725339017894,96.42192263229956
2013,vw_nz,JP3258000003,KIRIN HOLDINGS,JP,0.007246674539708032,22.73516162284791,43.946948437923496
2013,vw_nz,BMG8063F1068,SHANGRI-LA ASIA,HK,0.006829317148595627,73.80705822868507,20.107335900176555
2013,vw_nz,JP3229400001,KANSAI PAINT,JP,0.006426735964086535,15.647860802928806,16.350847364668457
2013,vw_nz,AU000000SUN6,SUNCORP GROUP,AU,0.0062010666195197964,0.41453603601930317,0.45309060229256687
2013,vw_nz,JP3351600006,SHISEIDO,JP,0.00603879453955325,4.134719403938894,5.956156127729395
2013,vw_nz,AU000000QAN2,QANTAS AIRWAYS,AU,0.005953021053799062,750.4054751008388,3441.3254253627565
2013,vw_nz,JP3582600007,TOKYO TATEMONO,JP,0.005774821012706987,1.2744789875523659,1.3637454001663851
2013,vw_nz,AU000000QBE9,QBE INSURANCE GROUP,AU,0.005745774489079181,0.6487553522918545,0.7245952936604467
2013,vw_nz,JP3493800001,DAI NIPPON PRINTING,JP,0.005741088410783481,20.75498790709456,58.837707937604335
2013,vw_nz,JP3190000004,OBAYASHI,JP,0.005735528160666617,9.869974878421518,40.90311882838043
2013,vw_nz,AU000000ORG5,ORIGIN ENERGY (EX BORAL),AU,0.005730683047332279,950.9628751415604,960.6717319372199
2013,vw_nz,JP3769000005,HACHIJUNI NAGANO BANK,JP,0.005586745311949987,1.657130397515808,1.1093687687059817
2013,vw_nz,AU000000ORI1,ORICA,AU,0.005586028251487122,273.73435320030035,194.84821324188457
2013,vw_nz,JP3629000005,TOPPAN HOLDINGS,JP,0.005375997744963026,18.1241193299167,68.20898677513549
2013,vw_nz,JP3505000004,DAIWA HOUSE INDUSTRY,JP,0.0052410370669603015,9.574366107673903,18.549948328681076
2013,vw_nz,NZFBUE0001S0,FLETCHER BUILDING,NZ,0.00518654523091873,114.87576690066092,156.04563800861692
2013,vw_nz,AU000000WOW2,WOOLWORTHS GROUP,AU,0.0051556094260043666,8.779929535268318,12.633744937067148
2013,vw_nz,SGXE21576413,GENTING SINGAPORE,SG,0.00491056770455158,1.634446700255682,0.2586791652770816
2013,vw_nz,JP3866800000,PANASONIC HOLDINGS,JP,0.004899608906712443,8.275773164249243,41.717673648001444
2013,vw_nz,AU000000CIM7,CIMIC GROUP DEAD - DELIST.11/05/22,AU,0.0048037314809750795,160.9360674876165,431.176273886649
2013,vw_nz,JP3686800008,NIPPON SHEET GLASS,JP,0.004775639363328603,627.6825583336786,3416.5340726062295
2013,vw_nz,JP3811000003,FUJIKURA,JP,0.004732972002636046,5.350767328287233,25.508718284736634
2013,vw_nz,JP3119600009,AJINOMOTO,JP,0.004671568754597258,105.22537042051734,151.62674814046957
2013,vw_nz,AU000000AMP6,AMP,AU,0.0046058615037017,0.008974394620985211,0.009040960117213592
2013,vw_nz,JP3304200003,KOMATSU,JP,0.004555428836753915,6.083805335337114,4.71964858727845
2013,vw_nz,JP3456000003,TAKASHIMAYA,JP,0.004505618710785008,1.6754284009525962,6.504619556120911
2013,vw_nz,JP3870000001,MABUCHI MOTOR,JP,0.004399247563632717,29.171088750544502,14.956196289633587
2013,vw_nz,JP3134800006,IHI,JP,0.004395689207586418,5.598366055881602,20.336335404557406
2013,vw_nz,AU000000SHL7,SONIC HEALTHCARE,AU,0.004390892515162079,2.387801432911426,1.4607407198445639
2013,vw_nz,JP3942400007,ASTELLAS PHARMA,JP,0.004174240608624278,7.615397369506793,3.326401225463054
2013,vw_nz,AU000000MQG1,MACQUARIE GROUP,AU,0.004167067367032588,0.0,0.0
2013,vw_nz,IE00BKVD2N49,SEAGATE TECHNOLOGY HOLDINGS,SG,0.004088282148481665,19.47856967915748,26.328534800535632
2013,vw_nz,JP3573000001,TOKYO GAS,JP,0.0038861618510385916,131.11698355683038,226.02421901896508
2013,vw_nz,JP3951600000,UNI CHARM,JP,0.0038492089382940473,6.080078629938535,2.890460355130046
2013,vw_nz,AU000000COH5,COCHLEAR,AU,0.003814010962570032,0.008368903393803546,0.001305659451581449
2013,vw_nz,JP3414750004,SEIKO EPSON,JP,0.0038086004662728507,20.108682311016203,85.74264241326959
2013,vw_nz,JP3519400000,CHUGAI PHARM.,JP,0.0037776017029410506,12.816324675490689,4.837261413680066
2013,vw_nz,JP3787000003,HITACHI CON.MCH.,JP,0.003616760210288862,4.749318139046107,8.36459215705815
2013,vw_nz,AU000000IAG3,INSURANCE AUS.GROUP,AU,0.003596510542003234,1.00136758696601,0.8474188207021862
2013,vw_nz,HK0010000088,HANG LUNG GROUP,HK,0.003465934945337651,0.47552345658625195,0.05974176541658022
2013,vw_nz,JP3126400005,ALPS ALPINE,JP,0.0034290730503652583,1.5597738551373352,8.935235788209113
2013,vw_nz,JP3122400009,ADVANTEST,JP,0.003411477349247949,1.9120353199854236,1.112688099139311
2013,vw_nz,JP3256000005,KYOWA KIRIN,JP,0.00340323355537788,18.817616035016137,12.674782621720603
2013,vw_nz,SG1U68934629,KEPPEL,SG,0.003380576977209565,51.959358429316765,34.830470895991
2013,vw_nz,AU000000STO6,SANTOS,AU,0.0031876555179172913,1071.9687806220209,309.9173776569972
2013,vw_nz,SG1V61937297,SINGAPORE AIRLINES,SG,0.003110422831884963,1164.5597140301559,1323.5577419916451
2013,vw_nz,AU000000MTS0,METCASH,AU,0.003108984438336246,1.5194987462073994,5.726038409240566
2013,vw_nz,JP3973400009,RICOH,JP,0.0030764833065561816,8.674088765950007,22.210481243786948
2013,vw_nz,JP3659000008,WEST JAPAN RAILWAY,JP,0.003036404687108185,7.131916273870434,12.815435936276526
2013,vw_nz,AU000000NCM7,NEWCREST MINING DEAD - DELIST.08/11/23,AU,0.002992464436650845,382.4201615014239,81.96365784694898
2013,vw_nz,JP3539220008,T & D HOLDINGS,JP,0.0027251069045509013,0.10857180229818672,0.3127162864038229
2013,vw_nz,JP3493400000,DIC,JP,0.002563834265484014,41.93205328904519,188.1453479488645
2013,vw_nz,JP3197600004,ONO PHARM.,JP,0.002546013918852595,13.825063885174243,3.5088229920073215
2013,vw_nz,JP3783600004,EAST JAPAN RAILWAY,JP,0.002509966203422341,7.337568764375083,7.845276209760271
2013,vw_nz,AU000000MND5,MONADELPHOUS GROUP,AU,0.0025048974935399887,3.827732452961815,3.6266790912177904
2013,vw_nz,JP3111200006,ASAHI KASEI,JP,0.002440008912049317,288.9519915667413,607.5686590275627
2013,vw_nz,JP3526600006,CHUBU ELEC.POWER,JP,0.0023766125234312954,1913.7882534763532,5953.153246663381
2013,vw_nz,JP3495000006,SUMITOMO PHARMA,JP,0.002343488042154812,21.51759818139061,15.187562244107559
2013,vw_nz,JP3814000000,FUJIFILM HOLDINGS,JP,0.002316137728348956,31.485407180680507,72.86969180145434
2013,vw_nz,JP3419400001,SEKISUI CHEMICAL,JP,0.0023020072438297667,14.33069548296226,31.446781286189783
2013,vw_nz,BMG2442N1048,COSCO SHIPPING PORTS,HK,0.0022730842686796027,49.98286581485289,8.2397222041638
2013,vw_nz,JP3401400001,SUMITOMO CHEMICAL,JP,0.0021750461095275055,318.7530802581314,1373.703217946407
2013,vw_nz,AU000000APA1,APA GROUP,AU,0.0021608571399238186,332.9115568810405,64.68765967678912
2013,vw_nz,JP3820000002,FUJI ELECTRIC,JP,0.0021230088409629187,26.125586243159226,113.6738430866913
2013,vw_nz,JP3665200006,NICHIREI,JP,0.0020981952268310385,8.067683302305314,26.5834580150668
2013,vw_nz,JP3405400007,SUMITOMO HEAVY INDS.,JP,0.0020672554742682714,2.4106837843524347,6.299162370877139
2013,vw_nz,JP3112000009,AGC,JP,0.0020322003817665334,410.1454895786856,682.0381941388717
2013,vw_nz,JP3522200009,CHUGOKU ELEC.POWER,JP,0.0020281357179771377,3122.7360733726646,8642.91321100956
2013,vw_nz,JP3260800002,KINTETSU GROUP HDG.,JP,0.001996630287390704,3.6024524974727834,5.228456696331669
2013,vw_nz,JP3903000002,MITSUBISHI MATERIALS,JP,0.0019956583832499717,751.882731767003,2607.6841526621643
2013,vw_nz,JP3638600001,DOWA HDG.,JP,0.00198622599064005,198.09157204721703,394.6567560588735
2013,vw_nz,JP3621000003,TORAY INDS.,JP,0.0019841198455840766,187.79411518876543,343.84550513322284
2013,vw_nz,JP3449020001,TAIHEIYO CEMENT,JP,0.0019422398888149504,1546.4462979648497,3771.1476210834912
2013,vw_nz,JP3551200003,ELEC.POWER DEV.,JP,0.001912089382187287,7599.154637949945,14430.503346841644
2013,vw_nz,JP3657400002,NIKON,JP,0.0019000095086200374,2.5057608502902604,2.3776803027165423
2013,vw_nz,HK0002007356,CLP HOLDINGS,HK,0.0018972227220758432,2829.3242424076534,1780.619485177722
2013,vw_nz,JP3116000005,ASAHI GROUP HOLDINGS,JP,0.0018599808893392737,15.365847035573285,25.534270499536095
2013,vw_nz,JP3246400000,KYUSHU ELEC.POWER,JP,0.0018508536803157206,65.8895769757379,244.68641211865065
2013,vw_nz,JP3407400005,SUMITOMO ELECTRIC IND.,JP,0.0018456474729232762,8.282217450006382,21.674097253767165
2013,vw_nz,JP3420600003,SEKISUI HOUSE,JP,0.0018387780378606158,4.082690483597339,9.763162047742227
2013,vw_nz,JP3165700000,NTT DATA GROUP DEAD - DELIST.26/09/25,JP,0.0017730102976503933,0.42931259473203576,0.6840621735736835
2013,vw_nz,BMG684371393,PACIFIC BASIN SHIP.,HK,0.0017441230641269691,488.6910067270386,630.4654947334537
2013,vw_nz,JP3891600003,MITSUI E&S,JP,0.001740022084239677,20.32084704517355,97.45980262551112
2013,vw_nz,JP3300600008,KONICA MINOLTA,JP,0.0016758017316821554,20.247493609450068,40.24799084745445
2013,vw_nz,JP3955000009,YOKOGAWA ELECTRIC,JP,0.0016017895651934393,12.681948864763205,15.73163833298188
2013,vw_nz,JP3194000000,OKI ELECTRIC IND.,JP,0.001564628294374119,2.4764962360459575,13.987869141072485
2013,vw_nz,JP3845400005,HOKURIKU ELEC.POWER,JP,0.0015439898940481298,3438.1849799213337,7788.31920333737
2013,vw_nz,SG1R89002252,CITY DEVELOPMENTS,SG,0.001521897864884781,1.0729419350592835,0.33822883243453666
2013,vw_nz,AU000000BSL0,BLUESCOPE STEEL,AU,0.0014788460367744435,1023.6302417423894,4053.255622984638
2013,vw_nz,AU000000MAH3,MACMAHON HOLDINGS,AU,0.0014747800630407284,77.60307754360407,219.67838931382332
2013,vw_nz,BMG524401079,KERRY PROPERTIES,HK,0.0014610577672611862,0.6379610267494771,0.28326936306182937
2013,vw_nz,AU000000MGR9,MIRVAC GROUP STAPLED UNITS,AU,0.0014529037875128444,4.559598063622719,1.2474137261409615
2013,vw_nz,AU000000IGO4,IGO,AU,0.0014522055617347395,157.515268270689,33.54516013582521
2013,vw_nz,JP3359600008,SHARP,JP,0.0014167581364914505,10.51202569789636,65.38689301223845
2013,vw_nz,JP3595200001,TOSOH,JP,0.0013480894299308073,987.9906031762662,4733.0926124719435
2013,vw_nz,JP3596200000,TOTO,JP,0.0013311729648282761,31.460584339791723,52.68529318205916
2013,vw_nz,JP3819400007,FUJI MEDIA HOLDINGS,JP,0.0013176686191989277,0.0,0.0
2013,vw_nz,JP3738600000,NITERRA,JP,0.0012298192156611465,24.188200889056272,26.822272257767274
2013,vw_nz,AU000000OZL8,OZ MINERALS DEAD - DELIST.03/05/23,AU,0.0012289938514255287,199.9358126431534,91.72477064220183
2013,vw_nz,JP3634200004,TOYODA GOSEI,JP,0.0012012811154942737,16.925649621819442,36.326529264321735
2013,vw_nz,HK0006000050,POWER ASSETS HOLDINGS,HK,0.0011731447111897597,6673.762504925252,486.0802564073353
2013,vw_nz,AU000000SBM8,ST BARBARA,AU,0.001163238882732846,196.55234593529545,121.43992608796076
2013,vw_nz,JP3209000003,CASIO COMPUTER,JP,0.0010994099830886886,0.857362967407831,1.1718546426939032
2013,vw_nz,JP3350800003,SHIKOKU ELECTRIC POWER,JP,0.001069885456202143,1550.5618014714948,3436.199277554688
2013,vw_nz,JP3224200000,KAWASAKI HEAVY INDUSTRY,JP,0.0010577282568041435,9.99338200481163,27.298980859074693
2013,vw_nz,JP3371200001,SHIN-ETSU CHEMICAL,JP,0.0010340413141797075,123.99632080143472,53.606763952058095
2013,vw_nz,JP3201200007,OLYMPUS,JP,0.0010294189924694246,2.8671563098552943,3.8764053903197513
2013,vw_nz,JP3197800000,OMRON,JP,0.001007941335389535,5.442293018674887,6.619733916686327
2013,vw_nz,JP3571400005,TOKYO ELECTRON,JP,0.0009881473368558674,1.5558012851685632,1.179544606196342
2013,vw_nz,JP3940000007,YAMATO HDG.,JP,0.0009877830906167625,42.49777339592504,76.41563964680282
2013,vw_nz,SG1R50925390,SEMBCORP INDUSTRIES,SG,0.000977537720162448,778.847665671851,810.1183785480654
2013,vw_nz,JP3900000005,MITSUBISHI HEAVY INDS.,JP,0.0009483559157135905,5.074177870105436,8.51195681475978
2013,vw_nz,JP3027680002,JAPAN REAL ESTATE INV.,JP,0.000880290977513008,12.176057972460013,1.0766913620451029
2013,vw_nz,JP3720800006,NSK,JP,0.0008244349024051611,16.29493248990595,32.66564255462982
2013,vw_nz,JP3711600001,NIPPON SANSO HOLDINGS,JP,0.0008117780244385181,23.522456497176915,44.975319793263445
2013,vw_nz,AU000000SIG5,SIGMA HEALTHCARE,AU,0.0007859863531783499,1.4966958315387144,5.621563236449332
2013,vw_nz,JP3734800000,NIDEC,JP,0.0007758659787653324,2.344924546793303,2.1237098273247565
2013,vw_nz,JP3358800005,SHIMIZU,JP,0.0007724980464808508,14.699149221948744,86.98950031228027
2013,vw_nz,JP3868400007,MAZDA MOTOR,JP,0.0007501198947294715,6.482868234561631,18.081357699714903
2013,vw_nz,JP3228600007,KANSAI ELECTRIC PWR.,JP,0.0007427896577067123,1682.7803812855693,6032.378702309749
2013,vw_nz,AU000000ERA9,ENERGY RES.OF AUS.,AU,0.000735567823331778,258.8769809055373,157.20183929631725
2013,vw_nz,JP3888400003,MITSUI KINZOKU LIMITED,JP,0.0007288044703812224,152.96623509023232,477.96106941187895
2013,vw_nz,JP3634600005,TOYOTA INDS.,JP,0.0007250939645320918,11.48580846321351,18.11045898099484
2013,vw_nz,JP3977400005,RINNAI,JP,0.000699675000885735,10.926408609698822,7.656471481387113
2013,vw_nz,JP3200450009,ORIX,JP,0.0006802819166506652,33.4321429456323,24.35581927855827
2013,vw_nz,JP3148800000,IBIDEN,JP,0.0006613135019790594,57.15276242538739,90.53960610296642
2013,vw_nz,JP3388200002,AEON,JP,0.0006356708730740473,4.247676629539556,28.496480202527145
2013,vw_nz,JP3942800008,YAMAHA MOTOR,JP,0.00063481824142566,14.620592207556378,44.59656295977489
2013,vw_nz,JP3914400001,MURATA MANUFACTURING,JP,0.0005842852711292914,17.492585333970244,8.987256775928271
2013,vw_nz,HK0003000038,HONG KONG AND CHINA GAS,HK,0.0005649253187305982,249.32330976849352,32.27980017957402
2013,vw_nz,JP3743000006,NH FOODS,JP,0.000512068314942079,25.476697314189956,85.94585103335254
2013,vw_nz,AU000000DOW2,DOWNER EDI,AU,0.0005035555402569088,24.455746683155972,106.59009666639182
2013,vw_nz,AU0000088338,AMPOL,AU,0.00046589929297602206,76.45460548876285,339.18442870215347
2013,vw_nz,JP3888300005,MITSUI CHEMICALS,JP,0.00045290957281054876,255.77932013312497,1562.8961796333012
2013,vw_nz,AU000000CQR9,CHARTER HALL RETAIL REIT,AU,0.0004427741127954969,0.479643371046469,0.06240593223449947
2013,vw_nz,JP3592200004,TOSHIBA DEAD - DELIST.20/12/23,JP,0.00043801351691178124,12.013458913170686,41.55096300304468
2013,vw_nz,JP3357200009,SHIMADZU,JP,0.0004202002772616675,1.1430550624263855,1.62427668542796
2013,vw_nz,AU000000CSR5,CSR DEAD - DEAD.10/07/24,AU,0.00041943679878694574,204.6701726784194,343.6551026903563
2013,vw_nz,JP3850200001,HOKKAIDO ELEC.POWER,JP,0.00039832271857120915,2344.0433940256116,7722.403162703046
2013,vw_nz,NZCENE0001S6,CONTACT ENERGY,NZ,0.0003839295014846573,1219.003706292474,837.8650708371894
2013,vw_nz,AU000000BLD2,BORAL DEAD - DELIST.08/07/24,AU,0.00037884206175196905,502.6346054910013,688.1335534537824
2013,vw_nz,AU000000GPT8,GPT GROUP STAPLED UNITS,AU,0.0003775756396593234,14.996852402219837,1.4319168104220013
2013,vw_nz,JP3402600005,SUMITOMO METAL MINING,JP,0.00037593342075584413,153.01935328326965,143.81190049987416
2013,vw_nz,BMG677491539,ORIENT OVERSEAS (INTL.),HK,0.0003615339736436943,818.4432444385052,1203.3033955992669
2013,vw_nz,JP3210200006,KAJIMA,JP,0.0003588968032466976,10.017662588238911,51.390451072412056
2013,vw_nz,AU000000SGM7,SIMS,AU,0.00035114212857088883,13.56003718635604,54.76834671358379
2013,vw_nz,JP3792600003,HINO MOTORS,JP,0.00034652149621458464,10.343452839329219,28.981626326841564
2013,vw_nz,AU000000BEN6,BENDIGO & ADELAIDE BANK,AU,0.0003374718230353824,1.0163613287941105,0.9637172170254136
2013,vw_nz,JP3818000006,FUJITSU,JP,0.00032494954853631196,4.719031783874553,26.771882146605204
2013,vw_nz,JP3491000000,DAIDO STEEL,JP,0.00032421946874773615,81.95641168905462,212.03661135955196
2013,vw_nz,AU000000WOR2,WORLEY,AU,0.0002860716669170556,4.440073837785844,6.124549745858287
2013,vw_nz,JP3814800003,SUBARU,JP,0.0002754394700969546,9.318698956141269,17.255395540725964
2013,vw_nz,JP3158800007,UBE,JP,0.0002582466982976667,1494.3371215756056,4875.227630113612
2013,vw_nz,JP3535800001,TSUMURA,JP,0.0002458866775409143,30.41073583716113,14.737865772749494
2013,vw_nz,JP3890310000,MS&AD INSURANCE GP.HDG.,JP,0.00024374095373027238,0.626589574404727,1.749434979269899
2013,vw_nz,NZTELE0001S4,SPARK NEW ZEALAND,NZ,0.00022558394731407897,1.2343760470026675,1.1610816377983166
2013,vw_nz,HK0293001514,CATHAY PACIFIC AIRWAYS,HK,0.00021997479997786174,1242.2434126275682,2094.881640992157
2013,vw_nz,AU000000GWA4,GWA GROUP,AU,0.0002105752493605838,16.755987495084025,12.846064415571142
2013,vw_nz,JP3320800000,SAPPORO HOLDINGS,JP,0.00020283030358754628,22.462605455398833,85.6089698568091
2013,vw_nz,JP3266400005,KUBOTA,JP,0.00020282876864803628,24.498023336716354,19.933114842729772
2013,vw_nz,JP3786200000,HITACHI METALS DEAD - DELIST.29/12/22,JP,0.00020248572365435876,57.724679970036554,107.25921700771585
2013,vw_nz,JP3293200006,COCA-COLA BOTTLERS JAPAN HOLDINGS,JP,0.00018696487732139014,23.702894279156034,57.270096649111636
2013,vw_nz,JP3605400005,TOHOKU ELECTRIC PWR.,JP,0.00017793085075702803,2103.604504334939,10316.567935228808
2013,vw_nz,SG9999000020,FLEX,SG,0.00017091641115875867,1.7428997691965447,10.402864298087735
2013,vw_nz,JP3827200001,FURUKAWA ELECTRIC,JP,0.0001636270425219465,16.16439605257159,108.74490258269144
2013,vw_nz,JP3421100003,JAPAN PETROLEUM EXP.,JP,0.00015494663902908346,89.30636887922094,107.1924742537711
2013,vw_nz,JP3635400009,TOYOTA BOSHOKU,JP,0.0001526449051803112,7.186872821661005,36.954662104362704
2013,vw_nz,JP3502200003,DAIWA SECURITIES GROUP,JP,0.00014835413820885496,0.23520436845731868,0.11579757915289995
2013,vw_nz,JP3626800001,LIXIL,JP,0.0001402762346489892,31.539923890262486,66.87669031886301
2013,vw_nz,JP3429800000,ANA HOLDINGS,JP,0.00013930366525964679,572.4537636761308,1332.9158521882644
2013,vw_nz,JP3688370000,NIPPON EXPRESS HOLDINGS,JP,0.00013484911972656618,44.425474902427254,182.17731521950554
2013,vw_nz,JP3452000007,TAIYO YUDEN,JP,0.00012826460015915895,17.794976311052253,34.14192477458784
2013,vw_nz,JP3269600007,KURARAY,JP,0.0001255832218574492,273.30647594370595,219.49113891060725
2013,vw_nz,SG1F60858221,SINGAPORE TECHS.ENGR.,SG,8.257968762219184e-05,7.6680701667096836,3.964931251344121
2013,vw_nz,JP3481800005,DAIKIN INDUSTRIES,JP,6.932281046789273e-05,69.43645308923807,82.8067899308793
2013,vw_nz,HK0200030994,MELCO INTL.DEV.,HK,6.580804264128291e-05,6.082937136819863,0.04301424718530306
2013,vw_nz,JP3270000007,KURITA WATER IND.,JP,5.938671753675789e-05,5.948586679453238,4.692937571841013
2013,vw_nz,JP3613400005,TOYO SEIKAN GROUP HDG.,JP,5.838650902656434e-05,22.88151961924129,64.47801623837415
2013,vw_nz,JP3544000007,TEIJIN,JP,5.450276614601049e-05,127.29489641181597,496.0254321943142
2013,vw_nz,JP3619800000,TOYOBO,JP,5.019555436201508e-05,190.7803174618741,498.86812075278164
2013,vw_nz,JP3362700001,MITSUI OSK LINES,JP,4.973447962130064e-05,1191.3931552390347,4941.733043187318
2013,vw_nz,AU000000DXS1,DEXUS STAPLED UNITS,AU,4.227894064021065e-05,14.052385205493577,1.7371792348313153
2013,vw_nz,SG1J26887955,SINGAPORE EXCHANGE,SG,4.0027729056357265e-05,0.08957828853455699,0.006906723584010266
2013,vw_nz,JP3778630008,BANDAI NAMCO HDG.,JP,3.142603613853633e-05,0.0,0.0
2013,vw_nz,AU000000SGP0,STOCKLAND STAPLED UNITS,AU,2.712006567530823e-05,9.613342494846648,2.330050050403671
2013,vw_nz,JP3180400008,OSAKA GAS,JP,1.7841384295500947e-05,239.8980688028916,473.39251426918116
2013,vw_nz,JP3443600006,TAISEI,JP,1.3354449483299486e-05,7.9528598106774915,35.39414573037513
2013,vw_nz,JP3368000000,RESONAC HOLDINGS,JP,1.293636580485088e-05,385.4314666800193,1400.4748605893003
2013,vw_nz,HK0019000162,SWIRE PACIFIC 'A',HK,9.160463393728907e-06,2844.092886297964,1378.1423635960036
2013,vw_nz,AU000000ASX7,ASX,AU,8.526971740272334e-06,0.4849738922388011,0.045815656126011385
2013,vw_nz,NZAIAE0002S6,AUCKLAND INTL.AIRPORT,NZ,8.373357239719852e-06,6.711821628593924,0.7591451091350041
2013,vw_nz,AU000000PPT9,PERPETUAL,AU,5.812629772813413e-06,0.3784952074675799,0.0837825813124397
2013,vw_nz,JP3870400003,MARUI GROUP,JP,5.436071147242397e-06,3.02691775570711,4.173377841063828
2013,vw_nz,JP3166000004,EBARA,JP,4.235579857176983e-06,3.931258048271809,10.730076768130314
2013,vw_nz,AU000000TCL6,TRANSURBAN GROUP STAPLED UNITS,AU,2.9598500892979213e-06,0.14034712522305168,0.015493091346001834
2013,vw_nz,JP3289800009,KOBE STEEL,JP,1.708346633721601e-06,883.3805515638251,4092.384129319641
2014,vw_nz,JP3633400001,TOYOTA MOTOR,JP,0.057781237954160306,11.358912964361844,14.101496934334566
2014,vw_nz,AU000000BWP3,BWP GROUP STAPLED UNITS,AU,0.050943623707077654,0.0,0.0
2014,vw_nz,AU000000BHP4,BHP GROUP,AU,0.030260990250427798,362.9017238151618,220.14781131373547
2014,vw_nz,AU000000CBA7,COMMONWEALTH BK.OF AUS.,AU,0.030063257067980145,0.3055375255884054,0.09975212448837996
2014,vw_nz,JP3902900004,MITSUBISHI UFJ FINL.GP.,JP,0.023580370317960342,0.2840680665917468,0.1547432473987553
2014,vw_nz,JP3890350006,SUMITOMO MITSUI FINL.GP.,JP,0.02301651151218184,0.23877351621972207,0.16240594079265083
2014,vw_nz,JP3854600008,HONDA MOTOR,JP,0.02118318763756632,12.425374062581534,20.708358025480095
2014,vw_nz,AU000000ANZ3,ANZ GROUP HOLDINGS,AU,0.021100053160624035,0.5838838444137706,0.24419210074397407
2014,vw_nz,AU000000WBC1,WESTPAC BANKING,AU,0.01998910500224902,0.3013277669165467,0.12098231514208531
2014,vw_nz,JP3551500006,DENSO,JP,0.019669902016936795,16.087804825567222,14.055826227820345
2014,vw_nz,JP3496400007,KDDI,JP,0.019567381065819484,0.08590580197096383,0.07083796873089636
2014,vw_nz,JP3726800000,JAPAN TOBACCO,JP,0.018331499510415825,18.76865582898574,6.3466050588417495
2014,vw_nz,JP3735400008,NTT,JP,0.017294367267028782,2.061799960925142,3.6555173387833775
2014,vw_nz,AU000000NAB4,NATIONAL AUS.BANK,AU,0.0168307695432815,0.5548286538553964,0.34148772652593645
2014,vw_nz,JP3566800003,CENTRAL JAPAN RAILWAY,JP,0.015133879700295281,4.963652414283307,3.4860240936555233
2014,vw_nz,AU000000WES1,WESFARMERS,AU,0.013988397495305288,46.628619856049056,59.037464865290964
2014,vw_nz,JP3902400005,MITSUBISHI ELECTRIC,JP,0.012638624205538308,9.891343326227783,14.6745094648603
2014,vw_nz,AU000000CSL8,CSL,AU,0.012164074559062269,11.423355970484042,1.8527476585990534
2014,vw_nz,AU000000TLS2,TELSTRA GROUP,AU,0.01124259820020256,2.393916862092946,0.9305306949197633
2014,vw_nz,JP3788600009,HITACHI,JP,0.010772925556858192,8.991472855469267,22.093359082300424
2014,vw_nz,JP3672400003,NISSAN MOTOR,JP,0.01049094519500395,7.9588163026584455,20.036863086780652
2014,vw_nz,HK0388045442,HONG KONG EXCHANGES AND CLEARING,HK,0.010431820725290798,0.03433024551847254,0.0019741008930064734
2014,vw_nz,JP3866800000,PANASONIC HOLDINGS,JP,0.009823222032191976,8.18825270848607,22.106287028030774
2014,vw_nz,JP3898400001,MITSUBISHI,JP,0.009776982017292778,25.880740163107717,61.072987290145434
2014,vw_nz,JP3830800003,BRIDGESTONE,JP,0.009189048599606875,55.47885158947478,65.39209501555027
2014,vw_nz,JP3762600009,NOMURA HDG.,JP,0.009110516775295356,0.14912696674782847,0.11657341423314155
2014,vw_nz,JP3258000003,KIRIN HOLDINGS,JP,0.008827734043689646,16.57205549940967,27.636164280145326
2014,vw_nz,JP3667600005,JGC HOLDINGS,JP,0.00877827698725412,18.034943694908506,12.207578641211583
2014,vw_nz,JP3910660004,TOKIO MARINE HOLDINGS,JP,0.008765546978430109,0.3871292148206309,0.7056132644642953
2014,vw_nz,JP3505000004,DAIWA HOUSE INDUSTRY,JP,0.008566959300577335,9.479587791565766,18.535681186283597
2014,vw_nz,JP3629000005,TOPPAN HOLDINGS,JP,0.008383771298381892,18.323084251464568,53.75412589483693
2014,vw_nz,HK0823032773,LINK REAL ESTATE INVESTMENT TRUST,HK,0.00793018271587935,0.0,0.0
2014,vw_nz,JP3684000007,NITTO DENKO,JP,0.0076943128553536595,56.168417096501855,54.331485332720305
2014,vw_nz,JP3242800005,CANON,JP,0.007387310358139963,4.800210054982044,4.4838834536046805
2014,vw_nz,AU0000224040,WOODSIDE ENERGY GROUP,AU,0.007313358737344871,1800.2054235632997,360.3381499486568
2014,vw_nz,JP3463000004,TAKEDA PHARMACEUTICAL,JP,0.007287115111274578,10.521626176064498,4.637540624120238
2014,vw_nz,HK0016000132,SUN HUNG KAI PROPERTIES,HK,0.0072200401457649934,0.5156587373039863,0.10965616236743445
2014,vw_nz,JP3955000009,YOKOGAWA ELECTRIC,JP,0.00719394647846909,5.562564313617085,4.908520437125763
2014,vw_nz,JP3783600004,EAST JAPAN RAILWAY,JP,0.007122977292288695,44.59222248686103,39.98517524427078
2014,vw_nz,JP3475350009,DAIICHI SANKYO,JP,0.006935756416618775,12.996514673604564,11.62013961533991
2014,vw_nz,HK0066009694,MTR,HK,0.006862967889224356,11.939304523475919,2.9033622319987398
2014,vw_nz,JP3582600007,TOKYO TATEMONO,JP,0.006715252734255405,1.6074640080847202,0.8877288576685743
2014,vw_nz,BMG8063F1068,SHANGRI-LA ASIA,HK,0.006693879571517137,73.02068597973776,29.170181327686816
2014,vw_nz,JP3435000009,SONY GROUP,JP,0.0065901296561384146,4.038203150643676,18.75984641595084
2014,vw_nz,JP3256000005,KYOWA KIRIN,JP,0.006263023655661341,19.666208070889315,10.920703362298935
2014,vw_nz,JP3814800003,SUBARU,JP,0.006254888809788398,8.412557960612403,8.78227839540729
2014,vw_nz,JP3830000000,BROTHER INDUSTRIES,JP,0.0061639435665214164,1.7739739777149235,2.849299377438549
2014,vw_nz,JP3814000000,FUJIFILM HOLDINGS,JP,0.006142628965821021,31.674496196046537,48.76947960628068
2014,vw_nz,JP3294460005,INPEX,JP,0.006064145503755359,46.48414083838704,34.72600640137549
2014,vw_nz,JP3546800008,TERUMO,JP,0.005979308393924428,18.13067984446611,9.130276289609204
2014,vw_nz,BMG524401079,KERRY PROPERTIES,HK,0.005904816759357139,2.020902669859204,0.7834096417990843
2014,vw_nz,HK0011000095,HANG SENG BANK DEAD - DELIST.28/01/26,HK,0.005771615781394485,0.0,0.0
2014,vw_nz,JP3733000008,NEC,JP,0.005551967078037719,2.0350834134901814,7.826879853480809
2014,vw_nz,JP3659000008,WEST JAPAN RAILWAY,JP,0.005548070133869898,7.706842203870176,12.443971020480287
2014,vw_nz,AU000000SUN6,SUNCORP GROUP,AU,0.005361722741769923,0.4876143558425835,0.4631807623290411
2014,vw_nz,JP3351600006,SHISEIDO,JP,0.005212552650988477,3.726073925907266,3.9885887253391905
2014,vw_nz,JP3686800008,NIPPON SHEET GLASS,JP,0.005187956854862763,551.4106894753104,2716.699210459292
2014,vw_nz,JP3420600003,SEKISUI HOUSE,JP,0.004966202039142562,3.9907738038810403,7.464356721311475
2014,vw_nz,JP3229400001,KANSAI PAINT,JP,0.004917977825439265,15.180427496114191,12.627432501475848
2014,vw_nz,AU000000WOW2,WOOLWORTHS GROUP,AU,0.004872056488462276,9.369424364262178,13.278795787089201
2014,vw_nz,JP3787000003,HITACHI CON.MCH.,JP,0.004859128603739118,5.477923708681192,10.06833819549738
2014,vw_nz,JP3951600000,UNI CHARM,JP,0.004825402370926689,6.397944553598052,2.7113673856934386
2014,vw_nz,JP3205800000,KAO,JP,0.004803671932561821,50.58066916146643,39.46239840084187
2014,vw_nz,JP3914400001,MURATA MANUFACTURING,JP,0.004784763123904039,15.032456944373882,5.912004029064612
2014,vw_nz,JP3385980002,J S R DEAD - DELIST.25/06/24,JP,0.004683364894918265,102.2495965357415,89.38279795801773
2014,vw_nz,JP3845400005,HOKURIKU ELEC.POWER,JP,0.004573868042238127,3760.6550200074157,7143.87659454643
2014,vw_nz,SGXE21576413,GENTING SINGAPORE,SG,0.0045715651022248775,1.3566874617452196,0.23558078438293772
2014,vw_nz,JP3820000002,FUJI ELECTRIC,JP,0.00441355586800501,28.41916129708592,66.03555659062084
2014,vw_nz,JP3982100004,LAWSON DEAD - DELIST.24/07/24,JP,0.004337528670154332,1.356427662025806,0.8796098321433791
2014,vw_nz,JP3900000005,MITSUBISHI HEAVY INDS.,JP,0.004264575531984165,4.927111178341123,6.928314398842715
2014,vw_nz,JP3519400000,CHUGAI PHARM.,JP,0.00418350639729773,12.939981725660724,4.212848405621178
2014,vw_nz,JP3893600001,MITSUI,JP,0.004148084038637942,26.081482983118565,59.07898293507624
2014,vw_nz,JP3134800006,IHI,JP,0.004123841043365992,6.112413317098525,11.227661858763728
2014,vw_nz,JP3165600002,NTN,JP,0.004004253782125306,17.201905966273905,47.892511631341854
2014,vw_nz,JP3493400000,DIC,JP,0.0039282523631779045,35.779864498289164,124.12255976225765
2014,vw_nz,JP3942400007,ASTELLAS PHARMA,JP,0.003927372244576203,7.29719212056314,2.88179374088457
2014,vw_nz,IE00BKVD2N49,SEAGATE TECHNOLOGY HOLDINGS,SG,0.00386283182071817,22.74885452462772,18.918450663219833
2014,vw_nz,SG1R50925390,SEMBCORP INDUSTRIES,SG,0.003826841410408596,673.0066252189042,781.7836187529316
2014,vw_nz,AU000000STO6,SANTOS,AU,0.0038117184223283983,1240.4462276633296,341.1125013864241
2014,vw_nz,JP3573000001,TOKYO GAS,JP,0.0038022610335341407,140.66394790048506,225.23029797968425
2014,vw_nz,AU000000APA1,APA GROUP,AU,0.0037647062810073685,287.9800036619265,70.13812720856015
2014,vw_nz,JP3228600007,KANSAI ELECTRIC PWR.,JP,0.003757764060636758,1649.4262353024342,5449.002894618201
2014,vw_nz,AU000000DOW2,DOWNER EDI,AU,0.0037549223446746356,31.062235255783644,117.78682668185164
2014,vw_nz,JP3266400005,KUBOTA,JP,0.0036753494682146477,23.059238687527735,17.334100656189047
2014,vw_nz,JP3197800000,OMRON,JP,0.0036295207464701004,6.63784427387474,5.4211010908879365
2014,vw_nz,JP3304200003,KOMATSU,JP,0.0035584560711922155,5.852384238708227,5.41502093694471
2014,vw_nz,JP3197600004,ONO PHARM.,JP,0.0034829358627368103,15.055121169442963,2.1308247863038043
2014,vw_nz,SG9999000020,FLEX,SG,0.0034816339316846344,2.6335708446044914,13.086836201673515
2014,vw_nz,NZFBUE0001S0,FLETCHER BUILDING,NZ,0.0034272086015584985,124.05300620531203,169.27716012796026
2014,vw_nz,JP3621000003,TORAY INDS.,JP,0.0033656696605639477,181.26082772061258,290.85493995194685
2014,vw_nz,JP3877600001,MARUBENI,JP,0.003267835505548978,0.002143231537918029,0.011257865097906447
2014,vw_nz,JP3414750004,SEIKO EPSON,JP,0.0032351092987201236,11.174492014876122,17.896247149077336
2014,vw_nz,JP3246400000,KYUSHU ELEC.POWER,JP,0.0031055176137302523,64.98201386468064,207.13329404077513
2014,vw_nz,JP3493800001,DAI NIPPON PRINTING,JP,0.003095077255012916,23.107185267915487,47.000570444098635
2014,vw_nz,JP3870000001,MABUCHI MOTOR,JP,0.003059779513326121,25.083740124456597,12.147173771440979
2014,vw_nz,JP3539220008,T & D HOLDINGS,JP,0.0030062720833617554,0.11090863524973671,0.2863693925323305
2014,vw_nz,JP3738600000,NITERRA,JP,0.002993762689167892,20.75724404526741,13.837746243451557
2014,vw_nz,AU000000MQG1,MACQUARIE GROUP,AU,0.0029710540534508036,0.0,0.0
2014,vw_nz,JP3429800000,ANA HOLDINGS,JP,0.002871999678954919,613.9647844565877,1281.5763930383905
2014,vw_nz,JP3358800005,SHIMIZU,JP,0.0028604254075405905,15.101444128400429,52.46826415970508
2014,vw_nz,AU000000MTS0,METCASH,AU,0.002819177788693339,1.716040161507853,8.554903939932112
2014,vw_nz,JP3720800006,NSK,JP,0.0028116186554449883,15.776062268056862,20.330021397543756
2014,vw_nz,JP3126400005,ALPS ALPINE,JP,0.002809970978728389,1.4106209779269065,3.799196114553676
2014,vw_nz,JP3419400001,SEKISUI CHEMICAL,JP,0.002733724103145702,14.556639408674481,25.482620921831064
2014,vw_nz,AU000000ORG5,ORIGIN ENERGY (EX BORAL),AU,0.0026428645585824906,1166.1681910641719,1081.667567211291
2014,vw_nz,AU000000MGR9,MIRVAC GROUP STAPLED UNITS,AU,0.00262858322137745,7.627857112855083,2.115354392582115
2014,vw_nz,JP3260800002,KINTETSU GROUP HDG.,JP,0.002523883960607316,3.2001016676661247,5.555454399237686
2014,vw_nz,JP3300600008,KONICA MINOLTA,JP,0.00250412286655038,18.084761956012567,28.760324781228626
2014,vw_nz,JP3495000006,SUMITOMO PHARMA,JP,0.00247715454602527,22.970474223836465,11.90675858558986
2014,vw_nz,JP3194000000,OKI ELECTRIC IND.,JP,0.0024667237137955943,2.6071781864080688,7.346646347016716
2014,vw_nz,BMG2442N1048,COSCO SHIPPING PORTS,HK,0.002413715299711962,74.70517382492545,16.002394868752063
2014,vw_nz,AU000000SHL7,SONIC HEALTHCARE,AU,0.002332578439486784,2.5394181003421896,1.3944155009503494
2014,vw_nz,JP3122400009,ADVANTEST,JP,0.002318736464169628,3.6048017050808943,1.9481106705822435
2014,vw_nz,JP3596200000,TOTO,JP,0.002200876035860619,32.298685868976804,30.505904810616784
2014,vw_nz,JP3551200003,ELEC.POWER DEV.,JP,0.0021934184752409997,7962.301468720035,11241.18567595708
2014,vw_nz,JP3638600001,DOWA HDG.,JP,0.002155559813725188,192.8965653863915,305.25230838365
2014,vw_nz,JP3119600009,AJINOMOTO,JP,0.00215351550434154,126.85651243070227,145.4886058494811
2014,vw_nz,JP3401400001,SUMITOMO CHEMICAL,JP,0.0021169726055699856,113.60456624951942,348.2472860828936
2014,vw_nz,JP3350800003,SHIKOKU ELECTRIC POWER,JP,0.0020508687247796408,1566.0492555082064,2984.4851364995843
2014,vw_nz,JP3688370000,NIPPON EXPRESS HOLDINGS,JP,0.0020475449321500343,45.727432524041774,152.63232723318788
2014,vw_nz,JP3868400007,MAZDA MOTOR,JP,0.00198681020349371,5.8379165503770505,10.56277481637967
2014,vw_nz,AU000000QAN2,QANTAS AIRWAYS,AU,0.0018468070780760708,870.6759109934894,5686.218475387583
2014,vw_nz,SGXE34184239,SEATRIUM,SG,0.0017766069962942062,14.186046511627907,9.440665735210574
2014,vw_nz,NZCENE0001S6,CONTACT ENERGY,NZ,0.0017548945832606042,818.9566270686345,534.091058579002
2014,vw_nz,NZTELE0001S4,SPARK NEW ZEALAND,NZ,0.0016889966385473883,0.6808926366417417,0.604387705224417
2014,vw_nz,SG1U68934629,KEPPEL,SG,0.0016885416483034003,62.65449019933329,41.626597849556525
2014,vw_nz,JP3402600005,SUMITOMO METAL MINING,JP,0.0016217125933093064,193.5367233504242,210.22589392164932
2014,vw_nz,AU000000ORI1,ORICA,AU,0.0015795330867569804,263.2634599202772,209.2482495076127
2014,vw_nz,AU000000WOR2,WORLEY,AU,0.0015319990026662037,4.823142028118368,11.240919020888402
2014,vw_nz,JP3165700000,NTT DATA GROUP DEAD - DELIST.26/09/25,JP,0.001516575991902538,0.6659116021343819,0.8703259948817204
2014,vw_nz,JP3201200007,OLYMPUS,JP,0.0015028305640175127,2.886427812547534,1.99290750234442
2014,vw_nz,JP3357200009,SHIMADZU,JP,0.0015005336034391837,1.1406837508957681,1.2366813147122562
2014,vw_nz,JP3613400005,TOYO SEIKAN GROUP HDG.,JP,0.0014840828922308288,73.86710814796793,142.64711929925568
2014,vw_nz,JP3200450009,ORIX,JP,0.0014731781420569956,23.47564138273533,14.576093593730663
2014,vw_nz,JP3407400005,SUMITOMO ELECTRIC IND.,JP,0.0014511022761732328,7.9402186911999335,15.336161797010908
2014,vw_nz,JP3362700001,MITSUI OSK LINES,JP,0.0014273908015073554,1146.9399781254342,3805.5266901401346
2014,vw_nz,AU000000BPT9,BEACH ENERGY,AU,0.0014192589167492567,77.98223334469351,38.65708912661467
2014,vw_nz,HK0293001514,CATHAY PACIFIC AIRWAYS,HK,0.0014109817767666046,1286.9095693625366,2041.7494164607117
2014,vw_nz,AU000000SBM8,ST BARBARA,AU,0.0013904278809705422,181.6192337859201,692.8222618401675
2014,vw_nz,JP3371200001,SHIN-ETSU CHEMICAL,JP,0.0013129588538559353,110.64048421659419,49.78322025484031
2014,vw_nz,JP3734800000,NIDEC,JP,0.0012971301433188913,2.1114607110975583,1.064610438773252
2014,vw_nz,AU000000MAH3,MACMAHON HOLDINGS,AU,0.0012706274455127535,75.80549993018937,548.534703480728
2014,vw_nz,JP3903000002,MITSUBISHI MATERIALS,JP,0.0012618296257346762,798.7187058806187,2445.1134774223824
2014,vw_nz,JP3112000009,AGC,JP,0.0012139530501878554,408.0736293692739,779.942002808964
2014,vw_nz,JP3027680002,JAPAN REAL ESTATE INV.,JP,0.001211322372158885,11.571665809506236,0.9495674192867694
2014,vw_nz,JP3973400009,RICOH,JP,0.0012079391887044907,8.6463467936142,21.502553940943557
2014,vw_nz,AU000000QBE9,QBE INSURANCE GROUP,AU,0.0011926911024992839,0.6822935815484403,0.8901008232474144
2014,vw_nz,AU000000ERA9,ENERGY RES.OF AUS.,AU,0.0011470193115491532,349.0915781242813,202.9123963996079
2014,vw_nz,AU000000GPT8,GPT GROUP STAPLED UNITS,AU,0.001131206580292537,17.493821510297483,1.7775958927043416
2014,vw_nz,JP3769000005,HACHIJUNI NAGANO BANK,JP,0.0011107211566868244,1.917675297482253,1.0460629866421518
2014,vw_nz,JP3190000004,OBAYASHI,JP,0.001098994609832863,9.420873950195757,34.08875258594231
2014,vw_nz,JP3595200001,TOSOH,JP,0.0010494453508771697,928.5649109812194,2748.9443179877094
2014,vw_nz,HK0010000088,HANG LUNG GROUP,HK,0.0010358429301570644,1.923669706638955,0.3900271932758445
2014,vw_nz,SG1R89002252,CITY DEVELOPMENTS,SG,0.0009607751356208479,2.9685578001950548,1.1852273952845238
2014,vw_nz,JP3224200000,KAWASAKI HEAVY INDUSTRY,JP,0.0009399251739729433,10.592167845839041,19.06157348653983
2014,vw_nz,JP3452000007,TAIYO YUDEN,JP,0.0009063296026657627,14.90999627965544,21.14551625205556
2014,vw_nz,AU000000COH5,COCHLEAR,AU,0.0008709531534738308,0.009360337210619511,0.002183816114337379
2014,vw_nz,AU000000IGO4,IGO,AU,0.000867628789105378,159.75937774119387,56.13760864801695
2014,vw_nz,JP3940000007,YAMATO HDG.,JP,0.0008426575828536708,34.55895656345736,46.50988411033887
2014,vw_nz,JP3528600004,CHIYODA CORPORATION,JP,0.0008274456996288464,0.03806641196213784,0.04060400939834266
2014,vw_nz,HK0006000050,POWER ASSETS HOLDINGS,HK,0.0008105298881836481,6805.780051772541,559.110664599122
2014,vw_nz,AU000000CQR9,CHARTER HALL RETAIL REIT,AU,0.0007732809041110666,0.5522385150631176,0.07488722864392444
2014,vw_nz,SG1V61937297,SINGAPORE AIRLINES,SG,0.0007251203509886108,1174.6908398774221,1574.9320812497274
2014,vw_nz,BMG684371393,PACIFIC BASIN SHIP.,HK,0.0007222737170134321,528.3762038571463,753.4183643638125
2014,vw_nz,BMG668971101,CTF SERVICES,HK,0.0007113537065741544,164.49932897930486,72.12757836774244
2014,vw_nz,JP3711600001,NIPPON SANSO HOLDINGS,JP,0.0006400866151684647,24.04436666537094,39.34839065082238
2014,vw_nz,JP3270000007,KURITA WATER IND.,JP,0.000630491741004572,7.09226784597973,4.7450722018152485
2014,vw_nz,HK0242001243,SHUN TAK HOLDINGS,HK,0.0006279630768456642,850.0470109504029,225.38473496036062
2014,vw_nz,HK0019000162,SWIRE PACIFIC 'A',HK,0.0005857026567129724,2575.9583332641487,1746.0008471610895
2014,vw_nz,JP3522200009,CHUGOKU ELEC.POWER,JP,0.0005588177460604175,3404.147672539395,8594.58543210445
2014,vw_nz,AU000000IAG3,INSURANCE AUS.GROUP,AU,0.0005448718035808931,0.995656028984099,0.8243270300433577
2014,vw_nz,JP3502200003,DAIWA SECURITIES GROUP,JP,0.0005390819198071187,0.1389427622487818,0.05750434888396412
2014,vw_nz,AU000000CWY3,CLEANAWAY WASTE MANAGEMENT,AU,0.0004933524054708536,436.05994241523865,355.88416826271487
2014,vw_nz,JP3634600005,TOYOTA INDS.,JP,0.00048584161343996304,9.998001143387409,12.958343344908727
2014,vw_nz,JP3166000004,EBARA,JP,0.0004595522813984308,2.201743180285314,3.342030905674152
2014,vw_nz,JP3456000003,TAKASHIMAYA,JP,0.0004412317240299333,1.7698564919064788,5.0885462699270025
2014,vw_nz,BMG677491539,ORIENT OVERSEAS (INTL.),HK,0.0004013260962196454,787.6008195999792,1877.6240914765372
2014,vw_nz,JP3116000005,ASAHI GROUP HOLDINGS,JP,0.0003878587755250177,21.416613712997847,27.113806182211935
2014,vw_nz,JP3982800009,ROHM,JP,0.00035222471763375786,22.988181792275245,13.12234989596219
2014,vw_nz,AU000000NCM7,NEWCREST MINING DEAD - DELIST.08/11/23,AU,0.00033619575640438234,439.29370760793427,235.50627182008725
2014,vw_nz,JP3827200001,FURUKAWA ELECTRIC,JP,0.00033306933555690276,15.773405228798572,84.15163214364911
2014,vw_nz,JP3888300005,MITSUI CHEMICALS,JP,0.0003268262115780641,252.53378361360666,1502.0833416560467
2014,vw_nz,AU000000BEN6,BENDIGO & ADELAIDE BANK,AU,0.0002733870694614011,1.2525066009805452,0.9035752352382285
2014,vw_nz,JP3388200002,AEON,JP,0.0002717666471018109,4.209479387722288,24.30930487199597
2014,vw_nz,JP3535800001,TSUMURA,JP,0.00023049582813734155,31.708848039998273,19.170086411482167
2014,vw_nz,JP3421100003,JAPAN PETROLEUM EXP.,JP,0.00023023806489372387,81.2925150533338,92.87471820853271
2014,vw_nz,AU000000AMP6,AMP,AU,0.00022774590752093043,0.00841092554372201,0.013291628428119678
2014,vw_nz,HK0004000045,WHARF HOLDINGS,HK,0.0002239862598505449,7.852992640086958,1.5592380904494432
2014,vw_nz,AU000000BLD2,BORAL DEAD - DELIST.08/07/24,AU,0.0001933921512414592,653.7965265032202,745.1108727402748
2014,vw_nz,JP3977400005,RINNAI,JP,0.00017260633714558704,10.919120264353769,7.237688660812375
2014,vw_nz,JP3890310000,MS&AD INSURANCE GP.HDG.,JP,0.00016777852415165027,0.50511900441191,1.5594385020408577
2014,vw_nz,JP3111200006,ASAHI KASEI,JP,0.00014942796910887926,267.90832643751975,456.85619912924733
2014,vw_nz,JP3405400007,SUMITOMO HEAVY INDS.,JP,0.00014851312314728788,2.7038307634676872,5.196308647578455
2014,vw_nz,HK0002007356,CLP HOLDINGS,HK,0.0001412677986052643,2840.791553196561,2005.7279541679757
2014,vw_nz,JP3888400003,MITSUI KINZOKU LIMITED,JP,0.00013916869289431398,151.43578711065382,413.1577604246414
2014,vw_nz,AU0000088338,AMPOL,AU,0.0001364041420463195,78.39835114100738,371.44370156643623
2014,vw_nz,JP3753000003,NIPPON YUSEN KK,JP,0.00013135813332048127,959.6070377264232,3701.552033183536
2014,vw_nz,JP3942800008,YAMAHA MOTOR,JP,0.00011982035390352191,11.954070723433308,36.105583261058115
2014,vw_nz,JP3891600003,MITSUI E&S,JP,0.00011932767982228231,20.899060256762283,78.83062385378136
2014,vw_nz,AU000000ASX7,ASX,AU,0.00010290513450589196,0.12803277639075605,0.016440878600552416
2014,vw_nz,JP3210200006,KAJIMA,JP,0.00010206379302252051,11.710299377526514,46.278214998421724
2014,vw_nz,JP3180400008,OSAKA GAS,JP,9.392101697493189e-05,279.35820610019783,475.6704600682789
2014,vw_nz,JP3481800005,DAIKIN INDUSTRIES,JP,8.991487747263681e-05,56.220241538264354,55.93031140910111
2014,vw_nz,AU000000SGP0,STOCKLAND STAPLED UNITS,AU,6.990061979583498e-05,13.471733834125422,2.9725777752074256
2014,vw_nz,AU000000BSL0,BLUESCOPE STEEL,AU,6.156851827470785e-05,1173.060720405915,2895.670898138128
2014,vw_nz,AU000000CIM7,CIMIC GROUP DEAD - DELIST.11/05/22,AU,5.687807601159021e-05,7.7079665603653815,31.934837834402074
2014,vw_nz,SG1J26887955,SINGAPORE EXCHANGE,SG,5.074132310002977e-05,0.07994402199234256,0.008135173340424639
2014,vw_nz,JP3894900004,ISETAN MITSUKOSHI HDG.,JP,4.8149006795073065e-05,3.409699375423609,8.782100518972783
2014,vw_nz,JP3743000006,NH FOODS,JP,4.616780152331948e-05,25.762267640966698,71.0297790439239
2014,vw_nz,JP3223800008,KAWASAKI KISEN KAISHA,JP,3.87043560096291e-05,1000.2595477326096,5570.562395706489
2014,vw_nz,JP3359600008,SHARP,JP,3.308753229379419e-05,12.810274336815468,62.099620865472616
2014,vw_nz,JP3443600006,TAISEI,JP,1.4137685783117577e-05,11.193546583901263,32.59973920208638
2014,vw_nz,JP3678000005,NISSHINBO HOLDINGS,JP,1.382484078610631e-05,60.167902343725174,182.52801007912888
2014,vw_nz,JP3657400002,NIKON,JP,1.3108489861979082e-05,2.5603664818437535,3.6043992498170376
2014,vw_nz,JP3397200001,SUZUKI MOTOR,JP,1.1000632339922574e-05,6.437274163435095,12.38960347074092
2014,vw_nz,AU000000GWA4,GWA GROUP,AU,1.0722999073563381e-05,20.163612855410864,12.35729008528653
2014,vw_nz,JP3148800000,IBIDEN,JP,1.030484663718016e-05,48.34055427213759,53.21671511680526
2014,vw_nz,JP3174410005,OJI HOLDINGS,JP,9.084107781909216e-06,448.31775863599006,1143.1573751960323
2014,vw_nz,HK0003000038,HONG KONG AND CHINA GAS,HK,8.199806492122646e-06,199.2912378927137,36.848867799477105
2014,vw_nz,JP3811000003,FUJIKURA,JP,6.377462336236114e-06,5.002359300390695,16.76966981160296
2014,vw_nz,AU000000LLC3,LENDLEASE GROUP STAPLED UNITS,AU,5.904425977922601e-06,11.138336281786682,23.00697532887037
2014,vw_nz,JP3870400003,MARUI GROUP,JP,4.5401309130774575e-06,3.213046090362857,4.4093189285665995
2014,vw_nz,JP3571400005,TOKYO ELECTRON,JP,3.774821168391202e-06,2.1236044028369574,1.1768703965011562
2014,vw_nz,JP3158800007,UBE,JP,3.311070812510912e-06,1618.1489042831608,4630.974865610926
2014,vw_nz,AU0000038911,OVATO DEAD - DELIST.29/08/22,AU,2.795982438888588e-06,30.64825973051598,203.81542475134518
2014,vw_nz,JP3320800000,SAPPORO HOLDINGS,JP,2.1078022080364067e-06,23.72395880398328,79.9502175222542
2014,vw_nz,JP3209000003,CASIO COMPUTER,JP,1.3131876819585337e-06,1.9455984505268362,1.9828593177850984
2015,vw_nz,JP3633400001,TOYOTA MOTOR,JP,0.061432234478501144,11.952315201464645,12.182011978411145
2015,vw_nz,AU000000BWP3,BWP GROUP STAPLED UNITS,AU,0.05418836562557256,0.0,0.0
2015,vw_nz,JP3496400007,KDDI,JP,0.03030864839174169,0.12179750316680016,0.07596432079213256
2015,vw_nz,AU000000CBA7,COMMONWEALTH BK.OF AUS.,AU,0.02551485231483601,0.29998963958074837,0.0855714367135502
2015,vw_nz,AU000000ANZ3,ANZ GROUP HOLDINGS,AU,0.02201039387980382,0.7462289176269907,0.3143518640394935
2015,vw_nz,JP3902900004,MITSUBISHI UFJ FINL.GP.,JP,0.02121290967909266,0.2622179472524686,0.1581956244417073
2015,vw_nz,JP3890350006,SUMITOMO MITSUI FINL.GP.,JP,0.020146650366915524,0.42276688326081124,0.34258028411392116
2015,vw_nz,JP3551500006,DENSO,JP,0.019377444010301503,17.147883764452796,15.660805147251985
2015,vw_nz,JP3726800000,JAPAN TOBACCO,JP,0.019017776432763887,16.12761244865499,7.214598694796905
2015,vw_nz,JP3566800003,CENTRAL JAPAN RAILWAY,JP,0.018792952934680758,5.441753414929952,2.172502940637909
2015,vw_nz,AU000000BHP4,BHP GROUP,AU,0.018266780003988257,376.92924954224037,278.46452240912976
2015,vw_nz,AU000000WBC1,WESTPAC BANKING,AU,0.017540982666116683,0.3601263694403746,0.12737115578444988
2015,vw_nz,AU000000NAB4,NATIONAL AUS.BANK,AU,0.01718846981666205,0.6556440422827267,0.3418017692081859
2015,vw_nz,JP3902400005,MITSUBISHI ELECTRIC,JP,0.016841713477694722,10.881749820192686,15.783426139879035
2015,vw_nz,AU000000WES1,WESFARMERS,AU,0.01682063234779263,52.250085104201155,64.92115166211204
2015,vw_nz,JP3898400001,MITSUBISHI,JP,0.015431911921583373,27.251215420086638,63.022329909656335
2015,vw_nz,JP3854600008,HONDA MOTOR,JP,0.015057793972842175,13.350087241369025,24.14710415853379
2015,vw_nz,JP3951600000,UNI CHARM,JP,0.014202479972785785,4.975922545506993,1.7850955971516882
2015,vw_nz,HK0016000132,SUN HUNG KAI PROPERTIES,HK,0.013846900605819425,0.6011564293944835,0.1246996366677656
2015,vw_nz,HK0823032773,LINK REAL ESTATE INVESTMENT TRUST,HK,0.013249190384071184,0.0,0.0
2015,vw_nz,JP3435000009,SONY GROUP,JP,0.013157874937749878,4.1669550387106264,10.755293475845368
2015,vw_nz,HK0066009694,MTR,HK,0.012580628739856294,10.193645672537144,2.0652851678601634
2015,vw_nz,JP3735400008,NTT,JP,0.011987980151804451,2.3277404361186766,3.2621676629623266
2015,vw_nz,JP3573000001,TOKYO GAS,JP,0.01150223750342512,159.86830633947196,204.55417228686514
2015,vw_nz,JP3830800003,BRIDGESTONE,JP,0.011117742529625888,59.23703969532757,57.778689563132716
2015,vw_nz,JP3385980002,J S R DEAD - DELIST.25/06/24,JP,0.010991857295518928,122.41856758641299,101.94680533368727
2015,vw_nz,JP3667600005,JGC HOLDINGS,JP,0.009927484616485438,17.488766702703273,22.808070115770505
2015,vw_nz,JP3814800003,SUBARU,JP,0.009374482051782339,7.943844242879426,6.567281802062126
2015,vw_nz,JP3942400007,ASTELLAS PHARMA,JP,0.009127403410989077,9.86200018425769,2.8852231566489746
2015,vw_nz,JP3788600009,HITACHI,JP,0.009124332542358312,9.832573607192277,22.40668239191611
2015,vw_nz,AU000000CSL8,CSL,AU,0.008922484283422776,11.218682368460072,1.696460324184645
2015,vw_nz,JP3546800008,TERUMO,JP,0.008413246426236877,18.631862512120463,8.115162032773842
2015,vw_nz,JP3205800000,KAO,JP,0.008265234795439684,55.798030204050974,30.13858326066034
2015,vw_nz,JP3258000003,KIRIN HOLDINGS,JP,0.007891056117239156,20.88022818084243,29.97578937523095
2015,vw_nz,JP3629000005,TOPPAN HOLDINGS,JP,0.00783854603940925,20.53038198113465,56.10199518149627
2015,vw_nz,JP3762600009,NOMURA HDG.,JP,0.007772477027334946,0.1952499129959871,0.15138714054663582
2015,vw_nz,JP3371200001,SHIN-ETSU CHEMICAL,JP,0.007580345004036776,134.30238220120114,48.46093638403318
2015,vw_nz,JP3160400002,EISAI,JP,0.00755575560317921,7.816687948541821,2.4255585171891476
2015,vw_nz,AU000000NCM7,NEWCREST MINING DEAD - DELIST.08/11/23,AU,0.007491073835567234,488.9597713954645,185.04247823912317
2015,vw_nz,JP3866800000,PANASONIC HOLDINGS,JP,0.007381750757629318,7.087423153483487,16.67295154166269
2015,vw_nz,JP3304200003,KOMATSU,JP,0.007283997366847314,6.147931660552825,5.383672639857448
2015,vw_nz,JP3243600008,CANON MARKETING JAPAN,JP,0.007244326836404307,1.50969055966843,3.015782238499
2015,vw_nz,JP3814000000,FUJIFILM HOLDINGS,JP,0.007008096967796497,35.160859219815734,43.23763797743535
2015,vw_nz,JP3910660004,TOKIO MARINE HOLDINGS,JP,0.0069464731213261304,0.41757191028956037,0.5552323252291129
2015,vw_nz,AU000000MQG1,MACQUARIE GROUP,AU,0.006721780761033505,0.0,0.0
2015,vw_nz,JP3787000003,HITACHI CON.MCH.,JP,0.006696225112536971,5.965680518793765,10.581197163034735
2015,vw_nz,AU000000SHL7,SONIC HEALTHCARE,AU,0.006649617535577039,2.6425940713976486,1.3998217858403808
2015,vw_nz,JP3519400000,CHUGAI PHARM.,JP,0.006490547164600238,13.76806803039396,3.2088043127809285
2015,vw_nz,HK0388045442,HONG KONG EXCHANGES AND CLEARING,HK,0.00603752539828715,0.04410023644511386,0.0019267665670429542
2015,vw_nz,JP3165600002,NTN,JP,0.006033275208197033,17.651333702687435,45.55644445225892
2015,vw_nz,JP3358800005,SHIMIZU,JP,0.005905945563489469,16.561617702938467,40.859677413403105
2015,vw_nz,BMG8063F1068,SHANGRI-LA ASIA,HK,0.0057359154000517585,71.87319208004416,32.107447105501365
2015,vw_nz,JP3837800006,HOYA,JP,0.005617481004825823,6.718823825390105,1.615508503934313
2015,vw_nz,JP3582600007,TOKYO TATEMONO,JP,0.005567079630926584,1.6042018910092473,1.1059351512092648
2015,vw_nz,HK2388011192,BOC HONG KONG HOLDINGS,HK,0.005201332689800771,0.02370480139905738,0.007480068955549958
2015,vw_nz,JP3256000005,KYOWA KIRIN,JP,0.005159906803271319,22.75460641346104,9.734895385906924
2015,vw_nz,JP3686800008,NIPPON SHEET GLASS,JP,0.005068394013315528,584.9099644318137,3905.9054770874545
2015,vw_nz,AU000000CWY3,CLEANAWAY WASTE MANAGEMENT,AU,0.00462330133778279,516.8537664536304,555.5705657978385
2015,vw_nz,AU0000224040,WOODSIDE ENERGY GROUP,AU,0.004612091359922702,1541.7130450656605,446.79734018058247
2015,vw_nz,JP3027670003,NIPPON BUILDING FUND,JP,0.00443219218965916,22.811963958279932,1.9777073466044657
2015,vw_nz,JP3830000000,BROTHER INDUSTRIES,JP,0.004388916710237554,5.020515799959035,6.208488955738453
2015,vw_nz,JP3769000005,HACHIJUNI NAGANO BANK,JP,0.004322752328698786,1.876408316441495,0.7590053879278321
2015,vw_nz,SG1R50925390,SEMBCORP INDUSTRIES,SG,0.004307025292329063,855.8868830125432,1199.176218076278
2015,vw_nz,IE00BKVD2N49,SEAGATE TECHNOLOGY HOLDINGS,SG,0.004251806715807649,21.312870031012125,15.933613413054005
2015,vw_nz,JP3868400007,MAZDA MOTOR,JP,0.004243187744626472,5.9913066737304375,12.16912906230594
2015,vw_nz,JP3126400005,ALPS ALPINE,JP,0.004202735482560469,1.4543596490047077,2.341363223515812
2015,vw_nz,JP3672400003,NISSAN MOTOR,JP,0.004163905579048343,8.945348038343534,22.03631325716037
2015,vw_nz,JP3270000007,KURITA WATER IND.,JP,0.00409380236358366,7.633748703206792,4.424433418264718
2015,vw_nz,SGXE21576413,GENTING SINGAPORE,SG,0.003928974625171197,1.5060120093835405,0.3362244419359361
2015,vw_nz,JP3973400009,RICOH,JP,0.003851945831592118,9.460616290679473,25.450731040611494
2015,vw_nz,HK0004000045,WHARF HOLDINGS,HK,0.003830910223706487,5.169995889212864,1.0358009127919172
2015,vw_nz,BMG988031446,YUE YUEN INDL.HDG.,HK,0.0036750082502175385,15.319554300771504,19.841878967769873
2015,vw_nz,JP3657400002,NIKON,JP,0.0036723644919916467,3.3547885601615306,4.873092652297669
2015,vw_nz,JP3266400005,KUBOTA,JP,0.0036112403838031507,27.156409698204758,19.55003678422899
2015,vw_nz,NZFBUE0001S0,FLETCHER BUILDING,NZ,0.0035169209886907124,137.3445123545715,199.78896096248877
2015,vw_nz,JP3359600008,SHARP,JP,0.0035168315211915706,7.830089838187298,56.74610130516033
2015,vw_nz,JP3194000000,OKI ELECTRIC IND.,JP,0.0034795811080184378,2.6944113194015804,6.836983522869709
2015,vw_nz,JP3320800000,SAPPORO HOLDINGS,JP,0.00331519306003093,27.00224081290444,72.85578711751108
2015,vw_nz,JP3134800006,IHI,JP,0.0032409510419869874,6.338073021723915,9.510811436291648
2015,vw_nz,JP3688370000,NIPPON EXPRESS HOLDINGS,JP,0.0031793912618256178,46.54566339657802,120.52585575279252
2015,vw_nz,JP3845400005,HOKURIKU ELEC.POWER,JP,0.003142287906417629,4118.868956805252,6197.37916449156
2015,vw_nz,JP3116000005,ASAHI GROUP HOLDINGS,JP,0.0031346914451664,23.704105533425125,22.606087974431034
2015,vw_nz,JP3429800000,ANA HOLDINGS,JP,0.0031129681527983515,713.3827928632372,1061.5333745094738
2015,vw_nz,JP3405400007,SUMITOMO HEAVY INDS.,JP,0.0030850842442756363,2.8154457492114973,4.5541540802914655
2015,vw_nz,JP3119600009,AJINOMOTO,JP,0.0030662510859701428,139.66832158244264,99.29023503525019
2015,vw_nz,JP3197800000,OMRON,JP,0.0030621679015240917,8.797717391518088,7.226660974807755
2015,vw_nz,JP3401400001,SUMITOMO CHEMICAL,JP,0.00301212719743536,119.37128144549034,334.4039454934093
2015,vw_nz,JP3967200001,RAKUTEN GROUP,JP,0.002955773123929398,0.03408695543150168,0.009162017644782257
2015,vw_nz,AU000000ASX7,ASX,AU,0.002857846242748238,0.04458116000178324,0.004959112968593425
2015,vw_nz,JP3397200001,SUZUKI MOTOR,JP,0.002802260884487604,24.57907648762812,35.36703119035322
2015,vw_nz,AU000000ORG5,ORIGIN ENERGY (EX BORAL),AU,0.002791719774173122,1520.4375639207483,1769.8392938217776
2015,vw_nz,JP3414750004,SEIKO EPSON,JP,0.0027868696125901773,12.74259832801774,15.693292480102981
2015,vw_nz,JP3443600006,TAISEI,JP,0.0027228944303614787,8.961905613354627,18.752362948960304
2015,vw_nz,JP3388200002,AEON,JP,0.0025695836356119796,4.392628654110527,27.73383215220459
2015,vw_nz,AU000000CSR5,CSR DEAD - DEAD.10/07/24,AU,0.002561069536481849,240.03830659738375,219.61009460572626
2015,vw_nz,JP3486800000,DAITO TST.CONSTRUCTION,JP,0.0025536325132614057,3.4529899158855097,4.495083323997631
2015,vw_nz,JP3684000007,NITTO DENKO,JP,0.002540773732467304,63.70823411513216,39.803434016785104
2015,vw_nz,AU000000TLS2,TELSTRA GROUP,AU,0.002499594758566235,2.6168560087599233,0.8330441875612532
2015,vw_nz,HK0011000095,HANG SENG BANK DEAD - DELIST.28/01/26,HK,0.002483471370530369,0.0,0.0
2015,vw_nz,AU0000088338,AMPOL,AU,0.002475291418931654,49.542162351562375,132.56335156020518
2015,vw_nz,HK0293001514,CATHAY PACIFIC AIRWAYS,HK,0.002469518946577876,1270.478684378346,1903.8369840805278
2015,vw_nz,JP3463000004,TAKEDA PHARMACEUTICAL,JP,0.0024295641365731755,11.557895089141251,4.336303156450887
2015,vw_nz,JP3481800005,DAIKIN INDUSTRIES,JP,0.0023861405662348283,58.39720229336156,45.62192482513652
2015,vw_nz,JP3228600007,KANSAI ELECTRIC PWR.,JP,0.002345352417442992,1576.5291064832456,5366.339865060795
2015,vw_nz,HK0019000162,SWIRE PACIFIC 'A',HK,0.002273773954260204,2243.7011000585717,1453.4181133256486
2015,vw_nz,BMG677491539,ORIENT OVERSEAS (INTL.),HK,0.0021557365564924213,823.9672070485041,1305.7957847071743
2015,vw_nz,JP3420600003,SEKISUI HOUSE,JP,0.0021390733696115155,4.904431030825575,8.897519482787192
2015,vw_nz,JP3505000004,DAIWA HOUSE INDUSTRY,JP,0.0020687760660844942,11.555856963795586,22.45023871814053
2015,vw_nz,HK0012000102,HENDERSON LD.DEV.,HK,0.002028377087285504,0.2806545421250525,0.03869285828626312
2015,vw_nz,AU000000TCL6,TRANSURBAN GROUP STAPLED UNITS,AU,0.002015578183724369,1.6121381396721985,0.14022513925135355
2015,vw_nz,AU000000MAH3,MACMAHON HOLDINGS,AU,0.0019905381290187315,119.15257090719422,1385.3329255505068
2015,vw_nz,HK0000608585,NEW WORLD DEVELOPMENT COMPANY,HK,0.0019843005604902922,53.550432696484854,36.456550309625094
2015,vw_nz,JP3357200009,SHIMADZU,JP,0.0019467173132976293,1.5066475171767235,1.308194201429202
2015,vw_nz,SG1J26887955,SINGAPORE EXCHANGE,SG,0.001899328975750272,0.08949208909178039,0.007432020982273431
2015,vw_nz,AU000000WOW2,WOOLWORTHS GROUP,AU,0.0018598254617396702,10.920430205552398,16.542501263579148
2015,vw_nz,JP3743000006,NH FOODS,JP,0.0018440993157744807,32.622474546363364,67.03021811067659
2015,vw_nz,JP3940000007,YAMATO HDG.,JP,0.001822326932270749,38.44491816940409,45.26434177938278
2015,vw_nz,JP3495000006,SUMITOMO PHARMA,JP,0.0018070306447769188,25.257497658275717,19.698317928698547
2015,vw_nz,JP3888400003,MITSUI KINZOKU LIMITED,JP,0.0017554964623411262,163.74483114003925,534.411619079056
2015,vw_nz,AU000000SGP0,STOCKLAND STAPLED UNITS,AU,0.0017542339501898545,16.457602438642294,3.248254435974633
2015,vw_nz,JP3982100004,LAWSON DEAD - DELIST.24/07/24,JP,0.0017153813592529884,1.4974399913197576,0.9237651455838726
2015,vw_nz,JP3734800000,NIDEC,JP,0.0017145257859585532,2.0733482460949513,0.8676254212349899
2015,vw_nz,JP3300600008,KONICA MINOLTA,JP,0.0016949797734996574,20.207403341892526,33.20889884192622
2015,vw_nz,JP3385820000,GS YUASA,JP,0.0016834858912778425,6.874026657703635,11.57556270096463
2015,vw_nz,JP3111200006,ASAHI KASEI,JP,0.00168253986917584,290.7275042936948,343.120688340426
2015,vw_nz,AU000000MGR9,MIRVAC GROUP STAPLED UNITS,AU,0.0016605953143145088,6.647640683803526,1.7457846034077038
2015,vw_nz,AU000000PPT9,PERPETUAL,AU,0.0016531118103722707,0.37276501664588607,0.08268940149981466
2015,vw_nz,JP3407400005,SUMITOMO ELECTRIC IND.,JP,0.001642825254769518,8.258393620366034,18.654131665775353
2015,vw_nz,JP3914400001,MURATA MANUFACTURING,JP,0.0016339471587841054,14.689548061989411,4.879998754042871
2015,vw_nz,JP3351600006,SHISEIDO,JP,0.0016037306506514156,7.387392239306639,7.834047240239872
2015,vw_nz,BMG524401079,KERRY PROPERTIES,HK,0.0014969370279059437,3.895159047481074,1.4401695283039155
2015,vw_nz,JP3164800009,NOK,JP,0.0014966888740257482,7.80019433698872,8.91173249441932
2015,vw_nz,JP3596200000,TOTO,JP,0.0014911670798710046,36.44212351450396,40.75436083577423
2015,vw_nz,JP3112000009,AGC,JP,0.0014790237478351522,428.75388813680604,779.4256913252924
2015,vw_nz,JP3539220008,T & D HOLDINGS,JP,0.0013576792690490724,0.12190591995930265,0.3100754806301449
2015,vw_nz,NZCENE0001S6,CONTACT ENERGY,NZ,0.0013570277497033279,806.8011659819796,392.1592738446695
2015,vw_nz,AU000000IAG3,INSURANCE AUS.GROUP,AU,0.001349163876358764,0.9844561799050947,0.8975414139156175
2015,vw_nz,JP3118000003,ASICS,JP,0.0013283156985764537,1.4069221863232955,1.1609316968787662
2015,vw_nz,JP3224200000,KAWASAKI HEAVY INDUSTRY,JP,0.0012647636555447833,10.964160492159657,17.100016916650308
2015,vw_nz,JP3738600000,NITERRA,JP,0.0012239692266147997,24.736436507128815,11.337473183632829
2015,vw_nz,AU000000AMP6,AMP,AU,0.0012123635383318539,0.010862579493541663,0.010948140582891947
2015,vw_nz,JP3246400000,KYUSHU ELEC.POWER,JP,0.001195396721597414,69.43080374613271,250.24569577403267
2015,vw_nz,AU000000ERA9,ENERGY RES.OF AUS.,AU,0.0010908279819562957,362.3493314405936,216.31830964505588
2015,vw_nz,AU000000DOW2,DOWNER EDI,AU,0.0010877778159034662,40.398164638894976,156.86620344359181
2015,vw_nz,AU000000QAN2,QANTAS AIRWAYS,AU,0.0010710442044494365,964.6904093749979,2715.86660140256
2015,vw_nz,JP3347200002,SHIONOGI,JP,0.0009738901931565083,18.49166719139367,4.033304203286961
2015,vw_nz,JP3200450009,ORIX,JP,0.0009362552425266691,14.203561166518288,15.558378994666862
2015,vw_nz,AU000000WOR2,WORLEY,AU,0.0009272671414180903,5.468453845546619,21.428024920756368
2015,vw_nz,JP3180400008,OSAKA GAS,JP,0.0009159081418875523,299.4948501292371,468.53878148651893
2015,vw_nz,JP3528600004,CHIYODA CORPORATION,JP,0.0009148519019696251,0.8251627265769708,1.6241333457637597
2015,vw_nz,JP3209000003,CASIO COMPUTER,JP,0.0008986875009784759,2.0070574379321346,1.3520695327120447
2015,vw_nz,SG1R89002252,CITY DEVELOPMENTS,SG,0.0008825889810083543,22.3611453691666,9.146367431935701
2015,vw_nz,JP3027680002,JAPAN REAL ESTATE INV.,JP,0.0008765182853367597,13.278871403818808,1.0115604561062648
2015,vw_nz,AU000000BSL0,BLUESCOPE STEEL,AU,0.0008451351400963227,1205.354614247168,3515.7850194246
2015,vw_nz,JP3549600009,DENKA,JP,0.0007733849893135972,564.9564456934095,1013.1723320978018
2015,vw_nz,JP3762800005,NOMURA RESEARCH INST.,JP,0.0007574152188842096,0.28792870424596945,0.13045208168909356
2015,vw_nz,JP3544000007,TEIJIN,JP,0.0007488215248944775,134.49694109123647,304.45313451416047
2015,vw_nz,JP3621000003,TORAY INDS.,JP,0.0007476420574354448,188.19347925227166,224.00070141102404
2015,vw_nz,JP3419400001,SEKISUI CHEMICAL,JP,0.0007438603741952879,16.260592932001302,26.2107277495216
2015,vw_nz,JP3350800003,SHIKOKU ELECTRIC POWER,JP,0.0007275967857509305,1659.1999716678765,3276.8654002182243
2015,vw_nz,NZSKCE0001S2,SKY CITY ENTM.GP.,NZ,0.0006954260734326347,8.272545348912272,3.0866502077437223
2015,vw_nz,JP3493400000,DIC,JP,0.0006634389445821969,46.965466327896834,140.2200731327735
2015,vw_nz,AU000000SUN6,SUNCORP GROUP,AU,0.0006562797187151915,0.45708986019498593,0.39880640728323064
2015,vw_nz,JP3942800008,YAMAHA MOTOR,JP,0.0006522451549531589,11.485455597575536,19.607662516597426
2015,vw_nz,JP3890310000,MS&AD INSURANCE GP.HDG.,JP,0.0006419239342862916,0.5748516329770794,1.4900311257861676
2015,vw_nz,JP3269600007,KURARAY,JP,0.0006336831320816039,250.74823658577097,241.1114559802013
2015,vw_nz,JP3148800000,IBIDEN,JP,0.000612984891822044,46.2810386211535,54.26909593813323
2015,vw_nz,BMG668971101,CTF SERVICES,HK,0.000606955786962267,126.92062812338646,54.11412071228698
2015,vw_nz,JP3592200004,TOSHIBA DEAD - DELIST.20/12/23,JP,0.0005990129575615651,13.330240954413972,44.326162542264996
2015,vw_nz,AU000000GPT8,GPT GROUP STAPLED UNITS,AU,0.0005491797288946306,26.265842764019762,2.1047955124678266
2015,vw_nz,HK0003000038,HONG KONG AND CHINA GAS,HK,0.000536494368305446,220.22477641544694,37.16708965960244
2015,vw_nz,JP3665200006,NICHIREI,JP,0.0005221474657533556,9.073777459307186,26.89957241316473
2015,vw_nz,JP3783600004,EAST JAPAN RAILWAY,JP,0.000517613450070644,46.27406379856592,34.33609569342699
2015,vw_nz,JP3475350009,DAIICHI SANKYO,JP,0.0005018558612694202,15.600080190150832,11.718317954380238
2015,vw_nz,AU000000LLC3,LENDLEASE GROUP STAPLED UNITS,AU,0.0004964256654257865,8.336655962283723,11.575456450802712
2015,vw_nz,AU000000CIM7,CIMIC GROUP DEAD - DELIST.11/05/22,AU,0.0004893585098174106,5.8795248804340146,14.162821587087851
2015,vw_nz,JP3293200006,COCA-COLA BOTTLERS JAPAN HOLDINGS,JP,0.00047987996370196513,27.341059387653324,61.67735582107041
2015,vw_nz,SG1V61937297,SINGAPORE AIRLINES,SG,0.0004455413121045743,1216.5684301817355,1231.370065630817
2015,vw_nz,JP3786200000,HITACHI METALS DEAD - DELIST.29/12/22,JP,0.00043585542713828527,42.80170563559914,49.577871647762116
2015,vw_nz,AU000000SBM8,ST BARBARA,AU,0.0004358022258690114,224.72396857113463,974.5215451450041
2015,vw_nz,HK0010000088,HANG LUNG GROUP,HK,0.00042610726855494874,0.42617961766500734,0.1519555282744286
2015,vw_nz,JP3197600004,ONO PHARM.,JP,0.00040920159795617604,18.294235376835957,1.7204648902272044
2015,vw_nz,JP3535800001,TSUMURA,JP,0.000388288259882556,35.21090540880162,20.34344931465582
2015,vw_nz,JP3242800005,CANON,JP,0.000371079953292865,5.347416598214508,4.025202569703491
2015,vw_nz,JP3753000003,NIPPON YUSEN KK,JP,0.0003471423869344864,1007.5987240556141,4027.969949453419
2015,vw_nz,JP3659000008,WEST JAPAN RAILWAY,JP,0.0003399120325474598,8.738246948626012,9.477927328939998
2015,vw_nz,JP3502200003,DAIWA SECURITIES GROUP,JP,0.00031867514241305784,0.15361778195148193,0.0659971647427421
2015,vw_nz,SG1U68934629,KEPPEL,SG,0.0002838895169888799,69.90739148721177,58.57843743206551
2015,vw_nz,JP3122400009,ADVANTEST,JP,0.0002487761355911706,2.886740596951817,1.5195169918824207
2015,vw_nz,JP3778630008,BANDAI NAMCO HDG.,JP,0.00024344635676043207,0.0,0.0
2015,vw_nz,JP3634600005,TOYOTA INDS.,JP,0.00023601659801965124,10.727587818214449,11.170524946713845
2015,vw_nz,JP3585800000,TOKYO ELECTRIC POWER CO. HDG.,JP,0.0002305417308108482,1685.4798628865108,14717.901439218125
2015,vw_nz,JP3733000008,NEC,JP,0.0002293907431011064,2.2964050807883227,8.034008790313756
2015,vw_nz,HK0006000050,POWER ASSETS HOLDINGS,HK,0.00022891174575980354,32598.88814506505,398.1548013425282
2015,vw_nz,AU000000OZL8,OZ MINERALS DEAD - DELIST.03/05/23,AU,0.00022389519038348832,277.4567363553121,198.37156846564338
2015,vw_nz,SG9999000020,FLEX,SG,0.00021470885826437375,1.4416181216907014,5.690254125582433
2015,vw_nz,JP3605400005,TOHOKU ELECTRIC PWR.,JP,0.00020775325673703222,2199.300831862956,6399.597896399559
2015,vw_nz,JP3877600001,MARUBENI,JP,0.00019542941847636158,0.002018878095385021,0.013859629670695199
2015,vw_nz,AU000000IGO4,IGO,AU,0.00019245010766639144,93.85823193820367,40.67765086867096
2015,vw_nz,BMG684371393,PACIFIC BASIN SHIP.,HK,0.0001892752291880678,606.7541098428547,1480.4405836597969
2015,vw_nz,JP3210200006,KAJIMA,JP,0.0001860750289951055,14.457149964229183,48.550158977971556
2015,vw_nz,AU000000APA1,APA GROUP,AU,0.00017798715130238853,322.7320048411364,48.34875050632807
2015,vw_nz,SG1F60858221,SINGAPORE TECHS.ENGR.,SG,0.00017298902199890752,5.923283527989752,3.660491138988324
2015,vw_nz,JP3522200009,CHUGOKU ELEC.POWER,JP,0.00015865393511316523,3721.0733434700187,7972.264981238875
2015,vw_nz,JP3870000001,MABUCHI MOTOR,JP,0.00014953329277102526,25.69610769132137,8.633172161925827
2015,vw_nz,JP3362700001,MITSUI OSK LINES,JP,0.00014689956876123568,1225.5596084544645,4479.880682643947
2015,vw_nz,JP3456000003,TAKASHIMAYA,JP,0.00013666259092591658,1.9998204085371296,4.88768849593138
2015,vw_nz,JP3891600003,MITSUI E&S,JP,0.00013398585238776393,18.899761791130377,93.1929592474185
2015,vw_nz,AU000000SGM7,SIMS,AU,0.0001286721548498223,19.390577122757044,60.030125465718015
2015,vw_nz,JP3402600005,SUMITOMO METAL MINING,JP,0.00012237011368520153,303.6391609550794,275.5094560048055
2015,vw_nz,SG1T75931496,SINGAPORE TELECOM,SG,0.00012164304174972853,0.6864032967693767,0.177772529340388
2015,vw_nz,JP3289800009,KOBE STEEL,JP,0.00012144869091388705,1016.805619042003,2549.921507064364
2015,vw_nz,AU000000CQR9,CHARTER HALL RETAIL REIT,AU,0.00011548062469296063,0.547348899506742,0.0662530398453576
2015,vw_nz,AU000000QBE9,QBE INSURANCE GROUP,AU,9.639389934059369e-05,0.8581669429525912,1.1075304928153424
2015,vw_nz,JP3190000004,OBAYASHI,JP,9.359622535715372e-05,10.692467669363158,34.93532037550541
2015,vw_nz,JP3820000002,FUJI ELECTRIC,JP,9.0517497029475e-05,30.789141789320073,66.18490363687978
2015,vw_nz,JP3850200001,HOKKAIDO ELEC.POWER,JP,8.737114151411094e-05,2621.0483741591747,9166.78317639979
2015,vw_nz,AU000000MTS0,METCASH,AU,7.718151287088979e-05,1.9086945230719994,19.486617320359716
2015,vw_nz,AU000000CGF5,CHALLENGER,AU,6.61014385869567e-05,0.0,0.0
2015,vw_nz,JP3894900004,ISETAN MITSUKOSHI HDG.,JP,6.395675451677737e-05,2.476613854615628,4.855150737948147
2015,vw_nz,JP3626800001,LIXIL,JP,6.388278568753762e-05,22.994997719604836,52.37938499322708
2015,vw_nz,JP3223800008,KAWASAKI KISEN KAISHA,JP,6.181963367176155e-05,1096.257128737617,4495.073531284915
2015,vw_nz,JP3375800004,SHINKO ELEC.INDS. DEAD - DELIST.06/06/25,JP,5.028551660214957e-05,32.6475600466828,39.54865835319632
2015,vw_nz,AU000000ORI1,ORICA,AU,4.7782242503947666e-05,338.70717353567954,333.28210663916474
2015,vw_nz,AU000000BLD2,BORAL DEAD - DELIST.08/07/24,AU,3.8713438396474566e-05,553.5196721364824,544.9043723406423
2015,vw_nz,JP3551200003,ELEC.POWER DEV.,JP,3.5141637763246844e-05,8674.102008337657,8179.98693379791
2015,vw_nz,JP3421100003,JAPAN PETROLEUM EXP.,JP,3.507993142644357e-05,68.69270583424553,108.7558627921423
2015,vw_nz,JP3493800001,DAI NIPPON PRINTING,JP,3.296365371023406e-05,26.175970059363674,51.657020127444866
2015,vw_nz,JP3229400001,KANSAI PAINT,JP,2.4796687459470644e-05,16.47731571055056,10.081880936579262
2015,vw_nz,AU000000SIG5,SIGMA HEALTHCARE,AU,2.3399037480304255e-05,1.8336209208940704,6.446164672765658
2015,vw_nz,AU000000BEN6,BENDIGO & ADELAIDE BANK,AU,2.2536480979490037e-05,1.4493689810282357,0.7854110988838233
2015,vw_nz,JP3294460005,INPEX,JP,1.3583176556354743e-05,51.05214227311107,34.15055417859658
2015,vw_nz,JP3634200004,TOYODA GOSEI,JP,1.1467242797943697e-05,18.32295948443856,38.39495141293421
2015,vw_nz,JP3893600001,MITSUI,JP,1.0770507385494215e-05,8.089883663680784,16.489490526272395
2015,vw_nz,JP3201200007,OLYMPUS,JP,8.459533744290754e-06,2.124715463636284,1.137826728331408
2015,vw_nz,JP3215800008,KANEKA,JP,7.93773176413303e-06,242.97445257427685,529.6066445802809
2015,vw_nz,JP3452000007,TAIYO YUDEN,JP,7.463202875796202e-06,18.298429672837255,22.355363175675677
2015,vw_nz,JP3166000004,EBARA,JP,6.707883149251823e-06,2.621966975103624,5.83608263401457
2015,vw_nz,JP3158800007,UBE,JP,6.47945433177381e-06,1846.9350746188932,6327.111673521038
2015,vw_nz,JP3419050004,SEGA SAMMY HDG.,JP,4.869288424941301e-06,4.629473870679586,3.814666877885399
2015,vw_nz,JP3165700000,NTT DATA GROUP DEAD - DELIST.26/09/25,JP,2.5241298114256103e-06,0.4849125280729375,0.5768951223289386
2015,vw_nz,BMG2442N1048,COSCO SHIPPING PORTS,HK,2.3295332250623933e-06,69.71261284136776,14.335499113998818
2015,vw_nz,JP3678000005,NISSHINBO HOLDINGS,JP,1.8085269939400127e-06,64.20596957216294,141.72410523111017
2015,vw_nz,JP3792600003,HINO MOTORS,JP,1.7049445516714448e-06,12.029303383041087,20.959504031946697
2015,vw_nz,HK0242001243,SHUN TAK HOLDINGS,HK,1.1988293975630644e-06,372.4022173814091,328.8820455393804
2016,vw_nz,AU000000BWP3,BWP GROUP STAPLED UNITS,AU,0.0477480768895399,0.0,0.0
2016,vw_nz,JP3633400001,TOYOTA MOTOR,JP,0.040679656403534846,10.487988763547921,12.281646263432435
2016,vw_nz,AU000000WBC1,WESTPAC BANKING,AU,0.030401226405562448,0.3987546871724223,0.15583453802611177
2016,vw_nz,JP3898400001,MITSUBISHI,JP,0.027678355414553806,28.64620239536721,68.89836113764973
2016,vw_nz,JP3496400007,KDDI,JP,0.025528893858236704,0.14636854410709532,0.07451533657813415
2016,vw_nz,JP3551500006,DENSO,JP,0.02395927009272698,16.232596394745663,16.19972078055035
2016,vw_nz,JP3726800000,JAPAN TOBACCO,JP,0.020962524946235014,21.458057957146977,5.071600400277954
2016,vw_nz,AU000000CBA7,COMMONWEALTH BK.OF AUS.,AU,0.020235460435499446,0.3110532211271961,0.0965151872711984
2016,vw_nz,HK0823032773,LINK REAL ESTATE INVESTMENT TRUST,HK,0.01775659229128646,0.0,0.0
2016,vw_nz,JP3160400002,EISAI,JP,0.01769485477482792,6.30493036298039,1.549042762718654
2016,vw_nz,JP3802300008,FAST RETAILING,JP,0.014745678374958007,0.8010294282322592,0.3493017466000617
2016,vw_nz,JP3667600005,JGC HOLDINGS,JP,0.014556277972380762,17.009556181807845,30.818900971796225
2016,vw_nz,JP3814800003,SUBARU,JP,0.01451895532273401,6.9496122636648705,5.988083393827919
2016,vw_nz,JP3890350006,SUMITOMO MITSUI FINL.GP.,JP,0.014481305276454692,0.4126788098762171,0.39011596343329247
2016,vw_nz,JP3735400008,NTT,JP,0.013730705673383367,2.076606432957789,2.127748278522034
2016,vw_nz,JP3566800003,CENTRAL JAPAN RAILWAY,JP,0.0135720519963341,5.069632443314217,1.8856037767868743
2016,vw_nz,JP3902400005,MITSUBISHI ELECTRIC,JP,0.012567990948845519,10.04072654371625,17.613285558486343
2016,vw_nz,AU000000WES1,WESFARMERS,AU,0.012402342309840433,55.67027218595224,73.81658919956149
2016,vw_nz,JP3711200000,AOZORA BANK,JP,0.012342429850207188,0.37792083417435035,0.09343313691139778
2016,vw_nz,JP3830800003,BRIDGESTONE,JP,0.012260198457971072,57.99778510646702,62.03644471443043
2016,vw_nz,JP3942400007,ASTELLAS PHARMA,JP,0.011927668244573399,8.708666546660947,3.0665879212550036
2016,vw_nz,KYG217651051,CK HUTCHISON HOLDINGS,HK,0.01093673246836598,210.9938647899574,93.8841375663751
2016,vw_nz,JP3765400001,HOUSE SHOKUHIN GP.HONSHA K K,JP,0.010516210069216776,28.50481446843263,25.767794543514707
2016,vw_nz,HK0066009694,MTR,HK,0.009991783082743082,10.069466561290337,2.0245232190921927
2016,vw_nz,JP3788600009,HITACHI,JP,0.009987905323402744,9.204985156961435,32.338579042836855
2016,vw_nz,JP3762600009,NOMURA HDG.,JP,0.009849415427781547,0.19148129972029845,0.14014833423895787
2016,vw_nz,JP3814000000,FUJIFILM HOLDINGS,JP,0.009815880876968473,35.51208238908525,36.62462389717123
2016,vw_nz,HK0291001490,CHINA RESOURCES BEER HOLDINGS,HK,0.009650405087190877,106.25763517033771,120.68825334878143
2016,vw_nz,JP3769000005,HACHIJUNI NAGANO BANK,JP,0.009421497760835302,1.924168869043549,1.0102034844021304
2016,vw_nz,JP3783600004,EAST JAPAN RAILWAY,JP,0.009355962973476599,44.880167834891786,28.228178486239962
2016,vw_nz,JP3165600002,NTN,JP,0.00928619996560779,16.109538835196684,53.57691735660106
2016,vw_nz,HK2388011192,BOC HONG KONG HOLDINGS,HK,0.009070060199670297,0.023659578131785045,0.010348838034707089
2016,vw_nz,AU000000CSL8,CSL,AU,0.009010188455387298,9.889916795626243,1.5794521497266907
2016,vw_nz,JP3629000005,TOPPAN HOLDINGS,JP,0.00885376343176406,20.38943708665513,41.241415297057465
2016,vw_nz,JP3845400005,HOKURIKU ELEC.POWER,JP,0.008830719250208912,4111.4267694286555,6033.339740227586
2016,vw_nz,JP3684000007,NITTO DENKO,JP,0.008514532460890581,57.889023687558094,40.76173194047866
2016,vw_nz,JP3435000009,SONY GROUP,JP,0.008211511250265749,4.388864820461668,10.612877535937313
2016,vw_nz,JP3358800005,SHIMIZU,JP,0.008109644755022752,15.945558278147269,34.81858588653697
2016,vw_nz,AU000000MQG1,MACQUARIE GROUP,AU,0.008066669934930229,0.0,0.0
2016,vw_nz,JP3659000008,WEST JAPAN RAILWAY,JP,0.007931510917879957,8.413424931973253,8.037280120109115
2016,vw_nz,JP3205800000,KAO,JP,0.007725709886531695,53.027572049681524,24.037909524123467
2016,vw_nz,JP3910660004,TOKIO MARINE HOLDINGS,JP,0.007702149725330751,0.41088805537102596,0.5370835079734669
2016,vw_nz,JP3854600008,HONDA MOTOR,JP,0.00713280366875203,10.913508933802579,25.66147847726746
2016,vw_nz,JP3546800008,TERUMO,JP,0.007117696955076944,13.198220589850381,4.630593762596745
2016,vw_nz,JP3902900004,MITSUBISHI UFJ FINL.GP.,JP,0.006726673111163385,0.24906919062634778,0.16645871555325145
2016,vw_nz,JP3505000004,DAIWA HOUSE INDUSTRY,JP,0.006695205871702255,11.09528737536854,14.321841388255082
2016,vw_nz,JP3866800000,PANASONIC HOLDINGS,JP,0.00666613689180575,6.744428674506297,18.7125748502994
2016,vw_nz,JP3481800005,DAIKIN INDUSTRIES,JP,0.006124414639865525,55.395064923916166,47.58644157321632
2016,vw_nz,JP3243600008,CANON MARKETING JAPAN,JP,0.006072444171095379,1.552327336858569,3.0102411008551697
2016,vw_nz,KYG2108Y1052,CHINA RESOURCES LAND,HK,0.005823700437867882,39.52200578206175,31.903439602315366
2016,vw_nz,AU000000ANZ3,ANZ GROUP HOLDINGS,AU,0.005750008973451437,0.7501952205297624,0.4209468174491444
2016,vw_nz,JP3626800001,LIXIL,JP,0.00573277108108495,36.27882871210158,79.90002253590379
2016,vw_nz,JP3951600000,UNI CHARM,JP,0.005633700457314194,5.099598117286849,2.4929412026853672
2016,vw_nz,JP3352400000,CITIZEN WATCH,JP,0.005558915597700069,7.233734559537326,10.415781726941352
2016,vw_nz,BMG988031446,YUE YUEN INDL.HDG.,HK,0.0055455863741280175,25.684162473532567,38.57901809599304
2016,vw_nz,JP3837800006,HOYA,JP,0.0052971377278533335,5.4888357701121535,1.45969884410809
2016,vw_nz,JP3835620000,BENESSE HOLDINGS DEAD - DELIST.17/05/24,JP,0.0052968807095321885,0.04356812158195311,0.056256836768357264
2016,vw_nz,HK0388045442,HONG KONG EXCHANGES AND CLEARING,HK,0.005275417615886298,0.024159303906877327,0.0014535556457440082
2016,vw_nz,AU000000ASX7,ASX,AU,0.005047091616040969,0.017458433058019134,0.001961364681884479
2016,vw_nz,AU000000BHP4,BHP GROUP,AU,0.005046172334605989,382.77671445266975,334.5637185484198
2016,vw_nz,HK0000608585,NEW WORLD DEVELOPMENT COMPANY,HK,0.004975062570465565,0.007157025003004067,0.007816035213295488
2016,vw_nz,JP3350800003,SHIKOKU ELECTRIC POWER,JP,0.004934991326090375,1698.6682223591147,2775.22731984717
2016,vw_nz,JP3592200004,TOSHIBA DEAD - DELIST.20/12/23,JP,0.004926729792279254,15.329235645703742,114.8164212997219
2016,vw_nz,JP3890310000,MS&AD INSURANCE GP.HDG.,JP,0.004725353150752964,0.644757259848158,1.4479027120531969
2016,vw_nz,JP3942800008,YAMAHA MOTOR,JP,0.004657869416297754,10.964359819139915,20.9167044200582
2016,vw_nz,JP3371200001,SHIN-ETSU CHEMICAL,JP,0.004623186775190656,147.1405411077235,73.71652041364547
2016,vw_nz,AU000000TAH8,TABCORP HOLDINGS,AU,0.00458901520059401,1.289700845477799,0.7242688655928349
2016,vw_nz,HK0242001243,SHUN TAK HOLDINGS,HK,0.004512706646981785,797.2299384489706,456.26404096419685
2016,vw_nz,BMG8063F1068,SHANGRI-LA ASIA,HK,0.004429844229060718,71.86761206931648,45.87729026838032
2016,vw_nz,JP3486800000,DAITO TST.CONSTRUCTION,JP,0.004413672445600579,3.2455467336750203,3.6833393599186315
2016,vw_nz,JP3190000004,OBAYASHI,JP,0.004299246797118244,10.87251031310105,24.788592398872087
2016,vw_nz,JP3868400007,MAZDA MOTOR,JP,0.0042838430858122166,5.341678040063437,14.101544236216325
2016,vw_nz,SG9999000020,FLEX,SG,0.004220094778383702,1.258024274351214,5.401710390923246
2016,vw_nz,JP3977400005,RINNAI,JP,0.004012107673477439,13.656520785430182,7.408748114630468
2016,vw_nz,JP3197800000,OMRON,JP,0.003935028657055256,10.291293950079309,13.036847056030474
2016,vw_nz,JP3940000007,YAMATO HDG.,JP,0.003922338370076876,39.00664552302078,49.106645051165266
2016,vw_nz,AU000000TCL6,TRANSURBAN GROUP STAPLED UNITS,AU,0.003819819102965856,1.4681598288212856,0.12995209142451294
2016,vw_nz,JP3819400007,FUJI MEDIA HOLDINGS,JP,0.0037858703186926922,0.0,0.0
2016,vw_nz,AU0000224040,WOODSIDE ENERGY GROUP,AU,0.00368418738384036,2121.8560643441697,643.1183971785445
2016,vw_nz,JP3320800000,SAPPORO HOLDINGS,JP,0.0036528937307628707,26.913254753667257,66.65789826119952
2016,vw_nz,JP3830000000,BROTHER INDUSTRIES,JP,0.003622781128381827,11.991326094254468,26.430313130427155
2016,vw_nz,JP3621000003,TORAY INDS.,JP,0.003527702776934745,193.18386731811924,243.06037461500458
2016,vw_nz,JP3733000008,NEC,JP,0.003526259960267869,2.4613448913639546,8.674863187115328
2016,vw_nz,HK0011000095,HANG SENG BANK DEAD - DELIST.28/01/26,HK,0.003443951327091941,0.010995850077243826,0.0017288864509329947
2016,vw_nz,AU000000NAB4,NATIONAL AUS.BANK,AU,0.00333937427902623,0.6078786002944272,0.35405116196342407
2016,vw_nz,JP3194000000,OKI ELECTRIC IND.,JP,0.0033196096404583693,2.5396315271704784,11.070630623377147
2016,vw_nz,JP3711600001,NIPPON SANSO HOLDINGS,JP,0.0032918204890647093,19.78066303558949,25.60224666312986
2016,vw_nz,JP3738600000,NITERRA,JP,0.003243788665258586,22.985314425028044,13.368097670999246
2016,vw_nz,HK0165000859,CHINA EVERBRIGHT,HK,0.003200874171681268,0.18916127629504811,0.02500783291318258
2016,vw_nz,JP3894900004,ISETAN MITSUKOSHI HDG.,JP,0.003148909992729444,2.5310200334631388,5.384918291002165
2016,vw_nz,AU000000PPT9,PERPETUAL,AU,0.0031075412921795264,0.4109359988437111,0.10536642081168476
2016,vw_nz,JP3200450009,ORIX,JP,0.0030158985969375085,11.827146687568751,12.115562881919253
2016,vw_nz,JP3787000003,HITACHI CON.MCH.,JP,0.002948414825214951,6.327945839057039,13.22082385354568
2016,vw_nz,JP3209000003,CASIO COMPUTER,JP,0.0027747464185832516,1.8565759445238272,0.9931119173067833
2016,vw_nz,AU000000APA1,APA GROUP,AU,0.002765445810628273,832.5054880422489,160.5174524733405
2016,vw_nz,JP3126400005,ALPS ALPINE,JP,0.0027554661372969735,1.3951069169413242,2.3943279179057413
2016,vw_nz,JP3165700000,NTT DATA GROUP DEAD - DELIST.26/09/25,JP,0.0027356654816684703,0.4592914131034713,0.43757952880041384
2016,vw_nz,JP3266400005,KUBOTA,JP,0.0027292274038289103,22.67874528428822,17.203284563212453
2016,vw_nz,HK0016000132,SUN HUNG KAI PROPERTIES,HK,0.002704085188507824,6.959279122778249,2.0106360789120092
2016,vw_nz,HK0004000045,WHARF HOLDINGS,HK,0.00266050874398572,5.6613949198375595,2.129622527489464
2016,vw_nz,AU000000DXS1,DEXUS STAPLED UNITS,AU,0.002601414097886621,26.074777378073954,3.4795508023073713
2016,vw_nz,AU000000ERA9,ENERGY RES.OF AUS.,AU,0.0024589779815730847,463.7759092686742,891.356091450047
2016,vw_nz,JP3456000003,TAKASHIMAYA,JP,0.0023670673574275173,2.017525279741009,5.134887838458312
2016,vw_nz,JP3197600004,ONO PHARM.,JP,0.0023411893850583585,18.51692250454603,1.0469648152275965
2016,vw_nz,AU000000QAN2,QANTAS AIRWAYS,AU,0.002327343151615791,1056.5658965301095,2086.2671284965636
2016,vw_nz,AU000000SHL7,SONIC HEALTHCARE,AU,0.0023260025835559516,2.5644875657826534,1.5591881660853335
2016,vw_nz,JP3982100004,LAWSON DEAD - DELIST.24/07/24,JP,0.0022920641117220217,1.1583536887667913,0.6607455853184734
2016,vw_nz,JP3900000005,MITSUBISHI HEAVY INDS.,JP,0.002259171877878464,4.390393053422546,11.61048660378677
2016,vw_nz,JP3256000005,KYOWA KIRIN,JP,0.002236855104607793,21.340611032275973,7.5049944686477374
2016,vw_nz,HK0019000162,SWIRE PACIFIC 'A',HK,0.002234506362337983,2294.9406907901976,2094.437678861452
2016,vw_nz,JP3582600007,TOKYO TATEMONO,JP,0.002220317132258888,1.1807571275550697,1.1374876360039565
2016,vw_nz,AU000000NCM7,NEWCREST MINING DEAD - DELIST.08/11/23,AU,0.0021764210563629638,487.8884756224639,214.05214157867718
2016,vw_nz,JP3166000004,EBARA,JP,0.0020937911924720416,2.543046421511814,5.164719425870135
2016,vw_nz,JP3118000003,ASICS,JP,0.0020725905957497013,1.3569156955434791,1.2741925282509698
2016,vw_nz,JP3463000004,TAKEDA PHARMACEUTICAL,JP,0.002061849528201942,10.573479939120398,4.117743946916398
2016,vw_nz,JP3638600001,DOWA HDG.,JP,0.002032551988530982,239.8235409823939,427.3858506771062
2016,vw_nz,JP3304200003,KOMATSU,JP,0.002021473735318695,5.709159327546542,6.199822745155877
2016,vw_nz,JP3544000007,TEIJIN,JP,0.0019715192203421518,129.4336675029687,252.45186535509114
2016,vw_nz,AU000000TLS2,TELSTRA GROUP,AU,0.0019530460087649848,2.6618656203714215,1.0472679252167794
2016,vw_nz,JP3358200008,SHIMAMURA,JP,0.0019517136762511192,0.22485717881130124,0.24402964256692017
2016,vw_nz,AU000000CWY3,CLEANAWAY WASTE MANAGEMENT,AU,0.0019065124103768583,550.2047144327119,634.3544783313863
2016,vw_nz,JP3201200007,OLYMPUS,JP,0.0018939979446665296,2.0207446631796753,0.9865430408858231
2016,vw_nz,AU000000BEN6,BENDIGO & ADELAIDE BANK,AU,0.0018856251984159787,1.6793043995803307,1.110518360451676
2016,vw_nz,AU000000MTS0,METCASH,AU,0.001864705973637876,2.1171691381729274,17.441628244201898
2016,vw_nz,JP3967200001,RAKUTEN GROUP,JP,0.001786194152965747,0.0505588267116438,0.01998253526417911
2016,vw_nz,HK0003000038,HONG KONG AND CHINA GAS,HK,0.001774693942264033,219.53804352117965,41.37906397977288
2016,vw_nz,NZCENE0001S6,CONTACT ENERGY,NZ,0.0017242269308614037,736.0524067518892,514.721317241124
2016,vw_nz,JP3870000001,MABUCHI MOTOR,JP,0.001690594285015235,22.56014933686401,6.785391219975642
2016,vw_nz,JP3519400000,CHUGAI PHARM.,JP,0.0016695131718764981,10.810511103048682,2.6543408274483133
2016,vw_nz,JP3672400003,NISSAN MOTOR,JP,0.001655232047338766,9.113134283276064,20.875059125616595
2016,vw_nz,JP3347200002,SHIONOGI,JP,0.0016510695416316638,17.207211328923574,2.6235342204904413
2016,vw_nz,JP3143600009,ITOCHU,JP,0.0016276006772234898,1.7216803427430516,3.895811646482196
2016,vw_nz,HK0083000502,SINO LAND,HK,0.0015684672669891576,0.23654907857810717,0.08939414119730173
2016,vw_nz,JP3596200000,TOTO,JP,0.0015537840856268913,35.23077626401944,29.611507595880475
2016,vw_nz,SG1J26887955,SINGAPORE EXCHANGE,SG,0.0015376002949837853,0.08007287492616937,0.008940089862322616
2016,vw_nz,AU000000CGF5,CHALLENGER,AU,0.0014827951911337376,0.0,0.0
2016,vw_nz,BMG668971101,CTF SERVICES,HK,0.0014126643590702647,116.27486985417141,73.22106274911908
2016,vw_nz,JP3300600008,KONICA MINOLTA,JP,0.0014118287082597126,19.40694932520381,39.8392717716288
2016,vw_nz,JP3228600007,KANSAI ELECTRIC PWR.,JP,0.001390820609075872,1516.123685225157,3888.6940407159286
2016,vw_nz,AU000000AMP6,AMP,AU,0.0013873971624655977,0.015201781235540663,0.013118122052308133
2016,vw_nz,JP3762800005,NOMURA RESEARCH INST.,JP,0.0013810414362373728,0.28712612589332115,0.1083343805656788
2016,vw_nz,JP3040890000,JAPAN PRIME REALTY INV.,JP,0.0013220784842823457,16.848381529118907,1.2537869224943194
2016,vw_nz,JP3670800006,NISSAN CHEMICAL,JP,0.0013113555913243822,236.08249876727933,98.08696536757392
2016,vw_nz,AU000000ORG5,ORIGIN ENERGY (EX BORAL),AU,0.0012585461035378113,2048.9906334443017,3432.6372488758047
2016,vw_nz,JP3903000002,MITSUBISHI MATERIALS,JP,0.0012581307702789848,863.2932643766782,2635.66839388798
2016,vw_nz,HK0000745908,YUEXIU PROPERTY COMPANY,HK,0.0012525073190712906,0.4162241804469518,0.8170163366253343
2016,vw_nz,NZTELE0001S4,SPARK NEW ZEALAND,NZ,0.0012114240159145902,0.8285484883038371,0.4568475042038899
2016,vw_nz,JP3429800000,ANA HOLDINGS,JP,0.0012111125016073556,717.5907058767264,1082.0094722804267
2016,vw_nz,HK0688002218,CHINA OVERSEAS LAND INVESTMENT,HK,0.0012080873442364068,0.10594916219004591,0.06797587391438321
2016,vw_nz,JP3260800002,KINTETSU GROUP HDG.,JP,0.001180564044642701,3.623464149695297,4.510289911132026
2016,vw_nz,AU000000RHC8,RAMSAY HEALTH CARE,AU,0.0011670798021860937,2.6545812300298333,1.7346801407744858
2016,vw_nz,SG1R89002252,CITY DEVELOPMENTS,SG,0.001116576408323412,0.33706408538956834,0.1749691000082998
2016,vw_nz,AU000000SGM7,SIMS,AU,0.0011072108533580884,21.80413791055587,83.42225919013227
2016,vw_nz,JP3419400001,SEKISUI CHEMICAL,JP,0.001085752710449306,15.3218880508834,22.48320694780965
2016,vw_nz,JP3357200009,SHIMADZU,JP,0.0010336375678966416,1.4152478806662987,0.832317212736118
2016,vw_nz,HK0023000190,BANK OF EAST ASIA,HK,0.0010300841969252319,0.4581852597105809,0.23790188918188668
2016,vw_nz,HK0006000050,POWER ASSETS HOLDINGS,HK,0.0010160296172778008,53359.06002298727,461.235142411498
2016,vw_nz,BMG2442N1048,COSCO SHIPPING PORTS,HK,0.000943437655525577,653.9784415577875,154.2955163144372
2016,vw_nz,JP3870400003,MARUI GROUP,JP,0.0009208026752072864,7.061909866467572,3.214112344738823
2016,vw_nz,JP3322930003,SUMCO,JP,0.0009205063599906616,11.171113531519042,11.275748427801895
2016,vw_nz,AU000000IAG3,INSURANCE AUS.GROUP,AU,0.0009073704746954862,1.4493316352704146,1.4478820265680294
2016,vw_nz,AU0000088338,AMPOL,AU,0.000889990348597914,51.96388794671459,104.56946212524038
2016,vw_nz,JP3573000001,TOKYO GAS,JP,0.000877535726781141,186.68207936414186,278.8784987828608
2016,vw_nz,AU000000STO6,SANTOS,AU,0.000874049883225363,2202.8434162954463,1386.8785875852352
2016,vw_nz,JP3258000003,KIRIN HOLDINGS,JP,0.000873959837243394,21.949889114743456,30.81754094467675
2016,vw_nz,AU000000BLD2,BORAL DEAD - DELIST.08/07/24,AU,0.0008739514793532915,574.6301295189122,597.9099029474578
2016,vw_nz,JP3539220008,T & D HOLDINGS,JP,0.0008699561889881406,0.13783078868325277,0.3238278550705987
2016,vw_nz,AU000000QBE9,QBE INSURANCE GROUP,AU,0.000856310032754611,0.627485406774314,0.830560336584433
2016,vw_nz,AU0000038911,OVATO DEAD - DELIST.29/08/22,AU,0.0008556032710257125,45.7013326508601,242.88351306713298
2016,vw_nz,JP3850200001,HOKKAIDO ELEC.POWER,JP,0.0008282750158641591,2503.2169990345683,7193.180788292479
2016,vw_nz,JP3686800008,NIPPON SHEET GLASS,JP,0.0008113042217147136,563.9782575102164,4697.335045250995
2016,vw_nz,SGXE34184239,SEATRIUM,SG,0.0007722566111224136,14.092408377790928,22.947221624252407
2016,vw_nz,JP3753000003,NIPPON YUSEN KK,JP,0.0007358409410366731,1064.1024167575515,6194.194299932806
2016,vw_nz,BMG524401079,KERRY PROPERTIES,HK,0.0007263282074422438,4.024811425967454,1.6871300566775163
2016,vw_nz,JP3495000006,SUMITOMO PHARMA,JP,0.0007119874495837827,24.959484407066004,18.531770678620614
2016,vw_nz,AU000000WOR2,WORLEY,AU,0.0007055361955389768,3.1865271804034743,32.62345995017235
2016,vw_nz,AU000000SBM8,ST BARBARA,AU,0.0006656058452395923,296.9349961693119,234.61566014757503
2016,vw_nz,JP3405400007,SUMITOMO HEAVY INDS.,JP,0.0006586041686344464,2.750719365342886,6.271508694772023
2016,vw_nz,JP3148800000,IBIDEN,JP,0.0006374766036787638,47.328210706684715,66.76234183370394
2016,vw_nz,JP3535800001,TSUMURA,JP,0.0006360084074117654,36.258228293948484,16.800449802713743
2016,vw_nz,JP3289800009,KOBE STEEL,JP,0.0006109234372134512,1046.3937745400535,4744.116221063023
2016,vw_nz,JP3888400003,MITSUI KINZOKU LIMITED,JP,0.0005862643001480936,166.99114245561557,750.9363513027748
2016,vw_nz,JP3224200000,KAWASAKI HEAVY INDUSTRY,JP,0.0005848931701589338,13.786113154223525,35.38399678327302
2016,vw_nz,JP3786200000,HITACHI METALS DEAD - DELIST.29/12/22,JP,0.0005787689511325529,39.21901120031484,73.94094554655395
2016,vw_nz,JP3180400008,OSAKA GAS,JP,0.0005750624565657131,327.20960566857207,480.47414593072284
2016,vw_nz,NZSKCE0001S2,SKY CITY ENTM.GP.,NZ,0.0005697566651917184,7.728732207617557,2.7185864236851582
2016,vw_nz,AU000000CIM7,CIMIC GROUP DEAD - DELIST.11/05/22,AU,0.0005625823364242851,208.98681637064104,344.67258737968064
2016,vw_nz,NZFBUE0001S0,FLETCHER BUILDING,NZ,0.0005528491575256427,206.45543084085693,364.5558623685272
2016,vw_nz,JP3420600003,SEKISUI HOUSE,JP,0.0005487440761486963,5.563531028233045,7.40101996382106
2016,vw_nz,JP3119600009,AJINOMOTO,JP,0.0005392153899427847,127.7267426891687,80.9709627210659
2016,vw_nz,JP3449020001,TAIHEIYO CEMENT,JP,0.00049199618290783,2093.1314353148596,4227.124094034167
2016,vw_nz,JP3634600005,TOYOTA INDS.,JP,0.00048214129283958684,10.19249955800535,12.097670216085547
2016,vw_nz,JP3388200002,AEON,JP,0.0004717406353165212,3.83981795691552,21.42629345034747
2016,vw_nz,JP3452000007,TAIYO YUDEN,JP,0.000432179772601182,16.531560318192195,23.681777429115765
2016,vw_nz,IE00BKVD2N49,SEAGATE TECHNOLOGY HOLDINGS,SG,0.00043067575172704573,23.100336921686253,33.14706572506996
2016,vw_nz,JP3820000002,FUJI ELECTRIC,JP,0.000413791862906166,38.38165951299665,99.72361535953294
2016,vw_nz,JP3401400001,SUMITOMO CHEMICAL,JP,0.00041178688322541596,77.43959374876559,179.66722179712232
2016,vw_nz,JP3134800006,IHI,JP,0.00039844671653594814,5.937015379250011,23.93014969720624
2016,vw_nz,BMG677491539,ORIENT OVERSEAS (INTL.),HK,0.00039578366846022535,903.1451389946128,2341.1138285724287
2016,vw_nz,JP3027670003,NIPPON BUILDING FUND,JP,0.00039461294580849036,12.802943061555217,1.0224137620138125
2016,vw_nz,JP3385980002,J S R DEAD - DELIST.25/06/24,JP,0.0003903708910384912,126.07942987242183,127.49669481108562
2016,vw_nz,AU000000GPT8,GPT GROUP STAPLED UNITS,AU,0.00038891367244608006,28.071744627705726,2.1883936891488065
2016,vw_nz,SG1U68934629,KEPPEL,SG,0.00037205377882580345,167.20168013040563,193.26834147334475
2016,vw_nz,JP3877600001,MARUBENI,JP,0.0003596637668020266,0.0021736255718708248,0.016746491610007703
2016,vw_nz,JP3402600005,SUMITOMO METAL MINING,JP,0.00035661272307295895,278.20902771615744,355.8287652997836
2016,vw_nz,JP3973400009,RICOH,JP,0.0003385817114510057,8.37657897702557,20.581326133633794
2016,vw_nz,JP3116000005,ASAHI GROUP HOLDINGS,JP,0.0003085892984104252,23.755151932646452,23.323582172284073
2016,vw_nz,HK0010000088,HANG LUNG GROUP,HK,0.00030844722502479713,1.854887147254003,0.6440359371213104
2016,vw_nz,AU000000GWA4,GWA GROUP,AU,0.0003062330656851179,34.61257903816303,25.71135079609656
2016,vw_nz,JP3270000007,KURITA WATER IND.,JP,0.00030295917248792796,7.158192680089318,4.627770237995951
2016,vw_nz,JP3351600006,SHISEIDO,JP,0.00029823680420961807,3.7395297775926544,3.8345372569932614
2016,vw_nz,AU000000BSL0,BLUESCOPE STEEL,AU,0.0002978789652351464,1361.5889660913308,4484.353564437503
2016,vw_nz,JP3619800000,TOYOBO,JP,0.00025831042063416594,238.09323066765893,598.5871674116872
2016,vw_nz,JP3734800000,NIDEC,JP,0.00025076696333695164,1.7849560662964299,0.8377635197066912
2016,vw_nz,JP3027680002,JAPAN REAL ESTATE INV.,JP,0.00024257291878240504,13.959254736286224,0.9818687281992351
2016,vw_nz,HK0200030994,MELCO INTL.DEV.,HK,0.00023819011466620277,285.43048771597284,8.526891204686768
2016,vw_nz,JP3375800004,SHINKO ELEC.INDS. DEAD - DELIST.06/06/25,JP,0.00022417967568203574,31.267850737941203,43.56829671791668
2016,vw_nz,JP3475350009,DAIICHI SANKYO,JP,0.0002172598770672743,17.064643587881232,8.023633578534517
2016,vw_nz,JP3385820000,GS YUASA,JP,0.00021537645074003178,7.152544219746621,15.43541471588389
2016,vw_nz,AU000000MGR9,MIRVAC GROUP STAPLED UNITS,AU,0.00019992264528963095,5.682487014611321,1.2336091102202489
2016,vw_nz,JP3942600002,YAMAHA,JP,0.00019730784338441705,7.031032815452696,5.528668271398073
2016,vw_nz,JP3381000003,NIPPON STEEL,JP,0.00019614428023013596,2080.53576273832,5201.934418219162
2016,vw_nz,JP3634200004,TOYODA GOSEI,JP,0.00019509154072324056,16.97379462140568,39.07304528210739
2016,vw_nz,JP3407400005,SUMITOMO ELECTRIC IND.,JP,0.00016782905016035605,7.839129157830001,18.768672227380623
2016,vw_nz,JP3665200006,NICHIREI,JP,0.00016188556714092004,9.665643594913975,17.713284551169743
2016,vw_nz,SG1T75931496,SINGAPORE TELECOM,SG,0.000152703295768598,0.6010432244927562,0.18532719345851043
2016,vw_nz,JP3156400008,USHIO,JP,0.00013476384584355718,2.378741583263005,1.787579275583877
2016,vw_nz,AU000000OZL8,OZ MINERALS DEAD - DELIST.03/05/23,AU,0.00013457806071875397,230.16808986733824,175.52132672268493
2016,vw_nz,JP3778630008,BANDAI NAMCO HDG.,JP,0.000122408925704964,0.0,0.0
2016,vw_nz,JP3663900003,SOJITZ,JP,0.00011352147801003562,0.5356861954932933,2.855151104077172
2016,vw_nz,JP3678000005,NISSHINBO HOLDINGS,JP,0.0001120549412479115,62.88176283386359,159.15087994619438
2016,vw_nz,JP3443600006,TAISEI,JP,0.00010943964674788052,9.526558332828476,16.957235970536804
2016,vw_nz,JP3818000006,FUJITSU,JP,0.00010471246635233481,4.737981714549236,24.20039463289026
2016,vw_nz,JP3827200001,FURUKAWA ELECTRIC,JP,0.00010213056579374097,21.173365054221573,104.25564830197817
2016,vw_nz,JP3549600009,DENKA,JP,9.93631094114969e-05,599.0142085137477,930.1020305891315
2016,vw_nz,JP3269600007,KURARAY,JP,9.208181460837937e-05,273.3692063188393,280.46577182477745
2016,vw_nz,AU000000MAH3,MACMAHON HOLDINGS,AU,8.500856953606804e-05,0.40041491813564295,1.6384982582892529
2016,vw_nz,JP3210200006,KAJIMA,JP,8.325958198086373e-05,14.060221998499278,32.45069562201939
2016,vw_nz,SGXE21576413,GENTING SINGAPORE,SG,7.458967173293986e-05,1.8019432441401162,0.5184361365386261
2016,vw_nz,JP3164800009,NOK,JP,7.208253689768968e-05,6.945997138447578,14.5808650014198
2016,vw_nz,SG1V61937297,SINGAPORE AIRLINES,SG,6.754035724465253e-05,1292.6099948965514,1519.163930513888
2016,vw_nz,AU000000SGP0,STOCKLAND STAPLED UNITS,AU,6.534410524960039e-05,22.801300811738283,5.062237666250063
2016,vw_nz,JP3112000009,AGC,JP,5.235830947227e-05,479.64439943987685,738.3792505659977
2016,vw_nz,NZAIRE0001S2,AIR NEW ZEALAND,NZ,4.5374207613766365e-05,976.5817528446436,1544.8811324630697
2016,vw_nz,JP3293200006,COCA-COLA BOTTLERS JAPAN HOLDINGS,JP,4.4612178531492e-05,27.01640171352955,38.71526826863639
2016,vw_nz,JP3158800007,UBE,JP,3.924639512742191e-05,2132.1251906985344,5651.90537347673
2016,vw_nz,JP3522200009,CHUGOKU ELEC.POWER,JP,2.8259163082986895e-05,3909.4954190270873,7989.401932863345
2016,vw_nz,HK0293001514,CATHAY PACIFIC AIRWAYS,HK,2.816727336731901e-05,1309.1286607081015,2857.2140501839745
2016,vw_nz,JP3585800000,TOKYO ELECTRIC POWER CO. HDG.,JP,2.4016652279291942e-05,1726.6637403164277,10622.877215161927
2016,vw_nz,SG1R50925390,SEMBCORP INDUSTRIES,SG,2.3953099572575394e-05,2258.8660492432796,4963.464300858252
2016,vw_nz,JP3359600008,SHARP,JP,2.0939754988670435e-05,6.9723696837902756,75.6309998121583
2016,vw_nz,JP3362700001,MITSUI OSK LINES,JP,2.07811964140255e-05,1255.1760217022595,8094.835619703964
2016,vw_nz,JP3982800009,ROHM,JP,2.072355473058601e-05,14.255421372898352,8.24230501753968
2016,vw_nz,JP3526600006,CHUBU ELEC.POWER,JP,1.971669981873058e-05,2279.5777438413556,5355.139298278977
2016,vw_nz,JP3528600004,CHIYODA CORPORATION,JP,1.9025462610444782e-05,0.682265755086064,1.8303598147876097
2016,vw_nz,JP3386030005,JFE HOLDINGS,JP,1.8660110209048553e-05,1837.8734238765428,7022.39077101229
2016,vw_nz,JP3605400005,TOHOKU ELECTRIC PWR.,JP,1.725508133444388e-05,2294.952892343146,6173.073987130439
2016,vw_nz,AU000000CQR9,CHARTER HALL RETAIL REIT,AU,1.372650267254364e-05,0.589696271732042,0.07141536858731999
2016,vw_nz,JP3223800008,KAWASAKI KISEN KAISHA,JP,9.691845527192863e-06,1213.1422336874207,8407.967349835862
2016,vw_nz,JP3657400002,NIKON,JP,9.248988705146007e-06,3.3957705334361368,4.01908442567433
2016,vw_nz,JP3397200001,SUZUKI MOTOR,JP,6.758769357618096e-06,20.489178770617983,33.14231309241885
2016,vw_nz,JP3571400005,TOKYO ELECTRON,JP,2.5918393452527553e-06,3.5288635453750983,1.9322738031979132
2016,vw_nz,JP3551200003,ELEC.POWER DEV.,JP,2.0381002872071405e-06,8280.431850009829,8531.653396257367
2016,vw_nz,JP3914400001,MURATA MANUFACTURING,JP,1.3330502143327332e-06,12.0718596244583,4.181616516973936
2017,vw_nz,AU000000BWP3,BWP GROUP STAPLED UNITS,AU,0.05472600904886554,0.0,0.0
2017,vw_nz,JP3633400001,TOYOTA MOTOR,JP,0.035836102927363646,10.56841639040032,13.663936290691403
2017,vw_nz,AU000000WBC1,WESTPAC BANKING,AU,0.022106635726025302,0.3211164242325381,0.11242423577522474
2017,vw_nz,JP3496400007,KDDI,JP,0.020064364056683975,0.6452305848839158,0.3877842137114204
2017,vw_nz,JP3711200000,AOZORA BANK,JP,0.018936244009610508,0.3283342656955824,0.0865731613789599
2017,vw_nz,JP3898400001,MITSUBISHI,JP,0.018472019969145777,108.11694150394638,160.40622250207875
2017,vw_nz,JP3566800003,CENTRAL JAPAN RAILWAY,JP,0.01697205306798039,4.574161361337423,2.1220393814643748
2017,vw_nz,JP3551500006,DENSO,JP,0.016600426206553866,17.121468256546066,19.355672435985383
2017,vw_nz,JP3726800000,JAPAN TOBACCO,JP,0.016354574003720215,20.35234098605833,6.03331947328499
2017,vw_nz,JP3902400005,MITSUBISHI ELECTRIC,JP,0.015455566840126429,10.052455564905808,11.98937488976874
2017,vw_nz,JP3814800003,SUBARU,JP,0.015135686275770839,9.328360926638966,8.995950247038945
2017,vw_nz,AU000000ANZ3,ANZ GROUP HOLDINGS,AU,0.014744480463418122,0.6312926008020708,0.2871577944457971
2017,vw_nz,JP3890350006,SUMITOMO MITSUI FINL.GP.,JP,0.014421911084059906,0.3812316762116766,0.3071100836944888
2017,vw_nz,HK2388011192,BOC HONG KONG HOLDINGS,HK,0.01403095941334711,0.029494685039549277,0.007707748809224177
2017,vw_nz,JP3629000005,TOPPAN HOLDINGS,JP,0.01350829799288076,19.327890199956997,36.48237969095575
2017,vw_nz,AU000000CSL8,CSL,AU,0.013400467055628378,8.064115711608014,1.412857222669084
2017,vw_nz,HK0823032773,LINK REAL ESTATE INVESTMENT TRUST,HK,0.013306638543507826,0.0,0.0
2017,vw_nz,JP3765400001,HOUSE SHOKUHIN GP.HONSHA K K,JP,0.013138868771931633,22.160469095379142,24.720661008979157
2017,vw_nz,JP3830000000,BROTHER INDUSTRIES,JP,0.012858119221048311,12.869160617706985,13.927161589424237
2017,vw_nz,AU000000CBA7,COMMONWEALTH BK.OF AUS.,AU,0.012494824094335378,0.30528999794195366,0.08934817492481352
2017,vw_nz,JP3626800001,LIXIL,JP,0.01180427159831971,35.71964276073402,77.15912879586851
2017,vw_nz,JP3819400007,FUJI MEDIA HOLDINGS,JP,0.011242200670448522,0.0,0.0
2017,vw_nz,JP3249600002,KYOCERA,JP,0.011087924629477433,10.70634260938217,6.645686404680667
2017,vw_nz,KYG217651051,CK HUTCHISON HOLDINGS,HK,0.011069660638246125,238.61899180998319,174.70316360217757
2017,vw_nz,JP3435000009,SONY GROUP,JP,0.010848187029210752,3.994001884452597,7.060059689633978
2017,vw_nz,JP3910660004,TOKIO MARINE HOLDINGS,JP,0.010547393448567262,0.3420374480098951,0.47049961722225425
2017,vw_nz,JP3735400008,NTT,JP,0.010474205213603139,1.8727427166719461,2.0974230949464796
2017,vw_nz,HK0011000095,HANG SENG BANK DEAD - DELIST.28/01/26,HK,0.010223094516074022,0.013532822606637908,0.0016451310629588723
2017,vw_nz,JP3165600002,NTN,JP,0.009941812326386069,16.039872349584122,40.364698518673066
2017,vw_nz,JP3951600000,UNI CHARM,JP,0.009727342194432742,4.953585633178492,2.226784249443055
2017,vw_nz,JP3160400002,EISAI,JP,0.00966271086184188,8.718231068077575,2.526887398351021
2017,vw_nz,AU000000BEN6,BENDIGO & ADELAIDE BANK,AU,0.009563855626125828,1.6084927731583036,0.8267234436881529
2017,vw_nz,HK0291001490,CHINA RESOURCES BEER HOLDINGS,HK,0.009505687613335327,86.92805972861754,56.8391089446569
2017,vw_nz,JP3638600001,DOWA HDG.,JP,0.009174047341055924,250.8009866772781,325.7667450729635
2017,vw_nz,JP3802300008,FAST RETAILING,JP,0.008968503914520717,0.8273025240336739,0.39840397119088977
2017,vw_nz,JP3762600009,NOMURA HDG.,JP,0.008262174017321518,0.20583078706845945,0.1228979849122593
2017,vw_nz,JP3830800003,BRIDGESTONE,JP,0.00806312919160864,63.03450676003815,63.235672354722716
2017,vw_nz,JP3942400007,ASTELLAS PHARMA,JP,0.007931225785602602,8.097843900990933,3.3687079677548657
2017,vw_nz,JP3769000005,HACHIJUNI NAGANO BANK,JP,0.007859563743969799,1.458896722901752,0.8931326328501614
2017,vw_nz,AU000000WES1,WESFARMERS,AU,0.007685830079926039,48.45909415755871,71.10080069464951
2017,vw_nz,JP3198900007,ORIENTAL LAND,JP,0.007478646830084078,14.307413863407119,3.015348121940678
2017,vw_nz,JP3347200002,SHIONOGI,JP,0.0074664963200655335,14.153190227974108,2.6862473608039448
2017,vw_nz,JP3814000000,FUJIFILM HOLDINGS,JP,0.007337625296605413,31.78014333373511,34.381420509219524
2017,vw_nz,JP3788600009,HITACHI,JP,0.007113328994757764,16.399459382174726,48.243493424872995
2017,vw_nz,KYG2108Y1052,CHINA RESOURCES LAND,HK,0.006962031839026943,37.23237240633744,30.429927706342617
2017,vw_nz,JP3955000009,YOKOGAWA ELECTRIC,JP,0.006813988325128366,3.631195257855274,2.9512296399171403
2017,vw_nz,JP3835620000,BENESSE HOLDINGS DEAD - DELIST.17/05/24,JP,0.0065454673326369416,0.46701346451361486,0.6075939078042287
2017,vw_nz,SG9999000020,FLEX,SG,0.0063557962266898,3.1549114424034395,8.88596424440843
2017,vw_nz,JP3358800005,SHIMIZU,JP,0.006344782650952419,15.833198504569676,30.77480006392396
2017,vw_nz,JP3837800006,HOYA,JP,0.006218403664369435,5.0936900962820975,1.2798102767175061
2017,vw_nz,JP3200450009,ORIX,JP,0.005922540210333123,10.1537549053633,11.208278662095232
2017,vw_nz,JP3505000004,DAIWA HOUSE INDUSTRY,JP,0.005858879626913798,9.343797131629477,16.161915456346836
2017,vw_nz,JP3854600008,HONDA MOTOR,JP,0.0055654104518508335,10.357535825057596,23.249131517794122
2017,vw_nz,AU000000TCL6,TRANSURBAN GROUP STAPLED UNITS,AU,0.005560251332873548,1.437572146908775,0.17032171949265712
2017,vw_nz,HK0000055878,CHINA TAIPING INSURANCE HLDGS,HK,0.005538313177160672,0.03812949974237451,0.10456489637965272
2017,vw_nz,JP3902900004,MITSUBISHI UFJ FINL.GP.,JP,0.005411022072731625,0.2322178627689417,0.12556707756782257
2017,vw_nz,JP3362700001,MITSUI OSK LINES,JP,0.005348578522932348,1386.0033383469959,4917.403930573378
2017,vw_nz,HK0688002218,CHINA OVERSEAS LAND INVESTMENT,HK,0.005328058086940805,0.0866786755498376,0.054594380381495555
2017,vw_nz,AU000000APA1,APA GROUP,AU,0.00528569923228901,733.7613103353314,174.02112138136917
2017,vw_nz,JP3720800006,NSK,JP,0.005225964996313928,16.42869245955394,19.1498581233139
2017,vw_nz,JP3385980002,J S R DEAD - DELIST.25/06/24,JP,0.005122263797710644,130.19193163587693,108.09871681172056
2017,vw_nz,JP3371200001,SHIN-ETSU CHEMICAL,JP,0.004844635249891593,151.29117389297497,44.14348398032966
2017,vw_nz,AU000000BHP4,BHP GROUP,AU,0.004810379617915097,299.30833264991264,157.48177935812825
2017,vw_nz,JP3148800000,IBIDEN,JP,0.004567195487584794,56.43298078162205,69.35746006770117
2017,vw_nz,AU000000SHL7,SONIC HEALTHCARE,AU,0.0044808186581912785,2.167026976462459,1.2410723006751456
2017,vw_nz,JP3635000007,TOYOTA TSUSHO,JP,0.004474045111469494,1.7322682796813962,11.693432637444308
2017,vw_nz,AU000000MTS0,METCASH,AU,0.004444399574075519,1.9219020965639315,12.589941584977561
2017,vw_nz,JP3799000009,HIROSE ELECTRIC,JP,0.0044442528582791276,2.656727149183624,0.5284384349578722
2017,vw_nz,JP3933800009,LY,JP,0.004417219037938888,0.0036223464970299444,0.0011388162131998922
2017,vw_nz,AU000000ASX7,ASX,AU,0.004338109058107539,0.06815684024888606,0.006451136004730833
2017,vw_nz,AU000000CGF5,CHALLENGER,AU,0.004303348212371355,0.0,0.0
2017,vw_nz,JP3495000006,SUMITOMO PHARMA,JP,0.004253685234802724,22.90607590965076,12.271977420157636
2017,vw_nz,AU000000ERA9,ENERGY RES.OF AUS.,AU,0.004150534696380959,502.92671505502227,406.25200727973447
2017,vw_nz,AU000000TLS2,TELSTRA GROUP,AU,0.0041232441178456316,2.740693127951298,1.1469785019912095
2017,vw_nz,JP3711600001,NIPPON SANSO HOLDINGS,JP,0.004061768656455236,19.834733885931612,20.461999859574508
2017,vw_nz,JP3519400000,CHUGAI PHARM.,JP,0.0040032915343590665,10.523278913984448,2.495689795387268
2017,vw_nz,JP3592200004,TOSHIBA DEAD - DELIST.20/12/23,JP,0.003943578872405664,18.932201307899575,92.54780810432342
2017,vw_nz,HK0242001243,SHUN TAK HOLDINGS,HK,0.003915044352127147,905.4999466181059,430.9830391470676
2017,vw_nz,JP3982100004,LAWSON DEAD - DELIST.24/07/24,JP,0.0039037860919918666,0.9770109327523375,0.7253606616384118
2017,vw_nz,NZTELE0001S4,SPARK NEW ZEALAND,NZ,0.0039009985587582204,1.3812785344327798,0.7616371814346706
2017,vw_nz,JP3900000005,MITSUBISHI HEAVY INDS.,JP,0.003815206129814858,4.349250699180883,10.37615625173708
2017,vw_nz,JP3463000004,TAKEDA PHARMACEUTICAL,JP,0.0037775951344028915,10.462874990089514,4.708055248589703
2017,vw_nz,JP3870000001,MABUCHI MOTOR,JP,0.0037072966305136813,2.7383315274887896,0.9515902414101417
2017,vw_nz,AU000000NAB4,NATIONAL AUS.BANK,AU,0.003638698173925212,0.6922686991507989,0.31089760612373296
2017,vw_nz,JP3546800008,TERUMO,JP,0.0035317113654021854,15.284812621248,4.94806068900104
2017,vw_nz,SG1T75931496,SINGAPORE TELECOM,SG,0.0034527300671149093,0.38318384011182444,0.10003576049918447
2017,vw_nz,HK0016000132,SUN HUNG KAI PROPERTIES,HK,0.0034419445753681188,4.478096853824506,1.4805872752039442
2017,vw_nz,HK0388045442,HONG KONG EXCHANGES AND CLEARING,HK,0.0033814337778302044,0.063296276466221,0.002876154479948974
2017,vw_nz,HK0144000764,CHINA MERCHANTS PORT HOLDINGS,HK,0.003356229278384128,25.878548559854543,3.779291963481478
2017,vw_nz,JP3942800008,YAMAHA MOTOR,JP,0.003335123364161705,11.149709895684534,20.605203455698458
2017,vw_nz,JP3266400005,KUBOTA,JP,0.0033270344571701567,21.06088094917939,14.996955467568958
2017,vw_nz,JP3429800000,ANA HOLDINGS,JP,0.0033010847459489555,716.6247257452176,1058.1429685547926
2017,vw_nz,JP3684000007,NITTO DENKO,JP,0.0032526681180102862,58.03387282565853,26.57405470672141
2017,vw_nz,JP3888400003,MITSUI KINZOKU LIMITED,JP,0.003224932461791873,172.4216887101601,405.9729936433506
2017,vw_nz,JP3112000009,AGC,JP,0.0032207161151635074,444.76682393623895,574.9952971413419
2017,vw_nz,AU0000088338,AMPOL,AU,0.0031473432605079754,53.57716901092762,129.48839250449817
2017,vw_nz,JP3596200000,TOTO,JP,0.003138702361434831,34.767684542548714,25.73677085347893
2017,vw_nz,AU000000ORG5,ORIGIN ENERGY (EX BORAL),AU,0.003137890413904973,1891.2030568963073,1792.5649964186018
2017,vw_nz,JP3197800000,OMRON,JP,0.0030341745359483375,7.255559331843324,5.545931933069007
2017,vw_nz,AU000000BSL0,BLUESCOPE STEEL,AU,0.0030017777722251694,1133.9100711224494,1790.4825629301959
2017,vw_nz,HK0003000038,HONG KONG AND CHINA GAS,HK,0.0029420009229748747,223.3492938412655,34.49437829758073
2017,vw_nz,JP3194000000,OKI ELECTRIC IND.,JP,0.00282136965325168,3.9310561544000926,12.60656486865535
2017,vw_nz,AU000000OZL8,OZ MINERALS DEAD - DELIST.03/05/23,AU,0.0027725956084990607,167.22223805046676,48.08542208102536
2017,vw_nz,AU000000NCM7,NEWCREST MINING DEAD - DELIST.08/11/23,AU,0.002733657828072544,350.41722911120434,98.78969480460715
2017,vw_nz,JP3190000004,OBAYASHI,JP,0.0027171474094531754,8.40362121706126,19.80232721155194
2017,vw_nz,JP3783600004,EAST JAPAN RAILWAY,JP,0.002693174870442011,53.89010191516441,39.156423100473674
2017,vw_nz,SGXE34184239,SEATRIUM,SG,0.002634157062597746,21.79077249594108,24.478962031646244
2017,vw_nz,BMG2442N1048,COSCO SHIPPING PORTS,HK,0.0024104298200829603,95.52533272959555,17.62546995285552
2017,vw_nz,NZCENE0001S6,CONTACT ENERGY,NZ,0.0023420133752801893,751.0793797707666,459.12913842086016
2017,vw_nz,JP3582600007,TOKYO TATEMONO,JP,0.0022780179687004083,1.0610885743908347,0.851338323692866
2017,vw_nz,JP3539220008,T & D HOLDINGS,JP,0.002220856983793957,0.12113353817053056,0.1944225931320243
2017,vw_nz,JP3762800005,NOMURA RESEARCH INST.,JP,0.002215791269529358,0.2700246208449286,0.11089904748808113
2017,vw_nz,JP3665200006,NICHIREI,JP,0.002172633889080124,9.110259844305922,14.572897749572599
2017,vw_nz,JP3304200003,KOMATSU,JP,0.0021422455350851603,6.044518403653202,3.835433233028416
2017,vw_nz,AU000000TAH8,TABCORP HOLDINGS,AU,0.002102838195423452,1.189016569748971,0.7003378671056051
2017,vw_nz,HK0200030994,MELCO INTL.DEV.,HK,0.002049028810153198,5.630660669823836,7.618096114150407
2017,vw_nz,JP3401400001,SUMITOMO CHEMICAL,JP,0.0020211317579877336,76.01500891090934,145.49412345412495
2017,vw_nz,JP3407400005,SUMITOMO ELECTRIC IND.,JP,0.0019914079532360237,7.80673279447891,16.48431608722801
2017,vw_nz,JP3350800003,SHIKOKU ELECTRIC POWER,JP,0.0019481626031087555,1560.4547135058438,4324.209574178423
2017,vw_nz,SG1R89002252,CITY DEVELOPMENTS,SG,0.0019321693533730408,0.22726944777131644,0.10541286706266209
2017,vw_nz,BMG988031446,YUE YUEN INDL.HDG.,HK,0.001914462473429034,29.071985984109528,42.123530426554204
2017,vw_nz,JP3940000007,YAMATO HDG.,JP,0.0018926441460800252,35.50418972694797,55.40072383827827
2017,vw_nz,HK0000608585,NEW WORLD DEVELOPMENT COMPANY,HK,0.0018831427329089043,49.84343225735034,30.221854916719163
2017,vw_nz,AU0000038911,OVATO DEAD - DELIST.29/08/22,AU,0.0018734282683863113,35.29597795272033,149.40536664076973
2017,vw_nz,HK0002007356,CLP HOLDINGS,HK,0.0018443145304997207,3735.899409601882,1549.6070776667361
2017,vw_nz,SG1R50925390,SEMBCORP INDUSTRIES,SG,0.0018390028951499242,3955.5827259346,5502.254189272587
2017,vw_nz,JP3359600008,SHARP,JP,0.0017945697707415899,8.334657648902715,10.808959974929016
2017,vw_nz,JP3481800005,DAIKIN INDUSTRIES,JP,0.0017839018028453547,56.41958834480793,34.69679126822612
2017,vw_nz,JP3228600007,KANSAI ELECTRIC PWR.,JP,0.0017763647251470827,1444.8748944699819,3905.388526326512
2017,vw_nz,JP3672400003,NISSAN MOTOR,JP,0.0017607370665241695,9.411620414075122,23.072863830116322
2017,vw_nz,AU000000GPT8,GPT GROUP STAPLED UNITS,AU,0.0017451943697714236,17.926999102357144,1.518660149331264
2017,vw_nz,HK0004000045,WHARF HOLDINGS,HK,0.0017400704166434014,4.69569978274671,1.2385747764775699
2017,vw_nz,JP3134800006,IHI,JP,0.0017392089627551672,5.625491078038335,17.71120403480368
2017,vw_nz,JP3402600005,SUMITOMO METAL MINING,JP,0.0017162970951312396,264.38659274111427,222.67158498507413
2017,vw_nz,JP3116000005,ASAHI GROUP HOLDINGS,JP,0.0016864622230647309,23.75625157581996,21.142679276738075
2017,vw_nz,JP3866800000,PANASONIC HOLDINGS,JP,0.0016632573477086585,6.839610359833455,17.257595499219093
2017,vw_nz,AU000000SGM7,SIMS,AU,0.001631302324513301,18.905219550514115,38.825077631685275
2017,vw_nz,JP3209000003,CASIO COMPUTER,JP,0.0016217983059438818,1.9557138292829441,1.6535277829273962
2017,vw_nz,AU000000SBM8,ST BARBARA,AU,0.0015940711830240665,296.2950510320944,150.11338351307904
2017,vw_nz,HK0165000859,CHINA EVERBRIGHT,HK,0.0015783892925693643,0.08869666138364148,0.021016825989450868
2017,vw_nz,JP3118000003,ASICS,JP,0.0015449072889498188,1.2566253819735527,1.1960458899830821
2017,vw_nz,AU000000STO6,SANTOS,AU,0.0015435462589093792,2171.5745370572477,944.4280368554116
2017,vw_nz,HK0019000162,SWIRE PACIFIC 'A',HK,0.0015303627431153203,2296.011772454923,2014.6012484176524
2017,vw_nz,JP3397200001,SUZUKI MOTOR,JP,0.0015021597512559874,22.287457488501683,31.6073148653347
2017,vw_nz,JP3528600004,CHIYODA CORPORATION,JP,0.0014887481323323517,0.1971550728168107,0.6135503494392719
2017,vw_nz,HK0308001558,CTII.INTL.INV.HK.,HK,0.001471279397545158,38.9690674432407,13.285332292378259
2017,vw_nz,JP3903000002,MITSUBISHI MATERIALS,JP,0.00145112394151193,887.8852946343144,2348.9122857677844
2017,vw_nz,HK0006000050,POWER ASSETS HOLDINGS,HK,0.00145008471326118,64111.19143578344,517.2512024792263
2017,vw_nz,AU000000PPT9,PERPETUAL,AU,0.0014125947460350325,0.36891543949277944,0.08748853598493991
2017,vw_nz,JP3695200000,NGK INSULATORS,JP,0.001396937181841918,85.08993496122638,46.14110444628491
2017,vw_nz,AU000000DXS1,DEXUS STAPLED UNITS,AU,0.0013300558052913895,34.20381269613573,2.941431242644555
2017,vw_nz,KYG0535Q1331,ASMPT,HK,0.0013152797066874509,1.4158366777936908,0.5313713468219906
2017,vw_nz,JP3894900004,ISETAN MITSUKOSHI HDG.,JP,0.0012820359579238344,2.455175785222471,5.883697708073181
2017,vw_nz,SG1U68934629,KEPPEL,SG,0.0012720612429601142,51.64826722866719,30.664024839438543
2017,vw_nz,JP3733000008,NEC,JP,0.001205656042169712,2.278262126461521,8.862120180196444
2017,vw_nz,JP3967200001,RAKUTEN GROUP,JP,0.001200074446550533,0.04370956146657081,0.021969635650937177
2017,vw_nz,AU000000WOR2,WORLEY,AU,0.0011748589699149532,2.394345036635419,6.120554131189399
2017,vw_nz,JP3560800009,TOKAI CARBON,JP,0.0011523410905994835,56.26580936993513,54.97997097962372
2017,vw_nz,HK0066009694,MTR,HK,0.0011315016789056045,9.46857467927678,1.8250961896487525
2017,vw_nz,BMG684371393,PACIFIC BASIN SHIP.,HK,0.0010906624819902837,1207.1598461675665,1799.5175703086454
2017,vw_nz,JP3358200008,SHIMAMURA,JP,0.0010808731990524926,0.17224262477122784,0.1813187387067462
2017,vw_nz,JP3734800000,NIDEC,JP,0.0010756933130473898,8.594251890881909,3.1099813083055228
2017,vw_nz,JP3619800000,TOYOBO,JP,0.0010454808086930395,234.21312175630055,477.4092956833093
2017,vw_nz,JP3493800001,DAI NIPPON PRINTING,JP,0.001011727410842369,20.883930212734192,39.368075035850396
2017,vw_nz,NZSKCE0001S2,SKY CITY ENTM.GP.,NZ,0.00098388594021401,6.514349920105698,2.519476123664514
2017,vw_nz,AU000000IAG3,INSURANCE AUS.GROUP,AU,0.0009774232725881132,1.2849476301765297,1.1571964558051628
2017,vw_nz,JP3486800000,DAITO TST.CONSTRUCTION,JP,0.000975921869863323,2.818453531065352,3.379718565025223
2017,vw_nz,AU000000CQR9,CHARTER HALL RETAIL REIT,AU,0.0009720363031607872,0.5197791244473525,0.06505135230281786
2017,vw_nz,AU000000COH5,COCHLEAR,AU,0.0009550221365844555,0.006927415467330287,0.0011245693329226627
2017,vw_nz,BMG2178K1009,CKI HOLDINGS,HK,0.000940459005549882,10884.988866221121,345.4651061078485
2017,vw_nz,JP3381000003,NIPPON STEEL,JP,0.0009329233619899096,2211.9628018440712,3858.150125389879
2017,vw_nz,JP3721400004,JAPAN STEEL WORKS,JP,0.0009029651347737699,47.36191328233249,67.00653669807056
2017,vw_nz,AU000000CWY3,CLEANAWAY WASTE MANAGEMENT,AU,0.0008997882448099246,508.44246632376814,403.44218187588814
2017,vw_nz,AU0000224040,WOODSIDE ENERGY GROUP,AU,0.0008909287533838967,2347.377139164098,474.3906794207662
2017,vw_nz,JP3197600004,ONO PHARM.,JP,0.0008895889038284344,10.306379696526987,1.7701179616398308
2017,vw_nz,HK0010000088,HANG LUNG GROUP,HK,0.0008864386474924178,2.822780386775648,0.9312619502868068
2017,vw_nz,JP3352400000,CITIZEN WATCH,JP,0.0008483689314787356,7.962326344679286,10.988490711545406
2017,vw_nz,HK0000745908,YUEXIU PROPERTY COMPANY,HK,0.0008319093446131852,0.2042520372618945,0.34274010257068444
2017,vw_nz,AU000000SIG5,SIGMA HEALTHCARE,AU,0.0008158029899643769,1.3424848985104867,4.634783136675504
2017,vw_nz,JP3419400001,SEKISUI CHEMICAL,JP,0.0007710064075484994,14.830692011872593,16.863655880870738
2017,vw_nz,JP3143600009,ITOCHU,JP,0.0007403225229376631,2.0341791747592533,3.7794241156223563
2017,vw_nz,AU000000QBE9,QBE INSURANCE GROUP,AU,0.000740247440984603,0.521196763779568,0.5985557117239374
2017,vw_nz,JP3040890000,JAPAN PRIME REALTY INV.,JP,0.0007043387043509456,12.306337016680393,0.865216829315582
2017,vw_nz,HK0012000102,HENDERSON LD.DEV.,HK,0.0007040014985809712,0.25856504291663795,0.04236607571295094
2017,vw_nz,HK0023000190,BANK OF EAST ASIA,HK,0.0006915976833855857,0.5863997759631452,0.16355778332997098
2017,vw_nz,JP3778630008,BANDAI NAMCO HDG.,JP,0.000678872111567958,0.0,0.0
2017,vw_nz,JP3663900003,SOJITZ,JP,0.0006713479242025184,69.32008476430181,286.7027020375264
2017,vw_nz,AU000000WOW2,WOOLWORTHS GROUP,AU,0.0006666480121547652,15.973026656558334,26.677237799717012
2017,vw_nz,JP3686800008,NIPPON SHEET GLASS,JP,0.0006606023341046915,581.1820234975767,4386.029035512215
2017,vw_nz,BMG524401079,KERRY PROPERTIES,HK,0.0006514816797629584,1.7298103181751934,0.7159049052835067
2017,vw_nz,JP3977400005,RINNAI,JP,0.0006395551147746692,13.315103686854163,8.762490566208783
2017,vw_nz,JP3675600005,NISSIN FOODS HOLDINGS,JP,0.000633314365722567,50.89532207797805,35.83089753170308
2017,vw_nz,BMG677491539,ORIENT OVERSEAS (INTL.),HK,0.0006158030338819452,1096.6973588192745,1723.9118762922071
2017,vw_nz,JP3526600006,CHUBU ELEC.POWER,JP,0.0005969264112403958,2481.9425622499703,5773.405293449903
2017,vw_nz,JP3210200006,KAJIMA,JP,0.0005854806254515834,11.855549928975643,25.646961944067442
2017,vw_nz,JP3443600006,TAISEI,JP,0.0005594342108205118,16.663642667636825,26.34765175021936
2017,vw_nz,JP3165700000,NTT DATA GROUP DEAD - DELIST.26/09/25,JP,0.000511620403282193,0.7184305884816374,0.7535229178990807
2017,vw_nz,JP3753000003,NIPPON YUSEN KK,JP,0.0004976691997343331,1278.1365693901105,6167.537787823139
2017,vw_nz,JP3294460005,INPEX,JP,0.0004974636676749743,51.49767546446707,26.780754946718908
2017,vw_nz,JP3502200003,DAIWA SECURITIES GROUP,JP,0.00047807909407396847,0.18898185513526072,0.09162766848658173
2017,vw_nz,JP3300600008,KONICA MINOLTA,JP,0.00045795719158893427,18.81716874787256,34.45042235990544
2017,vw_nz,BMG668971101,CTF SERVICES,HK,0.0004526875056320469,106.3685497845476,56.714433068785326
2017,vw_nz,JP3811000003,FUJIKURA,JP,0.00043708794224976667,4.954731291116713,14.959465878221515
2017,vw_nz,JP3551520004,DENTSU GROUP,JP,0.00041835058884853466,0.728438189364427,0.4151860885144333
2017,vw_nz,HK0363006039,SHANGHAI INDUSTRIAL HOLDINGS,HK,0.0004164968283945167,2.4086171697591277,2.370052472340763
2017,vw_nz,AU000000GWA4,GWA GROUP,AU,0.00040528700660811173,29.441516890938175,18.50407525828451
2017,vw_nz,JP3571400005,TOKYO ELECTRON,JP,0.00038582009292044986,2.7174608046241593,1.011223389953912
2017,vw_nz,JP3634600005,TOYOTA INDS.,JP,0.0003761209167235134,13.293220637727138,12.4982554263039
2017,vw_nz,AU000000SGP0,STOCKLAND STAPLED UNITS,AU,0.0003747116719513354,14.587308821741555,3.4066647405133823
2017,vw_nz,AU000000IGO4,IGO,AU,0.00036900675519119274,239.37953245842738,43.53706644807623
2017,vw_nz,JP3357200009,SHIMADZU,JP,0.0003676227203085718,0.9999410034807946,0.594558599695586
2017,vw_nz,NZAIAE0002S6,AUCKLAND INTL.AIRPORT,NZ,0.00036425679861331125,5.454528980582964,0.4042893623879935
2017,vw_nz,JP3386030005,JFE HOLDINGS,JP,0.0003543800384645662,1935.0867752721806,4912.604761296534
2017,vw_nz,JP3131430005,AEON MALL DEAD - DELIST.27/06/25,JP,0.00035363901377479743,5.9270111305738125,4.20574488026905
2017,vw_nz,JP3205800000,KAO,JP,0.0003525806292091317,50.36569505353341,26.02033172137445
2017,vw_nz,AU000000CIM7,CIMIC GROUP DEAD - DELIST.11/05/22,AU,0.00035237212174894946,267.06058501078275,257.58143017596404
2017,vw_nz,JP3585800000,TOKYO ELECTRIC POWER CO. HDG.,JP,0.00035115820910850944,1836.7335194131444,14521.123843598596
2017,vw_nz,JP3242800005,CANON,JP,0.0003458574458106949,5.762304398219913,4.537070097111028
2017,vw_nz,SG1N31909426,COMFORTDELGRO CORPORATION,SG,0.0003294546761786289,333.0829904132775,261.21246431166765
2017,vw_nz,JP3404600003,SUMITOMO,JP,0.0003040821397479331,1.7555836391915216,4.087354528330543
2017,vw_nz,AU000000DOW2,DOWNER EDI,AU,0.00030236206521889753,42.30723753132091,97.4528674215975
2017,vw_nz,SG1J26887955,SINGAPORE EXCHANGE,SG,0.00029484060519052155,0.08247810339384093,0.008129370629370629
2017,vw_nz,JP3166000004,EBARA,JP,0.00028766708419512745,2.4377042065715586,3.3481320579754326
2017,vw_nz,SGXE21576413,GENTING SINGAPORE,SG,0.00028673027514027516,2.0614110801477894,0.39151352403004325
2017,vw_nz,JP3270000007,KURITA WATER IND.,JP,0.0002864333040277194,15.120820345578894,10.434925230512512
2017,vw_nz,JP3787000003,HITACHI CON.MCH.,JP,0.0002828267283632023,6.988075988046634,8.91068894355583
2017,vw_nz,JP3224200000,KAWASAKI HEAVY INDUSTRY,JP,0.00026019650976112846,13.251800949361982,34.81081585661833
2017,vw_nz,SG1P66918738,SINGAPORE PRESS HDG. DEAD - DELIST.13/05/22,SG,0.00025571638718323346,0.14033376541685022,0.0280363370872838
2017,vw_nz,JP3421100003,JAPAN PETROLEUM EXP.,JP,0.00025438559855150083,108.44362759044508,152.38921494938512
2017,vw_nz,JP3544000007,TEIJIN,JP,0.00024374544747525224,114.77640637826262,180.56495162063064
2017,vw_nz,JP3419050004,SEGA SAMMY HDG.,JP,0.00024054823735654866,2.491128626171341,2.0618778816736327
2017,vw_nz,AU000000MQG1,MACQUARIE GROUP,AU,0.0002399078195584214,0.04040874990352761,0.019745776547124914
2017,vw_nz,JP3659000008,WEST JAPAN RAILWAY,JP,0.00023612578594186433,7.799212700674717,8.00418779105228
2017,vw_nz,JP3535800001,TSUMURA,JP,0.00023018190761278602,33.292125359271544,16.253900401954414
2017,vw_nz,JP3420600003,SEKISUI HOUSE,JP,0.00022199684858907704,4.437251167274385,7.0173161046527435
2017,vw_nz,JP3670800006,NISSAN CHEMICAL,JP,0.00020857814447688747,202.96583659017804,57.20205383650523
2017,vw_nz,IE00BKVD2N49,SEAGATE TECHNOLOGY HOLDINGS,SG,0.00020062565704442287,27.307495429616086,22.356643330477112
2017,vw_nz,AU000000RHC8,RAMSAY HEALTH CARE,AU,0.00019656646048418246,2.318441698092646,1.5072943960132723
2017,vw_nz,JP3405400007,SUMITOMO HEAVY INDS.,JP,0.00019543670017219497,2.579679019356246,3.6267729295832196
2017,vw_nz,JP3320800000,SAPPORO HOLDINGS,JP,0.00018564908794467153,24.78481128219386,58.853135207839614
2017,vw_nz,JP3243600008,CANON MARKETING JAPAN,JP,0.00017939348585647912,1.4897392179253197,2.805335486366924
2017,vw_nz,JP3890310000,MS&AD INSURANCE GP.HDG.,JP,0.00017471854192210078,0.5702802402393551,1.2339062334420239
2017,vw_nz,JP3818000006,FUJITSU,JP,0.00016913266664495157,5.160293092739299,16.65445606786691
2017,vw_nz,AU000000MAH3,MACMAHON HOLDINGS,AU,0.0001673556406172139,0.6276579907702088,1.1454585505543726
2017,vw_nz,JP3475350009,DAIICHI SANKYO,JP,0.00016111584897376814,13.490824816135902,7.155236674786023
2017,vw_nz,JP3456000003,TAKASHIMAYA,JP,0.00015591209321998056,1.90201648006431,5.120595036530974
2017,vw_nz,JP3414750004,SEIKO EPSON,JP,0.00015389751711283398,14.633711220830449,15.694015995767217
2017,vw_nz,SG1F60858221,SINGAPORE TECHS.ENGR.,SG,0.00014984597903561206,6.63992428378404,4.3200157989149215
2017,vw_nz,JP3877600001,MARUBENI,JP,0.00014797748029301495,10.19871517730095,59.48186371022967
2017,vw_nz,JP3158800007,UBE,JP,0.00014537465086952603,2123.4461279653915,4681.071022433578
2017,vw_nz,JP3421800008,SECOM,JP,0.00014006876506304772,6.786918018752721,3.348369633722413
2017,vw_nz,JP3258000003,KIRIN HOLDINGS,JP,0.00013562050005090146,20.14897248621797,24.713440724809395
2017,vw_nz,AU000000BLD2,BORAL DEAD - DELIST.08/07/24,AU,0.00013382064726126562,594.319552744351,346.00387008843404
2017,vw_nz,JP3888300005,MITSUI CHEMICALS,JP,0.00012231087901151325,405.1232302129874,882.5083123582239
2017,vw_nz,NZFBUE0001S0,FLETCHER BUILDING,NZ,0.00011632393487065393,204.92734766632464,267.4218010031721
2017,vw_nz,JP3260800002,KINTETSU GROUP HDG.,JP,0.00011476500652557094,5.372366752314698,8.016978784785223
2017,vw_nz,JP3156400008,USHIO,JP,0.00011385626539332376,2.5261968603550202,2.1557943338256016
2017,vw_nz,JP3246400000,KYUSHU ELEC.POWER,JP,9.25927764992783e-05,1690.682244387442,5313.794029614257
2017,vw_nz,JP3573000001,TOKYO GAS,JP,8.22331659487924e-05,255.89621202600517,370.97074008262894
2017,vw_nz,JP3322930003,SUMCO,JP,7.925648913366601e-05,12.233931927211296,5.029422119398481
2017,vw_nz,JP3027680002,JAPAN REAL ESTATE INV.,JP,7.732864494054227e-05,11.916016269099702,0.8767211921467133
2017,vw_nz,JP3893600001,MITSUI,JP,7.70921397188229e-05,8.284092013256764,11.873094018645295
2017,vw_nz,AU000000QAN2,QANTAS AIRWAYS,AU,6.974859728330143e-05,1002.0345463000202,2638.8238842628
2017,vw_nz,JP3368000000,RESONAC HOLDINGS,JP,6.678187689450103e-05,521.7898783149152,1273.3776188042923
2017,vw_nz,AU000000BPT9,BEACH ENERGY,AU,5.497615533006476e-05,37.78053549784533,16.4876457548615
2017,vw_nz,JP3891600003,MITSUI E&S,JP,5.0214486985197126e-05,19.99583377421422,94.78047030332023
2017,vw_nz,JP3820000002,FUJI ELECTRIC,JP,4.997447609761589e-05,29.79503660860932,49.60999842650662
2017,vw_nz,AU000000LLC3,LENDLEASE GROUP STAPLED UNITS,AU,4.737028656195045e-05,6.942441615774876,12.9155131603936
2017,vw_nz,BMG4600H1198,HOPSON DEVELOPMENT HOLDINGS,HK,4.3400668240507035e-05,2.415786544367615,2.587256470684464
2017,vw_nz,JP3827200001,FURUKAWA ELECTRIC,JP,4.146258749893645e-05,28.1415344137977,86.14009924658323
2017,vw_nz,HK0083000502,SINO LAND,HK,2.7590851065761825e-05,2.6504878160411,0.535761919997533
2017,vw_nz,AU000000AMP6,AMP,AU,2.21121336636272e-05,0.008465271795627881,0.008338414554702606
2017,vw_nz,JP3164800009,NOK,JP,2.1344861212675912e-05,7.307093898765516,11.864109693816577
2017,vw_nz,JP3786200000,HITACHI METALS DEAD - DELIST.29/12/22,JP,1.6160219009516222e-05,42.68889186916027,57.80375791251585
2017,vw_nz,SG1V61937297,SINGAPORE AIRLINES,SG,1.60272668609187e-05,1334.6869845750848,1663.8788084977696
2017,vw_nz,JP3119600009,AJINOMOTO,JP,1.5771834851123188e-05,134.9213488301012,107.74775523566315
2017,vw_nz,JP3289800009,KOBE STEEL,JP,1.295262662392026e-05,1166.6281679371248,4949.2629840379195
2017,vw_nz,JP3126400005,ALPS ALPINE,JP,1.187315883824231e-05,1.3804037734281858,1.652275566205739
2017,vw_nz,JP3595200001,TOSOH,JP,1.0639058343021502e-05,1233.560143493924,1459.4770366686434
2017,vw_nz,JP3635400009,TOYOTA BOSHOKU,JP,8.627957257609511e-06,4.1739519606764794,12.469886344042054
2017,vw_nz,AU000000SUN6,SUNCORP GROUP,AU,8.013151980525606e-06,0.5642223069393281,0.540945266097959
2017,vw_nz,JP3792600003,HINO MOTORS,JP,7.073899825391813e-06,11.650678324975846,26.57557409456553
2017,vw_nz,JP3452000007,TAIYO YUDEN,JP,6.578518547425553e-06,16.68154796463868,23.757582581525945
2017,vw_nz,JP3942600002,YAMAHA,JP,5.586817977993442e-06,7.163848794296695,4.4103079073428235
2017,vw_nz,JP3274400005,GLORY,JP,4.628164092399232e-06,0.5169807926313926,0.49091156551979837
2017,vw_nz,JP3336000009,SANTEN PHARM.,JP,4.186426534702264e-06,9.49836322796929,3.1737031118442536
2017,vw_nz,JP3914400001,MURATA MANUFACTURING,JP,3.42640946129055e-06,14.062004463938438,4.769272087310828
2017,vw_nz,AU000000ORI1,ORICA,AU,3.355208892700942e-06,460.13211531850106,331.64695123749965
2017,vw_nz,JP3491000000,DAIDO STEEL,JP,2.2323189328022464e-06,104.1404255657622,190.60034563077616
2017,vw_nz,JP3256000005,KYOWA KIRIN,JP,1.916564493146305e-06,22.520141156065158,8.584196612846
2017,vw_nz,JP3201200007,OLYMPUS,JP,1.397413063676838e-06,4.0490274477645904,2.279273138429491
2018,vw_nz,AU000000BWP3,BWP GROUP STAPLED UNITS,AU,0.07200227257841946,0.0,0.0
2018,vw_nz,JP3633400001,TOYOTA MOTOR,JP,0.026068151883012522,9.62678113430414,11.311938686630686
2018,vw_nz,JP3769000005,HACHIJUNI NAGANO BANK,JP,0.025274891406608144,1.5980244737418854,0.8523313309120915
2018,vw_nz,JP3720800006,NSK,JP,0.024047872098866302,15.641451552955502,15.934390425994229
2018,vw_nz,JP3711200000,AOZORA BANK,JP,0.020989749145802858,0.0643597452319485,0.016407496585189776
2018,vw_nz,JP3496400007,KDDI,JP,0.018728863328161722,0.5001970989985122,0.34440387901750535
2018,vw_nz,JP3726800000,JAPAN TOBACCO,JP,0.016627259137316577,19.501073797222265,5.767972766623396
2018,vw_nz,KYG217651051,CK HUTCHISON HOLDINGS,HK,0.015004896933687926,297.46067313037804,182.15481518699278
2018,vw_nz,JP3787000003,HITACHI CON.MCH.,JP,0.014915332682067082,6.047889322202371,5.538704138715216
2018,vw_nz,HK2388011192,BOC HONG KONG HOLDINGS,HK,0.014880958089759037,0.026305711230595392,0.0062051107752028115
2018,vw_nz,JP3436100006,SOFTBANK GROUP,JP,0.01479615421759262,0.13764861707567969,0.12750108621160747
2018,vw_nz,JP3955000009,YOKOGAWA ELECTRIC,JP,0.014189396938296451,4.166145177670738,2.7321832824845638
2018,vw_nz,JP3592200004,TOSHIBA DEAD - DELIST.20/12/23,JP,0.013880772768703935,9.087157071344757,17.457398657155736
2018,vw_nz,JP3389900006,JAFCO GROUP,JP,0.013689683669496695,0.020670918969997634,0.0049935796832643745
2018,vw_nz,JP3205800000,KAO,JP,0.01361094871368857,48.32147715494704,17.916951084525138
2018,vw_nz,AU000000WBC1,WESTPAC BANKING,AU,0.013417210294763069,0.33260258270780757,0.11464708734663297
2018,vw_nz,JP3435000009,SONY GROUP,JP,0.012972740274875648,3.0438433169339705,3.7249000772672205
2018,vw_nz,JP3667600005,JGC HOLDINGS,JP,0.01285913358225977,18.574265005648417,21.672049775144018
2018,vw_nz,AU000000CSL8,CSL,AU,0.012701681424517029,7.269576553695936,1.0470090681046476
2018,vw_nz,JP3890350006,SUMITOMO MITSUI FINL.GP.,JP,0.012381760010657753,0.33527154361035794,0.2653559652625482
2018,vw_nz,HK0688002218,CHINA OVERSEAS LAND INVESTMENT,HK,0.011853423831466287,1.2205850288990403,0.5892730610166704
2018,vw_nz,JP3198900007,ORIENTAL LAND,JP,0.01152487154524486,13.750114584288202,1.6722533865221392
2018,vw_nz,JP3765400001,HOUSE SHOKUHIN GP.HONSHA K K,JP,0.011394286004140886,21.316940114164897,16.479093796191954
2018,vw_nz,HK0823032773,LINK REAL ESTATE INVESTMENT TRUST,HK,0.01121380348326993,0.0,0.0
2018,vw_nz,AU000000BEN6,BENDIGO & ADELAIDE BANK,AU,0.010767253380348741,1.6000717406064644,0.8231438074190586
2018,vw_nz,JP3819400007,FUJI MEDIA HOLDINGS,JP,0.010219734458021802,0.0,0.0
2018,vw_nz,JP3902900004,MITSUBISHI UFJ FINL.GP.,JP,0.009832712554142647,0.21647679192660813,0.11118274258968806
2018,vw_nz,JP3735400008,NTT,JP,0.00892647552964028,1.7375987996329365,1.852275891387748
2018,vw_nz,JP3870000001,MABUCHI MOTOR,JP,0.008809258260804942,2.4274561746866885,0.8150837157323013
2018,vw_nz,JP3899600005,MITSUBISHI ESTATE,JP,0.00845244262832304,12.197100961610891,4.5851198921774285
2018,vw_nz,JP3814800003,SUBARU,JP,0.008192155588750282,8.66108315643986,10.688367954133193
2018,vw_nz,JP3201200007,OLYMPUS,JP,0.00809796695809118,4.258495361796813,2.2993629503656967
2018,vw_nz,AU000000CWY3,CLEANAWAY WASTE MANAGEMENT,AU,0.007799506404886672,591.6948317284719,300.9781790820166
2018,vw_nz,HK0023000190,BANK OF EAST ASIA,HK,0.0075264231460419806,0.633024081468091,0.19307347971599742
2018,vw_nz,HK0011000095,HANG SENG BANK DEAD - DELIST.28/01/26,HK,0.007501356218188911,0.03540031642946735,0.004271026639695348
2018,vw_nz,JP3894900004,ISETAN MITSUKOSHI HDG.,JP,0.0073665021393454246,2.2209387129519857,5.203079158060471
2018,vw_nz,JP3629000005,TOPPAN HOLDINGS,JP,0.007245132102066717,18.275685463957124,36.250833344671356
2018,vw_nz,AU000000WES1,WESFARMERS,AU,0.007138845166008468,45.50776670064103,63.11753726978319
2018,vw_nz,JP3242800005,CANON,JP,0.007109374023400444,4.342876307107153,3.026879108877136
2018,vw_nz,JP3837800006,HOYA,JP,0.007003526277781135,4.504858998081248,1.1042351476617438
2018,vw_nz,AU000000ANZ3,ANZ GROUP HOLDINGS,AU,0.007000289145629539,0.5720828533875487,0.2645272491771613
2018,vw_nz,JP3910660004,TOKIO MARINE HOLDINGS,JP,0.006789887783237812,0.2948726907428433,0.40855210140131054
2018,vw_nz,HK0000055878,CHINA TAIPING INSURANCE HLDGS,HK,0.006581924691931238,0.0459794759464489,0.07559277881992205
2018,vw_nz,JP3118000003,ASICS,JP,0.006491230016914857,1.1039686320636959,1.214519609241517
2018,vw_nz,JP3519400000,CHUGAI PHARM.,JP,0.006476881353471586,10.226027272712244,1.7214037677621508
2018,vw_nz,JP3350800003,SHIKOKU ELECTRIC POWER,JP,0.0063464174600841245,1433.0411886931367,3742.0127795527155
2018,vw_nz,HK0000049939,CHINA UNICOM (HONG KONG),HK,0.0062434726953183185,9.09804468512024,8.125289326180736
2018,vw_nz,JP3421800008,SECOM,JP,0.006200512109221141,6.432718495373942,3.0677796528714403
2018,vw_nz,JP3854600008,HONDA MOTOR,JP,0.0061452573591444185,9.79758074797736,21.148180128606
2018,vw_nz,SGXE21576413,GENTING SINGAPORE,SG,0.006014276717229314,1.8797883546553322,0.27960775793154624
2018,vw_nz,JP3210200006,KAJIMA,JP,0.005797067233467787,10.946435117684835,18.13189906830668
2018,vw_nz,JP3538800008,TDK,JP,0.005727362352454946,11.373476973297363,10.650394905563884
2018,vw_nz,JP3322930003,SUMCO,JP,0.005707933255869912,10.58840620345072,3.232342038676912
2018,vw_nz,JP3898400001,MITSUBISHI,JP,0.005683146287781366,81.35280628059729,120.45194256012687
2018,vw_nz,JP3209000003,CASIO COMPUTER,JP,0.005563403607800595,1.9553990650805337,1.5371415094083873
2018,vw_nz,JP3475350009,DAIICHI SANKYO,JP,0.0054275303520826025,12.40767640188632,4.282667292062491
2018,vw_nz,AU000000ASX7,ASX,AU,0.005211777919587016,0.06378768445426647,0.00521314304370132
2018,vw_nz,BMG677491539,ORIENT OVERSEAS (INTL.),HK,0.005205689209090901,927.3881571101396,965.2609531951272
2018,vw_nz,AU000000STO6,SANTOS,AU,0.005028979373776567,1711.4309245904255,618.1200368845399
2018,vw_nz,JP3404200002,SUMITOMO RUBBER INDS.,JP,0.004990123886073521,50.29697218514567,78.18287365061246
2018,vw_nz,JP3419400001,SEKISUI CHEMICAL,JP,0.0049526076495995655,14.18395807593865,14.781461868762209
2018,vw_nz,JP3900000005,MITSUBISHI HEAVY INDS.,JP,0.004947193140433221,5.116718567192993,14.892950408129282
2018,vw_nz,BMG2442N1048,COSCO SHIPPING PORTS,HK,0.004900983569123962,72.5772028949307,15.23409112779859
2018,vw_nz,KYG2108Y1052,CHINA RESOURCES LAND,HK,0.00484545964405469,34.59934346236411,18.47090429596037
2018,vw_nz,JP3407400005,SUMITOMO ELECTRIC IND.,JP,0.00475582352089316,7.02122554308649,14.38299373600724
2018,vw_nz,AU000000CGF5,CHALLENGER,AU,0.004712686375834341,0.0020408912980476833,0.0005261559646543456
2018,vw_nz,HK0004000045,WHARF HOLDINGS,HK,0.004687949549353042,2.7337782568742997,1.212825398047291
2018,vw_nz,JP3351600006,SHISEIDO,JP,0.004518623630055225,3.034796369798373,1.297719316536998
2018,vw_nz,HK0083000502,SINO LAND,HK,0.004440905398518042,0.3521418425151032,0.042617566987624006
2018,vw_nz,HK0002007356,CLP HOLDINGS,HK,0.0043149908930207575,3248.8319877729405,1481.842824308344
2018,vw_nz,HK0291001490,CHINA RESOURCES BEER HOLDINGS,HK,0.00418955798499612,57.50495326756555,20.571999151100112
2018,vw_nz,JP3429800000,ANA HOLDINGS,JP,0.004180905319076918,660.8214561384347,832.4758061718832
2018,vw_nz,JP3359600008,SHARP,JP,0.004174423953217171,12.19924979234705,14.937474785938631
2018,vw_nz,JP3116000005,ASAHI GROUP HOLDINGS,JP,0.0041084139950990275,24.513799495439294,18.50245227426309
2018,vw_nz,JP3173400007,OBIC,JP,0.0040929057645830375,0.5109572876323372,0.03810114799875892
2018,vw_nz,SG1T75931496,SINGAPORE TELECOM,SG,0.00408874205425827,0.45875642669408156,0.14098004271519415
2018,vw_nz,JP3566800003,CENTRAL JAPAN RAILWAY,JP,0.004063567628751309,4.506706008992097,1.8717431037648848
2018,vw_nz,JP3112000009,AGC,JP,0.004057340263051782,399.7456109440392,522.0682175704521
2018,vw_nz,HK0019000162,SWIRE PACIFIC 'A',HK,0.004056682322856282,1817.6789762080734,2055.1008000563916
2018,vw_nz,HK0016000132,SUN HUNG KAI PROPERTIES,HK,0.003982812362424488,5.608352324412873,1.26397758077871
2018,vw_nz,AU000000OZL8,OZ MINERALS DEAD - DELIST.03/05/23,AU,0.003907016091792619,104.945064413606,38.32595356364208
2018,vw_nz,JP3197800000,OMRON,JP,0.00386937305379216,8.807647703438086,5.132792500559795
2018,vw_nz,AU000000CBA7,COMMONWEALTH BK.OF AUS.,AU,0.003790456269335479,0.26622384371298635,0.0777203316707817
2018,vw_nz,JP3560800009,TOKAI CARBON,JP,0.0036576896318433094,2524.52319756316,732.4682371026812
2018,vw_nz,JP3352400000,CITIZEN WATCH,JP,0.0036090332338711813,7.8814233496309205,9.360256885266148
2018,vw_nz,JP3902400005,MITSUBISHI ELECTRIC,JP,0.003585460100732976,7.765538648697577,7.775903478462628
2018,vw_nz,JP3495000006,SUMITOMO PHARMA,JP,0.003572881074288821,19.33049584658417,14.225058213049397
2018,vw_nz,JP3165600002,NTN,JP,0.003537962740966083,15.451468503557196,38.90985992359469
2018,vw_nz,JP3493400000,DIC,JP,0.003529363357717089,38.39575685254359,73.47938302956673
2018,vw_nz,JP3551500006,DENSO,JP,0.0034609627926867857,15.497562031350355,13.855009931431756
2018,vw_nz,HK0000745908,YUEXIU PROPERTY COMPANY,HK,0.0033920373920483934,0.6584688232584269,0.8601235415236789
2018,vw_nz,BMG988031446,YUE YUEN INDL.HDG.,HK,0.0033469013258395682,5.346274103473285,6.626010773402703
2018,vw_nz,JP3134800006,IHI,JP,0.0033151672859834678,5.313544779726005,14.565420632366239
2018,vw_nz,JP3409000001,SUMITOMO REAL.&DEV.,JP,0.003304287194894268,2.024774570582099,0.9644450842090112
2018,vw_nz,HK0000139300,TELEVISION BROADCASTS,HK,0.0032907205098872748,1.4031590606520885,0.5115956327282294
2018,vw_nz,AU000000NCM7,NEWCREST MINING DEAD - DELIST.08/11/23,AU,0.00327036497037845,396.51123544083663,98.60188307628401
2018,vw_nz,JP3358800005,SHIMIZU,JP,0.0032482285293875153,16.104709225921386,27.60641440848473
2018,vw_nz,JP3982800009,ROHM,JP,0.0032332858178416475,10.15892759287989,2.941409559540218
2018,vw_nz,JP3933800009,LY,JP,0.0032219402894186917,0.000250429361139674,7.409797753275223e-05
2018,vw_nz,AU000000ERA9,ENERGY RES.OF AUS.,AU,0.003197001279338261,596.2010798694939,329.6672747806446
2018,vw_nz,JP3402600005,SUMITOMO METAL MINING,JP,0.003137787702170349,225.9936483378277,135.31208443241024
2018,vw_nz,JP3249600002,KYOCERA,JP,0.0031367787950919326,9.04534091738534,5.309467221851627
2018,vw_nz,JP3027670003,NIPPON BUILDING FUND,JP,0.0030472077941121347,10.824114119136938,1.0326516929265839
2018,vw_nz,JP3635400009,TOYOTA BOSHOKU,JP,0.0029799650862616677,5.0238161009054085,15.372187155303529
2018,vw_nz,JP3385980002,J S R DEAD - DELIST.25/06/24,JP,0.0028034175738047185,109.64562679879631,79.31111680279271
2018,vw_nz,JP3814000000,FUJIFILM HOLDINGS,JP,0.0027326511583247014,31.2212186491474,31.751489824271452
2018,vw_nz,AU000000TLS2,TELSTRA GROUP,AU,0.0027240878563331377,2.658689745456173,1.590644307454744
2018,vw_nz,AU000000IGO4,IGO,AU,0.002723029949229033,161.80167391240056,31.086042466148587
2018,vw_nz,JP3200450009,ORIX,JP,0.0027104736377222558,8.809352115363797,9.571282044605415
2018,vw_nz,JP3596200000,TOTO,JP,0.0026321398471388442,34.047150977670526,19.037381634290846
2018,vw_nz,SG9999000020,FLEX,SG,0.002603170629828876,2.972581952454433,8.210712340477238
2018,vw_nz,JP3397200001,SUZUKI MOTOR,JP,0.0025733329710132856,19.698294854987214,23.764110854824317
2018,vw_nz,BMG668971101,CTF SERVICES,HK,0.002493992883365446,87.66166173728116,52.87887719484167
2018,vw_nz,JP3126400005,ALPS ALPINE,JP,0.0024318621567277878,1.1844623188519305,1.6222952062374514
2018,vw_nz,JP3743000006,NH FOODS,JP,0.0024193524387834515,30.558734854327035,66.7387752284077
2018,vw_nz,AU000000TAH8,TABCORP HOLDINGS,AU,0.0023426521320727848,2.00096963739366,0.46793694152952375
2018,vw_nz,AU000000LLC3,LENDLEASE GROUP STAPLED UNITS,AU,0.002341128950306768,10.270912594642352,19.24023112674968
2018,vw_nz,AU000000COH5,COCHLEAR,AU,0.002219442608886147,0.7190805251658429,0.09095372729124059
2018,vw_nz,JP3830000000,BROTHER INDUSTRIES,JP,0.0021575495776508724,10.599160417790369,9.962285675240896
2018,vw_nz,JP3166000004,EBARA,JP,0.0021275835228558395,2.284973939420341,2.563341996941398
2018,vw_nz,AU000000NAB4,NATIONAL AUS.BANK,AU,0.002099583287625432,0.7437438473085517,0.3009355982465895
2018,vw_nz,JP3148800000,IBIDEN,JP,0.002087449109945581,51.29877786404139,61.988536746712064
2018,vw_nz,JP3347200002,SHIONOGI,JP,0.0020846678441100606,13.875115024626924,2.337105530081306
2018,vw_nz,JP3573000001,TOKYO GAS,JP,0.001967596190923252,250.0563299625928,342.3602855049639
2018,vw_nz,SG1L01001701,DBS GROUP HOLDINGS,SG,0.0019467288949299904,1.7197879054367741e-06,3.8558728703291163e-07
2018,vw_nz,JP3362700001,MITSUI OSK LINES,JP,0.001888820970372597,1180.0734760726061,4191.921812427182
2018,vw_nz,JP3951600000,UNI CHARM,JP,0.001877331646775288,5.389131934468871,1.8867879071145746
2018,vw_nz,JP3371200001,SHIN-ETSU CHEMICAL,JP,0.0018749609746348474,139.07635813397386,36.4429418911617
2018,vw_nz,JP3528600004,CHIYODA CORPORATION,JP,0.0018742365553615526,0.21039439893087,0.4188776298738612
2018,vw_nz,JP3197600004,ONO PHARM.,JP,0.0018574585033078904,3.6576680859853217,0.6196116565718564
2018,vw_nz,AU000000SHL7,SONIC HEALTHCARE,AU,0.0018216908829748115,1.9855743971238768,1.0134175713023734
2018,vw_nz,JP3802300008,FAST RETAILING,JP,0.0017738393739652177,0.7029763369413867,0.26581177683796786
2018,vw_nz,JP3711600001,NIPPON SANSO HOLDINGS,JP,0.0017202262328275752,3.2916358147994025,2.8369344981686844
2018,vw_nz,JP3228600007,KANSAI ELECTRIC PWR.,JP,0.0017170802627672036,1182.609563114172,2752.1966242942117
2018,vw_nz,JP3799000009,HIROSE ELECTRIC,JP,0.0017051870595076227,2.0716238172778048,0.3941246360008856
2018,vw_nz,JP3695200000,NGK INSULATORS,JP,0.0016828746648072357,80.22257754138859,48.055840887110826
2018,vw_nz,JP3293200006,COCA-COLA BOTTLERS JAPAN HOLDINGS,JP,0.0016650783817595794,28.377532551711088,30.861636327617706
2018,vw_nz,JP3420600003,SEKISUI HOUSE,JP,0.00164685048017513,3.936181714595643,6.201130860773337
2018,vw_nz,JP3942600002,YAMAHA,JP,0.001625718918876763,5.922674082197961,2.853867114020677
2018,vw_nz,JP3893600001,MITSUI,JP,0.0015823927214949323,78.61837060508374,104.31257468725892
2018,vw_nz,JP3160400002,EISAI,JP,0.0015650516409022066,8.28119006753118,2.5247883803507345
2018,vw_nz,AU000000SBM8,ST BARBARA,AU,0.001534006306918826,271.0772147104568,91.381019967725
2018,vw_nz,HK0003000038,HONG KONG AND CHINA GAS,HK,0.0015146779802841376,194.3520850582984,29.225809395572597
2018,vw_nz,JP3890310000,MS&AD INSURANCE GP.HDG.,JP,0.0014895486123913757,0.5729071143284852,1.3847866706107421
2018,vw_nz,IE00BKVD2N49,SEAGATE TECHNOLOGY HOLDINGS,SG,0.0014771580254018429,24.688782232260493,17.79138191897059
2018,vw_nz,JP3672400003,NISSAN MOTOR,JP,0.0014259396177158127,8.405360106013676,20.34453058861118
2018,vw_nz,BMG684371393,PACIFIC BASIN SHIP.,HK,0.0013966125291977659,952.1465442542475,1396.6784375401842
2018,vw_nz,BMG2108M2182,CHINESE ESTATES HDG.,HK,0.0013523193628209788,0.016502416056850825,0.0009820590094707317
2018,vw_nz,JP3940000007,YAMATO HDG.,JP,0.0013452419225795079,47.6972777922128,61.84117266676644
2018,vw_nz,HK0165000859,CHINA EVERBRIGHT,HK,0.0013388362898941355,0.15098353240338888,0.018312302605240135
2018,vw_nz,JP3684000007,NITTO DENKO,JP,0.0013236116378892316,48.88421167009087,25.450192324882956
2018,vw_nz,HK0012000102,HENDERSON LD.DEV.,HK,0.0013234548741731505,0.2677183487823133,0.030411912458746804
2018,vw_nz,JP3982100004,LAWSON DEAD - DELIST.24/07/24,JP,0.0012568102372297518,0.8486212733046378,0.7533958208690642
2018,vw_nz,AU000000MQG1,MACQUARIE GROUP,AU,0.0012495866526196198,0.04824296872700775,0.018255024096279392
2018,vw_nz,JP3246400000,KYUSHU ELEC.POWER,JP,0.0012466866803158552,1518.4312534563721,5049.828803152318
2018,vw_nz,JP3942400007,ASTELLAS PHARMA,JP,0.00122465025072429,7.392336402418269,3.1339603237447076
2018,vw_nz,JP3977400005,RINNAI,JP,0.0011982541129580565,13.027512796292461,8.305571179278617
2018,vw_nz,JP3783600004,EAST JAPAN RAILWAY,JP,0.0011824942876634853,52.429952922805796,36.92395312623688
2018,vw_nz,JP3421100003,JAPAN PETROLEUM EXP.,JP,0.0011779502594800046,263.0739832596603,324.0717581611971
2018,vw_nz,JP3626800001,LIXIL,JP,0.0011433887078760743,38.56203505580409,66.5030326481922
2018,vw_nz,JP3818000006,FUJITSU,JP,0.001129226986690773,5.291213563079964,15.497541526366954
2018,vw_nz,JP3762600009,NOMURA HDG.,JP,0.0011127701537555687,0.17492706938518454,0.12846566398757936
2018,vw_nz,JP3811000003,FUJIKURA,JP,0.0011092842065363634,4.197057148705344,9.72821390270398
2018,vw_nz,AU000000SGM7,SIMS,AU,0.0010712248192409981,17.775669718304396,30.145049558912525
2018,vw_nz,KYG0535Q1331,ASMPT,HK,0.0010502991383886902,1.0266239293539903,0.4028204436629339
2018,vw_nz,JP3544000007,TEIJIN,JP,0.0010260723237219237,92.52679376907356,157.94560518649288
2018,vw_nz,JP3404600003,SUMITOMO,JP,0.0009982601118104027,22.319547686318664,42.60620015258912
2018,vw_nz,AU000000BSL0,BLUESCOPE STEEL,AU,0.0009890589143397785,1016.4290427658486,1340.5538828185677
2018,vw_nz,SGXE34184239,SEATRIUM,SG,0.0009355847282152286,26.995046461177946,11.05350659926034
2018,vw_nz,AU0000038911,OVATO DEAD - DELIST.29/08/22,AU,0.0009336420698773418,33.01201637396012,134.15615776764153
2018,vw_nz,NZAIRE0001S2,AIR NEW ZEALAND,NZ,0.0009261337655779321,970.394513496309,1450.7350424691203
2018,vw_nz,AU000000MAH3,MACMAHON HOLDINGS,AU,0.0009106212198472,1.5533842756014926,1.4778453067373125
2018,vw_nz,SG1S83002349,UOL GROUP,SG,0.0009088363874694143,1.393345427387703,0.38500857692374335
2018,vw_nz,JP3935600001,YAMAZAKI BAKING,JP,0.0008816851577331395,33.74970193877363,73.47723004534137
2018,vw_nz,JP3659000008,WEST JAPAN RAILWAY,JP,0.0008717306586374689,7.424589006307114,7.035975647081091
2018,vw_nz,HK0200030994,MELCO INTL.DEV.,HK,0.0008717219880649953,4.105944693012353,4.774683443655952
2018,vw_nz,JP3665200006,NICHIREI,JP,0.0008674336298416119,8.6717602747056,11.782379451530238
2018,vw_nz,JP3443600006,TAISEI,JP,0.0008623637521566835,17.932454847039363,22.28128531185842
2018,vw_nz,JP3877600001,MARUBENI,JP,0.000850069233877577,9.820498579335762,51.79603290203243
2018,vw_nz,AU000000DOW2,DOWNER EDI,AU,0.0008399686068161627,43.31105581018396,103.01789809015222
2018,vw_nz,JP3358200008,SHIMAMURA,JP,0.0008394848537767985,0.14263774311919436,0.17107998340758515
2018,vw_nz,SG1R50925390,SEMBCORP INDUSTRIES,SG,0.0008329094310144248,3740.861378666036,4892.195014083984
2018,vw_nz,JP3585800000,TOKYO ELECTRIC POWER CO. HDG.,JP,0.0007964525711979636,1637.0897627954282,12959.542439869934
2018,vw_nz,AU000000QAN2,QANTAS AIRWAYS,AU,0.0007591040728326593,943.7913950225922,1677.5593291018586
2018,vw_nz,JP3820000002,FUJI ELECTRIC,JP,0.0007464054088566177,29.85633978763273,38.667007497193005
2018,vw_nz,JP3734800000,NIDEC,JP,0.0006976718635820908,7.067078636382596,1.9592947986899134
2018,vw_nz,AU000000BHP4,BHP GROUP,AU,0.0006684362892218753,248.67903060921853,134.77749304954122
2018,vw_nz,JP3571400005,TOKYO ELECTRON,JP,0.0006624837830010446,1.8124181346720492,0.5653798621005259
2018,vw_nz,JP3224200000,KAWASAKI HEAVY INDUSTRY,JP,0.0006400916924366658,12.388991817634041,26.042051995324268
2018,vw_nz,HK0293001514,CATHAY PACIFIC AIRWAYS,HK,0.000639556575332877,1479.7989608119262,2937.0360914397324
2018,vw_nz,AU000000CQR9,CHARTER HALL RETAIL REIT,AU,0.000617732488953227,0.48153183775209607,0.0697704961092688
2018,vw_nz,JP3401400001,SUMITOMO CHEMICAL,JP,0.0006094002180261018,337.2500565744798,557.3071665462144
2018,vw_nz,SG1V61937297,SINGAPORE AIRLINES,SG,0.0006078938372951952,1205.5477354731777,1376.54046475137
2018,vw_nz,JP3452000007,TAIYO YUDEN,JP,0.0006064944763139517,13.8088560248669,14.943812451200348
2018,vw_nz,AU000000MND5,MONADELPHOUS GROUP,AU,0.0006062494172189048,7.86070673615925,6.55874666171577
2018,vw_nz,AU000000MTS0,METCASH,AU,0.0005538918950855991,2.117381916012828,9.979791134721735
2018,vw_nz,SG1F60858221,SINGAPORE TECHS.ENGR.,SG,0.0005536596242278149,6.255908496380439,3.9588481516970093
2018,vw_nz,JP3868400007,MAZDA MOTOR,JP,0.00054804139808399,4.430030211189242,15.452429076734282
2018,vw_nz,JP3027680002,JAPAN REAL ESTATE INV.,JP,0.0005414636805479068,11.480274015642403,0.9809259373769883
2018,vw_nz,AU000000ORG5,ORIGIN ENERGY (EX BORAL),AU,0.00052816723001833,1542.8160768197024,1355.204239471648
2018,vw_nz,HK0006000050,POWER ASSETS HOLDINGS,HK,0.0005223886066483838,62808.74455393191,604.3226943307233
2018,vw_nz,AU000000DXS1,DEXUS STAPLED UNITS,AU,0.0005075261690148367,25.53880501635357,2.4733865797593073
2018,vw_nz,SG1N31909426,COMFORTDELGRO CORPORATION,SG,0.0005066546707912987,317.7504383166647,272.5092713383198
2018,vw_nz,MU0117U00026,GOLDEN AGRI-RESOURCES,SG,0.0005039927699559499,261.78488713150523,546.0920635174764
2018,vw_nz,JP3891600003,MITSUI E&S,JP,0.0005012226986756356,18.507723142688835,86.78004379961675
2018,vw_nz,JP3190000004,OBAYASHI,JP,0.0004782330485886667,8.742618467969658,17.3001874091683
2018,vw_nz,JP3526600006,CHUBU ELEC.POWER,JP,0.000466885885610549,2249.5163539838936,5887.707635646938
2018,vw_nz,JP3766550002,HAKUHODO DY HDG.,JP,0.00046070689961401687,0.02197208890578075,0.04460060329976372
2018,vw_nz,JP3621000003,TORAY INDS.,JP,0.0004370077168834822,162.30404188637544,199.3453275877166
2018,vw_nz,JP3600200004,TOHO GAS,JP,0.00043412845833730294,17.607000542154125,21.00876436556341
2018,vw_nz,SG1U68934629,KEPPEL,SG,0.00039343801925019234,5.815718738493892,2.189869760245941
2018,vw_nz,JP3605400005,TOHOKU ELECTRIC PWR.,JP,0.00037854411799759463,1785.5520423367452,5045.377634210122
2018,vw_nz,JP3119600009,AJINOMOTO,JP,0.000373367039994307,120.57958367223887,116.91292087866258
2018,vw_nz,JP3914400001,MURATA MANUFACTURING,JP,0.0003488492782484347,21.268052106558194,7.582753977698244
2018,vw_nz,JP3535800001,TSUMURA,JP,0.0003422503493737591,31.611239788266268,12.761364838919377
2018,vw_nz,JP3320800000,SAPPORO HOLDINGS,JP,0.0003375421231274456,23.90705251686902,49.7313133331668
2018,vw_nz,JP3268950007,MEDIPAL HOLDINGS,JP,0.0003373052236791704,1.3183440221948206,7.781444567234513
2018,vw_nz,JP3638600001,DOWA HDG.,JP,0.00031504491068185095,204.74891166587963,327.7665233158836
2018,vw_nz,JP3143600009,ITOCHU,JP,0.00030652716422754694,31.555839532336876,46.83012580852036
2018,vw_nz,JP3122400009,ADVANTEST,JP,0.00030365784736628763,2.242021878980236,0.9306630394170352
2018,vw_nz,JP3215800008,KANEKA,JP,0.0002980088071431483,213.77441807684013,350.2567520861107
2018,vw_nz,JP3463000004,TAKEDA PHARMACEUTICAL,JP,0.0002967174728277409,9.89017088855397,3.426369985855516
2018,vw_nz,JP3304200003,KOMATSU,JP,0.0002823348273990742,5.384672774547643,3.142065716223334
2018,vw_nz,JP3778630008,BANDAI NAMCO HDG.,JP,0.0002820606690342812,0.3158322617085857,0.2610810711265301
2018,vw_nz,BMG8063F1068,SHANGRI-LA ASIA,HK,0.00027255616179629964,69.5628864751178,18.283343469804354
2018,vw_nz,JP3194000000,OKI ELECTRIC IND.,JP,0.0002715840841452888,3.7807818656898244,12.389065232882036
2018,vw_nz,JP3670800006,NISSAN CHEMICAL,JP,0.000251009010331825,153.24025298918355,43.29211814693386
2018,vw_nz,JP3385820000,GS YUASA,JP,0.00023863120893462733,6.3567391588303925,10.479387296259267
2018,vw_nz,AU000000MGR9,MIRVAC GROUP STAPLED UNITS,AU,0.00022588259356658326,4.32381848446648,1.0880458352651763
2018,vw_nz,AU000000QBE9,QBE INSURANCE GROUP,AU,0.00019439312321770054,0.4992647644763211,0.7123926676851865
2018,vw_nz,AU000000GPT8,GPT GROUP STAPLED UNITS,AU,0.00018028750016106703,17.598046641774417,1.3776303195867945
2018,vw_nz,HK0144000764,CHINA MERCHANTS PORT HOLDINGS,HK,0.00017981196461941637,20.188804373941,2.7683180826596385
2018,vw_nz,JP3582600007,TOKYO TATEMONO,JP,0.00017131625101747875,1.364395802126225,0.9654684130917516
2018,vw_nz,JP3830800003,BRIDGESTONE,JP,0.00017050927235685157,56.59484453687057,50.35658011966427
2018,vw_nz,JP3486800000,DAITO TST.CONSTRUCTION,JP,0.00016730111568729385,2.736061261808081,2.897788176975994
2018,vw_nz,JP3676800000,NISSHIN SEIFUN,JP,0.00016553114743620738,12.332912551079684,9.57843520837967
2018,vw_nz,AU000000PPT9,PERPETUAL,AU,0.00015774110766980813,0.34152522811529895,0.07316137886493905
2018,vw_nz,JP3827200001,FURUKAWA ELECTRIC,JP,0.00015237138857830004,27.895304001382108,60.945474286387395
2018,vw_nz,JP3967200001,RAKUTEN GROUP,JP,0.00013497940055313495,0.1346745860886517,0.08942519690538996
2018,vw_nz,JP3635000007,TOYOTA TSUSHO,JP,0.00013487644146677424,3.7747877591558074,14.819649311900363
2018,vw_nz,AU000000BLD2,BORAL DEAD - DELIST.08/07/24,AU,0.00013465889918834144,504.38996945035314,270.0756449641595
2018,vw_nz,JP3675600005,NISSIN FOODS HOLDINGS,JP,0.0001331428640417933,47.589023774701076,25.23476322712657
2018,vw_nz,NZAIAE0002S6,AUCKLAND INTL.AIRPORT,NZ,0.00013216857579090787,5.057198001482717,0.41313026814007314
2018,vw_nz,AU000000IAG3,INSURANCE AUS.GROUP,AU,0.0001227267766405357,1.2625410000853738,0.8260698148280289
2018,vw_nz,AU000000WOW2,WOOLWORTHS GROUP,AU,0.00012265360826095004,14.89144296729175,23.126456294694986
2018,vw_nz,JP3481800005,DAIKIN INDUSTRIES,JP,0.00012036845794169364,37.354732483346055,21.568323624749766
2018,vw_nz,JP3678000005,NISSHINBO HOLDINGS,JP,0.00012025556375741172,59.44650689464086,112.59243692480939
2018,vw_nz,AU000000ORI1,ORICA,AU,0.00011917268583087441,560.7979725303959,389.42310195284233
2018,vw_nz,JP3788600009,HITACHI,JP,0.0001086064063774899,25.1171710103773,54.78768093825454
2018,vw_nz,NZTELE0001S4,SPARK NEW ZEALAND,NZ,0.00010575639776117974,1.3581102951550923,0.7500734446914594
2018,vw_nz,JP3266400005,KUBOTA,JP,0.00010100487511200727,19.91490913917238,12.689825330176404
2018,vw_nz,JP3835620000,BENESSE HOLDINGS DEAD - DELIST.17/05/24,JP,9.644862758788324e-05,0.030229213007630356,0.030743532329386203
2018,vw_nz,AU0000088338,AMPOL,AU,9.603388168295715e-05,43.54116168538793,99.81408777539428
2018,vw_nz,HK0066009694,MTR,HK,8.769550495873868e-05,7.118834452393606,1.4862132076816548
2018,vw_nz,JP3634600005,TOYOTA INDS.,JP,8.378400509502429e-05,11.15731939506823,8.838774330208256
2018,vw_nz,AU000000AMP6,AMP,AU,8.142728349951289e-05,0.008380987030216482,0.00997048898710456
2018,vw_nz,JP3258000003,KIRIN HOLDINGS,JP,8.136834279021932e-05,22.34174959277788,16.26160939994965
2018,vw_nz,JP3870400003,MARUI GROUP,JP,7.70389681611068e-05,6.538676739965232,3.1660311989760155
2018,vw_nz,AU0000224040,WOODSIDE ENERGY GROUP,AU,5.8645119284711874e-05,2420.666599088588,426.4136330118459
2018,vw_nz,HK0363006039,SHANGHAI INDUSTRIAL HOLDINGS,HK,5.4834047392956886e-05,1.6075295155567715,1.91756130725568
2018,vw_nz,JP3156400008,USHIO,JP,4.92832320084522e-05,2.537050695653957,2.0111220021574123
2018,vw_nz,JP3256000005,KYOWA KIRIN,JP,4.912735353445144e-05,21.24953261773738,5.928909217363414
2018,vw_nz,AU000000APA1,APA GROUP,AU,4.825488239326042e-05,656.3877946969252,164.3798975902629
2018,vw_nz,HK0308001558,CTII.INTL.INV.HK.,HK,4.244856685719702e-05,50.05841151277214,15.601547369571046
2018,vw_nz,JP3381000003,NIPPON STEEL,JP,4.135156295125239e-05,1736.9336790854666,3561.2727326184013
2018,vw_nz,JP3158800007,UBE,JP,3.8274179714333645e-05,1829.2288161822007,3623.5244451977906
2018,vw_nz,JP3738600000,NITERRA,JP,3.6748826273819596e-05,1.8670772231887165,1.2231572500273107
2018,vw_nz,AU000000SGP0,STOCKLAND STAPLED UNITS,AU,3.639701949592243e-05,11.007602351067828,3.157505604066934
2018,vw_nz,JP3942800008,YAMAHA MOTOR,JP,3.490368420252802e-05,9.660943303368834,12.512980225541318
2018,vw_nz,HK0388045442,HONG KONG EXCHANGES AND CLEARING,HK,3.307400146890195e-05,0.02566388416133128,0.0008294990829669349
2018,vw_nz,JP3294460005,INPEX,JP,3.111106761958229e-05,67.56639715686644,30.439720331888385
2018,vw_nz,JP3289800009,KOBE STEEL,JP,3.0620241223310066e-05,1051.57150231723,4424.30317225037
2018,vw_nz,JP3174410005,OJI HOLDINGS,JP,2.3951018326406553e-05,487.7769891001998,949.296484220375
2018,vw_nz,AU000000CSR5,CSR DEAD - DEAD.10/07/24,AU,2.0838447670772708e-05,217.77568029037283,216.03373877858195
2018,vw_nz,JP3866800000,PANASONIC HOLDINGS,JP,1.4696621077961643e-05,6.482055106825114,12.6139920981566
2018,vw_nz,JP3283650004,KOSE HOLDINGS,JP,1.381265335021225e-05,3.1686475730162105,0.7975189005294666
2018,vw_nz,JP3456000003,TAKASHIMAYA,JP,1.2710205361630606e-05,1.8182977247592027,4.150103185260926
2018,vw_nz,JP3634200004,TOYODA GOSEI,JP,8.521956838054946e-06,15.296101232379065,34.16074805827202
2018,vw_nz,JP3326410002,SANKYO,JP,8.12543733646189e-06,2.4648737074611247,0.46631582615969047
2018,vw_nz,JP3786200000,HITACHI METALS DEAD - DELIST.29/12/22,JP,7.299449060472979e-06,39.08981291231421,57.63650356313529
2018,vw_nz,HK0000608585,NEW WORLD DEVELOPMENT COMPANY,HK,6.014960923767378e-06,42.00160655020956,19.490721478949137
2018,vw_nz,AU000000ELD6,ELDERS,AU,5.974408497168862e-06,10.835897504381414,18.880113877444874
2018,vw_nz,JP3546800008,TERUMO,JP,5.537198613527261e-06,11.092188058647938,3.1137170537970875
2018,vw_nz,BMG2178K1009,CKI HOLDINGS,HK,5.420641405379934e-06,11628.968070819103,381.40470494927916
2018,vw_nz,HK0010000088,HANG LUNG GROUP,HK,3.961829464920504e-06,1.957365084234476,0.5994018995950688
2018,vw_nz,JP3502200003,DAIWA SECURITIES GROUP,JP,2.11388690879403e-06,0.1562839375346569,0.08142970323850336
2018,vw_nz,JP3357200009,SHIMADZU,JP,1.632122312838132e-06,1.1949919084110403,0.5174657631714442
2019,vw_nz,AU000000BWP3,BWP GROUP STAPLED UNITS,AU,0.3176378389729317,0.0,0.0
2019,vw_nz,JP3826800009,FURUKAWA,JP,0.04108752336488924,3.1583955726117963,10.158672626958237
2019,vw_nz,JP3756600007,NINTENDO,JP,0.034056394008718065,0.04825995296369338,0.013262006174359822
2019,vw_nz,JP3205800000,KAO,JP,0.031126087458904887,46.70902295023183,18.694225748451196
2019,vw_nz,AU000000IGO4,IGO,AU,0.02558865488855337,131.3606356772808,40.04450412015029
2019,vw_nz,JP3435000009,SONY GROUP,JP,0.023162481694090284,2.4093095307981782,2.926713680852672
2019,vw_nz,HK0291001490,CHINA RESOURCES BEER HOLDINGS,HK,0.021682744285913904,40.561116241918974,16.520481584746257
2019,vw_nz,AU000000NAB4,NATIONAL AUS.BANK,AU,0.020042702082149203,0.793398894759982,0.4005451818635277
2019,vw_nz,AU000000MAH3,MACMAHON HOLDINGS,AU,0.01994921948463872,1.1149632272505428,2.1179667519181584
2019,vw_nz,JP3820000002,FUJI ELECTRIC,JP,0.01856638312151303,32.74494486459284,61.341309047731066
2019,vw_nz,JP3933800009,LY,JP,0.016189263760524434,0.41785303089129416,0.2655000532616322
2019,vw_nz,AU000000WBC1,WESTPAC BANKING,AU,0.015961574779136522,0.3332840125782682,0.15056565369802088
2019,vw_nz,JP3667600005,JGC HOLDINGS,JP,0.015570198916577157,21.174785598399804,31.342621280707466
2019,vw_nz,BMG2442N1048,COSCO SHIPPING PORTS,HK,0.015461827212359844,104.56115279266405,31.615417667741873
2019,vw_nz,JP3787000003,HITACHI CON.MCH.,JP,0.015260290643729973,11.813382070336017,20.59257955755907
2019,vw_nz,HK0011000095,HANG SENG BANK DEAD - DELIST.28/01/26,HK,0.01498782343369266,0.02959227471741797,0.0044453290109825105
2019,vw_nz,JP3436100006,SOFTBANK GROUP,JP,0.014613206895855189,0.13167382173739173,0.13472285089357966
2019,vw_nz,JP3939000000,YAMADA HOLDINGS,JP,0.014391358677416097,0.6883388785913394,2.1113304548861462
2019,vw_nz,AU000000PPT9,PERPETUAL,AU,0.012578019937018596,0.3735630703277565,0.13162672476397969
2019,vw_nz,JP3385820000,GS YUASA,JP,0.0109916778523833,19.099117415534113,42.96679840970129
2019,vw_nz,MU0117U00026,GOLDEN AGRI-RESOURCES,SG,0.010970310761907064,533.2694291724541,1575.4074770439825
2019,vw_nz,SG1L01001701,DBS GROUP HOLDINGS,SG,0.01055590032091135,0.11347078677357517,0.03383497455924861
2019,vw_nz,JP3967200001,RAKUTEN GROUP,JP,0.009845055554494641,0.2572817895929466,0.24631337982644935
2019,vw_nz,AU000000BEN6,BENDIGO & ADELAIDE BANK,AU,0.009653194654428737,1.781290601374546,0.9826521379961449
2019,vw_nz,JP3899600005,MITSUBISHI ESTATE,JP,0.00940585506236187,9.268058009386937,4.422011357924065
2019,vw_nz,NZAIRE0001S2,AIR NEW ZEALAND,NZ,0.009341189141468453,999.3836669449203,1887.422472234242
2019,vw_nz,JP3551520004,DENTSU GROUP,JP,0.008425525977690168,0.5249081706015987,0.3517457758844017
2019,vw_nz,AU000000WOR2,WORLEY,AU,0.008323361223721725,8.761989459096712,6.807122693093481
2019,vw_nz,AU000000ANZ3,ANZ GROUP HOLDINGS,AU,0.008178801848155713,0.6179023134811727,0.31298913581559584
2019,vw_nz,AU000000MND5,MONADELPHOUS GROUP,AU,0.007798870721892281,7.59532819094746,8.800084312185026
2019,vw_nz,KYG2108Y1052,CHINA RESOURCES LAND,HK,0.007344069661328445,28.69305626660016,19.5691091029479
2019,vw_nz,JP3242800005,CANON,JP,0.007137896763839052,4.193072408048073,3.9516755444430474
2019,vw_nz,JP3519400000,CHUGAI PHARM.,JP,0.006729923961716489,9.071843742967005,1.4026356915642353
2019,vw_nz,JP3452000007,TAIYO YUDEN,JP,0.0066970355220134494,14.070053323048015,14.198389473380084
2019,vw_nz,AU000000CSL8,CSL,AU,0.006463867738813648,6.836701792259466,0.8664357860836174
2019,vw_nz,JP3528600004,CHIYODA CORPORATION,JP,0.006459472833895583,0.26821046274551597,1.3706801530182195
2019,vw_nz,JP3560800009,TOKAI CARBON,JP,0.006052840826889079,1023.283966029242,692.6994471848681
2019,vw_nz,JP3951600000,UNI CHARM,JP,0.0054521324104725415,4.977964173786027,1.6483984866264292
2019,vw_nz,JP3201200007,OLYMPUS,JP,0.005383560605351024,3.7889730256524623,1.9543708276271454
2019,vw_nz,JP3814800003,SUBARU,JP,0.005096037857243476,9.138230418186033,14.867607397202491
2019,vw_nz,JP3148800000,IBIDEN,JP,0.0050908239143310505,52.340206983710196,70.36678687659425
2019,vw_nz,JP3256000005,KYOWA KIRIN,JP,0.004989939707150407,5.4426973356538335,1.5698998738180687
2019,vw_nz,HK0000055878,CHINA TAIPING INSURANCE HLDGS,HK,0.004830216499037406,0.9493276540032185,2.6032924176444903
2019,vw_nz,JP3711600001,NIPPON SANSO HOLDINGS,JP,0.004542182993479994,2.210273065028286,2.0343041807857065
2019,vw_nz,AU000000GWA4,GWA GROUP,AU,0.004507506525434869,37.985969624882856,18.274408162520306
2019,vw_nz,JP3910660004,TOKIO MARINE HOLDINGS,JP,0.0045056312667975254,0.3073144525766516,0.43071975863391204
2019,vw_nz,AU000000IAG3,INSURANCE AUS.GROUP,AU,0.004441537028962431,1.368377015130415,0.6968591722410398
2019,vw_nz,JP3496400007,KDDI,JP,0.0039021631640945597,0.5521383310505945,0.40814785412397964
2019,vw_nz,JP3358000002,SHIMANO,JP,0.003611778809049545,3.2617512137680533,0.7976127716409813
2019,vw_nz,SG9999003735,XP POWER (DI),SG,0.0034529989118241232,0.04624473484425159,0.023243651577662852
2019,vw_nz,HK0363006039,SHANGHAI INDUSTRIAL HOLDINGS,HK,0.003401588543291537,4.512382023747477,7.6131481231580915
2019,vw_nz,KYG210961051,CHINA MENGNIU DAIRY,HK,0.003341022324710952,20.180457494815304,17.590385262942753
2019,vw_nz,JP3973400009,RICOH,JP,0.0033051243331061824,7.620648725042376,18.180723308353524
2019,vw_nz,JP3358800005,SHIMIZU,JP,0.003174214785058108,15.809665423092781,34.89495413322447
2019,vw_nz,JP3300600008,KONICA MINOLTA,JP,0.00290133691670403,17.547747831522607,34.699081215484284
2019,vw_nz,HK0006000050,POWER ASSETS HOLDINGS,HK,0.002878111877864964,48856.64616207542,678.0267855517131
2019,vw_nz,JP3900000005,MITSUBISHI HEAVY INDS.,JP,0.0028108753500719905,4.877975583730655,14.2906011746887
2019,vw_nz,AU000000APA1,APA GROUP,AU,0.002614079087289784,702.1290685360834,154.77329326593352
2019,vw_nz,HK0014000126,HYSAN DEVELOPMENT,HK,0.0026048255916071533,0.08472234269380739,0.007597712003299578
2019,vw_nz,JP3143000002,ITO EN,JP,0.00257121381278655,7.111777750480045,8.15690927292277
2019,vw_nz,JP3493400000,DIC,JP,0.00254562518419478,36.7499711455554,89.77963689680452
2019,vw_nz,JP3678000005,NISSHINBO HOLDINGS,JP,0.0024853709742434374,48.04966261765811,161.7225642114201
2019,vw_nz,JP3351600006,SHISEIDO,JP,0.0024725558300302407,2.700946590069915,1.1111773276423649
2019,vw_nz,JP3788600009,HITACHI,JP,0.0023637727816408155,21.580602320611792,62.48627891535849
2019,vw_nz,HK0308001558,CTII.INTL.INV.HK.,HK,0.0020800237793493527,52.72202934745419,19.491267833523814
2019,vw_nz,JP3336000009,SANTEN PHARM.,JP,0.001978424620196868,8.108315430527345,2.9876319970506398
2019,vw_nz,JP3621000003,TORAY INDS.,JP,0.001902519059717379,153.12129903854165,276.4465840055189
2019,vw_nz,HK0200030994,MELCO INTL.DEV.,HK,0.0018504260910696716,5.852518987834452,8.570614311069225
2019,vw_nz,JP3475350009,DAIICHI SANKYO,JP,0.0017205240948630419,11.919526032120087,3.8905943334507573
2019,vw_nz,JP3756100008,NITORI HOLDINGS,JP,0.001716777174789512,7.279791964129728,2.6246812642054262
2019,vw_nz,HK0293001514,CATHAY PACIFIC AIRWAYS,HK,0.0016868116994640146,1302.138101731258,3043.2043315791475
2019,vw_nz,JP3402600005,SUMITOMO METAL MINING,JP,0.0016842984659251633,212.121614085152,223.83427256904295
2019,vw_nz,KYG5427W1309,LEE & MAN PAPER MNFG.,HK,0.0016218695554100116,1331.559573527771,1400.7938867516384
2019,vw_nz,NZAIAE0002S6,AUCKLAND INTL.AIRPORT,NZ,0.0015621655110212992,4.952786242794718,0.4040536122915986
2019,vw_nz,NZCENE0001S6,CONTACT ENERGY,NZ,0.0015510454338680652,612.1774194049136,329.50048794834436
2019,vw_nz,JP3837800006,HOYA,JP,0.0015247346696251813,4.368888066350719,0.9628018355144337
2019,vw_nz,JP3494600004,SCREEN HOLDINGS,JP,0.0015164838207955156,3.4562760403340302,5.678657496346047
2019,vw_nz,JP3695200000,NGK INSULATORS,JP,0.001490103559874995,75.84757292507112,66.32564232239237
2019,vw_nz,JP3814000000,FUJIFILM HOLDINGS,JP,0.0014268320593080704,30.328064358679907,30.813885507156666
2019,vw_nz,JP3626800001,LIXIL,JP,0.0013877808070144406,33.760867968140204,123.84791998726632
2019,vw_nz,HK0066009694,MTR,HK,0.0013827707090181172,7.663864352860192,1.552948765840316
2019,vw_nz,SG1N31909426,COMFORTDELGRO CORPORATION,SG,0.0012863570636108342,371.15686874745717,272.89295513108067
2019,vw_nz,BMG8403G1033,SINOFERT HOLDINGS,HK,0.0012293283854285884,456.8405979070141,1903.7596694373708
2019,vw_nz,HK0000049939,CHINA UNICOM (HONG KONG),HK,0.0011888367285260886,8.887337276272678,11.075948917723592
2019,vw_nz,JP3546800008,TERUMO,JP,0.0011366913379792702,10.576882915343168,2.6345833812663764
2019,vw_nz,JP3670800006,NISSAN CHEMICAL,JP,0.0011161622095177454,132.53063437010033,31.83555475434244
2019,vw_nz,JP3375800004,SHINKO ELEC.INDS. DEAD - DELIST.06/06/25,JP,0.0010892114244186715,28.92070560748366,40.37571496038201
2019,vw_nz,SGXE34184239,SEATRIUM,SG,0.0010761159952568287,14.417053478796234,21.208108217898204
2019,vw_nz,JP3625000009,TOKUYAMA,JP,0.001074696954576607,2281.350641544488,3934.943832800231
2019,vw_nz,JP3613400005,TOYO SEIKAN GROUP HDG.,JP,0.000971960003963338,62.07885064810182,99.0114293148806
2019,vw_nz,AU000000BSL0,BLUESCOPE STEEL,AU,0.0009587304180435436,950.7158425450763,1773.6390572251532
2019,vw_nz,JP3481800005,DAIKIN INDUSTRIES,JP,0.0009465676159277955,30.88811799905697,22.16725029716966
2019,vw_nz,JP3350800003,SHIKOKU ELECTRIC POWER,JP,0.0009279100119580669,1398.6865780722367,3402.9169935210202
2019,vw_nz,SG1P66918738,SINGAPORE PRESS HDG. DEAD - DELIST.13/05/22,SG,0.0009164461939505578,0.34085279437192695,0.08398618138294979
2019,vw_nz,AU000000SGM7,SIMS,AU,0.0009040592174341231,7.561292973011441,24.537140307829578
2019,vw_nz,JP3538800008,TDK,JP,0.0008391826428747969,9.589826403674792,11.928275350715628
2019,vw_nz,JP3942600002,YAMAHA,JP,0.0008138777095470842,5.492006384707059,2.6252200113361774
2019,vw_nz,JP3894900004,ISETAN MITSUKOSHI HDG.,JP,0.0007853009966065397,2.1810892702180062,6.1017768523251155
2019,vw_nz,HK0000139300,TELEVISION BROADCASTS,HK,0.000732040134134992,1.3425239492307854,0.9373944540982403
2019,vw_nz,JP3733000008,NEC,JP,0.0007205088384080148,1.955934893246578,5.941566974028497
2019,vw_nz,JP3634200004,TOYODA GOSEI,JP,0.0007019495470495328,14.395518439546741,40.35808629292633
2019,vw_nz,AU000000IVC8,INVOCARE DEAD - DELIST.27/11/23,AU,0.0006644910950893842,15.647344393464799,5.55646014817227
2019,vw_nz,JP3407400005,SUMITOMO ELECTRIC IND.,JP,0.0006548779251211924,6.667954873649324,17.360029969033796
2019,vw_nz,JP3143600009,ITOCHU,JP,0.0006356249817816998,13.11791510475013,42.592987818790554
2019,vw_nz,JP3293200006,COCA-COLA BOTTLERS JAPAN HOLDINGS,JP,0.0006097846018138983,22.583581214991504,30.006218954181815
2019,vw_nz,AU000000BHP4,BHP GROUP,AU,0.0005723273451065423,222.86707663618972,123.74901241338905
2019,vw_nz,JP3862400003,MAKITA,JP,0.0005412354048128773,0.36770289248425575,0.16360455465526608
2019,vw_nz,JP3122400009,ADVANTEST,JP,0.0005246276915156068,1.7870739566046512,1.0346634359227187
2019,vw_nz,JP3386030005,JFE HOLDINGS,JP,0.0005058703609439591,1449.291346411613,4993.207137899397
2019,vw_nz,JP3352400000,CITIZEN WATCH,JP,0.0004614257262595122,7.46757779318406,13.049564955432297
2019,vw_nz,AU000000BPT9,BEACH ENERGY,AU,0.0004428449621138889,411.3589034061733,193.80050466868937
2019,vw_nz,JP3249600002,KYOCERA,JP,0.00041233899245247653,8.161144115995851,5.897100867685206
2019,vw_nz,SG1U68934629,KEPPEL,SG,0.00039270846172117764,6.690021246316291,3.6332622182021965
2019,vw_nz,JP3735400008,NTT,JP,0.0003665685066684202,2.3113036877016753,2.9886174321033936
2019,vw_nz,JP3134800006,IHI,JP,0.0003637262118981534,5.8114432394555395,16.718193820083894
2019,vw_nz,HK0388045442,HONG KONG EXCHANGES AND CLEARING,HK,0.00033553090099663793,0.018129796155164683,0.0008499732773552953
2019,vw_nz,JP3778630008,BANDAI NAMCO HDG.,JP,0.0003252009657720689,0.930125036545483,0.6412145996106464
2019,vw_nz,JP3738600000,NITERRA,JP,0.00032494136757252356,18.147885331253274,15.991568496838186
2019,vw_nz,JP3495000006,SUMITOMO PHARMA,JP,0.00031963177975509276,19.642255727619755,8.784018739239977
2019,vw_nz,JP3368000000,RESONAC HOLDINGS,JP,0.00031056132815835124,392.6820037541811,709.0744408723089
2019,vw_nz,JP3190000004,OBAYASHI,JP,0.00030624015656744005,6.93524772259183,18.68901537010402
2019,vw_nz,JP3942400007,ASTELLAS PHARMA,JP,0.00029807954072801334,6.875655849860394,2.6795972884471766
2019,vw_nz,JP3684000007,NITTO DENKO,JP,0.00027776888583478775,48.302382987054564,38.364584274574
2019,vw_nz,JP3357200009,SHIMADZU,JP,0.00025220116087949215,1.1177227516657562,0.5836067774255063
2019,vw_nz,JP3786200000,HITACHI METALS DEAD - DELIST.29/12/22,JP,0.0002471530759215983,36.715822715633834,82.00140302978595
2019,vw_nz,JP3592200004,TOSHIBA DEAD - DELIST.20/12/23,JP,0.0002448017860843448,9.800564564404251,18.582707806595547
2019,vw_nz,JP3347200002,SHIONOGI,JP,0.00023081554042874924,13.715318763752878,2.175608710845702
2019,vw_nz,JP3209000003,CASIO COMPUTER,JP,0.0002116760252803336,1.9103859284192752,1.4929433769767047
2019,vw_nz,SGXE21576413,GENTING SINGAPORE,SG,0.00020624114329474886,2.5897812081393123,0.49431366799613236
2019,vw_nz,SG9999000020,FLEX,SG,0.000173052801851516,3.111893664986783,16.818326491638988
2019,vw_nz,JP3229400001,KANSAI PAINT,JP,0.0001723855655248099,12.145878880379135,10.08804302539776
2019,vw_nz,BMG684371393,PACIFIC BASIN SHIP.,HK,0.00016815166800004223,897.5960528418004,1629.7768336417003
2019,vw_nz,SG1S83002349,UOL GROUP,SG,0.00016469110227701592,1.4852633499163344,0.6362544438923914
2019,vw_nz,KYG0535Q1331,ASMPT,HK,0.0001577762622351035,0.9632739755882292,0.5536051226927353
2019,vw_nz,JP3165700000,NTT DATA GROUP DEAD - DELIST.26/09/25,JP,0.0001558758014841878,0.4587482635618913,0.5330129594835478
2019,vw_nz,BMG668971101,CTF SERVICES,HK,0.00015045567828064231,100.31185684238037,44.77787736394056
2019,vw_nz,JP3197600004,ONO PHARM.,JP,0.00014707405122029542,3.65271802593276,0.8181213006923029
2019,vw_nz,JP3526600006,CHUBU ELEC.POWER,JP,0.0001333778113979573,1943.6428621888128,4613.984694294057
2019,vw_nz,JP3165600002,NTN,JP,0.00012308129824281958,15.39452453591907,62.324777419965905
2019,vw_nz,AU000000ASX7,ASX,AU,0.00011878144920435901,0.04729993535462151,0.003267392287141441
2019,vw_nz,AU000000MQG1,MACQUARIE GROUP,AU,0.00011582348218424657,0.052614603668708126,0.019786273472727454
2019,vw_nz,AU000000STO6,SANTOS,AU,0.00011439083584447865,1584.3700131750015,601.6573958451584
2019,vw_nz,JP3351100007,SYSMEX,JP,0.00011314161761043405,1.6902890291613817,0.3749436151242153
2019,vw_nz,JP3802300008,FAST RETAILING,JP,0.00010836936100146683,0.6232983814773667,0.2495111752392375
2019,vw_nz,JP3126400005,ALPS ALPINE,JP,0.00010692557966199546,2.487276038468001,4.277052218371718
2019,vw_nz,JP3158800007,UBE,JP,0.00010127829808557948,1687.9189414812756,4744.61328238673
2019,vw_nz,JP3359600008,SHARP,JP,9.688824211454583e-05,12.232987918377995,42.79819440070415
2019,vw_nz,JP3633400001,TOYOTA MOTOR,JP,9.497689849325359e-05,9.096974655890467,12.591973664441127
2019,vw_nz,HK2388011192,BOC HONG KONG HOLDINGS,HK,8.966003678960103e-05,0.02525069430391231,0.008601425428221964
2019,vw_nz,JP3215800008,KANEKA,JP,7.673164615229453e-05,200.93147227712186,418.7573789846517
2019,vw_nz,HK0823032773,LINK REAL ESTATE INVESTMENT TRUST,HK,7.083340064837983e-05,1.2375536329905505,0.1192707445902198
2019,vw_nz,JP3819400007,FUJI MEDIA HOLDINGS,JP,6.575117353708245e-05,0.0,0.0
2019,vw_nz,JP3893600001,MITSUI,JP,6.114046085025761e-05,55.78871022292514,115.7825944886178
2019,vw_nz,JP3421100003,JAPAN PETROLEUM EXP.,JP,5.9392665558932494e-05,279.21291234083674,661.2379991297344
2019,vw_nz,JP3891600003,MITSUI E&S,JP,5.8993983683697576e-05,20.928939020324357,139.89893974999725
2019,vw_nz,JP3174410005,OJI HOLDINGS,JP,5.6722119507544814e-05,450.2880005149368,1106.626606114311
2019,vw_nz,AU000000SIG5,SIGMA HEALTHCARE,AU,5.633055685599611e-05,1.5485696355924867,11.23843643412755
2019,vw_nz,SG1R89002252,CITY DEVELOPMENTS,SG,4.8865111143271385e-05,0.12850162944541318,0.06593687774121908
2019,vw_nz,HK0242001243,SHUN TAK HOLDINGS,HK,4.779732074652889e-05,399.624772178857,280.86142416104013
2019,vw_nz,HK0023000190,BANK OF EAST ASIA,HK,4.139169710843346e-05,1.5339303303879213,0.6328294572832137
2019,vw_nz,JP3619800000,TOYOBO,JP,3.621823091340396e-05,228.4924621658056,541.9039247907671
2019,vw_nz,JP3718800000,NISSUI,JP,3.295026383550042e-05,32.374917617293754,110.39603699784689
2019,vw_nz,JP3845400005,HOKURIKU ELEC.POWER,JP,3.263918208611125e-05,2904.7866262255766,9485.959769883271
2019,vw_nz,JP3898400001,MITSUBISHI,JP,3.0777658464619845e-05,48.766725014739364,138.7241355979872
2019,vw_nz,US89677Q1076,TRIP COM GROUP ADR 1:1,SG,3.0686507532195325e-05,0.009590179656032224,0.002418898147399078
2019,vw_nz,KYG217651051,CK HUTCHISON HOLDINGS,HK,2.7225371297054105e-05,254.93206128791653,231.32213698251434
2019,vw_nz,JP3870400003,MARUI GROUP,JP,2.6309728806049858e-05,6.61175035248957,3.3630635062313163
2019,vw_nz,JP3942800008,YAMAHA MOTOR,JP,2.5214692181062978e-05,10.187912921575094,21.015591077405208
2019,vw_nz,JP3223800008,KAWASAKI KISEN KAISHA,JP,2.4375064640117965e-05,1496.131712604954,10569.294067060679
2019,vw_nz,JP3164800009,NOK,JP,2.3842607359839058e-05,7.2709638484516175,16.662319974499407
2019,vw_nz,JP3522200009,CHUGOKU ELEC.POWER,JP,2.3130064648961163e-05,1626.3050994119153,4107.228677279656
2019,vw_nz,JP3598600009,TOHO,JP,2.1580900670896324e-05,3.266095754698117,1.0411255379899493
2019,vw_nz,JP3419050004,SEGA SAMMY HDG.,JP,2.1434890448052314e-05,2.5141721217810633,1.9305236736532727
2019,vw_nz,JP3304200003,KOMATSU,JP,2.0502663385247903e-05,4.610500374300893,4.829121289881935
2019,vw_nz,SG1T75931496,SINGAPORE TELECOM,SG,2.0044629094567482e-05,0.5192582194938528,0.18207088940479899
2019,vw_nz,JP3381000003,NIPPON STEEL,JP,1.7911757815714378e-05,1476.9929167278851,4726.735340710582
2019,vw_nz,JP3877600001,MARUBENI,JP,1.7715764430833536e-05,10.608354941517907,54.98914908879587
2019,vw_nz,JP3294460005,INPEX,JP,1.634778511831663e-05,1041.0356893555124,642.8493409112446
2019,vw_nz,JP3743000006,NH FOODS,JP,1.4724682448019679e-05,30.745911721419425,81.86713528544107
2019,vw_nz,AU0000224040,WOODSIDE ENERGY GROUP,AU,1.4332530451409486e-05,1729.7994548000859,384.03625580290077
2019,vw_nz,AU000000NCM7,NEWCREST MINING DEAD - DELIST.08/11/23,AU,1.0000941784059871e-05,395.33076051246,99.80152506977407
2019,vw_nz,JP3119600009,AJINOMOTO,JP,8.871881956520489e-06,115.96774831110933,140.9796039513001
2019,vw_nz,JP3955000009,YOKOGAWA ELECTRIC,JP,8.71652267335646e-06,4.0266426167625795,3.0250465391775254
2019,vw_nz,JP3404600003,SUMITOMO,JP,8.536681079906348e-06,19.827363685212436,49.45271950314901
2019,vw_nz,HK0688002218,CHINA OVERSEAS LAND INVESTMENT,HK,8.216863125857583e-06,2.008452753212935,1.065112530334552
2019,vw_nz,AU000000COH5,COCHLEAR,AU,8.02478188261796e-06,0.3958349261898517,0.05026373096983193
2019,vw_nz,JP3166000004,EBARA,JP,7.941290894159035e-06,2.264724684403537,3.8099608993863883
2019,vw_nz,JP3371200001,SHIN-ETSU CHEMICAL,JP,7.506400106059348e-06,116.87445189258742,47.587795414006806
2019,vw_nz,JP3228600007,KANSAI ELECTRIC PWR.,JP,6.329594707027435e-06,961.7008032921666,2090.750706231177
2019,vw_nz,JP3734800000,NIDEC,JP,4.991846635688016e-06,5.196556178153607,2.049000873491879
2019,vw_nz,JP3762800005,NOMURA RESEARCH INST.,JP,4.947740156298111e-06,0.22009221863960998,0.09949862642146226
2019,vw_nz,JP3258000003,KIRIN HOLDINGS,JP,4.388347914267475e-06,21.359193708000788,17.212607664404374
2019,vw_nz,AU000000TLS2,TELSTRA GROUP,AU,4.064603928786309e-06,2.5381914358999125,1.7755596864747671
2019,vw_nz,JP3903000002,MITSUBISHI MATERIALS,JP,3.7138063154565474e-06,622.3768047722656,2672.700391266347
2019,vw_nz,JP3818000006,FUJITSU,JP,3.575339530091428e-06,4.035808548710068,10.675032406348375
2019,vw_nz,JP3850200001,HOKKAIDO ELEC.POWER,JP,3.5512407583564347e-06,2219.217481547236,9771.839218252862
2019,vw_nz,JP3940000007,YAMATO HDG.,JP,3.5148723645824763e-06,44.99600711408263,62.554939501033274
2019,vw_nz,JP3742600004,NHK SPRING,JP,3.4323941234755644e-06,15.185092035893762,42.17759403187044
2019,vw_nz,JP3613000003,TOYO SUISAN KAISHA,JP,3.386766397829773e-06,46.577996985706584,42.86776161044303
2019,vw_nz,JP3635400009,TOYOTA BOSHOKU,JP,3.1453868429783556e-06,4.495565884686224,19.80936466255158
2019,vw_nz,JP3566800003,CENTRAL JAPAN RAILWAY,JP,3.128777496483393e-06,4.185487852505766,1.5882549663726158
2019,vw_nz,JP3194000000,OKI ELECTRIC IND.,JP,3.0110402961262203e-06,2.575807515656158,9.292590286987666
2019,vw_nz,JP3766550002,HAKUHODO DY HDG.,JP,3.006623784226942e-06,0.03324894725043054,0.07263861869734743
2019,vw_nz,JP3283650004,KOSE HOLDINGS,JP,2.9849717555848787e-06,2.6011436261017487,0.8536616088318055
2019,vw_nz,SG1M51904654,CAPITALAND INTEG. COML. TST.,SG,2.8456606596995178e-06,0.03303169886982042,0.0031025260767316752
2019,vw_nz,SG1R50925390,SEMBCORP INDUSTRIES,SG,2.5415649725061877e-06,2985.1337422780152,7565.961033601714
2019,vw_nz,JP3663900003,SOJITZ,JP,2.236629637895855e-06,38.48746618231011,140.86860830359623
2019,vw_nz,HK0002007356,CLP HOLDINGS,HK,2.2259631810579503e-06,3282.525779349896,1313.2696723470287
2019,vw_nz,JP3783600004,EAST JAPAN RAILWAY,JP,1.997200688594247e-06,43.803869633843455,33.96706440212023
2019,vw_nz,BMG4600H1198,HOPSON DEVELOPMENT HOLDINGS,HK,1.9756088648993713e-06,0.8441005341444568,0.6983240223463687
2019,vw_nz,JP3890310000,MS&AD INSURANCE GP.HDG.,JP,1.4002087870979246e-06,0.5827794281557336,1.4931455481592377
2019,vw_nz,JP3721400004,JAPAN STEEL WORKS,JP,1.3878848104906642e-06,44.01953002381271,65.46635841244118
2019,vw_nz,AU000000WES1,WESFARMERS,AU,1.3230241945567926e-06,126.45793938988268,94.65726730641173
2019,vw_nz,SG1F60858221,SINGAPORE TECHS.ENGR.,SG,1.2910126341856856e-06,6.509098127173268,3.7332624437265585
2019,vw_nz,AU000000QAN2,QANTAS AIRWAYS,AU,1.2900132601667752e-06,966.7178020524578,1971.2291250442115
2019,vw_nz,HK0003000038,HONG KONG AND CHINA GAS,HK,1.1992051799835058e-06,162.06723078915897,24.067919848756834
2019,vw_nz,JP3792600003,HINO MOTORS,JP,1.188835488240755e-06,8.329639600928077,27.42887236248535
2019,vw_nz,JP3320800000,SAPPORO HOLDINGS,JP,1.1810588207308862e-06,25.036111059296164,66.99586090858104
2019,vw_nz,JP3605400005,TOHOKU ELECTRIC PWR.,JP,1.13959399921985e-06,1604.9798449247344,4804.802995546143
2019,vw_nz,JP3574200006,TOKYU,JP,1.126987230216803e-06,11.726074124667958,11.638442269520382
2020,vw_nz,AU000000BWP3,BWP GROUP STAPLED UNITS,AU,0.07650542071761328,0.0,0.0
2020,vw_nz,JP3633400001,TOYOTA MOTOR,JP,0.02624357852594049,10.451421977282129,12.92205054306236
2020,vw_nz,JP3910660004,TOKIO MARINE HOLDINGS,JP,0.024010894538449554,0.35415269464244664,0.44586893932784455
2020,vw_nz,JP3837800006,HOYA,JP,0.02153585547977194,3.91643813006864,0.5697681043815167
2020,vw_nz,HK2388011192,BOC HONG KONG HOLDINGS,HK,0.02103922087659961,0.0384334923995172,0.01787713434936468
2020,vw_nz,JP3899600005,MITSUBISHI ESTATE,JP,0.01930418138921011,10.579180902107336,4.31455953768436
2020,vw_nz,JP3519400000,CHUGAI PHARM.,JP,0.016940669883765247,6.776080567092561,0.7180281798906447
2020,vw_nz,BMG668971101,CTF SERVICES,HK,0.0158771599313973,5.8766724787603275,3.8974336500018922
2020,vw_nz,JP3205800000,KAO,JP,0.015211586998701329,44.577001523650594,15.967405755368459
2020,vw_nz,JP3496400007,KDDI,JP,0.014601918275427382,0.5250396934931375,0.35201570916780717
2020,vw_nz,JP3814000000,FUJIFILM HOLDINGS,JP,0.013529784200269259,29.15738608870248,24.378417744407116
2020,vw_nz,JP3198900007,ORIENTAL LAND,JP,0.013390430190526334,10.951329343960616,1.1090435032978048
2020,vw_nz,JP3756600007,NINTENDO,JP,0.013263093223702747,0.05085532719084927,0.011825659061403523
2020,vw_nz,JP3436100006,SOFTBANK GROUP,JP,0.012932210778900386,0.18038843589927808,0.18259803624206472
2020,vw_nz,AU000000BEN6,BENDIGO & ADELAIDE BANK,AU,0.01289132622794267,1.3109072977887217,0.7384452500691456
2020,vw_nz,JP3820000002,FUJI ELECTRIC,JP,0.012471806681109006,26.672760092165866,48.37595024187976
2020,vw_nz,JP3711200000,AOZORA BANK,JP,0.011949655286674351,0.09620356674723715,0.043247918693912854
2020,vw_nz,JP3588600001,TBS HOLDINGS,JP,0.011791264342070134,1.3996562480413852,1.5357453406908044
2020,vw_nz,JP3499800005,MITSUBISHI HC CAPITAL,JP,0.011780367526675599,0.5037038781783278,0.7599070415328197
2020,vw_nz,JP3475350009,DAIICHI SANKYO,JP,0.01119550806291933,10.381105049369761,1.9005746196179993
2020,vw_nz,JP3771800004,HAMAMATSU PHOTONICS,JP,0.010945634135822477,9.613101945759148,1.8146931146322751
2020,vw_nz,JP3735400008,NTT,JP,0.010699941421066634,2.27477966165728,2.5003365452989974
2020,vw_nz,JP3756100008,NITORI HOLDINGS,JP,0.010370612349693989,6.472821171273371,2.136691855583543
2020,vw_nz,JP3955000009,YOKOGAWA ELECTRIC,JP,0.010178526071892626,3.7506925385865895,2.955494475336399
2020,vw_nz,JP3720800006,NSK,JP,0.010092967752528822,16.393469090300318,28.32472147357218
2020,vw_nz,JP3134800006,IHI,JP,0.010078479706688596,5.180332377181406,17.617533697711387
2020,vw_nz,JP3592200004,TOSHIBA DEAD - DELIST.20/12/23,JP,0.009980156277332083,9.925151947873102,21.844419945320688
2020,vw_nz,JP3389900006,JAFCO GROUP,JP,0.009845225593028657,0.02074815817579472,0.0043765246089826374
2020,vw_nz,HK0363006039,SHANGHAI INDUSTRIAL HOLDINGS,HK,0.009819839861985006,2.739877355126193,5.99366433588476
2020,vw_nz,HK0000745908,YUEXIU PROPERTY COMPANY,HK,0.009815513896253094,0.6224696401426575,1.1219374135657543
2020,vw_nz,JP3667600005,JGC HOLDINGS,JP,0.008803520073249443,24.172215671349072,32.37318565446616
2020,vw_nz,JP3613000003,TOYO SUISAN KAISHA,JP,0.008122157967859577,44.56452403306815,35.29937067709079
2020,vw_nz,JP3027680002,JAPAN REAL ESTATE INV.,JP,0.00801567233168441,5.114518664485662,0.3231851060828917
2020,vw_nz,HK0006000050,POWER ASSETS HOLDINGS,HK,0.007852558040837277,37478.094008770466,423.8341009980945
2020,vw_nz,HK0291001490,CHINA RESOURCES BEER HOLDINGS,HK,0.00779419303582072,30.29975110918732,9.512802160894488
2020,vw_nz,JP3814800003,SUBARU,JP,0.007595868116857477,9.268376256986352,14.258597599702718
2020,vw_nz,JP3902900004,MITSUBISHI UFJ FINL.GP.,JP,0.007480079332287264,0.17479709853980382,0.1529528182707986
2020,vw_nz,JP3027670003,NIPPON BUILDING FUND,JP,0.007452623560211305,18.059733457258957,1.1404447752301972
2020,vw_nz,AU000000CBA7,COMMONWEALTH BK.OF AUS.,AU,0.00738065458879711,0.4835959213629637,0.12499119393831626
2020,vw_nz,JP3894900004,ISETAN MITSUKOSHI HDG.,JP,0.007245531670155291,2.0967086791738487,7.726748385197559
2020,vw_nz,JP3870000001,MABUCHI MOTOR,JP,0.007206541849663764,2.6928634582140174,1.310597576297652
2020,vw_nz,AU000000CSL8,CSL,AU,0.0071421486150095165,6.418713162922524,0.5852126115045426
2020,vw_nz,JP3933800009,LY,JP,0.007086830522424619,0.4538503419049102,0.22345733097417403
2020,vw_nz,AU000000BHP4,BHP GROUP,AU,0.006380477308711672,217.79976768932278,127.2453839748754
2020,vw_nz,JP3435000009,SONY GROUP,JP,0.006105002829512649,2.3658220560279766,2.084083224537907
2020,vw_nz,AU000000WBC1,WESTPAC BANKING,AU,0.006059244108592103,0.30519165404914456,0.1265747885489319
2020,vw_nz,JP3322930003,SUMCO,JP,0.005991928706816864,9.075507130262933,5.434936204718829
2020,vw_nz,JP3385980002,J S R DEAD - DELIST.25/06/24,JP,0.005914171886537877,92.54353175150429,98.86379331651679
2020,vw_nz,AU000000WOW2,WOOLWORTHS GROUP,AU,0.005875183431227882,11.535481980847672,13.517605626823405
2020,vw_nz,JP3407200009,OSAKA TITANIUM,JP,0.005797328462060753,172.37200032319748,146.3325406987379
2020,vw_nz,JP3242800005,CANON,JP,0.005719065533474351,3.706483893249972,3.4769021021927804
2020,vw_nz,KYG2108Y1052,CHINA RESOURCES LAND,HK,0.005540406311426058,24.292159766259147,17.475352342576787
2020,vw_nz,JP3249600002,KYOCERA,JP,0.005429322982510675,11.02540332140791,6.611576621094265
2020,vw_nz,AU000000ALL7,ARISTOCRAT LEISURE,AU,0.005423664577406357,4.517191991188419,0.8740690015043188
2020,vw_nz,JP3201200007,OLYMPUS,JP,0.005220164877479163,3.753309359052422,1.2387815502245467
2020,vw_nz,JP3419050004,SEGA SAMMY HDG.,JP,0.005220066116640084,1.7357108549471663,1.5963335680070678
2020,vw_nz,JP3421800008,SECOM,JP,0.005116876384110841,7.070051297290416,3.320179564413739
2020,vw_nz,JP3173400007,OBIC,JP,0.0050943711829098725,0.4126246642266795,0.02167042889390519
2020,vw_nz,JP3942400007,ASTELLAS PHARMA,JP,0.004932129045974706,5.975342966127615,2.1949933544624174
2020,vw_nz,JP3463000004,TAKEDA PHARMACEUTICAL,JP,0.004674713395180873,11.184380559128343,5.482127605492269
2020,vw_nz,JP3357200009,SHIMADZU,JP,0.0046349197212998405,0.8317569229208087,0.3541900087721059
2020,vw_nz,JP3162600005,SMC,JP,0.004623142853454669,10.467656920267164,1.7178091732568828
2020,vw_nz,AU000000ANZ3,ANZ GROUP HOLDINGS,AU,0.004618082039287613,0.4789871762810046,0.24491334228003453
2020,vw_nz,AU000000NAB4,NATIONAL AUS.BANK,AU,0.00460495207835646,0.7431992605573048,0.3294565209399338
2020,vw_nz,JP3276400003,GUNMA BANK,JP,0.004342590379522773,1.265850460765044,1.1530959837371573
2020,vw_nz,AU000000WES1,WESFARMERS,AU,0.004316023066644301,130.1950447271667,73.29393628405138
2020,vw_nz,HK0823032773,LINK REAL ESTATE INVESTMENT TRUST,HK,0.004300040524202822,1.9666609192933437,0.16036437550023896
2020,vw_nz,AU000000NCM7,NEWCREST MINING DEAD - DELIST.08/11/23,AU,0.004262677589944571,377.3724761561698,90.93940917048253
2020,vw_nz,JP3111200006,ASAHI KASEI,JP,0.0042269357732685545,148.2074234608058,205.2923026157533
2020,vw_nz,AU000000QBE9,QBE INSURANCE GROUP,AU,0.004095517963665136,0.4666215942665178,0.5506658737301762
2020,vw_nz,JP3802300008,FAST RETAILING,JP,0.004025839154817482,0.6239330785071723,0.23176657515332785
2020,vw_nz,AU000000TLS2,TELSTRA GROUP,AU,0.004013500638831356,2.2192124931591066,1.2100337222512758
2020,vw_nz,JP3951600000,UNI CHARM,JP,0.004009915746741701,4.7679842777978685,1.45498289607829
2020,vw_nz,JP3742600004,NHK SPRING,JP,0.003978009210225153,14.143757479950812,44.18163790579036
2020,vw_nz,SG1T75931496,SINGAPORE TELECOM,SG,0.0038656525866878925,0.47379676688691513,0.1521083468711745
2020,vw_nz,HK0004000045,WHARF HOLDINGS,HK,0.003778569496064091,7.836833300649172,2.2799745538554257
2020,vw_nz,BMG988031446,YUE YUEN INDL.HDG.,HK,0.003741512297331793,1.7661900014217828,4.062160076188069
2020,vw_nz,JP3362700001,MITSUI OSK LINES,JP,0.0035957410049625407,1044.4559385284301,3917.3168852822305
2020,vw_nz,BMG677491539,ORIENT OVERSEAS (INTL.),HK,0.0035571864104894904,798.3657640159895,1907.016541104852
2020,vw_nz,JP3726800000,JAPAN TOBACCO,JP,0.0035347409850360802,16.98471491631534,8.066444358064928
2020,vw_nz,JP3967200001,RAKUTEN GROUP,JP,0.003523632915049035,0.23265549020081738,0.24200857273990384
2020,vw_nz,AU000000ASX7,ASX,AU,0.0034654103559773755,0.049745656338772544,0.002747949529691905
2020,vw_nz,US89677Q1076,TRIP COM GROUP ADR 1:1,SG,0.0034230136586873103,0.006577118552755358,0.001892560456173866
2020,vw_nz,JP3898400001,MITSUBISHI,JP,0.0033376043525952526,48.767534404362486,168.2020832875186
2020,vw_nz,SG9999000020,FLEX,SG,0.003337345094469941,4.134571739165733,15.690061356839916
2020,vw_nz,JP3973400009,RICOH,JP,0.0033104460304326203,7.359913000009374,15.909805611525874
2020,vw_nz,JP3786200000,HITACHI METALS DEAD - DELIST.29/12/22,JP,0.0032854454013144774,40.9354725627629,51.49568165548198
2020,vw_nz,JP3711600001,NIPPON SANSO HOLDINGS,JP,0.003235584119001428,134.78460315207957,111.52443709590786
2020,vw_nz,JP3190000004,OBAYASHI,JP,0.0032130897427823006,13.686648415334146,32.38659685444552
2020,vw_nz,SGXE34184239,SEATRIUM,SG,0.0032074855508323944,24.041816478031727,28.821256423535036
2020,vw_nz,JP3684000007,NITTO DENKO,JP,0.003203662169826952,49.98106816305303,38.55611707680668
2020,vw_nz,AU000000APA1,APA GROUP,AU,0.00319875682973727,789.6395156276781,146.43219041016548
2020,vw_nz,JP3385820000,GS YUASA,JP,0.0030247322769707792,17.963002419730234,40.175438596491226
2020,vw_nz,JP3210200006,KAJIMA,JP,0.002993154099661529,9.210467360243754,24.98780007408148
2020,vw_nz,AU000000ELD6,ELDERS,AU,0.0028642510711653,13.054659556800846,18.717971770205878
2020,vw_nz,JP3494600004,SCREEN HOLDINGS,JP,0.0028355385087129193,4.052813996558519,4.523109296504968
2020,vw_nz,JP3174410005,OJI HOLDINGS,JP,0.0028014746849871143,453.78361375385623,1201.467679322329
2020,vw_nz,JP3350800003,SHIKOKU ELECTRIC POWER,JP,0.002783562234440071,1076.961976247086,3831.020378540065
2020,vw_nz,JP3830000000,BROTHER INDUSTRIES,JP,0.002661748915804569,2.9171113381138314,3.366730074518769
2020,vw_nz,JP3538800008,TDK,JP,0.002657306772210006,8.82383755662255,7.935515782511518
2020,vw_nz,JP3900000005,MITSUBISHI HEAVY INDS.,JP,0.0026507752764876546,4.983517084587552,14.869828715648687
2020,vw_nz,AU000000CWY3,CLEANAWAY WASTE MANAGEMENT,AU,0.0026398245615166394,484.0855435676989,279.16980797374606
2020,vw_nz,AU000000SUN6,SUNCORP GROUP,AU,0.0026307377247463885,0.21129859150751706,0.20104520930057526
2020,vw_nz,JP3228600007,KANSAI ELECTRIC PWR.,JP,0.0026261784382163003,881.3949286034365,2456.4889143466444
2020,vw_nz,JP3229400001,KANSAI PAINT,JP,0.0026141872161460143,12.547536618683518,7.3723516719937185
2020,vw_nz,JP3358800005,SHIMIZU,JP,0.002604100427416185,11.871061323978031,23.671068103779778
2020,vw_nz,JP3419400001,SEKISUI CHEMICAL,JP,0.0024484446804224646,20.269883943440906,26.064078290589883
2020,vw_nz,JP3165700000,NTT DATA GROUP DEAD - DELIST.26/09/25,JP,0.00235965161900579,0.4366286138827652,0.4532103021902413
2020,vw_nz,HK0016000132,SUN HUNG KAI PROPERTIES,HK,0.002307600904240525,3.821275503326789,1.0610705022400377
2020,vw_nz,AU000000ANN9,ANSELL,AU,0.0022905105186313093,83.53788952468084,43.77213663812014
2020,vw_nz,JP3502200003,DAIWA SECURITIES GROUP,JP,0.0022369739623594957,0.13405190094244046,0.10195811260028427
2020,vw_nz,KYG525621408,KINGBOARD HOLDINGS,HK,0.0022304879076123904,334.6404739078907,610.6216640610472
2020,vw_nz,JP3619800000,TOYOBO,JP,0.002209198917401438,226.9738444303736,573.4772906274612
2020,vw_nz,HK0066009694,MTR,HK,0.002193880382484813,6.731963501230996,1.3634684216603163
2020,vw_nz,JP3862400003,MAKITA,JP,0.002185534681149642,0.9880207948185354,0.4194332450071562
2020,vw_nz,JP3866800000,PANASONIC HOLDINGS,JP,0.0020685756860290097,5.5237543887822005,16.06825464969969
2020,vw_nz,JP3626800001,LIXIL,JP,0.002031879915637586,32.06149594939767,99.31445690481483
2020,vw_nz,AU000000SHL7,SONIC HEALTHCARE,AU,0.0020240543041959613,1.7390656305283043,0.7641612945415482
2020,vw_nz,JP3486800000,DAITO TST.CONSTRUCTION,JP,0.002008344953717533,2.5037704849439244,4.048063935164341
2020,vw_nz,JP3194000000,OKI ELECTRIC IND.,JP,0.0019802013101850096,2.232054054104065,8.876746603379603
2020,vw_nz,JP3209000003,CASIO COMPUTER,JP,0.001971287773534449,1.6603441400964394,0.9560793219615937
2020,vw_nz,JP3818000006,FUJITSU,JP,0.001966139462159081,2.4296789472508324,3.823377536558301
2020,vw_nz,SG1L01001701,DBS GROUP HOLDINGS,SG,0.001962743596158814,0.06454165858269381,0.02126250404566294
2020,vw_nz,JP3294460005,INPEX,JP,0.0019573768524482325,622.0902198775028,553.9245152616005
2020,vw_nz,AU0000088338,AMPOL,AU,0.0019553218293218767,38.60584280182819,102.12553798196984
2020,vw_nz,JP3456000003,TAKASHIMAYA,JP,0.001954827323211101,2.917161521057796,13.269766650358426
2020,vw_nz,HK0011000095,HANG SENG BANK DEAD - DELIST.28/01/26,HK,0.0019530162188642415,0.019330171827464975,0.0037352558580478717
2020,vw_nz,JP3788600009,HITACHI,JP,0.0019512847656078286,18.395212041308625,41.93967430142345
2020,vw_nz,HK0293001514,CATHAY PACIFIC AIRWAYS,HK,0.0019235191752161355,547.143054965261,1519.760143284738
2020,vw_nz,JP3902400005,MITSUBISHI ELECTRIC,JP,0.001917929108160117,6.393396957524731,8.470079842488477
2020,vw_nz,JP3695200000,NGK INSULATORS,JP,0.0019006950665377783,74.69920876857508,55.794502887230095
2020,vw_nz,JP3551500006,DENSO,JP,0.0018942313925449088,14.643907137773997,22.038700702355722
2020,vw_nz,AU000000SBM8,ST BARBARA,AU,0.0018922826475844235,380.45794091814287,138.4559393642103
2020,vw_nz,JP3443600006,TAISEI,JP,0.0018641808702801051,17.551546659276983,30.980723105623166
2020,vw_nz,JP3539220008,T & D HOLDINGS,JP,0.0018542117814125598,0.09114852307287043,0.25389900752535716
2020,vw_nz,JP3890350006,SUMITOMO MITSUI FINL.GP.,JP,0.0018523693735257036,0.27404561880963546,0.2768394132871047
2020,vw_nz,JP3493800001,DAI NIPPON PRINTING,JP,0.0018459312243114014,18.91561727628445,26.778198595461536
2020,vw_nz,AU000000FLT9,FLIGHT CENTRE TRAVEL GP.,AU,0.0018180430795344921,24.969430283210414,20.086083213773314
2020,vw_nz,JP3481800005,DAIKIN INDUSTRIES,JP,0.0017974966587326973,29.20407420215383,16.338217754910087
2020,vw_nz,JP3657400002,NIKON,JP,0.001794681569605769,6.425639849927353,7.646682488907233
2020,vw_nz,HK0023000190,BANK OF EAST ASIA,HK,0.0017282034853242595,0.7768498163907586,0.5542052493773548
2020,vw_nz,HK0388045442,HONG KONG EXCHANGES AND CLEARING,HK,0.0017268114233228574,0.09493830154234706,0.003926268462627009
2020,vw_nz,MU0117U00026,GOLDEN AGRI-RESOURCES,SG,0.0016636473338775054,608.555596091616,2026.9741733872015
2020,vw_nz,JP3375800004,SHINKO ELEC.INDS. DEAD - DELIST.06/06/25,JP,0.001650562598284653,29.438308282215615,24.130830709918076
2020,vw_nz,HK0688002218,CHINA OVERSEAS LAND INVESTMENT,HK,0.0016211863717459371,0.9180002159557886,0.6141739947096014
2020,vw_nz,JP3625000009,TOKUYAMA,JP,0.0015841565956152975,2412.1135568524896,4064.8561557183134
2020,vw_nz,JP3596200000,TOTO,JP,0.0015789638526074008,32.80969421905807,24.30279682461259
2020,vw_nz,JP3358000002,SHIMANO,JP,0.0015745324307359938,5.526336818332414,1.288653498416837
2020,vw_nz,JP3885400006,MISUMI GROUP,JP,0.001560482489803885,3.50603711148487,1.4082553753585516
2020,vw_nz,JP3256000005,KYOWA KIRIN,JP,0.001499710337763362,6.108764806689676,1.3199543142958312
2020,vw_nz,SG1S83002349,UOL GROUP,SG,0.0014799805793548422,0.88934861207081,0.3074640842998562
2020,vw_nz,JP3137200006,ISUZU MOTORS,JP,0.0014550570390063587,6.616849402532178,15.125675770973551
2020,vw_nz,JP3352400000,CITIZEN WATCH,JP,0.001434001701473907,7.190001884542315,13.092848388485871
2020,vw_nz,JP3351100007,SYSMEX,JP,0.0014315303438600267,1.4670498033479418,0.2703547109291866
2020,vw_nz,JP3546800008,TERUMO,JP,0.0014274582480670872,10.553809756009464,2.2361738045162802
2020,vw_nz,JP3200450009,ORIX,JP,0.0013995240813348684,53.27976558823628,50.782726756150886
2020,vw_nz,AU000000SGM7,SIMS,AU,0.0013921778097107985,18.8642903940604,55.62296256231087
2020,vw_nz,JP3811000003,FUJIKURA,JP,0.001371198028626203,4.511011502998865,25.30514227935866
2020,vw_nz,JP3452000007,TAIYO YUDEN,JP,0.0013678138798354678,15.092382797005516,10.158604468223103
2020,vw_nz,JP3407400005,SUMITOMO ELECTRIC IND.,JP,0.0013445358746759265,11.484175134291565,31.27294993134977
2020,vw_nz,JP3143000002,ITO EN,JP,0.0013398197725477208,5.278596632299338,5.466410049083807
2020,vw_nz,JP3766550002,HAKUHODO DY HDG.,JP,0.0013319292161218309,0.030042163393586632,0.07225938789305611
2020,vw_nz,HK0000049939,CHINA UNICOM (HONG KONG),HK,0.0013263192915046213,4.70966937037796,7.763453774261278
2020,vw_nz,JP3566800003,CENTRAL JAPAN RAILWAY,JP,0.0013176781577461116,4.136636152080652,1.7830815361662673
2020,vw_nz,JP3112000009,AGC,JP,0.0013077206554891639,463.2591256999105,826.7346218925564
2020,vw_nz,BMG684371393,PACIFIC BASIN SHIP.,HK,0.0012968175234030952,923.4695695831507,1776.542898038225
2020,vw_nz,BMG4600H1198,HOPSON DEVELOPMENT HOLDINGS,HK,0.0012885542675247286,0.6005225966463443,0.7284442800913848
2020,vw_nz,JP3629000005,TOPPAN HOLDINGS,JP,0.0012879576271832296,18.29617161096772,35.081201751844716
2020,vw_nz,JP3368000000,RESONAC HOLDINGS,JP,0.0012757524503673064,408.7178265134342,933.1285269547647
2020,vw_nz,JP3903000002,MITSUBISHI MATERIALS,JP,0.0012739145333794002,675.5618392732547,2833.6072135844606
2020,vw_nz,JP3890310000,MS&AD INSURANCE GP.HDG.,JP,0.001264345141687536,0.47730460689330645,1.2005697210715494
2020,vw_nz,JP3854600008,HONDA MOTOR,JP,0.0012250700697203146,8.684441874907968,26.487508576398948
2020,vw_nz,JP3826800009,FURUKAWA,JP,0.001208678288671464,3.1515636328578194,9.82155545179561
2020,vw_nz,JP3670800006,NISSAN CHEMICAL,JP,0.0011947787993124047,119.63048548791552,36.08161348396692
2020,vw_nz,AU000000MND5,MONADELPHOUS GROUP,AU,0.0011353948027427105,9.277787149279948,8.503527320532523
2020,vw_nz,HK0000055878,CHINA TAIPING INSURANCE HLDGS,HK,0.0011306046982016542,0.15351604437813923,0.6384488638141224
2020,vw_nz,KYG217651051,CK HUTCHISON HOLDINGS,HK,0.0010998472574239118,231.3105233942915,262.03516400471557
2020,vw_nz,JP3122400009,ADVANTEST,JP,0.001071261903983805,1.792977531350092,0.4273895655890344
2020,vw_nz,SG1T58930911,FRASER AND NEAVE,SG,0.0010686021225057936,32.65412472227797,25.739661393283374
2020,vw_nz,HK0003000038,HONG KONG AND CHINA GAS,HK,0.0010331221359357627,321.5855198567587,51.94869371581409
2020,vw_nz,JP3371200001,SHIN-ETSU CHEMICAL,JP,0.0009760717858003083,131.60476623720805,38.69074609474238
2020,vw_nz,JP3721400004,JAPAN STEEL WORKS,JP,0.0009393535773594896,45.13960115117382,65.83113651846806
2020,vw_nz,JP3762600009,NOMURA HDG.,JP,0.0009377011766662158,0.14699549360083797,0.15768769542851377
2020,vw_nz,IE00BKVD2N49,SEAGATE TECHNOLOGY HOLDINGS,SG,0.0009328090259510707,31.130347459329183,20.49912712267894
2020,vw_nz,HK0010000088,HANG LUNG GROUP,HK,0.0008518325177503415,2.5941416049127595,0.945081477971104
2020,vw_nz,HK0014000126,HYSAN DEVELOPMENT,HK,0.0008445981113141829,0.044799114925312085,0.0058817361862311115
2020,vw_nz,BMG2442N1048,COSCO SHIPPING PORTS,HK,0.0008163090878305129,80.62268913400901,36.460346896476494
2020,vw_nz,BMG8403G1033,SINOFERT HOLDINGS,HK,0.0008155164276844245,298.41411120298505,1401.3591825307951
2020,vw_nz,JP3663900003,SOJITZ,JP,0.000809860130093296,60.348893542818494,248.01720055410502
2020,vw_nz,HK0002007356,CLP HOLDINGS,HK,0.0008010099786287933,4088.807021090376,1727.0122248190476
2020,vw_nz,HK0019000162,SWIRE PACIFIC 'A',HK,0.0007791604814345864,20.495943798308303,28.561968096534397
2020,vw_nz,AU000000STO6,SANTOS,AU,0.0007612476304857805,1318.174246747821,461.47709170358047
2020,vw_nz,JP3388200002,AEON,JP,0.0006986915860789121,2.7285847092549584,11.972239994966092
2020,vw_nz,AU000000MTS0,METCASH,AU,0.0006787219651705548,1.6434646190953348,9.01822179329034
2020,vw_nz,AU000000JBH7,JB HI-FI,AU,0.0006751556356145225,0.06182837638065341,0.09806677693730918
2020,vw_nz,JP3148800000,IBIDEN,JP,0.0006707090669811244,52.5908395646071,43.818234557158114
2020,vw_nz,JP3560800009,TOKAI CARBON,JP,0.0006470640040100498,757.1552205541296,877.5937101776826
2020,vw_nz,AU000000BSL0,BLUESCOPE STEEL,AU,0.0006448149263279111,1044.3024865561558,1811.7813124010192
2020,vw_nz,JP3935600001,YAMAZAKI BAKING,JP,0.0006432818989587755,40.05612364905345,92.5021232904259
2020,vw_nz,AU000000BPT9,BEACH ENERGY,AU,0.0006272302025585788,460.78925948037624,157.8390331490995
2020,vw_nz,HK0012000102,HENDERSON LD.DEV.,HK,0.0006195062324130584,0.28650598563037577,0.04089068343368054
2020,vw_nz,AU000000QAN2,QANTAS AIRWAYS,AU,0.0006163946552464935,765.507626784995,1469.0502552553025
2020,vw_nz,JP3877600001,MARUBENI,JP,0.0006053526725028192,12.116760616727786,61.56363436584595
2020,vw_nz,HK0392044647,BEIJING ENTERPRISES HOLDINGS,HK,0.0005962898423614972,81.26206714143744,128.55575195569213
2020,vw_nz,JP3605400005,TOHOKU ELECTRIC PWR.,JP,0.0005863684738692508,1443.48412915145,6385.056463930691
2020,vw_nz,SG1M51904654,CAPITALAND INTEG. COML. TST.,SG,0.0005835095626292852,0.024350494054131148,0.0020941124029790247
2020,vw_nz,JP3778630008,BANDAI NAMCO HDG.,JP,0.0005611226324818105,0.9260498061512389,0.48496800262939116
2020,vw_nz,JP3762800005,NOMURA RESEARCH INST.,JP,0.0005561484237947815,0.20717569597049487,0.06671625908592053
2020,vw_nz,JP3118000003,ASICS,JP,0.0005494528786621027,0.8261447050105547,1.0358528389506627
2020,vw_nz,JP3336000009,SANTEN PHARM.,JP,0.0005382338349478943,6.838921403373855,2.0151717559766125
2020,vw_nz,JP3280200001,KEIKYU,JP,0.0005365273409966693,28.934344058161678,17.640053937621488
2020,vw_nz,JP3143600009,ITOCHU,JP,0.0005214643607971428,11.636304323495507,32.60156302104542
2020,vw_nz,JP3522200009,CHUGOKU ELEC.POWER,JP,0.000499137086802815,1517.2396623926413,3664.529462083463
2020,vw_nz,AU000000BOQ8,BANK OF QLND.,AU,0.0004986356678797494,0.3718819894486816,0.24555535997183595
2020,vw_nz,JP3634600005,TOYOTA INDS.,JP,0.0004973650570642104,11.570087488793124,13.411914059269744
2020,vw_nz,JP3414750004,SEIKO EPSON,JP,0.0004921313174147111,12.579269263835519,19.975035902228306
2020,vw_nz,HK0242001243,SHUN TAK HOLDINGS,HK,0.000489337351056519,16.969176357051577,24.340934329220985
2020,vw_nz,JP3774200004,HANKYU HANSHIN HDG.,JP,0.00046754324142971255,17.64846483837123,12.512521593113364
2020,vw_nz,JP3260800002,KINTETSU GROUP HDG.,JP,0.00046675162766398335,4.700455666768259,5.311476717121626
2020,vw_nz,AU000000TAH8,TABCORP HOLDINGS,AU,0.00045448642372343545,1.20317384651726,0.7235237188767226
2020,vw_nz,AU000000COH5,COCHLEAR,AU,0.0004423420279193429,0.5522433031855251,0.06021623985668751
2020,vw_nz,JP3893600001,MITSUI,JP,0.00044190162229060416,50.22393815432174,106.21160778867947
2020,vw_nz,JP3164630000,SQUARE ENIX HOLDINGS,JP,0.0004392249838807625,0.0,0.0
2020,vw_nz,JP3258000003,KIRIN HOLDINGS,JP,0.0004106323185204602,19.991445677194264,17.596834344288716
2020,vw_nz,BMG2178K1009,CKI HOLDINGS,HK,0.00039860066288960886,9655.811994900696,454.6207253931041
2020,vw_nz,JP3526600006,CHUBU ELEC.POWER,JP,0.00039732304729516425,2.092807793951074,5.661199834692965
2020,vw_nz,JP3164800009,NOK,JP,0.00039601874640253466,7.428595219819907,17.999162829635832
2020,vw_nz,JP3638600001,DOWA HDG.,JP,0.0003943614605465026,275.48598618794387,537.5440118962066
2020,vw_nz,SG1F60858221,SINGAPORE TECHS.ENGR.,SG,0.00038022015298013964,5.9130064576987,3.6790126395725418
2020,vw_nz,JP3270000007,KURITA WATER IND.,JP,0.0003758143103708894,10.757475204019654,7.518992686333653
2020,vw_nz,JP3734800000,NIDEC,JP,0.0003717688217828579,4.455828367240749,1.6322554743084305
2020,vw_nz,JP3397200001,SUZUKI MOTOR,JP,0.0003638839079593332,15.747623475630046,23.349005068055742
2020,vw_nz,NZAIRE0001S2,AIR NEW ZEALAND,NZ,0.00034510529199921974,836.5090721790109,1596.8842841846506
2020,vw_nz,JP3359600008,SHARP,JP,0.0003409301353533145,11.490639118923326,34.27979111092369
2020,vw_nz,AU000000IRE2,IRESS,AU,0.00033724019726688684,0.46659584582968955,0.09923730823482418
2020,vw_nz,JP3613400005,TOYO SEIKAN GROUP HDG.,JP,0.00033307452660562563,60.233914816258235,125.75061000582606
2020,vw_nz,HK0308001558,CTII.INTL.INV.HK.,HK,0.0003281544338337129,15.702023926226024,10.407254076680697
2020,vw_nz,AU000000MQG1,MACQUARIE GROUP,AU,0.0003273677393304285,0.04237772626707403,0.01417199874502049
2020,vw_nz,BMG8063F1068,SHANGRI-LA ASIA,HK,0.00032481540932228304,61.91604365074348,45.934619876670965
2020,vw_nz,AU000000BLD2,BORAL DEAD - DELIST.08/07/24,AU,0.00029900699353542357,343.8663414455224,350.27996450496363
2020,vw_nz,BMG5320C1082,KUNLUN ENERGY,HK,0.00029533812215882784,28.41600372096438,69.1053699532805
2020,vw_nz,AU000000LLC3,LENDLEASE GROUP STAPLED UNITS,AU,0.0002921887442551289,10.944685611299693,15.90273166145604
2020,vw_nz,AU000000GPT8,GPT GROUP STAPLED UNITS,AU,0.00029180481017834976,12.923055037165014,0.8822450734714375
2020,vw_nz,JP3116000005,ASAHI GROUP HOLDINGS,JP,0.00028188058400547536,24.093634420155727,20.729415757310925
2020,vw_nz,AU0000224040,WOODSIDE ENERGY GROUP,AU,0.0002802419828737437,1955.4665419034943,431.28971616245275
2020,vw_nz,JP3347200002,SHIONOGI,JP,0.0002776568416296262,13.42101963429451,2.2893146701366027
2020,vw_nz,JP3672400003,NISSAN MOTOR,JP,0.0002720306657160292,7.917226849520452,33.39282027014461
2020,vw_nz,SG1J26887955,SINGAPORE EXCHANGE,SG,0.000266976978189062,0.06445929395586687,0.00668926150552979
2020,vw_nz,JP3870400003,MARUI GROUP,JP,0.00026047529130970143,6.036924905689269,2.735204885582358
2020,vw_nz,AU000000AMP6,AMP,AU,0.0002560923330033462,0.02242057589933351,0.08816064608094887
2020,vw_nz,JP3039710003,JAPAN METROPOLITAN FUND INVESTMENT REIT,JP,0.00025524690267514767,10.25720289793113,1.1222956865920029
2020,vw_nz,SG2B80958517,OUE,SG,0.0002519234499378349,2.378705288102504,1.577403002534607
2020,vw_nz,JP3401400001,SUMITOMO CHEMICAL,JP,0.0002514270878148776,297.37407938282706,904.2564107074278
2020,vw_nz,JP3659000008,WEST JAPAN RAILWAY,JP,0.0002474485622965963,11.373483861798062,10.357020063520983
2020,vw_nz,JP3122800000,AMADA,JP,0.0002379555163050736,3.2349920719033185,2.536721125599134
2020,vw_nz,JP3992400006,WACOAL HDG.,JP,0.00022801082188851052,1.0154659332240077,0.9643764527812314
2020,vw_nz,JP3888300005,MITSUI CHEMICALS,JP,0.0002277837110365393,299.7707270783931,825.7656402640698
2020,vw_nz,JP3574200006,TOKYU,JP,0.00022106464500699116,13.743666297553926,13.432196156626025
2020,vw_nz,NZFBUE0001S0,FLETCHER BUILDING,NZ,0.0002161006919226425,165.4590624645004,273.38569825563604
2020,vw_nz,HK0270001396,GUANGDONG INVESTMENT,HK,0.00020613223899411216,1455.209579974441,236.93787394295757
2020,vw_nz,JP3126340003,ALFRESA HOLDINGS,JP,0.00019842219883777244,1.3248057150199284,6.82988781485924
2020,vw_nz,JP3108600002,ACOM,JP,0.0001864589535485357,0.0,0.0
2020,vw_nz,JP3598600009,TOHO,JP,0.0001786023183597996,2.872148160276069,0.9826042495497385
2020,vw_nz,JP3635000007,TOYOTA TSUSHO,JP,0.00017712681761383384,6.8192892949485975,35.88608193290731
2020,vw_nz,JP3156400008,USHIO,JP,0.00017677168683469203,2.6749001419580054,2.1412383477294106
2020,vw_nz,JP3197800000,OMRON,JP,0.0001582243891226812,5.405336595121996,2.801982585573138
2020,vw_nz,AU000000CQR9,CHARTER HALL RETAIL REIT,AU,0.00015167044533691032,1.911420556128901,0.18884995404411764
2020,vw_nz,JP3830800003,BRIDGESTONE,JP,0.0001478775674127329,46.375066987920896,58.77075342230225
2020,vw_nz,JP3283650004,KOSE HOLDINGS,JP,0.00014388299374573424,2.3671518959338083,0.924503536772395
2020,vw_nz,JP3505000004,DAIWA HOUSE INDUSTRY,JP,0.00013938050990539816,6.8466822420575495,12.984492454509306
2020,vw_nz,JP3421100003,JAPAN PETROLEUM EXP.,JP,0.00013305739738633395,272.10897303699943,542.7532767058558
2020,vw_nz,AU000000CGF5,CHALLENGER,AU,0.00013253470886666232,0.0011057830796390503,0.0005591199452062454
2020,vw_nz,AU000000SIG5,SIGMA HEALTHCARE,AU,0.0001307949354394382,2.0458566712125186,10.9441085808502
2020,vw_nz,JP3595200001,TOSOH,JP,0.00013054489892898812,1040.2703221930035,1584.2911798837872
2020,vw_nz,JP3914400001,MURATA MANUFACTURING,JP,0.00012848566655014701,20.81591125629992,7.542227464313423
2020,vw_nz,HK0008011667,PCCW,HK,0.00012416552332516735,1.5234961867049854,1.613267420065548
2020,vw_nz,JP3485800001,DAICEL,JP,0.00012152716383950554,435.65261071157624,529.3945873642367
2020,vw_nz,JP3738600000,NITERRA,JP,0.00011641363244387307,16.30584215390346,17.58094844733324
2020,vw_nz,JP3404600003,SUMITOMO,JP,0.00011625516980647916,15.824043983489688,42.0045727705357
2020,vw_nz,JP3326410002,SANKYO,JP,0.00011598719807868154,1.261634629695353,0.4633386450498026
2020,vw_nz,JP3165600002,NTN,JP,0.00011543652677730397,14.946984012030876,66.15779701649677
2020,vw_nz,JP3796150005,HIROGIN HOLDINGS,JP,0.0001099920841637665,1.859855469008979,1.449478762996013
2020,vw_nz,JP3420600003,SEKISUI HOUSE,JP,0.00010686040856598769,3.195784804853452,4.750285518921859
2020,vw_nz,JP3160400002,EISAI,JP,0.00010414062080572606,8.12590694959989,2.088599843746701
2020,vw_nz,JP3783600004,EAST JAPAN RAILWAY,JP,8.788362561410026e-05,50.47033121407211,42.2429561379317
2020,vw_nz,JP3799000009,HIROSE ELECTRIC,JP,8.556092292743488e-05,1.805349808017563,0.4157835174660339
2020,vw_nz,JP3126400005,ALPS ALPINE,JP,8.554927628458916e-05,5.718816114182649,11.40601156248467
2020,vw_nz,JP3635400009,TOYOTA BOSHOKU,JP,8.249696297969156e-05,4.108199059308499,19.025941895808298
2020,vw_nz,JP3906000009,MINEBEA MITSUMI,JP,8.035687616217832e-05,7.782128243906513,7.885406592011884
2020,vw_nz,JP3753000003,NIPPON YUSEN KK,JP,7.959598430708243e-05,855.4142629653892,4894.562772465839
2020,vw_nz,AU000000ABC7,ADBRI DEAD - DELIST.02/07/24,AU,7.47852229808752e-05,2090.0335173113767,1391.441647896915
2020,vw_nz,JP3351500008,SHIZUOKA FINANCIAL GROUP,JP,7.466508643308728e-05,0.6323190347092006,0.31525266573945293
2020,vw_nz,JP3102000001,AISIN,JP,7.433889179667109e-05,17.579163131259037,62.39963602915722
2020,vw_nz,JP3544000007,TEIJIN,JP,7.205286335521376e-05,88.31772350648156,198.68344313942163
2020,vw_nz,JP3300600008,KONICA MINOLTA,JP,7.129243844719983e-05,17.633792283660917,53.06352866343325
2020,vw_nz,JP3571400005,TOKYO ELECTRON,JP,6.746344099884604e-05,2.710655441326169,0.7654432969173685
2020,vw_nz,JP3511800009,CHIBA BANK,JP,6.705670030317048e-05,1.1270374151105291,0.5356083978584257
2020,vw_nz,JP3678000005,NISSHINBO HOLDINGS,JP,6.639712579608375e-05,52.6209139870954,158.4711739200257
2020,vw_nz,JP3277800003,KEIO,JP,6.509312044978304e-05,24.677844413319953,13.738750086812766
2020,vw_nz,JP3292200007,JTEKT,JP,6.472275004159432e-05,7.859171942815479,28.69021068358487
2020,vw_nz,JP3718800000,NISSUI,JP,6.149889782519086e-05,33.702905074218805,125.91468220376089
2020,vw_nz,JP3040890000,JAPAN PRIME REALTY INV.,JP,6.106472402072458e-05,4.377841957535272,0.3067237256613656
2020,vw_nz,JP3845400005,HOKURIKU ELEC.POWER,JP,6.0235183949269196e-05,2465.2140990870753,8256.800996610365
2020,vw_nz,JP3549600009,DENKA,JP,5.581525428563688e-05,515.367589543036,771.8186392537978
2020,vw_nz,JP3172100004,OKUMA,JP,5.4448210350743034e-05,3.7088390192688454,4.112674630492003
2020,vw_nz,JP3351600006,SHISEIDO,JP,5.327778349332756e-05,2.4947996186322947,1.0348183210024922
2020,vw_nz,HK0083000502,SINO LAND,HK,5.273172352074511e-05,4.666387497851438,0.428393358107872
2020,vw_nz,JP3491000000,DAIDO STEEL,JP,4.7001416294582607e-05,87.30309470920514,242.363731906559
2020,vw_nz,JP3402600005,SUMITOMO METAL MINING,JP,4.6136693229529336e-05,247.48228489197712,235.28329052703216
2020,vw_nz,NZTELE0001S4,SPARK NEW ZEALAND,NZ,4.4670853976266733e-05,1.0711183812103853,0.452822624731222
2020,vw_nz,JP3358200008,SHIMAMURA,JP,4.206077120809736e-05,0.11478723541388779,0.20099170237463995
2020,vw_nz,SG1V61937297,SINGAPORE AIRLINES,SG,4.0363227075854085e-05,1320.7818744283077,2187.3419098830923
2020,vw_nz,JP3582600007,TOKYO TATEMONO,JP,3.845929411073543e-05,5.031066414451511,4.397239886348261
2020,vw_nz,AU000000RHC8,RAMSAY HEALTH CARE,AU,3.682301381345711e-05,6.519364369016399,5.227429511486059
2020,vw_nz,SG1U68934629,KEPPEL,SG,2.920371079338243e-05,7.590695323289675,4.750853088065806
2020,vw_nz,JP3304200003,KOMATSU,JP,2.8465637216999225e-05,5.491109379123695,5.918172024615897
2020,vw_nz,JP3415400005,SEINO HDG.,JP,2.7870226368432997e-05,70.01591353524466,150.53575423160095
2020,vw_nz,JP3429800000,ANA HOLDINGS,JP,2.4781065763399946e-05,649.1721932046732,1143.629562740366
2020,vw_nz,JP3535800001,TSUMURA,JP,2.441381460256434e-05,31.92674922068979,17.41230773641433
2020,vw_nz,JP3585800000,TOKYO ELECTRIC POWER CO. HDG.,JP,2.2225896700743062e-05,3.2325625674332015,28.776371435157493
2020,vw_nz,AU000000IAG3,INSURANCE AUS.GROUP,AU,2.0168497958535402e-05,1.1453816991723087,0.6223777577622057
2020,vw_nz,SG1N31909426,COMFORTDELGRO CORPORATION,SG,1.9831830098965785e-05,264.9034627830355,224.24201981736704
2020,vw_nz,JP3792600003,HINO MOTORS,JP,1.2516842286454203e-05,8.486030274027678,27.291871816716643
2020,vw_nz,SGXE21576413,GENTING SINGAPORE,SG,1.1494777339422417e-05,2.490895679744191,0.6045601105481345
2020,vw_nz,JP3246400000,KYUSHU ELEC.POWER,JP,1.0340817295196495e-05,1024.3358857624469,4823.269234179347
2020,vw_nz,JP3425000001,CENTRAL GLASS,JP,9.800694372380542e-06,190.17490782067762,417.00623392567974
2020,vw_nz,JP3551520004,DENTSU GROUP,JP,9.441604207095146e-06,0.3672493655352239,0.367583687591247
2020,vw_nz,JP3675600005,NISSIN FOODS HOLDINGS,JP,8.738459113239918e-06,59.73222560626446,31.025325949142896
2020,vw_nz,JP3409000001,SUMITOMO REAL.&DEV.,JP,8.127011820865283e-06,4.534856911348435,2.3924833915601056
2020,vw_nz,JP3686800008,NIPPON SHEET GLASS,JP,7.612512178305585e-06,557.4894579118923,6240.151276394579
2020,vw_nz,JP3188220002,OTSUKA HOLDINGS,JP,7.589801842537082e-06,28.69538034391167,14.808952835802664
2020,vw_nz,JP3386030005,JFE HOLDINGS,JP,6.605098040365304e-06,1523.5373415114361,7238.503914812797
2020,vw_nz,JP3893200000,MITSUI FUDOSAN,JP,5.936444503211589e-06,5.9110993394346485,3.931691398517752
2020,vw_nz,JP3977400005,RINNAI,JP,5.6486360622497995e-06,11.639866837108743,9.966861265134305
2020,vw_nz,JP3266400005,KUBOTA,JP,3.2671277897167092e-06,16.476008299152223,14.91241645715832
2020,vw_nz,JP3166000004,EBARA,JP,3.1987514757875298e-06,37.247714363717485,67.49673828611076
2020,vw_nz,JP3621000003,TORAY INDS.,JP,2.8012057191743216e-06,157.63858173529223,304.0984685675293
2020,vw_nz,AU000000SGP0,STOCKLAND STAPLED UNITS,AU,2.5400315426857508e-06,10.904817763838198,2.6880950676497957
2020,vw_nz,AU000000CIM7,CIMIC GROUP DEAD - DELIST.11/05/22,AU,1.6212126855900681e-06,242.0227147073489,386.9163687793606
2021,vw_nz,AU000000BWP3,BWP GROUP STAPLED UNITS,AU,0.07162555585632907,0.0,0.0
2021,vw_nz,JP3436100006,SOFTBANK GROUP,JP,0.02758060768442517,0.25229903733580594,0.09057185527773763
2021,vw_nz,JP3769000005,HACHIJUNI NAGANO BANK,JP,0.02534675046834387,1.8518212445010067,1.598121954118626
2021,vw_nz,JP3951600000,UNI CHARM,JP,0.022485501662177665,5.128768199903493,1.2882613624652168
2021,vw_nz,JP3910660004,TOKIO MARINE HOLDINGS,JP,0.020816802776611618,0.2591522043244732,0.38422704627975807
2021,vw_nz,JP3711200000,AOZORA BANK,JP,0.020570620893156134,0.08496727641867402,0.05170443206763302
2021,vw_nz,AU000000BEN6,BENDIGO & ADELAIDE BANK,AU,0.020268121976654074,0.8579732401306741,0.38689415832046764
2021,vw_nz,JP3899600005,MITSUBISHI ESTATE,JP,0.018226103225936343,9.807783746564331,5.2600369643188145
2021,vw_nz,JP3519400000,CHUGAI PHARM.,JP,0.017132462942469406,6.530537454498055,0.5646100203787522
2021,vw_nz,JP3162600005,SMC,JP,0.015825926378490746,10.657878866652476,1.2627883263295063
2021,vw_nz,JP3198900007,ORIENTAL LAND,JP,0.015429398106668882,22.87398720449046,0.8041856815788333
2021,vw_nz,JP3435000009,SONY GROUP,JP,0.013909097764873458,2.5018879394285785,1.6166808331974816
2021,vw_nz,JP3756600007,NINTENDO,JP,0.013780183500307042,0.036765734559230885,0.007563840773284713
2021,vw_nz,JP3475350009,DAIICHI SANKYO,JP,0.013297695333823174,9.517064496294866,1.2838755112208884
2021,vw_nz,JP3352400000,CITIZEN WATCH,JP,0.013190070723890075,8.60958091825262,17.198941603593624
2021,vw_nz,HK0014000126,HYSAN DEVELOPMENT,HK,0.013076838971622883,1.144939284789022,0.14161267898628063
2021,vw_nz,JP3837800006,HOYA,JP,0.012782315300135157,3.163024871853013,0.3440027950227096
2021,vw_nz,JP3862400003,MAKITA,JP,0.011530711658005155,0.9142392576887222,0.3765695869859528
2021,vw_nz,JP3756100008,NITORI HOLDINGS,JP,0.0105604656376159,6.301763090174576,1.8731289101515858
2021,vw_nz,JP3496400007,KDDI,JP,0.010229740087787298,0.5080693992419133,0.36867305835331643
2021,vw_nz,JP3371200001,SHIN-ETSU CHEMICAL,JP,0.009955817621644339,151.97131852720426,28.93933829401024
2021,vw_nz,JP3242800005,CANON,JP,0.009662608332724296,4.744268765028811,4.820396268978484
2021,vw_nz,BMG8063F1068,SHANGRI-LA ASIA,HK,0.009588565683054572,146.81057641909572,48.838653223782835
2021,vw_nz,JP3633400001,TOYOTA MOTOR,JP,0.009476668443139017,9.744521593169779,10.585344491179342
2021,vw_nz,JP3116000005,ASAHI GROUP HOLDINGS,JP,0.009098045133587756,25.604289744777063,23.85382146428663
2021,vw_nz,JP3734800000,NIDEC,JP,0.009007586010766377,4.041834060347008,0.730351624137683
2021,vw_nz,HK0388045442,HONG KONG EXCHANGES AND CLEARING,HK,0.008796739213396807,0.046612163946862135,0.0011969480640714565
2021,vw_nz,KYG2108Y1052,CHINA RESOURCES LAND,HK,0.00813686284385129,20.099849038675217,18.30605945873325
2021,vw_nz,JP3955000009,YOKOGAWA ELECTRIC,JP,0.008100796552787694,3.2712994314349366,1.9717329459475816
2021,vw_nz,JP3539220008,T & D HOLDINGS,JP,0.007918085416873779,0.0967828546036112,0.25179514418014726
2021,vw_nz,AU000000WES1,WESFARMERS,AU,0.007760932349132873,99.19920998819616,52.93951946171813
2021,vw_nz,JP3596200000,TOTO,JP,0.007716292417364119,30.94692398694225,15.140882740662972
2021,vw_nz,HK0066009694,MTR,HK,0.007688421120382424,8.745824465095144,1.3480941483630986
2021,vw_nz,AU000000BHP4,BHP GROUP,AU,0.007644957100743855,200.0919590946263,100.30537524588473
2021,vw_nz,AU000000WOW2,WOOLWORTHS GROUP,AU,0.0075181002956531936,9.941881331941651,10.830128610256928
2021,vw_nz,JP3814000000,FUJIFILM HOLDINGS,JP,0.007299099783424503,31.235484561375223,21.65013848332349
2021,vw_nz,JP3385980002,J S R DEAD - DELIST.25/06/24,JP,0.007203064767652335,97.59407371605701,57.77241721820744
2021,vw_nz,JP3385820000,GS YUASA,JP,0.007113573236682737,17.6414287825406,24.480057034657754
2021,vw_nz,JP3592200004,TOSHIBA DEAD - DELIST.20/12/23,JP,0.0070922246569047834,9.709546207366293,18.817204301075268
2021,vw_nz,JP3885400006,MISUMI GROUP,JP,0.006693674243226634,3.044968179592978,0.8948187241948379
2021,vw_nz,JP3351100007,SYSMEX,JP,0.0066930625834926965,1.433960842276038,0.16373274951284028
2021,vw_nz,BMG5320C1082,KUNLUN ENERGY,HK,0.006683365250224516,30.23863360314388,60.279758384778894
2021,vw_nz,HK2388011192,BOC HONG KONG HOLDINGS,HK,0.006659072613882713,0.03838247087854749,0.01823371258612822
2021,vw_nz,JP3802300008,FAST RETAILING,JP,0.006494635545090294,0.5256680528634731,0.10858860154252334
2021,vw_nz,JP3201200007,OLYMPUS,JP,0.006480938756008364,4.222985896293734,1.1253974739029087
2021,vw_nz,JP3538800008,TDK,JP,0.006340198282493424,10.305729077997096,6.718340509981616
2021,vw_nz,HK0003000038,HONG KONG AND CHINA GAS,HK,0.006235320195938168,342.4244369835816,71.3018101510431
2021,vw_nz,JP3165600002,NTN,JP,0.006154767025363229,16.24700894454518,56.02313885921255
2021,vw_nz,AU000000NCM7,NEWCREST MINING DEAD - DELIST.08/11/23,AU,0.0059812200939528045,290.6606285439366,86.60905350315166
2021,vw_nz,JP3792600003,HINO MOTORS,JP,0.005974779263127963,9.430026980971315,26.26882277043367
2021,vw_nz,SG9999000020,FLEX,SG,0.005970590578626377,3.17205059310087,8.262682087774037
2021,vw_nz,HK0006000050,POWER ASSETS HOLDINGS,HK,0.005858780551967751,42609.82159750493,606.5829601555616
2021,vw_nz,JP3914400001,MURATA MANUFACTURING,JP,0.005832497205875725,18.45096453744527,4.342019976415647
2021,vw_nz,JP3174410005,OJI HOLDINGS,JP,0.005737266333533261,478.35911602716,998.9591187098811
2021,vw_nz,JP3820000002,FUJI ELECTRIC,JP,0.005705874207399896,24.99608431765202,32.240525160206076
2021,vw_nz,AU000000ALL7,ARISTOCRAT LEISURE,AU,0.005599248012467458,6.024843393918606,1.1972285110151357
2021,vw_nz,JP3481800005,DAIKIN INDUSTRIES,JP,0.005430436949273339,23.684150579350927,8.643877737850048
2021,vw_nz,JP3814800003,SUBARU,JP,0.0054224618506137886,5.940259083276522,11.17999652165003
2021,vw_nz,AU0000088338,AMPOL,AU,0.005416980706575847,47.258119700575136,111.0747887420338
2021,vw_nz,JP3522200009,CHUGOKU ELEC.POWER,JP,0.005154435667265778,1420.766108939054,3711.7834490058985
2021,vw_nz,AU000000TLS2,TELSTRA GROUP,AU,0.005100250806671869,1.9375810192607323,1.1578695759751074
2021,vw_nz,HK0823032773,LINK REAL ESTATE INVESTMENT TRUST,HK,0.0050022915649931025,2.2343750684327546,0.16947097484288917
2021,vw_nz,JP3973400009,RICOH,JP,0.00496578734125878,7.2206334055224355,20.311507280448303
2021,vw_nz,JP3894900004,ISETAN MITSUKOSHI HDG.,JP,0.004854234031306724,2.114750877876179,6.729230465277092
2021,vw_nz,JP3733000008,NEC,JP,0.004833549759904035,0.7928699146376407,1.3291986423106872
2021,vw_nz,JP3600200004,TOHO GAS,JP,0.004662970992313499,16.47557046331548,10.961154189928449
2021,vw_nz,JP3791200003,HITACHI TRANSPORT SYSTEM DEAD - DELIST.24/02/23,JP,0.004541780873637141,6.717543079554712,11.729976060684722
2021,vw_nz,AU000000STO6,SANTOS,AU,0.0044951795684575755,1666.3763526614764,603.2500094257814
2021,vw_nz,JP3870000001,MABUCHI MOTOR,JP,0.004410957859836663,3.693737526188798,1.4017106899280305
2021,vw_nz,JP3389900006,JAFCO GROUP,JP,0.004309348405459008,0.021655177391994802,0.0016307449786644198
2021,vw_nz,JP3511800009,CHIBA BANK,JP,0.0042519945888709245,1.1042930816607657,0.5388290189978892
2021,vw_nz,JP3215800008,KANEKA,JP,0.004232628718321058,171.87201227309856,373.10000919753503
2021,vw_nz,AU000000MTS0,METCASH,AU,0.004197635596485852,1.439809139933286,5.731460789651011
2021,vw_nz,JP3528600004,CHIYODA CORPORATION,JP,0.004188030060172825,15.619523489766559,61.24356527271675
2021,vw_nz,JP3249600002,KYOCERA,JP,0.004108089698855262,8.958562869929414,5.328033363851419
2021,vw_nz,JP3900000005,MITSUBISHI HEAVY INDS.,JP,0.004091530892447648,4.189305098045831,15.337906264061864
2021,vw_nz,JP3271400008,CREDIT SAISON,JP,0.0040015567772117315,0.317797696137562,0.4775798884246399
2021,vw_nz,KYG210961051,CHINA MENGNIU DAIRY,HK,0.003978210858423194,23.529122175509876,10.895377971138142
2021,vw_nz,JP3143600009,ITOCHU,JP,0.003910477646190128,15.513353977532555,33.95058947578761
2021,vw_nz,JP3780100008,PARK24,JP,0.003908043565396049,58.40012901372535,44.90786490728362
2021,vw_nz,AU000000CSL8,CSL,AU,0.0038504493029362426,5.095693185592611,0.5854720104461661
2021,vw_nz,JP3551500006,DENSO,JP,0.003833899845544262,12.69923719694764,12.097269608445405
2021,vw_nz,JP3967200001,RAKUTEN GROUP,JP,0.003802070691285366,0.11892490156021962,0.11557732523052308
2021,vw_nz,JP3375800004,SHINKO ELEC.INDS. DEAD - DELIST.06/06/25,JP,0.003800160422100014,26.90087132334095,12.290945534860795
2021,vw_nz,US89677Q1076,TRIP COM GROUP ADR 1:1,SG,0.003676019800051156,0.010149578472969606,0.0014222383292176214
2021,vw_nz,AU000000CBA7,COMMONWEALTH BK.OF AUS.,AU,0.003603555249738028,0.3601761363181233,0.0753087655091351
2021,vw_nz,HK0291001490,CHINA RESOURCES BEER HOLDINGS,HK,0.0035365194463169115,49.88693388996649,7.519146616433491
2021,vw_nz,JP3762800005,NOMURA RESEARCH INST.,JP,0.0034817930828576864,0.19362778698155192,0.046463737840439806
2021,vw_nz,JP3452000007,TAIYO YUDEN,JP,0.003320528921651142,15.238039952689514,5.511933993278065
2021,vw_nz,AU000000NAB4,NATIONAL AUS.BANK,AU,0.0033057704509990068,0.5416620510345664,0.1786440682443123
2021,vw_nz,AU000000APA1,APA GROUP,AU,0.0032513876243780407,742.4466624715218,163.34048767560787
2021,vw_nz,JP3735400008,NTT,JP,0.0031841163177919424,2.124363165238635,2.4285179020544034
2021,vw_nz,JP3351600006,SHISEIDO,JP,0.0031364541546519704,3.280523569005124,1.0255960135057265
2021,vw_nz,JP3788600009,HITACHI,JP,0.003121447774021898,15.260742990787652,29.65006603215525
2021,vw_nz,HK0000139300,TELEVISION BROADCASTS,HK,0.0030454759562581215,1.6353439617127947,1.319239774135794
2021,vw_nz,JP3200450009,ORIX,JP,0.003026718596556651,45.90233640364757,45.670175639761865
2021,vw_nz,JP3359600008,SHARP,JP,0.0030206424799109114,12.165740095364082,24.051695110023143
2021,vw_nz,AU000000QBE9,QBE INSURANCE GROUP,AU,0.0030046930019002145,0.3781466249341749,0.7087353862694736
2021,vw_nz,AU000000WBC1,WESTPAC BANKING,AU,0.0029622709504499734,0.33992682848788586,0.13182455697898615
2021,vw_nz,HK0363006039,SHANGHAI INDUSTRIAL HOLDINGS,HK,0.0028842933757560465,30.45165344434844,71.03725371304446
2021,vw_nz,SG1F60858221,SINGAPORE TECHS.ENGR.,SG,0.002823851262868661,6.706131005759449,4.088762490601525
2021,vw_nz,JP3456000003,TAKASHIMAYA,JP,0.002780708294442845,3.0635101817517807,12.19272085010279
2021,vw_nz,SG1V61937297,SINGAPORE AIRLINES,SG,0.0027426369788108276,567.7441237868717,423.58218677614764
2021,vw_nz,AU000000IVC8,INVOCARE DEAD - DELIST.27/11/23,AU,0.0026836824433658863,15.159718462371412,4.329656561491432
2021,vw_nz,JP3626800001,LIXIL,JP,0.002674883660526774,34.96388328395498,62.202751604123534
2021,vw_nz,JP3293200006,COCA-COLA BOTTLERS JAPAN HOLDINGS,JP,0.002616435852758931,24.998603233517724,59.247342265836316
2021,vw_nz,JP3362700001,MITSUI OSK LINES,JP,0.0026108749707068266,1013.1606501692205,2899.6130318599835
2021,vw_nz,SG1M77906915,CAPITALAND ASCENDAS REIT,SG,0.0025812254838462143,0.7366909439818661,0.061192177671273905
2021,vw_nz,HK0011000095,HANG SENG BANK DEAD - DELIST.28/01/26,HK,0.002531256554292861,0.011546599151318379,0.0020245911644602294
2021,vw_nz,JP3322930003,SUMCO,JP,0.0025172439938501634,9.740400294376542,4.064000481659316
2021,vw_nz,HK0308001558,CTII.INTL.INV.HK.,HK,0.0024866056685066864,59.21182382500739,19.475149723885824
2021,vw_nz,SG1L01001701,DBS GROUP HOLDINGS,SG,0.0024168650970855772,0.05549040137006314,0.015507652319664134
2021,vw_nz,JP3866800000,PANASONIC HOLDINGS,JP,0.0023935280493240984,5.248435238674898,10.232193270627558
2021,vw_nz,BMG507361001,JARDINE MATHESON HDG.,HK,0.0023249964330443666,134.52902031912583,103.74854075211613
2021,vw_nz,SG1M51904654,CAPITALAND INTEG. COML. TST.,SG,0.002282235758597102,0.07515366239901226,0.004007029474563949
2021,vw_nz,JP3494600004,SCREEN HOLDINGS,JP,0.0022455762233360406,3.556442525456174,2.5272150632875223
2021,vw_nz,JP3890310000,MS&AD INSURANCE GP.HDG.,JP,0.0021762002829033445,0.46314343111644884,1.1521005673887534
2021,vw_nz,JP3802400006,FANUC,JP,0.0021414378808353855,9.951441189873766,0.8726159684014928
2021,vw_nz,JP3726800000,JAPAN TOBACCO,JP,0.002126825697044044,17.68967023314898,8.86203067651223
2021,vw_nz,AU000000ANZ3,ANZ GROUP HOLDINGS,AU,0.0021186335718359987,0.28236684956923674,0.1223296097449321
2021,vw_nz,MU0117U00026,GOLDEN AGRI-RESOURCES,SG,0.002098030769867924,1139.2550403638295,4648.941457666683
2021,vw_nz,JP3300600008,KONICA MINOLTA,JP,0.002073750801400688,17.928614240583975,64.87351383710643
2021,vw_nz,JP3499800005,MITSUBISHI HC CAPITAL,JP,0.0020595084910817966,0.389440466506719,0.7440731761173922
2021,vw_nz,SG1S83002349,UOL GROUP,SG,0.0020544464627891054,1.1330489470400784,0.3587352021729104
2021,vw_nz,JP3890350006,SUMITOMO MITSUI FINL.GP.,JP,0.0020213767950142186,0.2911168172786726,0.26467415721993043
2021,vw_nz,AU000000IRE2,IRESS,AU,0.0020127378797701627,0.19452509130521475,0.05352889221957552
2021,vw_nz,JP3634600005,TOYOTA INDS.,JP,0.001969471060900049,11.333295465326483,8.010516794688215
2021,vw_nz,AU000000GMG2,GOODMAN GROUP,AU,0.0019474202300946222,2.1047268365695175,0.13116174147003293
2021,vw_nz,SG1T75931496,SINGAPORE TELECOM,SG,0.0019360522586260914,0.6490597635173723,0.26149394711479085
2021,vw_nz,JP3407400005,SUMITOMO ELECTRIC IND.,JP,0.0019357470918408214,12.060023956297128,29.578091588967645
2021,vw_nz,JP3148800000,IBIDEN,JP,0.0019346784858005348,52.74209557616316,22.946407554845617
2021,vw_nz,JP3672400003,NISSAN MOTOR,JP,0.0019255782220689206,7.517857029112943,24.72122326006412
2021,vw_nz,HK0016000132,SUN HUNG KAI PROPERTIES,HK,0.001837153349170579,3.262444241999046,0.9542316401399422
2021,vw_nz,JP3134800006,IHI,JP,0.0018050186524129956,4.9948162893987185,20.484483573416412
2021,vw_nz,JP3164630000,SQUARE ENIX HOLDINGS,JP,0.0017763666595381096,0.0,0.0
2021,vw_nz,BMG4600H1198,HOPSON DEVELOPMENT HOLDINGS,HK,0.0017645255514854234,0.29294747557756207,0.2297419426723993
2021,vw_nz,JP3571400005,TOKYO ELECTRON,JP,0.0017563017434168383,2.37509517784426,0.4711380811488231
2021,vw_nz,JP3830000000,BROTHER INDUSTRIES,JP,0.0017493717683692155,3.1122531507351012,3.109485217886256
2021,vw_nz,JP3711600001,NIPPON SANSO HOLDINGS,JP,0.0017207555879807906,128.21510415496178,116.32758413419042
2021,vw_nz,JP3742600004,NHK SPRING,JP,0.0017095935195488013,14.724350044182254,45.091253424117056
2021,vw_nz,JP3625000009,TOKUYAMA,JP,0.0017076357908066457,2364.5019697770476,3678.851501744189
2021,vw_nz,JP3771800004,HAMAMATSU PHOTONICS,JP,0.0016990712982051862,9.312642842148524,1.3088333525518563
2021,vw_nz,AU000000ANN9,ANSELL,AU,0.0016331004599254447,66.86914926762118,35.65359956135351
2021,vw_nz,JP3243600008,CANON MARKETING JAPAN,JP,0.0015997683693845769,1.1183723902394627,1.891191287477379
2021,vw_nz,JP3560800009,TOKAI CARBON,JP,0.0015963114391033427,1079.462521530584,611.3552594272753
2021,vw_nz,BMG684371393,PACIFIC BASIN SHIP.,HK,0.0015669598798240861,2314.099223628543,3937.8453996809026
2021,vw_nz,AU000000JBH7,JB HI-FI,AU,0.0015489728453209725,0.06363750969498617,0.09494476211624937
2021,vw_nz,JP3419050004,SEGA SAMMY HDG.,JP,0.0014976973508679333,2.163697397703775,1.436885968842709
2021,vw_nz,JP3160400002,EISAI,JP,0.0014268315546118483,6.68247870385836,2.0704435659341214
2021,vw_nz,JP3902400005,MITSUBISHI ELECTRIC,JP,0.0014255638222378042,6.124309616952777,7.249248639342991
2021,vw_nz,JP3667600005,JGC HOLDINGS,JP,0.0014174941276539129,19.98308458253778,27.93300715840243
2021,vw_nz,JP3629000005,TOPPAN HOLDINGS,JP,0.0013978366264806971,17.327866476333107,47.05213676045509
2021,vw_nz,JP3526600006,CHUBU ELEC.POWER,JP,0.0013784389232300253,3.9896020814406903,11.791251962975467
2021,vw_nz,SG1J26887955,SINGAPORE EXCHANGE,SG,0.0013543595836217213,0.07915458037112538,0.008153240787778668
2021,vw_nz,AU000000SIG5,SIGMA HEALTHCARE,AU,0.0013343073531204097,1.721949517553358,8.450964111080356
2021,vw_nz,JP3830800003,BRIDGESTONE,JP,0.001296996878326107,60.43772496118052,64.88837842359676
2021,vw_nz,JP3190000004,OBAYASHI,JP,0.0012961175481942724,12.556188517887827,36.24464809756561
2021,vw_nz,JP3131430005,AEON MALL DEAD - DELIST.27/06/25,JP,0.0012869877674132246,5.370510912671094,3.816947277225139
2021,vw_nz,JP3493800001,DAI NIPPON PRINTING,JP,0.001261800297927681,25.601151441145184,57.57447707585041
2021,vw_nz,JP3502200003,DAIWA SECURITIES GROUP,JP,0.0011926196136121823,0.15161503322475994,0.10806079639010205
2021,vw_nz,JP3635000007,TOYOTA TSUSHO,JP,0.0011744430434625914,6.90979774496955,27.890632521421008
2021,vw_nz,AU000000ASX7,ASX,AU,0.001159064981267919,0.030158634417033595,0.00207587316414967
2021,vw_nz,BMG677491539,ORIENT OVERSEAS (INTL.),HK,0.0011478245899264813,676.4105403373532,939.9761959661996
2021,vw_nz,JP3358800005,SHIMIZU,JP,0.0011017653680519168,10.815723679927537,27.808173220778514
2021,vw_nz,JP3131400008,AEON FINANCIAL SERVICE,JP,0.0010631107142188546,0.5471338546759411,0.9867783850714635
2021,vw_nz,JP3173400007,OBIC,JP,0.001058977974051267,0.2104179712158356,0.008955357542649891
2021,vw_nz,JP3613000003,TOYO SUISAN KAISHA,JP,0.0010532404307057553,41.911676497302835,33.15027259770161
2021,vw_nz,JP3902900004,MITSUBISHI UFJ FINL.GP.,JP,0.001011807413358969,0.5038460430056978,0.4767628975332948
2021,vw_nz,JP3209000003,CASIO COMPUTER,JP,0.0010058240455122543,1.6700011307179137,0.7286548530004028
2021,vw_nz,AU000000MAH3,MACMAHON HOLDINGS,AU,0.0010005226706992477,2.010370413934386,4.8298598846108565
2021,vw_nz,SG1U68934629,KEPPEL,SG,0.0009801715312488886,5.806538501479827,4.111446215711618
2021,vw_nz,JP3194000000,OKI ELECTRIC IND.,JP,0.0009766556841196577,2.586265893598634,10.818668027784557
2021,vw_nz,JP3854600008,HONDA MOTOR,JP,0.0009585154710250047,9.051446912985037,23.14208329992884
2021,vw_nz,JP3933800009,LY,JP,0.0009389564178056834,0.3306594819668116,0.11586286279716679
2021,vw_nz,JP3429800000,ANA HOLDINGS,JP,0.0009326208862292938,618.7166942654995,519.9964270655547
2021,vw_nz,HK0000055878,CHINA TAIPING INSURANCE HLDGS,HK,0.0009004164324314159,0.08113869468189966,0.43217745433514865
2021,vw_nz,JP3786200000,HITACHI METALS DEAD - DELIST.29/12/22,JP,0.0008768614928632869,48.36735030514765,50.05012244921576
2021,vw_nz,JP3122400009,ADVANTEST,JP,0.0008702388311941089,1.3788950165069296,0.22775285049729027
2021,vw_nz,JP3657400002,NIKON,JP,0.0008593551106674967,7.535152783680785,11.091515308175813
2021,vw_nz,JP3982100004,LAWSON DEAD - DELIST.24/07/24,JP,0.0008568033304941875,0.6677848179898124,0.8783199985293246
2021,vw_nz,JP3165700000,NTT DATA GROUP DEAD - DELIST.26/09/25,JP,0.0008456772146372161,0.3333217331293907,0.3500793854924705
2021,vw_nz,JP3940400009,YAMATO KOGYO,JP,0.0008242915046920965,38.35307703250388,31.451396156067545
2021,vw_nz,JP3548610009,DENA,JP,0.0007940411582602706,0.014997485947750338,0.007610868319960905
2021,vw_nz,JP3898400001,MITSUBISHI,JP,0.0007783130942730085,57.13229381056878,180.13876208729795
2021,vw_nz,JP3546800008,TERUMO,JP,0.0007716770944442762,10.743066884740744,2.056275407429684
2021,vw_nz,AU000000OZL8,OZ MINERALS DEAD - DELIST.03/05/23,AU,0.0007593079924394976,93.12779410420049,19.886208561651024
2021,vw_nz,KYG5427W1309,LEE & MAN PAPER MNFG.,HK,0.0007431284121030339,1538.293940871304,1280.3880716509038
2021,vw_nz,JP3493400000,DIC,JP,0.000721332272904539,43.77469945483778,123.87886242656883
2021,vw_nz,JP3294460005,INPEX,JP,0.0007065415875300548,907.5409592945116,783.1798655254998
2021,vw_nz,JP3486800000,DAITO TST.CONSTRUCTION,JP,0.0007012974150717153,2.3212251706430127,4.819107456915428
2021,vw_nz,HK0019000162,SWIRE PACIFIC 'A',HK,0.0006915949104984401,16.561842792663743,29.94447139252299
2021,vw_nz,JP3421800008,SECOM,JP,0.0006717391682168493,6.113321391496044,2.9073385132806555
2021,vw_nz,JP3228600007,KANSAI ELECTRIC PWR.,JP,0.0006619539281486099,998.5789158163234,3133.1111688636383
2021,vw_nz,HK0293001514,CATHAY PACIFIC AIRWAYS,HK,0.0006550567117739564,994.3401782439225,1188.4905336341726
2021,vw_nz,JP3977400005,RINNAI,JP,0.0006281165836079292,11.06032676736856,6.220147326261861
2021,vw_nz,JP3663900003,SOJITZ,JP,0.0006226044739660877,47.54447230492043,242.50956522323335
2021,vw_nz,SG1S04926220,OVERSEA-CHINESE BKG.,SG,0.000612924387759483,0.0094489322885924,0.006821535674472863
2021,vw_nz,AU000000TCL6,TRANSURBAN GROUP STAPLED UNITS,AU,0.0006108276681811191,2.189386190963235,0.161939498445409
2021,vw_nz,JP3753000003,NIPPON YUSEN KK,JP,0.0006028888948861273,784.3627210352516,2868.58117923994
2021,vw_nz,JP3108600002,ACOM,JP,0.000601082103317311,0.0,0.0
2021,vw_nz,JP3263000006,KINDEN,JP,0.0005588398253927576,3.11236672847136,4.6851876394318905
2021,vw_nz,AU000000ERA9,ENERGY RES.OF AUS.,AU,0.0005584093160579184,598.6181366929928,184.9648247737575
2021,vw_nz,JP3404600003,SUMITOMO,JP,0.0005464783229170939,34.45692623593463,89.50557402263372
2021,vw_nz,JP3896800004,MITSUBISHI GAS CHM.,JP,0.0005409028711334302,118.82924982894411,124.44732428723891
2021,vw_nz,JP3397200001,SUZUKI MOTOR,JP,0.0005316913719241018,13.146604498449774,16.539328346580753
2021,vw_nz,AU000000RHC8,RAMSAY HEALTH CARE,AU,0.0005264850790717087,6.272968005375982,4.895081859208749
2021,vw_nz,BMG2178K1009,CKI HOLDINGS,HK,0.0005170345005102602,8081.865973918327,523.8707578651331
2021,vw_nz,JP3942600002,YAMAHA,JP,0.0004976156296216295,6.353682348806186,1.9251484770762943
2021,vw_nz,JP3768600003,HASEKO,JP,0.0004753847375428461,5.143856319602523,10.80590746832785
2021,vw_nz,JP3027680002,JAPAN REAL ESTATE INV.,JP,0.00045747750713316096,4.893430155319013,0.4023826312949925
2021,vw_nz,AU000000FLT9,FLIGHT CENTRE TRAVEL GP.,AU,0.00045631535016697647,135.4576533574147,24.01811652217673
2021,vw_nz,JP3868400007,MAZDA MOTOR,JP,0.0004439736285931788,3.5979663552311503,20.82045470155917
2021,vw_nz,JP3573000001,TOKYO GAS,JP,0.0004397974378902079,229.71995984492764,405.85329958629217
2021,vw_nz,JP3336000009,SANTEN PHARM.,JP,0.00042919810709890786,6.480036385883986,2.260488606285558
2021,vw_nz,NZFBUE0001S0,FLETCHER BUILDING,NZ,0.00042648728229288224,157.02567799127718,221.80358928335613
2021,vw_nz,SGXE21576413,GENTING SINGAPORE,SG,0.0004264197905300855,4.17053698014012,0.42654228948208506
2021,vw_nz,JP3588600001,TBS HOLDINGS,JP,0.0004226587802533314,1.4179504001337275,1.2862734077463283
2021,vw_nz,AU000000MQG1,MACQUARIE GROUP,AU,0.00041088315495553084,0.042374472232782935,0.012627147226019418
2021,vw_nz,JP3944130008,USS,JP,0.00041068674015201385,6.397870788601553,0.7121774429664565
2021,vw_nz,JP3613400005,TOYO SEIKAN GROUP HDG.,JP,0.0003845137025568599,54.21653749716341,177.89188941359865
2021,vw_nz,SG1T58930911,FRASER AND NEAVE,SG,0.00038432159610211783,34.90909090909091,31.490070787054957
2021,vw_nz,BMG988031446,YUE YUEN INDL.HDG.,HK,0.00037780208659065825,1.6567682652192508,3.9043762480059794
2021,vw_nz,JP3305530002,COMSYS HOLDINGS,JP,0.00037414661336515305,16.984182819253572,20.866274998956683
2021,vw_nz,JP3274400005,GLORY,JP,0.0003659133173817706,1.4137099745873583,2.2423774297067234
2021,vw_nz,SGXE34184239,SEATRIUM,SG,0.0003641854182280561,54.66243336164562,43.25780283815792
2021,vw_nz,JP3388200002,AEON,JP,0.00035851237910103324,2.636734939913022,7.762730698652951
2021,vw_nz,JP3126340003,ALFRESA HOLDINGS,JP,0.00035088509146748213,1.4077784803282114,7.451719505128907
2021,vw_nz,JP3039710003,JAPAN METROPOLITAN FUND INVESTMENT REIT,JP,0.0003491377187213485,9.376907192362033,1.1340839966349576
2021,vw_nz,AU000000CWY3,CLEANAWAY WASTE MANAGEMENT,AU,0.00033408430686739993,491.95697565800316,244.92831679105433
2021,vw_nz,JP3463000004,TAKEDA PHARMACEUTICAL,JP,0.00033342993338252545,9.625505737376322,5.306903865345918
2021,vw_nz,JP3459600007,TAKARA HDG.,JP,0.0003327613437438315,33.24343850938868,35.33674477353327
2021,vw_nz,IE00BKVD2N49,SEAGATE TECHNOLOGY HOLDINGS,SG,0.0003249031347310695,34.919976405819895,22.47341292110839
2021,vw_nz,JP3166000004,EBARA,JP,0.00031990996334590636,40.93812523454134,60.826887869806605
2021,vw_nz,JP3180400008,OSAKA GAS,JP,0.0003155457238198241,403.91574830810754,658.0782411636745
2021,vw_nz,JP3982800009,ROHM,JP,0.00031417186481512416,39.3257866049858,11.573214187135273
2021,vw_nz,HK0023000190,BANK OF EAST ASIA,HK,0.00031154253270337424,1.6264077516135051,0.8644377100732964
2021,vw_nz,JP3877600001,MARUBENI,JP,0.0003066875247664127,13.543890283583663,67.23798272991392
2021,vw_nz,HK0688002218,CHINA OVERSEAS LAND INVESTMENT,HK,0.0002777212393217737,1.1184494606876625,1.2055128089977345
2021,vw_nz,JP3420600003,SEKISUI HOUSE,JP,0.000277508959661933,3.6938927753986057,6.455327258820342
2021,vw_nz,JP3762600009,NOMURA HDG.,JP,0.00027018980574294583,0.12858082972157828,0.12824753203953504
2021,vw_nz,BMG2624N1535,DFI RETAIL GROUP HOLDINGS,HK,0.0002664912347570062,34.06364158820269,59.60896518836432
2021,vw_nz,AU000000ORG5,ORIGIN ENERGY (EX BORAL),AU,0.0002616710545863483,1572.0952979041404,2281.205714504577
2021,vw_nz,JP3818000006,FUJITSU,JP,0.000252318927492448,2.1703105795464257,2.332582034577574
2021,vw_nz,HK0012000102,HENDERSON LD.DEV.,HK,0.00024207885302791407,2.1875357244318403,0.35775501508083557
2021,vw_nz,AU000000SXL4,SOUTHERN CROSS MEDIA GROUP,AU,0.0002311096258032133,0.5137460695735908,0.42204348594661484
2021,vw_nz,JP3684000007,NITTO DENKO,JP,0.00022319025691459643,51.87095507356072,24.3310090372434
2021,vw_nz,AU000000SBM8,ST BARBARA,AU,0.00021500581168897454,263.8243984803714,135.9680928208847
2021,vw_nz,JP3893600001,MITSUI,JP,0.00020797704952012986,63.61806947908972,121.97390868354582
2021,vw_nz,JP3407200009,OSAKA TITANIUM,JP,0.00020168188752082983,214.52054657839727,155.2570768341999
2021,vw_nz,BMG8403G1033,SINOFERT HOLDINGS,HK,0.00019557943585071878,447.597739616981,1632.6853319246345
2021,vw_nz,AU000000ELD6,ELDERS,AU,0.00018347051462010698,34.94288733584365,42.4383744170553
2021,vw_nz,AU000000CGF5,CHALLENGER,AU,0.00018345931025458612,0.001088447939205235,0.000286857576661963
2021,vw_nz,HK0010000088,HANG LUNG GROUP,HK,0.00018323926862193546,2.1444702605254764,0.7465687857211639
2021,vw_nz,BMG2442N1048,COSCO SHIPPING PORTS,HK,0.00017908322646751563,85.72975208014773,35.20896826406008
2021,vw_nz,JP3197800000,OMRON,JP,0.00017901895424503965,3.2451954207568185,1.0787468520631094
2021,vw_nz,JP3210200006,KAJIMA,JP,0.00017568949257421612,6.641577216047936,17.372762030987964
2021,vw_nz,AU000000BOQ8,BANK OF QLND.,AU,0.00016860196524030185,0.2885016943590185,0.15229561679724804
2021,vw_nz,JP3401400001,SUMITOMO CHEMICAL,JP,0.0001667374468813329,300.74870123810746,782.3132606165802
2021,vw_nz,JP3143900003,ITOCHU TECHNO-SOLUTIONS DEAD - DELIST.01/12/23,JP,0.00015929892395240335,0.2166118352335969,0.11885476206710885
2021,vw_nz,JP3491000000,DAIDO STEEL,JP,0.0001571228118889879,105.59013321040084,203.0568188071903
2021,vw_nz,JP3585800000,TOKYO ELECTRIC POWER CO. HDG.,JP,0.00015388332088824385,3.738224340123759,35.403539307520724
2021,vw_nz,AU000000CQR9,CHARTER HALL RETAIL REIT,AU,0.00014158742963417411,2.017235700955099,0.18925495345873083
2021,vw_nz,JP3381000003,NIPPON STEEL,JP,0.0001380039320515006,1356.2252941620889,5560.078687831991
2021,vw_nz,KYG217651051,CK HUTCHISON HOLDINGS,HK,0.00012040996032493804,234.377460516798,294.65367635197197
2021,vw_nz,JP3942400007,ASTELLAS PHARMA,JP,0.0001192786632674432,5.306598284823838,2.057013565834772
2021,vw_nz,AU000000BPT9,BEACH ENERGY,AU,0.00010946948709574363,490.0879860960243,191.46110251741933
2021,vw_nz,KYG548561284,LIFESTYLE INTL.HDG. DEAD - DELIST.21/12/22,HK,0.00010709997840676759,0.00011667703795892968,2.7451913398363867e-05
2021,vw_nz,JP3409000001,SUMITOMO REAL.&DEV.,JP,0.00010574774420099882,4.579067099733777,2.8566288925678163
2021,vw_nz,JP3906000009,MINEBEA MITSUMI,JP,9.923555836690079e-05,8.620865349603337,8.206441278295882
2021,vw_nz,HK0392044647,BEIJING ENTERPRISES HOLDINGS,HK,9.661820181042203e-05,50.908019397066504,104.32462870252546
2021,vw_nz,KYG0535Q1331,ASMPT,HK,9.356966939600493e-05,1.9509818447957032,0.592660935475242
2021,vw_nz,JP3156400008,USHIO,JP,9.214443647871616e-05,3.18130769583789,2.130657929074724
2021,vw_nz,JP3260800002,KINTETSU GROUP HDG.,JP,9.017773114538355e-05,6.434341742999646,5.8269623008055405
2021,vw_nz,JP3229400001,KANSAI PAINT,JP,8.90871238700845e-05,4.473960378077215,1.9199333111370902
2021,vw_nz,JP3783600004,EAST JAPAN RAILWAY,JP,8.884520569800829e-05,76.19550751287704,59.107452834099746
2021,vw_nz,JP3304200003,KOMATSU,JP,8.584424954067081e-05,5.134798827608526,3.779470612709913
2021,vw_nz,JP3266400005,KUBOTA,JP,8.333258174839103e-05,17.523909077112688,11.309426645009175
2021,vw_nz,JP3659000008,WEST JAPAN RAILWAY,JP,7.008648615660688e-05,14.595165285912932,13.445771345321523
2021,vw_nz,JP3766550002,HAKUHODO DY HDG.,JP,6.88380113023626e-05,0.02666319908344228,0.05612214942651798
2021,vw_nz,JP3888300005,MITSUI CHEMICALS,JP,6.776797673904185e-05,327.09940752151965,596.6158798728284
2021,vw_nz,AU000000IFL2,INSIGNIA FINANCIAL,AU,6.557658704164324e-05,0.001602252553456486,0.0009585032014006927
2021,vw_nz,JP3811000003,FUJIKURA,JP,6.490352273243733e-05,4.0054185871905075,16.301398596666914
2021,vw_nz,SG9999003735,XP POWER (DI),SG,6.315186846013691e-05,0.6810282241225337,0.1565708039763076
2021,vw_nz,AU000000MGR9,MIRVAC GROUP STAPLED UNITS,AU,6.17813472154597e-05,4.496450059059334,0.8745475230116868
2021,vw_nz,AU0000224040,WOODSIDE ENERGY GROUP,AU,6.047339430929763e-05,2260.913651945793,486.6583123929745
2021,vw_nz,JP3122800000,AMADA,JP,6.014564357177339e-05,3.322856827154402,1.9565748430982
2021,vw_nz,JP3277800003,KEIO,JP,5.975175124182288e-05,31.724963318925045,9.973930503090871
2021,vw_nz,JP3172100004,OKUMA,JP,5.9136473164893345e-05,4.109290695333078,2.4632968765395606
2021,vw_nz,AU000000BSL0,BLUESCOPE STEEL,AU,5.7390471794600516e-05,1034.6720475855507,1365.934459868722
2021,vw_nz,JP3835620000,BENESSE HOLDINGS DEAD - DELIST.17/05/24,JP,5.7290958505967375e-05,0.01859311296417034,0.038372597925860105
2021,vw_nz,JP3283650004,KOSE HOLDINGS,JP,5.6533868084234564e-05,2.331465061216191,0.7234709089063548
2021,vw_nz,JP3386030005,JFE HOLDINGS,JP,5.153499553731747e-05,1503.890623132239,8372.846821821868
2021,vw_nz,JP3670800006,NISSAN CHEMICAL,JP,5.082907155883202e-05,111.81147453181106,26.430153773781893
2021,vw_nz,AU0000033359,HEALIUS,AU,4.890010946940786e-05,5.554965050538794,3.3604997116655526
2021,vw_nz,JP3368000000,RESONAC HOLDINGS,JP,4.817883044274586e-05,375.73496879327337,936.2938257326143
2021,vw_nz,JP3638600001,DOWA HDG.,JP,4.720521864580969e-05,222.9161225144499,474.72887251892774
2021,vw_nz,JP3358000002,SHIMANO,JP,4.623061203712131e-05,6.050673416820617,0.9724054703839446
2021,vw_nz,SG1N31909426,COMFORTDELGRO CORPORATION,SG,4.5999912934668785e-05,344.8213055523891,323.1314949201742
2021,vw_nz,JP3720800006,NSK,JP,4.471636564919806e-05,17.52270431400219,22.517873562139947
2021,vw_nz,JP3258000003,KIRIN HOLDINGS,JP,4.40866907425154e-05,20.05915233772657,18.29666829591673
2021,vw_nz,JP3164800009,NOK,JP,4.305079782333292e-05,6.877810626362214,15.842772985570567
2021,vw_nz,JP3205800000,KAO,JP,4.249592578252333e-05,46.00987181725761,17.285136468295203
2021,vw_nz,JP3738600000,NITERRA,JP,3.944231258080189e-05,15.891440731835392,16.24302282393191
2021,vw_nz,BMG668971101,CTF SERVICES,HK,3.478338828282078e-05,7.360413095300549,6.2634994774395825
2021,vw_nz,JP3421100003,JAPAN PETROLEUM EXP.,JP,2.9235189035640704e-05,352.23151259905023,661.4594956482928
2021,vw_nz,AU000000GPT8,GPT GROUP STAPLED UNITS,AU,2.7819719248142967e-05,14.262175870099506,1.2203440024825896
2021,vw_nz,JP3903000002,MITSUBISHI MATERIALS,JP,2.7175566113968532e-05,655.4388711822614,3064.9395763328944
2021,vw_nz,JP3919800007,MEIDENSHA,JP,2.7115438069634916e-05,8.437638894862861,18.738527814197415
2021,vw_nz,AU000000SHL7,SONIC HEALTHCARE,AU,2.6952333027239177e-05,5.774506976301158,2.6896949708901423
2021,vw_nz,JP3495000006,SUMITOMO PHARMA,JP,2.6730670518716962e-05,3.9404653319217067,2.91701296915267
2021,vw_nz,AU000000DOW2,DOWNER EDI,AU,2.2572812098984434e-05,33.87527278840892,109.14083089409496
2021,vw_nz,KYG525621408,KINGBOARD HOLDINGS,HK,2.170399376707739e-05,203.44339641128713,232.3661228426437
2021,vw_nz,HK0101000591,HANG LUNG PROPERTIES,HK,2.057719332346194e-05,2.276601955666718,0.22323205463257326
2021,vw_nz,JP3137200006,ISUZU MOTORS,JP,2.001299176004984e-05,6.418589498727804,13.183718895105185
2021,vw_nz,JP3845400005,HOKURIKU ELEC.POWER,JP,1.986698506896477e-05,2838.3528302153118,12484.571941504284
2021,vw_nz,JP3544000007,TEIJIN,JP,1.9347533226507944e-05,91.44429175108091,194.21034347877227
2021,vw_nz,JP3634200004,TOYODA GOSEI,JP,1.873134736739644e-05,14.6316893423366,26.107181848388475
2021,vw_nz,BMG524401079,KERRY PROPERTIES,HK,1.803236701408627e-05,2.3265567919983523,1.13742196528776
2021,vw_nz,JP3404200002,SUMITOMO RUBBER INDS.,JP,1.7878631253436632e-05,52.89441424353545,160.1435658902252
2021,vw_nz,JP3027670003,NIPPON BUILDING FUND,JP,1.7743358415395056e-05,15.379302044468632,1.2137806852347441
2021,vw_nz,HK0144000764,CHINA MERCHANTS PORT HOLDINGS,HK,1.668809618265091e-05,53.63825351214388,11.827849509006796
2021,vw_nz,JP3598600009,TOHO,JP,1.6539224016006498e-05,2.876709297461225,0.7635434569499935
2021,vw_nz,JP3219000001,KAMIGUMI,JP,1.5701551711103964e-05,12.63231337178418,13.73026397508877
2021,vw_nz,JP3300200007,KONAMI GROUP,JP,1.4991792018717047e-05,14.286684119465844,3.9052420173954294
2021,vw_nz,JP3595200001,TOSOH,JP,1.3966143261771717e-05,1121.7432967042066,1369.7566822572464
2021,vw_nz,JP3292200007,JTEKT,JP,1.326056931924513e-05,8.449665598082694,31.344091638726102
2021,vw_nz,JP3351500008,SHIZUOKA FINANCIAL GROUP,JP,1.2226575898277852e-05,0.67306561316184,0.3355173761703553
2021,vw_nz,JP3826800009,FURUKAWA,JP,9.997988860265359e-06,2.78664114018294,8.652218782249742
2021,vw_nz,NZCENE0001S6,CONTACT ENERGY,NZ,8.82942487042283e-06,694.9203838496848,241.9458603225037
2021,vw_nz,JP3280200001,KEIKYU,JP,5.340759966238983e-06,29.383346852724674,15.291773631173609
2021,vw_nz,JP3040890000,JAPAN PRIME REALTY INV.,JP,4.929712538868997e-06,3.8031762169693204,0.3677206779167349
2021,vw_nz,JP3357200009,SHIMADZU,JP,4.716992124493634e-06,0.5496962515937756,0.1746537271542009
2021,vw_nz,SG1R50925390,SEMBCORP INDUSTRIES,SG,4.331720049935534e-06,6349.3497353040175,11655.244934368106
2021,vw_nz,JP3326410002,SANKYO,JP,3.804544216255582e-06,1.8185396288575635,0.5028670475960134
2021,vw_nz,JP3893200000,MITSUI FUDOSAN,JP,2.3539689848328587e-06,5.815806137233099,5.842845740235208
2021,vw_nz,JP3774200004,HANKYU HANSHIN HDG.,JP,2.0113124754571464e-06,19.2170411200513,12.625246878694142
2021,vw_nz,AU000000AMP6,AMP,AU,1.6275865680473988e-06,0.058128655436422774,0.03712254508100851
2021,vw_nz,JP3203500008,ONWARD HOLDINGS,JP,1.3122273761830048e-06,0.632484669470575,3.048984961436273
2021,vw_nz,JP3582600007,TOKYO TATEMONO,JP,1.1217645182260547e-06,4.957879049337203,5.679535055907587
2022,vw_nz,AU000000BWP3,BWP GROUP STAPLED UNITS,AU,0.06912543211609942,0.0,0.0
2022,vw_nz,JP3732200005,NIPPON TELEVISION HDG.,JP,0.024436118681076275,0.2759365681718643,0.3548026095623981
2022,vw_nz,JP3899600005,MITSUBISHI ESTATE,JP,0.023418243161525718,10.349368010642154,6.049345718707152
2022,vw_nz,JP3435000009,SONY GROUP,JP,0.022306690745580823,2.4395581546266416,1.4283738545846367
2022,vw_nz,AU000000BHP4,BHP GROUP,AU,0.021163484309460537,150.23564708887065,55.291348647740705
2022,vw_nz,JP3837800006,HOYA,JP,0.020275792829839257,2.8453504040130824,0.3270013607344124
2022,vw_nz,JP3162600005,SMC,JP,0.01912182889344086,10.256603932072586,1.6107466966219979
2022,vw_nz,JP3539220008,T & D HOLDINGS,JP,0.018196819105950886,0.09253892673907498,0.2060070996670207
2022,vw_nz,KYG2108Y1052,CHINA RESOURCES LAND,HK,0.018193879945387126,0.9911207708729277,0.9481164901377935
2022,vw_nz,JP3201200007,OLYMPUS,JP,0.01662280275507731,4.078119944147929,1.0346920929779766
2022,vw_nz,JP3633400001,TOYOTA MOTOR,JP,0.015878604996515177,9.164496097646701,7.648516377493635
2022,vw_nz,JP3862400003,MAKITA,JP,0.01451803188575013,3.353447072815625,2.055903281194133
2022,vw_nz,JP3198900007,ORIENTAL LAND,JP,0.013863915200272366,24.537205304330357,0.7457600047977226
2022,vw_nz,JP3756600007,NINTENDO,JP,0.013852050149121324,0.023600811703980654,0.005270754300622773
2022,vw_nz,HK0011000095,HANG SENG BANK DEAD - DELIST.28/01/26,HK,0.012698430613101344,0.01935994758300929,0.002664099863748959
2022,vw_nz,JP3951600000,UNI CHARM,JP,0.012282288801403758,4.618341568157879,1.265787291655818
2022,vw_nz,JP3814000000,FUJIFILM HOLDINGS,JP,0.011698982699341344,31.08977407513227,19.242491074653156
2022,vw_nz,SG1L01001701,DBS GROUP HOLDINGS,SG,0.011459102280891772,0.02605549114969527,0.004705394927643455
2022,vw_nz,JP3910660004,TOKIO MARINE HOLDINGS,JP,0.011119728203333125,0.26324619921874787,0.3111907263156184
2022,vw_nz,JP3362700001,MITSUI OSK LINES,JP,0.011022718915032382,1034.0077734254057,1108.3141914273153
2022,vw_nz,HK2388011192,BOC HONG KONG HOLDINGS,HK,0.010818430390339513,0.04492733296896615,0.01412820498330046
2022,vw_nz,AU000000CBA7,COMMONWEALTH BK.OF AUS.,AU,0.010580960805166535,0.3250306614532405,0.05789340596971585
2022,vw_nz,JP3769000005,HACHIJUNI NAGANO BANK,JP,0.010470333297716952,1.8870475909755975,1.2989933324617597
2022,vw_nz,JP3551500006,DENSO,JP,0.010145595931768515,12.66572400297556,10.33332526578703
2022,vw_nz,JP3486800000,DAITO TST.CONSTRUCTION,JP,0.009987762931851088,3.071304633147681,5.355001160868098
2022,vw_nz,JP3820000002,FUJI ELECTRIC,JP,0.009832747277636698,18.91083620290483,18.941065701591786
2022,vw_nz,AU000000WOW2,WOOLWORTHS GROUP,AU,0.009807656676514334,13.437133914975366,16.499058578660318
2022,vw_nz,JP3519400000,CHUGAI PHARM.,JP,0.009783505322419948,5.751451479157983,0.8964861275170143
2022,vw_nz,JP3735400008,NTT,JP,0.009472672156558582,1.3298251226204865,1.3564555451036862
2022,vw_nz,HK0066009694,MTR,HK,0.00923450333788911,8.129772561526407,1.4717134751196466
2022,vw_nz,JP3352000008,77 BANK,JP,0.00874270574318833,1.4434185758140277,1.438018772787216
2022,vw_nz,JP3122400009,ADVANTEST,JP,0.008555196430812243,1.0980320045584433,0.21937021443877203
2022,vw_nz,AU000000TLS2,TELSTRA GROUP,AU,0.008188147215492199,2.1226119616367307,0.9567974531035948
2022,vw_nz,JP3866800000,PANASONIC HOLDINGS,JP,0.007671266168088395,5.322634041280899,12.332050812821597
2022,vw_nz,AU000000WES1,WESFARMERS,AU,0.007618685808870578,103.81942503317336,57.91055882958499
2022,vw_nz,JP3358000002,SHIMANO,JP,0.007475783823830042,3.798689548391742,0.844930880296182
2022,vw_nz,JP3672400003,NISSAN MOTOR,JP,0.007425716515773999,7.732274874323904,26.014878917993403
2022,vw_nz,AU000000ANZ3,ANZ GROUP HOLDINGS,AU,0.00734142159233685,0.33384363198005135,0.10789164630526273
2022,vw_nz,HK0014000126,HYSAN DEVELOPMENT,HK,0.007075263912213914,1.7042766760340684,0.24875935606323346
2022,vw_nz,JP3592200004,TOSHIBA DEAD - DELIST.20/12/23,JP,0.0069410661253334945,10.36827812864607,16.577608072189957
2022,vw_nz,SG1S04926220,OVERSEA-CHINESE BKG.,SG,0.006877939841334068,0.00574521464187687,0.003136041229127072
2022,vw_nz,HK0823032773,LINK REAL ESTATE INVESTMENT TRUST,HK,0.006703592141946024,5.270188640168447,0.42238449714998355
2022,vw_nz,BMG5320C1082,KUNLUN ENERGY,HK,0.0065916310937144396,21.45973205006333,51.575332037722
2022,vw_nz,JP3452000007,TAIYO YUDEN,JP,0.00657460670114994,14.718303381028441,6.5514114569296815
2022,vw_nz,JP3475350009,DAIICHI SANKYO,JP,0.006276225430621411,9.884570374149867,2.125800399932473
2022,vw_nz,JP3134800006,IHI,JP,0.0062741194922889135,6.325745686519587,20.252023784390154
2022,vw_nz,JP3436100006,SOFTBANK GROUP,JP,0.0060441313955289155,0.22709532083017697,0.15385294915882575
2022,vw_nz,JP3496400007,KDDI,JP,0.005892860269887493,0.5862409397539453,0.3751554340221955
2022,vw_nz,AU000000NAB4,NATIONAL AUS.BANK,AU,0.0056945676995590324,0.44295536015135034,0.10251265184851112
2022,vw_nz,JP3665200006,NICHIREI,JP,0.00565697216514259,14.389241410717231,25.045159203041166
2022,vw_nz,JP3502200003,DAIWA SECURITIES GROUP,JP,0.0055133684249935744,0.16842500726487322,0.09193886932537687
2022,vw_nz,SG1V61937297,SINGAPORE AIRLINES,SG,0.005493838950770399,2095.858561395011,705.0711143741473
2022,vw_nz,JP3200450009,ORIX,JP,0.005370616780790661,47.905550016683854,38.543687422282176
2022,vw_nz,JP3906000009,MINEBEA MITSUMI,JP,0.005187350377313472,11.275189114953504,9.996627306114478
2022,vw_nz,JP3148800000,IBIDEN,JP,0.005107544603673957,53.279017849344406,22.864168100362452
2022,vw_nz,JP3188220002,OTSUKA HOLDINGS,JP,0.005023341137156156,25.436594619233297,17.058560283789625
2022,vw_nz,JP3528600004,CHIYODA CORPORATION,JP,0.005008587391147063,23.86365611995404,80.91289086573244
2022,vw_nz,AU000000FLT9,FLIGHT CENTRE TRAVEL GP.,AU,0.0050033180192654144,133.5541428495112,20.931261736457472
2022,vw_nz,JP3885400006,MISUMI GROUP,JP,0.0048845513935836075,2.511025053347032,0.8508409324865273
2022,vw_nz,JP3371200001,SHIN-ETSU CHEMICAL,JP,0.004844452407610904,125.70001959637281,28.56922383457305
2022,vw_nz,JP3854600008,HONDA MOTOR,JP,0.004825426366238488,9.279063705355876,21.71194574409365
2022,vw_nz,JP3571400005,TOKYO ELECTRON,JP,0.0047850683292829784,0.974505000185156,0.20606105408729183
2022,vw_nz,JP3351100007,SYSMEX,JP,0.004782064509792279,1.3069500308463597,0.19731411494834666
2022,vw_nz,JP3720800006,NSK,JP,0.004683857043681809,17.091939696945104,36.55212707476493
2022,vw_nz,JP3194000000,OKI ELECTRIC IND.,JP,0.004618976307312868,2.9886670237913866,14.290959829624732
2022,vw_nz,JP3802300008,FAST RETAILING,JP,0.004513656797695963,0.5204082548784132,0.16097384381669017
2022,vw_nz,JP3596200000,TOTO,JP,0.004492346253110503,33.67683103886038,25.158848688260452
2022,vw_nz,JP3397200001,SUZUKI MOTOR,JP,0.004382274419204303,12.792259966353798,18.91016019269453
2022,vw_nz,SG9999000020,FLEX,SG,0.004308488337219767,3.2180838600010744,10.503329285361437
2022,vw_nz,JP3143600009,ITOCHU,JP,0.004306828637985376,14.313457194288114,28.79775453080052
2022,vw_nz,JP3027680002,JAPAN REAL ESTATE INV.,JP,0.0043002883729011,4.794219550098082,0.4010613273518231
2022,vw_nz,JP3116000005,ASAHI GROUP HOLDINGS,JP,0.004175853690027054,25.17013888391511,23.209255020652463
2022,vw_nz,JP3165700000,NTT DATA GROUP DEAD - DELIST.26/09/25,JP,0.004168372182827767,1.1170577060290836,0.8903455573047047
2022,vw_nz,JP3634600005,TOYOTA INDS.,JP,0.004110092363298562,16.365739122562722,14.113167570214376
2022,vw_nz,HK0019000162,SWIRE PACIFIC 'A',HK,0.004084428840164904,10.299482339434718,21.981927192193485
2022,vw_nz,JP3659000008,WEST JAPAN RAILWAY,JP,0.004065303245974901,16.292764337526034,13.502685606006638
2022,vw_nz,JP3830800003,BRIDGESTONE,JP,0.004063201419898392,63.22274896882428,56.76097932622123
2022,vw_nz,AU000000IGO4,IGO,AU,0.003981421677616041,148.4896255054685,9.493184174641497
2022,vw_nz,AU000000GMG2,GOODMAN GROUP,AU,0.003943730190364862,2.391165394715563,0.0982795538962858
2022,vw_nz,JP3420600003,SEKISUI HOUSE,JP,0.003942059487672824,2.3376157300241793,3.8059543691121958
2022,vw_nz,JP3126400005,ALPS ALPINE,JP,0.003807212447607793,6.468963597681159,18.206246092569362
2022,vw_nz,JP3783420007,HIKARI TSUSHIN,JP,0.0037928062618906603,0.22027780211970865,0.1954126828333242
2022,vw_nz,IE00BKVD2N49,SEAGATE TECHNOLOGY HOLDINGS,SG,0.003592644694654532,27.283340292275575,13.520762351862283
2022,vw_nz,JP3967200001,RAKUTEN GROUP,JP,0.0034961709957416964,0.11869687294618698,0.12617872257962817
2022,vw_nz,JP3711600001,NIPPON SANSO HOLDINGS,JP,0.0034644545016397892,135.52596980551212,124.13096902092984
2022,vw_nz,BMG524401079,KERRY PROPERTIES,HK,0.0034402908461558766,2.15089630849243,1.0302473811501263
2022,vw_nz,BMG8403G1033,SINOFERT HOLDINGS,HK,0.003391940311696084,423.19932208162896,1583.9328767415564
2022,vw_nz,AU000000TCL6,TRANSURBAN GROUP STAPLED UNITS,AU,0.0033300498023443267,2.6918378904117244,0.1890518975995046
2022,vw_nz,AU000000GPT8,GPT GROUP STAPLED UNITS,AU,0.0032782128492008012,15.545806816075416,1.2958689945021957
2022,vw_nz,JP3902900004,MITSUBISHI UFJ FINL.GP.,JP,0.0031192404134899464,0.5726809017464252,0.3285917070453579
2022,vw_nz,JP3271400008,CREDIT SAISON,JP,0.0030525204061419282,0.12325438593426032,0.18439487116121245
2022,vw_nz,JP3174410005,OJI HOLDINGS,JP,0.0030044053202392547,507.965644436752,1214.684814161577
2022,vw_nz,US89677Q1076,TRIP COM GROUP ADR 1:1,SG,0.002984947352024694,0.006108217030737834,0.001126891546771337
2022,vw_nz,AU000000ERA9,ENERGY RES.OF AUS.,AU,0.0029592546293827973,825.674499564839,133.21319915750058
2022,vw_nz,JP3888300005,MITSUI CHEMICALS,JP,0.0029564797152619162,281.5875332917025,682.0710156292744
2022,vw_nz,JP3791200003,HITACHI TRANSPORT SYSTEM DEAD - DELIST.24/02/23,JP,0.0029528840628061854,6.355565656950661,10.359762629787864
2022,vw_nz,KYG9431R1039,WANT WANT CHINA HOLDINGS,SG,0.002825506986676252,57.01813169721158,17.74731415386834
2022,vw_nz,HK0012000102,HENDERSON LD.DEV.,HK,0.0028221571627588373,1.7016593911921818,0.2428580951358885
2022,vw_nz,AU000000SBM8,ST BARBARA,AU,0.0027927186465456747,287.12416436967334,215.70319240724763
2022,vw_nz,AU000000ALL7,ARISTOCRAT LEISURE,AU,0.002767547837740356,1.949863118364308,0.33403772864499187
2022,vw_nz,AU000000BEN6,BENDIGO & ADELAIDE BANK,AU,0.0027596911753220025,0.9404325989955379,0.38858921871614455
2022,vw_nz,AU000000ORG5,ORIGIN ENERGY (EX BORAL),AU,0.0027475437263876235,1433.0366843285835,1793.2112644093581
2022,vw_nz,JP3726200003,NIPPON SODA,JP,0.0026477740878209006,47.03510717155547,72.67969295184926
2022,vw_nz,JP3734800000,NIDEC,JP,0.002644825023426472,3.543213403640633,1.062705992505872
2022,vw_nz,JP3771800004,HAMAMATSU PHOTONICS,JP,0.0025558049386992664,7.153829301595712,1.3062736720675125
2022,vw_nz,SG1F60858221,SINGAPORE TECHS.ENGR.,SG,0.0025402134922466717,7.883808776641361,5.206483344459781
2022,vw_nz,JP3560800009,TOKAI CARBON,JP,0.002536870636109058,891.7433316997962,839.8150575760225
2022,vw_nz,KYG210961051,CHINA MENGNIU DAIRY,HK,0.002491957970758003,18.575300107878782,10.872676967067402
2022,vw_nz,HK0291001490,CHINA RESOURCES BEER HOLDINGS,HK,0.0024484964864808314,39.0453753652289,8.359387447262403
2022,vw_nz,SG1T58930911,FRASER AND NEAVE,SG,0.0023741141623789927,35.17922037683723,32.71941351868776
2022,vw_nz,NZFBUE0001S0,FLETCHER BUILDING,NZ,0.0023447265457387356,145.79333821885032,224.76750876536596
2022,vw_nz,JP3294460005,INPEX,JP,0.002338912172759572,582.7451183719983,435.75455861548426
2022,vw_nz,JP3292200007,JTEKT,JP,0.00233820412264954,9.500663311528072,37.68144434614502
2022,vw_nz,JP3274400005,GLORY,JP,0.002316134012366713,1.3637981181176404,2.2533360706220487
2022,vw_nz,AU000000MAH3,MACMAHON HOLDINGS,AU,0.002194916155252128,14.072987865130068,57.959074187614966
2022,vw_nz,HK0388045442,HONG KONG EXCHANGES AND CLEARING,HK,0.002166862275283235,0.12178499513653408,0.004304612918549993
2022,vw_nz,SG9999003735,XP POWER (DI),SG,0.0021329404498157457,1.7044677715830892,0.41940162377954876
2022,vw_nz,SG0531000230,VENTURE CORPORATION,SG,0.0020537670434574037,1.255177498753063,0.7599430699179136
2022,vw_nz,JP3305530002,COMSYS HOLDINGS,JP,0.002031720064616495,18.66284818244486,28.294609430146565
2022,vw_nz,JP3890350006,SUMITOMO MITSUI FINL.GP.,JP,0.0019988635516925146,0.5449738287684858,0.3750885797908465
2022,vw_nz,JP3242800005,CANON,JP,0.001976913733788232,5.206316307280989,5.004314252870613
2022,vw_nz,JP3830000000,BROTHER INDUSTRIES,JP,0.0019454625965858582,3.0630248932239645,3.723151136270995
2022,vw_nz,AU000000BOQ8,BANK OF QLND.,AU,0.0019381291402684633,0.32046158589847806,0.11771286409590677
2022,vw_nz,JP3955000009,YOKOGAWA ELECTRIC,JP,0.0019181845727613358,3.566948944981705,2.6915563759531893
2022,vw_nz,JP3407200009,OSAKA TITANIUM,JP,0.0018830941197290655,166.10957709635227,141.77943166441136
2022,vw_nz,JP3243600008,CANON MARKETING JAPAN,JP,0.0018786771773041894,1.2467551627308684,2.1752726773170794
2022,vw_nz,HK0003000038,HONG KONG AND CHINA GAS,HK,0.0018670352335195919,266.2625683570945,63.69282655190356
2022,vw_nz,JP3914400001,MURATA MANUFACTURING,JP,0.001864336319970283,16.62531333120572,5.10440571073058
2022,vw_nz,JP3266400005,KUBOTA,JP,0.0018633838422484703,15.726432560839163,11.896461393619242
2022,vw_nz,NZAIAE0002S6,AUCKLAND INTL.AIRPORT,NZ,0.0018246815596918947,10.950221299382548,0.2709012332494765
2022,vw_nz,BMG4600H1198,HOPSON DEVELOPMENT HOLDINGS,HK,0.0017906853340673716,0.26042227967121373,0.20704977258798105
2022,vw_nz,JP3359600008,SHARP,JP,0.001765356158321276,12.75070269396755,40.8736111762224
2022,vw_nz,AU000000ELD6,ELDERS,AU,0.001737331281922516,35.461098370442826,51.94636503723306
2022,vw_nz,SG1R89002252,CITY DEVELOPMENTS,SG,0.001734170427120914,0.92336292987831,0.3782216643855632
2022,vw_nz,JP3385820000,GS YUASA,JP,0.0017327431725062902,18.200765416999246,39.05422240851351
2022,vw_nz,JP3973400009,RICOH,JP,0.001722422492353389,7.430909405041203,17.876948645711693
2022,vw_nz,JP3814800003,SUBARU,JP,0.0016998691928109418,6.73523616904341,11.506836718092368
2022,vw_nz,SG1U68934629,KEPPEL,SG,0.0016880473758814983,4.597372090857324,3.8547965487647486
2022,vw_nz,AU000000PPT9,PERPETUAL,AU,0.001640553102698045,0.020769098602239664,0.007937596062952353
2022,vw_nz,JP3027670003,NIPPON BUILDING FUND,JP,0.001631230519541781,5.70975623049453,0.5032414640055473
2022,vw_nz,HK0392044647,BEIJING ENTERPRISES HOLDINGS,HK,0.0015957918094994168,57.77484328173033,138.95135563400794
2022,vw_nz,JP3834800009,HEIWA REAL ESTATE,JP,0.0015916730659830656,6.208311425890988,2.199431697821021
2022,vw_nz,JP3407400005,SUMITOMO ELECTRIC IND.,JP,0.0015546091235359824,11.906156163088097,32.354339443241244
2022,vw_nz,JP3762600009,NOMURA HDG.,JP,0.0015360496014079753,0.15542350481618988,0.12630572813545438
2022,vw_nz,JP3165600002,NTN,JP,0.0015070360635812356,19.20409880690007,101.21360845611053
2022,vw_nz,JP3358800005,SHIMIZU,JP,0.001443216512437504,15.833364282155932,37.465743176571074
2022,vw_nz,JP3625000009,TOKUYAMA,JP,0.0014353934446034728,2657.571052654175,5853.226624487445
2022,vw_nz,KYG525621408,KINGBOARD HOLDINGS,HK,0.001431659942508644,162.36757865088,221.33254591161534
2022,vw_nz,JP3893200000,MITSUI FUDOSAN,JP,0.001394116908576856,7.9820085527221645,6.8502534593779965
2022,vw_nz,JP3868400007,MAZDA MOTOR,JP,0.0013927679335280073,3.5968748719540358,19.667318188822474
2022,vw_nz,JP3657400002,NIKON,JP,0.001389825980252751,7.478919785269569,8.42252278028602
2022,vw_nz,JP3942400007,ASTELLAS PHARMA,JP,0.001378139682369271,5.600625811084335,2.0110011306770263
2022,vw_nz,JP3499800005,MITSUBISHI HC CAPITAL,JP,0.0013626211158827319,0.24841111239634112,0.44678596503954876
2022,vw_nz,JP3826800009,FURUKAWA,JP,0.001282947426513083,2.5581356574098995,9.463180386369142
2022,vw_nz,JP3419400001,SEKISUI CHEMICAL,JP,0.0012743811406214962,22.099705029209783,27.959905495519426
2022,vw_nz,JP3896800004,MITSUBISHI GAS CHM.,JP,0.0012573084062526296,127.1360297729466,180.31604484951808
2022,vw_nz,JP3108600002,ACOM,JP,0.001246766684089207,0.0,0.0
2022,vw_nz,JP3375800004,SHINKO ELEC.INDS. DEAD - DELIST.06/06/25,JP,0.0012370845930188164,21.704995182787698,7.824296723059021
2022,vw_nz,JP3670800006,NISSAN CHEMICAL,JP,0.00118639436295398,128.80180332658128,30.48773641717616
2022,vw_nz,AU000000SEK6,SEEK,AU,0.001149119722296073,0.2114276653100058,0.009109115143234137
2022,vw_nz,HK0016000132,SUN HUNG KAI PROPERTIES,HK,0.0011290377747092402,4.43984327653794,1.2830476597054004
2022,vw_nz,JP3522200009,CHUGOKU ELEC.POWER,JP,0.0011259074761296817,1869.4490740090455,6297.577979527714
2022,vw_nz,JP3305800009,KOMORI,JP,0.0011242762255025457,6.8087758765465365,14.025791982057752
2022,vw_nz,JP3780100008,PARK24,JP,0.0010900752909831265,77.22867913056427,70.38843357967016
2022,vw_nz,JP3209000003,CASIO COMPUTER,JP,0.0010781822247761172,1.5585401690185288,1.0251277319001022
2022,vw_nz,JP3368000000,RESONAC HOLDINGS,JP,0.0010504046075472957,272.92642396762983,855.2965507837062
2022,vw_nz,JP3481800005,DAIKIN INDUSTRIES,JP,0.0010466472672368944,23.238469768454983,9.92014120990341
2022,vw_nz,AU000000IRE2,IRESS,AU,0.0010433805560337306,0.16960451524909487,0.046052294939364476
2022,vw_nz,JP3933800009,LY,JP,0.0010137779535914402,0.2852655403597075,0.09060675111608718
2022,vw_nz,AU000000MTS0,METCASH,AU,0.0010090724913952268,1.4203647129408419,5.1562875861385855
2022,vw_nz,JP3223800008,KAWASAKI KISEN KAISHA,JP,0.0010028489485589757,1055.8778725857096,1113.489816421591
2022,vw_nz,JP3495000006,SUMITOMO PHARMA,JP,0.0009850705459492973,4.424349678698094,4.989344189668761
2022,vw_nz,HK0293001514,CATHAY PACIFIC AIRWAYS,HK,0.000976062665589067,914.6030654073699,999.5443097572642
2022,vw_nz,HK0000055878,CHINA TAIPING INSURANCE HLDGS,HK,0.0009178917629079873,0.1360113576639338,1.1092481119853381
2022,vw_nz,AU000000AMP6,AMP,AU,0.0008979175196674666,0.01340933187772724,0.01312062834236696
2022,vw_nz,AU000000APA1,APA GROUP,AU,0.0008868276767059611,786.4160210107472,178.88404828146454
2022,vw_nz,SG1M77906915,CAPITALAND ASCENDAS REIT,SG,0.0008822107665876984,0.5291792225484236,0.05711487301537449
2022,vw_nz,JP3893600001,MITSUI,JP,0.0008785001790102743,36.248917771305415,90.68232497842357
2022,vw_nz,HK0688002218,CHINA OVERSEAS LAND INVESTMENT,HK,0.0008165431113300401,0.6716962676486775,0.7822816449726466
2022,vw_nz,JP3300200007,KONAMI GROUP,JP,0.0008140567256959676,13.91812186962155,4.531950718530673
2022,vw_nz,JP3494600004,SCREEN HOLDINGS,JP,0.0008089949156916529,3.192651600988931,2.1181620433355626
2022,vw_nz,AU000000ABC7,ADBRI DEAD - DELIST.02/07/24,AU,0.0008070763411232856,1719.7497008108965,1387.8532398819104
2022,vw_nz,AU000000IFL2,INSIGNIA FINANCIAL,AU,0.0008009214627672344,0.0,0.0
2022,vw_nz,JP3711200000,AOZORA BANK,JP,0.0007987650987179996,0.09192850970514348,0.0393412134976127
2022,vw_nz,AU000000ILU1,ILUKA RESOURCES,AU,0.0007924195335634811,378.9969095097616,133.00140899354895
2022,vw_nz,JP3305990008,YOKOHAMA FINANCIAL GROUP,JP,0.0007829299324254728,0.3266722498857803,0.1677749441574552
2022,vw_nz,HK0270001396,GUANGDONG INVESTMENT,HK,0.0007631399273754373,697.9516596632153,285.2798408303237
2022,vw_nz,JP3215800008,KANEKA,JP,0.0007588512127701316,156.96530980597745,408.5856753087913
2022,vw_nz,JP3766550002,HAKUHODO DY HDG.,JP,0.0007415044252175054,0.04059687963667399,0.05823699826111562
2022,vw_nz,NZTELE0001S4,SPARK NEW ZEALAND,NZ,0.0007390758733045454,0.9769486253525582,0.4326177752649146
2022,vw_nz,SG1M31001969,UNITED OVERSEAS BANK,SG,0.0007333165945816954,0.6547990732109393,0.15476055473654016
2022,vw_nz,BMG684371393,PACIFIC BASIN SHIP.,HK,0.0007122790698444168,874.2119613242153,1271.9287484358515
2022,vw_nz,JP3898400001,MITSUBISHI,JP,0.0007108626831496541,149.1197914868003,412.64635799296934
2022,vw_nz,JP3190000004,OBAYASHI,JP,0.0007008734964795949,8.990110179974458,25.08333689656647
2022,vw_nz,JP3040890000,JAPAN PRIME REALTY INV.,JP,0.0006982792121665139,3.966645434014709,0.37851810010314846
2022,vw_nz,JP3726800000,JAPAN TOBACCO,JP,0.0006935711811347793,16.738258822056714,8.477936474152468
2022,vw_nz,JP3982800009,ROHM,JP,0.0006926078409323014,43.235402784730724,18.47450837418025
2022,vw_nz,JP3942600002,YAMAHA,JP,0.0006903140820433264,6.818392955918237,2.786731442690868
2022,vw_nz,JP3249600002,KYOCERA,JP,0.0006739885324961285,8.645867429561992,5.863885104702594
2022,vw_nz,JP3122800000,AMADA,JP,0.0006536890276406066,3.1195717267596934,2.2929158023358247
2022,vw_nz,JP3351500008,SHIZUOKA FINANCIAL GROUP,JP,0.0006517440127468549,0.6257658985648741,0.27985115705572805
2022,vw_nz,AU000000NCM7,NEWCREST MINING DEAD - DELIST.08/11/23,AU,0.0006410122446028847,357.1094666016129,106.58731211620776
2022,vw_nz,JP3203500008,ONWARD HOLDINGS,JP,0.0006403007609388374,1.0573026731443758,3.8263483381378274
2022,vw_nz,JP3402600005,SUMITOMO METAL MINING,JP,0.0006322061976752387,173.6641859719788,133.10805825452556
2022,vw_nz,HK0023000190,BANK OF EAST ASIA,HK,0.0006249044764866519,0.9116450344372968,0.563720844310223
2022,vw_nz,JP3802400006,FANUC,JP,0.0006216636660949928,8.432887389972095,1.302160054587659
2022,vw_nz,JP3900000005,MITSUBISHI HEAVY INDS.,JP,0.0006214507898585004,5.227642747663702,18.801353257636812
2022,vw_nz,JP3404600003,SUMITOMO,JP,0.0006145735088639209,35.00325793740981,82.43725411220011
2022,vw_nz,JP3131400008,AEON FINANCIAL SERVICE,JP,0.00060666748325989,0.8019780842399513,1.439290203582675
2022,vw_nz,JP3388200002,AEON,JP,0.0005951376446061751,2.654532626345452,9.960662815210378
2022,vw_nz,AU000000SUN6,SUNCORP GROUP,AU,0.0005781162983520043,0.1539620379305387,0.15290322900305706
2022,vw_nz,AU0000033359,HEALIUS,AU,0.0005760841984556752,4.003629728408887,3.2644826688560045
2022,vw_nz,HK0440001847,DAH SING FINANCIAL HDG.,HK,0.0005617406182119402,0.09815868918468766,0.09096715505061258
2022,vw_nz,JP3783600004,EAST JAPAN RAILWAY,JP,0.0005609028157476761,88.98836203129433,64.97820863254866
2022,vw_nz,JP3613000003,TOYO SUISAN KAISHA,JP,0.000560228083385945,51.31634288204061,37.70778394777597
2022,vw_nz,HK0010000088,HANG LUNG GROUP,HK,0.0005532536042192467,2.809232983901427,1.3042011023840876
2022,vw_nz,HK0165000859,CHINA EVERBRIGHT,HK,0.000551382466279746,0.02496949928252198,0.00415625411021965
2022,vw_nz,JP3351600006,SHISEIDO,JP,0.0005465015373821102,2.642490253109722,1.1426124884601492
2022,vw_nz,MU0117U00026,GOLDEN AGRI-RESOURCES,SG,0.00053678233884317,769.8408702105199,3347.7783729351017
2022,vw_nz,JP3768600003,HASEKO,JP,0.0005291335418026564,5.252200178528365,10.55352092483741
2022,vw_nz,JP3658850007,NISHI-NIPPON FINL.HDG.,JP,0.0005256644530855349,0.505619637287549,0.521055332770814
2022,vw_nz,JP3756100008,NITORI HOLDINGS,JP,0.000521586990065171,4.110495351802995,1.6975611286741923
2022,vw_nz,JP3224200000,KAWASAKI HEAVY INDUSTRY,JP,0.0005057084712739934,10.320732124136853,41.43825514079573
2022,vw_nz,JP3304200003,KOMATSU,JP,0.0004939758543324858,5.228992459027656,5.181462832271835
2022,vw_nz,AU000000WOR2,WORLEY,AU,0.00046942173180778606,3.35848395515175,5.03511767023353
2022,vw_nz,JP3573000001,TOKYO GAS,JP,0.00046850020152869125,183.05376356392028,353.42561604927477
2022,vw_nz,JP3197800000,OMRON,JP,0.00046212685411867475,2.112388793845818,0.8908849042018484
2022,vw_nz,JP3940400009,YAMATO KOGYO,JP,0.000447669969297737,50.004110507389164,27.288284538180474
2022,vw_nz,JP3357200009,SHIMADZU,JP,0.00044557201106668737,0.6061554368467378,0.20634451899096334
2022,vw_nz,JP3320800000,SAPPORO HOLDINGS,JP,0.0004451143136212704,31.25841328257822,77.66461864544526
2022,vw_nz,SG1M51904654,CAPITALAND INTEG. COML. TST.,SG,0.0004440415431160145,0.03407988945723129,0.0034690721703671858
2022,vw_nz,HK0836012952,CHINA RESOURCES POWER,HK,0.0004392134086121114,13241.034425628972,13064.476490832072
2022,vw_nz,AU000000CQR9,CHARTER HALL RETAIL REIT,AU,0.00042082823166493717,2.334904304845106,0.193339599519328
2022,vw_nz,AU000000MQG1,MACQUARIE GROUP,AU,0.00040903622909074794,0.03130142091111957,0.0065222914045707
2022,vw_nz,HK0101000591,HANG LUNG PROPERTIES,HK,0.00039610733504465715,2.971732357129557,0.4098552406261989
2022,vw_nz,JP3935600001,YAMAZAKI BAKING,JP,0.00037488903425276577,41.60916887912287,124.30988539472445
2022,vw_nz,JP3688370000,NIPPON EXPRESS HOLDINGS,JP,0.0003674387118163492,26.56679756572229,103.04958836785306
2022,vw_nz,JP3336000009,SANTEN PHARM.,JP,0.0003651118588138202,6.43097700079541,3.2387212951388586
2022,vw_nz,JP3841800000,HOKUETSU,JP,0.00036411268742718363,305.2424949623766,545.7157302559247
2022,vw_nz,AU000000TAH8,TABCORP HOLDINGS,AU,0.00035197289012534874,0.7971247843307484,0.40298840899188715
2022,vw_nz,JP3894900004,ISETAN MITSUKOSHI HDG.,JP,0.0003430994615599217,3.80743529460683,5.416254617263869
2022,vw_nz,AU0000088338,AMPOL,AU,0.00034012222976164834,47.20681328276794,140.48548902357527
2022,vw_nz,SG1T75931496,SINGAPORE TELECOM,SG,0.0003387641659330327,0.5368305497172001,0.21232042853664476
2022,vw_nz,JP3409000001,SUMITOMO REAL.&DEV.,JP,0.00033625594389789624,5.441303973870858,2.984876175125399
2022,vw_nz,JP3277800003,KEIO,JP,0.00033459854590228813,31.682300348509074,14.128765385786453
2022,vw_nz,BMG2624N1535,DFI RETAIL GROUP HOLDINGS,HK,0.0003298966150097125,26.244162341940083,65.31497871728024
2022,vw_nz,JP3787000003,HITACHI CON.MCH.,JP,0.0003161024739803743,11.650463337501352,17.571941523013678
2022,vw_nz,KYG217651051,CK HUTCHISON HOLDINGS,HK,0.00030186418413376287,218.42454260638223,289.8142492261459
2022,vw_nz,AU000000CWY3,CLEANAWAY WASTE MANAGEMENT,AU,0.00029737209703908967,673.1116976773059,289.8005094167736
2022,vw_nz,AU000000STO6,SANTOS,AU,0.0002904411739826821,1273.487657474776,329.23020145859635
2022,vw_nz,JP3600200004,TOHO GAS,JP,0.0002899982462147755,23.092925931996263,31.903434591581235
2022,vw_nz,HK0308001558,CTII.INTL.INV.HK.,HK,0.0002891569641983842,25.163716927599644,10.36204879164577
2022,vw_nz,JP3574200006,TOKYU,JP,0.00028495543403347305,18.584195694039128,17.641000031211963
2022,vw_nz,JP3753000003,NIPPON YUSEN KK,JP,0.0002453634835719428,678.2452951117393,923.0394858402963
2022,vw_nz,JP3678000005,NISSHINBO HOLDINGS,JP,0.00023894331202548667,30.153295681290867,86.78048277284918
2022,vw_nz,HK0004000045,WHARF HOLDINGS,HK,0.00023145818180367938,5.692719232900337,1.5671213229548855
2022,vw_nz,JP3789000001,KANADEVIA,JP,0.00022748321857357951,66.14804142501329,221.08499000273054
2022,vw_nz,JP3385980002,J S R DEAD - DELIST.25/06/24,JP,0.00022682579216107805,118.41997894313651,48.16078417088579
2022,vw_nz,JP3039710003,JAPAN METROPOLITAN FUND INVESTMENT REIT,JP,0.00022048445065003884,8.28753802825994,0.8819296311181185
2022,vw_nz,JP3902400005,MITSUBISHI ELECTRIC,JP,0.00022022257470473175,7.123740298162601,10.662986648472623
2022,vw_nz,SG1J26887955,SINGAPORE EXCHANGE,SG,0.00021368117223640777,0.04463807449201872,0.004728030194551688
2022,vw_nz,JP3160400002,EISAI,JP,0.00021314538091171936,7.466680016642543,3.051617946404214
2022,vw_nz,JP3869010003,MATSUKIYOKARA,JP,0.0002088383343766264,0.3971255605717323,0.44067783182545595
2022,vw_nz,JP3322930003,SUMCO,JP,0.00020292761037566962,9.542176590927912,4.19203722529056
2022,vw_nz,JP3293200006,COCA-COLA BOTTLERS JAPAN HOLDINGS,JP,0.0002018497209163559,27.704038020794513,77.15381465700722
2022,vw_nz,JP3544000007,TEIJIN,JP,0.00018809774795643065,96.39578657772549,310.3024441354853
2022,vw_nz,JP3629000005,TOPPAN HOLDINGS,JP,0.0001855847977716355,28.645200955209216,56.40268281140359
2022,vw_nz,JP3456000003,TAKASHIMAYA,JP,0.00017407117213486285,3.1293659783982797,11.826741775680139
2022,vw_nz,JP3762800005,NOMURA RESEARCH INST.,JP,0.0001666489716976333,0.19260589809337497,0.04535569066511853
2022,vw_nz,JP3977400005,RINNAI,JP,0.0001473204925376188,11.03392084103522,8.105992945230813
2022,vw_nz,JP3796150005,HIROGIN HOLDINGS,JP,0.00014226695506630146,1.266595006726465,0.8149643718217894
2022,vw_nz,JP3613400005,TOYO SEIKAN GROUP HDG.,JP,0.00013694190841052813,56.767973074623136,160.14127751801087
2022,vw_nz,JP3940000007,YAMATO HDG.,JP,0.00013201798096577568,43.446467074060855,78.83499306752604
2022,vw_nz,JP3788600009,HITACHI,JP,0.00012714981650235267,14.388794867618838,24.79721927497617
2022,vw_nz,JP3835620000,BENESSE HOLDINGS DEAD - DELIST.17/05/24,JP,0.00012696686633521928,0.019569241848432308,0.03617892649889292
2022,vw_nz,HK0000745908,YUEXIU PROPERTY COMPANY,HK,0.00011777738722941198,0.2019499241658667,0.5720548364178553
2022,vw_nz,JP3942800008,YAMAHA MOTOR,JP,0.00011422694957552173,9.77961129973969,18.641947087910104
2022,vw_nz,AU000000DXS1,DEXUS STAPLED UNITS,AU,0.00010899515877592722,19.810216757667845,1.623730585899088
2022,vw_nz,SG1R50925390,SEMBCORP INDUSTRIES,SG,0.00010880168065053942,4362.2549852749535,8343.24848957834
2022,vw_nz,JP3143900003,ITOCHU TECHNO-SOLUTIONS DEAD - DELIST.01/12/23,JP,9.46359721517062e-05,0.058995628694122754,0.041892451523877904
2022,vw_nz,JP3511800009,CHIBA BANK,JP,8.788749752377474e-05,1.3607851819053944,0.5194015052503493
2022,vw_nz,JP3210200006,KAJIMA,JP,8.132566991148159e-05,14.007568889795536,38.81052858355827
2022,vw_nz,NZCENE0001S6,CONTACT ENERGY,NZ,8.090989471199082e-05,461.21661369719124,188.82742699166545
2022,vw_nz,JP3903000002,MITSUBISHI MATERIALS,JP,7.72383137111993e-05,603.4268978820575,3828.2298710837576
2022,vw_nz,JP3119600009,AJINOMOTO,JP,7.41129676627036e-05,101.71065117850704,64.20143414449112
2022,vw_nz,JP3721400004,JAPAN STEEL WORKS,JP,7.235471112099878e-05,36.21522989706517,26.17221316260997
2022,vw_nz,JP3621000003,TORAY INDS.,JP,6.489036325187546e-05,160.7232573247381,324.3268789154617
2022,vw_nz,JP3888400003,MITSUI KINZOKU LIMITED,JP,6.377230359034095e-05,145.92576900774688,490.2533693385578
2022,vw_nz,AU000000OZL8,OZ MINERALS DEAD - DELIST.03/05/23,AU,5.980505479874052e-05,63.89256548205941,16.085416094016388
2022,vw_nz,JP3173400007,OBIC,JP,5.547417342462406e-05,0.20285109819163447,0.009395541454212997
2022,vw_nz,AU000000JBH7,JB HI-FI,AU,5.287666012245305e-05,0.08343288703620154,0.13468136940633416
2022,vw_nz,AU000000SHL7,SONIC HEALTHCARE,AU,5.1965194741930394e-05,5.535224818639278,2.7307222270536484
2022,vw_nz,JP3526600006,CHUBU ELEC.POWER,JP,5.1625868652331056e-05,11.656528221361443,35.83782190991699
2022,vw_nz,JP3549600009,DENKA,JP,4.9663583720599785e-05,492.37053618239594,522.5199654233702
2022,vw_nz,BMG507361001,JARDINE MATHESON HDG.,HK,4.8472772340879124e-05,135.28627375620454,115.11897268573827
2022,vw_nz,JP3635400009,TOYOTA BOSHOKU,JP,4.79468930487859e-05,3.8119789744139307,13.581992811266279
2022,vw_nz,JP3619800000,TOYOBO,JP,4.6580950409088457e-05,223.77434594954448,712.5820211597272
2022,vw_nz,SG2B80958517,OUE,SG,4.287796834586539e-05,9.7490927012859,2.3346566523605152
2022,vw_nz,JP3381000003,NIPPON STEEL,JP,4.2177804050862335e-05,1290.3677829557635,4513.180187347197
2022,vw_nz,HK0006000050,POWER ASSETS HOLDINGS,HK,3.87399204378728e-05,42401.69916995975,529.7898790281963
2022,vw_nz,JP3404200002,SUMITOMO RUBBER INDS.,JP,3.573334236098694e-05,46.07384819045878,138.82649266097613
2022,vw_nz,JP3280200001,KEIKYU,JP,3.4182620303370964e-05,30.93660467078859,22.258264627498278
2022,vw_nz,JP3197600004,ONO PHARM.,JP,3.163181466322403e-05,3.252066948247804,0.762172074108247
2022,vw_nz,JP3982100004,LAWSON DEAD - DELIST.24/07/24,JP,3.108390827188071e-05,0.6952442972586517,0.9736218035648467
2022,vw_nz,HK2380027329,CHIN.PWR.INTDVT.,HK,3.069358493158753e-05,11469.346197379677,11534.680805344045
2022,vw_nz,JP3684400009,NITTO BOSEKI,JP,3.0524779654163896e-05,196.9697179865256,148.34315323220926
2022,vw_nz,AU000000CSL8,CSL,AU,2.972050710766677e-05,10.288372913095962,1.1632089414899198
2022,vw_nz,AU000000WBC1,WESTPAC BANKING,AU,2.9089677184132587e-05,0.384897562760272,0.13554661116753985
2022,vw_nz,AU000000BLD2,BORAL DEAD - DELIST.08/07/24,AU,2.741463162937904e-05,633.8105020970551,262.4174766093294
2022,vw_nz,JP3411000007,SURUGA BANK,JP,2.7311743802557743e-05,0.19214215445154942,0.1502403846153846
2022,vw_nz,JP3347200002,SHIONOGI,JP,2.5648987216473235e-05,17.002123700465898,2.110082031769709
2022,vw_nz,JP3300600008,KONICA MINOLTA,JP,2.4095353177310475e-05,19.97959777574272,78.46155365111962
2022,vw_nz,JP3493800001,DAI NIPPON PRINTING,JP,2.383232077238482e-05,29.3318352056115,44.928179837375566
2022,vw_nz,JP3919800007,MEIDENSHA,JP,2.3737290647367457e-05,7.658441570798335,16.316267037337347
2022,vw_nz,JP3579800008,TOKYO STEEL MNFG.,JP,2.2215281482282995e-05,159.08689960669318,208.14798531009154
2022,vw_nz,JP3774200004,HANKYU HANSHIN HDG.,JP,2.104472713453152e-05,17.30625002376256,13.731454083774029
2022,vw_nz,JP3276400003,GUNMA BANK,JP,2.0798052579272973e-05,1.2707925433147547,1.099659645429817
2022,vw_nz,HK0363006039,SHANGHAI INDUSTRIAL HOLDINGS,HK,2.050832827929167e-05,47.96355209304841,148.64407931234376
2022,vw_nz,JP3566800003,CENTRAL JAPAN RAILWAY,JP,1.812989340185223e-05,8.95659457659276,2.509702119567158
2022,vw_nz,JP3546800008,TERUMO,JP,1.695652528870066e-05,11.073639946494655,2.3504296857785025
2022,vw_nz,AU000000ANN9,ANSELL,AU,1.694756040400157e-05,67.66626490852506,57.283906747718824
2022,vw_nz,JP3166000004,EBARA,JP,1.595543605194265e-05,28.825707068992624,32.36108154140941
2022,vw_nz,JP3538800008,TDK,JP,1.5728305261313232e-05,9.400667873085924,9.159669843995921
2022,vw_nz,AU000000CSR5,CSR DEAD - DEAD.10/07/24,AU,1.4477907013516108e-05,176.97934808375373,138.56778548470658
2022,vw_nz,HK0002007356,CLP HOLDINGS,HK,1.2994217884245317e-05,4097.363173541027,1747.9278970337773
2022,vw_nz,SGXE21576413,GENTING SINGAPORE,SG,1.125469039866497e-05,4.9627164874574605,0.5958626210677616
2022,vw_nz,JP3229400001,KANSAI PAINT,JP,9.442628487187803e-06,19.64704141419311,12.606642345667554
2022,vw_nz,JP3436120004,SBI HDG.,JP,8.8742532637249e-06,0.21037098169561927,0.19888081695768997
2022,vw_nz,JP3164800009,NOK,JP,8.334638421415814e-06,7.031639634299858,21.740974844101302
2022,vw_nz,JP3595200001,TOSOH,JP,8.31217377644222e-06,1005.7797137060379,1527.437780497756
2022,vw_nz,AU000000CPU5,COMPUTERSHARE,AU,7.846032671420356e-06,1.0683545954656566,0.26921505578446586
2022,vw_nz,JP3228600007,KANSAI ELECTRIC PWR.,JP,6.856114647806498e-06,951.4875062777721,2702.201912037195
2022,vw_nz,JP3156400008,USHIO,JP,6.54331819643158e-06,3.341464753821898,2.1246882793017456
2022,vw_nz,JP3256000005,KYOWA KIRIN,JP,6.027319332568548e-06,5.267913047770725,1.177218524590521
2022,vw_nz,JP3358200008,SHIMAMURA,JP,5.786904486315989e-06,0.15172303952087293,0.22613652844910007
2022,vw_nz,JP3845400005,HOKURIKU ELEC.POWER,JP,5.6122051248851695e-06,3506.7039543694823,19000.16204829039
2022,vw_nz,JP3818000006,FUJITSU,JP,5.223566154245044e-06,2.220006655579953,2.482926334413288
2022,vw_nz,JP3137200006,ISUZU MOTORS,JP,4.560855230113956e-06,6.1461835153632025,12.934233089677376
2022,vw_nz,SG1S83002349,UOL GROUP,SG,4.011720271534918e-06,1.1730930000625581,0.49682069786995514
2022,vw_nz,JP3675600005,NISSIN FOODS HOLDINGS,JP,3.963594659964193e-06,60.17083176830985,39.687431004146184
2022,vw_nz,JP3684000007,NITTO DENKO,JP,3.8679894665783335e-06,44.917382715760674,28.514980355330298
2022,vw_nz,JP3742600004,NHK SPRING,JP,3.673776723591192e-06,15.0399014296283,40.203766940289775
2022,vw_nz,JP3827200001,FURUKAWA ELECTRIC,JP,3.492845986087912e-06,15.9244642941786,88.13484631486175
2022,vw_nz,JP3850200001,HOKKAIDO ELEC.POWER,JP,3.3565256185130486e-06,2402.415500998195,14865.107060398723
2022,vw_nz,JP3605400005,TOHOKU ELECTRIC PWR.,JP,1.923454428056816e-06,1750.635649055569,10197.676116958628
2022,vw_nz,JP3419050004,SEGA SAMMY HDG.,JP,1.3304897428986197e-06,2.649719089931067,1.499433112605321
2022,vw_nz,JP3421800008,SECOM,JP,1.1029112611109875e-06,6.414925352628837,3.527924476935135
2023,vw_nz,AU000000BWP3,BWP GROUP STAPLED UNITS,AU,0.07134964151393844,0.0,0.0
2023,vw_nz,AU000000BHP4,BHP GROUP,AU,0.029569789156272657,130.05612490785322,45.50208220372044
2023,vw_nz,JP3837800006,HOYA,JP,0.0285829861528804,2.3595046564824393,0.34044166806989734
2023,vw_nz,JP3539220008,T & D HOLDINGS,JP,0.028285293490603828,0.08196249411724703,0.18151421576125268
2023,vw_nz,JP3898400001,MITSUBISHI,JP,0.02300011702445982,118.32967604422984,395.5276478243548
2023,vw_nz,KYG2108Y1052,CHINA RESOURCES LAND,HK,0.02213560790245795,1.1647821524406692,1.059670539746023
2023,vw_nz,JP3735400008,NTT,JP,0.02017990112152802,1.6643665154843688,1.5308171003705129
2023,vw_nz,JP3756600007,NINTENDO,JP,0.01611212909884171,0.1340907827806957,0.03089573910138811
2023,vw_nz,JP3732200005,NIPPON TELEVISION HDG.,JP,0.016033323043304994,0.6913055204746131,1.0341232626308432
2023,vw_nz,JP3910660004,TOKIO MARINE HOLDINGS,JP,0.015504397067008187,0.2676351257943177,0.31228629936762137
2023,vw_nz,JP3435000009,SONY GROUP,JP,0.014994293122574338,2.749543650469882,2.038041190761896
2023,vw_nz,HK0823032773,LINK REAL ESTATE INVESTMENT TRUST,HK,0.014976244200659962,9.429834706920367,0.8176818250328235
2023,vw_nz,AU000000WES1,WESFARMERS,AU,0.012473432646341964,28.59363574837614,20.97707171119606
2023,vw_nz,JP3633400001,TOYOTA MOTOR,JP,0.012351123627459807,8.55329089274602,9.918284633928042
2023,vw_nz,JP3854600008,HONDA MOTOR,JP,0.01221343016546604,8.534000302776935,24.143674800205552
2023,vw_nz,AU000000CBA7,COMMONWEALTH BK.OF AUS.,AU,0.011962871457442117,0.30295864785305365,0.059949187157092694
2023,vw_nz,JP3358000002,SHIMANO,JP,0.011824256262210371,2.114230510738968,0.6192302195827669
2023,vw_nz,JP3397200001,SUZUKI MOTOR,JP,0.011706962814058626,12.236754987388132,22.760366398545937
2023,vw_nz,JP3814000000,FUJIFILM HOLDINGS,JP,0.011645560850104215,28.61876620450384,22.574324587220215
2023,vw_nz,JP3899600005,MITSUBISHI ESTATE,JP,0.010893326111720242,10.526591847347836,6.499755341706083
2023,vw_nz,HK2388011192,BOC HONG KONG HOLDINGS,HK,0.01053839614314757,0.038698282975544875,0.015426099552952762
2023,vw_nz,JP3475350009,DAIICHI SANKYO,JP,0.010486970814196087,9.340830963172325,1.403853668585024
2023,vw_nz,JP3955000009,YOKOGAWA ELECTRIC,JP,0.009933602190717008,4.632167104751087,3.2722401769008336
2023,vw_nz,SG9999000020,FLEX,SG,0.009882706392412375,2.778568225586611,7.923182716566631
2023,vw_nz,HK0019000162,SWIRE PACIFIC 'A',HK,0.009685713411155499,9.462171871233949,14.684503443516057
2023,vw_nz,AU000000ANZ3,ANZ GROUP HOLDINGS,AU,0.009505284062650157,0.3012399102894397,0.115206450518131
2023,vw_nz,JP3198900007,ORIENTAL LAND,JP,0.009403455496010644,22.024606980823126,1.2367924015555969
2023,vw_nz,AU000000BEN6,BENDIGO & ADELAIDE BANK,AU,0.009290899988391972,0.7488546295378437,0.3440781428691661
2023,vw_nz,JP3866800000,PANASONIC HOLDINGS,JP,0.009127858451454626,6.361637914472136,17.84099007820225
2023,vw_nz,JP3893200000,MITSUI FUDOSAN,JP,0.009105230668827478,10.394944262649682,10.255220495646576
2023,vw_nz,JP3571400005,TOKYO ELECTRON,JP,0.008943606816570153,1.2749408123215842,0.3784228779335084
2023,vw_nz,JP3194000000,OKI ELECTRIC IND.,JP,0.008850029655958078,3.012785908952192,17.117770259384567
2023,vw_nz,SG1L01001701,DBS GROUP HOLDINGS,SG,0.00878639581837611,0.03446887753521704,0.008388472163748743
2023,vw_nz,JP3201200007,OLYMPUS,JP,0.008776776691709495,4.399265709567274,1.1640321898046309
2023,vw_nz,JP3452000007,TAIYO YUDEN,JP,0.008379339586901681,16.137169010334322,9.390448125599479
2023,vw_nz,JP3830000000,BROTHER INDUSTRIES,JP,0.008253981388988564,3.096735128228607,4.792559069090763
2023,vw_nz,SG1V61937297,SINGAPORE AIRLINES,SG,0.00805658295303145,1263.2430647324663,939.9422437925348
2023,vw_nz,JP3551500006,DENSO,JP,0.007843781887814845,11.831625022273139,13.207687620919764
2023,vw_nz,JP3162600005,SMC,JP,0.00742258158814174,10.05845173235915,1.8128652305630975
2023,vw_nz,JP3519400000,CHUGAI PHARM.,JP,0.007414799087853513,4.89053042246006,1.1134092372296431
2023,vw_nz,JP3634600005,TOYOTA INDS.,JP,0.007287003947346572,14.238956916910125,17.840386191747598
2023,vw_nz,JP3242800005,CANON,JP,0.006762007981260059,5.147980185567935,5.46164240212385
2023,vw_nz,JP3528600004,CHIYODA CORPORATION,JP,0.006661962294020551,27.54078195966495,114.1602866701046
2023,vw_nz,JP3726200003,NIPPON SODA,JP,0.006636717130969114,36.488344790445254,54.08120281261139
2023,vw_nz,HK0000139300,TELEVISION BROADCASTS,HK,0.006620284012788052,1.0127506943988802,2.115105284794226
2023,vw_nz,AU000000NAB4,NATIONAL AUS.BANK,AU,0.006349133841326552,0.41838734664367355,0.10783455706849128
2023,vw_nz,JP3862400003,MAKITA,JP,0.0062884176987611055,3.5560224324682244,2.840201034368808
2023,vw_nz,HK0066009694,MTR,HK,0.006063111288332975,8.261252811788236,1.5091569384183907
2023,vw_nz,AU000000QBE9,QBE INSURANCE GROUP,AU,0.005962525355614676,0.4183117797547887,0.5624885089170804
2023,vw_nz,BMG5320C1082,KUNLUN ENERGY,HK,0.00595161875727704,14.668807351437023,54.26095665236986
2023,vw_nz,AU000000WOW2,WOOLWORTHS GROUP,AU,0.005928431944424044,10.934655879067723,15.400442652956508
2023,vw_nz,JP3143600009,ITOCHU,JP,0.0056074702102755156,10.892717929397831,23.151949261093428
2023,vw_nz,HK0004000045,WHARF HOLDINGS,HK,0.005588495596320502,7.230194026559046,2.1454455979975497
2023,vw_nz,JP3546800008,TERUMO,JP,0.005393128216760876,10.806362087159325,3.065919926653158
2023,vw_nz,JP3122400009,ADVANTEST,JP,0.005354969859417793,0.8363579592671855,0.23312606511582648
2023,vw_nz,JP3885400006,MISUMI GROUP,JP,0.005331090571199384,2.2064028595695127,0.8667670949478821
2023,vw_nz,JP3902900004,MITSUBISHI UFJ FINL.GP.,JP,0.005313751305360218,0.49736336230639233,0.33127522558262823
2023,vw_nz,SG1S04926220,OVERSEA-CHINESE BKG.,SG,0.005178127895419539,0.006806763929251455,0.0031948587073736662
2023,vw_nz,JP3188220002,OTSUKA HOLDINGS,JP,0.0051155095713383315,24.180027432827657,18.307551699372873
2023,vw_nz,HK0014000126,HYSAN DEVELOPMENT,HK,0.005091319374784208,3.9755663595462325,0.5006993805486569
2023,vw_nz,JP3496400007,KDDI,JP,0.005050950736753738,2.020724688487329,1.2264991423956304
2023,vw_nz,AU000000MGR9,MIRVAC GROUP STAPLED UNITS,AU,0.005007255362597181,7.557005097369406,1.4682993977106602
2023,vw_nz,JP3362700001,MITSUI OSK LINES,JP,0.005001834089516834,872.0409134994648,1179.5614451496845
2023,vw_nz,JP3931600005,YAKULT HONSHA,JP,0.004958359324805581,71.0486496842322,21.31481785803059
2023,vw_nz,HK0000745908,YUEXIU PROPERTY COMPANY,HK,0.004938108579127874,0.18000163415940992,0.4353376986827341
2023,vw_nz,JP3352000008,77 BANK,JP,0.004918976244062154,1.2516186545046653,0.8841106294718465
2023,vw_nz,JP3436100006,SOFTBANK GROUP,JP,0.004850862036249127,0.2980497141485127,0.17842171736829912
2023,vw_nz,JP3266400005,KUBOTA,JP,0.004849723191456093,13.612274398719716,16.046267491279078
2023,vw_nz,JP3134800006,IHI,JP,0.004693658635866446,6.0565943610977255,13.322077905189996
2023,vw_nz,AU000000APA1,APA GROUP,AU,0.004685824642431242,687.6116658956403,154.21212331263513
2023,vw_nz,HK0388045442,HONG KONG EXCHANGES AND CLEARING,HK,0.004681426699174667,0.1320814337072736,0.005055204411929651
2023,vw_nz,AU000000BOQ8,BANK OF QLND.,AU,0.0046777452885351555,0.22736921284094697,0.1220870459218643
2023,vw_nz,SG1R89002252,CITY DEVELOPMENTS,SG,0.004351456696398333,0.034958756612369364,0.015255159884476835
2023,vw_nz,JP3292200007,JTEKT,JP,0.0043492776195313025,8.41351753978358,42.899681362516354
2023,vw_nz,SG9999003735,XP POWER (DI),SG,0.0042463275106674105,1.4457805756063657,0.8702594810379242
2023,vw_nz,JP3766550002,HAKUHODO DY HDG.,JP,0.0042153104892939785,0.02127704561838475,0.03785674062927367
2023,vw_nz,JP3582600007,TOKYO TATEMONO,JP,0.004207412445683295,5.303988705175131,5.651997122392168
2023,vw_nz,AU000000SHL7,SONIC HEALTHCARE,AU,0.004107711501228582,5.279191477929981,3.029678790477433
2023,vw_nz,JP3351100007,SYSMEX,JP,0.003958967384474962,4.449044979062195,0.9866214247671183
2023,vw_nz,JP3802300008,FAST RETAILING,JP,0.003876318768153739,0.5134459118198815,0.14468872925057202
2023,vw_nz,AU000000GMG2,GOODMAN GROUP,AU,0.003818008392562699,2.3676823562914446,0.12818776203329577
2023,vw_nz,JP3625000009,TOKUYAMA,JP,0.0034477869854156653,2451.399084760839,5999.852651354687
2023,vw_nz,AU000000TLS2,TELSTRA GROUP,AU,0.003434914539857535,1.959440886821348,0.9088368998780353
2023,vw_nz,JP3463000004,TAKEDA PHARMACEUTICAL,JP,0.003407138107951825,9.016203321699502,5.544421121402206
2023,vw_nz,AU000000AMP6,AMP,AU,0.0032987993762871822,0.01676362665540813,0.009389573400381842
2023,vw_nz,JP3404200002,SUMITOMO RUBBER INDS.,JP,0.0032426357727699377,44.0579756213314,158.7742794090396
2023,vw_nz,JP3762800005,NOMURA RESEARCH INST.,JP,0.0031890913204804137,0.18888673558010327,0.06677836461120634
2023,vw_nz,JP3320800000,SAPPORO HOLDINGS,JP,0.0030708546243840102,32.057990866231926,61.01857319452816
2023,vw_nz,JP3499800005,MITSUBISHI HC CAPITAL,JP,0.0030399796391058927,0.22094668118267785,0.427128158400564
2023,vw_nz,AU000000MQG1,MACQUARIE GROUP,AU,0.0030351581323798302,0.02947332319757232,0.007365370591012641
2023,vw_nz,AU000000TCL6,TRANSURBAN GROUP STAPLED UNITS,AU,0.0030106675898354447,2.0151707689664384,0.19282362742164894
2023,vw_nz,JP3783420007,HIKARI TSUSHIN,JP,0.0029394874146365735,0.20124322231381586,0.15107566793966157
2023,vw_nz,HK0011000095,HANG SENG BANK DEAD - DELIST.28/01/26,HK,0.002911220268589588,0.022632029336441768,0.004474205412337929
2023,vw_nz,JP3351600006,SHISEIDO,JP,0.002874900592917392,2.5387772512566675,1.0396628546516353
2023,vw_nz,JP3200450009,ORIX,JP,0.0028398706018812887,47.60769073168233,44.5329237805293
2023,vw_nz,AU000000GPT8,GPT GROUP STAPLED UNITS,AU,0.0028228927659726664,13.024619559949599,1.1967981474677978
2023,vw_nz,SG1U68934629,KEPPEL,SG,0.0027856614133269938,0.6109125464163091,0.2903705206753956
2023,vw_nz,JP3783600004,EAST JAPAN RAILWAY,JP,0.002773228345660161,87.78130443018384,74.63360790644873
2023,vw_nz,JP3336000009,SANTEN PHARM.,JP,0.0027518283572164353,8.052186224623117,5.5715727496572836
2023,vw_nz,JP3769000005,HACHIJUNI NAGANO BANK,JP,0.002748022788672241,1.6501444136472978,1.1412316090933947
2023,vw_nz,JP3820000002,FUJI ELECTRIC,JP,0.0027316872496021,18.23143796180638,22.905834492602057
2023,vw_nz,AU000000SUN6,SUNCORP GROUP,AU,0.002691232190548932,0.14822497522899572,0.16381105376367427
2023,vw_nz,JP3827200001,FURUKAWA ELECTRIC,JP,0.002691190126757905,18.7629739820962,112.43064243137832
2023,vw_nz,JP3967200001,RAKUTEN GROUP,JP,0.002612331897511786,0.19919799994818588,0.3619282024474623
2023,vw_nz,AU000000IGO4,IGO,AU,0.0025728171741290725,139.20481100563748,13.450650412623247
2023,vw_nz,KYG210961051,CHINA MENGNIU DAIRY,HK,0.002532395276016575,19.702631620173484,13.590500722497959
2023,vw_nz,JP3888300005,MITSUI CHEMICALS,JP,0.0024925078282392052,242.55551288311884,763.3472724062342
2023,vw_nz,JP3223800008,KAWASAKI KISEN KAISHA,JP,0.002408255091411245,918.7844906162312,1078.9286073550552
2023,vw_nz,JP3300600008,KONICA MINOLTA,JP,0.0022877214668091,18.154171261997966,72.83895981451371
2023,vw_nz,JP3830800003,BRIDGESTONE,JP,0.0022826216326112024,49.326018962524856,59.031689798579634
2023,vw_nz,JP3789000001,KANADEVIA,JP,0.0022618312222960923,52.39855718720311,178.22584274719833
2023,vw_nz,JP3868400007,MAZDA MOTOR,JP,0.0022539723540614936,3.9703725878449325,22.25175995667799
2023,vw_nz,JP3385820000,GS YUASA,JP,0.002242779230110021,16.857291862192465,46.0917840742689
2023,vw_nz,BMG8063F1068,SHANGRI-LA ASIA,HK,0.0022129094315789808,102.70722552178694,45.821674262882
2023,vw_nz,HK0291001490,CHINA RESOURCES BEER HOLDINGS,HK,0.002200390329900215,33.77885724901672,7.197029788132605
2023,vw_nz,SG1T58930911,FRASER AND NEAVE,SG,0.001961374062017863,32.46653582519928,36.33346976961759
2023,vw_nz,JP3486800000,DAITO TST.CONSTRUCTION,JP,0.0019540020831883467,2.672692249810934,4.944689827358329
2023,vw_nz,AU000000SBM8,ST BARBARA,AU,0.001952185641122713,299.1707811245933,337.7670106454844
2023,vw_nz,JP3209000003,CASIO COMPUTER,JP,0.0019291680724053762,1.6759920379484845,1.3082464982529916
2023,vw_nz,BMG8403G1033,SINOFERT HOLDINGS,HK,0.001913985520240151,490.40352504774256,1728.393479227183
2023,vw_nz,NZTELE0001S4,SPARK NEW ZEALAND,NZ,0.0017838544882856683,0.9538859522058524,0.41680655627120583
2023,vw_nz,JP3419400001,SEKISUI CHEMICAL,JP,0.0017612540653138586,19.49604292882693,29.08998137930069
2023,vw_nz,AU000000MTS0,METCASH,AU,0.0017322795973324214,1.1817227829361552,4.612160060263233
2023,vw_nz,JP3274400005,GLORY,JP,0.001729681144708453,9.417142023260118,16.26753335614095
2023,vw_nz,JP3906000009,MINEBEA MITSUMI,JP,0.0017159220353078707,11.268006325796724,14.493196840217157
2023,vw_nz,JP3574200006,TOKYU,JP,0.001704850338717648,20.494120623817174,18.110948860697878
2023,vw_nz,JP3973400009,RICOH,JP,0.0016974270711838883,7.254221584099298,24.05419709960834
2023,vw_nz,JP3404600003,SUMITOMO,JP,0.0016722097860075614,29.635783781433304,69.40570907379717
2023,vw_nz,JP3352400000,CITIZEN WATCH,JP,0.0016273268332941267,8.0193989029556,13.389100126742711
2023,vw_nz,AU000000ELD6,ELDERS,AU,0.0016213423580144087,24.19413483937441,56.67027109788423
2023,vw_nz,AU000000JBH7,JB HI-FI,AU,0.001617908114679653,0.04806063815354721,0.0880494740443
2023,vw_nz,JP3126400005,ALPS ALPINE,JP,0.0015954532593347144,2.365738686739943,7.033864892751387
2023,vw_nz,JP3893600001,MITSUI,JP,0.0015640514666072686,27.171067249693053,63.74624329773779
2023,vw_nz,JP3203500008,ONWARD HOLDINGS,JP,0.0015452879877967266,0.9072527239655994,3.0013875027384924
2023,vw_nz,HK0270001396,GUANGDONG INVESTMENT,HK,0.001544407044629275,1002.4488145504313,405.0907997939753
2023,vw_nz,SGXE21576413,GENTING SINGAPORE,SG,0.0015432440698130352,1.3384180581032683,0.19189809504446273
2023,vw_nz,SG1M31001969,UNITED OVERSEAS BANK,SG,0.0014871896056973157,0.37980140184697425,0.12571632112138958
2023,vw_nz,JP3814800003,SUBARU,JP,0.001470375771584214,5.869678093817494,12.694645300822408
2023,vw_nz,HK0101000591,HANG LUNG PROPERTIES,HK,0.0014676831922778002,3.057501337751577,0.4507297822441069
2023,vw_nz,AU000000WBC1,WESTPAC BANKING,AU,0.0014653006470210636,0.34571397684343586,0.11195224645265507
2023,vw_nz,NZCENE0001S6,CONTACT ENERGY,NZ,0.001457360869480397,360.78704068455,132.4
2023,vw_nz,JP3494600004,SCREEN HOLDINGS,JP,0.0014343969239732648,2.7627389521414325,2.382513342754605
2023,vw_nz,JP3165700000,NTT DATA GROUP DEAD - DELIST.26/09/25,JP,0.0014081340506482492,2.099368570972761,2.3486341589365005
2023,vw_nz,SG0531000230,VENTURE CORPORATION,SG,0.0013752408673496448,0.9003929695529018,0.6402816372331358
2023,vw_nz,JP3131400008,AEON FINANCIAL SERVICE,JP,0.0013312401366498178,0.7881336468498584,1.278358849982315
2023,vw_nz,JP3197600004,ONO PHARM.,JP,0.0012887038500919673,2.4544504874478803,0.7134523174584393
2023,vw_nz,JP3305800009,KOMORI,JP,0.0012862049709119353,6.921921070537536,13.605461131234328
2023,vw_nz,JP3756100008,NITORI HOLDINGS,JP,0.0012385199319277147,5.062038727910633,2.0816282982264167
2023,vw_nz,HK0023000190,BANK OF EAST ASIA,HK,0.001217861735947943,0.8624810464907097,0.9530444055498244
2023,vw_nz,HK0293001514,CATHAY PACIFIC AIRWAYS,HK,0.001210836730416202,1778.5036808386792,1805.4409374385789
2023,vw_nz,JP3421100003,JAPAN PETROLEUM EXP.,JP,0.0012085688095358092,91.9889884517787,123.34310983789192
2023,vw_nz,JP3359600008,SHARP,JP,0.0011809080899678488,16.545289556063388,60.27848294902006
2023,vw_nz,JP3834800009,HEIWA REAL ESTATE,JP,0.0011674865209894542,8.368136213117184,2.546411618179255
2023,vw_nz,JP3375800004,SHINKO ELEC.INDS. DEAD - DELIST.06/06/25,JP,0.001165850037400756,18.660699978140748,10.72179925079803
2023,vw_nz,JP3419050004,SEGA SAMMY HDG.,JP,0.001161908683393412,2.3863905086544506,1.7289064275099828
2023,vw_nz,JP3420600003,SEKISUI HOUSE,JP,0.0011312966050284136,2.4322775767794056,4.286069636368131
2023,vw_nz,AU000000ASX7,ASX,AU,0.00111085403613595,0.06762385986172273,0.005268442974900084
2023,vw_nz,JP3835620000,BENESSE HOLDINGS DEAD - DELIST.17/05/24,JP,0.001091443072469613,0.022728411978309,0.04646426070905735
2023,vw_nz,AU000000IRE2,IRESS,AU,0.0010868302065364659,0.12072397942681166,0.04166470135056523
2023,vw_nz,JP3670800006,NISSAN CHEMICAL,JP,0.0010784971336058916,130.98427499739935,34.95477893101701
2023,vw_nz,JP3894900004,ISETAN MITSUKOSHI HDG.,JP,0.0010662281316662367,4.826244298487668,4.1399925620472615
2023,vw_nz,JP3780100008,PARK24,JP,0.0010591076504174214,85.96995694532252,69.71894674597377
2023,vw_nz,HK0688002218,CHINA OVERSEAS LAND INVESTMENT,HK,0.001043808362994175,0.3882214306386254,0.35829941759078865
2023,vw_nz,JP3249600002,KYOCERA,JP,0.0009638984439454722,7.839379790128732,6.410035406421633
2023,vw_nz,JP3294460005,INPEX,JP,0.0009371983299094522,365.744528717021,434.8568426582611
2023,vw_nz,JP3877600001,MARUBENI,JP,0.0009078206099918046,13.28827413084901,47.40575718937674
2023,vw_nz,JP3371200001,SHIN-ETSU CHEMICAL,JP,0.0009048284420012988,104.71283274880324,37.217669345366716
2023,vw_nz,JP3914400001,MURATA MANUFACTURING,JP,0.0009003098978716856,19.125998382549092,6.6964234757329475
2023,vw_nz,JP3573000001,TOKYO GAS,JP,0.0008857983408003508,184.86619057802574,469.02052204951514
2023,vw_nz,JP3659000008,WEST JAPAN RAILWAY,JP,0.0008776944388990958,14.550972528503673,14.310993230671787
2023,vw_nz,JP3027680002,JAPAN REAL ESTATE INV.,JP,0.0008771959953767201,4.825109279629377,0.4593268923113461
2023,vw_nz,AU000000WOR2,WORLEY,AU,0.0008655629817869635,3.0151186587028507,3.9362557103378264
2023,vw_nz,JP3116000005,ASAHI GROUP HOLDINGS,JP,0.0008498865225835115,24.338267559165256,28.07911704154648
2023,vw_nz,JP3351500008,SHIZUOKA FINANCIAL GROUP,JP,0.0008403493422530285,0.5418656845255222,0.2388800038967681
2023,vw_nz,BMG4600H1198,HOPSON DEVELOPMENT HOLDINGS,HK,0.0008224864796453319,0.8636003530372919,0.876079042706299
2023,vw_nz,JP3511800009,CHIBA BANK,JP,0.0008095703378746784,1.188572917813243,0.4024561860925315
2023,vw_nz,JP3788600009,HITACHI,JP,0.0007976581780757837,5.705547477030776,9.571297670678211
2023,vw_nz,JP3890350006,SUMITOMO MITSUI FINL.GP.,JP,0.000767289235063138,0.3537550495234726,0.2510394746680624
2023,vw_nz,JP3322930003,SUMCO,JP,0.0007665456885926874,25.033766475711424,15.933656700102642
2023,vw_nz,JP3197800000,OMRON,JP,0.0007521306428687318,0.6367198486018305,0.34588150929209804
2023,vw_nz,HK0010000088,HANG LUNG GROUP,HK,0.0007481823292420139,2.891507540569987,1.538678658748231
2023,vw_nz,JP3626800001,LIXIL,JP,0.0007378923738217653,39.26585363183953,94.85396267118831
2023,vw_nz,JP3166000004,EBARA,JP,0.0007254694357925753,16.217443482209465,22.163006334496462
2023,vw_nz,JP3753000003,NIPPON YUSEN KK,JP,0.0006839561444023799,544.2874654496082,894.9749598833317
2023,vw_nz,JP3726800000,JAPAN TOBACCO,JP,0.0006514154217167027,16.278992811406408,8.22875787786462
2023,vw_nz,JP3802400006,FANUC,JP,0.000647851620956536,8.984556588021656,1.6099126720703287
2023,vw_nz,AU000000ALL7,ARISTOCRAT LEISURE,AU,0.0006403500688914427,1.1601203454401008,0.2775376358312325
2023,vw_nz,JP3619800000,TOYOBO,JP,0.0006174270907879846,228.59050835703783,1009.4422547991039
2023,vw_nz,JP3566800003,CENTRAL JAPAN RAILWAY,JP,0.0006012559409305952,7.18987123345684,2.8670338354411418
2023,vw_nz,AU000000SEK6,SEEK,AU,0.0006006599446837541,0.10102946731065299,0.013763613073555564
2023,vw_nz,JP3675600005,NISSIN FOODS HOLDINGS,JP,0.0005852933434515325,58.79528851106294,36.40164791243928
2023,vw_nz,AU000000CSR5,CSR DEAD - DEAD.10/07/24,AU,0.0005621774489286141,155.47276228776153,153.3197317910758
2023,vw_nz,JP3982100004,LAWSON DEAD - DELIST.24/07/24,JP,0.0005588719790295806,0.6045313419977202,1.0793064326663386
2023,vw_nz,JP3597800006,TOBU RAILWAY,JP,0.0005228974319913429,28.212977140742378,25.98900521868386
2023,vw_nz,JP3368000000,RESONAC HOLDINGS,JP,0.000514494897618124,303.51140196083855,1045.7267197153792
2023,vw_nz,JP3711200000,AOZORA BANK,JP,0.0005121737869454776,0.08843547630846961,0.04494362966449156
2023,vw_nz,JP3919800007,MEIDENSHA,JP,0.000511054326005375,9.789965297609358,30.592927012791574
2023,vw_nz,JP3388200002,AEON,JP,0.0005043607216995048,2.871580272912132,11.200835437437204
2023,vw_nz,IE00BKVD2N49,SEAGATE TECHNOLOGY HOLDINGS,SG,0.0004959666611962593,29.931565440547477,18.732228574411288
2023,vw_nz,KYG9431R1039,WANT WANT CHINA HOLDINGS,SG,0.00047845835322296544,54.92086239310012,24.67818351251339
2023,vw_nz,AU000000TAH8,TABCORP HOLDINGS,AU,0.00046308159243587917,6.655072052246752,2.023284254951801
2023,vw_nz,MU0117U00026,GOLDEN AGRI-RESOURCES,SG,0.00045839391497717657,603.6702276988625,2905.6268959150148
2023,vw_nz,BMG524401079,KERRY PROPERTIES,HK,0.0004561649130201895,2.6159971964164006,1.2766738802544428
2023,vw_nz,JP3900000005,MITSUBISHI HEAVY INDS.,JP,0.00044666338775901156,4.235566896157101,10.369879209830343
2023,vw_nz,JP3826800009,FURUKAWA,JP,0.0004454757250018902,2.461388356080849,9.668755595344672
2023,vw_nz,JP3596200000,TOTO,JP,0.0004364102956022266,31.15825239297233,26.323830117282064
2023,vw_nz,JP3942800008,YAMAHA MOTOR,JP,0.0004360579540358258,8.277684895553465,16.659636993015916
2023,vw_nz,JP3304200003,KOMATSU,JP,0.0004357251498545862,4.939934640033523,5.510047442369424
2023,vw_nz,JP3411000007,SURUGA BANK,JP,0.00042589621260286445,0.22435589930552993,0.2025802324341614
2023,vw_nz,US89677Q1076,TRIP COM GROUP ADR 1:1,SG,0.0004237539811488245,0.008407385585571043,0.0010617649931834686
2023,vw_nz,JP3869010003,MATSUKIYOKARA,JP,0.0004158803775907585,0.325927811034816,0.3351219663496378
2023,vw_nz,AU000000PPT9,PERPETUAL,AU,0.0004101678413803812,0.07886825882728402,0.020830002954953908
2023,vw_nz,JP3210200006,KAJIMA,JP,0.00040763989507347536,15.897508598175719,46.46639808769215
2023,vw_nz,JP3613400005,TOYO SEIKAN GROUP HDG.,JP,0.0004045628426092634,56.57442030489395,149.66892003678237
2023,vw_nz,AU000000BLD2,BORAL DEAD - DELIST.08/07/24,AU,0.00040107887941529305,596.8265877718758,479.3950251051605
2023,vw_nz,JP3676800000,NISSHIN SEIFUN,JP,0.00039405150547707705,13.760793311392328,22.03526172846717
2023,vw_nz,AU000000SIG5,SIGMA HEALTHCARE,AU,0.000393206458681668,0.001260890143543176,0.00678477954499698
2023,vw_nz,JP3443600006,TAISEI,JP,0.0003864090905248693,16.969645214767283,32.34297263218141
2023,vw_nz,JP3276400003,GUNMA BANK,JP,0.000384273838848951,1.169858268336998,0.9538518564279977
2023,vw_nz,AU000000CSL8,CSL,AU,0.0003615258435899377,11.145770328770501,1.2937379251126988
2023,vw_nz,JP3293200006,COCA-COLA BOTTLERS JAPAN HOLDINGS,JP,0.00035601846821224284,30.6576571949329,90.3677142656261
2023,vw_nz,HK0200030994,MELCO INTL.DEV.,HK,0.0003515304959659575,15.13591670198529,10.2369991817228
2023,vw_nz,JP3502200003,DAIWA SECURITIES GROUP,JP,0.0003446775418960256,0.14678647705115752,0.11359118532401886
2023,vw_nz,JP3164800009,NOK,JP,0.00034465216666364136,6.988994305224076,23.725514052804478
2023,vw_nz,JP3774200004,HANKYU HANSHIN HDG.,JP,0.00032599330704139785,14.051629104129205,13.55343452958674
2023,vw_nz,JP3942600002,YAMAHA,JP,0.00032439455261095774,6.360668402165403,3.052854627225635
2023,vw_nz,AU000000IAG3,INSURANCE AUS.GROUP,AU,0.00030370568071519177,0.8564682949678637,0.6681329033746838
2023,vw_nz,JP3944130008,USS,JP,0.00028044024006010127,5.902769509203915,0.9207154000445731
2023,vw_nz,AU0000033359,HEALIUS,AU,0.00027865816505770675,4.677636829757902,4.746274837611295
2023,vw_nz,JP3551520004,DENTSU GROUP,JP,0.00027438025728797214,0.46459825308579533,0.5288214132138385
2023,vw_nz,JP3385980002,J S R DEAD - DELIST.25/06/24,JP,0.00027192921642057256,10.986110002626972,7.2132775223664645
2023,vw_nz,JP3215800008,KANEKA,JP,0.0002689363613837748,135.42169219248575,448.5093160658192
2023,vw_nz,AU000000STO6,SANTOS,AU,0.00025241942707326427,671.8520615963743,337.1511099014538
2023,vw_nz,JP3156400008,USHIO,JP,0.00024519484336626816,3.0529154115494044,2.3708731505462772
2023,vw_nz,AU000000CWY3,CLEANAWAY WASTE MANAGEMENT,AU,0.00023513948145903381,466.3616587327558,257.70088955708655
2023,vw_nz,JP3389900006,JAFCO GROUP,JP,0.0002304689155781205,0.018574814210396258,0.00893612268019851
2023,vw_nz,JP3768600003,HASEKO,JP,0.00021557390140586937,4.471751499974002,10.034392658244053
2023,vw_nz,JP3108600002,ACOM,JP,0.00019725357230855812,0.5688008219720176,0.3103957871512275
2023,vw_nz,JP3796150005,HIROGIN HOLDINGS,JP,0.00019713800069112285,1.16122710907778,0.8515720995216027
2023,vw_nz,JP3493800001,DAI NIPPON PRINTING,JP,0.0001966545549965158,30.170845939765456,43.090140277871
2023,vw_nz,JP3939000000,YAMADA HOLDINGS,JP,0.00019439726309069774,4.242673902800501,15.137623850040415
2023,vw_nz,JP3771800004,HAMAMATSU PHOTONICS,JP,0.00019349227403183048,4.21989874610414,0.8014468757622457
2023,vw_nz,JP3902400005,MITSUBISHI ELECTRIC,JP,0.0001931918698782382,7.1848107395381176,11.121110115753583
2023,vw_nz,HK0363006039,SHANGHAI INDUSTRIAL HOLDINGS,HK,0.00019221281893120576,107.13040748194744,283.91550257569634
2023,vw_nz,JP3407400005,SUMITOMO ELECTRIC IND.,JP,0.00018441511712876223,10.196112359419846,31.781062862942342
2023,vw_nz,HK0016000132,SUN HUNG KAI PROPERTIES,HK,0.00018083232443758207,2.4339193313741365,0.4920149964610517
2023,vw_nz,AU0000224040,WOODSIDE ENERGY GROUP,AU,0.0001794352155228131,531.7145848933534,191.91876465042725
2023,vw_nz,JP3402600005,SUMITOMO METAL MINING,JP,0.00017612954928484463,178.6418040913064,166.67670402543325
2023,vw_nz,JP3456000003,TAKASHIMAYA,JP,0.00017481947499755439,4.720098849443309,8.092805085744713
2023,vw_nz,JP3381000003,NIPPON STEEL,JP,0.00017307720318873306,1039.9250659550285,3165.6263199887358
2023,vw_nz,JP3621000003,TORAY INDS.,JP,0.00017241625252394647,145.2791585187097,285.27489150021574
2023,vw_nz,JP3721400004,JAPAN STEEL WORKS,JP,0.00016448441747207623,34.20950799997757,39.492680905612495
2023,vw_nz,JP3358200008,SHIMAMURA,JP,0.00016029224391205213,0.16256912071921417,0.2156539741549147
2023,vw_nz,AU000000CPU5,COMPUTERSHARE,AU,0.00015566810057600518,0.8831534465732308,0.26609791596950355
2023,vw_nz,JP3190000004,OBAYASHI,JP,0.00014942190971482813,18.327684160275084,52.164025862053116
2023,vw_nz,AU000000DXS1,DEXUS STAPLED UNITS,AU,0.00014593306466198952,20.622561434732013,1.8864084979955638
2023,vw_nz,BMG677491539,ORIENT OVERSEAS (INTL.),HK,0.00014159884448255934,317.0974989065473,552.2333178510605
2023,vw_nz,JP3977400005,RINNAI,JP,0.00013469546419311436,11.616397062910911,9.449945785949568
2023,vw_nz,JP3271400008,CREDIT SAISON,JP,0.00012968476572977993,0.11777776094145068,0.14170409533122297
2023,vw_nz,HK0392044647,BEIJING ENTERPRISES HOLDINGS,HK,0.0001263554461064926,60.12649316871463,161.0100706721821
2023,vw_nz,JP3263000006,KINDEN,JP,0.00011835102383202295,3.2669726586299843,6.5676944660409236
2023,vw_nz,BMG988031446,YUE YUEN INDL.HDG.,HK,0.00011565810161511127,5.022374118657048,16.995241332426918
2023,vw_nz,JP3658850007,NISHI-NIPPON FINL.HDG.,JP,0.00010355083758313415,0.49435053052680383,0.4589362135724475
2023,vw_nz,AU000000BPT9,BEACH ENERGY,AU,0.00010021645786760629,421.22320937328067,228.54665264514813
2023,vw_nz,HK0012000102,HENDERSON LD.DEV.,HK,9.920852289575273e-05,5.964851756522081,1.0780908571970635
2023,vw_nz,JP3672400003,NISSAN MOTOR,JP,9.603028485349659e-05,7.6877370015972755,38.779345523968615
2023,vw_nz,AU000000ORG5,ORIGIN ENERGY (EX BORAL),AU,9.235569881265354e-05,1153.1415822012218,1525.9262561861874
2023,vw_nz,JP3219000001,KAMIGUMI,JP,9.030472700408964e-05,14.680295230938855,13.069380592940234
2023,vw_nz,AU000000SGM7,SIMS,AU,8.90604126067699e-05,12.96677403367702,38.49060168130726
2023,vw_nz,JP3305530002,COMSYS HOLDINGS,JP,8.882070491316707e-05,19.36002666152243,31.884366032522053
2023,vw_nz,JP3933800009,LY,JP,8.452028629760346e-05,0.2844240689538803,0.16379861844895377
2023,vw_nz,JP3300200007,KONAMI GROUP,JP,8.443344531154405e-05,15.207298777626296,5.2877073744282415
2023,vw_nz,JP3174410005,OJI HOLDINGS,JP,8.409230032933168e-05,488.6779676342297,1508.2874490873432
2023,vw_nz,JP3526600006,CHUBU ELEC.POWER,JP,8.407682592677006e-05,10.084345465473218,35.18776921676879
2023,vw_nz,JP3942400007,ASTELLAS PHARMA,JP,8.375198437632856e-05,5.163923143935558,2.1736217704502874
2023,vw_nz,AU000000ERA9,ENERGY RES.OF AUS.,AU,8.246301358046303e-05,3302.8896367645348,166.9560626503197
2023,vw_nz,JP3148800000,IBIDEN,JP,6.586459946398757e-05,54.292230229729746,30.730713872747064
2023,vw_nz,AU000000ORI1,ORICA,AU,6.525289656837928e-05,286.80443725736416,306.539726149365
2023,vw_nz,JP3415400005,SEINO HDG.,JP,6.364910785872064e-05,77.53194892105311,185.43372083339457
2023,vw_nz,SG1T75931496,SINGAPORE TELECOM,SG,6.330234491037784e-05,0.5472157172329531,0.19420479953969952
2023,vw_nz,JP3407200009,OSAKA TITANIUM,JP,5.835722160254153e-05,168.9998373719304,50.85145530348999
2023,vw_nz,SG1F60858221,SINGAPORE TECHS.ENGR.,SG,5.734716367599957e-05,6.5162682982244045,5.014676285930156
2023,vw_nz,HK0242001243,SHUN TAK HOLDINGS,HK,5.666239811829185e-05,262.1087229534972,172.11731382037058
2023,vw_nz,JP3358800005,SHIMIZU,JP,5.63586202799359e-05,10.95805424406648,35.37521505512551
2023,vw_nz,AU000000SGP0,STOCKLAND STAPLED UNITS,AU,5.211689867455803e-05,1.5232311534581504,0.4405490565354388
2023,vw_nz,SG1M77906915,CAPITALAND ASCENDAS REIT,SG,4.6649047592247777e-05,0.49037766818164674,0.05366839915739555
2023,vw_nz,JP3305990008,YOKOHAMA FINANCIAL GROUP,JP,4.313994539943709e-05,0.3599859592664998,0.1629879972777331
2023,vw_nz,SG1S83002349,UOL GROUP,SG,4.123425631043504e-05,0.9116686642194771,0.4894432939029099
2023,vw_nz,AU000000FLT9,FLIGHT CENTRE TRAVEL GP.,AU,3.960605823545201e-05,18.744172053448402,9.025607369672136
2023,vw_nz,JP3613000003,TOYO SUISAN KAISHA,JP,3.9085159047173485e-05,56.0850947957693,40.111672299260704
2023,vw_nz,JP3720800006,NSK,JP,3.8790405023697184e-05,14.731681016976129,35.50028864720676
2023,vw_nz,JP3841800000,HOKUETSU,JP,3.562884405285296e-05,315.85096003737647,582.478836045161
2023,vw_nz,JP3111200006,ASAHI KASEI,JP,3.553601697844486e-05,136.88121142340023,271.9575413713386
2023,vw_nz,NZAIAE0002S6,AUCKLAND INTL.AIRPORT,NZ,3.461258326768096e-05,6.850271683105102,0.24722145882262578
2023,vw_nz,JP3678000005,NISSHINBO HOLDINGS,JP,3.334658618112537e-05,27.192369219133674,87.25571592796014
2023,vw_nz,SG1J26887955,SINGAPORE EXCHANGE,SG,3.254652409889046e-05,0.03416385668945396,0.004007234393825654
2023,vw_nz,HK0308001558,CTII.INTL.INV.HK.,HK,3.25042671336636e-05,67.84302567697246,22.246511904055097
2023,vw_nz,JP3409000001,SUMITOMO REAL.&DEV.,JP,3.220766381510737e-05,6.108078280575964,3.851446218054879
2023,vw_nz,JP3787000003,HITACHI CON.MCH.,JP,3.212459604009984e-05,9.869462464915426,19.07469067291487
2023,vw_nz,JP3505000004,DAIWA HOUSE INDUSTRY,JP,2.910277742542827e-05,6.479627237585651,15.001182312603452
2023,vw_nz,JP3548610009,DENA,JP,2.777571328904729e-05,0.012537346827376164,0.007165297911040071
2023,vw_nz,SG1M51904654,CAPITALAND INTEG. COML. TST.,SG,2.573714847442282e-05,0.026184110957788595,0.0027903342820469893
2023,vw_nz,JP3040890000,JAPAN PRIME REALTY INV.,JP,2.5673876627066032e-05,4.9838198902867425,0.5259908901300001
2023,vw_nz,HK0002007356,CLP HOLDINGS,HK,2.5623763366569753e-05,2973.187555757492,2030.187623319149
2023,vw_nz,JP3711600001,NIPPON SANSO HOLDINGS,JP,2.387400704758415e-05,124.3722331265612,156.0097707660603
2023,vw_nz,JP3890310000,MS&AD INSURANCE GP.HDG.,JP,2.179061887218664e-05,0.42258483049718576,0.9751755043155752
2023,vw_nz,JP3635400009,TOYOTA BOSHOKU,JP,2.1399006270715304e-05,5.454791103669175,23.861822960668356
2023,vw_nz,JP3122800000,AMADA,JP,2.0033293071073987e-05,2.619308031711379,2.26155174355317
2023,vw_nz,JP3982800009,ROHM,JP,1.7272218536013775e-05,44.244965575419386,20.275292321554875
2023,vw_nz,JP3688370000,NIPPON EXPRESS HOLDINGS,JP,1.5644858904005967e-05,26.81985856079344,105.18239627419725
2023,vw_nz,JP3137200006,ISUZU MOTORS,JP,1.53608868278783e-05,8.192877189029023,20.287777819143
2023,vw_nz,JP3258000003,KIRIN HOLDINGS,JP,1.4417794692789362e-05,22.807758138272952,24.558384918792857
2023,vw_nz,JP3039710003,JAPAN METROPOLITAN FUND INVESTMENT REIT,JP,1.4118157517181379e-05,8.708318471157426,1.0110315915446966
2023,vw_nz,JP3160400002,EISAI,JP,1.3335507251698568e-05,8.275238108841494,2.5920067742345565
2023,vw_nz,JP3436120004,SBI HDG.,JP,1.3263587227981974e-05,0.2064365006477955,0.2576692236541043
2023,vw_nz,JP3102000001,AISIN,JP,1.1817230518348173e-05,16.06784566511412,61.69917288804073
2023,vw_nz,JP3243600008,CANON MARKETING JAPAN,JP,1.1606066581048282e-05,1.2367251256700476,1.8435054263818156
2023,vw_nz,AU000000CQR9,CHARTER HALL RETAIL REIT,AU,1.1190420544462755e-05,2.6072786529060292,0.22570577136710693
2023,vw_nz,JP3429800000,ANA HOLDINGS,JP,1.1157016087179056e-05,779.4023798519235,875.6770723140379
2023,vw_nz,JP3599000001,TOHO ZINC,JP,9.900258039839201e-06,180.48342485347,880.785660809442
2023,vw_nz,JP3119600009,AJINOMOTO,JP,8.434331659549834e-06,94.58505467163413,59.19890767321872
2023,vw_nz,JP3635000007,TOYOTA TSUSHO,JP,8.29011053088489e-06,6.298085691367878,31.568418200248225
2023,vw_nz,JP3224200000,KAWASAKI HEAVY INDUSTRY,JP,7.6092721537754555e-06,10.585453718096492,36.051751094846246
2023,vw_nz,JP3665200006,NICHIREI,JP,6.86033694144343e-06,15.405528402868967,28.492728315548362
2023,vw_nz,JP3172100004,OKUMA,JP,5.284168620027568e-06,5.073153696500349,6.464804402080765
2023,vw_nz,JP3657400002,NIKON,JP,4.8739142118014906e-06,7.55254462674182,9.3253461229123
2023,vw_nz,JP3256000005,KYOWA KIRIN,JP,4.21052263931829e-06,5.4081946073402545,1.3891912969400537
2023,vw_nz,JP3765400001,HOUSE SHOKUHIN GP.HONSHA K K,JP,3.200248398868473e-06,26.579790290008514,26.058453974323953
2023,vw_nz,JP3027670003,NIPPON BUILDING FUND,JP,3.1782558336545615e-06,5.613732887397854,0.5806548837556662
2023,vw_nz,JP3357200009,SHIMADZU,JP,3.0201222184140407e-06,0.6478290220728972,0.25356045675705974
2023,vw_nz,SG1R50925390,SEMBCORP INDUSTRIES,SG,2.185434584878518e-06,1702.7438789903017,2076.257969023003
2023,vw_nz,JP3173400007,OBIC,JP,2.184615237211048e-06,0.2862219103531873,0.013481266940889304
2023,vw_nz,JP3131430005,AEON MALL DEAD - DELIST.27/06/25,JP,1.7202482743352784e-06,4.8532629050511895,4.457980886792924
2023,vw_nz,JP3951600000,UNI CHARM,JP,1.2900014745878768e-06,4.174880004369327,1.2357000515862453
2023,vw_nz,HK0144000764,CHINA MERCHANTS PORT HOLDINGS,HK,1.1584363723355644e-06,39.2598135468299,10.984344309748645
2024,vw_nz,AU000000BWP3,BWP GROUP STAPLED UNITS,AU,0.053315473834067845,0.0,0.0
2024,vw_nz,JP3633400001,TOYOTA MOTOR,JP,0.03431952539712303,8.68325956389896,7.8824987927614405
2024,vw_nz,JP3898400001,MITSUBISHI,JP,0.024486529860750863,152.3072139013388,286.3101184559599
2024,vw_nz,JP3539220008,T & D HOLDINGS,JP,0.02350267651077821,0.07639756645755359,0.19371022545946046
2024,vw_nz,AU000000CBA7,COMMONWEALTH BK.OF AUS.,AU,0.022602679443763027,0.19011187237641752,0.057407578781184423
2024,vw_nz,JP3732200005,NIPPON TELEVISION HDG.,JP,0.022284895277975062,1.41494284363383,1.0336655910747645
2024,vw_nz,AU000000BHP4,BHP GROUP,AU,0.021674660556777258,150.87613865715858,52.12413145782233
2024,vw_nz,JP3143600009,ITOCHU,JP,0.021109336428738107,11.372342811388137,14.736570255814494
2024,vw_nz,JP3122400009,ADVANTEST,JP,0.0182740226339071,0.7381710324423192,0.07820600470749693
2024,vw_nz,JP3735400008,NTT,JP,0.018171565530484952,1.6746789260904795,1.3099475671653784
2024,vw_nz,JP3726200003,NIPPON SODA,JP,0.017572404678165725,44.7585349194988,42.26353994214711
2024,vw_nz,JP3756600007,NINTENDO,JP,0.01718364956763258,0.14581276563702686,0.022536092297360037
2024,vw_nz,JP3397200001,SUZUKI MOTOR,JP,0.01636463667564056,11.975402523217312,17.845018193213672
2024,vw_nz,JP3435000009,SONY GROUP,JP,0.01631674407396999,2.8403204824349157,1.9572985673792722
2024,vw_nz,JP3404600003,SUMITOMO,JP,0.01615477073191975,98.59899963152705,163.48791542802616
2024,vw_nz,JP3496400007,KDDI,JP,0.013416398651089746,0.7325894256003673,0.3718701279676889
2024,vw_nz,JP3837800006,HOYA,JP,0.012190028924804568,2.1701303261903164,0.25464029858658427
2024,vw_nz,JP3830000000,BROTHER INDUSTRIES,JP,0.011907941403148476,3.4293421200167167,4.40545349957442
2024,vw_nz,JP3198900007,ORIENTAL LAND,JP,0.01187531235606873,17.698023021999873,1.074674079927681
2024,vw_nz,HK0019000162,SWIRE PACIFIC 'A',HK,0.01152158852823684,6.515174831830142,11.800679061860953
2024,vw_nz,KYG2108Y1052,CHINA RESOURCES LAND,HK,0.011459764591559533,0.9837716412141607,1.6292527085970918
2024,vw_nz,JP3201200007,OLYMPUS,JP,0.010998453213485715,4.105339466174771,1.373209184178941
2024,vw_nz,JP3571400005,TOKYO ELECTRON,JP,0.010821359789702894,1.690806008834703,0.23494292732846062
2024,vw_nz,SG1L01001701,DBS GROUP HOLDINGS,SG,0.010411232646450216,0.049656529604459,0.02093218086112738
2024,vw_nz,JP3893200000,MITSUI FUDOSAN,JP,0.010303978550796473,11.77688203122596,8.029541806715978
2024,vw_nz,BMG5320C1082,KUNLUN ENERGY,HK,0.009984162997681826,19.537684671149922,63.99946151393006
2024,vw_nz,AU000000NAB4,NATIONAL AUS.BANK,AU,0.009916582389097707,0.21661545709016042,0.11169126353777381
2024,vw_nz,JP3519400000,CHUGAI PHARM.,JP,0.00929879584963332,6.823104124814123,0.8708454009749015
2024,vw_nz,AU000000BEN6,BENDIGO & ADELAIDE BANK,AU,0.008830165082164903,0.43363972167339576,0.34898994787273757
2024,vw_nz,JP3242800005,CANON,JP,0.008425426964116007,7.021399252609229,5.5581101437362905
2024,vw_nz,JP3967200001,RAKUTEN GROUP,JP,0.007971506461601646,0.21410339354236677,0.32751271014303907
2024,vw_nz,HK0823032773,LINK REAL ESTATE INVESTMENT TRUST,HK,0.007934726099231336,5.27434845571533,0.6647129152834377
2024,vw_nz,JP3802300008,FAST RETAILING,JP,0.007830854283773036,0.45398341685643534,0.10514133948626213
2024,vw_nz,IE00BKVD2N49,SEAGATE TECHNOLOGY HOLDINGS,SG,0.007610488584150978,42.36037706691393,14.94920474947045
2024,vw_nz,JP3868400007,MAZDA MOTOR,JP,0.0072087781870493394,3.5355104459497158,14.858032822986438
2024,vw_nz,JP3162600005,SMC,JP,0.00704120647545203,10.195990309702825,1.4345649589212943
2024,vw_nz,JP3902900004,MITSUBISHI UFJ FINL.GP.,JP,0.006896137220445965,0.3842093219010886,0.23676124022347622
2024,vw_nz,JP3148800000,IBIDEN,JP,0.006888946485991257,63.42725885676062,23.248516659059792
2024,vw_nz,JP3452000007,TAIYO YUDEN,JP,0.006761783371700789,24.533092783213327,16.423991661665774
2024,vw_nz,JP3194000000,OKI ELECTRIC IND.,JP,0.006748684925562714,3.008884008635869,13.253051474197456
2024,vw_nz,JP3910660004,TOKIO MARINE HOLDINGS,JP,0.006743967796672904,0.296885543734972,0.26693110758757277
2024,vw_nz,JP3762800005,NOMURA RESEARCH INST.,JP,0.006690711406717497,0.20419348067390383,0.059570934387977156
2024,vw_nz,JP3475350009,DAIICHI SANKYO,JP,0.006583186206189016,8.40673094683883,1.4425669009544007
2024,vw_nz,AU000000QBE9,QBE INSURANCE GROUP,AU,0.006561579008310154,0.3791129608325802,0.49158261551652027
2024,vw_nz,JP3788600009,HITACHI,JP,0.006493832194336232,5.936434822717056,5.346166985387321
2024,vw_nz,JP3551500006,DENSO,JP,0.00642649592766896,11.348478714564271,10.958998866296595
2024,vw_nz,AU000000TLS2,TELSTRA GROUP,AU,0.006333398105064512,2.229433564432526,1.0792467172247997
2024,vw_nz,JP3188220002,OTSUKA HOLDINGS,JP,0.006214641721610552,27.084566579578272,17.230570380370402
2024,vw_nz,HK0004000045,WHARF HOLDINGS,HK,0.006002194899736026,6.999303824918776,1.8159742780696562
2024,vw_nz,AU000000WES1,WESFARMERS,AU,0.0055760877281829,29.154765481424313,19.069622623733597
2024,vw_nz,SG1V61937297,SINGAPORE AIRLINES,SG,0.005521484666020952,1091.8199251781807,992.8591061441467
2024,vw_nz,JP3358000002,SHIMANO,JP,0.00548160874282685,3.094415299289347,0.7731487772534944
2024,vw_nz,SG9999003735,XP POWER (DI),SG,0.0052410810660515166,1.483611795855017,1.3478020458943876
2024,vw_nz,AU000000ALL7,ARISTOCRAT LEISURE,AU,0.0051426517436696136,1.2662857332213486,0.27741968201095907
2024,vw_nz,JP3300600008,KONICA MINOLTA,JP,0.004995562053451354,19.017914910100924,98.1744812960784
2024,vw_nz,JP3463000004,TAKEDA PHARMACEUTICAL,JP,0.004956736581499826,9.922485825248877,6.10940164651659
2024,vw_nz,JP3304200003,KOMATSU,JP,0.004813767030433421,4.21484007725958,3.9358098566527033
2024,vw_nz,AU000000ANZ3,ANZ GROUP HOLDINGS,AU,0.004737002709242431,0.16711811652104513,0.11147848575618169
2024,vw_nz,AU000000WOW2,WOOLWORTHS GROUP,AU,0.004623326621186998,10.80108844362592,15.956120814217831
2024,vw_nz,HK0014000126,HYSAN DEVELOPMENT,HK,0.004586212773132028,2.560417072695381,0.5901775586527555
2024,vw_nz,AU000000AMP6,AMP,AU,0.004562998615580422,0.014053484318203316,0.015078145388117262
2024,vw_nz,NZTELE0001S4,SPARK NEW ZEALAND,NZ,0.004434858899288073,2.3177075837178807,0.798812215840087
2024,vw_nz,JP3362700001,MITSUI OSK LINES,JP,0.004431110930302503,1016.3074559441026,847.5181024112962
2024,vw_nz,JP3676800000,NISSHIN SEIFUN,JP,0.0044044790406891346,26.18510284111857,35.1737819319317
2024,vw_nz,AU000000MGR9,MIRVAC GROUP STAPLED UNITS,AU,0.00439925709026368,6.903606040059091,1.9277806674789826
2024,vw_nz,JP3494600004,SCREEN HOLDINGS,JP,0.0043815654763438225,3.131878387909446,0.9164819191864573
2024,vw_nz,AU000000ELD6,ELDERS,AU,0.004299254789233806,26.422330540999642,61.688591761915035
2024,vw_nz,JP3814000000,FUJIFILM HOLDINGS,JP,0.004283927149164234,28.58579472850527,21.19248573930156
2024,vw_nz,KYG210961051,CHINA MENGNIU DAIRY,HK,0.0042565210455573705,19.9110982021821,31.296345376317404
2024,vw_nz,JP3914400001,MURATA MANUFACTURING,JP,0.00424570458026393,18.100520264646313,4.651222699111688
2024,vw_nz,JP3409000001,SUMITOMO REAL.&DEV.,JP,0.0042035310268302845,6.5899342891598796,2.891133364620327
2024,vw_nz,JP3885400006,MISUMI GROUP,JP,0.0041591006032892655,2.5182914235923417,1.2776238098485742
2024,vw_nz,JP3546800008,TERUMO,JP,0.004089986784071276,10.740930393752596,2.5285313989316944
2024,vw_nz,JP3670800006,NISSAN CHEMICAL,JP,0.0039645873002013944,119.32838140845443,31.783915392760186
2024,vw_nz,JP3726800000,JAPAN TOBACCO,JP,0.003857347178414803,16.713454211072094,6.078365174104236
2024,vw_nz,AU000000MQG1,MACQUARIE GROUP,AU,0.0038469681667753623,0.02048108822291449,0.008162583674291256
2024,vw_nz,JP3357200009,SHIMADZU,JP,0.003762670564373937,0.765278073879082,0.31972823100364695
2024,vw_nz,JP3900000005,MITSUBISHI HEAVY INDS.,JP,0.0036658559843346207,4.226533271597552,5.734857531023801
2024,vw_nz,JP3108600002,ACOM,JP,0.003601459046078465,0.6742884023421892,0.3274493862506172
2024,vw_nz,SG1S04926220,OVERSEA-CHINESE BKG.,SG,0.003530156164937848,0.007174201181232225,0.003019118568333975
2024,vw_nz,JP3266400005,KUBOTA,JP,0.0035286119704851042,11.927525995993824,13.602875524732324
2024,vw_nz,JP3955000009,YOKOGAWA ELECTRIC,JP,0.0034758341750679173,3.334427532350858,2.2696751970744216
2024,vw_nz,JP3780100008,PARK24,JP,0.003311520955823947,87.96827024189683,89.6508075662088
2024,vw_nz,JP3931600005,YAKULT HONSHA,JP,0.003310326556747471,67.88962209609997,31.073466149220863
2024,vw_nz,AU0000088338,AMPOL,AU,0.003257437223766083,29.50093508181021,127.23189249060624
2024,vw_nz,JP3944130008,USS,JP,0.00324198932948802,6.601359239815366,0.8781944864444541
2024,vw_nz,BMG8403G1033,SINOFERT HOLDINGS,HK,0.0032025683671783787,566.7410891956519,2515.933522250817
2024,vw_nz,JP3352400000,CITIZEN WATCH,JP,0.0031803285224673737,8.22489770878191,10.970865117228358
2024,vw_nz,HK0388045442,HONG KONG EXCHANGES AND CLEARING,HK,0.002995709873962482,0.03016046877411267,0.001585622421546706
2024,vw_nz,JP3888300005,MITSUI CHEMICALS,JP,0.0029309852127355927,315.84915594362366,624.5432761755859
2024,vw_nz,JP3352000008,77 BANK,JP,0.0029307409133968922,1.2459203771482,0.6200452229819926
2024,vw_nz,JP3626800001,LIXIL,JP,0.002923942907836268,42.147290400285215,112.22603644045418
2024,vw_nz,HK0000139300,TELEVISION BROADCASTS,HK,0.002881027957804279,0.8568328696970124,2.1442369986453857
2024,vw_nz,AU000000ORG5,ORIGIN ENERGY (EX BORAL),AU,0.0028778323595523778,1519.3516027710039,1636.5264890845672
2024,vw_nz,JP3672400003,NISSAN MOTOR,JP,0.002714843613886366,5.583505849967185,29.58731459897021
2024,vw_nz,AU000000SHL7,SONIC HEALTHCARE,AU,0.0027106268004163186,5.941038532943857,3.2848898905474644
2024,vw_nz,AU000000IGO4,IGO,AU,0.0026203314640456353,185.05540805629303,30.853263754004843
2024,vw_nz,JP3351100007,SYSMEX,JP,0.0026193989314498107,4.710780091651314,1.2302377870738892
2024,vw_nz,JP3866800000,PANASONIC HOLDINGS,JP,0.0026066545508329855,5.541671466671923,13.808756587017236
2024,vw_nz,JP3126400005,ALPS ALPINE,JP,0.00256486124407548,2.0860442308169564,8.844677409926149
2024,vw_nz,JP3249600002,KYOCERA,JP,0.0025484813832607565,8.611914046141104,5.439282536852183
2024,vw_nz,JP3197600004,ONO PHARM.,JP,0.0025478757127912746,1.9945165678835202,0.7573608123429465
2024,vw_nz,JP3771800004,HAMAMATSU PHOTONICS,JP,0.0024957522974684266,3.8889900768353804,0.8844954770291998
2024,vw_nz,JP3862400003,MAKITA,JP,0.002485003841999126,3.978904243055072,2.6308453783148984
2024,vw_nz,JP3939000000,YAMADA HOLDINGS,JP,0.002483370388280021,4.463994674454354,16.695129543770804
2024,vw_nz,JP3152740001,ABC-MART,JP,0.00239743743497177,0.05418542429852083,0.027855662005790323
2024,vw_nz,NZAIAE0002S6,AUCKLAND INTL.AIRPORT,NZ,0.002322831065752556,4.361863401576867,0.2701541830029412
2024,vw_nz,JP3165700000,NTT DATA GROUP DEAD - DELIST.26/09/25,JP,0.002316944475246367,1.3749714134926783,1.9580933235396452
2024,vw_nz,JP3274400005,GLORY,JP,0.002311543109406868,7.964245574136108,15.02190435100063
2024,vw_nz,JP3119600009,AJINOMOTO,JP,0.00229432703472112,81.23740997746677,36.353675418554644
2024,vw_nz,JP3827200001,FURUKAWA ELECTRIC,JP,0.0022806897393670947,20.792438875960837,112.10724278702813
2024,vw_nz,JP3942800008,YAMAHA MOTOR,JP,0.0022690163907018,8.90071046530848,14.743697320871894
2024,vw_nz,JP3436100006,SOFTBANK GROUP,JP,0.0022454705948219025,0.16554971716837139,0.11679762986882644
2024,vw_nz,HK0291001490,CHINA RESOURCES BEER HOLDINGS,HK,0.002223631984858636,30.35461828249571,14.149556576620697
2024,vw_nz,JP3336000009,SANTEN PHARM.,JP,0.0021998301430196294,8.354311960738022,4.567617974211381
2024,vw_nz,JP3493800001,DAI NIPPON PRINTING,JP,0.002184864735926619,32.577551649869086,37.6269302008307
2024,vw_nz,JP3131400008,AEON FINANCIAL SERVICE,JP,0.002166524774266759,0.792702902232168,1.3164897052365083
2024,vw_nz,JP3404200002,SUMITOMO RUBBER INDS.,JP,0.0021427286455376277,47.47565518922763,125.26040541842623
2024,vw_nz,JP3870000001,MABUCHI MOTOR,JP,0.002140574038047979,2.43073766954582,1.288044362552166
2024,vw_nz,JP3526600006,CHUBU ELEC.POWER,JP,0.0021252561647483433,7.662967956379934,19.980279464168863
2024,vw_nz,JP3906000009,MINEBEA MITSUMI,JP,0.002079507010648969,10.529406918731544,11.075322988737376
2024,vw_nz,SG1F60858221,SINGAPORE TECHS.ENGR.,SG,0.002059176929900052,5.980587014550768,5.091246450269836
2024,vw_nz,JP3899600005,MITSUBISHI ESTATE,JP,0.002053662597088107,9.867406133480547,5.117302923827356
2024,vw_nz,JP3820000002,FUJI ELECTRIC,JP,0.002035680310719203,18.46616944133581,16.743172450936147
2024,vw_nz,JP3783420007,HIKARI TSUSHIN,JP,0.0020182298548383254,0.26347084343663524,0.14025406094051676
2024,vw_nz,JP3818000006,FUJITSU,JP,0.0019947795262751115,2.5510504049692866,2.050913281297818
2024,vw_nz,JP3769000005,HACHIJUNI NAGANO BANK,JP,0.0019498859390807942,2.659302522560195,1.262553074325793
2024,vw_nz,JP3407200009,OSAKA TITANIUM,JP,0.001875545742918032,151.80073113437027,79.71300108026043
2024,vw_nz,JP3385820000,GS YUASA,JP,0.0018610816172829952,15.467042481016517,40.18592888011895
2024,vw_nz,HK0392044647,BEIJING ENTERPRISES HOLDINGS,HK,0.0018253353914514275,67.00961954835415,156.03934755532353
2024,vw_nz,SG9999000020,FLEX,SG,0.0018177140043293503,2.847068763468298,7.914276358997557
2024,vw_nz,JP3040890000,JAPAN PRIME REALTY INV.,JP,0.0017745324075720329,5.9999000016666395,0.6108787320872537
2024,vw_nz,JP3200450009,ORIX,JP,0.001730828126506908,54.29913554841451,42.85810642828575
2024,vw_nz,JP3597800006,TOBU RAILWAY,JP,0.0016965722318901815,30.22179719795739,23.330932641645322
2024,vw_nz,JP3890310000,MS&AD INSURANCE GP.HDG.,JP,0.0016633549285944916,0.3687201644800836,0.7150422149658442
2024,vw_nz,JP3675600005,NISSIN FOODS HOLDINGS,JP,0.0016606358487145274,59.373946215893596,28.96429923047811
2024,vw_nz,JP3635000007,TOYOTA TSUSHO,JP,0.0016536386663624004,6.463649216554283,19.125514159705375
2024,vw_nz,JP3658850007,NISHI-NIPPON FINL.HDG.,JP,0.0016221509912632054,0.4035218584107099,0.28323950779790097
2024,vw_nz,JP3351600006,SHISEIDO,JP,0.0015791654157670501,2.7161453623094105,1.6048784704090122
2024,vw_nz,SG1U68934629,KEPPEL,SG,0.001560810021826087,0.2549558365615534,0.1338210095950574
2024,vw_nz,JP3371200001,SHIN-ETSU CHEMICAL,JP,0.001510694007029114,134.6385950600727,27.957932414878258
2024,vw_nz,JP3134800006,IHI,JP,0.0015011514089425413,7.573267076417063,22.58623563897031
2024,vw_nz,HK2388011192,BOC HONG KONG HOLDINGS,HK,0.0014658052567694418,0.026533192562001966,0.02058109548752515
2024,vw_nz,JP3223800008,KAWASAKI KISEN KAISHA,JP,0.0014647523304186672,1045.355472992995,583.5966543164894
2024,vw_nz,JP3411000007,SURUGA BANK,JP,0.0014441043283202758,0.31385123829438866,0.12851679234473468
2024,vw_nz,HK0000055878,CHINA TAIPING INSURANCE HLDGS,HK,0.001409359091101047,0.7648172059319027,3.1807866970769574
2024,vw_nz,HK0023000190,BANK OF EAST ASIA,HK,0.0013347056232282564,0.3980875548893682,0.7467186123092621
2024,vw_nz,AU000000GMG2,GOODMAN GROUP,AU,0.0013337245483504576,2.8839716539022677,0.1143908887252975
2024,vw_nz,AU000000WOR2,WORLEY,AU,0.001322812459149577,3.0627430971652467,4.727931354927304
2024,vw_nz,JP3574200006,TOKYU,JP,0.0012824895377604657,21.161930099142896,19.262627061554113
2024,vw_nz,HK0066009694,MTR,HK,0.001279647154288584,8.310321918271633,2.975233249265822
2024,vw_nz,JP3613400005,TOYO SEIKAN GROUP HDG.,JP,0.0012443836508545276,58.15927467525118,133.7110972983131
2024,vw_nz,JP3421100003,JAPAN PETROLEUM EXP.,JP,0.0012430512881611174,94.2638083447362,98.4274290483383
2024,vw_nz,JP3935600001,YAMAZAKI BAKING,JP,0.0012302855542648823,46.66695759941134,70.31146076810519
2024,vw_nz,AU000000ASX7,ASX,AU,0.0012158650299188573,0.05006309422316066,0.004098681791606141
2024,vw_nz,BMG2108M2182,CHINESE ESTATES HDG.,HK,0.0012038710353040477,0.0,0.0
2024,vw_nz,JP3814800003,SUBARU,JP,0.001203305329078355,5.132377246189555,10.378211553396232
2024,vw_nz,JP3190000004,OBAYASHI,JP,0.001146359922556653,14.51616227733481,32.79175135880515
2024,vw_nz,NZCENE0001S6,CONTACT ENERGY,NZ,0.0011413046738393423,641.8833001041249,242.1337101881122
2024,vw_nz,JP3893600001,MITSUI,JP,0.0011395065394571764,29.467697062374555,43.9231483153299
2024,vw_nz,HK0308001558,CTII.INTL.INV.HK.,HK,0.0010951608569495397,48.51687579063127,30.062750679259928
2024,vw_nz,JP3528600004,CHIYODA CORPORATION,JP,0.0010940444423957905,25.481036023544068,150.7850394632324
2024,vw_nz,JP3320800000,SAPPORO HOLDINGS,JP,0.001084863627322406,34.1502031653949,33.109456073440064
2024,vw_nz,SGXE21576413,GENTING SINGAPORE,SG,0.0010737210939401835,1.3548675839046174,0.2655308331356362
2024,vw_nz,JP3160400002,EISAI,JP,0.00106088299533049,9.612048039269606,3.5721769281160602
2024,vw_nz,HK0270001396,GUANGDONG INVESTMENT,HK,0.0010518158186807204,915.6258747168026,770.2747599578091
2024,vw_nz,JP3443600006,TAISEI,JP,0.0010358053356697475,19.188946603411214,32.08911943334736
2024,vw_nz,US89677Q1076,TRIP COM GROUP ADR 1:1,SG,0.000971535824777762,0.5147063857183863,0.1356619805306385
2024,vw_nz,JP3292200007,JTEKT,JP,0.0009684561102207353,8.426852850295528,34.242924474968746
2024,vw_nz,JP3305800009,KOMORI,JP,0.0009654475268669607,6.69764154069318,9.709235301652363
2024,vw_nz,AU000000SGM7,SIMS,AU,0.0009357579279829083,14.592684445298334,42.672956817755384
2024,vw_nz,BMG668971101,CTF SERVICES,HK,0.0009350292074610464,8.91324242355486,8.194365576943134
2024,vw_nz,AU000000TCL6,TRANSURBAN GROUP STAPLED UNITS,AU,0.0009214722985828606,2.191622602010431,0.22490479882095363
2024,vw_nz,JP3436120004,SBI HDG.,JP,0.0009177476854163721,0.15311730842625115,0.17832850298692848
2024,vw_nz,AU000000APA1,APA GROUP,AU,0.0009063106878357944,1006.0181770277554,270.2415161563926
2024,vw_nz,JP3774200004,HANKYU HANSHIN HDG.,JP,0.0008846034099345968,16.2215209301865,13.904639423849789
2024,vw_nz,JP3511800009,CHIBA BANK,JP,0.0008832738516112412,1.287386030137835,0.4362112036525596
2024,vw_nz,JP3902400005,MITSUBISHI ELECTRIC,JP,0.0008462822985352853,6.6454874413919125,7.463426816475292
2024,vw_nz,AU000000COH5,COCHLEAR,AU,0.0008235084525789922,0.6033067695107366,0.06481877624270695
2024,vw_nz,JP3718800000,NISSUI,JP,0.0008220897167779954,38.80288514783173,123.94223843490788
2024,vw_nz,AU000000SEK6,SEEK,AU,0.0008099862704997593,0.1116423748257994,0.014392940510833582
2024,vw_nz,JP3389900006,JAFCO GROUP,JP,0.0007936013274896589,0.09436078303980942,0.01838069123451954
2024,vw_nz,HK0688002218,CHINA OVERSEAS LAND INVESTMENT,HK,0.0007901550352980912,0.2851904465602999,0.4958964899617718
2024,vw_nz,HK0010000088,HANG LUNG GROUP,HK,0.0007692185430249991,3.0815180712511308,2.551754479839237
2024,vw_nz,JP3635400009,TOYOTA BOSHOKU,JP,0.0007668527921334908,4.9836525678653745,20.630514587492755
2024,vw_nz,JP3322930003,SUMCO,JP,0.0007471208044552644,30.284686496058292,16.350310092087952
2024,vw_nz,JP3942600002,YAMAHA,JP,0.0007218494730853701,6.5176917855249235,4.8971116835290545
2024,vw_nz,JP3485800001,DAICEL,JP,0.0007093972623878444,443.89865360666306,590.3357714680643
2024,vw_nz,JP3756100008,NITORI HOLDINGS,JP,0.0007067635249318376,4.07712930157943,1.7841455333138698
2024,vw_nz,JP3688370000,NIPPON EXPRESS HOLDINGS,JP,0.0006830982540484461,35.030922570138664,99.7044676648422
2024,vw_nz,JP3951600000,UNI CHARM,JP,0.0006794431713685839,4.738770923405403,1.3758081730318745
2024,vw_nz,HK0008011667,PCCW,HK,0.0006776265948976401,1.1785216133510878,1.366564130198861
2024,vw_nz,BMG677491539,ORIENT OVERSEAS (INTL.),HK,0.0006692746388766087,828.5499538018892,726.1246709111697
2024,vw_nz,JP3573000001,TOKYO GAS,JP,0.0006665829370203566,239.67759851146627,463.35344997616335
2024,vw_nz,JP3381000003,NIPPON STEEL,JP,0.0006665791426543003,1096.6442121826688,2813.650379548339
2024,vw_nz,HK0363006039,SHANGHAI INDUSTRIAL HOLDINGS,HK,0.0006341354737629162,93.24320116366641,290.29919360243036
2024,vw_nz,JP3888400003,MITSUI KINZOKU LIMITED,JP,0.0006245913096017111,189.1600915497199,436.6337924143025
2024,vw_nz,JP3942400007,ASTELLAS PHARMA,JP,0.000612126231269693,5.488008503511811,2.7858965086558163
2024,vw_nz,JP3229400001,KANSAI PAINT,JP,0.0006031427529614907,18.337312122856584,17.16111988339609
2024,vw_nz,SG1M51904654,CAPITALAND INTEG. COML. TST.,SG,0.0005795552437027686,0.2728033948101951,0.03180052144829807
2024,vw_nz,JP3210200006,KAJIMA,JP,0.0005749271953365926,15.260122585522005,28.63839743332326
2024,vw_nz,JP3388200002,AEON,JP,0.000574061709285829,3.163423347206912,9.64443695920979
2024,vw_nz,JP3294460005,INPEX,JP,0.0005588476813525618,453.0609907499933,385.4658285184102
2024,vw_nz,JP3116000005,ASAHI GROUP HOLDINGS,JP,0.0005544141439533904,24.77409111574891,24.62837675990738
2024,vw_nz,JP3118000003,ASICS,JP,0.0005498887665741383,0.8478318558654656,0.55448371990243
2024,vw_nz,JP3358200008,SHIMAMURA,JP,0.0005355059684178555,0.17419041259715096,0.18418668211458195
2024,vw_nz,JP3156400008,USHIO,JP,0.0005307445618671691,2.8781288686752333,2.0215758759387135
2024,vw_nz,HK0000049939,CHINA UNICOM (HONG KONG),HK,0.0005253052288598339,2.08914392313804,5.245008659032477
2024,vw_nz,AU000000CQR9,CHARTER HALL RETAIL REIT,AU,0.000508837777978554,1.0107164617755637,0.09976650392697942
2024,vw_nz,JP3203500008,ONWARD HOLDINGS,JP,0.0005010867203949323,0.9408657550229708,2.037383498395153
2024,vw_nz,SG1M77906915,CAPITALAND ASCENDAS REIT,SG,0.0005001070072746378,3.198597441122047,0.3783652576801546
2024,vw_nz,JP3538800008,TDK,JP,0.0004950187772573236,9.475377959194095,6.542373196717258
2024,vw_nz,AU000000GPT8,GPT GROUP STAPLED UNITS,AU,0.00047647360512612064,11.230976362118037,1.137342277894657
2024,vw_nz,AU000000ABC7,ADBRI DEAD - DELIST.02/07/24,AU,0.00046909311761712553,1434.488447396825,1375.2523861967695
2024,vw_nz,JP3137200006,ISUZU MOTORS,JP,0.0004647736847001972,7.976402545268409,17.225349959516613
2024,vw_nz,AU000000PPT9,PERPETUAL,AU,0.0004594501590946676,0.003604023531870981,0.0015897155998791815
2024,vw_nz,AU000000BSL0,BLUESCOPE STEEL,AU,0.0004467955407614211,745.9982241731684,1251.7782614714433
2024,vw_nz,AU000000ERA9,ENERGY RES.OF AUS.,AU,0.00044442105775691245,5109.006866220886,125.15555946439173
2024,vw_nz,JP3765400001,HOUSE SHOKUHIN GP.HONSHA K K,JP,0.0004188424446425886,27.659932786881125,25.01443463949772
2024,vw_nz,JP3711600001,NIPPON SANSO HOLDINGS,JP,0.0004077500714703007,126.75128926470289,93.39260509965835
2024,vw_nz,AU000000IRE2,IRESS,AU,0.000402498649218149,0.11521923523845479,0.04644819543819425
2024,vw_nz,JP3402600005,SUMITOMO METAL MINING,JP,0.0003797617281664143,189.43362038910286,229.58079550372912
2024,vw_nz,JP3263000006,KINDEN,JP,0.0003732069666185727,3.5648675782630366,4.170442505496069
2024,vw_nz,BMG684371393,PACIFIC BASIN SHIP.,HK,0.0003634405175021122,1372.306967153772,2131.208427592261
2024,vw_nz,JP3111200006,ASAHI KASEI,JP,0.0003583515503726561,128.64597215716822,228.76725067708458
2024,vw_nz,JP3634600005,TOYOTA INDS.,JP,0.0003531383531086812,12.71875802326177,11.177779628283046
2024,vw_nz,JP3869010003,MATSUKIYOKARA,JP,0.0003310141501837767,0.2596517898751699,0.22489845146451728
2024,vw_nz,JP3625000009,TOKUYAMA,JP,0.00032979778756854846,2665.9946930799542,5692.715207339246
2024,vw_nz,JP3386030005,JFE HOLDINGS,JP,0.0003233887964132234,1344.8260922817963,4723.204285560547
2024,vw_nz,AU000000TAH8,TABCORP HOLDINGS,AU,0.0003181018811813544,2.271692919426438,2.8243949162501307
2024,vw_nz,JP3841800000,HOKUETSU,JP,0.00030950526932917844,308.15450275264016,371.7793035180912
2024,vw_nz,HK0011000095,HANG SENG BANK DEAD - DELIST.28/01/26,HK,0.0002868911875792273,0.01285537728133312,0.005900130607781794
2024,vw_nz,HK0000745908,YUEXIU PROPERTY COMPANY,HK,0.00028150459407817746,0.5582707801569586,2.4394759360762275
2024,vw_nz,JP3743000006,NH FOODS,JP,0.00027658539792866965,50.136674907736854,120.05405224305642
2024,vw_nz,SG1T75931496,SINGAPORE TELECOM,SG,0.000272333480032754,0.7848293558075881,0.280344502249419
2024,vw_nz,JP3419050004,SEGA SAMMY HDG.,JP,0.0002720744510515441,1.8395019487431867,1.609002202288827
2024,vw_nz,JP3684000007,NITTO DENKO,JP,0.00027004717015411984,48.47524391098939,23.375012031256194
2024,vw_nz,JP3711200000,AOZORA BANK,JP,0.0002671717093268633,0.06428983753619687,0.05538518941734781
2024,vw_nz,JP3351500008,SHIZUOKA FINANCIAL GROUP,JP,0.0002564540444280308,0.5008686315353468,0.19783765375426351
2024,vw_nz,BMG2624N1535,DFI RETAIL GROUP HOLDINGS,HK,0.00025387521462496415,26.027775884078604,85.7085479035474
2024,vw_nz,JP3368000000,RESONAC HOLDINGS,JP,0.00023505572859040073,379.62818525303254,895.8116732404766
2024,vw_nz,JP3802400006,FANUC,JP,0.00023213792943970905,10.269433460035795,2.062235032339478
2024,vw_nz,AU0000224040,WOODSIDE ENERGY GROUP,AU,0.00022805684024036592,718.2232936722069,245.77946222796396
2024,vw_nz,AU000000CSL8,CSL,AU,0.00020575159802434427,8.101288183683304,1.1968877106429692
2024,vw_nz,JP3753000003,NIPPON YUSEN KK,JP,0.00020108310871219928,719.2608047464832,664.0672218498912
2024,vw_nz,JP3196000008,ODAKYU ELECTRIC RY.,JP,0.0002006661397032393,27.853991320518897,13.37096572712411
2024,vw_nz,KYG0535Q1331,ASMPT,HK,0.0001882628468272057,0.5852779192199415,0.24343392318110596
2024,vw_nz,JP3481800005,DAIKIN INDUSTRIES,JP,0.00018816536422634,18.239776622607398,11.276851657966201
2024,vw_nz,JP3429800000,ANA HOLDINGS,JP,0.0001849994111301808,787.2618224154925,987.7527620943458
2024,vw_nz,JP3560800009,TOKAI CARBON,JP,0.00018214094077608994,710.90520435571,1109.1689178452248
2024,vw_nz,HK0006000050,POWER ASSETS HOLDINGS,HK,0.00018146531790042813,37866.39227673032,495.8273000414504
2024,vw_nz,JP3415400005,SEINO HDG.,JP,0.0001800807531051455,85.30682883733024,135.6060689050775
2024,vw_nz,JP3811000003,FUJIKURA,JP,0.00017166463690408714,3.770834849255457,8.37345118775156
2024,vw_nz,AU000000BOQ8,BANK OF QLND.,AU,0.00017108770423360307,0.11931450904443994,0.12711847984900804
2024,vw_nz,JP3845400005,HOKURIKU ELEC.POWER,JP,0.00016826195279017906,2345.9286809137384,12553.938977355176
2024,vw_nz,AU000000BPT9,BEACH ENERGY,AU,0.00016747852144178947,468.1333282583798,216.59729115302105
2024,vw_nz,JP3854600008,HONDA MOTOR,JP,0.00016578527736443171,8.184643664059664,17.85570653361996
2024,vw_nz,MU0117U00026,GOLDEN AGRI-RESOURCES,SG,0.00016036252614900942,720.6235909534727,2721.822956203814
2024,vw_nz,JP3102000001,AISIN,JP,0.00015540055737853285,15.824131570877123,50.2145290735423
2024,vw_nz,JP3613000003,TOYO SUISAN KAISHA,JP,0.00015498364429432436,52.809914349908375,27.994488270812308
2024,vw_nz,BMG2178K1009,CKI HOLDINGS,HK,0.00015411391783094018,8553.871280226222,432.67143139211385
2024,vw_nz,AU000000JBH7,JB HI-FI,AU,0.00015242037850520134,0.04608588546969503,0.07094877315314913
2024,vw_nz,AU000000FLT9,FLIGHT CENTRE TRAVEL GP.,AU,0.00015235293627646545,12.100298039253193,6.557881573917494
2024,vw_nz,JP3456000003,TAKASHIMAYA,JP,0.0001521150359979156,6.095125221695873,7.44159499301305
2024,vw_nz,JP3890350006,SUMITOMO MITSUI FINL.GP.,JP,0.00014376369748623079,0.2511931809310805,0.205733927636997
2024,vw_nz,JP3358800005,SHIMIZU,JP,0.00014073654699504776,15.989321998681428,44.878417919483404
2024,vw_nz,JP3300200007,KONAMI GROUP,JP,0.00013966722199132244,14.99162511880924,3.8915492846317035
2024,vw_nz,JP3982800009,ROHM,JP,0.00012913478565818867,56.683768595290104,24.17978844641338
2024,vw_nz,JP3599000001,TOHO ZINC,JP,0.0001234943832485876,222.99751023279825,1952.362358453729
2024,vw_nz,JP3733000008,NEC,JP,0.00012158470577884384,0.8614878098021995,1.11211177875914
2024,vw_nz,JP3027670003,NIPPON BUILDING FUND,JP,0.0001172566419064284,6.1221219585763125,0.5680426797271296
2024,vw_nz,SG1S83002349,UOL GROUP,SG,0.00011122883828983982,1.0652655354561218,0.5453222218805416
2024,vw_nz,AU000000DXS1,DEXUS STAPLED UNITS,AU,0.00011065268290653836,17.818046551174408,1.8655830619375802
2024,vw_nz,JP3582600007,TOKYO TATEMONO,JP,0.00010949728726120113,5.445761274674133,4.336683417085427
2024,vw_nz,JP3224200000,KAWASAKI HEAVY INDUSTRY,JP,0.00010749711068518582,11.39741270307726,35.77491629501211
2024,vw_nz,JP3122800000,AMADA,JP,0.00010460568215831451,2.5531248546137237,1.726713667386344
2024,vw_nz,JP3164800009,NOK,JP,9.956756114214046e-05,7.239667586640722,15.78961218958061
2024,vw_nz,JP3684400009,NITTO BOSEKI,JP,9.754256678061122e-05,239.12330564057717,107.8956494932758
2024,vw_nz,AU000000IAG3,INSURANCE AUS.GROUP,AU,9.271135514020075e-05,0.7488270424018107,0.7530961024763584
2024,vw_nz,AU000000SUN6,SUNCORP GROUP,AU,9.228590676208107e-05,0.18323874974940674,0.14415144291272355
2024,vw_nz,JP3877600001,MARUBENI,JP,8.635198350163822e-05,19.4177342233685,34.14911627813233
2024,vw_nz,JP3243600008,CANON MARKETING JAPAN,JP,8.594902603511762e-05,1.3260960423416555,1.4048425962913804
2024,vw_nz,JP3486800000,DAITO TST.CONSTRUCTION,JP,7.725687245320718e-05,2.9019805602557587,4.210462970392362
2024,vw_nz,JP3588600001,TBS HOLDINGS,JP,7.360154641739582e-05,7.096467800504453,3.978733173417325
2024,vw_nz,SG0531000230,VENTURE CORPORATION,SG,6.570458239946965e-05,1.180009337117884,0.8843729732426454
2024,vw_nz,JP3502200003,DAIWA SECURITIES GROUP,JP,6.458513224392617e-05,0.11367038607790644,0.08687754956523697
2024,vw_nz,JP3830800003,BRIDGESTONE,JP,6.2417698983187e-05,51.87920487299539,49.77350423263656
2024,vw_nz,SG1M31001969,UNITED OVERSEAS BANK,SG,6.0395079122844134e-05,0.2528238691113975,0.14189259120354966
2024,vw_nz,AU000000SXL4,SOUTHERN CROSS MEDIA GROUP,AU,6.019957476174924e-05,1.1455406598699525,2.348971193415638
2024,vw_nz,JP3783600004,EAST JAPAN RAILWAY,JP,6.010153727718898e-05,89.09006889761112,70.55898051476501
2024,vw_nz,JP3766550002,HAKUHODO DY HDG.,JP,5.6879602326852175e-05,0.05347976167489089,0.11414105696283913
2024,vw_nz,AU000000SGP0,STOCKLAND STAPLED UNITS,AU,5.645886269614011e-05,1.1278482608935045,0.26963639426077873
2024,vw_nz,JP3579800008,TOKYO STEEL MNFG.,JP,5.446954488208211e-05,153.32949599899075,204.66289823056763
2024,vw_nz,AU000000SBM8,ST BARBARA,AU,5.423026135338611e-05,1918.1924013123082,1599.5587424158853
2024,vw_nz,JP3276400003,GUNMA BANK,JP,5.024642057475309e-05,1.0247656645664656,0.6556754833353101
2024,vw_nz,AU000000WBC1,WESTPAC BANKING,AU,4.997684285212063e-05,0.20387240361396555,0.11406687575891268
2024,vw_nz,HK0293001514,CATHAY PACIFIC AIRWAYS,HK,4.954661582639426e-05,1165.599873401755,2127.7105630525825
2024,vw_nz,JP3414750004,SEIKO EPSON,JP,4.721666215062867e-05,14.089260677503695,22.50905659771583
2024,vw_nz,JP3269600007,KURARAY,JP,4.668938774686536e-05,363.964375159365,519.9391370149473
2024,vw_nz,AU000000DOW2,DOWNER EDI,AU,4.641054692764898e-05,39.5983068442794,158.6258545614054
2024,vw_nz,JP3505000004,DAIWA HOUSE INDUSTRY,JP,4.271550164085561e-05,19.357459599963747,34.72259210617758
2024,vw_nz,JP3326410002,SANKYO,JP,4.2460138409279734e-05,0.6937900227800574,0.24704536387007792
2024,vw_nz,JP3721400004,JAPAN STEEL WORKS,JP,4.2347471004534216e-05,36.118354518820624,51.024249065252484
2024,vw_nz,HK0440001847,DAH SING FINANCIAL HDG.,HK,4.1129600634618836e-05,0.053762116076888786,0.1496282672734924
2024,vw_nz,JP3600200004,TOHO GAS,JP,3.8903783624897004e-05,11.530740892780516,24.131172153024913
2024,vw_nz,JP3491000000,DAIDO STEEL,JP,3.746542026584235e-05,84.55093901203247,137.20368962211128
2024,vw_nz,JP3834800009,HEIWA REAL ESTATE,JP,3.4778897699428435e-05,8.682786998936614,2.8472088862834677
2024,vw_nz,AU000000MND5,MONADELPHOUS GROUP,AU,3.325763207352006e-05,7.691180472691495,10.437025589745922
2024,vw_nz,AU000000ORI1,ORICA,AU,3.297636180625127e-05,178.20277003946137,188.32852820132993
2024,vw_nz,JP3796150005,HIROGIN HOLDINGS,JP,3.230639152511915e-05,1.1941844560978228,0.6980264418470972
2024,vw_nz,AU000000STO6,SANTOS,AU,3.0385895624512035e-05,749.158841415728,265.4565673596039
2024,vw_nz,SG1T58930911,FRASER AND NEAVE,SG,2.9790377237710366e-05,32.091765309300534,44.038404156354765
2024,vw_nz,JP3305990008,YOKOHAMA FINANCIAL GROUP,JP,2.6853019748885746e-05,0.33444043667143664,0.13973767913941604
2024,vw_nz,JP3180400008,OSAKA GAS,JP,2.577162381965379e-05,300.86114042848374,509.13757723745
2024,vw_nz,JP3657400002,NIKON,JP,2.1563041735018104e-05,6.336991641356353,8.5734973412628
2024,vw_nz,JP3919800007,MEIDENSHA,JP,1.9994536114996403e-05,10.60916117292327,24.02292250178716
2024,vw_nz,AU000000CGF5,CHALLENGER,AU,1.933076862974403e-05,0.0015499186025506315,0.0009921585264051017
2024,vw_nz,JP3173400007,OBIC,JP,1.8295629820446407e-05,0.29591300700553685,0.014372315492103467
2024,vw_nz,JP3305530002,COMSYS HOLDINGS,JP,1.80684429837843e-05,16.359284107660198,22.70845488179376
2024,vw_nz,JP3940000007,YAMATO HDG.,JP,1.5357391991493185e-05,54.96591183100551,99.79167394769512
2024,vw_nz,JP3197800000,OMRON,JP,1.4041725952035607e-05,0.6531247119469425,0.40212423448579454
2024,vw_nz,AU000000LLC3,LENDLEASE GROUP STAPLED UNITS,AU,1.2767342457388978e-05,4.811224625081916,9.635786509352657
2024,vw_nz,AU000000RHC8,RAMSAY HEALTH CARE,AU,1.2332332905974168e-05,8.67298188378781,11.798153025678562
2024,vw_nz,NZAIRE0001S2,AIR NEW ZEALAND,NZ,1.2212203210322826e-05,795.659966679141,2482.4373444110147
2024,vw_nz,JP3659000008,WEST JAPAN RAILWAY,JP,1.1506704736209427e-05,12.926968435171673,13.220282648619618
2024,vw_nz,JP3228600007,KANSAI ELECTRIC PWR.,JP,1.0736105785266453e-05,705.6365121421627,1606.3809154383243
2024,vw_nz,JP3548610009,DENA,JP,1.0417111737928543e-05,0.5363518381897587,0.4015351867380507
2024,vw_nz,JP3421800008,SECOM,JP,7.738499901326383e-06,6.9888984135808085,3.1900182605074914
2024,vw_nz,JP3738600000,NITERRA,JP,7.086696109118674e-06,11.87709875139525,8.775714672263621
2024,vw_nz,AU000000QAN2,QANTAS AIRWAYS,AU,5.295503310056162e-06,835.5465099665698,1778.5492063886338
2024,vw_nz,AU000000CWY3,CLEANAWAY WASTE MANAGEMENT,AU,4.5721038183605674e-06,449.3828964869597,273.8134537088928
2024,vw_nz,JP3499800005,MITSUBISHI HC CAPITAL,JP,4.524858226532932e-06,0.23936990903478964,0.29906961493336226
2024,vw_nz,JP3283650004,KOSE HOLDINGS,JP,4.483285183572126e-06,2.7194959315405063,1.4238829035334126
2024,vw_nz,JP3733400000,NIPPON ELEC.GLASS,JP,4.168516038179615e-06,246.786610608329,210.69765338879597
2024,vw_nz,NZFBUE0001S0,FLETCHER BUILDING,NZ,3.96251897899986e-06,146.79896272477615,348.227144120657
2024,vw_nz,JP3219000001,KAMIGUMI,JP,3.767690714328505e-06,17.720526125923065,12.292891743569305
2024,vw_nz,HK0242001243,SHUN TAK HOLDINGS,HK,3.4468627820139175e-06,237.42875541843276,400.0971785818406
2024,vw_nz,HK2380027329,CHIN.PWR.INTDVT.,HK,3.27010915744986e-06,7974.041232946708,10872.569664706922
2024,vw_nz,JP3940400009,YAMATO KOGYO,JP,3.06262649699779e-06,207.63043432924732,61.7355178056783
2024,vw_nz,JP3596200000,TOTO,JP,2.893910299641103e-06,29.916716952212184,30.134193333290593
2024,vw_nz,JP3551520004,DENTSU GROUP,JP,2.7040716181476144e-06,0.34108129248101576,0.4196146424676305
2024,vw_nz,JP3240400006,KIKKOMAN,JP,2.1589117259043884e-06,22.879086888542663,8.386120844085308
2024,vw_nz,JP3595200001,TOSOH,JP,1.998321929535934e-06,1068.3760683760684,1738.806713363653
2024,vw_nz,JP3271400008,CREDIT SAISON,JP,1.1637564382633353e-06,0.23494961372164208,0.18869585632116445
2024,vw_nz,JP3493400000,DIC,JP,1.0688342836070471e-06,40.3750885349742,160.23838388416175
