year,portfolio,ISIN,name,country,weight,ci,cf_per_weight
2013,vw,JP3633400001,TOYOTA MOTOR,JP,0.05564794060366751,11.516275142521295,16.294735007992305
2013,vw,AU000000BHP4,BHP GROUP,AU,0.042115743296134024,329.4660755146728,173.69586186189173
2013,vw,AU000000CBA7,COMMONWEALTH BK.OF AUS.,AU,0.0361988414385492,0.22976128852495517,0.10066709056033145
2013,vw,AU000000WBC1,WESTPAC BANKING,AU,0.03037474452164804,0.2424948657744411,0.11672880416523579
2013,vw,JP3902900004,MITSUBISHI UFJ FINL.GP.,JP,0.026180626232776553,0.37365369338331517,0.2356761279616212
2013,vw,AU000000ANZ3,ANZ GROUP HOLDINGS,AU,0.025370164110690804,0.42653063075284786,0.21020265328751286
2013,vw,JP3854600008,HONDA MOTOR,JP,0.02286123191778776,13.690452442557799,20.508351116934257
2013,vw,AU000000NAB4,NATIONAL AUS.BANK,AU,0.022679622192050768,0.42255082061363747,0.3056608692069693
2013,vw,JP3726800000,JAPAN TOBACCO,JP,0.021262855516782714,22.18137304447431,6.349151739253161
2013,vw,AU000000TLS2,TELSTRA GROUP,AU,0.02000890149345428,2.009111768485008,0.89149161861608
2013,vw,JP3890350006,SUMITOMO MITSUI FINL.GP.,JP,0.0185569613799006,0.13857339299016877,0.11247513568421956
2013,vw,JP3242800005,CANON,JP,0.015898995957279123,3.4083648386453236,2.678441648399843
2013,vw,JP3672400003,NISSAN MOTOR,JP,0.015176500682408927,8.176861977202416,18.31151658959873
2013,vw,AU000000WOW2,WOOLWORTHS GROUP,AU,0.013498134469397925,8.779929535268318,12.633744937067148
2013,vw,JP3463000004,TAKEDA PHARMACEUTICAL,JP,0.013269118077973832,10.141722160875958,4.309650943783937
2013,vw,AU000000WES1,WESFARMERS,AU,0.013158699816946161,40.87489855908115,63.39949334462042
2013,vw,JP3898400001,MITSUBISHI,JP,0.011220709205381254,51.20743267166512,95.00547785344008
2013,vw,JP3551500006,DENSO,JP,0.011109815447882147,15.040850157403815,17.060009631422982
2013,vw,JP3496400007,KDDI,JP,0.010998120329196913,0.07503500381654968,0.08909902054568389
2013,vw,HK0011000095,HANG SENG BANK DEAD - DELIST.28/01/26,HK,0.010423856922859033,0.0,0.0
2013,vw,AU0000224040,WOODSIDE ENERGY GROUP,AU,0.010157396015596936,1442.9465773539716,300.6496835387096
2013,vw,JP3788600009,HITACHI,JP,0.009458183442076327,9.086316711541375,32.0679867165324
2013,vw,AU000000CSL8,CSL,AU,0.009427365950487071,11.579611370152607,1.953427836778747
2013,vw,JP3893600001,MITSUI,JP,0.009023812427694818,25.87867836527121,50.26151464032432
2013,vw,JP3783600004,EAST JAPAN RAILWAY,JP,0.008900662166743185,7.337568764375083,7.845276209760271
2013,vw,JP3304200003,KOMATSU,JP,0.008718882858348546,6.083805335337114,4.71964858727845
2013,vw,JP3371200001,SHIN-ETSU CHEMICAL,JP,0.008626180997319533,123.99632080143472,53.606763952058095
2013,vw,HK0003000038,HONG KONG AND CHINA GAS,HK,0.008251120686161757,249.32330976849352,32.27980017957402
2013,vw,HK0066009694,MTR,HK,0.007910269519746136,11.277347649447377,2.1839733223591704
2013,vw,JP3942400007,ASTELLAS PHARMA,JP,0.007897028771849241,7.615397369506793,3.326401225463054
2013,vw,JP3910660004,TOKIO MARINE HOLDINGS,JP,0.007360535746064055,0.5103550696134227,0.8094524969563086
2013,vw,HK0388045442,HONG KONG EXCHANGES AND CLEARING,HK,0.007289251177150536,0.14082489395642683,0.005291591797485308
2013,vw,HK0002007356,CLP HOLDINGS,HK,0.007141917099158694,2829.3242424076534,1780.619485177722
2013,vw,JP3762600009,NOMURA HDG.,JP,0.007027119615383606,0.17626858494552625,0.1717200012870719
2013,vw,JP3830800003,BRIDGESTONE,JP,0.007021230774468135,62.029725339017894,96.42192263229956
2013,vw,JP3294460005,INPEX,JP,0.006904338446098613,37.09274367432907,23.35972036203061
2013,vw,AU000000NCM7,NEWCREST MINING DEAD - DELIST.08/11/23,AU,0.006258670765441817,382.4201615014239,81.96365784694898
2013,vw,HK0006000050,POWER ASSETS HOLDINGS,HK,0.006129305798860024,6673.762504925252,486.0802564073353
2013,vw,JP3900000005,MITSUBISHI HEAVY INDS.,JP,0.006068625133774531,5.074177870105436,8.51195681475978
2013,vw,JP3592200004,TOSHIBA DEAD - DELIST.20/12/23,JP,0.006009939558778976,12.013458913170686,41.55096300304468
2013,vw,JP3566800003,CENTRAL JAPAN RAILWAY,JP,0.0059245098011277905,4.671222159296967,4.490025688559471
2013,vw,JP3902400005,MITSUBISHI ELECTRIC,JP,0.0057744091982112325,8.315770357470692,18.542128060458854
2013,vw,SG1U68934629,KEPPEL,SG,0.00558656814109333,51.959358429316765,34.830470895991
2013,vw,AU000000AMP6,AMP,AU,0.005401324026242497,0.008974394620985211,0.009040960117213592
2013,vw,JP3866800000,PANASONIC HOLDINGS,JP,0.005214121397953375,8.275773164249243,41.717673648001444
2013,vw,SGXE21576413,GENTING SINGAPORE,SG,0.004995196837234222,1.634446700255682,0.2586791652770816
2013,vw,AU000000QBE9,QBE INSURANCE GROUP,AU,0.0049455390448956416,0.6487553522918545,0.7245952936604467
2013,vw,JP3205800000,KAO,JP,0.00493122094835018,43.14549449572554,42.41382542361567
2013,vw,JP3435000009,SONY GROUP,JP,0.0049232439131405735,4.183422626930422,20.344412565648707
2013,vw,JP3266400005,KUBOTA,JP,0.004871009129435821,24.498023336716354,19.933114842729772
2013,vw,AU000000SUN6,SUNCORP GROUP,AU,0.004831878762471819,0.41453603601930317,0.45309060229256687
2013,vw,AU000000ORG5,ORIGIN ENERGY (EX BORAL),AU,0.004729141598290412,950.9628751415604,960.6717319372199
2013,vw,AU000000MQG1,MACQUARIE GROUP,AU,0.004608428672398655,0.0,0.0
2013,vw,JP3914400001,MURATA MANUFACTURING,JP,0.004521216634267124,17.492585333970244,8.987256775928271
2013,vw,JP3890310000,MS&AD INSURANCE GP.HDG.,JP,0.0043725591465156215,0.626589574404727,1.749434979269899
2013,vw,JP3877600001,MARUBENI,JP,0.004149631105015992,0.0028830313095057417,0.011859420987809637
2013,vw,JP3258000003,KIRIN HOLDINGS,JP,0.004060763142109811,22.73516162284791,43.946948437923496
2013,vw,IE00BKVD2N49,SEAGATE TECHNOLOGY HOLDINGS,SG,0.004017732374019978,19.47856967915748,26.328534800535632
2013,vw,JP3573000001,TOKYO GAS,JP,0.003998579509156564,131.11698355683038,226.02421901896508
2013,vw,HK0823032773,LINK REAL ESTATE INVESTMENT TRUST,HK,0.003986731999172476,0.0,0.0
2013,vw,AU000000STO6,SANTOS,AU,0.003946038811638021,1071.9687806220209,309.9173776569972
2013,vw,JP3200450009,ORIX,JP,0.0039237636307838525,33.4321429456323,24.35581927855827
2013,vw,JP3475350009,DAIICHI SANKYO,JP,0.0039025425225272022,12.212849820260306,11.100384784483198
2013,vw,HK0019000162,SWIRE PACIFIC 'A',HK,0.003879695415847251,2844.092886297964,1378.1423635960036
2013,vw,JP3481800005,DAIKIN INDUSTRIES,JP,0.0037624040694597396,69.43645308923807,82.8067899308793
2013,vw,JP3519400000,CHUGAI PHARM.,JP,0.0037216709801234857,12.816324675490689,4.837261413680066
2013,vw,JP3657400002,NIKON,JP,0.003709201667061367,2.5057608502902604,2.3776803027165423
2013,vw,AU000000IAG3,INSURANCE AUS.GROUP,AU,0.003630744749274518,1.00136758696601,0.8474188207021862
2013,vw,JP3505000004,DAIWA HOUSE INDUSTRY,JP,0.003616579609635951,9.574366107673903,18.549948328681076
2013,vw,JP3951600000,UNI CHARM,JP,0.003603704628255545,6.080078629938535,2.890460355130046
2013,vw,JP3814800003,SUBARU,JP,0.0036035283952976006,9.318698956141269,17.255395540725964
2013,vw,SG1V61937297,SINGAPORE AIRLINES,SG,0.003571533800555279,1164.5597140301559,1323.5577419916451
2013,vw,JP3634600005,TOYOTA INDS.,JP,0.003544872746653395,11.48580846321351,18.11045898099484
2013,vw,JP3116000005,ASAHI GROUP HOLDINGS,JP,0.003411843464606415,15.365847035573285,25.534270499536095
2013,vw,JP3814000000,FUJIFILM HOLDINGS,JP,0.0033943232484666013,31.485407180680507,72.86969180145434
2013,vw,JP3502200003,DAIWA SECURITIES GROUP,JP,0.0033855215760198202,0.23520436845731868,0.11579757915289995
2013,vw,JP3684000007,NITTO DENKO,JP,0.0033626944202407687,58.31596714893823,40.55192817893168
2013,vw,SG1F60858221,SINGAPORE TECHS.ENGR.,SG,0.0033087704602598684,7.6680701667096836,3.964931251344121
2013,vw,AU000000ORI1,ORICA,AU,0.003242413763868499,273.73435320030035,194.84821324188457
2013,vw,AU000000TCL6,TRANSURBAN GROUP STAPLED UNITS,AU,0.003154935713724975,0.14034712522305168,0.015493091346001834
2013,vw,JP3526600006,CHUBU ELEC.POWER,JP,0.0030753914718391084,1913.7882534763532,5953.153246663381
2013,vw,JP3621000003,TORAY INDS.,JP,0.0030636304157589185,187.79411518876543,343.84550513322284
2013,vw,JP3402600005,SUMITOMO METAL MINING,JP,0.0030259830657617705,153.01935328326965,143.81190049987416
2013,vw,JP3388200002,AEON,JP,0.0029946967280013777,4.247676629539556,28.496480202527145
2013,vw,JP3407400005,SUMITOMO ELECTRIC IND.,JP,0.0029646539963970467,8.282217450006382,21.674097253767165
2013,vw,JP3119600009,AJINOMOTO,JP,0.0029254405006792963,105.22537042051734,151.62674814046957
2013,vw,JP3165700000,NTT DATA GROUP DEAD - DELIST.26/09/25,JP,0.002871327007139852,0.42931259473203576,0.6840621735736835
2013,vw,SG1R89002252,CITY DEVELOPMENTS,SG,0.0028529755034625635,1.0729419350592835,0.33822883243453666
2013,vw,JP3228600007,KANSAI ELECTRIC PWR.,JP,0.00285144593439361,1682.7803812855693,6032.378702309749
2013,vw,JP3818000006,FUJITSU,JP,0.0027945692410796005,4.719031783874553,26.771882146605204
2013,vw,JP3868400007,MAZDA MOTOR,JP,0.0027676854021176727,6.482868234561631,18.081357699714903
2013,vw,JP3539220008,T & D HOLDINGS,JP,0.002762484867283232,0.10857180229818672,0.3127162864038229
2013,vw,HK0010000088,HANG LUNG GROUP,HK,0.0027246612843281393,0.47552345658625195,0.05974176541658022
2013,vw,JP3734800000,NIDEC,JP,0.002719041780574811,2.344924546793303,2.1237098273247565
2013,vw,JP3111200006,ASAHI KASEI,JP,0.0026842274585053764,288.9519915667413,607.5686590275627
2013,vw,SGXE34184239,SEATRIUM,SG,0.002660346230128807,19.641435690286958,8.77112945399641
2013,vw,JP3973400009,RICOH,JP,0.002655870578027044,8.674088765950007,22.210481243786948
2013,vw,AU000000SGP0,STOCKLAND STAPLED UNITS,AU,0.0026355173339595167,9.613342494846648,2.330050050403671
2013,vw,SG1R50925390,SEMBCORP INDUSTRIES,SG,0.0026268952196208304,778.847665671851,810.1183785480654
2013,vw,JP3659000008,WEST JAPAN RAILWAY,JP,0.0025946445883169673,7.131916273870434,12.815435936276526
2013,vw,BMG524401079,KERRY PROPERTIES,HK,0.002585985897326632,0.6379610267494771,0.28326936306182937
2013,vw,JP3551520004,DENTSU GROUP,JP,0.0025699520233038223,0.05786019863496524,0.15746238434536663
2013,vw,JP3112000009,AGC,JP,0.002569290318423993,410.1454895786856,682.0381941388717
2013,vw,JP3940000007,YAMATO HDG.,JP,0.002542649215423008,42.49777339592504,76.41563964680282
2013,vw,JP3571400005,TOKYO ELECTRON,JP,0.0025388020166995755,1.5558012851685632,1.179544606196342
2013,vw,JP3180400008,OSAKA GAS,JP,0.0025283776709796447,239.8980688028916,473.39251426918116
2013,vw,HK0293001514,CATHAY PACIFIC AIRWAYS,HK,0.00252591040956842,1242.2434126275682,2094.881640992157
2013,vw,BMG8063F1068,SHANGRI-LA ASIA,HK,0.0025105315901251405,73.80705822868507,20.107335900176555
2013,vw,AU000000CIM7,CIMIC GROUP DEAD - DELIST.11/05/22,AU,0.002446186609574459,160.9360674876165,431.176273886649
2013,vw,JP3982100004,LAWSON DEAD - DELIST.24/07/24,JP,0.002434448829545318,1.3658511158070636,0.9878000142050888
2013,vw,JP3420600003,SEKISUI HOUSE,JP,0.002423053539981617,4.082690483597339,9.763162047742227
2013,vw,JP3667600005,JGC HOLDINGS,JP,0.0024108834904329893,18.147926068588394,16.463667772345165
2013,vw,JP3626800001,LIXIL,JP,0.002371673319865389,31.539923890262486,66.87669031886301
2013,vw,AU000000GPT8,GPT GROUP STAPLED UNITS,AU,0.0023400478167897062,14.996852402219837,1.4319168104220013
2013,vw,JP3260800002,KINTETSU GROUP HDG.,JP,0.0023284829445683604,3.6024524974727834,5.228456696331669
2013,vw,JP3429800000,ANA HOLDINGS,JP,0.0022726204220500693,572.4537636761308,1332.9158521882644
2013,vw,JP3733000008,NEC,JP,0.0022632434986273563,2.278184243792499,11.183966948948349
2013,vw,SG1J26887955,SINGAPORE EXCHANGE,SG,0.0022386806144700576,0.08957828853455699,0.006906723584010266
2013,vw,AU000000ASX7,ASX,AU,0.0021773016678530853,0.4849738922388011,0.045815656126011385
2013,vw,AU000000WOR2,WORLEY,AU,0.002128741175063971,4.440073837785844,6.124549745858287
2013,vw,AU000000LLC3,LENDLEASE GROUP STAPLED UNITS,AU,0.0020954298208622907,13.25695404095906,26.467050474787996
2013,vw,JP3201200007,OLYMPUS,JP,0.0020850354014937083,2.8671563098552943,3.8764053903197513
2013,vw,JP3197600004,ONO PHARM.,JP,0.002056409183853234,13.825063885174243,3.5088229920073215
2013,vw,JP3792600003,HINO MOTORS,JP,0.0019619350177943248,10.343452839329219,28.981626326841564
2013,vw,JP3027680002,JAPAN REAL ESTATE INV.,JP,0.00196045532597762,12.176057972460013,1.0766913620451029
2013,vw,AU000000SHL7,SONIC HEALTHCARE,AU,0.0018859520117189995,2.387801432911426,1.4607407198445639
2013,vw,AU000000MGR9,MIRVAC GROUP STAPLED UNITS,AU,0.0018835379527101734,4.559598063622719,1.2474137261409615
2013,vw,JP3197800000,OMRON,JP,0.001860501312471678,5.442293018674887,6.619733916686327
2013,vw,JP3493800001,DAI NIPPON PRINTING,JP,0.001848570673733843,20.75498790709456,58.837707937604335
2013,vw,AU0000088338,AMPOL,AU,0.001813240953391174,76.45460548876285,339.18442870215347
2013,vw,NZFBUE0001S0,FLETCHER BUILDING,NZ,0.001807491768782,114.87576690066092,156.04563800861692
2013,vw,JP3495000006,SUMITOMO PHARMA,JP,0.0018029629142778385,21.51759818139061,15.187562244107559
2013,vw,JP3256000005,KYOWA KIRIN,JP,0.0017759360938594654,18.817616035016137,12.674782621720603
2013,vw,AU000000DXS1,DEXUS STAPLED UNITS,AU,0.0017738046726133807,14.052385205493577,1.7371792348313153
2013,vw,JP3224200000,KAWASAKI HEAVY INDUSTRY,JP,0.0016868154195418918,9.99338200481163,27.298980859074693
2013,vw,JP3351600006,SHISEIDO,JP,0.0016860905368092142,4.134719403938894,5.956156127729395
2013,vw,JP3787000003,HITACHI CON.MCH.,JP,0.001668310958957708,4.749318139046107,8.36459215705815
2013,vw,AU000000APA1,APA GROUP,AU,0.0016594328080574798,332.9115568810405,64.68765967678912
2013,vw,JP3419400001,SEKISUI CHEMICAL,JP,0.0016423714626383518,14.33069548296226,31.446781286189783
2013,vw,JP3269600007,KURARAY,JP,0.0016331009440204354,273.30647594370595,219.49113891060725
2013,vw,JP3385980002,J S R DEAD - DELIST.25/06/24,JP,0.0016261912820089467,98.18887084823037,79.33619325315198
2013,vw,JP3401400001,SUMITOMO CHEMICAL,JP,0.00160484049289645,318.7530802581314,1373.703217946407
2013,vw,AU000000COH5,COCHLEAR,AU,0.0015993406945485182,0.008368903393803546,0.001305659451581449
2013,vw,JP3522200009,CHUGOKU ELEC.POWER,JP,0.0015800681242797078,3122.7360733726646,8642.91321100956
2013,vw,JP3246400000,KYUSHU ELEC.POWER,JP,0.0014948378756375156,65.8895769757379,244.68641211865065
2013,vw,BMG2442N1048,COSCO SHIPPING PORTS,HK,0.0014832929543170687,49.98286581485289,8.2397222041638
2013,vw,BMG677491539,ORIENT OVERSEAS (INTL.),HK,0.0014605555775920643,818.4432444385052,1203.3033955992669
2013,vw,JP3629000005,TOPPAN HOLDINGS,JP,0.0014314006610777565,18.1241193299167,68.20898677513549
2013,vw,JP3942800008,YAMAHA MOTOR,JP,0.0014215648669343571,14.620592207556378,44.59656295977489
2013,vw,JP3688370000,NIPPON EXPRESS HOLDINGS,JP,0.0014188714953129397,44.425474902427254,182.17731521950554
2013,vw,JP3300600008,KONICA MINOLTA,JP,0.001418336146138806,20.247493609450068,40.24799084745445
2013,vw,SG9999000020,FLEX,SG,0.0013782148844301335,1.7428997691965447,10.402864298087735
2013,vw,JP3903000002,MITSUBISHI MATERIALS,JP,0.001354958784281745,751.882731767003,2607.6841526621643
2013,vw,JP3359600008,SHARP,JP,0.0013476168527507698,10.51202569789636,65.38689301223845
2013,vw,JP3289800009,KOBE STEEL,JP,0.0013197786956958214,883.3805515638251,4092.384129319641
2013,vw,JP3720800006,NSK,JP,0.0013182258505758189,16.29493248990595,32.66564255462982
2013,vw,JP3605400005,TOHOKU ELECTRIC PWR.,JP,0.0013162773125879788,2103.604504334939,10316.567935228808
2013,vw,JP3753000003,NIPPON YUSEN KK,JP,0.0013005360517783602,1010.3963584838287,5197.49120604621
2013,vw,AU000000BLD2,BORAL DEAD - DELIST.08/07/24,AU,0.0012930777399921384,502.6346054910013,688.1335534537824
2013,vw,AU000000BEN6,BENDIGO & ADELAIDE BANK,AU,0.0012928416543314958,1.0163613287941105,0.9637172170254136
2013,vw,JP3362700001,MITSUI OSK LINES,JP,0.0012820216157437268,1191.3931552390347,4941.733043187318
2013,vw,JP3977400005,RINNAI,JP,0.0012789392015547711,10.926408609698822,7.656471481387113
2013,vw,JP3551200003,ELEC.POWER DEV.,JP,0.0012463693558365174,7599.154637949945,14430.503346841644
2013,vw,JP3134800006,IHI,JP,0.001243117358989917,5.598366055881602,20.336335404557406
2013,vw,NZTELE0001S4,SPARK NEW ZEALAND,NZ,0.0012397556321883697,1.2343760470026675,1.1610816377983166
2013,vw,JP3982800009,ROHM,JP,0.0012316622167235173,48.32332680195319,41.10710351828254
2013,vw,JP3190000004,OBAYASHI,JP,0.0012072057373710156,9.869974878421518,40.90311882838043
2013,vw,AU000000QAN2,QANTAS AIRWAYS,AU,0.0012003326520111759,750.4054751008388,3441.3254253627565
2013,vw,JP3819400007,FUJI MEDIA HOLDINGS,JP,0.0011884552156757394,0.0,0.0
2013,vw,AU000000MTS0,METCASH,AU,0.001166465997734462,1.5194987462073994,5.726038409240566
2013,vw,JP3443600006,TAISEI,JP,0.0011095061756667048,7.9528598106774915,35.39414573037513
2013,vw,JP3174410005,OJI HOLDINGS,JP,0.0011044552725890094,375.1461351584464,1485.4644861388763
2013,vw,JP3449020001,TAIHEIYO CEMENT,JP,0.0010888536680856865,1546.4462979648497,3771.1476210834912
2013,vw,JP3743000006,NH FOODS,JP,0.0010794202171104253,25.476697314189956,85.94585103335254
2013,vw,JP3528600004,CHIYODA CORPORATION,JP,0.0010739603205642922,0.04308300966346653,0.05077698068926655
2013,vw,JP3786200000,HITACHI METALS DEAD - DELIST.29/12/22,JP,0.0010726369108046327,57.724679970036554,107.25921700771585
2013,vw,NZCENE0001S6,CONTACT ENERGY,NZ,0.0010707182991681414,1219.003706292474,837.8650708371894
2013,vw,NZAIAE0002S6,AUCKLAND INTL.AIRPORT,NZ,0.001052981948268584,6.711821628593924,0.7591451091350041
2013,vw,JP3778630008,BANDAI NAMCO HDG.,JP,0.0010314316501470935,0.0,0.0
2013,vw,JP3210200006,KAJIMA,JP,0.0010287881557779243,10.017662588238911,51.390451072412056
2013,vw,JP3634200004,TOYODA GOSEI,JP,0.0010068853917405444,16.925649621819442,36.326529264321735
2013,vw,JP3596200000,TOTO,JP,0.001003503714038098,31.460584339791723,52.68529318205916
2013,vw,JP3955000009,YOKOGAWA ELECTRIC,JP,0.0009934251839337563,12.681948864763205,15.73163833298188
2013,vw,JP3830000000,BROTHER INDUSTRIES,JP,0.0009725731673437442,1.9596452228319061,3.630551471845191
2013,vw,JP3229400001,KANSAI PAINT,JP,0.0009700394029295218,15.647860802928806,16.350847364668457
2013,vw,JP3613400005,TOYO SEIKAN GROUP HDG.,JP,0.0009231082337138576,22.88151961924129,64.47801623837415
2013,vw,JP3118000003,ASICS,JP,0.0009218646275577957,2.208737855157513,2.16779685471072
2013,vw,JP3350800003,SHIKOKU ELECTRIC POWER,JP,0.000906718568625009,1550.5618014714948,3436.199277554688
2013,vw,JP3738600000,NITERRA,JP,0.0008949375616439195,24.188200889056272,26.822272257767274
2013,vw,HK0200030994,MELCO INTL.DEV.,HK,0.0008901493454280659,6.082937136819863,0.04301424718530306
2013,vw,JP3711600001,NIPPON SANSO HOLDINGS,JP,0.0008871932869448064,23.522456497176915,44.975319793263445
2013,vw,JP3122400009,ADVANTEST,JP,0.0008827774875457415,1.9120353199854236,1.112688099139311
2013,vw,JP3270000007,KURITA WATER IND.,JP,0.000864948032441987,5.948586679453238,4.692937571841013
2013,vw,JP3769000005,HACHIJUNI NAGANO BANK,JP,0.0008587965046646752,1.657130397515808,1.1093687687059817
2013,vw,JP3164800009,NOK,JP,0.0008547697478331484,7.947415022007363,17.378297842543823
2013,vw,JP3870400003,MARUI GROUP,JP,0.0008546766436289513,3.02691775570711,4.173377841063828
2013,vw,JP3358800005,SHIMIZU,JP,0.0008465134000109509,14.699149221948744,86.98950031228027
2013,vw,AU000000MND5,MONADELPHOUS GROUP,AU,0.0008421341772635349,3.827732452961815,3.6266790912177904
2013,vw,JP3405400007,SUMITOMO HEAVY INDS.,JP,0.0008340374366485327,2.4106837843524347,6.299162370877139
2013,vw,JP3888300005,MITSUI CHEMICALS,JP,0.0007999612979123752,255.77932013312497,1562.8961796333012
2013,vw,JP3456000003,TAKASHIMAYA,JP,0.0007946576834232875,1.6754284009525962,6.504619556120911
2013,vw,JP3845400005,HOKURIKU ELEC.POWER,JP,0.0007906941044446088,3438.1849799213337,7788.31920333737
2013,vw,AU000000TAH8,TABCORP HOLDINGS,AU,0.0007868834823728253,0.8286484748218721,0.7230208835137716
2013,vw,JP3209000003,CASIO COMPUTER,JP,0.0007784143249410344,0.857362967407831,1.1718546426939032
2013,vw,JP3635400009,TOYOTA BOSHOKU,JP,0.0007735330045209838,7.186872821661005,36.954662104362704
2013,vw,JP3535800001,TSUMURA,JP,0.0007618051999422926,30.41073583716113,14.737865772749494
2013,vw,AU000000OZL8,OZ MINERALS DEAD - DELIST.03/05/23,AU,0.0007430048009947678,199.9358126431534,91.72477064220183
2013,vw,JP3544000007,TEIJIN,JP,0.0007389747190130911,127.29489641181597,496.0254321943142
2013,vw,JP3368000000,RESONAC HOLDINGS,JP,0.0007310475610557336,385.4314666800193,1400.4748605893003
2013,vw,JP3638600001,DOWA HDG.,JP,0.000721131963308737,198.09157204721703,394.6567560588735
2013,vw,JP3414750004,SEIKO EPSON,JP,0.0007052443958925231,20.108682311016203,85.74264241326959
2013,vw,JP3158800007,UBE,JP,0.0006956912395118654,1494.3371215756056,4875.227630113612
2013,vw,JP3421100003,JAPAN PETROLEUM EXP.,JP,0.0006864373466446985,89.30636887922094,107.1924742537711
2013,vw,AU000000DOW2,DOWNER EDI,AU,0.0006855561818549754,24.455746683155972,106.59009666639182
2013,vw,AU000000SGM7,SIMS,AU,0.0006747095420660073,13.56003718635604,54.76834671358379
2013,vw,JP3357200009,SHIMADZU,JP,0.0006729006603844626,1.1430550624263855,1.62427668542796
2013,vw,JP3148800000,IBIDEN,JP,0.0006684117076821,57.15276242538739,90.53960610296642
2013,vw,AU000000BSL0,BLUESCOPE STEEL,AU,0.0006640856873370823,1023.6302417423894,4053.255622984638
2013,vw,JP3582600007,TOKYO TATEMONO,JP,0.0006514999940197174,1.2744789875523659,1.3637454001663851
2013,vw,JP3850200001,HOKKAIDO ELEC.POWER,JP,0.0006493220206715341,2344.0433940256116,7722.403162703046
2013,vw,JP3491000000,DAIDO STEEL,JP,0.0006364869410929268,81.95641168905462,212.03661135955196
2013,vw,JP3820000002,FUJI ELECTRIC,JP,0.0006137761655691216,26.125586243159226,113.6738430866913
2013,vw,JP3215800008,KANEKA,JP,0.000611997210238926,223.33744457886232,616.6768993376836
2013,vw,JP3870000001,MABUCHI MOTOR,JP,0.0005970340345643838,29.171088750544502,14.956196289633587
2013,vw,JP3493400000,DIC,JP,0.0005875773075380731,41.93205328904519,188.1453479488645
2013,vw,AU000000PPT9,PERPETUAL,AU,0.0005754737609924435,0.3784952074675799,0.0837825813124397
2013,vw,JP3293200006,COCA-COLA BOTTLERS JAPAN HOLDINGS,JP,0.0005745526944009216,23.702894279156034,57.270096649111636
2013,vw,JP3223800008,KAWASAKI KISEN KAISHA,JP,0.000563263809642017,1097.9158314851934,7291.601286932908
2013,vw,JP3166000004,EBARA,JP,0.0005331978019866368,3.931258048271809,10.730076768130314
2013,vw,JP3165600002,NTN,JP,0.0005314820245092894,17.857831272218597,64.91738458554653
2013,vw,JP3665200006,NICHIREI,JP,0.0005067129810426971,8.067683302305314,26.5834580150668
2013,vw,JP3385820000,GS YUASA,JP,0.0004840886594227893,4.997863042852533,10.233267392021101
2013,vw,JP3888400003,MITSUI KINZOKU LIMITED,JP,0.0004793336947084348,152.96623509023232,477.96106941187895
2013,vw,JP3595200001,TOSOH,JP,0.0004770193902041056,987.9906031762662,4733.0926124719435
2013,vw,JP3827200001,FURUKAWA ELECTRIC,JP,0.0004770094147536559,16.16439605257159,108.74490258269144
2013,vw,JP3619800000,TOYOBO,JP,0.0004668045289436181,190.7803174618741,498.86812075278164
2013,vw,JP3320800000,SAPPORO HOLDINGS,JP,0.0004639715010159048,22.462605455398833,85.6089698568091
2013,vw,AU000000CQR9,CHARTER HALL RETAIL REIT,AU,0.00045290207616689347,0.479643371046469,0.06240593223449947
2013,vw,JP3678000005,NISSHINBO HOLDINGS,JP,0.00044873898817922086,61.48087860819123,210.41177298763273
2013,vw,AU000000BWP3,BWP GROUP STAPLED UNITS,AU,0.0004429000245159995,0.0,0.0
2013,vw,AU000000CWY3,CLEANAWAY WASTE MANAGEMENT,AU,0.0004339819718139724,264.02782527839076,483.8501321687162
2013,vw,JP3891600003,MITSUI E&S,JP,0.00043262863570296375,20.32084704517355,97.45980262551112
2013,vw,AU000000IGO4,IGO,AU,0.0003809258760221956,157.515268270689,33.54516013582521
2013,vw,BMG684371393,PACIFIC BASIN SHIP.,HK,0.0003718781424643225,488.6910067270386,630.4654947334537
2013,vw,JP3811000003,FUJIKURA,JP,0.0003653807990714212,5.350767328287233,25.508718284736634
2013,vw,AU000000IVC8,INVOCARE DEAD - DELIST.27/11/23,AU,0.0003629966664139442,14.241112997754286,5.001511445766577
2013,vw,AU000000CSR5,CSR DEAD - DEAD.10/07/24,AU,0.0003552124899130323,204.6701726784194,343.6551026903563
2013,vw,JP3452000007,TAIYO YUDEN,JP,0.0003525590200934135,17.794976311052253,34.14192477458784
2013,vw,JP3686800008,NIPPON SHEET GLASS,JP,0.00034063835680602823,627.6825583336786,3416.5340726062295
2013,vw,JP3126400005,ALPS ALPINE,JP,0.0003376789731726187,1.5597738551373352,8.935235788209113
2013,vw,JP3375800004,SHINKO ELEC.INDS. DEAD - DELIST.06/06/25,JP,0.0003096413071086766,21.689118376319623,32.80248279120714
2013,vw,JP3194000000,OKI ELECTRIC IND.,JP,0.0002757513767809134,2.4764962360459575,13.987869141072485
2013,vw,AU000000SIG5,SIGMA HEALTHCARE,AU,0.0002709066330125116,1.4966958315387144,5.621563236449332
2013,vw,AU000000GWA4,GWA GROUP,AU,0.00026026947768298706,16.755987495084025,12.846064415571142
2013,vw,AU000000SBM8,ST BARBARA,AU,0.00024473437618266236,196.55234593529545,121.43992608796076
2013,vw,AU000000ERA9,ENERGY RES.OF AUS.,AU,0.00024080404870548263,258.8769809055373,157.20183929631725
2013,vw,AU000000MAH3,MACMAHON HOLDINGS,AU,0.00011998471800892907,77.60307754360407,219.67838931382332
2013,vw,AU0000038911,OVATO DEAD - DELIST.29/08/22,AU,1.903315945801768e-05,23.357871555998624,436.7575122292103
2013,vw_50,JP3633400001,TOYOTA MOTOR,JP,0.0389966396435325,11.516275142521295,16.294735007992305
2013,vw_50,AU000000CBA7,COMMONWEALTH BK.OF AUS.,AU,0.03342491967293724,0.22976128852495517,0.10066709056033145
2013,vw_50,AU000000BWP3,BWP GROUP STAPLED UNITS,AU,0.03263491697686511,0.0,0.0
2013,vw_50,AU000000BHP4,BHP GROUP,AU,0.030061831898822736,329.4660755146728,173.69586186189173
2013,vw_50,JP3854600008,HONDA MOTOR,JP,0.027096727542889734,13.690452442557799,20.508351116934257
2013,vw_50,AU000000ANZ3,ANZ GROUP HOLDINGS,AU,0.024785141819195517,0.42653063075284786,0.21020265328751286
2013,vw_50,AU000000WBC1,WESTPAC BANKING,AU,0.024461265352053667,0.2424948657744411,0.11672880416523579
2013,vw_50,JP3902900004,MITSUBISHI UFJ FINL.GP.,JP,0.02165788624194678,0.37365369338331517,0.2356761279616212
2013,vw_50,JP3726800000,JAPAN TOBACCO,JP,0.01896404109550759,22.18137304447431,6.349151739253161
2013,vw_50,JP3762600009,NOMURA HDG.,JP,0.018272891893022357,0.17626858494552625,0.1717200012870719
2013,vw_50,JP3551500006,DENSO,JP,0.018223026784335707,15.040850157403815,17.060009631422982
2013,vw_50,AU0000224040,WOODSIDE ENERGY GROUP,AU,0.017853044423940492,1442.9465773539716,300.6496835387096
2013,vw_50,AU000000CSL8,CSL,AU,0.017111115762673303,11.579611370152607,1.953427836778747
2013,vw_50,AU000000WES1,WESFARMERS,AU,0.016897243118678226,40.87489855908115,63.39949334462042
2013,vw_50,JP3910660004,TOKIO MARINE HOLDINGS,JP,0.014555596979488676,0.5103550696134227,0.8094524969563086
2013,vw_50,JP3982100004,LAWSON DEAD - DELIST.24/07/24,JP,0.014388491970372048,1.3658511158070636,0.9878000142050888
2013,vw_50,JP3496400007,KDDI,JP,0.014279934141745007,0.07503500381654968,0.08909902054568389
2013,vw_50,JP3205800000,KAO,JP,0.014160724988033089,43.14549449572554,42.41382542361567
2013,vw_50,JP3672400003,NISSAN MOTOR,JP,0.013999152324965335,8.176861977202416,18.31151658959873
2013,vw_50,AU000000TLS2,TELSTRA GROUP,AU,0.013281092486700674,2.009111768485008,0.89149161861608
2013,vw_50,JP3830800003,BRIDGESTONE,JP,0.012746619062477085,62.029725339017894,96.42192263229956
2013,vw_50,AU000000NAB4,NATIONAL AUS.BANK,AU,0.012049487077633906,0.42255082061363747,0.3056608692069693
2013,vw_50,JP3197600004,ONO PHARM.,JP,0.012015465092950107,13.825063885174243,3.5088229920073215
2013,vw_50,JP3788600009,HITACHI,JP,0.01200719728937187,9.086316711541375,32.0679867165324
2013,vw_50,JP3898400001,MITSUBISHI,JP,0.01199551804965355,51.20743267166512,95.00547785344008
2013,vw_50,JP3566800003,CENTRAL JAPAN RAILWAY,JP,0.01164902478892215,4.671222159296967,4.490025688559471
2013,vw_50,JP3830000000,BROTHER INDUSTRIES,JP,0.011407941402006516,1.9596452228319061,3.630551471845191
2013,vw_50,JP3475350009,DAIICHI SANKYO,JP,0.010899960395879416,12.212849820260306,11.100384784483198
2013,vw_50,JP3190000004,OBAYASHI,JP,0.010574093631566315,9.869974878421518,40.90311882838043
2013,vw_50,JP3684000007,NITTO DENKO,JP,0.010413127083452059,58.31596714893823,40.55192817893168
2013,vw_50,HK0388045442,HONG KONG EXCHANGES AND CLEARING,HK,0.010326118227591205,0.14082489395642683,0.005291591797485308
2013,vw_50,AU000000COH5,COCHLEAR,AU,0.010287483736132232,0.008368903393803546,0.001305659451581449
2013,vw_50,JP3890350006,SUMITOMO MITSUI FINL.GP.,JP,0.009831476809737942,0.13857339299016877,0.11247513568421956
2013,vw_50,JP3902400005,MITSUBISHI ELECTRIC,JP,0.009567924541696365,8.315770357470692,18.542128060458854
2013,vw_50,AU000000ORI1,ORICA,AU,0.009519888441919585,273.73435320030035,194.84821324188457
2013,vw_50,SG1U68934629,KEPPEL,SG,0.009152166072626,51.959358429316765,34.830470895991
2013,vw_50,JP3893600001,MITSUI,JP,0.008938329089101646,25.87867836527121,50.26151464032432
2013,vw_50,AU000000AMP6,AMP,AU,0.008084125984773927,0.008974394620985211,0.009040960117213592
2013,vw_50,JP3769000005,HACHIJUNI NAGANO BANK,JP,0.007955709599260714,1.657130397515808,1.1093687687059817
2013,vw_50,JP3942400007,ASTELLAS PHARMA,JP,0.007362112161122757,7.615397369506793,3.326401225463054
2013,vw_50,AU000000QBE9,QBE INSURANCE GROUP,AU,0.007130806750774442,0.6487553522918545,0.7245952936604467
2013,vw_50,HK0002007356,CLP HOLDINGS,HK,0.007012716456692735,2829.3242424076534,1780.619485177722
2013,vw_50,JP3246400000,KYUSHU ELEC.POWER,JP,0.0070041063378527176,65.8895769757379,244.68641211865065
2013,vw_50,JP3811000003,FUJIKURA,JP,0.006947412888490745,5.350767328287233,25.508718284736634
2013,vw_50,BMG2442N1048,COSCO SHIPPING PORTS,HK,0.006855440843377785,49.98286581485289,8.2397222041638
2013,vw_50,JP3634200004,TOYODA GOSEI,JP,0.006785329112380094,16.925649621819442,36.326529264321735
2013,vw_50,JP3405400007,SUMITOMO HEAVY INDS.,JP,0.006650435727521339,2.4106837843524347,6.299162370877139
2013,vw_50,JP3539220008,T & D HOLDINGS,JP,0.0065125480457823865,0.10857180229818672,0.3127162864038229
2013,vw_50,JP3371200001,SHIN-ETSU CHEMICAL,JP,0.005946678696525558,123.99632080143472,53.606763952058095
2013,vw_50,JP3435000009,SONY GROUP,JP,0.005921431212958864,4.183422626930422,20.344412565648707
2013,vw_50,JP3973400009,RICOH,JP,0.0058999713235349345,8.674088765950007,22.210481243786948
2013,vw_50,BMG524401079,KERRY PROPERTIES,HK,0.0057415910687979915,0.6379610267494771,0.28326936306182937
2013,vw_50,JP3351600006,SHISEIDO,JP,0.005734139669088225,4.134719403938894,5.956156127729395
2013,vw_50,JP3111200006,ASAHI KASEI,JP,0.005690544327302939,288.9519915667413,607.5686590275627
2013,vw_50,JP3134800006,IHI,JP,0.005556760619019455,5.598366055881602,20.336335404557406
2013,vw_50,JP3357200009,SHIMADZU,JP,0.0054544263789746235,1.1430550624263855,1.62427668542796
2013,vw_50,AU000000SUN6,SUNCORP GROUP,AU,0.005338420228520176,0.41453603601930317,0.45309060229256687
2013,vw_50,JP3877600001,MARUBENI,JP,0.005222152131700639,0.0028830313095057417,0.011859420987809637
2013,vw_50,AU000000ORG5,ORIGIN ENERGY (EX BORAL),AU,0.0050564677450784055,950.9628751415604,960.6717319372199
2013,vw_50,JP3667600005,JGC HOLDINGS,JP,0.005027876040744327,18.147926068588394,16.463667772345165
2013,vw_50,HK0066009694,MTR,HK,0.005026436113754455,11.277347649447377,2.1839733223591704
2013,vw_50,BMG8063F1068,SHANGRI-LA ASIA,HK,0.004937082210855454,73.80705822868507,20.107335900176555
2013,vw_50,HK0823032773,LINK REAL ESTATE INVESTMENT TRUST,HK,0.004776833263998272,0.0,0.0
2013,vw_50,JP3596200000,TOTO,JP,0.004720509346363432,31.460584339791723,52.68529318205916
2013,vw_50,SGXE21576413,GENTING SINGAPORE,SG,0.004719263861207351,1.634446700255682,0.2586791652770816
2013,vw_50,AU000000BLD2,BORAL DEAD - DELIST.08/07/24,AU,0.004555981151141797,502.6346054910013,688.1335534537824
2013,vw_50,JP3573000001,TOKYO GAS,JP,0.0045373997435268505,131.11698355683038,226.02421901896508
2013,vw_50,AU000000SHL7,SONIC HEALTHCARE,AU,0.0043693735968210546,2.387801432911426,1.4607407198445639
2013,vw_50,JP3592200004,TOSHIBA DEAD - DELIST.20/12/23,JP,0.004315663453720347,12.013458913170686,41.55096300304468
2013,vw_50,JP3463000004,TAKEDA PHARMACEUTICAL,JP,0.004266252696186046,10.141722160875958,4.309650943783937
2013,vw_50,AU000000WOW2,WOOLWORTHS GROUP,AU,0.0040942693021150224,8.779929535268318,12.633744937067148
2013,vw_50,JP3571400005,TOKYO ELECTRON,JP,0.004005826589327765,1.5558012851685632,1.179544606196342
2013,vw_50,HK0011000095,HANG SENG BANK DEAD - DELIST.28/01/26,HK,0.0039755078894383525,0.0,0.0
2013,vw_50,AU000000MQG1,MACQUARIE GROUP,AU,0.003923229743482332,0.0,0.0
2013,vw_50,HK0003000038,HONG KONG AND CHINA GAS,HK,0.003862004059373845,249.32330976849352,32.27980017957402
2013,vw_50,JP3304200003,KOMATSU,JP,0.0037644047155881042,6.083805335337114,4.71964858727845
2013,vw_50,JP3242800005,CANON,JP,0.003764053751894337,3.4083648386453236,2.678441648399843
2013,vw_50,AU000000DOW2,DOWNER EDI,AU,0.0037383478012655525,24.455746683155972,106.59009666639182
2013,vw_50,AU000000CIM7,CIMIC GROUP DEAD - DELIST.11/05/22,AU,0.0036858263942834654,160.9360674876165,431.176273886649
2013,vw_50,JP3027680002,JAPAN REAL ESTATE INV.,JP,0.003676076539032737,12.176057972460013,1.0766913620451029
2013,vw_50,AU000000QAN2,QANTAS AIRWAYS,AU,0.0036459744056875124,750.4054751008388,3441.3254253627565
2013,vw_50,HK0006000050,POWER ASSETS HOLDINGS,HK,0.003634639244014338,6673.762504925252,486.0802564073353
2013,vw_50,JP3818000006,FUJITSU,JP,0.003443762395557911,4.719031783874553,26.771882146605204
2013,vw_50,JP3294460005,INPEX,JP,0.0034404522728389403,37.09274367432907,23.35972036203061
2013,vw_50,JP3787000003,HITACHI CON.MCH.,JP,0.0034012463675513168,4.749318139046107,8.36459215705815
2013,vw_50,JP3350800003,SHIKOKU ELECTRIC POWER,JP,0.0033141986568428197,1550.5618014714948,3436.199277554688
2013,vw_50,JP3456000003,TAKASHIMAYA,JP,0.0033045713175839033,1.6754284009525962,6.504619556120911
2013,vw_50,JP3201200007,OLYMPUS,JP,0.003186165452071027,2.8671563098552943,3.8764053903197513
2013,vw_50,JP3493400000,DIC,JP,0.0031480581721063123,41.93205328904519,188.1453479488645
2013,vw_50,JP3665200006,NICHIREI,JP,0.0031139568559633377,8.067683302305314,26.5834580150668
2013,vw_50,JP3116000005,ASAHI GROUP HOLDINGS,JP,0.0031100003263687965,15.365847035573285,25.534270499536095
2013,vw_50,JP3582600007,TOKYO TATEMONO,JP,0.0029412104953243975,1.2744789875523659,1.3637454001663851
2013,vw_50,AU000000NCM7,NEWCREST MINING DEAD - DELIST.08/11/23,AU,0.0029361717266211704,382.4201615014239,81.96365784694898
2013,vw_50,JP3401400001,SUMITOMO CHEMICAL,JP,0.002854854969282377,318.7530802581314,1373.703217946407
2013,vw_50,BMG684371393,PACIFIC BASIN SHIP.,HK,0.002851670163205738,488.6910067270386,630.4654947334537
2013,vw_50,JP3258000003,KIRIN HOLDINGS,JP,0.002824952830480688,22.73516162284791,43.946948437923496
2013,vw_50,AU000000APA1,APA GROUP,AU,0.002811356948870871,332.9115568810405,64.68765967678912
2013,vw_50,AU000000IGO4,IGO,AU,0.0027155998085705044,157.515268270689,33.54516013582521
2013,vw_50,JP3300600008,KONICA MINOLTA,JP,0.0027143353600862625,20.247493609450068,40.24799084745445
2013,vw_50,JP3940000007,YAMATO HDG.,JP,0.0026940483707135142,42.49777339592504,76.41563964680282
2013,vw_50,JP3888300005,MITSUI CHEMICALS,JP,0.0026411566977737376,255.77932013312497,1562.8961796333012
2013,vw_50,JP3734800000,NIDEC,JP,0.0025277177874260485,2.344924546793303,2.1237098273247565
2013,vw_50,JP3407400005,SUMITOMO ELECTRIC IND.,JP,0.002524784862571162,8.282217450006382,21.674097253767165
2013,vw_50,JP3493800001,DAI NIPPON PRINTING,JP,0.00251750063167251,20.75498790709456,58.837707937604335
2013,vw_50,AU000000CSR5,CSR DEAD - DEAD.10/07/24,AU,0.0024969929176223383,204.6701726784194,343.6551026903563
2013,vw_50,JP3519400000,CHUGAI PHARM.,JP,0.0024737017688878766,12.816324675490689,4.837261413680066
2013,vw_50,JP3420600003,SEKISUI HOUSE,JP,0.002333224176555079,4.082690483597339,9.763162047742227
2013,vw_50,JP3891600003,MITSUI E&S,JP,0.0022319381824470927,20.32084704517355,97.45980262551112
2013,vw_50,NZTELE0001S4,SPARK NEW ZEALAND,NZ,0.0022268528378137573,1.2343760470026675,1.1610816377983166
2013,vw_50,AU000000MTS0,METCASH,AU,0.0021788064345748177,1.5194987462073994,5.726038409240566
2013,vw_50,JP3738600000,NITERRA,JP,0.002081635297951392,24.188200889056272,26.822272257767274
2013,vw_50,JP3870000001,MABUCHI MOTOR,JP,0.002007049895968138,29.171088750544502,14.956196289633587
2013,vw_50,JP3914400001,MURATA MANUFACTURING,JP,0.0020042313960469487,17.492585333970244,8.987256775928271
2013,vw_50,AU000000WOR2,WORLEY,AU,0.0020005619730116154,4.440073837785844,6.124549745858287
2013,vw_50,AU000000SBM8,ST BARBARA,AU,0.001956233218530857,196.55234593529545,121.43992608796076
2013,vw_50,JP3495000006,SUMITOMO PHARMA,JP,0.001937850545902197,21.51759818139061,15.187562244107559
2013,vw_50,AU000000GPT8,GPT GROUP STAPLED UNITS,AU,0.0018998778822407975,14.996852402219837,1.4319168104220013
2013,vw_50,JP3778630008,BANDAI NAMCO HDG.,JP,0.0018440057609902054,0.0,0.0
2013,vw_50,JP3414750004,SEIKO EPSON,JP,0.001813530745131809,20.108682311016203,85.74264241326959
2013,vw_50,AU000000STO6,SANTOS,AU,0.0017270253924703929,1071.9687806220209,309.9173776569972
2013,vw_50,HK0293001514,CATHAY PACIFIC AIRWAYS,HK,0.0017224941500638502,1242.2434126275682,2094.881640992157
2013,vw_50,JP3942800008,YAMAHA MOTOR,JP,0.0017034332569833815,14.620592207556378,44.59656295977489
2013,vw_50,JP3621000003,TORAY INDS.,JP,0.001674341682821393,187.79411518876543,343.84550513322284
2013,vw_50,JP3711600001,NIPPON SANSO HOLDINGS,JP,0.001647172910076532,23.522456497176915,44.975319793263445
2013,vw_50,JP3126400005,ALPS ALPINE,JP,0.001558720018661146,1.5597738551373352,8.935235788209113
2013,vw_50,JP3388200002,AEON,JP,0.0015297694690612528,4.247676629539556,28.496480202527145
2013,vw_50,JP3535800001,TSUMURA,JP,0.0015263056324466959,30.41073583716113,14.737865772749494
2013,vw_50,JP3224200000,KAWASAKI HEAVY INDUSTRY,JP,0.0015247229910328782,9.99338200481163,27.298980859074693
2013,vw_50,NZFBUE0001S0,FLETCHER BUILDING,NZ,0.001493042221565467,114.87576690066092,156.04563800861692
2013,vw_50,AU000000MGR9,MIRVAC GROUP STAPLED UNITS,AU,0.0014513034443733696,4.559598063622719,1.2474137261409615
2013,vw_50,JP3505000004,DAIWA HOUSE INDUSTRY,JP,0.0013922770033312419,9.574366107673903,18.549948328681076
2013,vw_50,JP3659000008,WEST JAPAN RAILWAY,JP,0.00136024051562166,7.131916273870434,12.815435936276526
2013,vw_50,JP3359600008,SHARP,JP,0.0013564717909213056,10.51202569789636,65.38689301223845
2013,vw_50,JP3868400007,MAZDA MOTOR,JP,0.0013121632613061636,6.482868234561631,18.081357699714903
2013,vw_50,JP3260800002,KINTETSU GROUP HDG.,JP,0.0012686904011080006,3.6024524974727834,5.228456696331669
2013,vw_50,SG9999000020,FLEX,SG,0.0012392329080672107,1.7428997691965447,10.402864298087735
2013,vw_50,AU000000MAH3,MACMAHON HOLDINGS,AU,0.0012034132110099525,77.60307754360407,219.67838931382332
2013,vw_50,JP3619800000,TOYOBO,JP,0.0011787012276124804,190.7803174618741,498.86812075278164
2013,vw_50,JP3174410005,OJI HOLDINGS,JP,0.0011413774526526554,375.1461351584464,1485.4644861388763
2013,vw_50,JP3452000007,TAIYO YUDEN,JP,0.0011382364724017884,17.794976311052253,34.14192477458784
2013,vw_50,AU000000OZL8,OZ MINERALS DEAD - DELIST.03/05/23,AU,0.0009957946735316744,199.9358126431534,91.72477064220183
2013,vw_50,JP3266400005,KUBOTA,JP,0.0009819263195265842,24.498023336716354,19.933114842729772
2013,vw_50,JP3814800003,SUBARU,JP,0.0009786597592410357,9.318698956141269,17.255395540725964
2013,vw_50,AU000000ERA9,ENERGY RES.OF AUS.,AU,0.0009422970000733403,258.8769809055373,157.20183929631725
2013,vw_50,AU000000MND5,MONADELPHOUS GROUP,AU,0.0008911679621893821,3.827732452961815,3.6266790912177904
2013,vw_50,SG1R89002252,CITY DEVELOPMENTS,SG,0.000876729836727036,1.0729419350592835,0.33822883243453666
2013,vw_50,JP3229400001,KANSAI PAINT,JP,0.0008751166897537517,15.647860802928806,16.350847364668457
2013,vw_50,JP3165700000,NTT DATA GROUP DEAD - DELIST.26/09/25,JP,0.0008145149087810098,0.42931259473203576,0.6840621735736835
2013,vw_50,JP3888400003,MITSUI KINZOKU LIMITED,JP,0.0008087727294144665,152.96623509023232,477.96106941187895
2013,vw_50,IE00BKVD2N49,SEAGATE TECHNOLOGY HOLDINGS,SG,0.0007978409725747116,19.47856967915748,26.328534800535632
2013,vw_50,JP3955000009,YOKOGAWA ELECTRIC,JP,0.0007839601000811289,12.681948864763205,15.73163833298188
2013,vw_50,JP3688370000,NIPPON EXPRESS HOLDINGS,JP,0.0007818614743412158,44.425474902427254,182.17731521950554
2013,vw_50,JP3551520004,DENTSU GROUP,JP,0.0007390940370010586,0.05786019863496524,0.15746238434536663
2013,vw_50,JP3210200006,KAJIMA,JP,0.0007351267236386589,10.017662588238911,51.390451072412056
2013,vw_50,AU000000SIG5,SIGMA HEALTHCARE,AU,0.0007121043427720466,1.4966958315387144,5.621563236449332
2013,vw_50,JP3449020001,TAIHEIYO CEMENT,JP,0.0006982131347629161,1546.4462979648497,3771.1476210834912
2013,vw_50,JP3228600007,KANSAI ELECTRIC PWR.,JP,0.0006733455685981241,1682.7803812855693,6032.378702309749
2013,vw_50,JP3528600004,CHIYODA CORPORATION,JP,0.0006646617881082336,0.04308300966346653,0.05077698068926655
2013,vw_50,JP3720800006,NSK,JP,0.0006595244613924757,16.29493248990595,32.66564255462982
2013,vw_50,SG1R50925390,SEMBCORP INDUSTRIES,SG,0.0006347981012060761,778.847665671851,810.1183785480654
2013,vw_50,JP3385980002,J S R DEAD - DELIST.25/06/24,JP,0.0006135314628271078,98.18887084823037,79.33619325315198
2013,vw_50,JP3402600005,SUMITOMO METAL MINING,JP,0.000607129760972891,153.01935328326965,143.81190049987416
2013,vw_50,AU000000BEN6,BENDIGO & ADELAIDE BANK,AU,0.0005848032633216567,1.0163613287941105,0.9637172170254136
2013,vw_50,JP3900000005,MITSUBISHI HEAVY INDS.,JP,0.0005820463840687335,5.074177870105436,8.51195681475978
2013,vw_50,JP3358800005,SHIMIZU,JP,0.0005393852288011794,14.699149221948744,86.98950031228027
2013,vw_50,JP3634600005,TOYOTA INDS.,JP,0.0005314949854595107,11.48580846321351,18.11045898099484
2013,vw_50,JP3638600001,DOWA HDG.,JP,0.0005259384140730161,198.09157204721703,394.6567560588735
2013,vw_50,JP3819400007,FUJI MEDIA HOLDINGS,JP,0.0005038224200146142,0.0,0.0
2013,vw_50,JP3678000005,NISSHINBO HOLDINGS,JP,0.00048092742968841324,61.48087860819123,210.41177298763273
2013,vw_50,JP3200450009,ORIX,JP,0.00044876241841615406,33.4321429456323,24.35581927855827
2013,vw_50,JP3269600007,KURARAY,JP,0.00042464029003524696,273.30647594370595,219.49113891060725
2013,vw_50,JP3256000005,KYOWA KIRIN,JP,0.0004144317990862233,18.817616035016137,12.674782621720603
2013,vw_50,HK0010000088,HANG LUNG GROUP,HK,0.00040607501614536645,0.47552345658625195,0.05974176541658022
2013,vw_50,JP3194000000,OKI ELECTRIC IND.,JP,0.00037536880964736304,2.4764962360459575,13.987869141072485
2013,vw_50,NZAIAE0002S6,AUCKLAND INTL.AIRPORT,NZ,0.00036640444328166704,6.711821628593924,0.7591451091350041
2013,vw_50,JP3629000005,TOPPAN HOLDINGS,JP,0.00036324883290890915,18.1241193299167,68.20898677513549
2013,vw_50,JP3613400005,TOYO SEIKAN GROUP HDG.,JP,0.00025303068356760325,22.88151961924129,64.47801623837415
2013,vw_50,JP3866800000,PANASONIC HOLDINGS,JP,0.00024381968636198213,8.275773164249243,41.717673648001444
2013,vw_50,JP3180400008,OSAKA GAS,JP,0.00022606681643744342,239.8980688028916,473.39251426918116
2013,vw_50,JP3419400001,SEKISUI CHEMICAL,JP,0.0002048771327857434,14.33069548296226,31.446781286189783
2013,vw_50,AU000000SGM7,SIMS,AU,0.00020446761531119968,13.56003718635604,54.76834671358379
2013,vw_50,JP3526600006,CHUBU ELEC.POWER,JP,0.00018404866567193969,1913.7882534763532,5953.153246663381
2013,vw_50,JP3845400005,HOKURIKU ELEC.POWER,JP,0.00017468626106082407,3438.1849799213337,7788.31920333737
2013,vw_50,JP3626800001,LIXIL,JP,0.00017067878284557012,31.539923890262486,66.87669031886301
2013,vw_50,JP3209000003,CASIO COMPUTER,JP,0.00016898758354239371,0.857362967407831,1.1718546426939032
2013,vw_50,SGXE34184239,SEATRIUM,SG,0.00014516125421622336,19.641435690286958,8.77112945399641
2013,vw_50,HK0019000162,SWIRE PACIFIC 'A',HK,0.00013939079264248518,2844.092886297964,1378.1423635960036
2013,vw_50,JP3164800009,NOK,JP,0.00013869484288447307,7.947415022007363,17.378297842543823
2013,vw_50,AU000000IAG3,INSURANCE AUS.GROUP,AU,0.0001370159916384705,1.00136758696601,0.8474188207021862
2013,vw_50,JP3783600004,EAST JAPAN RAILWAY,JP,0.00012523143949051671,7.337568764375083,7.845276209760271
2013,vw_50,SG1V61937297,SINGAPORE AIRLINES,SG,0.0001204026758386845,1164.5597140301559,1323.5577419916451
2013,vw_50,JP3112000009,AGC,JP,0.00011928042401468522,410.1454895786856,682.0381941388717
2013,vw_50,JP3165600002,NTN,JP,0.00010829985894642115,17.857831272218597,64.91738458554653
2013,vw_50,JP3362700001,MITSUI OSK LINES,JP,0.0001007722492980498,1191.3931552390347,4941.733043187318
2013,vw_50,JP3481800005,DAIKIN INDUSTRIES,JP,9.665600614688287e-05,69.43645308923807,82.8067899308793
2013,vw_50,JP3551200003,ELEC.POWER DEV.,JP,9.602799556553398e-05,7599.154637949945,14430.503346841644
2013,vw_50,JP3320800000,SAPPORO HOLDINGS,JP,8.506824874149907e-05,22.462605455398833,85.6089698568091
2013,vw_50,AU000000CQR9,CHARTER HALL RETAIL REIT,AU,8.232113062210874e-05,0.479643371046469,0.06240593223449947
2013,vw_50,JP3951600000,UNI CHARM,JP,7.350400638734712e-05,6.080078629938535,2.890460355130046
2013,vw_50,JP3502200003,DAIWA SECURITIES GROUP,JP,6.815727341621304e-05,0.23520436845731868,0.11579757915289995
2013,vw_50,JP3786200000,HITACHI METALS DEAD - DELIST.29/12/22,JP,6.333705984265588e-05,57.724679970036554,107.25921700771585
2013,vw_50,JP3544000007,TEIJIN,JP,6.0518772197544086e-05,127.29489641181597,496.0254321943142
2013,vw_50,NZCENE0001S6,CONTACT ENERGY,NZ,5.830565300784897e-05,1219.003706292474,837.8650708371894
2013,vw_50,JP3522200009,CHUGOKU ELEC.POWER,JP,5.712206458823762e-05,3122.7360733726646,8642.91321100956
2013,vw_50,JP3982800009,ROHM,JP,5.5065787972054375e-05,48.32332680195319,41.10710351828254
2013,vw_50,SG1F60858221,SINGAPORE TECHS.ENGR.,SG,4.5793835290446186e-05,7.6680701667096836,3.964931251344121
2013,vw_50,AU000000SGP0,STOCKLAND STAPLED UNITS,AU,4.488723463734077e-05,9.613342494846648,2.330050050403671
2013,vw_50,AU000000BSL0,BLUESCOPE STEEL,AU,4.3441487877422726e-05,1023.6302417423894,4053.255622984638
2013,vw_50,JP3595200001,TOSOH,JP,4.255271413531022e-05,987.9906031762662,4733.0926124719435
2013,vw_50,JP3814000000,FUJIFILM HOLDINGS,JP,3.1399429003489575e-05,31.485407180680507,72.86969180145434
2013,vw_50,JP3657400002,NIKON,JP,3.0353621144026465e-05,2.5057608502902604,2.3776803027165423
2013,vw_50,AU000000TCL6,TRANSURBAN GROUP STAPLED UNITS,AU,2.6425903438485374e-05,0.14034712522305168,0.015493091346001834
2013,vw_50,JP3270000007,KURITA WATER IND.,JP,2.5103148261879143e-05,5.948586679453238,4.692937571841013
2013,vw_50,JP3122400009,ADVANTEST,JP,2.2838698859301484e-05,1.9120353199854236,1.112688099139311
2013,vw_50,JP3215800008,KANEKA,JP,2.0386868627623796e-05,223.33744457886232,616.6768993376836
2013,vw_50,JP3753000003,NIPPON YUSEN KK,JP,1.9218796468043714e-05,1010.3963584838287,5197.49120604621
2013,vw_50,JP3119600009,AJINOMOTO,JP,1.2536917637832016e-05,105.22537042051734,151.62674814046957
2013,vw_50,HK0200030994,MELCO INTL.DEV.,HK,1.0241868236406696e-05,6.082937136819863,0.04301424718530306
2013,vw_50,JP3890310000,MS&AD INSURANCE GP.HDG.,JP,1.0194743648233854e-05,0.626589574404727,1.749434979269899
2013,vw_50,JP3289800009,KOBE STEEL,JP,5.384269634802281e-06,883.3805515638251,4092.384129319641
2013,vw_50,JP3850200001,HOKKAIDO ELEC.POWER,JP,3.711931940415856e-06,2344.0433940256116,7722.403162703046
2013,vw_50,JP3223800008,KAWASAKI KISEN KAISHA,JP,2.7728417474195416e-06,1097.9158314851934,7291.601286932908
2013,vw_50,JP3368000000,RESONAC HOLDINGS,JP,1.1713413809438589e-06,385.4314666800193,1400.4748605893003
2014,vw,JP3633400001,TOYOTA MOTOR,JP,0.05953629255977087,11.358912964361844,14.101496934334566
2014,vw,AU000000CBA7,COMMONWEALTH BK.OF AUS.,AU,0.0316816235848351,0.3055375255884054,0.09975212448837996
2014,vw,AU000000BHP4,BHP GROUP,AU,0.03091722153381718,362.9017238151618,220.14781131373547
2014,vw,JP3902900004,MITSUBISHI UFJ FINL.GP.,JP,0.025458896693939918,0.2840680665917468,0.1547432473987553
2014,vw,AU000000WBC1,WESTPAC BANKING,AU,0.025452914894154948,0.3013277669165467,0.12098231514208531
2014,vw,AU000000ANZ3,ANZ GROUP HOLDINGS,AU,0.021624266190582168,0.5838838444137706,0.24419210074397407
2014,vw,AU000000NAB4,NATIONAL AUS.BANK,AU,0.0206172369431733,0.5548286538553964,0.34148772652593645
2014,vw,JP3854600008,HONDA MOTOR,JP,0.0204156128104713,12.425374062581534,20.708358025480095
2014,vw,JP3890350006,SUMITOMO MITSUI FINL.GP.,JP,0.019433473247280494,0.23877351621972207,0.16240594079265083
2014,vw,JP3726800000,JAPAN TOBACCO,JP,0.01856692784213988,18.76865582898574,6.3466050588417495
2014,vw,JP3735400008,NTT,JP,0.018045245937785254,2.061799960925142,3.6555173387833775
2014,vw,AU000000TLS2,TELSTRA GROUP,AU,0.016928697282383505,2.393916862092946,0.9305306949197633
2014,vw,JP3496400007,KDDI,JP,0.014837067287697622,0.08590580197096383,0.07083796873089636
2014,vw,JP3551500006,DENSO,JP,0.013652512015291917,16.087804825567222,14.055826227820345
2014,vw,AU000000WES1,WESFARMERS,AU,0.012742327956481907,46.628619856049056,59.037464865290964
2014,vw,JP3242800005,CANON,JP,0.011828992583599715,4.800210054982044,4.4838834536046805
2014,vw,JP3672400003,NISSAN MOTOR,JP,0.011686745684552732,7.9588163026584455,20.036863086780652
2014,vw,JP3788600009,HITACHI,JP,0.011264328674273894,8.991472855469267,22.093359082300424
2014,vw,AU000000WOW2,WOOLWORTHS GROUP,AU,0.011245681650282554,9.369424364262178,13.278795787089201
2014,vw,JP3463000004,TAKEDA PHARMACEUTICAL,JP,0.011119215308763534,10.521626176064498,4.637540624120238
2014,vw,HK0016000132,SUN HUNG KAI PROPERTIES,HK,0.009901122978415533,0.5156587373039863,0.10965616236743445
2014,vw,JP3898400001,MITSUBISHI,JP,0.009166090215063663,25.880740163107717,61.072987290145434
2014,vw,HK0011000095,HANG SENG BANK DEAD - DELIST.28/01/26,HK,0.008970396909416638,0.0,0.0
2014,vw,JP3830800003,BRIDGESTONE,JP,0.008964178236356977,55.47885158947478,65.39209501555027
2014,vw,AU000000CSL8,CSL,AU,0.008962912913294692,11.423355970484042,1.8527476585990534
2014,vw,JP3783600004,EAST JAPAN RAILWAY,JP,0.008923534980173887,44.59222248686103,39.98517524427078
2014,vw,JP3942400007,ASTELLAS PHARMA,JP,0.008531785562978091,7.29719212056314,2.88179374088457
2014,vw,JP3866800000,PANASONIC HOLDINGS,JP,0.008273761603732097,8.18825270848607,22.106287028030774
2014,vw,AU0000224040,WOODSIDE ENERGY GROUP,AU,0.008172946538985216,1800.2054235632997,360.3381499486568
2014,vw,JP3762600009,NOMURA HDG.,JP,0.007934957861024015,0.14912696674782847,0.11657341423314155
2014,vw,JP3902400005,MITSUBISHI ELECTRIC,JP,0.007560092411040833,9.891343326227783,14.6745094648603
2014,vw,JP3893600001,MITSUI,JP,0.0074098397949884,26.081482983118565,59.07898293507624
2014,vw,JP3371200001,SHIN-ETSU CHEMICAL,JP,0.007338319058010518,110.64048421659419,49.78322025484031
2014,vw,JP3566800003,CENTRAL JAPAN RAILWAY,JP,0.006880952745328872,4.963652414283307,3.4860240936555233
2014,vw,JP3910660004,TOKIO MARINE HOLDINGS,JP,0.006756462346696217,0.3871292148206309,0.7056132644642953
2014,vw,JP3900000005,MITSUBISHI HEAVY INDS.,JP,0.006543546255101892,4.927111178341123,6.928314398842715
2014,vw,JP3814800003,SUBARU,JP,0.006384448371196998,8.412557960612403,8.78227839540729
2014,vw,HK0004000045,WHARF HOLDINGS,HK,0.006201828071596321,7.852992640086958,1.5592380904494432
2014,vw,JP3914400001,MURATA MANUFACTURING,JP,0.006197627318965373,15.032456944373882,5.912004029064612
2014,vw,JP3304200003,KOMATSU,JP,0.00615734686868403,5.852384238708227,5.41502093694471
2014,vw,HK0066009694,MTR,HK,0.006146822499137542,11.939304523475919,2.9033622319987398
2014,vw,JP3200450009,ORIX,JP,0.0059121050710838115,23.47564138273533,14.576093593730663
2014,vw,HK0003000038,HONG KONG AND CHINA GAS,HK,0.005899331904625681,199.2912378927137,36.848867799477105
2014,vw,HK0002007356,CLP HOLDINGS,HK,0.005717308285805561,2840.791553196561,2005.7279541679757
2014,vw,JP3266400005,KUBOTA,JP,0.0056217434122483945,23.059238687527735,17.334100656189047
2014,vw,HK0388045442,HONG KONG EXCHANGES AND CLEARING,HK,0.005467919706700274,0.03433024551847254,0.0019741008930064734
2014,vw,JP3592200004,TOSHIBA DEAD - DELIST.20/12/23,JP,0.005333117824628766,12.989350464532478,43.853311796484654
2014,vw,JP3294460005,INPEX,JP,0.005252622888775489,46.48414083838704,34.72600640137549
2014,vw,IE00BKVD2N49,SEAGATE TECHNOLOGY HOLDINGS,SG,0.005036132709289592,22.74885452462772,18.918450663219833
2014,vw,JP3481800005,DAIKIN INDUSTRIES,JP,0.005022984743346189,56.220241538264354,55.93031140910111
2014,vw,JP3205800000,KAO,JP,0.0049919573427572835,50.58066916146643,39.46239840084187
2014,vw,JP3734800000,NIDEC,JP,0.004891004351799822,2.1114607110975583,1.064610438773252
2014,vw,JP3435000009,SONY GROUP,JP,0.004862747469006062,4.038203150643676,18.75984641595084
2014,vw,HK0006000050,POWER ASSETS HOLDINGS,HK,0.004805064329024487,6805.780051772541,559.110664599122
2014,vw,JP3502200003,DAIWA SECURITIES GROUP,JP,0.004781427974285182,0.1389427622487818,0.05750434888396412
2014,vw,JP3814000000,FUJIFILM HOLDINGS,JP,0.004573300320914714,31.674496196046537,48.76947960628068
2014,vw,AU000000MQG1,MACQUARIE GROUP,AU,0.004566448986323909,0.0,0.0
2014,vw,JP3634600005,TOYOTA INDS.,JP,0.004467435957502225,9.998001143387409,12.958343344908727
2014,vw,JP3890310000,MS&AD INSURANCE GP.HDG.,JP,0.004433263239632903,0.50511900441191,1.5594385020408577
2014,vw,SG1U68934629,KEPPEL,SG,0.004382611337995064,62.65449019933329,41.626597849556525
2014,vw,JP3397200001,SUZUKI MOTOR,JP,0.004356162487918264,6.437274163435095,12.38960347074092
2014,vw,JP3868400007,MAZDA MOTOR,JP,0.0042721594288828236,5.8379165503770505,10.56277481637967
2014,vw,AU000000ORG5,ORIGIN ENERGY (EX BORAL),AU,0.004139723281162365,1166.1681910641719,1081.667567211291
2014,vw,AU000000SUN6,SUNCORP GROUP,AU,0.004085419333340019,0.4876143558425835,0.4631807623290411
2014,vw,JP3116000005,ASAHI GROUP HOLDINGS,JP,0.004009622883834132,21.416613712997847,27.113806182211935
2014,vw,JP3258000003,KIRIN HOLDINGS,JP,0.0040034791706715245,16.57205549940967,27.636164280145326
2014,vw,SGXE21576413,GENTING SINGAPORE,SG,0.003856485810943032,1.3566874617452196,0.23558078438293772
2014,vw,JP3519400000,CHUGAI PHARM.,JP,0.0038533584840379077,12.939981725660724,4.212848405621178
2014,vw,JP3407400005,SUMITOMO ELECTRIC IND.,JP,0.0037781227345619916,7.9402186911999335,15.336161797010908
2014,vw,AU000000QBE9,QBE INSURANCE GROUP,AU,0.0037539706557309497,0.6822935815484403,0.8901008232474144
2014,vw,JP3505000004,DAIWA HOUSE INDUSTRY,JP,0.0037529122219845364,9.479587791565766,18.535681186283597
2014,vw,JP3573000001,TOKYO GAS,JP,0.00372752180565415,140.66394790048506,225.23029797968425
2014,vw,JP3818000006,FUJITSU,JP,0.003684012083007688,4.740156576588696,17.580113635901196
2014,vw,JP3877600001,MARUBENI,JP,0.003648828905726068,0.002143231537918029,0.011257865097906447
2014,vw,JP3475350009,DAIICHI SANKYO,JP,0.0035083390666660465,12.996514673604564,11.62013961533991
2014,vw,JP3951600000,UNI CHARM,JP,0.0034642206696555,6.397944553598052,2.7113673856934386
2014,vw,AU000000STO6,SANTOS,AU,0.0034602927710498305,1240.4462276633296,341.1125013864241
2014,vw,JP3551520004,DENTSU GROUP,JP,0.003369222492920068,0.22172941830980455,0.42708078403452954
2014,vw,AU000000IAG3,INSURANCE AUS.GROUP,AU,0.0033394844025605055,0.995656028984099,0.8243270300433577
2014,vw,AU000000AMP6,AMP,AU,0.00331294560060724,0.00841092554372201,0.013291628428119678
2014,vw,JP3621000003,TORAY INDS.,JP,0.0032658857772362654,181.26082772061258,290.85493995194685
2014,vw,JP3111200006,ASAHI KASEI,JP,0.0032189398929088134,267.90832643751975,456.85619912924733
2014,vw,JP3388200002,AEON,JP,0.0031655504558305344,4.209479387722288,24.30930487199597
2014,vw,HK0823032773,LINK REAL ESTATE INVESTMENT TRUST,HK,0.003132343221435278,0.0,0.0
2014,vw,JP3197600004,ONO PHARM.,JP,0.0030535213904842626,15.055121169442963,2.1308247863038043
2014,vw,JP3165700000,NTT DATA GROUP DEAD - DELIST.26/09/25,JP,0.0030193216870520014,0.6659116021343819,0.8703259948817204
2014,vw,JP3201200007,OLYMPUS,JP,0.0029863483275355553,2.886427812547534,1.99290750234442
2014,vw,JP3940000007,YAMATO HDG.,JP,0.002959077916987036,34.55895656345736,46.50988411033887
2014,vw,JP3667600005,JGC HOLDINGS,JP,0.0029319124502943925,18.034943694908506,12.207578641211583
2014,vw,HK0019000162,SWIRE PACIFIC 'A',HK,0.0029305781641268177,2575.9583332641487,1746.0008471610895
2014,vw,JP3420600003,SEKISUI HOUSE,JP,0.00285784607521253,3.9907738038810403,7.464356721311475
2014,vw,JP3228600007,KANSAI ELECTRIC PWR.,JP,0.002846521133965498,1649.4262353024342,5449.002894618201
2014,vw,JP3571400005,TOKYO ELECTRON,JP,0.0028410190775216785,2.1236044028369574,1.1768703965011562
2014,vw,SG1F60858221,SINGAPORE TECHS.ENGR.,SG,0.0027344141103262886,5.6887264502523776,3.2455406438228036
2014,vw,AU000000TCL6,TRANSURBAN GROUP STAPLED UNITS,AU,0.002696922168215382,0.14310630973968097,0.01656558693875736
2014,vw,SG1V61937297,SINGAPORE AIRLINES,SG,0.002680814785536257,1174.6908398774221,1574.9320812497274
2014,vw,JP3197800000,OMRON,JP,0.002680143144858646,6.63784427387474,5.4211010908879365
2014,vw,JP3546800008,TERUMO,JP,0.002656767650561091,18.13067984446611,9.130276289609204
2014,vw,JP3526600006,CHUBU ELEC.POWER,JP,0.002655376394871755,2032.752493813691,6217.260859598983
2014,vw,JP3119600009,AJINOMOTO,JP,0.002644153399084717,126.85651243070227,145.4886058494811
2014,vw,JP3973400009,RICOH,JP,0.0025587920667146445,8.6463467936142,21.502553940943557
2014,vw,JP3792600003,HINO MOTORS,JP,0.0025487954148434226,10.24735067033254,20.116392742570167
2014,vw,JP3180400008,OSAKA GAS,JP,0.0025232970562612768,279.35820610019783,475.6704600682789
2014,vw,JP3626800001,LIXIL,JP,0.0025029679321800277,24.30698965882118,44.323639234327096
2014,vw,JP3539220008,T & D HOLDINGS,JP,0.0025003263454078176,0.11090863524973671,0.2863693925323305
2014,vw,HK0293001514,CATHAY PACIFIC AIRWAYS,HK,0.0024458275018531287,1286.9095693625366,2041.7494164607117
2014,vw,JP3659000008,WEST JAPAN RAILWAY,JP,0.0024095169277198055,7.706842203870176,12.443971020480287
2014,vw,JP3733000008,NEC,JP,0.0022985373009323,2.0350834134901814,7.826879853480809
2014,vw,AU000000ORI1,ORICA,AU,0.0022926994241496755,263.2634599202772,209.2482495076127
2014,vw,JP3402600005,SUMITOMO METAL MINING,JP,0.0022734797065448362,193.5367233504242,210.22589392164932
2014,vw,JP3762800005,NOMURA RESEARCH INST.,JP,0.0022686702795498034,0.5287593534224875,0.2643306882642461
2014,vw,JP3684000007,NITTO DENKO,JP,0.0022433878054711758,56.168417096501855,54.331485332720305
2014,vw,AU000000SGP0,STOCKLAND STAPLED UNITS,AU,0.0022293703047219365,13.471733834125422,2.9725777752074256
2014,vw,JP3429800000,ANA HOLDINGS,JP,0.0022179554115984382,613.9647844565877,1281.5763930383905
2014,vw,JP3982100004,LAWSON DEAD - DELIST.24/07/24,JP,0.002215706614686796,1.356427662025806,0.8796098321433791
2014,vw,SG1R50925390,SEMBCORP INDUSTRIES,SG,0.002186136434496636,673.0066252189042,781.7836187529316
2014,vw,JP3224200000,KAWASAKI HEAVY INDUSTRY,JP,0.002178376585953528,10.592167845839041,19.06157348653983
2014,vw,JP3493800001,DAI NIPPON PRINTING,JP,0.0020867306158143845,23.107185267915487,47.000570444098635
2014,vw,JP3495000006,SUMITOMO PHARMA,JP,0.0020737625536239117,22.970474223836465,11.90675858558986
2014,vw,JP3401400001,SUMITOMO CHEMICAL,JP,0.0020638078792950404,113.60456624951942,348.2472860828936
2014,vw,JP3657400002,NIKON,JP,0.002060794491433439,2.5603664818437535,3.6043992498170376
2014,vw,JP3112000009,AGC,JP,0.002045211828033697,408.0736293692739,779.942002808964
2014,vw,JP3134800006,IHI,JP,0.0020303607732292087,6.112413317098525,11.227661858763728
2014,vw,JP3351600006,SHISEIDO,JP,0.002014823085767699,3.726073925907266,3.9885887253391905
2014,vw,JP3786200000,HITACHI METALS DEAD - DELIST.29/12/22,JP,0.0019902212475543285,49.538809433506536,52.12711785248327
2014,vw,JP3260800002,KINTETSU GROUP HDG.,JP,0.0019760808125739195,3.2001016676661247,5.555454399237686
2014,vw,AU000000NCM7,NEWCREST MINING DEAD - DELIST.08/11/23,AU,0.0019641681857339778,439.29370760793427,235.50627182008725
2014,vw,SGXE34184239,SEATRIUM,SG,0.0019528852220292963,14.186046511627907,9.440665735210574
2014,vw,JP3720800006,NSK,JP,0.0019099451946004507,15.776062268056862,20.330021397543756
2014,vw,JP3419050004,SEGA SAMMY HDG.,JP,0.001887349283232265,3.3782009470483096,2.217480892139683
2014,vw,SG1R89002252,CITY DEVELOPMENTS,SG,0.0018626964722888975,2.9685578001950548,1.1852273952845238
2014,vw,JP3027680002,JAPAN REAL ESTATE INV.,JP,0.0018614311492266133,11.571665809506236,0.9495674192867694
2014,vw,HK0010000088,HANG LUNG GROUP,HK,0.0018557162066751586,1.923669706638955,0.3900271932758445
2014,vw,JP3419400001,SEKISUI CHEMICAL,JP,0.0018276002484878613,14.556639408674481,25.482620921831064
2014,vw,AU000000ASX7,ASX,AU,0.0018237443113833644,0.12803277639075605,0.016440878600552416
2014,vw,JP3256000005,KYOWA KIRIN,JP,0.001816356263929648,19.666208070889315,10.920703362298935
2014,vw,JP3414750004,SEIKO EPSON,JP,0.0018076579174754143,11.174492014876122,17.896247149077336
2014,vw,AU000000SHL7,SONIC HEALTHCARE,AU,0.0017542055140836094,2.5394181003421896,1.3944155009503494
2014,vw,JP3359600008,SHARP,JP,0.0017430394878183333,12.810274336815468,62.099620865472616
2014,vw,SG1J26887955,SINGAPORE EXCHANGE,SG,0.0017138590990928584,0.07994402199234256,0.008135173340424639
2014,vw,JP3300600008,KONICA MINOLTA,JP,0.0017097752839013154,18.084761956012567,28.760324781228626
2014,vw,JP3982800009,ROHM,JP,0.0016773386372477817,22.988181792275245,13.12234989596219
2014,vw,HK0200030994,MELCO INTL.DEV.,HK,0.001676493089609004,5.016733742851091,0.021179332176774632
2014,vw,JP3753000003,NIPPON YUSEN KK,JP,0.0016466830377482693,959.6070377264232,3701.552033183536
2014,vw,JP3596200000,TOTO,JP,0.0016414268497667898,32.298685868976804,30.505904810616784
2014,vw,AU000000MGR9,MIRVAC GROUP STAPLED UNITS,AU,0.0016216974048619782,7.627857112855083,2.115354392582115
2014,vw,BMG668971101,CTF SERVICES,HK,0.0016183272078903967,164.49932897930486,72.12757836774244
2014,vw,AU000000GPT8,GPT GROUP STAPLED UNITS,AU,0.0016118776583478054,17.493821510297483,1.7775958927043416
2014,vw,AU000000LLC3,LENDLEASE GROUP STAPLED UNITS,AU,0.0016012183609866192,11.138336281786682,23.00697532887037
2014,vw,JP3246400000,KYUSHU ELEC.POWER,JP,0.001592325118800043,64.98201386468064,207.13329404077513
2014,vw,JP3605400005,TOHOKU ELECTRIC PWR.,JP,0.001584457328005176,2127.150510092866,7728.225798821047
2014,vw,JP3738600000,NITERRA,JP,0.001564230149383921,20.75724404526741,13.837746243451557
2014,vw,BMG8063F1068,SHANGRI-LA ASIA,HK,0.0015604821545311834,73.02068597973776,29.170181327686816
2014,vw,JP3289800009,KOBE STEEL,JP,0.0015404768572052103,932.8426246882317,3161.549885453912
2014,vw,JP3629000005,TOPPAN HOLDINGS,JP,0.0015388427314494166,18.323084251464568,53.75412589483693
2014,vw,JP3174410005,OJI HOLDINGS,JP,0.0015065979821323433,448.31775863599006,1143.1573751960323
2014,vw,NZFBUE0001S0,FLETCHER BUILDING,NZ,0.0015024751877943318,124.05300620531203,169.27716012796026
2014,vw,JP3443600006,TAISEI,JP,0.0014992099346786266,11.193546583901263,32.59973920208638
2014,vw,JP3688370000,NIPPON EXPRESS HOLDINGS,JP,0.0014973599244193152,45.727432524041774,152.63232723318788
2014,vw,JP3778630008,BANDAI NAMCO HDG.,JP,0.001490310695700286,0.0,0.0
2014,vw,JP3362700001,MITSUI OSK LINES,JP,0.00148599000723405,1146.9399781254342,3805.5266901401346
2014,vw,JP3894900004,ISETAN MITSUKOSHI HDG.,JP,0.0014755885719187323,3.409699375423609,8.782100518972783
2014,vw,SG9999000020,FLEX,SG,0.0014648723050357845,2.6335708446044914,13.086836201673515
2014,vw,JP3551200003,ELEC.POWER DEV.,JP,0.0014427591354046318,7962.301468720035,11241.18567595708
2014,vw,AU000000CIM7,CIMIC GROUP DEAD - DELIST.11/05/22,AU,0.0014387772656730832,7.7079665603653815,31.934837834402074
2014,vw,JP3522200009,CHUGOKU ELEC.POWER,JP,0.0014328104578675248,3404.147672539395,8594.58543210445
2014,vw,BMG524401079,KERRY PROPERTIES,HK,0.0013916304888215245,2.020902669859204,0.7834096417990843
2014,vw,JP3942800008,YAMAHA MOTOR,JP,0.0013828601808661182,11.954070723433308,36.105583261058115
2014,vw,AU0000088338,AMPOL,AU,0.0013758919088359082,78.39835114100738,371.44370156643623
2014,vw,JP3449020001,TAIHEIYO CEMENT,JP,0.0013635355194054025,1829.0692046624276,3243.5047443128715
2014,vw,JP3903000002,MITSUBISHI MATERIALS,JP,0.0013355424954492746,798.7187058806187,2445.1134774223824
2014,vw,AU000000APA1,APA GROUP,AU,0.0013313207540471509,287.9800036619265,70.13812720856015
2014,vw,JP3269600007,KURARAY,JP,0.001302677078184588,483.41957834957736,405.9692766619558
2014,vw,JP3385980002,J S R DEAD - DELIST.25/06/24,JP,0.0013015676717081776,102.2495965357415,89.38279795801773
2014,vw,JP3190000004,OBAYASHI,JP,0.0012797963192075947,9.420873950195757,34.08875258594231
2014,vw,JP3358800005,SHIMIZU,JP,0.0012655569371630732,15.101444128400429,52.46826415970508
2014,vw,JP3955000009,YOKOGAWA ELECTRIC,JP,0.0012623936295073626,5.562564313617085,4.908520437125763
2014,vw,JP3787000003,HITACHI CON.MCH.,JP,0.0012498033651980461,5.477923708681192,10.06833819549738
2014,vw,AU000000BEN6,BENDIGO & ADELAIDE BANK,AU,0.0012433927948019233,1.2525066009805452,0.9035752352382285
2014,vw,AU000000DXS1,DEXUS STAPLED UNITS,AU,0.0012287636212927175,20.716665385545582,2.696391228065895
2014,vw,JP3977400005,RINNAI,JP,0.001219990314941429,10.919120264353769,7.237688660812375
2014,vw,JP3528600004,CHIYODA CORPORATION,JP,0.0012110550952125023,0.03806641196213784,0.04060400939834266
2014,vw,JP3582600007,TOKYO TATEMONO,JP,0.0011797968181406695,1.6074640080847202,0.8877288576685743
2014,vw,JP3743000006,NH FOODS,JP,0.0011777489137531334,25.762267640966698,71.0297790439239
2014,vw,NZAIAE0002S6,AUCKLAND INTL.AIRPORT,NZ,0.0011705617588235236,6.026549166155391,0.5535405075871679
2014,vw,JP3613400005,TOYO SEIKAN GROUP HDG.,JP,0.0011665918826755037,73.86710814796793,142.64711929925568
2014,vw,JP3229400001,KANSAI PAINT,JP,0.0011326410461014642,15.180427496114191,12.627432501475848
2014,vw,JP3210200006,KAJIMA,JP,0.0011208783390556322,11.710299377526514,46.278214998421724
2014,vw,BMG2442N1048,COSCO SHIPPING PORTS,HK,0.001116791525468207,74.70517382492545,16.002394868752063
2014,vw,JP3830000000,BROTHER INDUSTRIES,JP,0.0010889484213061887,1.7739739777149235,2.849299377438549
2014,vw,JP3118000003,ASICS,JP,0.0010593332651777961,2.426715034931699,1.7650721766204358
2014,vw,AU000000WOR2,WORLEY,AU,0.0010458584740832334,4.823142028118368,11.240919020888402
2014,vw,NZTELE0001S4,SPARK NEW ZEALAND,NZ,0.0010428121038669282,0.6808926366417417,0.604387705224417
2014,vw,AU000000BLD2,BORAL DEAD - DELIST.08/07/24,AU,0.000989524612248644,653.7965265032202,745.1108727402748
2014,vw,JP3820000002,FUJI ELECTRIC,JP,0.000952731296378288,28.41916129708592,66.03555659062084
2014,vw,JP3350800003,SHIKOKU ELECTRIC POWER,JP,0.0009413673759847873,1566.0492555082064,2984.4851364995843
2014,vw,JP3456000003,TAKASHIMAYA,JP,0.0009159799580502829,1.7698564919064788,5.0885462699270025
2014,vw,JP3711600001,NIPPON SANSO HOLDINGS,JP,0.0009144147953997796,24.04436666537094,39.34839065082238
2014,vw,JP3209000003,CASIO COMPUTER,JP,0.0009138271098068703,1.9455984505268362,1.9828593177850984
2014,vw,NZCENE0001S6,CONTACT ENERGY,NZ,0.0009117162391058083,818.9566270686345,534.091058579002
2014,vw,JP3405400007,SUMITOMO HEAVY INDS.,JP,0.0009116982487305152,2.7038307634676872,5.196308647578455
2014,vw,JP3166000004,EBARA,JP,0.0008871293928718487,2.201743180285314,3.342030905674152
2014,vw,JP3870400003,MARUI GROUP,JP,0.0008870094570365613,3.213046090362857,4.4093189285665995
2014,vw,AU000000COH5,COCHLEAR,AU,0.0008622487038414345,0.009360337210619511,0.002183816114337379
2014,vw,JP3769000005,HACHIJUNI NAGANO BANK,JP,0.0008610553422803228,1.917675297482253,1.0460629866421518
2014,vw,JP3164800009,NOK,JP,0.0008444232403218138,7.8477522363801375,15.862583222370173
2014,vw,JP3638600001,DOWA HDG.,JP,0.0008407232198031911,192.8965653863915,305.25230838365
2014,vw,JP3634200004,TOYODA GOSEI,JP,0.0008396617876608958,16.50463367590451,39.28052364508976
2014,vw,JP3148800000,IBIDEN,JP,0.0008282438961415155,48.34055427213759,53.21671511680526
2014,vw,AU000000BSL0,BLUESCOPE STEEL,AU,0.0008118126867071132,1173.060720405915,2895.670898138128
2014,vw,JP3493400000,DIC,JP,0.0008031293322322905,35.779864498289164,124.12255976225765
2014,vw,JP3357200009,SHIMADZU,JP,0.0007969496383190965,1.1406837508957681,1.2366813147122562
2014,vw,BMG677491539,ORIENT OVERSEAS (INTL.),HK,0.0007829951038833833,787.6008195999792,1877.6240914765372
2014,vw,JP3845400005,HOKURIKU ELEC.POWER,JP,0.0007773131436866329,3760.6550200074157,7143.87659454643
2014,vw,JP3270000007,KURITA WATER IND.,JP,0.0007713823166316607,7.09226784597973,4.7450722018152485
2014,vw,JP3595200001,TOSOH,JP,0.0007547951906113845,928.5649109812194,2748.9443179877094
2014,vw,JP3888300005,MITSUI CHEMICALS,JP,0.0007505554588339675,252.53378361360666,1502.0833416560467
2014,vw,JP3126400005,ALPS ALPINE,JP,0.0007161368725023063,1.4106209779269065,3.799196114553676
2014,vw,AU000000MTS0,METCASH,AU,0.0007040263515341402,1.716040161507853,8.554903939932112
2014,vw,AU000000TAH8,TABCORP HOLDINGS,AU,0.0006914300904330591,1.0186577281846865,0.7836079791847355
2014,vw,JP3544000007,TEIJIN,JP,0.000688197819672058,142.94887912892187,480.28380721673744
2014,vw,JP3223800008,KAWASAKI KISEN KAISHA,JP,0.0006648343189580321,1000.2595477326096,5570.562395706489
2014,vw,JP3215800008,KANEKA,JP,0.0006643515772209995,223.48581957861796,512.2557758531202
2014,vw,JP3870000001,MABUCHI MOTOR,JP,0.0006628613744675509,25.083740124456597,12.147173771440979
2014,vw,JP3158800007,UBE,JP,0.0006604146834276837,1618.1489042831608,4630.974865610926
2014,vw,JP3293200006,COCA-COLA BOTTLERS JAPAN HOLDINGS,JP,0.0006551764858214974,23.209728867623603,45.287379467207295
2014,vw,JP3165600002,NTN,JP,0.000649620458251799,17.201905966273905,47.892511631341854
2014,vw,JP3421100003,JAPAN PETROLEUM EXP.,JP,0.0006397587341952755,81.2925150533338,92.87471820853271
2014,vw,JP3385820000,GS YUASA,JP,0.0006392879860417716,4.865397954838394,7.191501336710286
2014,vw,JP3491000000,DAIDO STEEL,JP,0.0006381635875859502,93.27667554530056,190.69795851246272
2014,vw,JP3122400009,ADVANTEST,JP,0.0006299659732440423,3.6048017050808943,1.9481106705822435
2014,vw,AU000000QAN2,QANTAS AIRWAYS,AU,0.0006295282074452426,870.6759109934894,5686.218475387583
2014,vw,JP3850200001,HOKKAIDO ELEC.POWER,JP,0.000627327384867715,2506.4197920735305,7207.689476677771
2014,vw,JP3368000000,RESONAC HOLDINGS,JP,0.0006206619508216061,370.6006249348553,1499.531396438613
2014,vw,JP3635400009,TOYOTA BOSHOKU,JP,0.000609624855579264,7.443948285133145,42.282740744748345
2014,vw,AU000000PPT9,PERPETUAL,AU,0.0005740249012700198,0.3914581139818039,0.07574016422556988
2014,vw,AU000000SGM7,SIMS,AU,0.0005600553748548957,16.466875456001635,57.25031453275156
2014,vw,AU000000DOW2,DOWNER EDI,AU,0.0005581483950738227,31.062235255783644,117.78682668185164
2014,vw,JP3535800001,TSUMURA,JP,0.0005281194603136878,31.708848039998273,19.170086411482167
2014,vw,JP3827200001,FURUKAWA ELECTRIC,JP,0.0005273368789884363,15.773405228798572,84.15163214364911
2014,vw,HK0242001243,SHUN TAK HOLDINGS,HK,0.0005207943791734973,850.0470109504029,225.38473496036062
2014,vw,JP3811000003,FUJIKURA,JP,0.0005011728765204446,5.002359300390695,16.76966981160296
2014,vw,JP3194000000,OKI ELECTRIC IND.,JP,0.0004938388001926074,2.6071781864080688,7.346646347016716
2014,vw,AU000000BPT9,BEACH ENERGY,AU,0.00048629483615301685,77.98223334469351,38.65708912661467
2014,vw,JP3891600003,MITSUI E&S,JP,0.0004823069696297039,20.899060256762283,78.83062385378136
2014,vw,AU000000CWY3,CLEANAWAY WASTE MANAGEMENT,AU,0.0004712248984491289,436.05994241523865,355.88416826271487
2014,vw,JP3888400003,MITSUI KINZOKU LIMITED,JP,0.00046998056415802005,151.43578711065382,413.1577604246414
2014,vw,JP3678000005,NISSHINBO HOLDINGS,JP,0.00046645744899644656,60.167902343725174,182.52801007912888
2014,vw,JP3619800000,TOYOBO,JP,0.0004588265314762725,204.2455983173691,457.66742471769135
2014,vw,JP3320800000,SAPPORO HOLDINGS,JP,0.0004479903287580371,23.72395880398328,79.9502175222542
2014,vw,JP3452000007,TAIYO YUDEN,JP,0.00042848576354438987,14.90999627965544,21.14551625205556
2014,vw,JP3665200006,NICHIREI,JP,0.0004038749301433728,8.289846007959365,30.504020134078708
2014,vw,AU000000CSR5,CSR DEAD - DEAD.10/07/24,AU,0.00039566832061381816,209.32035541475963,237.54243710215218
2014,vw,AU000000MND5,MONADELPHOUS GROUP,AU,0.0003782176565794713,4.003150219900864,7.2815918820358325
2014,vw,AU000000BWP3,BWP GROUP STAPLED UNITS,AU,0.0003678102244723891,0.0,0.0
2014,vw,BMG684371393,PACIFIC BASIN SHIP.,HK,0.00035897095341169244,528.3762038571463,753.4183643638125
2014,vw,JP3686800008,NIPPON SHEET GLASS,JP,0.00035318105096318316,551.4106894753104,2716.699210459292
2014,vw,AU000000CQR9,CHARTER HALL RETAIL REIT,AU,0.00034032992621211596,0.5522385150631176,0.07488722864392444
2014,vw,JP3375800004,SHINKO ELEC.INDS. DEAD - DELIST.06/06/25,JP,0.00031381511142590805,23.21544089444066,30.997219594691437
2014,vw,AU000000IVC8,INVOCARE DEAD - DELIST.27/11/23,AU,0.0003060762516539752,15.801583052368066,5.348746081504703
2014,vw,AU000000OZL8,OZ MINERALS DEAD - DELIST.03/05/23,AU,0.00028139045835590327,407.8093744216992,246.5598260999286
2014,vw,AU000000GWA4,GWA GROUP,AU,0.00024293303277093186,20.163612855410864,12.35729008528653
2014,vw,AU000000IGO4,IGO,AU,0.00020525519011532984,159.75937774119387,56.13760864801695
2014,vw,AU000000SIG5,SIGMA HEALTHCARE,AU,0.00017538816873283332,1.7246307012130027,7.829862891920538
2014,vw,AU000000ERA9,ENERGY RES.OF AUS.,AU,0.0001682250009702809,349.0915781242813,202.9123963996079
2014,vw,AU000000MAH3,MACMAHON HOLDINGS,AU,4.332981889353051e-05,75.80549993018937,548.534703480728
2014,vw,AU000000SBM8,ST BARBARA,AU,3.868230527613571e-05,181.6192337859201,692.8222618401675
2014,vw,AU0000038911,OVATO DEAD - DELIST.29/08/22,AU,3.677832389094494e-05,30.64825973051598,203.81542475134518
2014,vw_50,JP3633400001,TOYOTA MOTOR,JP,0.039420733266860686,11.358912964361844,14.101496934334566
2014,vw_50,AU000000BWP3,BWP GROUP STAPLED UNITS,AU,0.03446860281122457,0.0,0.0
2014,vw_50,JP3551500006,DENSO,JP,0.032304296648614755,16.087804825567222,14.055826227820345
2014,vw_50,AU000000CBA7,COMMONWEALTH BK.OF AUS.,AU,0.031171246265626035,0.3055375255884054,0.09975212448837996
2014,vw_50,AU000000WBC1,WESTPAC BANKING,AU,0.028214167469564247,0.3013277669165467,0.12098231514208531
2014,vw_50,JP3566800003,CENTRAL JAPAN RAILWAY,JP,0.024586764458154737,4.963652414283307,3.4860240936555233
2014,vw_50,JP3854600008,HONDA MOTOR,JP,0.023908249637286924,12.425374062581534,20.708358025480095
2014,vw_50,JP3890350006,SUMITOMO MITSUI FINL.GP.,JP,0.02340889037582117,0.23877351621972207,0.16240594079265083
2014,vw_50,AU000000BHP4,BHP GROUP,AU,0.022612322483311312,362.9017238151618,220.14781131373547
2014,vw_50,JP3496400007,KDDI,JP,0.022096592194822143,0.08590580197096383,0.07083796873089636
2014,vw_50,JP3726800000,JAPAN TOBACCO,JP,0.021162531522766898,18.76865582898574,6.3466050588417495
2014,vw_50,AU000000ANZ3,ANZ GROUP HOLDINGS,AU,0.018025204123954322,0.5838838444137706,0.24419210074397407
2014,vw_50,JP3788600009,HITACHI,JP,0.015764543931448112,8.991472855469267,22.093359082300424
2014,vw_50,JP3902400005,MITSUBISHI ELECTRIC,JP,0.01567424989482793,9.891343326227783,14.6745094648603
2014,vw_50,JP3902900004,MITSUBISHI UFJ FINL.GP.,JP,0.015178803041086536,0.2840680665917468,0.1547432473987553
2014,vw_50,JP3830800003,BRIDGESTONE,JP,0.01515944595930495,55.47885158947478,65.39209501555027
2014,vw_50,JP3246400000,KYUSHU ELEC.POWER,JP,0.014862758943818957,64.98201386468064,207.13329404077513
2014,vw_50,AU000000CSL8,CSL,AU,0.01415725236505064,11.423355970484042,1.8527476585990534
2014,vw_50,AU000000TLS2,TELSTRA GROUP,AU,0.013042904163717861,2.393916862092946,0.9305306949197633
2014,vw_50,HK0066009694,MTR,HK,0.012981568876159052,11.939304523475919,2.9033622319987398
2014,vw_50,AU000000WES1,WESFARMERS,AU,0.012540673748933926,46.628619856049056,59.037464865290964
2014,vw_50,JP3420600003,SEKISUI HOUSE,JP,0.011492187101876659,3.9907738038810403,7.464356721311475
2014,vw_50,HK0388045442,HONG KONG EXCHANGES AND CLEARING,HK,0.011214239061696956,0.03433024551847254,0.0019741008930064734
2014,vw_50,JP3898400001,MITSUBISHI,JP,0.01083498395408093,25.880740163107717,61.072987290145434
2014,vw_50,JP3672400003,NISSAN MOTOR,JP,0.01042670779901734,7.9588163026584455,20.036863086780652
2014,vw_50,AU000000NAB4,NATIONAL AUS.BANK,AU,0.009991125901791242,0.5548286538553964,0.34148772652593645
2014,vw_50,JP3475350009,DAIICHI SANKYO,JP,0.009976533905101581,12.996514673604564,11.62013961533991
2014,vw_50,JP3667600005,JGC HOLDINGS,JP,0.009787022591523713,18.034943694908506,12.207578641211583
2014,vw_50,JP3684000007,NITTO DENKO,JP,0.009614470847791653,56.168417096501855,54.331485332720305
2014,vw_50,JP3762600009,NOMURA HDG.,JP,0.009255788031129334,0.14912696674782847,0.11657341423314155
2014,vw_50,JP3629000005,TOPPAN HOLDINGS,JP,0.00922624196201445,18.323084251464568,53.75412589483693
2014,vw_50,JP3735400008,NTT,JP,0.009160944817287364,2.061799960925142,3.6555173387833775
2014,vw_50,HK0823032773,LINK REAL ESTATE INVESTMENT TRUST,HK,0.008398607778415277,0.0,0.0
2014,vw_50,JP3358800005,SHIMIZU,JP,0.008374638113940173,15.101444128400429,52.46826415970508
2014,vw_50,JP3910660004,TOKIO MARINE HOLDINGS,JP,0.008029173621185796,0.3871292148206309,0.7056132644642953
2014,vw_50,JP3866800000,PANASONIC HOLDINGS,JP,0.007804536541369032,8.18825270848607,22.106287028030774
2014,vw_50,BMG8063F1068,SHANGRI-LA ASIA,HK,0.007615373625474289,73.02068597973776,29.170181327686816
2014,vw_50,JP3546800008,TERUMO,JP,0.007487437039501523,18.13067984446611,9.130276289609204
2014,vw_50,JP3258000003,KIRIN HOLDINGS,JP,0.007312604217218763,16.57205549940967,27.636164280145326
2014,vw_50,JP3357200009,SHIMADZU,JP,0.007266380593086983,1.1406837508957681,1.2366813147122562
2014,vw_50,AU000000SHL7,SONIC HEALTHCARE,AU,0.0071827822841064115,2.5394181003421896,1.3944155009503494
2014,vw_50,JP3573000001,TOKYO GAS,JP,0.007025859053773332,140.66394790048506,225.23029797968425
2014,vw_50,HK0293001514,CATHAY PACIFIC AIRWAYS,HK,0.006999193834212725,1286.9095693625366,2041.7494164607117
2014,vw_50,JP3371200001,SHIN-ETSU CHEMICAL,JP,0.006598274885404797,110.64048421659419,49.78322025484031
2014,vw_50,JP3197600004,ONO PHARM.,JP,0.006550017171296156,15.055121169442963,2.1308247863038043
2014,vw_50,JP3982100004,LAWSON DEAD - DELIST.24/07/24,JP,0.006513192895722774,1.356427662025806,0.8796098321433791
2014,vw_50,JP3940000007,YAMATO HDG.,JP,0.006326676952526572,34.55895656345736,46.50988411033887
2014,vw_50,JP3505000004,DAIWA HOUSE INDUSTRY,JP,0.0062811990722739415,9.479587791565766,18.535681186283597
2014,vw_50,JP3351600006,SHISEIDO,JP,0.006110246479474243,3.726073925907266,3.9885887253391905
2014,vw_50,HK0016000132,SUN HUNG KAI PROPERTIES,HK,0.006049899416828337,0.5156587373039863,0.10965616236743445
2014,vw_50,JP3688370000,NIPPON EXPRESS HOLDINGS,JP,0.0059276734421504695,45.727432524041774,152.63232723318788
2014,vw_50,JP3414750004,SEIKO EPSON,JP,0.005857110871136159,11.174492014876122,17.896247149077336
2014,vw_50,JP3519400000,CHUGAI PHARM.,JP,0.005833520301607556,12.939981725660724,4.212848405621178
2014,vw_50,SG1U68934629,KEPPEL,SG,0.005736135493000048,62.65449019933329,41.626597849556525
2014,vw_50,JP3134800006,IHI,JP,0.005707056251202507,6.112413317098525,11.227661858763728
2014,vw_50,JP3787000003,HITACHI CON.MCH.,JP,0.005616904178484886,5.477923708681192,10.06833819549738
2014,vw_50,AU000000WOW2,WOOLWORTHS GROUP,AU,0.005607126032132068,9.369424364262178,13.278795787089201
2014,vw_50,HK0011000095,HANG SENG BANK DEAD - DELIST.28/01/26,HK,0.005526811609094664,0.0,0.0
2014,vw_50,JP3973400009,RICOH,JP,0.005255558648959755,8.6463467936142,21.502553940943557
2014,vw_50,JP3200450009,ORIX,JP,0.005200975697527447,23.47564138273533,14.576093593730663
2014,vw_50,JP3419400001,SEKISUI CHEMICAL,JP,0.005157718318333345,14.556639408674481,25.482620921831064
2014,vw_50,JP3942800008,YAMAHA MOTOR,JP,0.005082579058803817,11.954070723433308,36.105583261058115
2014,vw_50,AU000000STO6,SANTOS,AU,0.004739254526588322,1240.4462276633296,341.1125013864241
2014,vw_50,JP3304200003,KOMATSU,JP,0.004311563573121716,5.852384238708227,5.41502093694471
2014,vw_50,SGXE21576413,GENTING SINGAPORE,SG,0.004221431390534885,1.3566874617452196,0.23558078438293772
2014,vw_50,JP3539220008,T & D HOLDINGS,JP,0.004188512273295125,0.11090863524973671,0.2863693925323305
2014,vw_50,JP3814800003,SUBARU,JP,0.0038719799656138066,8.412557960612403,8.78227839540729
2014,vw_50,JP3891600003,MITSUI E&S,JP,0.003860117086602249,20.899060256762283,78.83062385378136
2014,vw_50,BMG524401079,KERRY PROPERTIES,HK,0.0038013535933336382,2.020902669859204,0.7834096417990843
2014,vw_50,JP3126400005,ALPS ALPINE,JP,0.003789379602569836,1.4106209779269065,3.799196114553676
2014,vw_50,JP3402600005,SUMITOMO METAL MINING,JP,0.0036462832865502416,193.5367233504242,210.22589392164932
2014,vw_50,AU000000ORG5,ORIGIN ENERGY (EX BORAL),AU,0.0036072537796902524,1166.1681910641719,1081.667567211291
2014,vw_50,AU000000BLD2,BORAL DEAD - DELIST.08/07/24,AU,0.003596436872268414,653.7965265032202,745.1108727402748
2014,vw_50,JP3385980002,J S R DEAD - DELIST.25/06/24,JP,0.003571998764620396,102.2495965357415,89.38279795801773
2014,vw_50,JP3493400000,DIC,JP,0.003565642362522237,35.779864498289164,124.12255976225765
2014,vw_50,AU000000MGR9,MIRVAC GROUP STAPLED UNITS,AU,0.003539503675638729,7.627857112855083,2.115354392582115
2014,vw_50,HK0019000162,SWIRE PACIFIC 'A',HK,0.003527171295024085,2575.9583332641487,1746.0008471610895
2014,vw_50,AU000000MAH3,MACMAHON HOLDINGS,AU,0.0034555049069896443,75.80549993018937,548.534703480728
2014,vw_50,AU000000MQG1,MACQUARIE GROUP,AU,0.003452359378060501,0.0,0.0
2014,vw_50,AU000000DOW2,DOWNER EDI,AU,0.0034474208432087134,31.062235255783644,117.78682668185164
2014,vw_50,JP3733000008,NEC,JP,0.003407986292206896,2.0350834134901814,7.826879853480809
2014,vw_50,JP3720800006,NSK,JP,0.0033838619043528636,15.776062268056862,20.330021397543756
2014,vw_50,AU000000BPT9,BEACH ENERGY,AU,0.003321833548257414,77.98223334469351,38.65708912661467
2014,vw_50,JP3229400001,KANSAI PAINT,JP,0.0032514370201031013,15.180427496114191,12.627432501475848
2014,vw_50,AU000000MTS0,METCASH,AU,0.003170499534951619,1.716040161507853,8.554903939932112
2014,vw_50,JP3294460005,INPEX,JP,0.0031426346405277667,46.48414083838704,34.72600640137549
2014,vw_50,JP3493800001,DAI NIPPON PRINTING,JP,0.0030541520030212895,23.107185267915487,47.000570444098635
2014,vw_50,AU000000SUN6,SUNCORP GROUP,AU,0.003044148558701799,0.4876143558425835,0.4631807623290411
2014,vw_50,JP3814000000,FUJIFILM HOLDINGS,JP,0.0030135002088358632,31.674496196046537,48.76947960628068
2014,vw_50,BMG2442N1048,COSCO SHIPPING PORTS,HK,0.002998519581027037,74.70517382492545,16.002394868752063
2014,vw_50,AU000000WOR2,WORLEY,AU,0.00299179951598888,4.823142028118368,11.240919020888402
2014,vw_50,IE00BKVD2N49,SEAGATE TECHNOLOGY HOLDINGS,SG,0.0029529407461368388,22.74885452462772,18.918450663219833
2014,vw_50,JP3300600008,KONICA MINOLTA,JP,0.0029116348349712147,18.084761956012567,28.760324781228626
2014,vw_50,JP3582600007,TOKYO TATEMONO,JP,0.0028975259751244935,1.6074640080847202,0.8877288576685743
2014,vw_50,AU000000AMP6,AMP,AU,0.0028890773822466942,0.00841092554372201,0.013291628428119678
2014,vw_50,JP3877600001,MARUBENI,JP,0.0028829045665660523,0.002143231537918029,0.011257865097906447
2014,vw_50,JP3122400009,ADVANTEST,JP,0.0028330061020710993,3.6048017050808943,1.9481106705822435
2014,vw_50,JP3385820000,GS YUASA,JP,0.002807731470698107,4.865397954838394,7.191501336710286
2014,vw_50,JP3734800000,NIDEC,JP,0.0025720370914849217,2.1114607110975583,1.064610438773252
2014,vw_50,AU000000ORI1,ORICA,AU,0.002571150348218381,263.2634599202772,209.2482495076127
2014,vw_50,JP3495000006,SUMITOMO PHARMA,JP,0.002558702417681199,22.970474223836465,11.90675858558986
2014,vw_50,NZFBUE0001S0,FLETCHER BUILDING,NZ,0.0025556097359712548,124.05300620531203,169.27716012796026
2014,vw_50,AU000000IAG3,INSURANCE AUS.GROUP,AU,0.0024704584522801326,0.995656028984099,0.8243270300433577
2014,vw_50,JP3481800005,DAIKIN INDUSTRIES,JP,0.002426137755133061,56.220241538264354,55.93031140910111
2014,vw_50,JP3405400007,SUMITOMO HEAVY INDS.,JP,0.0024228056293843264,2.7038307634676872,5.196308647578455
2014,vw_50,AU000000PPT9,PERPETUAL,AU,0.00232900033491659,0.3914581139818039,0.07574016422556988
2014,vw_50,AU000000SBM8,ST BARBARA,AU,0.0023224304245565114,181.6192337859201,692.8222618401675
2014,vw_50,JP3242800005,CANON,JP,0.0023212768010799022,4.800210054982044,4.4838834536046805
2014,vw_50,JP3955000009,YOKOGAWA ELECTRIC,JP,0.0022811313855853614,5.562564313617085,4.908520437125763
2014,vw_50,AU0000088338,AMPOL,AU,0.002248801933324905,78.39835114100738,371.44370156643623
2014,vw_50,HK0003000038,HONG KONG AND CHINA GAS,HK,0.002202063901396285,199.2912378927137,36.848867799477105
2014,vw_50,SG1R50925390,SEMBCORP INDUSTRIES,SG,0.0021882174344578812,673.0066252189042,781.7836187529316
2014,vw_50,AU000000APA1,APA GROUP,AU,0.0021213314429455745,287.9800036619265,70.13812720856015
2014,vw_50,SG9999000020,FLEX,SG,0.0021164330485733585,2.6335708446044914,13.086836201673515
2014,vw_50,JP3783600004,EAST JAPAN RAILWAY,JP,0.002088201273413587,44.59222248686103,39.98517524427078
2014,vw_50,AU000000QBE9,QBE INSURANCE GROUP,AU,0.0020454909243228583,0.6822935815484403,0.8901008232474144
2014,vw_50,JP3942400007,ASTELLAS PHARMA,JP,0.002029559427870123,7.29719212056314,2.88179374088457
2014,vw_50,AU000000SGP0,STOCKLAND STAPLED UNITS,AU,0.001997413126674703,13.471733834125422,2.9725777752074256
2014,vw_50,JP3914400001,MURATA MANUFACTURING,JP,0.001962533582358394,15.032456944373882,5.912004029064612
2014,vw_50,NZCENE0001S6,CONTACT ENERGY,NZ,0.0019089958178361594,818.9566270686345,534.091058579002
2014,vw_50,JP3571400005,TOKYO ELECTRON,JP,0.0018910693938987428,2.1236044028369574,1.1768703965011562
2014,vw_50,JP3738600000,NITERRA,JP,0.001862540371570873,20.75724404526741,13.837746243451557
2014,vw_50,JP3421100003,JAPAN PETROLEUM EXP.,JP,0.001805587378919833,81.2925150533338,92.87471820853271
2014,vw_50,JP3900000005,MITSUBISHI HEAVY INDS.,JP,0.0017603324138583119,4.927111178341123,6.928314398842715
2014,vw_50,JP3359600008,SHARP,JP,0.001757810868230927,12.810274336815468,62.099620865472616
2014,vw_50,BMG668971101,CTF SERVICES,HK,0.0017325723841984937,164.49932897930486,72.12757836774244
2014,vw_50,JP3289800009,KOBE STEEL,JP,0.0017216797352524191,932.8426246882317,3161.549885453912
2014,vw_50,JP3111200006,ASAHI KASEI,JP,0.0016867037916667713,267.90832643751975,456.85619912924733
2014,vw_50,AU000000TAH8,TABCORP HOLDINGS,AU,0.0016603549312101129,1.0186577281846865,0.7836079791847355
2014,vw_50,JP3456000003,TAKASHIMAYA,JP,0.001642829842326096,1.7698564919064788,5.0885462699270025
2014,vw_50,JP3362700001,MITSUI OSK LINES,JP,0.0016015560054867943,1146.9399781254342,3805.5266901401346
2014,vw_50,JP3269600007,KURARAY,JP,0.0015913651092474574,483.41957834957736,405.9692766619558
2014,vw_50,JP3435000009,SONY GROUP,JP,0.0014619909258598866,4.038203150643676,18.75984641595084
2014,vw_50,JP3407400005,SUMITOMO ELECTRIC IND.,JP,0.0014570784895009572,7.9402186911999335,15.336161797010908
2014,vw_50,NZTELE0001S4,SPARK NEW ZEALAND,NZ,0.0014414372432342139,0.6808926366417417,0.604387705224417
2014,vw_50,JP3621000003,TORAY INDS.,JP,0.0012712295542709588,181.26082772061258,290.85493995194685
2014,vw_50,JP3194000000,OKI ELECTRIC IND.,JP,0.0012564698111002346,2.6071781864080688,7.346646347016716
2014,vw_50,AU0000224040,WOODSIDE ENERGY GROUP,AU,0.001238925179721778,1800.2054235632997,360.3381499486568
2014,vw_50,JP3166000004,EBARA,JP,0.0012240457768103873,2.201743180285314,3.342030905674152
2014,vw_50,HK0004000045,WHARF HOLDINGS,HK,0.0012129721706171828,7.852992640086958,1.5592380904494432
2014,vw_50,JP3119600009,AJINOMOTO,JP,0.0012121766159645423,126.85651243070227,145.4886058494811
2014,vw_50,JP3266400005,KUBOTA,JP,0.0011759621566946811,23.059238687527735,17.334100656189047
2014,vw_50,JP3535800001,TSUMURA,JP,0.0011194000728478727,31.708848039998273,19.170086411482167
2014,vw_50,JP3596200000,TOTO,JP,0.001115054005547285,32.298685868976804,30.505904810616784
2014,vw_50,JP3116000005,ASAHI GROUP HOLDINGS,JP,0.0011105587077325598,21.416613712997847,27.113806182211935
2014,vw_50,HK0006000050,POWER ASSETS HOLDINGS,HK,0.0010957208762079334,6805.780051772541,559.110664599122
2014,vw_50,JP3197800000,OMRON,JP,0.001081861531703818,6.63784427387474,5.4211010908879365
2014,vw_50,SG1R89002252,CITY DEVELOPMENTS,SG,0.0010377524073670722,2.9685578001950548,1.1852273952845238
2014,vw_50,JP3894900004,ISETAN MITSUKOSHI HDG.,JP,0.0010303854798842142,3.409699375423609,8.782100518972783
2014,vw_50,AU000000CIM7,CIMIC GROUP DEAD - DELIST.11/05/22,AU,0.0010224061029620642,7.7079665603653815,31.934837834402074
2014,vw_50,JP3592200004,TOSHIBA DEAD - DELIST.20/12/23,JP,0.0009325637731847756,12.989350464532478,43.853311796484654
2014,vw_50,JP3209000003,CASIO COMPUTER,JP,0.0009202832447356837,1.9455984505268362,1.9828593177850984
2014,vw_50,JP3982800009,ROHM,JP,0.000905073130062235,22.988181792275245,13.12234989596219
2014,vw_50,JP3397200001,SUZUKI MOTOR,JP,0.0009005955111504296,6.437274163435095,12.38960347074092
2014,vw_50,HK0002007356,CLP HOLDINGS,HK,0.0008900908688235768,2840.791553196561,2005.7279541679757
2014,vw_50,JP3174410005,OJI HOLDINGS,JP,0.0008683913433282415,448.31775863599006,1143.1573751960323
2014,vw_50,JP3868400007,MAZDA MOTOR,JP,0.0008618028948120343,5.8379165503770505,10.56277481637967
2014,vw_50,JP3634600005,TOYOTA INDS.,JP,0.0008441366363543541,9.998001143387409,12.958343344908727
2014,vw_50,AU000000CSR5,CSR DEAD - DEAD.10/07/24,AU,0.0008221841022766408,209.32035541475963,237.54243710215218
2014,vw_50,JP3870000001,MABUCHI MOTOR,JP,0.0008023178707674848,25.083740124456597,12.147173771440979
2014,vw_50,AU000000TCL6,TRANSURBAN GROUP STAPLED UNITS,AU,0.0007900320483896667,0.14310630973968097,0.01656558693875736
2014,vw_50,JP3350800003,SHIKOKU ELECTRIC POWER,JP,0.0007787736369832826,1566.0492555082064,2984.4851364995843
2014,vw_50,JP3210200006,KAJIMA,JP,0.0007428584993672978,11.710299377526514,46.278214998421724
2014,vw_50,JP3190000004,OBAYASHI,JP,0.0006961541998834133,9.420873950195757,34.08875258594231
2014,vw_50,JP3888400003,MITSUI KINZOKU LIMITED,JP,0.0006904379082427558,151.43578711065382,413.1577604246414
2014,vw_50,JP3165600002,NTN,JP,0.0006763483673534561,17.201905966273905,47.892511631341854
2014,vw_50,JP3977400005,RINNAI,JP,0.0006745488357929908,10.919120264353769,7.237688660812375
2014,vw_50,JP3893600001,MITSUI,JP,0.0006717336964900906,26.081482983118565,59.07898293507624
2014,vw_50,JP3743000006,NH FOODS,JP,0.0006290078557210002,25.762267640966698,71.0297790439239
2014,vw_50,HK0200030994,MELCO INTL.DEV.,HK,0.0006233621078880686,5.016733742851091,0.021179332176774632
2014,vw_50,JP3778630008,BANDAI NAMCO HDG.,JP,0.00059765870170812,0.0,0.0
2014,vw_50,JP3818000006,FUJITSU,JP,0.0005764053462594233,4.740156576588696,17.580113635901196
2014,vw_50,JP3830000000,BROTHER INDUSTRIES,JP,0.0005340956647253923,1.7739739777149235,2.849299377438549
2014,vw_50,AU000000QAN2,QANTAS AIRWAYS,AU,0.0005022661676528003,870.6759109934894,5686.218475387583
2014,vw_50,JP3820000002,FUJI ELECTRIC,JP,0.00048775508697302983,28.41916129708592,66.03555659062084
2014,vw_50,JP3711600001,NIPPON SANSO HOLDINGS,JP,0.0004749495026586271,24.04436666537094,39.34839065082238
2014,vw_50,JP3811000003,FUJIKURA,JP,0.00045107591742756496,5.002359300390695,16.76966981160296
2014,vw_50,JP3528600004,CHIYODA CORPORATION,JP,0.00044495180469038596,0.03806641196213784,0.04060400939834266
2014,vw_50,JP3686800008,NIPPON SHEET GLASS,JP,0.00044093556829901705,551.4106894753104,2716.699210459292
2014,vw_50,JP3903000002,MITSUBISHI MATERIALS,JP,0.0004298978502357605,798.7187058806187,2445.1134774223824
2014,vw_50,JP3502200003,DAIWA SECURITIES GROUP,JP,0.000414129282931023,0.1389427622487818,0.05750434888396412
2014,vw_50,AU000000BEN6,BENDIGO & ADELAIDE BANK,AU,0.00037016932883259505,1.2525066009805452,0.9035752352382285
2014,vw_50,JP3112000009,AGC,JP,0.0003580373117409032,408.0736293692739,779.942002808964
2014,vw_50,HK0010000088,HANG LUNG GROUP,HK,0.00035474297801271954,1.923669706638955,0.3900271932758445
2014,vw_50,BMG684371393,PACIFIC BASIN SHIP.,HK,0.00033946209645850276,528.3762038571463,753.4183643638125
2014,vw_50,JP3890310000,MS&AD INSURANCE GP.HDG.,JP,0.0003343320995682005,0.50511900441191,1.5594385020408577
2014,vw_50,AU000000ERA9,ENERGY RES.OF AUS.,AU,0.0003269311220088593,349.0915781242813,202.9123963996079
2014,vw_50,JP3595200001,TOSOH,JP,0.00032400414289023623,928.5649109812194,2748.9443179877094
2014,vw_50,JP3401400001,SUMITOMO CHEMICAL,JP,0.0002982434103294025,113.60456624951942,348.2472860828936
2014,vw_50,JP3551200003,ELEC.POWER DEV.,JP,0.0002972172895061891,7962.301468720035,11241.18567595708
2014,vw_50,JP3429800000,ANA HOLDINGS,JP,0.0002935941210859743,613.9647844565877,1281.5763930383905
2014,vw_50,JP3613400005,TOYO SEIKAN GROUP HDG.,JP,0.00028903802755968444,73.86710814796793,142.64711929925568
2014,vw_50,JP3164800009,NOK,JP,0.0002741388068736481,7.8477522363801375,15.862583222370173
2014,vw_50,JP3463000004,TAKEDA PHARMACEUTICAL,JP,0.0002508284584996556,10.521626176064498,4.637540624120238
2014,vw_50,JP3659000008,WEST JAPAN RAILWAY,JP,0.0002498680760337877,7.706842203870176,12.443971020480287
2014,vw_50,JP3270000007,KURITA WATER IND.,JP,0.0002459485503689651,7.09226784597973,4.7450722018152485
2014,vw_50,JP3449020001,TAIHEIYO CEMENT,JP,0.0002340858549503088,1829.0692046624276,3243.5047443128715
2014,vw_50,AU000000GWA4,GWA GROUP,AU,0.00022960289027691808,20.163612855410864,12.35729008528653
2014,vw_50,HK0242001243,SHUN TAK HOLDINGS,HK,0.000184192850390793,850.0470109504029,225.38473496036062
2014,vw_50,AU000000COH5,COCHLEAR,AU,0.00017910594477288573,0.009360337210619511,0.002183816114337379
2014,vw_50,JP3845400005,HOKURIKU ELEC.POWER,JP,0.0001705437287729046,3760.6550200074157,7143.87659454643
2014,vw_50,JP3522200009,CHUGOKU ELEC.POWER,JP,0.00017002702659585665,3404.147672539395,8594.58543210445
2014,vw_50,JP3769000005,HACHIJUNI NAGANO BANK,JP,0.00015294801642137096,1.917675297482253,1.0460629866421518
2014,vw_50,JP3205800000,KAO,JP,0.00015003881533327313,50.58066916146643,39.46239840084187
2014,vw_50,JP3260800002,KINTETSU GROUP HDG.,JP,0.00014053827903554015,3.2001016676661247,5.555454399237686
2014,vw_50,SG1F60858221,SINGAPORE TECHS.ENGR.,SG,0.00013238634039120948,5.6887264502523776,3.2455406438228036
2014,vw_50,AU000000NCM7,NEWCREST MINING DEAD - DELIST.08/11/23,AU,0.00012099134936214756,439.29370760793427,235.50627182008725
2014,vw_50,JP3228600007,KANSAI ELECTRIC PWR.,JP,0.00011900870258948102,1649.4262353024342,5449.002894618201
2014,vw_50,JP3526600006,CHUBU ELEC.POWER,JP,0.0001058163916618411,2032.752493813691,6217.260859598983
2014,vw_50,JP3027680002,JAPAN REAL ESTATE INV.,JP,9.789285193492914e-05,11.571665809506236,0.9495674192867694
2014,vw_50,AU000000CQR9,CHARTER HALL RETAIL REIT,AU,8.826291705671204e-05,0.5522385150631176,0.07488722864392444
2014,vw_50,AU000000CWY3,CLEANAWAY WASTE MANAGEMENT,AU,7.8024249282681e-05,436.05994241523865,355.88416826271487
2014,vw_50,AU000000IGO4,IGO,AU,7.635905237658852e-05,159.75937774119387,56.13760864801695
2014,vw_50,JP3634200004,TOYODA GOSEI,JP,7.383039976961539e-05,16.50463367590451,39.28052364508976
2014,vw_50,JP3201200007,OLYMPUS,JP,7.209151867039788e-05,2.886427812547534,1.99290750234442
2014,vw_50,JP3678000005,NISSHINBO HOLDINGS,JP,6.186094691864604e-05,60.167902343725174,182.52801007912888
2014,vw_50,JP3443600006,TAISEI,JP,5.141019398729248e-05,11.193546583901263,32.59973920208638
2014,vw_50,JP3256000005,KYOWA KIRIN,JP,4.8960739789156725e-05,19.666208070889315,10.920703362298935
2014,vw_50,JP3375800004,SHINKO ELEC.INDS. DEAD - DELIST.06/06/25,JP,4.70871769589091e-05,23.21544089444066,30.997219594691437
2014,vw_50,JP3551520004,DENTSU GROUP,JP,4.40507777227542e-05,0.22172941830980455,0.42708078403452954
2014,vw_50,SG1J26887955,SINGAPORE EXCHANGE,SG,3.8476249760931286e-05,0.07994402199234256,0.008135173340424639
2014,vw_50,JP3180400008,OSAKA GAS,JP,2.9426598244108765e-05,279.35820610019783,475.6704600682789
2014,vw_50,SG1V61937297,SINGAPORE AIRLINES,SG,2.3088636659255497e-05,1174.6908398774221,1574.9320812497274
2014,vw_50,JP3951600000,UNI CHARM,JP,1.9591301132257055e-05,6.397944553598052,2.7113673856934386
2014,vw_50,JP3320800000,SAPPORO HOLDINGS,JP,1.6147672958113615e-05,23.72395880398328,79.9502175222542
2014,vw_50,JP3118000003,ASICS,JP,9.536005780412564e-06,2.426715034931699,1.7650721766204358
2014,vw_50,JP3665200006,NICHIREI,JP,7.065197034595853e-06,8.289846007959365,30.504020134078708
2014,vw_50,JP3619800000,TOYOBO,JP,6.634987474556111e-06,204.2455983173691,457.66742471769135
2014,vw_50,JP3626800001,LIXIL,JP,6.24136074133713e-06,24.30698965882118,44.323639234327096
2014,vw_50,AU000000SGM7,SIMS,AU,3.1558790665974418e-06,16.466875456001635,57.25031453275156
2014,vw_50,JP3158800007,UBE,JP,2.9287231338629847e-06,1618.1489042831608,4630.974865610926
2014,vw_50,JP3753000003,NIPPON YUSEN KK,JP,1.9328087611917804e-06,959.6070377264232,3701.552033183536
2015,vw,JP3633400001,TOYOTA MOTOR,JP,0.0605414287465616,11.952315201464645,12.182011978411145
2015,vw,AU000000CBA7,COMMONWEALTH BK.OF AUS.,AU,0.030827773804031525,0.29998963958074837,0.0855714367135502
2015,vw,AU000000WBC1,WESTPAC BANKING,AU,0.023054735867675976,0.3601263694403746,0.12737115578444988
2015,vw,JP3902900004,MITSUBISHI UFJ FINL.GP.,JP,0.020477040093287366,0.2622179472524686,0.1581956244417073
2015,vw,AU000000BHP4,BHP GROUP,AU,0.02015594930911971,376.92924954224037,278.46452240912976
2015,vw,AU000000ANZ3,ANZ GROUP HOLDINGS,AU,0.01956964545468514,0.7462289176269907,0.3143518640394935
2015,vw,AU000000NAB4,NATIONAL AUS.BANK,AU,0.018286773619579214,0.6556440422827267,0.3418017692081859
2015,vw,JP3735400008,NTT,JP,0.018286019834424693,2.3277404361186766,3.2621676629623266
2015,vw,AU000000TLS2,TELSTRA GROUP,AU,0.016926343257279132,2.6168560087599233,0.8330441875612532
2015,vw,JP3496400007,KDDI,JP,0.01670471144164765,0.12179750316680016,0.07596432079213256
2015,vw,JP3854600008,HONDA MOTOR,JP,0.015495900353702295,13.350087241369025,24.14710415853379
2015,vw,JP3726800000,JAPAN TOBACCO,JP,0.014845256326851632,16.12761244865499,7.214598694796905
2015,vw,SG1T75931496,SINGAPORE TELECOM,SG,0.013179597206117557,0.6864032967693767,0.177772529340388
2015,vw,JP3890350006,SUMITOMO MITSUI FINL.GP.,JP,0.012907469919505208,0.42276688326081124,0.34258028411392116
2015,vw,HK0016000132,SUN HUNG KAI PROPERTIES,HK,0.012591896951126951,0.6011564293944835,0.1246996366677656
2015,vw,JP3242800005,CANON,JP,0.011449790426442102,5.347416598214508,4.025202569703491
2015,vw,JP3463000004,TAKEDA PHARMACEUTICAL,JP,0.010753653567495806,11.557895089141251,4.336303156450887
2015,vw,JP3551500006,DENSO,JP,0.010734464583544153,17.147883764452796,15.660805147251985
2015,vw,JP3672400003,NISSAN MOTOR,JP,0.010599794629336629,8.945348038343534,22.03631325716037
2015,vw,AU000000WES1,WESFARMERS,AU,0.010478619598560978,52.250085104201155,64.92115166211204
2015,vw,HK2388011192,BOC HONG KONG HOLDINGS,HK,0.010149746931682956,0.02370480139905738,0.007480068955549958
2015,vw,JP3788600009,HITACHI,JP,0.009801899485987123,9.832573607192277,22.40668239191611
2015,vw,JP3942400007,ASTELLAS PHARMA,JP,0.009677603567755155,9.86200018425769,2.8852231566489746
2015,vw,JP3566800003,CENTRAL JAPAN RAILWAY,JP,0.00961021571723228,5.441753414929952,2.172502940637909
2015,vw,HK0011000095,HANG SENG BANK DEAD - DELIST.28/01/26,HK,0.009119905588788998,0.0,0.0
2015,vw,AU000000CSL8,CSL,AU,0.00885188073720828,11.218682368460072,1.696460324184645
2015,vw,JP3830800003,BRIDGESTONE,JP,0.008709897982418925,59.23703969532757,57.778689563132716
2015,vw,AU000000WOW2,WOOLWORTHS GROUP,AU,0.008615607051668797,10.920430205552398,16.542501263579148
2015,vw,JP3783600004,EAST JAPAN RAILWAY,JP,0.008528558423608347,46.27406379856592,34.33609569342699
2015,vw,JP3371200001,SHIN-ETSU CHEMICAL,JP,0.007839558120513505,134.30238220120114,48.46093638403318
2015,vw,JP3898400001,MITSUBISHI,JP,0.007752880962115536,27.251215420086638,63.022329909656335
2015,vw,JP3814800003,SUBARU,JP,0.0077207366347526955,7.943844242879426,6.567281802062126
2015,vw,JP3866800000,PANASONIC HOLDINGS,JP,0.007643427561638455,7.087423153483487,16.67295154166269
2015,vw,HK0388045442,HONG KONG EXCHANGES AND CLEARING,HK,0.00731774085719412,0.04410023644511386,0.0019267665670429542
2015,vw,JP3435000009,SONY GROUP,JP,0.007296407110446686,4.1669550387106264,10.755293475845368
2015,vw,JP3910660004,TOKIO MARINE HOLDINGS,JP,0.007242177962639279,0.41757191028956037,0.5552323252291129
2015,vw,HK0066009694,MTR,HK,0.006931444945702835,10.193645672537144,2.0652851678601634
2015,vw,JP3902400005,MITSUBISHI ELECTRIC,JP,0.006871657310245169,10.881749820192686,15.783426139879035
2015,vw,JP3914400001,MURATA MANUFACTURING,JP,0.006789757739769032,14.689548061989411,4.879998754042871
2015,vw,HK0004000045,WHARF HOLDINGS,HK,0.006656912596385226,5.169995889212864,1.0358009127919172
2015,vw,HK0003000038,HONG KONG AND CHINA GAS,HK,0.006551195584192076,220.22477641544694,37.16708965960244
2015,vw,JP3893600001,MITSUI,JP,0.006314322666569321,8.089883663680784,16.489490526272395
2015,vw,HK0006000050,POWER ASSETS HOLDINGS,HK,0.006101812193599045,32598.88814506505,398.1548013425282
2015,vw,HK0002007356,CLP HOLDINGS,HK,0.006096543831889555,3213.992485417491,1700.9586210515922
2015,vw,AU0000224040,WOODSIDE ENERGY GROUP,AU,0.00605287309916025,1541.7130450656605,446.79734018058247
2015,vw,JP3205800000,KAO,JP,0.00600075346520255,55.798030204050974,30.13858326066034
2015,vw,HK0012000102,HENDERSON LD.DEV.,HK,0.005928466011175276,0.2806545421250525,0.03869285828626312
2015,vw,JP3762600009,NOMURA HDG.,JP,0.005580990035141925,0.1952499129959871,0.15138714054663582
2015,vw,JP3481800005,DAIKIN INDUSTRIES,JP,0.005568642058186178,58.39720229336156,45.62192482513652
2015,vw,JP3734800000,NIDEC,JP,0.005427131096982748,2.0733482460949513,0.8676254212349899
2015,vw,JP3304200003,KOMATSU,JP,0.005283231341818404,6.147931660552825,5.383672639857448
2015,vw,JP3967200001,RAKUTEN GROUP,JP,0.00514945074563492,0.03408695543150168,0.009162017644782257
2015,vw,IE00BKVD2N49,SEAGATE TECHNOLOGY HOLDINGS,SG,0.005145784855243139,21.312870031012125,15.933613413054005
2015,vw,JP3900000005,MITSUBISHI HEAVY INDS.,JP,0.005132298066183437,4.702591124599475,7.988085495760557
2015,vw,JP3266400005,KUBOTA,JP,0.005034563584547538,27.156409698204758,19.55003678422899
2015,vw,JP3397200001,SUZUKI MOTOR,JP,0.004829973278614532,24.57907648762812,35.36703119035322
2015,vw,JP3951600000,UNI CHARM,JP,0.004758238961894893,4.975922545506993,1.7850955971516882
2015,vw,JP3634600005,TOYOTA INDS.,JP,0.004686493799345695,10.727587818214449,11.170524946713845
2015,vw,JP3814000000,FUJIFILM HOLDINGS,JP,0.004664764179819266,35.160859219815734,43.23763797743535
2015,vw,JP3837800006,HOYA,JP,0.0045944316865704484,6.718823825390105,1.615508503934313
2015,vw,JP3592200004,TOSHIBA DEAD - DELIST.20/12/23,JP,0.004587794038878822,13.330240954413972,44.326162542264996
2015,vw,JP3519400000,CHUGAI PHARM.,JP,0.004574944442305857,13.76806803039396,3.2088043127809285
2015,vw,JP3294460005,INPEX,JP,0.004370449037381516,51.05214227311107,34.15055417859658
2015,vw,JP3116000005,ASAHI GROUP HOLDINGS,JP,0.004329175232985297,23.704105533425125,22.606087974431034
2015,vw,AU000000MQG1,MACQUARIE GROUP,AU,0.004292448542632731,0.0,0.0
2015,vw,HK0823032773,LINK REAL ESTATE INVESTMENT TRUST,HK,0.004223818844625067,0.0,0.0
2015,vw,JP3160400002,EISAI,JP,0.004194133809115292,7.816687948541821,2.4255585171891476
2015,vw,JP3890310000,MS&AD INSURANCE GP.HDG.,JP,0.0041822901632341545,0.5748516329770794,1.4900311257861676
2015,vw,JP3200450009,ORIX,JP,0.0041166512027280685,14.203561166518288,15.558378994666862
2015,vw,JP3573000001,TOKYO GAS,JP,0.004078701645092444,159.86830633947196,204.55417228686514
2015,vw,AU000000SUN6,SUNCORP GROUP,AU,0.004029046725902593,0.45708986019498593,0.39880640728323064
2015,vw,JP3111200006,ASAHI KASEI,JP,0.003875781596911908,290.7275042936948,343.120688340426
2015,vw,JP3621000003,TORAY INDS.,JP,0.0038347924955416794,188.19347925227166,224.00070141102404
2015,vw,AU000000TCL6,TRANSURBAN GROUP STAPLED UNITS,AU,0.0037590072614808274,1.6121381396721985,0.14022513925135355
2015,vw,AU000000AMP6,AMP,AU,0.003637189615303658,0.010862579493541663,0.010948140582891947
2015,vw,JP3258000003,KIRIN HOLDINGS,JP,0.0035367870595956344,20.88022818084243,29.97578937523095
2015,vw,JP3197600004,ONO PHARM.,JP,0.0034199259575280624,18.294235376835957,1.7204648902272044
2015,vw,JP3502200003,DAIWA SECURITIES GROUP,JP,0.003414118015797889,0.15361778195148193,0.0659971647427421
2015,vw,JP3571400005,TOKYO ELECTRON,JP,0.0033953682879434774,3.604869529858323,1.5971506831812048
2015,vw,JP3868400007,MAZDA MOTOR,JP,0.0033533569671370792,5.9913066737304375,12.16912906230594
2015,vw,HK0019000162,SWIRE PACIFIC 'A',HK,0.003309526258421742,2243.7011000585717,1453.4181133256486
2015,vw,JP3505000004,DAIWA HOUSE INDUSTRY,JP,0.003309271381427048,11.555856963795586,22.45023871814053
2015,vw,JP3818000006,FUJITSU,JP,0.003283124797811706,4.8382178539964364,16.26977769041834
2015,vw,JP3201200007,OLYMPUS,JP,0.003236848354530255,2.124715463636284,1.137826728331408
2015,vw,AU000000IAG3,INSURANCE AUS.GROUP,AU,0.0032022420238569586,0.9844561799050947,0.8975414139156175
2015,vw,JP3119600009,AJINOMOTO,JP,0.0031891185700875656,139.66832158244264,99.29023503525019
2015,vw,SG1U68934629,KEPPEL,SG,0.0031805530761913857,69.90739148721177,58.57843743206551
2015,vw,JP3551520004,DENTSU GROUP,JP,0.0031477796907139794,0.22757821439756665,0.38607377954343025
2015,vw,AU000000QBE9,QBE INSURANCE GROUP,AU,0.0030357693859177797,0.8581669429525912,1.1075304928153424
2015,vw,SG1V61937297,SINGAPORE AIRLINES,SG,0.003035736848429095,1216.5684301817355,1231.370065630817
2015,vw,JP3684000007,NITTO DENKO,JP,0.002993326943386312,63.70823411513216,39.803434016785104
2015,vw,HK0000608585,NEW WORLD DEVELOPMENT COMPANY,HK,0.0028925122461549518,53.550432696484854,36.456550309625094
2015,vw,JP3347200002,SHIONOGI,JP,0.0028824120673758224,18.49166719139367,4.033304203286961
2015,vw,JP3475350009,DAIICHI SANKYO,JP,0.0028682636827128695,15.600080190150832,11.718317954380238
2015,vw,JP3659000008,WEST JAPAN RAILWAY,JP,0.002860812597804132,8.738246948626012,9.477927328939998
2015,vw,JP3165700000,NTT DATA GROUP DEAD - DELIST.26/09/25,JP,0.002853892958543907,0.4849125280729375,0.5768951223289386
2015,vw,JP3407400005,SUMITOMO ELECTRIC IND.,JP,0.002808869208576807,8.258393620366034,18.654131665775353
2015,vw,JP3940000007,YAMATO HDG.,JP,0.0027435447771280044,38.44491816940409,45.26434177938278
2015,vw,JP3877600001,MARUBENI,JP,0.0026411004940050313,0.002018878095385021,0.013859629670695199
2015,vw,JP3526600006,CHUBU ELEC.POWER,JP,0.0026265047188726675,2277.9756769147098,6111.478740415972
2015,vw,JP3429800000,ANA HOLDINGS,JP,0.0026076682243817645,713.3827928632372,1061.5333745094738
2015,vw,AU000000ORG5,ORIGIN ENERGY (EX BORAL),AU,0.0025918983881993707,1520.4375639207483,1769.8392938217776
2015,vw,JP3546800008,TERUMO,JP,0.0025764512154464307,18.631862512120463,8.115162032773842
2015,vw,SGXE21576413,GENTING SINGAPORE,SG,0.002572552139719078,1.5060120093835405,0.3362244419359361
2015,vw,JP3388200002,AEON,JP,0.0025091447086452675,4.392628654110527,27.73383215220459
2015,vw,HK0293001514,CATHAY PACIFIC AIRWAYS,HK,0.0024736056366296832,1270.478684378346,1903.8369840805278
2015,vw,JP3420600003,SEKISUI HOUSE,JP,0.002437944549031532,4.904431030825575,8.897519482787192
2015,vw,JP3486800000,DAITO TST.CONSTRUCTION,JP,0.0023719232730334042,3.4529899158855097,4.495083323997631
2015,vw,JP3197800000,OMRON,JP,0.0023501150212426555,8.797717391518088,7.226660974807755
2015,vw,JP3538800008,TDK,JP,0.0023463244038109178,10.395440367709384,10.693637276575483
2015,vw,JP3228600007,KANSAI ELECTRIC PWR.,JP,0.0023095950020009604,1576.5291064832456,5366.339865060795
2015,vw,JP3402600005,SUMITOMO METAL MINING,JP,0.0022930957837805567,303.6391609550794,275.5094560048055
2015,vw,JP3180400008,OSAKA GAS,JP,0.002266650939852275,299.4948501292371,468.53878148651893
2015,vw,AU000000NCM7,NEWCREST MINING DEAD - DELIST.08/11/23,AU,0.002260598966956968,488.9597713954645,185.04247823912317
2015,vw,JP3792600003,HINO MOTORS,JP,0.0022121669150501726,12.029303383041087,20.959504031946697
2015,vw,AU000000SGP0,STOCKLAND STAPLED UNITS,AU,0.002201085188695729,16.457602438642294,3.248254435974633
2015,vw,JP3224200000,KAWASAKI HEAVY INDUSTRY,JP,0.002195881901963608,10.964160492159657,17.100016916650308
2015,vw,JP3134800006,IHI,JP,0.0021674983660012115,6.338073021723915,9.510811436291648
2015,vw,SG1F60858221,SINGAPORE TECHS.ENGR.,SG,0.0021231714605834365,5.923283527989752,3.660491138988324
2015,vw,JP3762800005,NOMURA RESEARCH INST.,JP,0.002078508334449256,0.28792870424596945,0.13045208168909356
2015,vw,JP3539220008,T & D HOLDINGS,JP,0.0020619548870810453,0.12190591995930265,0.3100754806301449
2015,vw,JP3942800008,YAMAHA MOTOR,JP,0.0020604554511441703,11.485455597575536,19.607662516597426
2015,vw,AU000000LLC3,LENDLEASE GROUP STAPLED UNITS,AU,0.0020350002891633733,8.336655962283723,11.575456450802712
2015,vw,JP3414750004,SEIKO EPSON,JP,0.0020052800047075238,12.74259832801774,15.693292480102981
2015,vw,JP3982800009,ROHM,JP,0.001979759767749358,17.41096500058279,7.20129946613417
2015,vw,AU000000APA1,APA GROUP,AU,0.0019680137343342737,322.7320048411364,48.34875050632807
2015,vw,JP3733000008,NEC,JP,0.0019574851452874653,2.2964050807883227,8.034008790313756
2015,vw,JP3401400001,SUMITOMO CHEMICAL,JP,0.0019484315890610187,119.37128144549034,334.4039454934093
2015,vw,JP3973400009,RICOH,JP,0.0019283288439688128,9.460616290679473,25.450731040611494
2015,vw,AU0000088338,AMPOL,AU,0.0019200155156099373,49.542162351562375,132.56335156020518
2015,vw,BMG668971101,CTF SERVICES,HK,0.00191278677020721,126.92062812338646,54.11412071228698
2015,vw,JP3027670003,NIPPON BUILDING FUND,JP,0.001903510874474753,22.811963958279932,1.9777073466044657
2015,vw,JP3786200000,HITACHI METALS DEAD - DELIST.29/12/22,JP,0.0018923044210803523,42.80170563559914,49.577871647762116
2015,vw,SG1R89002252,CITY DEVELOPMENTS,SG,0.0018463316610266226,22.3611453691666,9.146367431935701
2015,vw,JP3260800002,KINTETSU GROUP HDG.,JP,0.0018384521658502066,3.439972835742871,5.399900594515589
2015,vw,JP3256000005,KYOWA KIRIN,JP,0.0018022542096887623,22.75460641346104,9.734895385906924
2015,vw,JP3443600006,TAISEI,JP,0.0017929511993824015,8.961905613354627,18.752362948960304
2015,vw,JP3551200003,ELEC.POWER DEV.,JP,0.0017929457764676207,8674.102008337657,8179.98693379791
2015,vw,JP3585800000,TOKYO ELECTRIC POWER CO. HDG.,JP,0.0017910992739847784,1685.4798628865108,14717.901439218125
2015,vw,JP3982100004,LAWSON DEAD - DELIST.24/07/24,JP,0.0017904864846145549,1.4974399913197576,0.9237651455838726
2015,vw,JP3720800006,NSK,JP,0.0017591149226079698,16.053909399669326,19.960818223995833
2015,vw,SG9999000020,FLEX,SG,0.0017382095861282142,1.4416181216907014,5.690254125582433
2015,vw,JP3605400005,TOHOKU ELECTRIC PWR.,JP,0.0017303002649205039,2199.300831862956,6399.597896399559
2015,vw,JP3289800009,KOBE STEEL,JP,0.0017271983576659202,1016.805619042003,2549.921507064364
2015,vw,HK0010000088,HANG LUNG GROUP,HK,0.0017271685316346261,0.42617961766500734,0.1519555282744286
2015,vw,JP3738600000,NITERRA,JP,0.0017264879558296432,24.736436507128815,11.337473183632829
2015,vw,JP3493800001,DAI NIPPON PRINTING,JP,0.0017169354914433684,26.175970059363674,51.657020127444866
2015,vw,JP3112000009,AGC,JP,0.00171504289418489,428.75388813680604,779.4256913252924
2015,vw,AU000000GPT8,GPT GROUP STAPLED UNITS,AU,0.0017150184910683765,26.265842764019762,2.1047955124678266
2015,vw,JP3626800001,LIXIL,JP,0.0017134458457819617,22.994997719604836,52.37938499322708
2015,vw,SG1J26887955,SINGAPORE EXCHANGE,SG,0.0016964802568904143,0.08949208909178039,0.007432020982273431
2015,vw,JP3688370000,NIPPON EXPRESS HOLDINGS,JP,0.0016875460047891442,46.54566339657802,120.52585575279252
2015,vw,BMG988031446,YUE YUEN INDL.HDG.,HK,0.0016781019986984841,15.319554300771504,19.841878967769873
2015,vw,AU000000STO6,SANTOS,AU,0.0016661553174365123,1378.0182956479648,707.9075716817443
2015,vw,JP3351600006,SHISEIDO,JP,0.0016616488752537167,7.387392239306639,7.834047240239872
2015,vw,JP3027680002,JAPAN REAL ESTATE INV.,JP,0.0016495611982074456,13.278871403818808,1.0115604561062648
2015,vw,AU000000SHL7,SONIC HEALTHCARE,AU,0.0016127477412183871,2.6425940713976486,1.3998217858403808
2015,vw,JP3419400001,SEKISUI CHEMICAL,JP,0.0016067933807891338,16.260592932001302,26.2107277495216
2015,vw,AU000000ASX7,ASX,AU,0.0015856114756555605,0.04458116000178324,0.004959112968593425
2015,vw,SG1R50925390,SEMBCORP INDUSTRIES,SG,0.001560159025132154,855.8868830125432,1199.176218076278
2015,vw,AU000000MGR9,MIRVAC GROUP STAPLED UNITS,AU,0.0015324886024634245,6.647640683803526,1.7457846034077038
2015,vw,JP3894900004,ISETAN MITSUKOSHI HDG.,JP,0.0015287006964890772,2.476613854615628,4.855150737948147
2015,vw,AU000000DXS1,DEXUS STAPLED UNITS,AU,0.0014936930701220054,25.32689249985248,2.8828315319796256
2015,vw,AU000000CIM7,CIMIC GROUP DEAD - DELIST.11/05/22,AU,0.0014820446491729743,5.8795248804340146,14.162821587087851
2015,vw,JP3358800005,SHIMIZU,JP,0.0014695936368363935,16.561617702938467,40.859677413403105
2015,vw,AU000000ORI1,ORICA,AU,0.001464412041763396,338.70717353567954,333.28210663916474
2015,vw,JP3711600001,NIPPON SANSO HOLDINGS,JP,0.0014350903415439307,22.639766921463718,20.02762300455912
2015,vw,JP3667600005,JGC HOLDINGS,JP,0.0014190764741964035,17.488766702703273,22.808070115770505
2015,vw,JP3300600008,KONICA MINOLTA,JP,0.0013996597278239614,20.207403341892526,33.20889884192622
2015,vw,JP3522200009,CHUGOKU ELEC.POWER,JP,0.0013968371006805856,3721.0733434700187,7972.264981238875
2015,vw,BMG524401079,KERRY PROPERTIES,HK,0.0013870107790978836,3.895159047481074,1.4401695283039155
2015,vw,JP3657400002,NIKON,JP,0.0013784046133408481,3.3547885601615306,4.873092652297669
2015,vw,JP3753000003,NIPPON YUSEN KK,JP,0.001368426450144285,1007.5987240556141,4027.969949453419
2015,vw,JP3164800009,NOK,JP,0.001359207495017026,7.80019433698872,8.91173249441932
2015,vw,JP3743000006,NH FOODS,JP,0.0013429821339930495,32.622474546363364,67.03021811067659
2015,vw,JP3118000003,ASICS,JP,0.0013228766774434535,1.4069221863232955,1.1609316968787662
2015,vw,JP3269600007,KURARAY,JP,0.0013191158860430098,250.74823658577097,241.1114559802013
2015,vw,AU000000BEN6,BENDIGO & ADELAIDE BANK,AU,0.0012935685345109402,1.4493689810282357,0.7854110988838233
2015,vw,JP3629000005,TOPPAN HOLDINGS,JP,0.0012841218169628897,20.53038198113465,56.10199518149627
2015,vw,JP3830000000,BROTHER INDUSTRIES,JP,0.0012835171619648372,5.020515799959035,6.208488955738453
2015,vw,SGXE34184239,SEATRIUM,SG,0.0012830372340067416,13.945570823314398,12.719810816351114
2015,vw,JP3229400001,KANSAI PAINT,JP,0.0012828609892763677,16.47731571055056,10.081880936579262
2015,vw,BMG8063F1068,SHANGRI-LA ASIA,HK,0.0012820529749740372,71.87319208004416,32.107447105501365
2015,vw,JP3778630008,BANDAI NAMCO HDG.,JP,0.0012417715639826952,0.0,0.0
2015,vw,JP3190000004,OBAYASHI,JP,0.0012379375632327115,10.692467669363158,34.93532037550541
2015,vw,NZTELE0001S4,SPARK NEW ZEALAND,NZ,0.0012137350945662655,0.701258534453418,0.4114987311005469
2015,vw,JP3246400000,KYUSHU ELEC.POWER,JP,0.001191869902170319,69.43080374613271,250.24569577403267
2015,vw,AU000000QAN2,QANTAS AIRWAYS,AU,0.0011688252258095612,964.6904093749979,2715.86660140256
2015,vw,NZFBUE0001S0,FLETCHER BUILDING,NZ,0.0011511926183999828,137.3445123545715,199.78896096248877
2015,vw,JP3209000003,CASIO COMPUTER,JP,0.0011489610889677082,2.0070574379321346,1.3520695327120447
2015,vw,BMG2442N1048,COSCO SHIPPING PORTS,HK,0.0011476243404742554,69.71261284136776,14.335499113998818
2015,vw,JP3385980002,J S R DEAD - DELIST.25/06/24,JP,0.0011440235250598438,122.41856758641299,101.94680533368727
2015,vw,JP3903000002,MITSUBISHI MATERIALS,JP,0.0011432236451296846,855.9280283870651,2590.678490703868
2015,vw,JP3210200006,KAJIMA,JP,0.00113931101211538,14.457149964229183,48.550158977971556
2015,vw,JP3362700001,MITSUI OSK LINES,JP,0.0011380556073436385,1225.5596084544645,4479.880682643947
2015,vw,JP3596200000,TOTO,JP,0.0011376922720533287,36.44212351450396,40.75436083577423
2015,vw,JP3495000006,SUMITOMO PHARMA,JP,0.0011335410307886718,25.257497658275717,19.698317928698547
2015,vw,BMG677491539,ORIENT OVERSEAS (INTL.),HK,0.001116155166001617,823.9672070485041,1305.7957847071743
2015,vw,JP3174410005,OJI HOLDINGS,JP,0.0011050869969341252,543.7288027225259,1519.0326870512954
2015,vw,JP3787000003,HITACHI CON.MCH.,JP,0.0010754209416260832,5.965680518793765,10.581197163034735
2015,vw,NZAIAE0002S6,AUCKLAND INTL.AIRPORT,NZ,0.0010539760251256438,6.745230298633307,0.6194817757105517
2015,vw,JP3126400005,ALPS ALPINE,JP,0.0010508307345528142,1.4543596490047077,2.341363223515812
2015,vw,NZCENE0001S6,CONTACT ENERGY,NZ,0.001034166117431598,806.8011659819796,392.1592738446695
2015,vw,AU000000COH5,COCHLEAR,AU,0.001007656198525947,0.009081273055660396,0.0016898573577411881
2015,vw,JP3449020001,TAIHEIYO CEMENT,JP,0.0009874666867972493,2054.4995350563086,4050.161594582943
2015,vw,JP3419050004,SEGA SAMMY HDG.,JP,0.0009585110333254842,4.629473870679586,3.814666877885399
2015,vw,JP3977400005,RINNAI,JP,0.0009514503982809598,11.655944995909364,8.392356796808206
2015,vw,JP3405400007,SUMITOMO HEAVY INDS.,JP,0.0009407021811855317,2.8154457492114973,4.5541540802914655
2015,vw,AU000000BLD2,BORAL DEAD - DELIST.08/07/24,AU,0.0009310141439297384,553.5196721364824,544.9043723406423
2015,vw,JP3359600008,SHARP,JP,0.0009126413086525888,7.830089838187298,56.74610130516033
2015,vw,JP3769000005,HACHIJUNI NAGANO BANK,JP,0.000912386431657894,1.876408316441495,0.7590053879278321
2015,vw,JP3595200001,TOSOH,JP,0.0008966111725607193,986.0293971351896,2038.2550842972707
2015,vw,JP3358200008,SHIMAMURA,JP,0.0008825848034803333,0.3349612726874232,0.44792351506288747
2015,vw,JP3870400003,MARUI GROUP,JP,0.0008768554940144808,3.5789066411762027,3.8900519188964378
2015,vw,JP3456000003,TAKASHIMAYA,JP,0.0008623627542629512,1.9998204085371296,4.88768849593138
2015,vw,JP3820000002,FUJI ELECTRIC,JP,0.0008596133364691158,30.789141789320073,66.18490363687978
2015,vw,JP3888300005,MITSUI CHEMICALS,JP,0.0008436835243006898,271.7477718128178,1208.4009577220356
2015,vw,JP3870000001,MABUCHI MOTOR,JP,0.0008434150900190431,25.69610769132137,8.633172161925827
2015,vw,HK0200030994,MELCO INTL.DEV.,HK,0.0008372112755098757,4.3870099923136054,0.03696950461187688
2015,vw,JP3357200009,SHIMADZU,JP,0.0008290687689665936,1.5066475171767235,1.308194201429202
2015,vw,JP3845400005,HOKURIKU ELEC.POWER,JP,0.0008102810807087173,4118.868956805252,6197.37916449156
2015,vw,JP3544000007,TEIJIN,JP,0.0008015393420821633,134.49694109123647,304.45313451416047
2015,vw,JP3582600007,TOKYO TATEMONO,JP,0.0007950969193226433,1.6042018910092473,1.1059351512092648
2015,vw,JP3634200004,TOYODA GOSEI,JP,0.000776821696511547,18.32295948443856,38.39495141293421
2015,vw,JP3350800003,SHIKOKU ELECTRIC POWER,JP,0.0007753249720320627,1659.1999716678765,3276.8654002182243
2015,vw,JP3955000009,YOKOGAWA ELECTRIC,JP,0.0007696065083957715,4.627077297025954,5.553226346292741
2015,vw,AU000000CGF5,CHALLENGER,AU,0.0007682480682431961,0.0,0.0
2015,vw,JP3243600008,CANON MARKETING JAPAN,JP,0.0007633267730796738,1.50969055966843,3.015782238499
2015,vw,AU000000TAH8,TABCORP HOLDINGS,AU,0.000751607854238493,1.193461359188228,0.7103251478190601
2015,vw,JP3270000007,KURITA WATER IND.,JP,0.000748115497119696,7.633748703206792,4.424433418264718
2015,vw,JP3223800008,KAWASAKI KISEN KAISHA,JP,0.0007450569731833582,1096.257128737617,4495.073531284915
2015,vw,JP3613400005,TOYO SEIKAN GROUP HDG.,JP,0.0007432701227631041,80.31084176957924,196.26297779820666
2015,vw,JP3638600001,DOWA HDG.,JP,0.000690901034725491,217.60221125948433,335.89997174343034
2015,vw,JP3635400009,TOYOTA BOSHOKU,JP,0.0006856380959307822,7.878331609688639,33.997318748591155
2015,vw,JP3122400009,ADVANTEST,JP,0.000670049927393543,2.886740596951817,1.5195169918824207
2015,vw,JP3493400000,DIC,JP,0.0006428946816289838,46.965466327896834,140.2200731327735
2015,vw,JP3148800000,IBIDEN,JP,0.0006195436105831142,46.2810386211535,54.26909593813323
2015,vw,JP3165600002,NTN,JP,0.0006168511333944765,17.651333702687435,45.55644445225892
2015,vw,AU000000BSL0,BLUESCOPE STEEL,AU,0.0006023258561542624,1205.354614247168,3515.7850194246
2015,vw,NZAIRE0001S2,AIR NEW ZEALAND,NZ,0.0005837469501154447,889.3693415271681,1427.5950002090215
2015,vw,JP3215800008,KANEKA,JP,0.0005810924333302721,242.97445257427685,529.6066445802809
2015,vw,JP3528600004,CHIYODA CORPORATION,JP,0.00055259772761487,0.8251627265769708,1.6241333457637597
2015,vw,JP3678000005,NISSHINBO HOLDINGS,JP,0.0005432648912772152,64.20596957216294,141.72410523111017
2015,vw,JP3385820000,GS YUASA,JP,0.000513547318278756,6.874026657703635,11.57556270096463
2015,vw,JP3368000000,RESONAC HOLDINGS,JP,0.0005123515655696027,418.7000820545145,1656.4527566972556
2015,vw,JP3549600009,DENKA,JP,0.0004967037449697754,564.9564456934095,1013.1723320978018
2015,vw,AU000000WOR2,WORLEY,AU,0.0004961424732899687,5.468453845546619,21.428024920756368
2015,vw,JP3166000004,EBARA,JP,0.0004898302004851865,2.621966975103624,5.83608263401457
2015,vw,JP3194000000,OKI ELECTRIC IND.,JP,0.0004759041553282444,2.6944113194015804,6.836983522869709
2015,vw,JP3421100003,JAPAN PETROLEUM EXP.,JP,0.0004757821397456777,68.69270583424553,108.7558627921423
2015,vw,AU000000PPT9,PERPETUAL,AU,0.0004754676106883947,0.37276501664588607,0.08268940149981466
2015,vw,AU000000SGM7,SIMS,AU,0.00047522900243804215,19.390577122757044,60.030125465718015
2015,vw,JP3491000000,DAIDO STEEL,JP,0.0004701938260641243,98.52089520139312,234.05339945793207
2015,vw,JP3156400008,USHIO,JP,0.0004552455614710126,2.236445566156158,1.8028910582083062
2015,vw,NZSKCE0001S2,SKY CITY ENTM.GP.,NZ,0.00045029172881880594,8.272545348912272,3.0866502077437223
2015,vw,JP3535800001,TSUMURA,JP,0.0004500341403667207,35.21090540880162,20.34344931465582
2015,vw,JP3850200001,HOKKAIDO ELEC.POWER,JP,0.000446053720917657,2621.0483741591747,9166.78317639979
2015,vw,JP3320800000,SAPPORO HOLDINGS,JP,0.00044456784226773406,27.00224081290444,72.85578711751108
2015,vw,JP3663900003,SOJITZ,JP,0.0004427674345605282,0.5623675111334003,5.341865948130684
2015,vw,JP3158800007,UBE,JP,0.0004371167573589963,1846.9350746188932,6327.111673521038
2015,vw,JP3293200006,COCA-COLA BOTTLERS JAPAN HOLDINGS,JP,0.0004350343580831919,27.341059387653324,61.67735582107041
2015,vw,AU000000CSR5,CSR DEAD - DEAD.10/07/24,AU,0.0004344947780625082,240.03830659738375,219.61009460572626
2015,vw,JP3665200006,NICHIREI,JP,0.0004166235624025771,9.073777459307186,26.89957241316473
2015,vw,JP3452000007,TAIYO YUDEN,JP,0.000410926790425409,18.298429672837255,22.355363175675677
2015,vw,JP3811000003,FUJIKURA,JP,0.0004055391245907431,5.109702747645581,18.741015611941297
2015,vw,AU000000BWP3,BWP GROUP STAPLED UNITS,AU,0.00039334027779146686,0.0,0.0
2015,vw,AU000000DOW2,DOWNER EDI,AU,0.0003812553122025861,40.398164638894976,156.86620344359181
2015,vw,HK0242001243,SHUN TAK HOLDINGS,HK,0.0003777277061377143,372.4022173814091,328.8820455393804
2015,vw,JP3891600003,MITSUI E&S,JP,0.0003689344498207432,18.899761791130377,93.1929592474185
2015,vw,AU000000CQR9,CHARTER HALL RETAIL REIT,AU,0.0003478691373549559,0.547348899506742,0.0662530398453576
2015,vw,JP3888400003,MITSUI KINZOKU LIMITED,JP,0.00032857440656508036,163.74483114003925,534.411619079056
2015,vw,JP3619800000,TOYOBO,JP,0.00032740034551505005,234.9580149944292,580.0069566945763
2015,vw,JP3827200001,FURUKAWA ELECTRIC,JP,0.00032517966191233667,18.58001807916542,115.06904142485492
2015,vw,AU000000IVC8,INVOCARE DEAD - DELIST.27/11/23,AU,0.00030420653899782197,16.617160109076742,4.866613781608478
2015,vw,AU000000MTS0,METCASH,AU,0.0002794997392567672,1.9086945230719994,19.486617320359716
2015,vw,AU000000BPT9,BEACH ENERGY,AU,0.00027784846170603167,71.91913866304077,50.5845499258334
2015,vw,AU000000CWY3,CLEANAWAY WASTE MANAGEMENT,AU,0.000272967838403365,516.8537664536304,555.5705657978385
2015,vw,JP3375800004,SHINKO ELEC.INDS. DEAD - DELIST.06/06/25,JP,0.0002650530942808739,32.6475600466828,39.54865835319632
2015,vw,AU000000IGO4,IGO,AU,0.0002478380513094125,93.85823193820367,40.67765086867096
2015,vw,AU000000OZL8,OZ MINERALS DEAD - DELIST.03/05/23,AU,0.0002464308049238103,277.4567363553121,198.37156846564338
2015,vw,JP3686800008,NIPPON SHEET GLASS,JP,0.00021520023870152445,584.9099644318137,3905.9054770874545
2015,vw,AU000000SIG5,SIGMA HEALTHCARE,AU,0.00019264904758581417,1.8336209208940704,6.446164672765658
2015,vw,BMG684371393,PACIFIC BASIN SHIP.,HK,0.0001910275960663727,606.7541098428547,1480.4405836597969
2015,vw,AU000000GWA4,GWA GROUP,AU,0.00017417859984261128,31.1403617905397,15.585790342165074
2015,vw,AU000000MND5,MONADELPHOUS GROUP,AU,0.00015892394056438763,5.567992861330001,15.670852385177097
2015,vw,AU000000ERA9,ENERGY RES.OF AUS.,AU,0.00014269857954041137,362.3493314405936,216.31830964505588
2015,vw,AU0000038911,OVATO DEAD - DELIST.29/08/22,AU,2.8833637889198423e-05,36.947432670693445,235.094978371262
2015,vw,AU000000SBM8,ST BARBARA,AU,2.309348259378437e-05,224.72396857113463,974.5215451450041
2015,vw,AU000000MAH3,MACMAHON HOLDINGS,AU,1.551495918769921e-05,119.15257090719422,1385.3329255505068
2015,vw_50,JP3633400001,TOYOTA MOTOR,JP,0.04593677085639331,11.952315201464645,12.182011978411145
2015,vw_50,AU000000BWP3,BWP GROUP STAPLED UNITS,AU,0.03889321272805319,0.0,0.0
2015,vw_50,AU000000WBC1,WESTPAC BANKING,AU,0.03730274145596312,0.3601263694403746,0.12737115578444988
2015,vw_50,JP3496400007,KDDI,JP,0.025349145700233642,0.12179750316680016,0.07596432079213256
2015,vw_50,AU000000CBA7,COMMONWEALTH BK.OF AUS.,AU,0.024316914940862425,0.29998963958074837,0.0855714367135502
2015,vw_50,JP3551500006,DENSO,JP,0.023651220860352044,17.147883764452796,15.660805147251985
2015,vw_50,AU000000BHP4,BHP GROUP,AU,0.019710379153750398,376.92924954224037,278.46452240912976
2015,vw_50,JP3566800003,CENTRAL JAPAN RAILWAY,JP,0.01920670671995784,5.441753414929952,2.172502940637909
2015,vw_50,JP3726800000,JAPAN TOBACCO,JP,0.01733613726521649,16.12761244865499,7.214598694796905
2015,vw_50,JP3902400005,MITSUBISHI ELECTRIC,JP,0.017185747349099056,10.881749820192686,15.783426139879035
2015,vw_50,HK0066009694,MTR,HK,0.017061566968871154,10.193645672537144,2.0652851678601634
2015,vw_50,JP3890350006,SUMITOMO MITSUI FINL.GP.,JP,0.016749545641854123,0.42276688326081124,0.34258028411392116
2015,vw_50,JP3902900004,MITSUBISHI UFJ FINL.GP.,JP,0.016027655553444983,0.2622179472524686,0.1581956244417073
2015,vw_50,JP3385980002,J S R DEAD - DELIST.25/06/24,JP,0.015157386061357903,122.41856758641299,101.94680533368727
2015,vw_50,AU000000WES1,WESFARMERS,AU,0.014987543089118828,52.250085104201155,64.92115166211204
2015,vw_50,HK0823032773,LINK REAL ESTATE INVESTMENT TRUST,HK,0.01308230313003409,0.0,0.0
2015,vw_50,JP3854600008,HONDA MOTOR,JP,0.013057360377849374,13.350087241369025,24.14710415853379
2015,vw_50,JP3762600009,NOMURA HDG.,JP,0.012961194535662104,0.1952499129959871,0.15138714054663582
2015,vw_50,JP3435000009,SONY GROUP,JP,0.012923966556015262,4.1669550387106264,10.755293475845368
2015,vw_50,JP3910660004,TOKIO MARINE HOLDINGS,JP,0.012373191536006587,0.41757191028956037,0.5552323252291129
2015,vw_50,JP3830800003,BRIDGESTONE,JP,0.01236880057359815,59.23703969532757,57.778689563132716
2015,vw_50,JP3951600000,UNI CHARM,JP,0.011871100396825587,4.975922545506993,1.7850955971516882
2015,vw_50,JP3165600002,NTN,JP,0.011867983480722117,17.651333702687435,45.55644445225892
2015,vw_50,JP3160400002,EISAI,JP,0.011665552698330205,7.816687948541821,2.4255585171891476
2015,vw_50,JP3573000001,TOKYO GAS,JP,0.011563778267129798,159.86830633947196,204.55417228686514
2015,vw_50,AU000000CSL8,CSL,AU,0.011398567542129829,11.218682368460072,1.696460324184645
2015,vw_50,JP3358800005,SHIMIZU,JP,0.010940684964909901,16.561617702938467,40.859677413403105
2015,vw_50,BMG988031446,YUE YUEN INDL.HDG.,HK,0.010684418513064634,15.319554300771504,19.841878967769873
2015,vw_50,JP3243600008,CANON MARKETING JAPAN,JP,0.010283931122679982,1.50969055966843,3.015782238499
2015,vw_50,JP3898400001,MITSUBISHI,JP,0.010195630843355966,27.251215420086638,63.022329909656335
2015,vw_50,AU000000NAB4,NATIONAL AUS.BANK,AU,0.010139799961650084,0.6556440422827267,0.3418017692081859
2015,vw_50,JP3667600005,JGC HOLDINGS,JP,0.00952683222974467,17.488766702703273,22.808070115770505
2015,vw_50,HK0016000132,SUN HUNG KAI PROPERTIES,HK,0.009486816637054061,0.6011564293944835,0.1246996366677656
2015,vw_50,JP3546800008,TERUMO,JP,0.008458982497532132,18.631862512120463,8.115162032773842
2015,vw_50,BMG8063F1068,SHANGRI-LA ASIA,HK,0.00806455893954923,71.87319208004416,32.107447105501365
2015,vw_50,JP3769000005,HACHIJUNI NAGANO BANK,JP,0.00800993815384739,1.876408316441495,0.7590053879278321
2015,vw_50,JP3942400007,ASTELLAS PHARMA,JP,0.007847713983566904,9.86200018425769,2.8852231566489746
2015,vw_50,JP3814800003,SUBARU,JP,0.007816830639749528,7.943844242879426,6.567281802062126
2015,vw_50,AU000000TLS2,TELSTRA GROUP,AU,0.007788564835657646,2.6168560087599233,0.8330441875612532
2015,vw_50,JP3788600009,HITACHI,JP,0.007466312731996677,9.832573607192277,22.40668239191611
2015,vw_50,HK0388045442,HONG KONG EXCHANGES AND CLEARING,HK,0.007328281721159538,0.04410023644511386,0.0019267665670429542
2015,vw_50,JP3672400003,NISSAN MOTOR,JP,0.0069029509691545515,8.945348038343534,22.03631325716037
2015,vw_50,AU000000WOW2,WOOLWORTHS GROUP,AU,0.00689071707474401,10.920430205552398,16.542501263579148
2015,vw_50,JP3304200003,KOMATSU,JP,0.006752589281855199,6.147931660552825,5.383672639857448
2015,vw_50,JP3371200001,SHIN-ETSU CHEMICAL,JP,0.006652227517274976,134.30238220120114,48.46093638403318
2015,vw_50,HK2388011192,BOC HONG KONG HOLDINGS,HK,0.0066435603038072,0.02370480139905738,0.007480068955549958
2015,vw_50,AU000000ANZ3,ANZ GROUP HOLDINGS,AU,0.006530104697952533,0.7462289176269907,0.3143518640394935
2015,vw_50,JP3351600006,SHISEIDO,JP,0.0063639168637702965,7.387392239306639,7.834047240239872
2015,vw_50,SGXE21576413,GENTING SINGAPORE,SG,0.006333056616489295,1.5060120093835405,0.3362244419359361
2015,vw_50,JP3830000000,BROTHER INDUSTRIES,JP,0.006325421401903085,5.020515799959035,6.208488955738453
2015,vw_50,HK0011000095,HANG SENG BANK DEAD - DELIST.28/01/26,HK,0.0063013696143207724,0.0,0.0
2015,vw_50,JP3684000007,NITTO DENKO,JP,0.006141820274646917,63.70823411513216,39.803434016785104
2015,vw_50,JP3420600003,SEKISUI HOUSE,JP,0.006037834954922586,4.904431030825575,8.897519482787192
2015,vw_50,AU000000NCM7,NEWCREST MINING DEAD - DELIST.08/11/23,AU,0.005802832929936058,488.9597713954645,185.04247823912317
2015,vw_50,JP3246400000,KYUSHU ELEC.POWER,JP,0.005733807471477824,69.43080374613271,250.24569577403267
2015,vw_50,JP3258000003,KIRIN HOLDINGS,JP,0.005610026821389022,20.88022818084243,29.97578937523095
2015,vw_50,AU000000SHL7,SONIC HEALTHCARE,AU,0.005595696438582376,2.6425940713976486,1.3998217858403808
2015,vw_50,JP3119600009,AJINOMOTO,JP,0.005568104980413326,139.66832158244264,99.29023503525019
2015,vw_50,JP3973400009,RICOH,JP,0.005484048861735809,9.460616290679473,25.450731040611494
2015,vw_50,HK0293001514,CATHAY PACIFIC AIRWAYS,HK,0.005344799877444167,1270.478684378346,1903.8369840805278
2015,vw_50,JP3814000000,FUJIFILM HOLDINGS,JP,0.005322887315969405,35.160859219815734,43.23763797743535
2015,vw_50,JP3463000004,TAKEDA PHARMACEUTICAL,JP,0.005200515175314561,11.557895089141251,4.336303156450887
2015,vw_50,JP3134800006,IHI,JP,0.00513556439778702,6.338073021723915,9.510811436291648
2015,vw_50,JP3197600004,ONO PHARM.,JP,0.005018751880873534,18.294235376835957,1.7204648902272044
2015,vw_50,JP3868400007,MAZDA MOTOR,JP,0.004982931803424403,5.9913066737304375,12.16912906230594
2015,vw_50,JP3414750004,SEIKO EPSON,JP,0.00492828089259436,12.74259832801774,15.693292480102981
2015,vw_50,JP3486800000,DAITO TST.CONSTRUCTION,JP,0.004738938277036313,3.4529899158855097,4.495083323997631
2015,vw_50,IE00BKVD2N49,SEAGATE TECHNOLOGY HOLDINGS,SG,0.004688263856604544,21.312870031012125,15.933613413054005
2015,vw_50,AU000000QBE9,QBE INSURANCE GROUP,AU,0.00456553513306972,0.8581669429525912,1.1075304928153424
2015,vw_50,JP3200450009,ORIX,JP,0.004215812880246206,14.203561166518288,15.558378994666862
2015,vw_50,JP3405400007,SUMITOMO HEAVY INDS.,JP,0.004190100861014528,2.8154457492114973,4.5541540802914655
2015,vw_50,JP3621000003,TORAY INDS.,JP,0.004157056753405926,188.19347925227166,224.00070141102404
2015,vw_50,JP3940000007,YAMATO HDG.,JP,0.00399210884160489,38.44491816940409,45.26434177938278
2015,vw_50,JP3738600000,NITERRA,JP,0.003987562393761625,24.736436507128815,11.337473183632829
2015,vw_50,JP3629000005,TOPPAN HOLDINGS,JP,0.003962388751215642,20.53038198113465,56.10199518149627
2015,vw_50,AU000000MQG1,MACQUARIE GROUP,AU,0.003938404003160137,0.0,0.0
2015,vw_50,JP3256000005,KYOWA KIRIN,JP,0.003818786875866408,22.75460641346104,9.734895385906924
2015,vw_50,JP3358200008,SHIMAMURA,JP,0.0037803365594125133,0.3349612726874232,0.44792351506288747
2015,vw_50,JP3481800005,DAIKIN INDUSTRIES,JP,0.00370558396430554,58.39720229336156,45.62192482513652
2015,vw_50,SG1R89002252,CITY DEVELOPMENTS,SG,0.0037009798030015794,22.3611453691666,9.146367431935701
2015,vw_50,JP3582600007,TOKYO TATEMONO,JP,0.0036682041991647155,1.6042018910092473,1.1059351512092648
2015,vw_50,JP3300600008,KONICA MINOLTA,JP,0.0036461178002317653,20.207403341892526,33.20889884192622
2015,vw_50,JP3519400000,CHUGAI PHARM.,JP,0.003604752811357317,13.76806803039396,3.2088043127809285
2015,vw_50,JP3866800000,PANASONIC HOLDINGS,JP,0.0035181217907790216,7.087423153483487,16.67295154166269
2015,vw_50,AU000000ORG5,ORIGIN ENERGY (EX BORAL),AU,0.003482555546132355,1520.4375639207483,1769.8392938217776
2015,vw_50,JP3734800000,NIDEC,JP,0.0034530097591825184,2.0733482460949513,0.8676254212349899
2015,vw_50,JP3982100004,LAWSON DEAD - DELIST.24/07/24,JP,0.003413739603555637,1.4974399913197576,0.9237651455838726
2015,vw_50,AU000000BLD2,BORAL DEAD - DELIST.08/07/24,AU,0.003381890563212976,553.5196721364824,544.9043723406423
2015,vw_50,JP3260800002,KINTETSU GROUP HDG.,JP,0.0031881803068699445,3.439972835742871,5.399900594515589
2015,vw_50,JP3495000006,SUMITOMO PHARMA,JP,0.003186413803395559,25.257497658275717,19.698317928698547
2015,vw_50,JP3783600004,EAST JAPAN RAILWAY,JP,0.003107421486668969,46.27406379856592,34.33609569342699
2015,vw_50,AU000000CIM7,CIMIC GROUP DEAD - DELIST.11/05/22,AU,0.0030713449284664883,5.8795248804340146,14.162821587087851
2015,vw_50,JP3205800000,KAO,JP,0.0029991495960168713,55.798030204050974,30.13858326066034
2015,vw_50,HK0004000045,WHARF HOLDINGS,HK,0.0029624770406897196,5.169995889212864,1.0358009127919172
2015,vw_50,HK0006000050,POWER ASSETS HOLDINGS,HK,0.0029479346236779605,32598.88814506505,398.1548013425282
2015,vw_50,JP3242800005,CANON,JP,0.002795103291420664,5.347416598214508,4.025202569703491
2015,vw_50,AU000000WOR2,WORLEY,AU,0.0027897165670138003,5.468453845546619,21.428024920756368
2015,vw_50,JP3787000003,HITACHI CON.MCH.,JP,0.002762344128880062,5.965680518793765,10.581197163034735
2015,vw_50,JP3385820000,GS YUASA,JP,0.0026846240006354275,6.874026657703635,11.57556270096463
2015,vw_50,JP3126400005,ALPS ALPINE,JP,0.0026806567878116545,1.4543596490047077,2.341363223515812
2015,vw_50,AU000000CWY3,CLEANAWAY WASTE MANAGEMENT,AU,0.0026399613755804237,516.8537664536304,555.5705657978385
2015,vw_50,JP3397200001,SUZUKI MOTOR,JP,0.0025812241886299003,24.57907648762812,35.36703119035322
2015,vw_50,JP3194000000,OKI ELECTRIC IND.,JP,0.0024922806144721385,2.6944113194015804,6.836983522869709
2015,vw_50,HK0000608585,NEW WORLD DEVELOPMENT COMPANY,HK,0.0024171232675209656,53.550432696484854,36.456550309625094
2015,vw_50,AU000000CSR5,CSR DEAD - DEAD.10/07/24,AU,0.002389299105814826,240.03830659738375,219.61009460572626
2015,vw_50,AU000000PPT9,PERPETUAL,AU,0.002202907879062197,0.37276501664588607,0.08268940149981466
2015,vw_50,JP3421100003,JAPAN PETROLEUM EXP.,JP,0.002200439231670823,68.69270583424553,108.7558627921423
2015,vw_50,AU0000224040,WOODSIDE ENERGY GROUP,AU,0.0021726528783163625,1541.7130450656605,446.79734018058247
2015,vw_50,AU000000TAH8,TABCORP HOLDINGS,AU,0.0021542612240223794,1.193461359188228,0.7103251478190601
2015,vw_50,JP3357200009,SHIMADZU,JP,0.0020682237580254537,1.5066475171767235,1.308194201429202
2015,vw_50,BMG668971101,CTF SERVICES,HK,0.0020177640724768557,126.92062812338646,54.11412071228698
2015,vw_50,JP3596200000,TOTO,JP,0.0020056427979514794,36.44212351450396,40.75436083577423
2015,vw_50,JP3407400005,SUMITOMO ELECTRIC IND.,JP,0.001978817173004737,8.258393620366034,18.654131665775353
2015,vw_50,JP3753000003,NIPPON YUSEN KK,JP,0.0019733646801817595,1007.5987240556141,4027.969949453419
2015,vw_50,JP3228600007,KANSAI ELECTRIC PWR.,JP,0.00194508177359309,1576.5291064832456,5366.339865060795
2015,vw_50,JP3164800009,NOK,JP,0.0019281214731527133,7.80019433698872,8.91173249441932
2015,vw_50,JP3116000005,ASAHI GROUP HOLDINGS,JP,0.0019196628026474016,23.704105533425125,22.606087974431034
2015,vw_50,JP3657400002,NIKON,JP,0.0018267017757298493,3.3547885601615306,4.873092652297669
2015,vw_50,AU000000TCL6,TRANSURBAN GROUP STAPLED UNITS,AU,0.0018265137884432494,1.6121381396721985,0.14022513925135355
2015,vw_50,AU0000088338,AMPOL,AU,0.001764931608997636,49.542162351562375,132.56335156020518
2015,vw_50,SG1T75931496,SINGAPORE TELECOM,SG,0.0017424596746321583,0.6864032967693767,0.177772529340388
2015,vw_50,JP3735400008,NTT,JP,0.0017381361676016634,2.3277404361186766,3.2621676629623266
2015,vw_50,JP3027670003,NIPPON BUILDING FUND,JP,0.001671659763420273,22.811963958279932,1.9777073466044657
2015,vw_50,JP3539220008,T & D HOLDINGS,JP,0.001657022844359374,0.12190591995930265,0.3100754806301449
2015,vw_50,JP3837800006,HOYA,JP,0.0016154592774259983,6.718823825390105,1.615508503934313
2015,vw_50,AU000000SGP0,STOCKLAND STAPLED UNITS,AU,0.0015770606837952309,16.457602438642294,3.248254435974633
2015,vw_50,JP3266400005,KUBOTA,JP,0.0015368822548992888,27.156409698204758,19.55003678422899
2015,vw_50,JP3419400001,SEKISUI CHEMICAL,JP,0.0015267856973283657,16.260592932001302,26.2107277495216
2015,vw_50,JP3743000006,NH FOODS,JP,0.0014885745614843394,32.622474546363364,67.03021811067659
2015,vw_50,JP3942800008,YAMAHA MOTOR,JP,0.0014855825620839968,11.485455597575536,19.607662516597426
2015,vw_50,JP3224200000,KAWASAKI HEAVY INDUSTRY,JP,0.0014495045246696288,10.964160492159657,17.100016916650308
2015,vw_50,AU000000BSL0,BLUESCOPE STEEL,AU,0.0014172017950291628,1205.354614247168,3515.7850194246
2015,vw_50,JP3443600006,TAISEI,JP,0.0013490980733119797,8.961905613354627,18.752362948960304
2015,vw_50,JP3269600007,KURARAY,JP,0.0013466930016227618,250.74823658577097,241.1114559802013
2015,vw_50,SG1U68934629,KEPPEL,SG,0.0013424771487412078,69.90739148721177,58.57843743206551
2015,vw_50,AU000000SUN6,SUNCORP GROUP,AU,0.001337981262140627,0.45708986019498593,0.39880640728323064
2015,vw_50,JP3891600003,MITSUI E&S,JP,0.0013343175690919702,18.899761791130377,93.1929592474185
2015,vw_50,AU000000MGR9,MIRVAC GROUP STAPLED UNITS,AU,0.0013164328582015701,6.647640683803526,1.7457846034077038
2015,vw_50,HK0200030994,MELCO INTL.DEV.,HK,0.0013069735457196983,4.3870099923136054,0.03696950461187688
2015,vw_50,AU000000MAH3,MACMAHON HOLDINGS,AU,0.0012803945471932766,119.15257090719422,1385.3329255505068
2015,vw_50,JP3845400005,HOKURIKU ELEC.POWER,JP,0.0012794265572536414,4118.868956805252,6197.37916449156
2015,vw_50,NZAIAE0002S6,AUCKLAND INTL.AIRPORT,NZ,0.0012685133450753066,6.745230298633307,0.6194817757105517
2015,vw_50,AU000000ASX7,ASX,AU,0.0012475041701028675,0.04458116000178324,0.004959112968593425
2015,vw_50,AU000000QAN2,QANTAS AIRWAYS,AU,0.0012053268593808202,964.6904093749979,2715.86660140256
2015,vw_50,JP3688370000,NIPPON EXPRESS HOLDINGS,JP,0.0011961120394151526,46.54566339657802,120.52585575279252
2015,vw_50,JP3528600004,CHIYODA CORPORATION,JP,0.001169847486725946,0.8251627265769708,1.6241333457637597
2015,vw_50,HK0012000102,HENDERSON LD.DEV.,HK,0.0011492398260251908,0.2806545421250525,0.03869285828626312
2015,vw_50,JP3112000009,AGC,JP,0.001144472438185504,428.75388813680604,779.4256913252924
2015,vw_50,JP3818000006,FUJITSU,JP,0.0011339110507395773,4.8382178539964364,16.26977769041834
2015,vw_50,HK0242001243,SHUN TAK HOLDINGS,HK,0.001115203066292095,372.4022173814091,328.8820455393804
2015,vw_50,JP3429800000,ANA HOLDINGS,JP,0.0011147145840563362,713.3827928632372,1061.5333745094738
2015,vw_50,AU000000GPT8,GPT GROUP STAPLED UNITS,AU,0.0010853847235124325,26.265842764019762,2.1047955124678266
2015,vw_50,NZFBUE0001S0,FLETCHER BUILDING,NZ,0.0010827973432329838,137.3445123545715,199.78896096248877
2015,vw_50,SG1J26887955,SINGAPORE EXCHANGE,SG,0.0010353568371248875,0.08949208909178039,0.007432020982273431
2015,vw_50,HK0019000162,SWIRE PACIFIC 'A',HK,0.0009867259030248135,2243.7011000585717,1453.4181133256486
2015,vw_50,JP3665200006,NICHIREI,JP,0.0009243628475704943,9.073777459307186,26.89957241316473
2015,vw_50,JP3877600001,MARUBENI,JP,0.0009121833047866293,0.002018878095385021,0.013859629670695199
2015,vw_50,JP3229400001,KANSAI PAINT,JP,0.0009054752844741375,16.47731571055056,10.081880936579262
2015,vw_50,SG1R50925390,SEMBCORP INDUSTRIES,SG,0.0009021372196668917,855.8868830125432,1199.176218076278
2015,vw_50,AU000000GWA4,GWA GROUP,AU,0.0008836202977916236,31.1403617905397,15.585790342165074
2015,vw_50,JP3362700001,MITSUI OSK LINES,JP,0.0008775423709231682,1225.5596084544645,4479.880682643947
2015,vw_50,JP3197800000,OMRON,JP,0.0008324277980084147,8.797717391518088,7.226660974807755
2015,vw_50,JP3359600008,SHARP,JP,0.0008224026245452056,7.830089838187298,56.74610130516033
2015,vw_50,JP3452000007,TAIYO YUDEN,JP,0.0008210521264830236,18.298429672837255,22.355363175675677
2015,vw_50,AU000000AMP6,AMP,AU,0.0007910870238814649,0.010862579493541663,0.010948140582891947
2015,vw_50,JP3502200003,DAIWA SECURITIES GROUP,JP,0.0007838994415760172,0.15361778195148193,0.0659971647427421
2015,vw_50,AU000000ERA9,ENERGY RES.OF AUS.,AU,0.0007570936466741977,362.3493314405936,216.31830964505588
2015,vw_50,JP3270000007,KURITA WATER IND.,JP,0.0007168401376281012,7.633748703206792,4.424433418264718
2015,vw_50,JP3720800006,NSK,JP,0.0007052776626168145,16.053909399669326,19.960818223995833
2015,vw_50,JP3401400001,SUMITOMO CHEMICAL,JP,0.0006730586806163652,119.37128144549034,334.4039454934093
2015,vw_50,JP3870000001,MABUCHI MOTOR,JP,0.0006061460113861117,25.69610769132137,8.633172161925827
2015,vw_50,JP3967200001,RAKUTEN GROUP,JP,0.0005874460817063171,0.03408695543150168,0.009162017644782257
2015,vw_50,JP3786200000,HITACHI METALS DEAD - DELIST.29/12/22,JP,0.0005838350150192734,42.80170563559914,49.577871647762116
2015,vw_50,JP3778630008,BANDAI NAMCO HDG.,JP,0.0005732793023025726,0.0,0.0
2015,vw_50,JP3027680002,JAPAN REAL ESTATE INV.,JP,0.0005320552355341003,13.278871403818808,1.0115604561062648
2015,vw_50,AU000000COH5,COCHLEAR,AU,0.0005176245961257614,0.009081273055660396,0.0016898573577411881
2015,vw_50,JP3820000002,FUJI ELECTRIC,JP,0.0005152103944193126,30.789141789320073,66.18490363687978
2015,vw_50,AU000000IAG3,INSURANCE AUS.GROUP,AU,0.0004838835702748366,0.9844561799050947,0.8975414139156175
2015,vw_50,BMG2442N1048,COSCO SHIPPING PORTS,HK,0.0004759386965637037,69.71261284136776,14.335499113998818
2015,vw_50,JP3686800008,NIPPON SHEET GLASS,JP,0.00045273056697040464,584.9099644318137,3905.9054770874545
2015,vw_50,JP3893600001,MITSUI,JP,0.0004251144018617018,8.089883663680784,16.489490526272395
2015,vw_50,JP3634600005,TOYOTA INDS.,JP,0.0004108149010020386,10.727587818214449,11.170524946713845
2015,vw_50,JP3456000003,TAKASHIMAYA,JP,0.0003921664645349541,1.9998204085371296,4.88768849593138
2015,vw_50,JP3850200001,HOKKAIDO ELEC.POWER,JP,0.00037307552186192266,2621.0483741591747,9166.78317639979
2015,vw_50,JP3347200002,SHIONOGI,JP,0.00036984616323012794,18.49166719139367,4.033304203286961
2015,vw_50,AU000000IGO4,IGO,AU,0.00036892502386778035,93.85823193820367,40.67765086867096
2015,vw_50,JP3190000004,OBAYASHI,JP,0.00035752721867806357,10.692467669363158,34.93532037550541
2015,vw_50,JP3571400005,TOKYO ELECTRON,JP,0.00034078237756842886,3.604869529858323,1.5971506831812048
2015,vw_50,JP3711600001,NIPPON SANSO HOLDINGS,JP,0.0003083660691282996,22.639766921463718,20.02762300455912
2015,vw_50,JP3762800005,NOMURA RESEARCH INST.,JP,0.00028122067418388916,0.28792870424596945,0.13045208168909356
2015,vw_50,JP3148800000,IBIDEN,JP,0.0002802227557535512,46.2810386211535,54.26909593813323
2015,vw_50,JP3180400008,OSAKA GAS,JP,0.00026561603368828614,299.4948501292371,468.53878148651893
2015,vw_50,AU000000OZL8,OZ MINERALS DEAD - DELIST.03/05/23,AU,0.000220602776603899,277.4567363553121,198.37156846564338
2015,vw_50,AU000000BEN6,BENDIGO & ADELAIDE BANK,AU,0.00021531464050103758,1.4493689810282357,0.7854110988838233
2015,vw_50,JP3493400000,DIC,JP,0.00019870234422505578,46.965466327896834,140.2200731327735
2015,vw_50,JP3118000003,ASICS,JP,0.0001968736572655436,1.4069221863232955,1.1609316968787662
2015,vw_50,AU000000STO6,SANTOS,AU,0.00019602885176452125,1378.0182956479648,707.9075716817443
2015,vw_50,JP3811000003,FUJIKURA,JP,0.0001549939448222464,5.109702747645581,18.741015611941297
2015,vw_50,JP3402600005,SUMITOMO METAL MINING,JP,0.00012874908215855876,303.6391609550794,275.5094560048055
2015,vw_50,JP3914400001,MURATA MANUFACTURING,JP,9.456383355150086e-05,14.689548061989411,4.879998754042871
2015,vw_50,JP3605400005,TOHOKU ELECTRIC PWR.,JP,9.121392163096543e-05,2199.300831862956,6399.597896399559
2015,vw_50,JP3982800009,ROHM,JP,9.102453138142626e-05,17.41096500058279,7.20129946613417
2015,vw_50,BMG524401079,KERRY PROPERTIES,HK,8.567937581312727e-05,3.895159047481074,1.4401695283039155
2015,vw_50,JP3678000005,NISSHINBO HOLDINGS,JP,8.49674011598539e-05,64.20596957216294,141.72410523111017
2015,vw_50,AU000000SBM8,ST BARBARA,AU,8.440220935092293e-05,224.72396857113463,974.5215451450041
2015,vw_50,JP3350800003,SHIKOKU ELECTRIC POWER,JP,8.024522481084015e-05,1659.1999716678765,3276.8654002182243
2015,vw_50,SGXE34184239,SEATRIUM,SG,6.933163773472547e-05,13.945570823314398,12.719810816351114
2015,vw_50,JP3888400003,MITSUI KINZOKU LIMITED,JP,5.912035025006306e-05,163.74483114003925,534.411619079056
2015,vw_50,SG9999000020,FLEX,SG,5.1414196938292835e-05,1.4416181216907014,5.690254125582433
2015,vw_50,JP3634200004,TOYODA GOSEI,JP,5.006789481832009e-05,18.32295948443856,38.39495141293421
2015,vw_50,JP3505000004,DAIWA HOUSE INDUSTRY,JP,4.771767207905012e-05,11.555856963795586,22.45023871814053
2015,vw_50,JP3659000008,WEST JAPAN RAILWAY,JP,4.659245642693635e-05,8.738246948626012,9.477927328939998
2015,vw_50,JP3900000005,MITSUBISHI HEAVY INDS.,JP,4.5950852490034306e-05,4.702591124599475,7.988085495760557
2015,vw_50,NZAIRE0001S2,AIR NEW ZEALAND,NZ,4.567615666796631e-05,889.3693415271681,1427.5950002090215
2015,vw_50,JP3894900004,ISETAN MITSUKOSHI HDG.,JP,2.286956178557951e-05,2.476613854615628,4.855150737948147
2015,vw_50,AU000000ORI1,ORICA,AU,1.963677722516957e-05,338.70717353567954,333.28210663916474
2015,vw_50,BMG684371393,PACIFIC BASIN SHIP.,HK,1.7798288816676244e-05,606.7541098428547,1480.4405836597969
2015,vw_50,AU000000BPT9,BEACH ENERGY,AU,1.6589706393353127e-05,71.91913866304077,50.5845499258334
2015,vw_50,JP3388200002,AEON,JP,1.514468236376646e-05,4.392628654110527,27.73383215220459
2015,vw_50,AU000000CGF5,CHALLENGER,AU,1.2691078442767573e-05,0.0,0.0
2015,vw_50,AU000000APA1,APA GROUP,AU,1.1145930913627667e-05,322.7320048411364,48.34875050632807
2015,vw_50,SG1F60858221,SINGAPORE TECHS.ENGR.,SG,9.828868427190002e-06,5.923283527989752,3.660491138988324
2015,vw_50,JP3111200006,ASAHI KASEI,JP,9.53077250012806e-06,290.7275042936948,343.120688340426
2015,vw_50,JP3294460005,INPEX,JP,6.6332921652082015e-06,51.05214227311107,34.15055417859658
2015,vw_50,JP3977400005,RINNAI,JP,5.76771991955036e-06,11.655944995909364,8.392356796808206
2015,vw_50,NZSKCE0001S2,SKY CITY ENTM.GP.,NZ,5.613433023217332e-06,8.272545348912272,3.0866502077437223
2015,vw_50,HK0002007356,CLP HOLDINGS,HK,5.113335617281187e-06,3213.992485417491,1700.9586210515922
2015,vw_50,JP3890310000,MS&AD INSURANCE GP.HDG.,JP,4.501400578796796e-06,0.5748516329770794,1.4900311257861676
2015,vw_50,JP3585800000,TOKYO ELECTRIC POWER CO. HDG.,JP,3.590633229579697e-06,1685.4798628865108,14717.901439218125
2015,vw_50,JP3210200006,KAJIMA,JP,3.064527498720593e-06,14.457149964229183,48.550158977971556
2015,vw_50,AU000000SGM7,SIMS,AU,2.7867394467277297e-06,19.390577122757044,60.030125465718015
2015,vw_50,JP3551200003,ELEC.POWER DEV.,JP,2.2883804770090795e-06,8674.102008337657,8179.98693379791
2016,vw,JP3633400001,TOYOTA MOTOR,JP,0.056036255340332596,10.487988763547921,12.281646263432435
2016,vw,AU000000CBA7,COMMONWEALTH BK.OF AUS.,AU,0.025953902298614273,0.3110532211271961,0.0965151872711984
2016,vw,JP3735400008,NTT,JP,0.02559011994342443,2.076606432957789,2.127748278522034
2016,vw,JP3726800000,JAPAN TOBACCO,JP,0.02190823389014751,21.458057957146977,5.071600400277954
2016,vw,JP3496400007,KDDI,JP,0.019821984177720145,0.14636854410709532,0.07451533657813415
2016,vw,AU000000WBC1,WESTPAC BANKING,AU,0.019690822089969733,0.3987546871724223,0.15583453802611177
2016,vw,JP3902900004,MITSUBISHI UFJ FINL.GP.,JP,0.018835884633791083,0.24906919062634778,0.16645871555325145
2016,vw,AU000000NAB4,NATIONAL AUS.BANK,AU,0.014343013068691365,0.6078786002944272,0.35405116196342407
2016,vw,JP3854600008,HONDA MOTOR,JP,0.014109641013497895,10.913508933802579,25.66147847726746
2016,vw,AU000000ANZ3,ANZ GROUP HOLDINGS,AU,0.01386864881551804,0.7501952205297624,0.4209468174491444
2016,vw,AU000000TLS2,TELSTRA GROUP,AU,0.013361626017852901,2.6618656203714215,1.0472679252167794
2016,vw,KYG217651051,CK HUTCHISON HOLDINGS,HK,0.013298052965901636,210.9938647899574,93.8841375663751
2016,vw,JP3672400003,NISSAN MOTOR,JP,0.012271000336856191,9.113134283276064,20.875059125616595
2016,vw,JP3890350006,SUMITOMO MITSUI FINL.GP.,JP,0.011872420158786196,0.4126788098762171,0.39011596343329247
2016,vw,JP3463000004,TAKEDA PHARMACEUTICAL,JP,0.010806694683216595,10.573479939120398,4.117743946916398
2016,vw,SG1T75931496,SINGAPORE TELECOM,SG,0.010802037468637322,0.6010432244927562,0.18532719345851043
2016,vw,JP3566800003,CENTRAL JAPAN RAILWAY,JP,0.010700369230605265,5.069632443314217,1.8856037767868743
2016,vw,JP3551500006,DENSO,JP,0.010407553428256633,16.232596394745663,16.19972078055035
2016,vw,JP3783600004,EAST JAPAN RAILWAY,JP,0.010378852825175814,44.880167834891786,28.228178486239962
2016,vw,JP3242800005,CANON,JP,0.010336874323674323,5.213917145395157,4.405676584423484
2016,vw,AU000000CSL8,CSL,AU,0.009691619316660089,9.889916795626243,1.5794521497266907
2016,vw,AU000000WES1,WESFARMERS,AU,0.00939420157824351,55.67027218595224,73.81658919956149
2016,vw,AU000000BHP4,BHP GROUP,AU,0.009335249809839156,382.77671445266975,334.5637185484198
2016,vw,JP3802300008,FAST RETAILING,JP,0.009079050493393326,0.8010294282322592,0.3493017466000617
2016,vw,JP3942400007,ASTELLAS PHARMA,JP,0.008877836712164161,8.708666546660947,3.0665879212550036
2016,vw,HK0011000095,HANG SENG BANK DEAD - DELIST.28/01/26,HK,0.008696785767941405,0.010995850077243826,0.0017288864509329947
2016,vw,JP3814800003,SUBARU,JP,0.008631377469414094,6.9496122636648705,5.988083393827919
2016,vw,HK0016000132,SUN HUNG KAI PROPERTIES,HK,0.008546900848404641,6.959279122778249,2.0106360789120092
2016,vw,JP3830800003,BRIDGESTONE,JP,0.00814433508966799,57.99778510646702,62.03644471443043
2016,vw,JP3914400001,MURATA MANUFACTURING,JP,0.008063841285399624,12.0718596244583,4.181616516973936
2016,vw,JP3435000009,SONY GROUP,JP,0.007812288127830805,4.388864820461668,10.612877535937313
2016,vw,HK0688002218,CHINA OVERSEAS LAND INVESTMENT,HK,0.007749870396766268,0.10594916219004591,0.06797587391438321
2016,vw,JP3910660004,TOKIO MARINE HOLDINGS,JP,0.007695589662569021,0.41088805537102596,0.5370835079734669
2016,vw,JP3205800000,KAO,JP,0.007462328164398203,53.027572049681524,24.037909524123467
2016,vw,HK2388011192,BOC HONG KONG HOLDINGS,HK,0.007398003324692896,0.023659578131785045,0.010348838034707089
2016,vw,HK0066009694,MTR,HK,0.007359507369404985,10.069466561290337,2.0245232190921927
2016,vw,HK0388045442,HONG KONG EXCHANGES AND CLEARING,HK,0.007225672565631927,0.024159303906877327,0.0014535556457440082
2016,vw,JP3898400001,MITSUBISHI,JP,0.006920007273325405,28.64620239536721,68.89836113764973
2016,vw,JP3788600009,HITACHI,JP,0.006581064317200214,9.204985156961435,32.338579042836855
2016,vw,JP3866800000,PANASONIC HOLDINGS,JP,0.0063512798373918464,6.744428674506297,18.7125748502994
2016,vw,AU000000WOW2,WOOLWORTHS GROUP,AU,0.005979509737315297,30.563728487204106,60.15983085977151
2016,vw,JP3371200001,SHIN-ETSU CHEMICAL,JP,0.005972790634263538,147.1405411077235,73.71652041364547
2016,vw,HK0002007356,CLP HOLDINGS,HK,0.005916613847127785,3691.5513617910487,1786.6018641014716
2016,vw,JP3762600009,NOMURA HDG.,JP,0.005875014003428881,0.19148129972029845,0.14014833423895787
2016,vw,JP3902400005,MITSUBISHI ELECTRIC,JP,0.005806142506166952,10.04072654371625,17.613285558486343
2016,vw,JP3734800000,NIDEC,JP,0.005729341306455211,1.7849560662964299,0.8377635197066912
2016,vw,JP3197600004,ONO PHARM.,JP,0.005728672436468158,18.51692250454603,1.0469648152275965
2016,vw,JP3814000000,FUJIFILM HOLDINGS,JP,0.005613607451216077,35.51208238908525,36.62462389717123
2016,vw,HK0003000038,HONG KONG AND CHINA GAS,HK,0.005570725146054395,219.53804352117965,41.37906397977288
2016,vw,JP3893600001,MITSUI,JP,0.005537104755465499,6.952761542630747,14.176268925818182
2016,vw,JP3505000004,DAIWA HOUSE INDUSTRY,JP,0.005478893719112924,11.09528737536854,14.321841388255082
2016,vw,JP3481800005,DAIKIN INDUSTRIES,JP,0.005442058883090381,55.395064923916166,47.58644157321632
2016,vw,JP3200450009,ORIX,JP,0.0053788534332394385,11.827146687568751,12.115562881919253
2016,vw,HK0006000050,POWER ASSETS HOLDINGS,HK,0.005369229444417462,53359.06002298727,461.235142411498
2016,vw,JP3143600009,ITOCHU,JP,0.005318259893048683,1.7216803427430516,3.895811646482196
2016,vw,JP3160400002,EISAI,JP,0.0052989538729678355,6.30493036298039,1.549042762718654
2016,vw,JP3266400005,KUBOTA,JP,0.005028741453900689,22.67874528428822,17.203284563212453
2016,vw,HK0012000102,HENDERSON LD.DEV.,HK,0.004839954282017764,0.27874830807025774,0.04831204785976486
2016,vw,JP3890310000,MS&AD INSURANCE GP.HDG.,JP,0.00477420049279466,0.644757259848158,1.4479027120531969
2016,vw,JP3381000003,NIPPON STEEL,JP,0.00472880577929318,2080.53576273832,5201.934418219162
2016,vw,AU000000MQG1,MACQUARIE GROUP,AU,0.004677200525044145,0.0,0.0
2016,vw,JP3519400000,CHUGAI PHARM.,JP,0.004669538923374265,10.810511103048682,2.6543408274483133
2016,vw,JP3397200001,SUZUKI MOTOR,JP,0.004586762116588107,20.489178770617983,33.14231309241885
2016,vw,KYG2108Y1052,CHINA RESOURCES LAND,HK,0.00454477255938435,39.52200578206175,31.903439602315366
2016,vw,JP3347200002,SHIONOGI,JP,0.004517039330251747,17.207211328923574,2.6235342204904413
2016,vw,JP3837800006,HOYA,JP,0.004420542396954304,5.4888357701121535,1.45969884410809
2016,vw,JP3634600005,TOYOTA INDS.,JP,0.004411064896187342,10.19249955800535,12.097670216085547
2016,vw,JP3116000005,ASAHI GROUP HOLDINGS,JP,0.004348058448977176,23.755151932646452,23.323582172284073
2016,vw,AU0000224040,WOODSIDE ENERGY GROUP,AU,0.004333793829129323,2121.8560643441697,643.1183971785445
2016,vw,AU000000TCL6,TRANSURBAN GROUP STAPLED UNITS,AU,0.004296298414896427,1.4681598288212856,0.12995209142451294
2016,vw,JP3119600009,AJINOMOTO,JP,0.004272492723993585,127.7267426891687,80.9709627210659
2016,vw,JP3551520004,DENTSU GROUP,JP,0.004229157135039023,0.6600289289275232,0.33788045044627013
2016,vw,JP3967200001,RAKUTEN GROUP,JP,0.004149511855919523,0.0505588267116438,0.01998253526417911
2016,vw,JP3475350009,DAIICHI SANKYO,JP,0.004104913152981146,17.064643587881232,8.023633578534517
2016,vw,JP3304200003,KOMATSU,JP,0.004047929299580024,5.709159327546542,6.199822745155877
2016,vw,HK0004000045,WHARF HOLDINGS,HK,0.003855645761855684,5.6613949198375595,2.129622527489464
2016,vw,JP3621000003,TORAY INDS.,JP,0.0038435176564706073,193.18386731811924,243.06037461500458
2016,vw,JP3165700000,NTT DATA GROUP DEAD - DELIST.26/09/25,JP,0.0038359472643444167,0.4592914131034713,0.43757952880041384
2016,vw,JP3201200007,OLYMPUS,JP,0.0038001267890047192,2.0207446631796753,0.9865430408858231
2016,vw,JP3900000005,MITSUBISHI HEAVY INDS.,JP,0.003599380111196263,4.390393053422546,11.61048660378677
2016,vw,JP3258000003,KIRIN HOLDINGS,JP,0.003596439294393683,21.949889114743456,30.81754094467675
2016,vw,HK0823032773,LINK REAL ESTATE INVESTMENT TRUST,HK,0.0035277446883680004,0.0,0.0
2016,vw,JP3951600000,UNI CHARM,JP,0.0034731156995493942,5.099598117286849,2.4929412026853672
2016,vw,JP3659000008,WEST JAPAN RAILWAY,JP,0.003438881717484773,8.413424931973253,8.037280120109115
2016,vw,JP3546800008,TERUMO,JP,0.003421515973151492,13.198220589850381,4.630593762596745
2016,vw,JP3294460005,INPEX,JP,0.0033626609421419608,83.66449339842524,60.25685811157916
2016,vw,JP3388200002,AEON,JP,0.0033106410990579754,3.83981795691552,21.42629345034747
2016,vw,JP3420600003,SEKISUI HOUSE,JP,0.0032116870359320602,5.563531028233045,7.40101996382106
2016,vw,JP3573000001,TOKYO GAS,JP,0.0031575997765244564,186.68207936414186,278.8784987828608
2016,vw,AU000000AMP6,AMP,AU,0.0030942699500230296,0.015201781235540663,0.013118122052308133
2016,vw,JP3502200003,DAIWA SECURITIES GROUP,JP,0.00305174695518497,0.1786215429583046,0.09165545879806364
2016,vw,JP3228600007,KANSAI ELECTRIC PWR.,JP,0.0029709739944344046,1516.123685225157,3888.6940407159286
2016,vw,JP3868400007,MAZDA MOTOR,JP,0.002949824436000811,5.341678040063437,14.101544236216325
2016,vw,AU000000SUN6,SUNCORP GROUP,AU,0.0029200763051303504,0.4688766551297324,0.5022262270751617
2016,vw,JP3526600006,CHUBU ELEC.POWER,JP,0.0029068205181142096,2279.5777438413556,5355.139298278977
2016,vw,AU000000QBE9,QBE INSURANCE GROUP,AU,0.002890513357272835,0.627485406774314,0.830560336584433
2016,vw,JP3571400005,TOKYO ELECTRON,JP,0.0028608011574347367,3.5288635453750983,1.9322738031979132
2016,vw,JP3486800000,DAITO TST.CONSTRUCTION,JP,0.0028587447968133834,3.2455467336750203,3.6833393599186315
2016,vw,JP3407400005,SUMITOMO ELECTRIC IND.,JP,0.0028457488188004783,7.839129157830001,18.768672227380623
2016,vw,JP3429800000,ANA HOLDINGS,JP,0.0027212422638137985,717.5907058767264,1082.0094722804267
2016,vw,JP3684000007,NITTO DENKO,JP,0.0026929092628333014,57.889023687558094,40.76173194047866
2016,vw,JP3940000007,YAMATO HDG.,JP,0.002577813874399991,39.00664552302078,49.106645051165266
2016,vw,JP3762800005,NOMURA RESEARCH INST.,JP,0.002551291244665444,0.28712612589332115,0.1083343805656788
2016,vw,SG1V61937297,SINGAPORE AIRLINES,SG,0.0025363190598726086,1292.6099948965514,1519.163930513888
2016,vw,AU000000IAG3,INSURANCE AUS.GROUP,AU,0.002486781221947192,1.4493316352704146,1.4478820265680294
2016,vw,AU000000RHC8,RAMSAY HEALTH CARE,AU,0.0024432189910961904,2.6545812300298333,1.7346801407744858
2016,vw,JP3111200006,ASAHI KASEI,JP,0.0024300654693260033,300.1976325349584,557.8427402844378
2016,vw,JP3256000005,KYOWA KIRIN,JP,0.002380991970895731,21.340611032275973,7.5049944686477374
2016,vw,JP3585800000,TOKYO ELECTRIC POWER CO. HDG.,JP,0.0023786426341643467,1726.6637403164277,10622.877215161927
2016,vw,HK0019000162,SWIRE PACIFIC 'A',HK,0.002367188926617455,2294.9406907901976,2094.437678861452
2016,vw,IE00BKVD2N49,SEAGATE TECHNOLOGY HOLDINGS,SG,0.0023439830075625088,23.100336921686253,33.14706572506996
2016,vw,JP3982100004,LAWSON DEAD - DELIST.24/07/24,JP,0.002300672293938044,1.1583536887667913,0.6607455853184734
2016,vw,JP3351600006,SHISEIDO,JP,0.0022804597062714383,3.7395297775926544,3.8345372569932614
2016,vw,JP3260800002,KINTETSU GROUP HDG.,JP,0.002243660801281258,3.623464149695297,4.510289911132026
2016,vw,JP3877600001,MARUBENI,JP,0.002228108192119493,0.0021736255718708248,0.016746491610007703
2016,vw,JP3180400008,OSAKA GAS,JP,0.0022189706541971906,327.20960566857207,480.47414593072284
2016,vw,JP3401400001,SUMITOMO CHEMICAL,JP,0.002210620835061293,77.43959374876559,179.66722179712232
2016,vw,JP3818000006,FUJITSU,JP,0.002158567824870512,4.737981714549236,24.20039463289026
2016,vw,JP3386030005,JFE HOLDINGS,JP,0.0021529238888640563,1837.8734238765428,7022.39077101229
2016,vw,HK0083000502,SINO LAND,HK,0.0021166750050615767,0.23654907857810717,0.08939414119730173
2016,vw,JP3443600006,TAISEI,JP,0.002086321574492089,9.526558332828476,16.957235970536804
2016,vw,JP3973400009,RICOH,JP,0.002080196715437091,8.37657897702557,20.581326133633794
2016,vw,JP3538800008,TDK,JP,0.0020670763607737006,9.86435686526306,12.824568745930145
2016,vw,HK0023000190,BANK OF EAST ASIA,HK,0.00204282567785468,0.4581852597105809,0.23790188918188668
2016,vw,HK0000608585,NEW WORLD DEVELOPMENT COMPANY,HK,0.0020156479977609105,0.007157025003004067,0.007816035213295488
2016,vw,JP3027670003,NIPPON BUILDING FUND,JP,0.0019926272617189086,12.802943061555217,1.0224137620138125
2016,vw,AU000000NCM7,NEWCREST MINING DEAD - DELIST.08/11/23,AU,0.001992044073424412,487.8884756224639,214.05214157867718
2016,vw,JP3112000009,AGC,JP,0.001980170249191438,479.64439943987685,738.3792505659977
2016,vw,JP3539220008,T & D HOLDINGS,JP,0.001975891692414752,0.13783078868325277,0.3238278550705987
2016,vw,JP3592200004,TOSHIBA DEAD - DELIST.20/12/23,JP,0.0019498776249844097,15.329235645703742,114.8164212997219
2016,vw,JP3942800008,YAMAHA MOTOR,JP,0.0019461656729488225,10.964359819139915,20.9167044200582
2016,vw,AU0000088338,AMPOL,AU,0.0019388467980491681,51.96388794671459,104.56946212524038
2016,vw,AU000000SGP0,STOCKLAND STAPLED UNITS,AU,0.0019129267040880811,22.801300811738283,5.062237666250063
2016,vw,JP3027680002,JAPAN REAL ESTATE INV.,JP,0.0019048864446156136,13.959254736286224,0.9818687281992351
2016,vw,JP3626800001,LIXIL,JP,0.0018887395914570862,36.27882871210158,79.90002253590379
2016,vw,JP3733000008,NEC,JP,0.0018798176397289577,2.4613448913639546,8.674863187115328
2016,vw,AU000000APA1,APA GROUP,AU,0.001866929454813139,832.5054880422489,160.5174524733405
2016,vw,JP3605400005,TOHOKU ELECTRIC PWR.,JP,0.001828505361589954,2294.952892343146,6173.073987130439
2016,vw,JP3190000004,OBAYASHI,JP,0.0018241383591951453,10.87251031310105,24.788592398872087
2016,vw,JP3414750004,SEIKO EPSON,JP,0.0017791637623797468,12.668570794664207,18.148884045430467
2016,vw,JP3358800005,SHIMIZU,JP,0.001757942341881429,15.945558278147269,34.81858588653697
2016,vw,JP3551200003,ELEC.POWER DEV.,JP,0.0017523066976516725,8280.431850009829,8531.653396257367
2016,vw,JP3493800001,DAI NIPPON PRINTING,JP,0.0017469944327131771,21.73731362209104,41.767525748730364
2016,vw,JP3210200006,KAJIMA,JP,0.001737530751574047,14.060221998499278,32.45069562201939
2016,vw,SG1U68934629,KEPPEL,SG,0.0017243385348459314,167.20168013040563,193.26834147334475
2016,vw,JP3419400001,SEKISUI CHEMICAL,JP,0.0017236420256032151,15.3218880508834,22.48320694780965
2016,vw,AU000000GPT8,GPT GROUP STAPLED UNITS,AU,0.0017203225509980471,28.071744627705726,2.1883936891488065
2016,vw,JP3629000005,TOPPAN HOLDINGS,JP,0.0017055797720272178,20.38943708665513,41.241415297057465
2016,vw,JP3657400002,NIKON,JP,0.0016649224269464345,3.3957705334361368,4.01908442567433
2016,vw,HK0293001514,CATHAY PACIFIC AIRWAYS,HK,0.0016638417320499975,1309.1286607081015,2857.2140501839745
2016,vw,SG1F60858221,SINGAPORE TECHS.ENGR.,SG,0.001644085192101837,10.390223903690512,7.750022275009793
2016,vw,JP3792600003,HINO MOTORS,JP,0.001640193584904438,11.605432401104919,28.81557861176316
2016,vw,JP3402600005,SUMITOMO METAL MINING,JP,0.0016195387691472186,278.20902771615744,355.8287652997836
2016,vw,SGXE21576413,GENTING SINGAPORE,SG,0.0016153762972443185,1.8019432441401162,0.5184361365386261
2016,vw,AU000000QAN2,QANTAS AIRWAYS,AU,0.0015991188870631379,1056.5658965301095,2086.2671284965636
2016,vw,AU000000CIM7,CIMIC GROUP DEAD - DELIST.11/05/22,AU,0.0015741274720923394,208.98681637064104,344.67258737968064
2016,vw,JP3596200000,TOTO,JP,0.001568104878283296,35.23077626401944,29.611507595880475
2016,vw,AU000000ASX7,ASX,AU,0.0015501034310697582,0.017458433058019134,0.001961364681884479
2016,vw,BMG988031446,YUE YUEN INDL.HDG.,HK,0.001544628094522849,25.684162473532567,38.57901809599304
2016,vw,JP3197800000,OMRON,JP,0.0015367453788076625,10.291293950079309,13.036847056030474
2016,vw,SG9999000020,FLEX,SG,0.0015283762121928008,1.258024274351214,5.401710390923246
2016,vw,JP3209000003,CASIO COMPUTER,JP,0.0015259992362057532,1.8565759445238272,0.9931119173067833
2016,vw,BMG668971101,CTF SERVICES,HK,0.0015068120649242575,116.27486985417141,73.22106274911908
2016,vw,JP3720800006,NSK,JP,0.0015052283355747476,15.597371499639694,23.77900763498948
2016,vw,JP3738600000,NITERRA,JP,0.0014925667925553686,22.985314425028044,13.368097670999246
2016,vw,AU000000SHL7,SONIC HEALTHCARE,AU,0.001486560782299723,2.5644875657826534,1.5591881660853335
2016,vw,AU000000LLC3,LENDLEASE GROUP STAPLED UNITS,AU,0.0014640541364130597,8.358856215146137,16.376219791920345
2016,vw,JP3982800009,ROHM,JP,0.0014387172307464694,14.255421372898352,8.24230501753968
2016,vw,SG1J26887955,SINGAPORE EXCHANGE,SG,0.0014375978408921039,0.08007287492616937,0.008940089862322616
2016,vw,JP3522200009,CHUGOKU ELEC.POWER,JP,0.0014208125209277534,3909.4954190270873,7989.401932863345
2016,vw,AU000000DXS1,DEXUS STAPLED UNITS,AU,0.0014048591425588693,26.074777378073954,3.4795508023073713
2016,vw,JP3894900004,ISETAN MITSUKOSHI HDG.,JP,0.0014037977951413968,2.5310200334631388,5.384918291002165
2016,vw,JP3246400000,KYUSHU ELEC.POWER,JP,0.0013939278169440156,1778.1102089518731,5452.789746375877
2016,vw,JP3778630008,BANDAI NAMCO HDG.,JP,0.0013929604429957984,0.0,0.0
2016,vw,AU000000MGR9,MIRVAC GROUP STAPLED UNITS,AU,0.0013844171490702579,5.682487014611321,1.2336091102202489
2016,vw,JP3224200000,KAWASAKI HEAVY INDUSTRY,JP,0.0013747765766948825,13.786113154223525,35.38399678327302
2016,vw,AU000000ORG5,ORIGIN ENERGY (EX BORAL),AU,0.0013669712508955533,2048.9906334443017,3432.6372488758047
2016,vw,JP3977400005,RINNAI,JP,0.0013285499215979345,13.656520785430182,7.408748114630468
2016,vw,JP3357200009,SHIMADZU,JP,0.0013283039322225306,1.4152478806662987,0.832317212736118
2016,vw,JP3942600002,YAMAHA,JP,0.00129980785963362,7.031032815452696,5.528668271398073
2016,vw,JP3688370000,NIPPON EXPRESS HOLDINGS,JP,0.00129544914901551,45.103139704321535,155.40421464522007
2016,vw,JP3786200000,HITACHI METALS DEAD - DELIST.29/12/22,JP,0.0012933540934362282,39.21901120031484,73.94094554655395
2016,vw,JP3870400003,MARUI GROUP,JP,0.0012412292211807221,7.061909866467572,3.214112344738823
2016,vw,SG1R89002252,CITY DEVELOPMENTS,SG,0.0012321386699930474,0.33706408538956834,0.1749691000082998
2016,vw,JP3495000006,SUMITOMO PHARMA,JP,0.0012282111317632857,24.959484407066004,18.531770678620614
2016,vw,JP3743000006,NH FOODS,JP,0.0011923381418378275,32.315379527684605,77.42360214468013
2016,vw,NZAIAE0002S6,AUCKLAND INTL.AIRPORT,NZ,0.0011792177871744367,6.899575080155985,0.5644023382382584
2016,vw,JP3269600007,KURARAY,JP,0.0011687756763848242,273.3692063188393,280.46577182477745
2016,vw,JP3174410005,OJI HOLDINGS,JP,0.0011620206423007021,533.5906373792147,1513.7099689836928
2016,vw,JP3300600008,KONICA MINOLTA,JP,0.0011610919633104136,19.40694932520381,39.8392717716288
2016,vw,JP3888300005,MITSUI CHEMICALS,JP,0.0011580544091130119,357.3609479690948,1004.7996486781275
2016,vw,JP3358200008,SHIMAMURA,JP,0.0011394144950936506,0.22485717881130124,0.24402964256692017
2016,vw,NZTELE0001S4,SPARK NEW ZEALAND,NZ,0.0011144092604950205,0.8285484883038371,0.4568475042038899
2016,vw,JP3870000001,MABUCHI MOTOR,JP,0.0010938567099837556,22.56014933686401,6.785391219975642
2016,vw,HK0291001490,CHINA RESOURCES BEER HOLDINGS,HK,0.001087814768695748,106.25763517033771,120.68825334878143
2016,vw,JP3903000002,MITSUBISHI MATERIALS,JP,0.0010849458139578925,863.2932643766782,2635.66839388798
2016,vw,JP3229400001,KANSAI PAINT,JP,0.001083381432087347,16.654754618202844,12.169236578122927
2016,vw,JP3613400005,TOYO SEIKAN GROUP HDG.,JP,0.0010761427110291166,79.63897799555467,135.86642455560892
2016,vw,AU000000COH5,COCHLEAR,AU,0.0010739398623527477,0.008225784691395541,0.0016162406448491339
2016,vw,JP3667600005,JGC HOLDINGS,JP,0.0010705347060550234,17.009556181807845,30.818900971796225
2016,vw,JP3118000003,ASICS,JP,0.0010487881396991018,1.3569156955434791,1.2741925282509698
2016,vw,JP3126400005,ALPS ALPINE,JP,0.0010474697472039603,1.3951069169413242,2.3943279179057413
2016,vw,JP3711600001,NIPPON SANSO HOLDINGS,JP,0.0010471767710939289,19.78066303558949,25.60224666312986
2016,vw,JP3635400009,TOYOTA BOSHOKU,JP,0.0010446754184563957,4.2636743936537895,13.193180375058207
2016,vw,JP3711200000,AOZORA BANK,JP,0.0010412813178609368,0.37792083417435035,0.09343313691139778
2016,vw,AU000000STO6,SANTOS,AU,0.0010044271343594298,2202.8434162954463,1386.8785875852352
2016,vw,HK0010000088,HANG LUNG GROUP,HK,0.0009807568758093395,1.854887147254003,0.6440359371213104
2016,vw,JP3670800006,NISSAN CHEMICAL,JP,0.0009781200908190561,236.08249876727933,98.08696536757392
2016,vw,JP3449020001,TAIHEIYO CEMENT,JP,0.000964435895340133,2093.1314353148596,4227.124094034167
2016,vw,HK0165000859,CHINA EVERBRIGHT,HK,0.0009615448291977469,0.18916127629504811,0.02500783291318258
2016,vw,AU000000ORI1,ORICA,AU,0.000958852765696137,451.72298439322185,518.8560952619791
2016,vw,JP3289800009,KOBE STEEL,JP,0.0009463183632528092,1046.3937745400535,4744.116221063023
2016,vw,JP3753000003,NIPPON YUSEN KK,JP,0.0009419541247835666,1064.1024167575515,6194.194299932806
2016,vw,JP3544000007,TEIJIN,JP,0.0009415561195020144,129.4336675029687,252.45186535509114
2016,vw,JP3215800008,KANEKA,JP,0.000935558401023068,245.75509497947243,335.3137029563738
2016,vw,JP3350800003,SHIKOKU ELECTRIC POWER,JP,0.0009331841889615866,1698.6682223591147,2775.22731984717
2016,vw,AU000000BEN6,BENDIGO & ADELAIDE BANK,AU,0.0009325761253369929,1.6793043995803307,1.110518360451676
2016,vw,BMG2442N1048,COSCO SHIPPING PORTS,HK,0.0009305170007900736,653.9784415577875,154.2955163144372
2016,vw,BMG8063F1068,SHANGRI-LA ASIA,HK,0.0009146133730813837,71.86761206931648,45.87729026838032
2016,vw,JP3385980002,J S R DEAD - DELIST.25/06/24,JP,0.0008926843876380841,126.07942987242183,127.49669481108562
2016,vw,NZFBUE0001S0,FLETCHER BUILDING,NZ,0.0008908408492853388,206.45543084085693,364.5558623685272
2016,vw,BMG524401079,KERRY PROPERTIES,HK,0.0008797353963598061,4.024811425967454,1.6871300566775163
2016,vw,JP3134800006,IHI,JP,0.0008781212638290665,5.937015379250011,23.93014969720624
2016,vw,JP3040890000,JAPAN PRIME REALTY INV.,JP,0.0008758327334601415,16.848381529118907,1.2537869224943194
2016,vw,JP3787000003,HITACHI CON.MCH.,JP,0.0008637460869585598,6.327945839057039,13.22082385354568
2016,vw,JP3845400005,HOKURIKU ELEC.POWER,JP,0.0008484173557676675,4111.4267694286555,6033.339740227586
2016,vw,JP3164800009,NOK,JP,0.0008468142789391933,6.945997138447578,14.5808650014198
2016,vw,KYG0535Q1331,ASMPT,HK,0.000846159228579972,1.5005957365073934,0.816609177380579
2016,vw,SG1R50925390,SEMBCORP INDUSTRIES,SG,0.000840849727567043,2258.8660492432796,4963.464300858252
2016,vw,AU000000CGF5,CHALLENGER,AU,0.0008370742052434298,0.0,0.0
2016,vw,JP3456000003,TAKASHIMAYA,JP,0.0008367314784732043,2.017525279741009,5.134887838458312
2016,vw,JP3955000009,YOKOGAWA ELECTRIC,JP,0.0008118837876318553,3.431461131001457,4.137290080104036
2016,vw,AU000000BLD2,BORAL DEAD - DELIST.08/07/24,AU,0.0008011044779231499,574.6301295189122,597.9099029474578
2016,vw,JP3835620000,BENESSE HOLDINGS DEAD - DELIST.17/05/24,JP,0.0007959138257095734,0.04356812158195311,0.056256836768357264
2016,vw,JP3830000000,BROTHER INDUSTRIES,JP,0.0007877878845445493,11.991326094254468,26.430313130427155
2016,vw,JP3634200004,TOYODA GOSEI,JP,0.0007781113811368115,16.97379462140568,39.07304528210739
2016,vw,JP3595200001,TOSOH,JP,0.0007680810952565829,1137.729871940832,2695.262599183145
2016,vw,JP3243600008,CANON MARKETING JAPAN,JP,0.0007656654243116064,1.552327336858569,3.0102411008551697
2016,vw,AU000000TAH8,TABCORP HOLDINGS,AU,0.0007548363639427071,1.289700845477799,0.7242688655928349
2016,vw,JP3819400007,FUJI MEDIA HOLDINGS,JP,0.0007335983598909912,0.0,0.0
2016,vw,JP3663900003,SOJITZ,JP,0.0007334905667939042,0.5356861954932933,2.855151104077172
2016,vw,JP3270000007,KURITA WATER IND.,JP,0.0007290848694411666,7.158192680089318,4.627770237995951
2016,vw,JP3820000002,FUJI ELECTRIC,JP,0.0007120203929946161,38.38165951299665,99.72361535953294
2016,vw,JP3769000005,HACHIJUNI NAGANO BANK,JP,0.00070835266376809,1.924168869043549,1.0102034844021304
2016,vw,JP3293200006,COCA-COLA BOTTLERS JAPAN HOLDINGS,JP,0.0007064649026062833,27.01640171352955,38.71526826863639
2016,vw,JP3419050004,SEGA SAMMY HDG.,JP,0.0007055168761370305,3.7248763937269143,4.175366980204419
2016,vw,JP3405400007,SUMITOMO HEAVY INDS.,JP,0.0006963240597034013,2.750719365342886,6.271508694772023
2016,vw,JP3665200006,NICHIREI,JP,0.0006704592442536412,9.665643594913975,17.713284551169743
2016,vw,JP3493400000,DIC,JP,0.0006648705867585125,48.75701622887432,138.20904332932867
2016,vw,JP3742600004,NHK SPRING,JP,0.000656882841871805,4.063235534056266,9.053470670655507
2016,vw,JP3362700001,MITSUI OSK LINES,JP,0.0006376790870369116,1255.1760217022595,8094.835619703964
2016,vw,BMG677491539,ORIENT OVERSEAS (INTL.),HK,0.0006317311192181593,903.1451389946128,2341.1138285724287
2016,vw,JP3582600007,TOKYO TATEMONO,JP,0.000620340981959294,1.1807571275550697,1.1374876360039565
2016,vw,NZCENE0001S6,CONTACT ENERGY,NZ,0.0005972511477781338,736.0524067518892,514.721317241124
2016,vw,NZAIRE0001S2,AIR NEW ZEALAND,NZ,0.0005919996892020979,976.5817528446436,1544.8811324630697
2016,vw,SGXE34184239,SEATRIUM,SG,0.0005906121985677979,14.092408377790928,22.947221624252407
2016,vw,JP3765400001,HOUSE SHOKUHIN GP.HONSHA K K,JP,0.000580291700503104,28.50481446843263,25.767794543514707
2016,vw,JP3850200001,HOKKAIDO ELEC.POWER,JP,0.0005794376475031066,2503.2169990345683,7193.180788292479
2016,vw,JP3166000004,EBARA,JP,0.0005642139454837351,2.543046421511814,5.164719425870135
2016,vw,JP3158800007,UBE,JP,0.0005638463433834125,2132.1251906985344,5651.90537347673
2016,vw,JP3352400000,CITIZEN WATCH,JP,0.000559589898011257,7.233734559537326,10.415781726941352
2016,vw,JP3359600008,SHARP,JP,0.0005591366142183782,6.9723696837902756,75.6309998121583
2016,vw,JP3535800001,TSUMURA,JP,0.00055548546854525,36.258228293948484,16.800449802713743
2016,vw,JP3638600001,DOWA HDG.,JP,0.0005535147896164535,239.8235409823939,427.3858506771062
2016,vw,JP3549600009,DENKA,JP,0.0005515358189109577,599.0142085137477,930.1020305891315
2016,vw,JP3156400008,USHIO,JP,0.0005478128111731049,2.378741583263005,1.787579275583877
2016,vw,JP3322930003,SUMCO,JP,0.0005392667533219979,11.171113531519042,11.275748427801895
2016,vw,JP3148800000,IBIDEN,JP,0.000525773268707152,47.328210706684715,66.76234183370394
2016,vw,AU000000BSL0,BLUESCOPE STEEL,AU,0.00050972038901788,1361.5889660913308,4484.353564437503
2016,vw,JP3122400009,ADVANTEST,JP,0.0005091372007233833,2.9148167346540155,2.106314600885955
2016,vw,JP3528600004,CHIYODA CORPORATION,JP,0.0005079791159110892,0.682265755086064,1.8303598147876097
2016,vw,HK0200030994,MELCO INTL.DEV.,HK,0.00050763915306643,285.43048771597284,8.526891204686768
2016,vw,JP3165600002,NTN,JP,0.0005017602833868361,16.109538835196684,53.57691735660106
2016,vw,NZSKCE0001S2,SKY CITY ENTM.GP.,NZ,0.000498985302118236,7.728732207617557,2.7185864236851582
2016,vw,JP3320800000,SAPPORO HOLDINGS,JP,0.0004953065171894445,26.913254753667257,66.65789826119952
2016,vw,JP3678000005,NISSHINBO HOLDINGS,JP,0.0004931395995454381,62.88176283386359,159.15087994619438
2016,vw,HK0000745908,YUEXIU PROPERTY COMPANY,HK,0.0004928383316587076,0.4162241804469518,0.8170163366253343
2016,vw,JP3491000000,DAIDO STEEL,JP,0.00048532874589497625,104.22386128410909,231.14229415583677
2016,vw,JP3811000003,FUJIKURA,JP,0.0004769070646943544,4.860080653411228,16.2448492294853
2016,vw,JP3368000000,RESONAC HOLDINGS,JP,0.00045076309276239447,490.28499663237034,1952.3202197586577
2016,vw,JP3223800008,KAWASAKI KISEN KAISHA,JP,0.0004361308708142185,1213.1422336874207,8407.967349835862
2016,vw,JP3827200001,FURUKAWA ELECTRIC,JP,0.00041092110572367967,21.173365054221573,104.25564830197817
2016,vw,JP3421100003,JAPAN PETROLEUM EXP.,JP,0.00039671729223828554,81.39931693776595,123.97202056655567
2016,vw,JP3452000007,TAIYO YUDEN,JP,0.00039460012525447324,16.531560318192195,23.681777429115765
2016,vw,AU000000BWP3,BWP GROUP STAPLED UNITS,AU,0.00039296111739363674,0.0,0.0
2016,vw,JP3385820000,GS YUASA,JP,0.0003925796956654825,7.152544219746621,15.43541471588389
2016,vw,AU000000PPT9,PERPETUAL,AU,0.0003803576168111505,0.4109359988437111,0.10536642081168476
2016,vw,AU000000CQR9,CHARTER HALL RETAIL REIT,AU,0.0003289679487562893,0.589696271732042,0.07141536858731999
2016,vw,JP3619800000,TOYOBO,JP,0.0003233765273355942,238.09323066765893,598.5871674116872
2016,vw,AU000000MTS0,METCASH,AU,0.000318313015698069,2.1171691381729274,17.441628244201898
2016,vw,JP3891600003,MITSUI E&S,JP,0.00030558790239066405,18.020779684410744,114.68845816412362
2016,vw,JP3194000000,OKI ELECTRIC IND.,JP,0.000274629172122149,2.5396315271704784,11.070630623377147
2016,vw,HK0242001243,SHUN TAK HOLDINGS,HK,0.0002731255966140629,797.2299384489706,456.26404096419685
2016,vw,AU000000SGM7,SIMS,AU,0.0002724788380315406,21.80413791055587,83.42225919013227
2016,vw,AU000000CSR5,CSR DEAD - DEAD.10/07/24,AU,0.00026615774026133313,292.04707382807476,462.26881418943475
2016,vw,AU000000DOW2,DOWNER EDI,AU,0.00025936953907041506,44.99646133356849,233.26690892040793
2016,vw,AU000000IVC8,INVOCARE DEAD - DELIST.27/11/23,AU,0.00025422587359146616,17.370666480022145,5.936073059360731
2016,vw,AU000000CWY3,CLEANAWAY WASTE MANAGEMENT,AU,0.00024369255325816465,550.2047144327119,634.3544783313863
2016,vw,JP3375800004,SHINKO ELEC.INDS. DEAD - DELIST.06/06/25,JP,0.0002389109620284056,31.267850737941203,43.56829671791668
2016,vw,JP3888400003,MITSUI KINZOKU LIMITED,JP,0.00023835817691513864,166.99114245561557,750.9363513027748
2016,vw,AU000000OZL8,OZ MINERALS DEAD - DELIST.03/05/23,AU,0.00022466016180838386,230.16808986733824,175.52132672268493
2016,vw,AU000000IGO4,IGO,AU,0.00022019089416762063,159.5652663226097,62.2900610046946
2016,vw,JP3686800008,NIPPON SHEET GLASS,JP,0.00017652087021953228,563.9782575102164,4697.335045250995
2016,vw,AU000000SIG5,SIGMA HEALTHCARE,AU,0.00017057013847521365,1.8384736333577794,7.421450909856919
2016,vw,JP3560800009,TOKAI CARBON,JP,0.0001654430565496628,44.71258488969214,65.13749206455277
2016,vw,AU000000WOR2,WORLEY,AU,0.0001619715660383464,3.1865271804034743,32.62345995017235
2016,vw,AU000000SBM8,ST BARBARA,AU,0.0001543265479218646,296.9349961693119,234.61566014757503
2016,vw,AU000000MND5,MONADELPHOUS GROUP,AU,0.00011218221088639302,8.385485851489713,22.629841332413523
2016,vw,AU000000GWA4,GWA GROUP,AU,0.00010762726155307342,34.61257903816303,25.71135079609656
2016,vw,AU000000BPT9,BEACH ENERGY,AU,9.772135232332983e-05,102.08835679750597,116.51487724855753
2016,vw,BMG684371393,PACIFIC BASIN SHIP.,HK,9.532779278288398e-05,819.6335727652029,2980.5740794433173
2016,vw,AU000000ERA9,ENERGY RES.OF AUS.,AU,3.5300857333226856e-05,463.7759092686742,891.356091450047
2016,vw,AU0000038911,OVATO DEAD - DELIST.29/08/22,AU,2.8449085854283123e-05,45.7013326508601,242.88351306713298
2016,vw,AU000000MAH3,MACMAHON HOLDINGS,AU,2.1423187064660303e-05,0.40041491813564295,1.6384982582892529
2016,vw_50,AU000000BWP3,BWP GROUP STAPLED UNITS,AU,0.04367982691622895,0.0,0.0
2016,vw_50,JP3633400001,TOYOTA MOTOR,JP,0.03218867017869171,10.487988763547921,12.281646263432435
2016,vw_50,JP3726800000,JAPAN TOBACCO,JP,0.02688075674084399,21.458057957146977,5.071600400277954
2016,vw_50,JP3898400001,MITSUBISHI,JP,0.02343424081669566,28.64620239536721,68.89836113764973
2016,vw_50,JP3496400007,KDDI,JP,0.021740561017114114,0.14636854410709532,0.07451533657813415
2016,vw_50,AU000000WBC1,WESTPAC BANKING,AU,0.019812672443542702,0.3987546871724223,0.15583453802611177
2016,vw_50,JP3160400002,EISAI,JP,0.019043160431594087,6.30493036298039,1.549042762718654
2016,vw_50,HK0823032773,LINK REAL ESTATE INVESTMENT TRUST,HK,0.01898074799431323,0.0,0.0
2016,vw_50,JP3551500006,DENSO,JP,0.01760584626350077,16.232596394745663,16.19972078055035
2016,vw_50,AU000000CBA7,COMMONWEALTH BK.OF AUS.,AU,0.017457516424719256,0.3110532211271961,0.0965151872711984
2016,vw_50,AU000000ANZ3,ANZ GROUP HOLDINGS,AU,0.017318288316522677,0.7501952205297624,0.4209468174491444
2016,vw_50,JP3814800003,SUBARU,JP,0.0166227264599799,6.9496122636648705,5.988083393827919
2016,vw_50,JP3802300008,FAST RETAILING,JP,0.01570797580607185,0.8010294282322592,0.3493017466000617
2016,vw_50,JP3942400007,ASTELLAS PHARMA,JP,0.015670868336741278,8.708666546660947,3.0665879212550036
2016,vw_50,JP3830800003,BRIDGESTONE,JP,0.01528307501435539,57.99778510646702,62.03644471443043
2016,vw_50,JP3890350006,SUMITOMO MITSUI FINL.GP.,JP,0.014004983162656076,0.4126788098762171,0.39011596343329247
2016,vw_50,JP3762600009,NOMURA HDG.,JP,0.013559086203727649,0.19148129972029845,0.14014833423895787
2016,vw_50,AU000000WES1,WESFARMERS,AU,0.012427840270768905,55.67027218595224,73.81658919956149
2016,vw_50,JP3667600005,JGC HOLDINGS,JP,0.01227681312736405,17.009556181807845,30.818900971796225
2016,vw_50,JP3769000005,HACHIJUNI NAGANO BANK,JP,0.011759146155020833,1.924168869043549,1.0102034844021304
2016,vw_50,HK0066009694,MTR,HK,0.01145554330297974,10.069466561290337,2.0245232190921927
2016,vw_50,JP3358800005,SHIMIZU,JP,0.011229658953958471,15.945558278147269,34.81858588653697
2016,vw_50,AU000000CSL8,CSL,AU,0.010999929188820269,9.889916795626243,1.5794521497266907
2016,vw_50,JP3788600009,HITACHI,JP,0.010862386969569694,9.204985156961435,32.338579042836855
2016,vw_50,JP3814000000,FUJIFILM HOLDINGS,JP,0.010193787997433906,35.51208238908525,36.62462389717123
2016,vw_50,JP3566800003,CENTRAL JAPAN RAILWAY,JP,0.01018752080838532,5.069632443314217,1.8856037767868743
2016,vw_50,KYG217651051,CK HUTCHISON HOLDINGS,HK,0.01015400274872905,210.9938647899574,93.8841375663751
2016,vw_50,JP3765400001,HOUSE SHOKUHIN GP.HONSHA K K,JP,0.01004948131953157,28.50481446843263,25.767794543514707
2016,vw_50,JP3684000007,NITTO DENKO,JP,0.010048310456031028,57.889023687558094,40.76173194047866
2016,vw_50,HK2388011192,BOC HONG KONG HOLDINGS,HK,0.009829563285857617,0.023659578131785045,0.010348838034707089
2016,vw_50,JP3902400005,MITSUBISHI ELECTRIC,JP,0.009768834515210583,10.04072654371625,17.613285558486343
2016,vw_50,JP3783600004,EAST JAPAN RAILWAY,JP,0.009732259650788711,44.880167834891786,28.228178486239962
2016,vw_50,JP3711200000,AOZORA BANK,JP,0.00969890313493231,0.37792083417435035,0.09343313691139778
2016,vw_50,JP3243600008,CANON MARKETING JAPAN,JP,0.009488910180729272,1.552327336858569,3.0102411008551697
2016,vw_50,JP3659000008,WEST JAPAN RAILWAY,JP,0.009375103066596216,8.413424931973253,8.037280120109115
2016,vw_50,HK0291001490,CHINA RESOURCES BEER HOLDINGS,HK,0.009068552495712243,106.25763517033771,120.68825334878143
2016,vw_50,JP3165600002,NTN,JP,0.008621617330023704,16.109538835196684,53.57691735660106
2016,vw_50,JP3866800000,PANASONIC HOLDINGS,JP,0.007987412435589957,6.744428674506297,18.7125748502994
2016,vw_50,AU000000MQG1,MACQUARIE GROUP,AU,0.007876410237230135,0.0,0.0
2016,vw_50,JP3845400005,HOKURIKU ELEC.POWER,JP,0.007791484262086364,4111.4267694286555,6033.339740227586
2016,vw_50,JP3890310000,MS&AD INSURANCE GP.HDG.,JP,0.007658097865770393,0.644757259848158,1.4479027120531969
2016,vw_50,JP3205800000,KAO,JP,0.0074520336289342045,53.027572049681524,24.037909524123467
2016,vw_50,JP3902900004,MITSUBISHI UFJ FINL.GP.,JP,0.007251868147699062,0.24906919062634778,0.16645871555325145
2016,vw_50,JP3735400008,NTT,JP,0.007234021390983177,2.076606432957789,2.127748278522034
2016,vw_50,JP3629000005,TOPPAN HOLDINGS,JP,0.007196863733069806,20.38943708665513,41.241415297057465
2016,vw_50,JP3435000009,SONY GROUP,JP,0.0071495354693699425,4.388864820461668,10.612877535937313
2016,vw_50,AU000000BHP4,BHP GROUP,AU,0.006191610582492279,382.77671445266975,334.5637185484198
2016,vw_50,JP3350800003,SHIKOKU ELECTRIC POWER,JP,0.006177197706348003,1698.6682223591147,2775.22731984717
2016,vw_50,JP3371200001,SHIN-ETSU CHEMICAL,JP,0.006129551829276929,147.1405411077235,73.71652041364547
2016,vw_50,JP3197800000,OMRON,JP,0.006078863010089627,10.291293950079309,13.036847056030474
2016,vw_50,HK0011000095,HANG SENG BANK DEAD - DELIST.28/01/26,HK,0.005949808960160892,0.010995850077243826,0.0017288864509329947
2016,vw_50,JP3546800008,TERUMO,JP,0.005850111949636092,13.198220589850381,4.630593762596745
2016,vw_50,JP3868400007,MAZDA MOTOR,JP,0.005776592805062153,5.341678040063437,14.101544236216325
2016,vw_50,BMG988031446,YUE YUEN INDL.HDG.,HK,0.005711483672126818,25.684162473532567,38.57901809599304
2016,vw_50,JP3197600004,ONO PHARM.,JP,0.005510420290351559,18.51692250454603,1.0469648152275965
2016,vw_50,HK0388045442,HONG KONG EXCHANGES AND CLEARING,HK,0.005507868207613835,0.024159303906877327,0.0014535556457440082
2016,vw_50,JP3837800006,HOYA,JP,0.0054046959879697,5.4888357701121535,1.45969884410809
2016,vw_50,JP3910660004,TOKIO MARINE HOLDINGS,JP,0.005295519939225611,0.41088805537102596,0.5370835079734669
2016,vw_50,HK0242001243,SHUN TAK HOLDINGS,HK,0.005246224192419735,797.2299384489706,456.26404096419685
2016,vw_50,JP3951600000,UNI CHARM,JP,0.00519715551192929,5.099598117286849,2.4929412026853672
2016,vw_50,JP3352400000,CITIZEN WATCH,JP,0.005125563913507187,7.233734559537326,10.415781726941352
2016,vw_50,JP3835620000,BENESSE HOLDINGS DEAD - DELIST.17/05/24,JP,0.005021445222242843,0.04356812158195311,0.056256836768357264
2016,vw_50,JP3854600008,HONDA MOTOR,JP,0.004920995664309616,10.913508933802579,25.66147847726746
2016,vw_50,JP3940000007,YAMATO HDG.,JP,0.004899228564493891,39.00664552302078,49.106645051165266
2016,vw_50,JP3592200004,TOSHIBA DEAD - DELIST.20/12/23,JP,0.004838997313252886,15.329235645703742,114.8164212997219
2016,vw_50,HK0688002218,CHINA OVERSEAS LAND INVESTMENT,HK,0.004691720788403828,0.10594916219004591,0.06797587391438321
2016,vw_50,SG9999000020,FLEX,SG,0.004670874478623096,1.258024274351214,5.401710390923246
2016,vw_50,HK0016000132,SUN HUNG KAI PROPERTIES,HK,0.004594156702460297,6.959279122778249,2.0106360789120092
2016,vw_50,JP3201200007,OLYMPUS,JP,0.004568924710142286,2.0207446631796753,0.9865430408858231
2016,vw_50,AU000000NAB4,NATIONAL AUS.BANK,AU,0.004546787772543354,0.6078786002944272,0.35405116196342407
2016,vw_50,AU000000TAH8,TABCORP HOLDINGS,AU,0.004448376927472224,1.289700845477799,0.7242688655928349
2016,vw_50,JP3486800000,DAITO TST.CONSTRUCTION,JP,0.004321877568055142,3.2455467336750203,3.6833393599186315
2016,vw_50,AU000000TCL6,TRANSURBAN GROUP STAPLED UNITS,AU,0.00415655306812191,1.4681598288212856,0.12995209142451294
2016,vw_50,JP3260800002,KINTETSU GROUP HDG.,JP,0.004067449683240407,3.623464149695297,4.510289911132026
2016,vw_50,JP3626800001,LIXIL,JP,0.004015404228526138,36.27882871210158,79.90002253590379
2016,vw_50,JP3505000004,DAIWA HOUSE INDUSTRY,JP,0.0040075398478347825,11.09528737536854,14.321841388255082
2016,vw_50,JP3320800000,SAPPORO HOLDINGS,JP,0.003946734697936477,26.913254753667257,66.65789826119952
2016,vw_50,JP3200450009,ORIX,JP,0.0038544676860381927,11.827146687568751,12.115562881919253
2016,vw_50,JP3738600000,NITERRA,JP,0.0038540761603386435,22.985314425028044,13.368097670999246
2016,vw_50,AU000000ASX7,ASX,AU,0.0038024617992507524,0.017458433058019134,0.001961364681884479
2016,vw_50,JP3942800008,YAMAHA MOTOR,JP,0.0037992894756140993,10.964359819139915,20.9167044200582
2016,vw_50,JP3481800005,DAIKIN INDUSTRIES,JP,0.003797235890053844,55.395064923916166,47.58644157321632
2016,vw_50,AU0000224040,WOODSIDE ENERGY GROUP,AU,0.003783354279422338,2121.8560643441697,643.1183971785445
2016,vw_50,JP3672400003,NISSAN MOTOR,JP,0.003755228030648751,9.113134283276064,20.875059125616595
2016,vw_50,BMG8063F1068,SHANGRI-LA ASIA,HK,0.0037005447033249964,71.86761206931648,45.87729026838032
2016,vw_50,HK0000608585,NEW WORLD DEVELOPMENT COMPANY,HK,0.0035644611399937892,0.007157025003004067,0.007816035213295488
2016,vw_50,SG1J26887955,SINGAPORE EXCHANGE,SG,0.0035347956820285667,0.08007287492616937,0.008940089862322616
2016,vw_50,JP3830000000,BROTHER INDUSTRIES,JP,0.0035271109316431784,11.991326094254468,26.430313130427155
2016,vw_50,JP3711600001,NIPPON SANSO HOLDINGS,JP,0.0035024937192208645,19.78066303558949,25.60224666312986
2016,vw_50,JP3519400000,CHUGAI PHARM.,JP,0.0034471803718569578,10.810511103048682,2.6543408274483133
2016,vw_50,JP3638600001,DOWA HDG.,JP,0.0034003606436868593,239.8235409823939,427.3858506771062
2016,vw_50,KYG2108Y1052,CHINA RESOURCES LAND,HK,0.0033828582080252384,39.52200578206175,31.903439602315366
2016,vw_50,BMG668971101,CTF SERVICES,HK,0.003368983082113484,116.27486985417141,73.22106274911908
2016,vw_50,JP3977400005,RINNAI,JP,0.0033171115884553207,13.656520785430182,7.408748114630468
2016,vw_50,JP3621000003,TORAY INDS.,JP,0.003316632900215613,193.18386731811924,243.06037461500458
2016,vw_50,JP3819400007,FUJI MEDIA HOLDINGS,JP,0.0032827344207225916,0.0,0.0
2016,vw_50,HK0004000045,WHARF HOLDINGS,HK,0.0031623353486549973,5.6613949198375595,2.129622527489464
2016,vw_50,JP3733000008,NEC,JP,0.0031461550836270197,2.4613448913639546,8.674863187115328
2016,vw_50,JP3894900004,ISETAN MITSUKOSHI HDG.,JP,0.0030481966727426042,2.5310200334631388,5.384918291002165
2016,vw_50,AU000000APA1,APA GROUP,AU,0.0029939112147411916,832.5054880422489,160.5174524733405
2016,vw_50,JP3165700000,NTT DATA GROUP DEAD - DELIST.26/09/25,JP,0.002918019869385653,0.4592914131034713,0.43757952880041384
2016,vw_50,JP3357200009,SHIMADZU,JP,0.0027904880991028746,1.4152478806662987,0.832317212736118
2016,vw_50,JP3209000003,CASIO COMPUTER,JP,0.0027243371190892674,1.8565759445238272,0.9931119173067833
2016,vw_50,AU000000TLS2,TELSTRA GROUP,AU,0.0026525269962293235,2.6618656203714215,1.0472679252167794
2016,vw_50,AU000000PPT9,PERPETUAL,AU,0.002637200317851053,0.4109359988437111,0.10536642081168476
2016,vw_50,JP3419400001,SEKISUI CHEMICAL,JP,0.002534947500525429,15.3218880508834,22.48320694780965
2016,vw_50,JP3126400005,ALPS ALPINE,JP,0.0025063943129686214,1.3951069169413242,2.3943279179057413
2016,vw_50,HK0165000859,CHINA EVERBRIGHT,HK,0.0023721643165901304,0.18916127629504811,0.02500783291318258
2016,vw_50,AU000000DXS1,DEXUS STAPLED UNITS,AU,0.0023166847300723917,26.074777378073954,3.4795508023073713
2016,vw_50,JP3982100004,LAWSON DEAD - DELIST.24/07/24,JP,0.002259826336137656,1.1583536887667913,0.6607455853184734
2016,vw_50,JP3582600007,TOKYO TATEMONO,JP,0.002200315178168786,1.1807571275550697,1.1374876360039565
2016,vw_50,AU000000AMP6,AMP,AU,0.002199707039891944,0.015201781235540663,0.013118122052308133
2016,vw_50,JP3967200001,RAKUTEN GROUP,JP,0.002194199733263412,0.0505588267116438,0.01998253526417911
2016,vw_50,JP3539220008,T & D HOLDINGS,JP,0.002083538931398911,0.13783078868325277,0.3238278550705987
2016,vw_50,JP3190000004,OBAYASHI,JP,0.0019881816732561985,10.87251031310105,24.788592398872087
2016,vw_50,JP3535800001,TSUMURA,JP,0.0019664196609134347,36.258228293948484,16.800449802713743
2016,vw_50,JP3304200003,KOMATSU,JP,0.0017953601870518581,5.709159327546542,6.199822745155877
2016,vw_50,JP3900000005,MITSUBISHI HEAVY INDS.,JP,0.0017735553741494523,4.390393053422546,11.61048660378677
2016,vw_50,JP3870000001,MABUCHI MOTOR,JP,0.0017382894051399176,22.56014933686401,6.785391219975642
2016,vw_50,JP3194000000,OKI ELECTRIC IND.,JP,0.0017258985927807399,2.5396315271704784,11.070630623377147
2016,vw_50,JP3027680002,JAPAN REAL ESTATE INV.,JP,0.0017042765300351037,13.959254736286224,0.9818687281992351
2016,vw_50,AU000000SBM8,ST BARBARA,AU,0.0016949830720734119,296.9349961693119,234.61566014757503
2016,vw_50,JP3596200000,TOTO,JP,0.0016904710242072075,35.23077626401944,29.611507595880475
2016,vw_50,JP3786200000,HITACHI METALS DEAD - DELIST.29/12/22,JP,0.0016656254914110282,39.21901120031484,73.94094554655395
2016,vw_50,HK0010000088,HANG LUNG GROUP,HK,0.0016568648161112774,1.854887147254003,0.6440359371213104
2016,vw_50,AU000000SHL7,SONIC HEALTHCARE,AU,0.0016274766033968638,2.5644875657826534,1.5591881660853335
2016,vw_50,JP3358200008,SHIMAMURA,JP,0.0016152998314443534,0.22485717881130124,0.24402964256692017
2016,vw_50,JP3322930003,SUMCO,JP,0.0016043304552878822,11.171113531519042,11.275748427801895
2016,vw_50,NZCENE0001S6,CONTACT ENERGY,NZ,0.0015643445987975643,736.0524067518892,514.721317241124
2016,vw_50,JP3544000007,TEIJIN,JP,0.0015439410936293732,129.4336675029687,252.45186535509114
2016,vw_50,HK0023000190,BANK OF EAST ASIA,HK,0.0015286306824645183,0.4581852597105809,0.23790188918188668
2016,vw_50,AU000000STO6,SANTOS,AU,0.00150261293812048,2202.8434162954463,1386.8785875852352
2016,vw_50,AU000000NCM7,NEWCREST MINING DEAD - DELIST.08/11/23,AU,0.0014979532274319851,487.8884756224639,214.05214157867718
2016,vw_50,HK0000745908,YUEXIU PROPERTY COMPANY,HK,0.0014978986246371286,0.4162241804469518,0.8170163366253343
2016,vw_50,AU000000GWA4,GWA GROUP,AU,0.0014781511265160162,34.61257903816303,25.71135079609656
2016,vw_50,AU0000088338,AMPOL,AU,0.0014627503644077887,51.96388794671459,104.56946212524038
2016,vw_50,JP3148800000,IBIDEN,JP,0.0014424313990500834,47.328210706684715,66.76234183370394
2016,vw_50,JP3787000003,HITACHI CON.MCH.,JP,0.0013977063628195139,6.327945839057039,13.22082385354568
2016,vw_50,HK0006000050,POWER ASSETS HOLDINGS,HK,0.0013795672441205477,53359.06002298727,461.235142411498
2016,vw_50,JP3385980002,J S R DEAD - DELIST.25/06/24,JP,0.0013753354448382187,126.07942987242183,127.49669481108562
2016,vw_50,AU000000ERA9,ENERGY RES.OF AUS.,AU,0.001361212017057045,463.7759092686742,891.356091450047
2016,vw_50,JP3166000004,EBARA,JP,0.0013311357649470755,2.543046421511814,5.164719425870135
2016,vw_50,JP3420600003,SEKISUI HOUSE,JP,0.0013265684743469692,5.563531028233045,7.40101996382106
2016,vw_50,JP3405400007,SUMITOMO HEAVY INDS.,JP,0.0013228907705607233,2.750719365342886,6.271508694772023
2016,vw_50,AU0000038911,OVATO DEAD - DELIST.29/08/22,AU,0.0012397466856802427,45.7013326508601,242.88351306713298
2016,vw_50,HK0003000038,HONG KONG AND CHINA GAS,HK,0.0012381670625122724,219.53804352117965,41.37906397977288
2016,vw_50,BMG2442N1048,COSCO SHIPPING PORTS,HK,0.0012325063060506516,653.9784415577875,154.2955163144372
2016,vw_50,SGXE34184239,SEATRIUM,SG,0.001231656994651613,14.092408377790928,22.947221624252407
2016,vw_50,AU000000QAN2,QANTAS AIRWAYS,AU,0.0012216983981486653,1056.5658965301095,2086.2671284965636
2016,vw_50,AU000000MTS0,METCASH,AU,0.0011996415786660875,2.1171691381729274,17.441628244201898
2016,vw_50,AU000000BLD2,BORAL DEAD - DELIST.08/07/24,AU,0.0011549223941191755,574.6301295189122,597.9099029474578
2016,vw_50,JP3493400000,DIC,JP,0.0011167417853944575,48.75701622887432,138.20904332932867
2016,vw_50,AU000000ORG5,ORIGIN ENERGY (EX BORAL),AU,0.0011154480426686523,2048.9906334443017,3432.6372488758047
2016,vw_50,JP3385820000,GS YUASA,JP,0.0010902699329892172,7.152544219746621,15.43541471588389
2016,vw_50,AU000000RHC8,RAMSAY HEALTH CARE,AU,0.0010688431171855617,2.6545812300298333,1.7346801407744858
2016,vw_50,AU000000CWY3,CLEANAWAY WASTE MANAGEMENT,AU,0.0010666454169552815,550.2047144327119,634.3544783313863
2016,vw_50,JP3429800000,ANA HOLDINGS,JP,0.001044105038793488,717.5907058767264,1082.0094722804267
2016,vw_50,JP3224200000,KAWASAKI HEAVY INDUSTRY,JP,0.0010223189127022724,13.786113154223525,35.38399678327302
2016,vw_50,JP3118000003,ASICS,JP,0.0009944293629957006,1.3569156955434791,1.2741925282509698
2016,vw_50,JP3973400009,RICOH,JP,0.0009758520885200381,8.37657897702557,20.581326133633794
2016,vw_50,HK0019000162,SWIRE PACIFIC 'A',HK,0.0009585249248968495,2294.9406907901976,2094.437678861452
2016,vw_50,JP3634200004,TOYODA GOSEI,JP,0.0009573406430907915,16.97379462140568,39.07304528210739
2016,vw_50,JP3266400005,KUBOTA,JP,0.0009542867481025396,22.67874528428822,17.203284563212453
2016,vw_50,JP3549600009,DENKA,JP,0.0009454452602407648,599.0142085137477,930.1020305891315
2016,vw_50,JP3463000004,TAKEDA PHARMACEUTICAL,JP,0.0009323547631295829,10.573479939120398,4.117743946916398
2016,vw_50,NZTELE0001S4,SPARK NEW ZEALAND,NZ,0.0009067095841812187,0.8285484883038371,0.4568475042038899
2016,vw_50,JP3443600006,TAISEI,JP,0.0008754938595002335,9.526558332828476,16.957235970536804
2016,vw_50,JP3228600007,KANSAI ELECTRIC PWR.,JP,0.0008603867871041778,1516.123685225157,3888.6940407159286
2016,vw_50,SGXE21576413,GENTING SINGAPORE,SG,0.0008328389241904168,1.8019432441401162,0.5184361365386261
2016,vw_50,JP3300600008,KONICA MINOLTA,JP,0.0008206138410558853,19.40694932520381,39.8392717716288
2016,vw_50,JP3903000002,MITSUBISHI MATERIALS,JP,0.000818564639527739,863.2932643766782,2635.66839388798
2016,vw_50,JP3397200001,SUZUKI MOTOR,JP,0.0008015622757472817,20.489178770617983,33.14231309241885
2016,vw_50,AU000000CIM7,CIMIC GROUP DEAD - DELIST.11/05/22,AU,0.0007931936592816346,208.98681637064104,344.67258737968064
2016,vw_50,AU000000SGM7,SIMS,AU,0.0007919044540434672,21.80413791055587,83.42225919013227
2016,vw_50,AU000000DOW2,DOWNER EDI,AU,0.0007820546868350849,44.99646133356849,233.26690892040793
2016,vw_50,HK0083000502,SINO LAND,HK,0.0007634066857052119,0.23654907857810717,0.08939414119730173
2016,vw_50,NZSKCE0001S2,SKY CITY ENTM.GP.,NZ,0.0007224837753038695,7.728732207617557,2.7185864236851582
2016,vw_50,AU000000BSL0,BLUESCOPE STEEL,AU,0.0006971259786890553,1361.5889660913308,4484.353564437503
2016,vw_50,JP3827200001,FURUKAWA ELECTRIC,JP,0.0006965631698553135,21.173365054221573,104.25564830197817
2016,vw_50,JP3686800008,NIPPON SHEET GLASS,JP,0.0006629332296438976,563.9782575102164,4697.335045250995
2016,vw_50,JP3215800008,KANEKA,JP,0.0006595890884754843,245.75509497947243,335.3137029563738
2016,vw_50,JP3143600009,ITOCHU,JP,0.0006494616171970872,1.7216803427430516,3.895811646482196
2016,vw_50,JP3256000005,KYOWA KIRIN,JP,0.0006444306089896238,21.340611032275973,7.5049944686477374
2016,vw_50,JP3375800004,SHINKO ELEC.INDS. DEAD - DELIST.06/06/25,JP,0.0006424922323013269,31.267850737941203,43.56829671791668
2016,vw_50,JP3942600002,YAMAHA,JP,0.0006393404935323098,7.031032815452696,5.528668271398073
2016,vw_50,HK0200030994,MELCO INTL.DEV.,HK,0.0006280136534973688,285.43048771597284,8.526891204686768
2016,vw_50,JP3663900003,SOJITZ,JP,0.0005655447861904567,0.5356861954932933,2.855151104077172
2016,vw_50,JP3888400003,MITSUI KINZOKU LIMITED,JP,0.0005572824392969578,166.99114245561557,750.9363513027748
2016,vw_50,JP3040890000,JAPAN PRIME REALTY INV.,JP,0.000557143718980583,16.848381529118907,1.2537869224943194
2016,vw_50,JP3762800005,NOMURA RESEARCH INST.,JP,0.000539694034132648,0.28712612589332115,0.1083343805656788
2016,vw_50,SG1R89002252,CITY DEVELOPMENTS,SG,0.0005352037337181919,0.33706408538956834,0.1749691000082998
2016,vw_50,BMG524401079,KERRY PROPERTIES,HK,0.0005201238824802585,4.024811425967454,1.6871300566775163
2016,vw_50,AU000000BPT9,BEACH ENERGY,AU,0.0005092190444135957,102.08835679750597,116.51487724855753
2016,vw_50,AU000000OZL8,OZ MINERALS DEAD - DELIST.03/05/23,AU,0.0005061741994256692,230.16808986733824,175.52132672268493
2016,vw_50,AU000000CSR5,CSR DEAD - DEAD.10/07/24,AU,0.000505199566801426,292.04707382807476,462.26881418943475
2016,vw_50,JP3635400009,TOYOTA BOSHOKU,JP,0.0004891610538136603,4.2636743936537895,13.193180375058207
2016,vw_50,JP3850200001,HOKKAIDO ELEC.POWER,JP,0.00045197900077206967,2503.2169990345683,7193.180788292479
2016,vw_50,IE00BKVD2N49,SEAGATE TECHNOLOGY HOLDINGS,SG,0.00040768218515951986,23.100336921686253,33.14706572506996
2016,vw_50,JP3670800006,NISSAN CHEMICAL,JP,0.00040376159002097277,236.08249876727933,98.08696536757392
2016,vw_50,JP3678000005,NISSHINBO HOLDINGS,JP,0.00040172955129703203,62.88176283386359,159.15087994619438
2016,vw_50,AU000000CGF5,CHALLENGER,AU,0.0003969345221288511,0.0,0.0
2016,vw_50,AU000000COH5,COCHLEAR,AU,0.00039219299033580157,0.008225784691395541,0.0016162406448491339
2016,vw_50,JP3119600009,AJINOMOTO,JP,0.0003892245474771015,127.7267426891687,80.9709627210659
2016,vw_50,SG1U68934629,KEPPEL,SG,0.00037553012442696255,167.20168013040563,193.26834147334475
2016,vw_50,JP3734800000,NIDEC,JP,0.0003692938607586717,1.7849560662964299,0.8377635197066912
2016,vw_50,HK0012000102,HENDERSON LD.DEV.,HK,0.00036478554696796464,0.27874830807025774,0.04831204785976486
2016,vw_50,JP3820000002,FUJI ELECTRIC,JP,0.0003314245908571276,38.38165951299665,99.72361535953294
2016,vw_50,JP3407400005,SUMITOMO ELECTRIC IND.,JP,0.00033039102177893453,7.839129157830001,18.768672227380623
2016,vw_50,JP3027670003,NIPPON BUILDING FUND,JP,0.00031086838699393327,12.802943061555217,1.0224137620138125
2016,vw_50,JP3449020001,TAIHEIYO CEMENT,JP,0.000307169060582074,2093.1314353148596,4227.124094034167
2016,vw_50,NZFBUE0001S0,FLETCHER BUILDING,NZ,0.0003004731950668083,206.45543084085693,364.5558623685272
2016,vw_50,AU000000IAG3,INSURANCE AUS.GROUP,AU,0.0002931956459617769,1.4493316352704146,1.4478820265680294
2016,vw_50,JP3914400001,MURATA MANUFACTURING,JP,0.00028841103697930745,12.0718596244583,4.181616516973936
2016,vw_50,JP3877600001,MARUBENI,JP,0.00027795754155495996,0.0021736255718708248,0.016746491610007703
2016,vw_50,JP3452000007,TAIYO YUDEN,JP,0.0002767032731261365,16.531560318192195,23.681777429115765
2016,vw_50,HK0002007356,CLP HOLDINGS,HK,0.00027606965835076875,3691.5513617910487,1786.6018641014716
2016,vw_50,JP3246400000,KYUSHU ELEC.POWER,JP,0.00027011785943696404,1778.1102089518731,5452.789746375877
2016,vw_50,JP3792600003,HINO MOTORS,JP,0.0002671839777299131,11.605432401104919,28.81557861176316
2016,vw_50,JP3720800006,NSK,JP,0.00025333872630314873,15.597371499639694,23.77900763498948
2016,vw_50,JP3258000003,KIRIN HOLDINGS,JP,0.0002471022292166601,21.949889114743456,30.81754094467675
2016,vw_50,JP3269600007,KURARAY,JP,0.0002426040835332998,273.3692063188393,280.46577182477745
2016,vw_50,JP3347200002,SHIONOGI,JP,0.00023909713279224518,17.207211328923574,2.6235342204904413
2016,vw_50,JP3270000007,KURITA WATER IND.,JP,0.00023585153248911032,7.158192680089318,4.627770237995951
2016,vw_50,JP3665200006,NICHIREI,JP,0.00023353330072530072,9.665643594913975,17.713284551169743
2016,vw_50,JP3381000003,NIPPON STEEL,JP,0.0002177504975508091,2080.53576273832,5201.934418219162
2016,vw_50,JP3134800006,IHI,JP,0.0002062258723646913,5.937015379250011,23.93014969720624
2016,vw_50,JP3229400001,KANSAI PAINT,JP,0.00020457087642951764,16.654754618202844,12.169236578122927
2016,vw_50,JP3402600005,SUMITOMO METAL MINING,JP,0.00019368672990772296,278.20902771615744,355.8287652997836
2016,vw_50,JP3351600006,SHISEIDO,JP,0.00019165955235714196,3.7395297775926544,3.8345372569932614
2016,vw_50,JP3289800009,KOBE STEEL,JP,0.0001895339511520492,1046.3937745400535,4744.116221063023
2016,vw_50,JP3634600005,TOYOTA INDS.,JP,0.00018117351324601047,10.19249955800535,12.097670216085547
2016,vw_50,JP3386030005,JFE HOLDINGS,JP,0.00016842323983139702,1837.8734238765428,7022.39077101229
2016,vw_50,JP3573000001,TOKYO GAS,JP,0.00016799694724333285,186.68207936414186,278.8784987828608
2016,vw_50,AU000000MGR9,MIRVAC GROUP STAPLED UNITS,AU,0.00016441290347581127,5.682487014611321,1.2336091102202489
2016,vw_50,JP3818000006,FUJITSU,JP,0.00014996343292362767,4.737981714549236,24.20039463289026
2016,vw_50,JP3982800009,ROHM,JP,0.0001474008852438281,14.255421372898352,8.24230501753968
2016,vw_50,BMG677491539,ORIENT OVERSEAS (INTL.),HK,0.0001464652674417376,903.1451389946128,2341.1138285724287
2016,vw_50,JP3112000009,AGC,JP,0.000145650946799804,479.64439943987685,738.3792505659977
2016,vw_50,JP3743000006,NH FOODS,JP,0.00014218823042826803,32.315379527684605,77.42360214468013
2016,vw_50,JP3293200006,COCA-COLA BOTTLERS JAPAN HOLDINGS,JP,0.00013743773450412134,27.01640171352955,38.71526826863639
2016,vw_50,JP3778630008,BANDAI NAMCO HDG.,JP,0.00012828811817981172,0.0,0.0
2016,vw_50,JP3560800009,TOKAI CARBON,JP,0.00011797726310755178,44.71258488969214,65.13749206455277
2016,vw_50,JP3401400001,SUMITOMO CHEMICAL,JP,0.0001089743281019598,77.43959374876559,179.66722179712232
2016,vw_50,AU000000SGP0,STOCKLAND STAPLED UNITS,AU,0.00010608205075925191,22.801300811738283,5.062237666250063
2016,vw_50,JP3475350009,DAIICHI SANKYO,JP,0.00010536101683034493,17.064643587881232,8.023633578534517
2016,vw_50,JP3619800000,TOYOBO,JP,0.00010080095656514855,238.09323066765893,598.5871674116872
2016,vw_50,JP3491000000,DAIDO STEEL,JP,9.964511366299393e-05,104.22386128410909,231.14229415583677
2016,vw_50,JP3688370000,NIPPON EXPRESS HOLDINGS,JP,8.44562982475251e-05,45.103139704321535,155.40421464522007
2016,vw_50,JP3164800009,NOK,JP,8.35513131707986e-05,6.945997138447578,14.5808650014198
2016,vw_50,JP3811000003,FUJIKURA,JP,8.247076452250771e-05,4.860080653411228,16.2448492294853
2016,vw_50,JP3495000006,SUMITOMO PHARMA,JP,7.984345520640955e-05,24.959484407066004,18.531770678620614
2016,vw_50,AU000000WOW2,WOOLWORTHS GROUP,AU,6.575764161066072e-05,30.563728487204106,60.15983085977151
2016,vw_50,SG1V61937297,SINGAPORE AIRLINES,SG,6.393936319143332e-05,1292.6099948965514,1519.163930513888
2016,vw_50,JP3595200001,TOSOH,JP,6.056672090673498e-05,1137.729871940832,2695.262599183145
2016,vw_50,AU000000CQR9,CHARTER HALL RETAIL REIT,AU,5.9834729366816635e-05,0.589696271732042,0.07141536858731999
2016,vw_50,AU000000WOR2,WORLEY,AU,5.032547447051222e-05,3.1865271804034743,32.62345995017235
2016,vw_50,JP3158800007,UBE,JP,5.002315539772434e-05,2132.1251906985344,5651.90537347673
2016,vw_50,JP3657400002,NIKON,JP,4.880430769058343e-05,3.3957705334361368,4.01908442567433
2016,vw_50,SG1T75931496,SINGAPORE TELECOM,SG,4.766495141671091e-05,0.6010432244927562,0.18532719345851043
2016,vw_50,JP3893600001,MITSUI,JP,4.031503707764859e-05,6.952761542630747,14.176268925818182
2016,vw_50,JP3870400003,MARUI GROUP,JP,3.605866989050341e-05,7.061909866467572,3.214112344738823
2016,vw_50,JP3456000003,TAKASHIMAYA,JP,3.052297650917732e-05,2.017525279741009,5.134887838458312
2016,vw_50,AU000000GPT8,GPT GROUP STAPLED UNITS,AU,2.541727987801006e-05,28.071744627705726,2.1883936891488065
2016,vw_50,JP3414750004,SEIKO EPSON,JP,2.1599315178637222e-05,12.668570794664207,18.148884045430467
2016,vw_50,JP3742600004,NHK SPRING,JP,1.9518369029997995e-05,4.063235534056266,9.053470670655507
2016,vw_50,SG1F60858221,SINGAPORE TECHS.ENGR.,SG,1.8554554088777013e-05,10.390223903690512,7.750022275009793
2016,vw_50,AU000000QBE9,QBE INSURANCE GROUP,AU,1.8509172210907137e-05,0.627485406774314,0.830560336584433
2016,vw_50,JP3388200002,AEON,JP,1.8193974426936675e-05,3.83981795691552,21.42629345034747
2016,vw_50,JP3421100003,JAPAN PETROLEUM EXP.,JP,1.6721241239769834e-05,81.39931693776595,123.97202056655567
2016,vw_50,JP3528600004,CHIYODA CORPORATION,JP,1.3821409798882837e-05,0.682265755086064,1.8303598147876097
2016,vw_50,JP3368000000,RESONAC HOLDINGS,JP,1.3280983255389187e-05,490.28499663237034,1952.3202197586577
2016,vw_50,JP3294460005,INPEX,JP,1.2001046815963416e-05,83.66449339842524,60.25685811157916
2016,vw_50,JP3571400005,TOKYO ELECTRON,JP,1.0343504146886505e-05,3.5288635453750983,1.9322738031979132
2016,vw_50,JP3551520004,DENTSU GROUP,JP,1.0168405973929466e-05,0.6600289289275232,0.33788045044627013
2016,vw_50,AU000000LLC3,LENDLEASE GROUP STAPLED UNITS,AU,9.3406511555204e-06,8.358856215146137,16.376219791920345
2016,vw_50,AU000000MAH3,MACMAHON HOLDINGS,AU,9.274259571784925e-06,0.40041491813564295,1.6384982582892529
2016,vw_50,AU000000MND5,MONADELPHOUS GROUP,AU,8.98279976748636e-06,8.385485851489713,22.629841332413523
2016,vw_50,JP3210200006,KAJIMA,JP,8.442214432235934e-06,14.060221998499278,32.45069562201939
2016,vw_50,AU000000ORI1,ORICA,AU,6.334259608198011e-06,451.72298439322185,518.8560952619791
2016,vw_50,AU000000IGO4,IGO,AU,2.3200000263624015e-06,159.5652663226097,62.2900610046946
2016,vw_50,JP3613400005,TOYO SEIKAN GROUP HDG.,JP,1.3374165528781233e-06,79.63897799555467,135.86642455560892
2016,vw_50,KYG0535Q1331,ASMPT,HK,1.2117484854621206e-06,1.5005957365073934,0.816609177380579
2017,vw,JP3633400001,TOYOTA MOTOR,JP,0.04360365263139412,10.56841639040032,13.663936290691403
2017,vw,AU000000CBA7,COMMONWEALTH BK.OF AUS.,AU,0.025349876551335564,0.30528999794195366,0.08934817492481352
2017,vw,JP3902900004,MITSUBISHI UFJ FINL.GP.,JP,0.02125136663979386,0.2322178627689417,0.12556707756782257
2017,vw,JP3735400008,NTT,JP,0.021165380205449447,1.8727427166719461,2.0974230949464796
2017,vw,AU000000WBC1,WESTPAC BANKING,AU,0.01927372537909049,0.3211164242325381,0.11242423577522474
2017,vw,JP3496400007,KDDI,JP,0.01621550599524771,0.6452305848839158,0.3877842137114204
2017,vw,AU000000BHP4,BHP GROUP,AU,0.015578208244999048,299.30833264991264,157.48177935812825
2017,vw,AU000000ANZ3,ANZ GROUP HOLDINGS,AU,0.015478887628251404,0.6312926008020708,0.2871577944457971
2017,vw,JP3726800000,JAPAN TOBACCO,JP,0.015025672623578892,20.35234098605833,6.03331947328499
2017,vw,AU000000NAB4,NATIONAL AUS.BANK,AU,0.014561471579715915,0.6922686991507989,0.31089760612373296
2017,vw,JP3854600008,HONDA MOTOR,JP,0.012863577120014966,10.357535825057596,23.249131517794122
2017,vw,JP3890350006,SUMITOMO MITSUI FINL.GP.,JP,0.012783543988064703,0.3812316762116766,0.3071100836944888
2017,vw,AU000000TLS2,TELSTRA GROUP,AU,0.010731217754429992,2.740693127951298,1.1469785019912095
2017,vw,KYG217651051,CK HUTCHISON HOLDINGS,HK,0.010686738548120155,238.61899180998319,174.70316360217757
2017,vw,SG1T75931496,SINGAPORE TELECOM,SG,0.010479952411898806,0.38318384011182444,0.10003576049918447
2017,vw,HK2388011192,BOC HONG KONG HOLDINGS,HK,0.009821458288290749,0.029494685039549277,0.007707748809224177
2017,vw,JP3672400003,NISSAN MOTOR,JP,0.009758460292822336,9.411620414075122,23.072863830116322
2017,vw,HK0016000132,SUN HUNG KAI PROPERTIES,HK,0.009346397374126353,4.478096853824506,1.4805872752039442
2017,vw,AU000000CSL8,CSL,AU,0.009158760871508798,8.064115711608014,1.412857222669084
2017,vw,HK0011000095,HANG SENG BANK DEAD - DELIST.28/01/26,HK,0.009153368319732619,0.013532822606637908,0.0016451310629588723
2017,vw,JP3242800005,CANON,JP,0.008978112723467737,5.762304398219913,4.537070097111028
2017,vw,JP3435000009,SONY GROUP,JP,0.008845647072276046,3.994001884452597,7.060059689633978
2017,vw,JP3371200001,SHIN-ETSU CHEMICAL,JP,0.008733249283825082,151.29117389297497,44.14348398032966
2017,vw,JP3898400001,MITSUBISHI,JP,0.008682732662528397,108.11694150394638,160.40622250207875
2017,vw,AU000000WES1,WESFARMERS,AU,0.008244636896392994,48.45909415755871,71.10080069464951
2017,vw,JP3783600004,EAST JAPAN RAILWAY,JP,0.008234449926833143,53.89010191516441,39.156423100473674
2017,vw,JP3551500006,DENSO,JP,0.008208412406471908,17.121468256546066,19.355672435985383
2017,vw,JP3463000004,TAKEDA PHARMACEUTICAL,JP,0.007989927610483087,10.462874990089514,4.708055248589703
2017,vw,JP3566800003,CENTRAL JAPAN RAILWAY,JP,0.007817419692246275,4.574161361337423,2.1220393814643748
2017,vw,JP3802300008,FAST RETAILING,JP,0.00774648707553354,0.8273025240336739,0.39840397119088977
2017,vw,HK0688002218,CHINA OVERSEAS LAND INVESTMENT,HK,0.007587860071552479,0.0866786755498376,0.054594380381495555
2017,vw,JP3910660004,TOKIO MARINE HOLDINGS,JP,0.00740715818491053,0.3420374480098951,0.47049961722225425
2017,vw,JP3902400005,MITSUBISHI ELECTRIC,JP,0.0074053497641675655,10.052455564905808,11.98937488976874
2017,vw,HK0066009694,MTR,HK,0.0070593245765815885,9.46857467927678,1.8250961896487525
2017,vw,JP3814800003,SUBARU,JP,0.0069855788609353535,9.328360926638966,8.995950247038945
2017,vw,JP3830800003,BRIDGESTONE,JP,0.006913057450805026,63.03450676003815,63.235672354722716
2017,vw,JP3914400001,MURATA MANUFACTURING,JP,0.006907573777053428,14.062004463938438,4.769272087310828
2017,vw,HK0388045442,HONG KONG EXCHANGES AND CLEARING,HK,0.006905024698202557,0.063296276466221,0.002876154479948974
2017,vw,JP3481800005,DAIKIN INDUSTRIES,JP,0.006801278824494741,56.41958834480793,34.69679126822612
2017,vw,JP3734800000,NIDEC,JP,0.006611247449446259,8.594251890881909,3.1099813083055228
2017,vw,JP3788600009,HITACHI,JP,0.006586560403489977,16.399459382174726,48.243493424872995
2017,vw,JP3942400007,ASTELLAS PHARMA,JP,0.006557569596540747,8.097843900990933,3.3687079677548657
2017,vw,JP3893600001,MITSUI,JP,0.00617908629401774,8.284092013256764,11.873094018645295
2017,vw,JP3866800000,PANASONIC HOLDINGS,JP,0.005957045404526605,6.839610359833455,17.257595499219093
2017,vw,JP3205800000,KAO,JP,0.0058635262202140805,50.36569505353341,26.02033172137445
2017,vw,AU000000WOW2,WOOLWORTHS GROUP,AU,0.005843841537062303,15.973026656558334,26.677237799717012
2017,vw,HK0002007356,CLP HOLDINGS,HK,0.00576649066223468,3735.899409601882,1549.6070776667361
2017,vw,JP3762600009,NOMURA HDG.,JP,0.005745240550274394,0.20583078706845945,0.1228979849122593
2017,vw,JP3304200003,KOMATSU,JP,0.005604436070101257,6.044518403653202,3.835433233028416
2017,vw,HK0003000038,HONG KONG AND CHINA GAS,HK,0.00556777933491215,223.3492938412655,34.49437829758073
2017,vw,JP3933800009,LY,JP,0.00553947544746994,0.0036223464970299444,0.0011388162131998922
2017,vw,JP3381000003,NIPPON STEEL,JP,0.00538975970539284,2211.9628018440712,3858.150125389879
2017,vw,JP3143600009,ITOCHU,JP,0.005349703419582269,2.0341791747592533,3.7794241156223563
2017,vw,HK0004000045,WHARF HOLDINGS,HK,0.005322885521277688,4.69569978274671,1.2385747764775699
2017,vw,AU000000MQG1,MACQUARIE GROUP,AU,0.005123564377658111,0.04040874990352761,0.019745776547124914
2017,vw,BMG2178K1009,CKI HOLDINGS,HK,0.005048342018717879,10884.988866221121,345.4651061078485
2017,vw,JP3890310000,MS&AD INSURANCE GP.HDG.,JP,0.004982872047608569,0.5702802402393551,1.2339062334420239
2017,vw,AU0000224040,WOODSIDE ENERGY GROUP,AU,0.0048675583559441415,2347.377139164098,474.3906794207662
2017,vw,HK0006000050,POWER ASSETS HOLDINGS,HK,0.00480707205595207,64111.19143578344,517.2512024792263
2017,vw,JP3200450009,ORIX,JP,0.004702802815000812,10.1537549053633,11.208278662095232
2017,vw,HK0012000102,HENDERSON LD.DEV.,HK,0.004698723354255056,0.25856504291663795,0.04236607571295094
2017,vw,JP3249600002,KYOCERA,JP,0.004691424250377768,10.70634260938217,6.645686404680667
2017,vw,JP3266400005,KUBOTA,JP,0.0046582908982382605,21.06088094917939,14.996955467568958
2017,vw,JP3198900007,ORIENTAL LAND,JP,0.004649136644399844,14.307413863407119,3.015348121940678
2017,vw,JP3397200001,SUZUKI MOTOR,JP,0.0045092130099891065,22.287457488501683,31.6073148653347
2017,vw,JP3814000000,FUJIFILM HOLDINGS,JP,0.004491962919103697,31.78014333373511,34.381420509219524
2017,vw,JP3519400000,CHUGAI PHARM.,JP,0.00430950868678058,10.523278913984448,2.495689795387268
2017,vw,JP3505000004,DAIWA HOUSE INDUSTRY,JP,0.004163496235243014,9.343797131629477,16.161915456346836
2017,vw,KYG2108Y1052,CHINA RESOURCES LAND,HK,0.00402792075458248,37.23237240633744,30.429927706342617
2017,vw,JP3116000005,ASAHI GROUP HOLDINGS,JP,0.0039858574488517455,23.75625157581996,21.142679276738075
2017,vw,JP3571400005,TOKYO ELECTRON,JP,0.003927899199562371,2.7174608046241593,1.011223389953912
2017,vw,JP3837800006,HOYA,JP,0.003923097772395974,5.0936900962820975,1.2798102767175061
2017,vw,JP3421800008,SECOM,JP,0.003911116400858608,6.786918018752721,3.348369633722413
2017,vw,JP3160400002,EISAI,JP,0.0038052630394115744,8.718231068077575,2.526887398351021
2017,vw,JP3475350009,DAIICHI SANKYO,JP,0.003770671735665336,13.490824816135902,7.155236674786023
2017,vw,AU000000TCL6,TRANSURBAN GROUP STAPLED UNITS,AU,0.0037669427440558127,1.437572146908775,0.17032171949265712
2017,vw,JP3347200002,SHIONOGI,JP,0.003729295349441619,14.153190227974108,2.6862473608039448
2017,vw,JP3404600003,SUMITOMO,JP,0.003707545234846973,1.7555836391915216,4.087354528330543
2017,vw,JP3634600005,TOYOTA INDS.,JP,0.0036093414464134616,13.293220637727138,12.4982554263039
2017,vw,HK0823032773,LINK REAL ESTATE INVESTMENT TRUST,HK,0.003525081656680224,0.0,0.0
2017,vw,JP3258000003,KIRIN HOLDINGS,JP,0.0035159928237472374,20.14897248621797,24.713440724809395
2017,vw,JP3900000005,MITSUBISHI HEAVY INDS.,JP,0.003404660461470422,4.349250699180883,10.37615625173708
2017,vw,JP3684000007,NITTO DENKO,JP,0.003339917129703569,58.03387282565853,26.57405470672141
2017,vw,JP3621000003,TORAY INDS.,JP,0.003317367945478311,185.67294062781542,234.53578114501354
2017,vw,JP3294460005,INPEX,JP,0.0032928164142547057,51.49767546446707,26.780754946718908
2017,vw,JP3951600000,UNI CHARM,JP,0.003286891149391453,4.953585633178492,2.226784249443055
2017,vw,JP3165700000,NTT DATA GROUP DEAD - DELIST.26/09/25,JP,0.0032703256415521536,0.7184305884816374,0.7535229178990807
2017,vw,JP3967200001,RAKUTEN GROUP,JP,0.003233026379613285,0.04370956146657081,0.021969635650937177
2017,vw,JP3546800008,TERUMO,JP,0.003231907214838246,15.284812621248,4.94806068900104
2017,vw,JP3359600008,SHARP,JP,0.0032207786515323815,8.334657648902715,10.808959974929016
2017,vw,IE00BKVD2N49,SEAGATE TECHNOLOGY HOLDINGS,SG,0.0031221309355263073,27.307495429616086,22.356643330477112
2017,vw,AU000000QBE9,QBE INSURANCE GROUP,AU,0.0030853246668390744,0.521196763779568,0.5985557117239374
2017,vw,JP3551520004,DENTSU GROUP,JP,0.003056859563594196,0.728438189364427,0.4151860885144333
2017,vw,AU000000SUN6,SUNCORP GROUP,AU,0.003054983385484893,0.5642223069393281,0.540945266097959
2017,vw,AU000000NCM7,NEWCREST MINING DEAD - DELIST.08/11/23,AU,0.0030464786677789624,350.41722911120434,98.78969480460715
2017,vw,JP3111200006,ASAHI KASEI,JP,0.0030417730355098015,172.64555235877594,218.14740619661535
2017,vw,JP3388200002,AEON,JP,0.0029237700773400103,3.501385751738632,20.50917117040804
2017,vw,JP3659000008,WEST JAPAN RAILWAY,JP,0.0029190480898444917,7.799212700674717,8.00418779105228
2017,vw,JP3818000006,FUJITSU,JP,0.0029180410751930477,5.160293092739299,16.65445606786691
2017,vw,JP3197600004,ONO PHARM.,JP,0.002864283782616658,10.306379696526987,1.7701179616398308
2017,vw,JP3119600009,AJINOMOTO,JP,0.002754867318284586,134.9213488301012,107.74775523566315
2017,vw,JP3201200007,OLYMPUS,JP,0.002752470109392749,4.0490274477645904,2.279273138429491
2017,vw,JP3407400005,SUMITOMO ELECTRIC IND.,JP,0.0027389957393350282,7.80673279447891,16.48431608722801
2017,vw,HK0023000190,BANK OF EAST ASIA,HK,0.0027100656803694142,0.5863997759631452,0.16355778332997098
2017,vw,AU000000AMP6,AMP,AU,0.0026899627707150653,0.008465271795627881,0.008338414554702606
2017,vw,JP3420600003,SEKISUI HOUSE,JP,0.002663651884427569,4.437251167274385,7.0173161046527435
2017,vw,JP3386030005,JFE HOLDINGS,JP,0.002615829202558065,1935.0867752721806,4912.604761296534
2017,vw,JP3351600006,SHISEIDO,JP,0.0026044483014741114,4.142627387246547,2.8108061555685935
2017,vw,HK0000608585,NEW WORLD DEVELOPMENT COMPANY,HK,0.002603803438263442,49.84343225735034,30.221854916719163
2017,vw,JP3502200003,DAIWA SECURITIES GROUP,JP,0.0025882005523183305,0.18898185513526072,0.09162766848658173
2017,vw,JP3486800000,DAITO TST.CONSTRUCTION,JP,0.002543221343374134,2.818453531065352,3.379718565025223
2017,vw,AU000000IAG3,INSURANCE AUS.GROUP,AU,0.0024971860540994205,1.2849476301765297,1.1571964558051628
2017,vw,JP3429800000,ANA HOLDINGS,JP,0.0024686298288791216,716.6247257452176,1058.1429685547926
2017,vw,JP3877600001,MARUBENI,JP,0.00246003398919777,10.19871517730095,59.48186371022967
2017,vw,AU000000RHC8,RAMSAY HEALTH CARE,AU,0.0024370712513917567,2.318441698092646,1.5072943960132723
2017,vw,HK0083000502,SINO LAND,HK,0.002424470717713711,2.6504878160411,0.535761919997533
2017,vw,JP3539220008,T & D HOLDINGS,JP,0.002399881803115575,0.12113353817053056,0.1944225931320243
2017,vw,JP3635000007,TOYOTA TSUSHO,JP,0.002376676073375106,1.7322682796813962,11.693432637444308
2017,vw,JP3228600007,KANSAI ELECTRIC PWR.,JP,0.0023625521671848996,1444.8748944699819,3905.388526326512
2017,vw,JP3526600006,CHUBU ELEC.POWER,JP,0.002346414231691805,2481.9425622499703,5773.405293449903
2017,vw,JP3573000001,TOKYO GAS,JP,0.0023379048410640574,255.89621202600517,370.97074008262894
2017,vw,AU000000ORG5,ORIGIN ENERGY (EX BORAL),AU,0.002254000193388869,1891.2030568963073,1792.5649964186018
2017,vw,JP3197800000,OMRON,JP,0.0021432426004954768,7.255559331843324,5.545931933069007
2017,vw,HK0019000162,SWIRE PACIFIC 'A',HK,0.002141039317859023,2296.011772454923,2014.6012484176524
2017,vw,JP3592200004,TOSHIBA DEAD - DELIST.20/12/23,JP,0.0021206630422784117,18.932201307899575,92.54780810432342
2017,vw,JP3762800005,NOMURA RESEARCH INST.,JP,0.0021068358666235494,0.2700246208449286,0.11089904748808113
2017,vw,JP3538800008,TDK,JP,0.002089924562569833,7.591728691396783,8.808999164880719
2017,vw,JP3401400001,SUMITOMO CHEMICAL,JP,0.0020780086119378967,76.01500891090934,145.49412345412495
2017,vw,JP3112000009,AGC,JP,0.002061791236773923,444.76682393623895,574.9952971413419
2017,vw,AU000000CIM7,CIMIC GROUP DEAD - DELIST.11/05/22,AU,0.002028223302905486,267.06058501078275,257.58143017596404
2017,vw,JP3868400007,MAZDA MOTOR,JP,0.002026484975989768,5.275280431979921,17.352083575935833
2017,vw,JP3414750004,SEIKO EPSON,JP,0.0019783375260540217,14.633711220830449,15.694015995767217
2017,vw,SG1V61937297,SINGAPORE AIRLINES,SG,0.00197787957971601,1334.6869845750848,1663.8788084977696
2017,vw,SGXE21576413,GENTING SINGAPORE,SG,0.0019454915586062257,2.0614110801477894,0.39151352403004325
2017,vw,JP3419400001,SEKISUI CHEMICAL,JP,0.001942610702306387,14.830692011872593,16.863655880870738
2017,vw,SG9999000020,FLEX,SG,0.0019333069149698441,3.1549114424034395,8.88596424440843
2017,vw,JP3940000007,YAMATO HDG.,JP,0.0019315615786714019,35.50418972694797,55.40072383827827
2017,vw,JP3443600006,TAISEI,JP,0.0019065801386406835,16.663642667636825,26.34765175021936
2017,vw,JP3027670003,NIPPON BUILDING FUND,JP,0.0018927342712985553,12.918032271501891,1.014460193115299
2017,vw,SG1U68934629,KEPPEL,SG,0.0018902809873449216,51.64826722866719,30.664024839438543
2017,vw,JP3402600005,SUMITOMO METAL MINING,JP,0.0018729748213977154,264.38659274111427,222.67158498507413
2017,vw,JP3256000005,KYOWA KIRIN,JP,0.0018701874235342057,22.520141156065158,8.584196612846
2017,vw,AU000000SGP0,STOCKLAND STAPLED UNITS,AU,0.0018680495618031818,14.587308821741555,3.4066647405133823
2017,vw,JP3180400008,OSAKA GAS,JP,0.001850126570176205,388.12949974840984,516.4755951253394
2017,vw,HK0000055878,CHINA TAIPING INSURANCE HLDGS,HK,0.0018354302310634838,0.03812949974237451,0.10456489637965272
2017,vw,AU000000ASX7,ASX,AU,0.0017384554210676975,0.06815684024888606,0.006451136004730833
2017,vw,JP3027680002,JAPAN REAL ESTATE INV.,JP,0.0017333152070696074,11.916016269099702,0.8767211921467133
2017,vw,JP3626800001,LIXIL,JP,0.0017169366161029656,35.71964276073402,77.15912879586851
2017,vw,JP3982100004,LAWSON DEAD - DELIST.24/07/24,JP,0.0017071842282720437,0.9770109327523375,0.7253606616384118
2017,vw,SG1F60858221,SINGAPORE TECHS.ENGR.,SG,0.0017036631816833522,6.63992428378404,4.3200157989149215
2017,vw,JP3260800002,KINTETSU GROUP HDG.,JP,0.001695913140850777,5.372366752314698,8.016978784785223
2017,vw,JP3942800008,YAMAHA MOTOR,JP,0.0016900252593620559,11.149709895684534,20.605203455698458
2017,vw,JP3210200006,KAJIMA,JP,0.0016853663563110594,11.855549928975643,25.646961944067442
2017,vw,JP3358800005,SHIMIZU,JP,0.0016813289518616506,15.833198504569676,30.77480006392396
2017,vw,JP3720800006,NSK,JP,0.001671527498351656,16.42869245955394,19.1498581233139
2017,vw,AU000000APA1,APA GROUP,AU,0.0016670531757124094,733.7613103353314,174.02112138136917
2017,vw,JP3982800009,ROHM,JP,0.001652366182443321,11.51645970634341,4.960344113267789
2017,vw,HK0144000764,CHINA MERCHANTS PORT HOLDINGS,HK,0.0016445460477834994,25.878548559854543,3.779291963481478
2017,vw,BMG668971101,CTF SERVICES,HK,0.001644499318565335,106.3685497845476,56.714433068785326
2017,vw,JP3695200000,NGK INSULATORS,JP,0.001605202382549936,85.08993496122638,46.14110444628491
2017,vw,JP3190000004,OBAYASHI,JP,0.0015999336632018938,8.40362121706126,19.80232721155194
2017,vw,JP3629000005,TOPPAN HOLDINGS,JP,0.0015814592668005761,19.327890199956997,36.48237969095575
2017,vw,AU000000SHL7,SONIC HEALTHCARE,AU,0.0015787606544515789,2.167026976462459,1.2410723006751456
2017,vw,JP3596200000,TOTO,JP,0.0015705456578982676,34.767684542548714,25.73677085347893
2017,vw,JP3495000006,SUMITOMO PHARMA,JP,0.0015678610643147196,22.90607590965076,12.271977420157636
2017,vw,AU000000DXS1,DEXUS STAPLED UNITS,AU,0.0015644288032405404,34.20381269613573,2.941431242644555
2017,vw,JP3493800001,DAI NIPPON PRINTING,JP,0.001560882055581858,20.883930212734192,39.368075035850396
2017,vw,HK0291001490,CHINA RESOURCES BEER HOLDINGS,HK,0.0015414964394263337,86.92805972861754,56.8391089446569
2017,vw,AU000000LLC3,LENDLEASE GROUP STAPLED UNITS,AU,0.0015132392812022876,6.942441615774876,12.9155131603936
2017,vw,JP3792600003,HINO MOTORS,JP,0.0015033910984741286,11.650678324975846,26.57557409456553
2017,vw,JP3657400002,NIKON,JP,0.0015029518438233827,5.094453193271192,5.568199483878991
2017,vw,AU000000GPT8,GPT GROUP STAPLED UNITS,AU,0.0014932695498197075,17.926999102357144,1.518660149331264
2017,vw,JP3605400005,TOHOKU ELECTRIC PWR.,JP,0.0014527015790702354,2324.546439472878,6568.307672017667
2017,vw,JP3675600005,NISSIN FOODS HOLDINGS,JP,0.0014476174401339427,50.89532207797805,35.83089753170308
2017,vw,AU000000STO6,SANTOS,AU,0.0014398346888486527,2171.5745370572477,944.4280368554116
2017,vw,JP3973400009,RICOH,JP,0.0014350940096658686,8.559251431851147,25.219100090033326
2017,vw,JP3585800000,TOKYO ELECTRIC POWER CO. HDG.,JP,0.0014327575487576459,1836.7335194131444,14521.123843598596
2017,vw,JP3778630008,BANDAI NAMCO HDG.,JP,0.0014256313429875664,0.0,0.0
2017,vw,JP3733000008,NEC,JP,0.0014236874075119251,2.278262126461521,8.862120180196444
2017,vw,JP3786200000,HITACHI METALS DEAD - DELIST.29/12/22,JP,0.0013985517610612644,42.68889186916027,57.80375791251585
2017,vw,SG1R89002252,CITY DEVELOPMENTS,SG,0.001396385861799342,0.22726944777131644,0.10541286706266209
2017,vw,NZAIAE0002S6,AUCKLAND INTL.AIRPORT,NZ,0.0013916264909292922,5.454528980582964,0.4042893623879935
2017,vw,JP3942600002,YAMAHA,JP,0.0013774091263027565,7.163848794296695,4.4103079073428235
2017,vw,BMG988031446,YUE YUEN INDL.HDG.,HK,0.001367902066867198,29.071985984109528,42.123530426554204
2017,vw,AU000000MGR9,MIRVAC GROUP STAPLED UNITS,AU,0.0013558459285807685,2.346218997294769,0.7995877987037717
2017,vw,SG1J26887955,SINGAPORE EXCHANGE,SG,0.0013364556395034277,0.08247810339384093,0.008129370629370629
2017,vw,AU0000088338,AMPOL,AU,0.0013310233678918097,53.57716901092762,129.48839250449817
2017,vw,JP3269600007,KURARAY,JP,0.001320109758989501,283.6160302375469,216.63563443798628
2017,vw,JP3229400001,KANSAI PAINT,JP,0.0013048246317279078,16.578733343065085,8.541315255111359
2017,vw,AU000000COH5,COCHLEAR,AU,0.001304763883744294,0.006927415467330287,0.0011245693329226627
2017,vw,JP3670800006,NISSAN CHEMICAL,JP,0.0012945979423326169,202.96583659017804,57.20205383650523
2017,vw,JP3126400005,ALPS ALPINE,JP,0.0012831422744996003,1.3804037734281858,1.652275566205739
2017,vw,JP3743000006,NH FOODS,JP,0.0012824810560625732,31.888026457523605,62.124361676738346
2017,vw,AU000000ORI1,ORICA,AU,0.001267259013245502,460.13211531850106,331.64695123749965
2017,vw,JP3688370000,NIPPON EXPRESS HOLDINGS,JP,0.0012511841621969293,43.54865283317652,134.15866174669097
2017,vw,HK0010000088,HANG LUNG GROUP,HK,0.001246408436100522,2.822780386775648,0.9312619502868068
2017,vw,HK0293001514,CATHAY PACIFIC AIRWAYS,HK,0.0012366560482696,1505.5886163324494,3400.2244533201333
2017,vw,JP3336000009,SANTEN PHARM.,JP,0.0012237751392825678,9.49836322796929,3.1737031118442536
2017,vw,JP3830000000,BROTHER INDUSTRIES,JP,0.0012216326046297276,12.869160617706985,13.927161589424237
2017,vw,JP3595200001,TOSOH,JP,0.0012214783982097848,1233.560143493924,1459.4770366686434
2017,vw,JP3246400000,KYUSHU ELEC.POWER,JP,0.001209167585684359,1690.682244387442,5313.794029614257
2017,vw,JP3224200000,KAWASAKI HEAVY INDUSTRY,JP,0.001201426890695417,13.251800949361982,34.81081585661833
2017,vw,NZFBUE0001S0,FLETCHER BUILDING,NZ,0.0012013357687199963,204.92734766632464,267.4218010031721
2017,vw,AU000000BLD2,BORAL DEAD - DELIST.08/07/24,AU,0.0011965787343108548,594.319552744351,346.00387008843404
2017,vw,JP3799000009,HIROSE ELECTRIC,JP,0.0011893684159480793,2.656727149183624,0.5284384349578722
2017,vw,JP3357200009,SHIMADZU,JP,0.0011789220992274153,0.9999410034807946,0.594558599695586
2017,vw,JP3787000003,HITACHI CON.MCH.,JP,0.0011672748415999248,6.988075988046634,8.91068894355583
2017,vw,JP3711600001,NIPPON SANSO HOLDINGS,JP,0.0011646907158354303,19.834733885931612,20.461999859574508
2017,vw,JP3738600000,NITERRA,JP,0.001156337868088534,2.124699725895419,1.4063162999333212
2017,vw,KYG0535Q1331,ASMPT,HK,0.0011432303223934041,1.4158366777936908,0.5313713468219906
2017,vw,AU000000BSL0,BLUESCOPE STEEL,AU,0.0011313774562059901,1133.9100711224494,1790.4825629301959
2017,vw,JP3888300005,MITSUI CHEMICALS,JP,0.0011278447273127571,405.1232302129874,882.5083123582239
2017,vw,AU000000CGF5,CHALLENGER,AU,0.0011239241459087594,0.0,0.0
2017,vw,JP3358200008,SHIMAMURA,JP,0.001118498883679866,0.17224262477122784,0.1813187387067462
2017,vw,HK0008011667,PCCW,HK,0.0011064591006197941,1.313377488584512,1.3719428501442261
2017,vw,NZTELE0001S4,SPARK NEW ZEALAND,NZ,0.0011043656316460264,1.3812785344327798,0.7616371814346706
2017,vw,JP3300600008,KONICA MINOLTA,JP,0.0011000221508176403,18.81716874787256,34.45042235990544
2017,vw,AU000000QAN2,QANTAS AIRWAYS,AU,0.0010844800128561424,1002.0345463000202,2638.8238842628
2017,vw,JP3894900004,ISETAN MITSUKOSHI HDG.,JP,0.0010833491657765626,2.455175785222471,5.883697708073181
2017,vw,JP3322930003,SUMCO,JP,0.0010684846014784493,12.233931927211296,5.029422119398481
2017,vw,AU000000BEN6,BENDIGO & ADELAIDE BANK,AU,0.0010589658597383498,1.6084927731583036,0.8267234436881529
2017,vw,JP3449020001,TAIHEIYO CEMENT,JP,0.001054269573312822,2070.2381995019077,3268.879162280459
2017,vw,JP3174410005,OJI HOLDINGS,JP,0.0010477391650743394,524.0045306066536,1468.9026157928772
2017,vw,JP3820000002,FUJI ELECTRIC,JP,0.0010394213642410661,29.79503660860932,49.60999842650662
2017,vw,JP3903000002,MITSUBISHI MATERIALS,JP,0.0010356806903270015,887.8852946343144,2348.9122857677844
2017,vw,JP3977400005,RINNAI,JP,0.00103092365591786,13.315103686854163,8.762490566208783
2017,vw,JP3551200003,ELEC.POWER DEV.,JP,0.0010271432621683555,8305.362171524384,12303.947772482741
2017,vw,JP3667600005,JGC HOLDINGS,JP,0.001026678306447619,18.177471289572726,27.165374041910173
2017,vw,JP3405400007,SUMITOMO HEAVY INDS.,JP,0.001017876858206344,2.579679019356246,3.6267729295832196
2017,vw,JP3134800006,IHI,JP,0.0010029608917682497,5.625491078038335,17.71120403480368
2017,vw,JP3955000009,YOKOGAWA ELECTRIC,JP,0.000995946836121765,3.631195257855274,2.9512296399171403
2017,vw,JP3711200000,AOZORA BANK,JP,0.000993168784101888,0.3283342656955824,0.0865731613789599
2017,vw,JP3419050004,SEGA SAMMY HDG.,JP,0.0009760004693482673,2.491128626171341,2.0618778816736327
2017,vw,JP3544000007,TEIJIN,JP,0.0009704794122221369,114.77640637826262,180.56495162063064
2017,vw,JP3522200009,CHUGOKU ELEC.POWER,JP,0.0009554442862777233,3859.308427340743,10043.332811644103
2017,vw,JP3635400009,TOYOTA BOSHOKU,JP,0.0009485143432239344,4.1739519606764794,12.469886344042054
2017,vw,BMG8063F1068,SHANGRI-LA ASIA,HK,0.0009464816222337807,73.83897186820434,37.47617825086647
2017,vw,BMG524401079,KERRY PROPERTIES,HK,0.000945152175977002,1.7298103181751934,0.7159049052835067
2017,vw,SG1R50925390,SEMBCORP INDUSTRIES,SG,0.0009426942191015516,3955.5827259346,5502.254189272587
2017,vw,JP3385980002,J S R DEAD - DELIST.25/06/24,JP,0.0009326264090480196,130.19193163587693,108.09871681172056
2017,vw,JP3613400005,TOYO SEIKAN GROUP HDG.,JP,0.0009259955329904833,72.93246180719736,127.9256366003573
2017,vw,SG1P66918738,SINGAPORE PRESS HDG. DEAD - DELIST.13/05/22,SG,0.0009184557736396484,0.14033376541685022,0.0280363370872838
2017,vw,JP3126340003,ALFRESA HOLDINGS,JP,0.0009133506065551817,1.7965748191573787,10.450945481335953
2017,vw,JP3122400009,ADVANTEST,JP,0.0008904626354982314,2.8016499256361223,1.00336905299174
2017,vw,JP3164800009,NOK,JP,0.0008797686539212958,7.307093898765516,11.864109693816577
2017,vw,JP3118000003,ASICS,JP,0.0008714508530880226,1.2566253819735527,1.1960458899830821
2017,vw,JP3040890000,JAPAN PRIME REALTY INV.,JP,0.0008676494311903442,12.306337016680393,0.865216829315582
2017,vw,JP3362700001,MITSUI OSK LINES,JP,0.000864899416701366,1386.0033383469959,4917.403930573378
2017,vw,SG1N31909426,COMFORTDELGRO CORPORATION,SG,0.0008584554575164876,333.0829904132775,261.21246431166765
2017,vw,JP3870000001,MABUCHI MOTOR,JP,0.0008414390127219011,2.7383315274887896,0.9515902414101417
2017,vw,JP3753000003,NIPPON YUSEN KK,JP,0.0008269903384654514,1278.1365693901105,6167.537787823139
2017,vw,JP3289800009,KOBE STEEL,JP,0.0008261445396166748,1166.6281679371248,4949.2629840379195
2017,vw,JP3209000003,CASIO COMPUTER,JP,0.0007940018469022541,1.9557138292829441,1.6535277829273962
2017,vw,JP3819400007,FUJI MEDIA HOLDINGS,JP,0.0007891209800649767,0.0,0.0
2017,vw,BMG677491539,ORIENT OVERSEAS (INTL.),HK,0.0007876606919973375,1096.6973588192745,1723.9118762922071
2017,vw,JP3870400003,MARUI GROUP,JP,0.0007774480213674957,6.966246388477493,4.483900632915197
2017,vw,JP3131430005,AEON MALL DEAD - DELIST.27/06/25,JP,0.0007628124302383883,5.9270111305738125,4.20574488026905
2017,vw,JP3663900003,SOJITZ,JP,0.0007594689546787215,69.32008476430181,286.7027020375264
2017,vw,JP3293200006,COCA-COLA BOTTLERS JAPAN HOLDINGS,JP,0.000747109076474223,92.35940554679425,118.29866681677878
2017,vw,HK0165000859,CHINA EVERBRIGHT,HK,0.0007459572012464691,0.08869666138364148,0.021016825989450868
2017,vw,JP3166000004,EBARA,JP,0.0007357328483120863,2.4377042065715586,3.3481320579754326
2017,vw,JP3634200004,TOYODA GOSEI,JP,0.0007341113444417796,16.510333817936647,35.009770908789996
2017,vw,JP3456000003,TAKASHIMAYA,JP,0.0007092981295964538,1.90201648006431,5.120595036530974
2017,vw,BMG2442N1048,COSCO SHIPPING PORTS,HK,0.000704737357903603,95.52533272959555,17.62546995285552
2017,vw,JP3769000005,HACHIJUNI NAGANO BANK,JP,0.0007042350188083351,1.458896722901752,0.8931326328501614
2017,vw,JP3215800008,KANEKA,JP,0.0007026532347734683,233.6590973471149,377.4099370207559
2017,vw,JP3665200006,NICHIREI,JP,0.0007024663179008104,9.110259844305922,14.572897749572599
2017,vw,JP3243600008,CANON MARKETING JAPAN,JP,0.0006945246872737612,1.4897392179253197,2.805335486366924
2017,vw,JP3493400000,DIC,JP,0.0006901788699844668,49.7412963653123,112.54963692682679
2017,vw,JP3835620000,BENESSE HOLDINGS DEAD - DELIST.17/05/24,JP,0.0006898704571445814,0.46701346451361486,0.6075939078042287
2017,vw,HK0363006039,SHANGHAI INDUSTRIAL HOLDINGS,HK,0.0006772629140838113,2.4086171697591277,2.370052472340763
2017,vw,AU000000TAH8,TABCORP HOLDINGS,AU,0.0006742442065903875,1.189016569748971,0.7003378671056051
2017,vw,BMG2108M2182,CHINESE ESTATES HDG.,HK,0.0006674661334956332,0.0010359237642983377,0.00017502467847966565
2017,vw,JP3582600007,TOKYO TATEMONO,JP,0.0006592184264896068,1.0610885743908347,0.851338323692866
2017,vw,JP3270000007,KURITA WATER IND.,JP,0.0006552884992419761,15.120820345578894,10.434925230512512
2017,vw,JP3638600001,DOWA HDG.,JP,0.0006138677202610028,250.8009866772781,325.7667450729635
2017,vw,NZCENE0001S6,CONTACT ENERGY,NZ,0.0005814446522375953,751.0793797707666,459.12913842086016
2017,vw,JP3742600004,NHK SPRING,JP,0.0005757039677860919,3.2417585586001194,7.300892857142857
2017,vw,JP3368000000,RESONAC HOLDINGS,JP,0.0005715567496739965,521.7898783149152,1273.3776188042923
2017,vw,JP3827200001,FURUKAWA ELECTRIC,JP,0.0005668908372402757,28.1415344137977,86.14009924658323
2017,vw,JP3158800007,UBE,JP,0.0005650146591309728,2123.4461279653915,4681.071022433578
2017,vw,JP3165600002,NTN,JP,0.0005599328566555882,16.039872349584122,40.364698518673066
2017,vw,AU000000ILU1,ILUKA RESOURCES,AU,0.0005467809182032022,486.08518096160765,123.49319078202383
2017,vw,AU000000DOW2,DOWNER EDI,AU,0.00053872480099165,42.30723753132091,97.4528674215975
2017,vw,JP3549600009,DENKA,JP,0.00053840937876904,581.0111409512367,805.4227167394266
2017,vw,JP3223800008,KAWASAKI KISEN KAISHA,JP,0.000531014479994515,1419.8360562965256,5707.3176312188425
2017,vw,HK0200030994,MELCO INTL.DEV.,HK,0.0005308649464963887,5.630660669823836,7.618096114150407
2017,vw,SGXE34184239,SEATRIUM,SG,0.0005233111683801045,21.79077249594108,24.478962031646244
2017,vw,JP3765400001,HOUSE SHOKUHIN GP.HONSHA K K,JP,0.0005217200385016046,22.160469095379142,24.720661008979157
2017,vw,AU000000OZL8,OZ MINERALS DEAD - DELIST.03/05/23,AU,0.0005133414896847179,167.22223805046676,48.08542208102536
2017,vw,JP3350800003,SHIKOKU ELECTRIC POWER,JP,0.0005062807048200685,1560.4547135058438,4324.209574178423
2017,vw,SG1T58930911,FRASER AND NEAVE,SG,0.0005039605991382034,28.642631051600855,18.660695244188524
2017,vw,JP3274400005,GLORY,JP,0.0004978367350977515,0.5169807926313926,0.49091156551979837
2017,vw,JP3491000000,DAIDO STEEL,JP,0.0004975353316405908,104.1404255657622,190.60034563077616
2017,vw,JP3845400005,HOKURIKU ELEC.POWER,JP,0.00049526195517689,3874.395122613518,8737.044218312882
2017,vw,JP3535800001,TSUMURA,JP,0.00048536470676965827,33.292125359271544,16.253900401954414
2017,vw,JP3352400000,CITIZEN WATCH,JP,0.00047868943795486586,7.962326344679286,10.988490711545406
2017,vw,JP3320800000,SAPPORO HOLDINGS,JP,0.00047422913408106857,24.78481128219386,58.853135207839614
2017,vw,BMG4600H1198,HOPSON DEVELOPMENT HOLDINGS,HK,0.00045704212764018185,2.415786544367615,2.587256470684464
2017,vw,JP3148800000,IBIDEN,JP,0.0004514089203904567,56.43298078162205,69.35746006770117
2017,vw,AU000000WOR2,WORLEY,AU,0.0004428948568408929,2.394345036635419,6.120554131189399
2017,vw,JP3811000003,FUJIKURA,JP,0.00043778968975642613,4.954731291116713,14.959465878221515
2017,vw,HK0000745908,YUEXIU PROPERTY COMPANY,HK,0.0004369018346113015,0.2042520372618945,0.34274010257068444
2017,vw,NZSKCE0001S2,SKY CITY ENTM.GP.,NZ,0.0004279765539418905,6.514349920105698,2.519476123664514
2017,vw,JP3156400008,USHIO,JP,0.0004129297456929358,2.5261968603550202,2.1557943338256016
2017,vw,AU000000IGO4,IGO,AU,0.0004104484242084032,239.37953245842738,43.53706644807623
2017,vw,NZAIRE0001S2,AIR NEW ZEALAND,NZ,0.0004054086780293667,855.0873913959836,1842.5089618128795
2017,vw,AU000000SGM7,SIMS,AU,0.0004048011981932288,18.905219550514115,38.825077631685275
2017,vw,JP3528600004,CHIYODA CORPORATION,JP,0.0004025161394249869,0.1971550728168107,0.6135503494392719
2017,vw,JP3385820000,GS YUASA,JP,0.0003988105124245456,7.264210369807717,13.424336516491886
2017,vw,JP3678000005,NISSHINBO HOLDINGS,JP,0.0003946259109379186,60.76015618580701,168.12236898975127
2017,vw,AU000000CSR5,CSR DEAD - DEAD.10/07/24,AU,0.00039455815357158013,247.12461421771198,268.568129330254
2017,vw,JP3400900001,SUMITOMO OSAKA CEMENT,JP,0.00039038523438949423,4477.973508993875,5476.287376409471
2017,vw,AU000000PPT9,PERPETUAL,AU,0.0003872356850852099,0.36891543949277944,0.08748853598493991
2017,vw,AU000000MTS0,METCASH,AU,0.00037277766498512743,1.9219020965639315,12.589941584977561
2017,vw,JP3888400003,MITSUI KINZOKU LIMITED,JP,0.00037270757115788076,172.4216887101601,405.9729936433506
2017,vw,JP3850200001,HOKKAIDO ELEC.POWER,JP,0.00036375892587938753,2391.154883410586,9686.038744154976
2017,vw,HK0308001558,CTII.INTL.INV.HK.,HK,0.00035912572389838174,38.9690674432407,13.285332292378259
2017,vw,JP3619800000,TOYOBO,JP,0.0003386676721859831,234.21312175630055,477.4092956833093
2017,vw,AU000000BWP3,BWP GROUP STAPLED UNITS,AU,0.00033647840831497837,0.0,0.0
2017,vw,JP3452000007,TAIYO YUDEN,JP,0.00033201576798027287,16.68154796463868,23.757582581525945
2017,vw,JP3721400004,JAPAN STEEL WORKS,JP,0.0003256255473962836,47.36191328233249,67.00653669807056
2017,vw,AU000000CWY3,CLEANAWAY WASTE MANAGEMENT,AU,0.00032391058508964807,508.44246632376814,403.44218187588814
2017,vw,JP3891600003,MITSUI E&S,JP,0.00031258575906749223,19.99583377421422,94.78047030332023
2017,vw,AU000000CQR9,CHARTER HALL RETAIL REIT,AU,0.0003052960010338372,0.5197791244473525,0.06505135230281786
2017,vw,JP3194000000,OKI ELECTRIC IND.,JP,0.00029653894554981824,3.9310561544000926,12.60656486865535
2017,vw,JP3421100003,JAPAN PETROLEUM EXP.,JP,0.00029220247410415674,108.44362759044508,152.38921494938512
2017,vw,AU000000IVC8,INVOCARE DEAD - DELIST.27/11/23,AU,0.00026112754402479385,15.432186000237419,4.885381435550546
2017,vw,AU000000BPT9,BEACH ENERGY,AU,0.00025928641282911433,37.78053549784533,16.4876457548615
2017,vw,HK0242001243,SHUN TAK HOLDINGS,HK,0.00024369053626672728,905.4999466181059,430.9830391470676
2017,vw,AU000000SIG5,SIGMA HEALTHCARE,AU,0.00023088439402875824,1.3424848985104867,4.634783136675504
2017,vw,AU000000SBM8,ST BARBARA,AU,0.0002194614366484571,296.2950510320944,150.11338351307904
2017,vw,JP3375800004,SHINKO ELEC.INDS. DEAD - DELIST.06/06/25,JP,0.00019551972172189832,28.62241170572764,42.744915274491525
2017,vw,JP3560800009,TOKAI CARBON,JP,0.00018839585241272707,56.26580936993513,54.97997097962372
2017,vw,AU000000MND5,MONADELPHOUS GROUP,AU,0.00017406400120168858,9.518243213135072,12.329024550665109
2017,vw,BMG684371393,PACIFIC BASIN SHIP.,HK,0.0001704775337075666,1207.1598461675665,1799.5175703086454
2017,vw,JP3686800008,NIPPON SHEET GLASS,JP,0.00015981158966152964,581.1820234975767,4386.029035512215
2017,vw,AU000000GWA4,GWA GROUP,AU,0.00012641889036120975,29.441516890938175,18.50407525828451
2017,vw,AU000000ERA9,ENERGY RES.OF AUS.,AU,6.547464403112685e-05,502.92671505502227,406.25200727973447
2017,vw,AU0000038911,OVATO DEAD - DELIST.29/08/22,AU,3.909600037729171e-05,35.29597795272033,149.40536664076973
2017,vw,AU000000MAH3,MACMAHON HOLDINGS,AU,3.182026110908598e-05,0.6276579907702088,1.1454585505543726
2017,vw_50,AU000000BWP3,BWP GROUP STAPLED UNITS,AU,0.047829768811488205,0.0,0.0
2017,vw_50,JP3633400001,TOYOTA MOTOR,JP,0.02601174454976154,10.56841639040032,13.663936290691403
2017,vw_50,JP3726800000,JAPAN TOBACCO,JP,0.020452170257151597,20.35234098605833,6.03331947328499
2017,vw_50,JP3814800003,SUBARU,JP,0.018592287291650165,9.328360926638966,8.995950247038945
2017,vw_50,AU000000WBC1,WESTPAC BANKING,AU,0.0185096859162031,0.3211164242325381,0.11242423577522474
2017,vw_50,HK2388011192,BOC HONG KONG HOLDINGS,HK,0.017551356048000028,0.029494685039549277,0.007707748809224177
2017,vw_50,AU000000CSL8,CSL,AU,0.017450877931968013,8.064115711608014,1.412857222669084
2017,vw_50,JP3496400007,KDDI,JP,0.01711277708539325,0.6452305848839158,0.3877842137114204
2017,vw_50,JP3711200000,AOZORA BANK,JP,0.015886140601557634,0.3283342656955824,0.0865731613789599
2017,vw_50,JP3890350006,SUMITOMO MITSUI FINL.GP.,JP,0.015105212810339622,0.3812316762116766,0.3071100836944888
2017,vw_50,JP3765400001,HOUSE SHOKUHIN GP.HONSHA K K,JP,0.014993066963367534,22.160469095379142,24.720661008979157
2017,vw_50,HK0823032773,LINK REAL ESTATE INVESTMENT TRUST,HK,0.014878222384161035,0.0,0.0
2017,vw_50,JP3160400002,EISAI,JP,0.014059326937496836,8.718231068077575,2.526887398351021
2017,vw_50,JP3566800003,CENTRAL JAPAN RAILWAY,JP,0.013732470956561113,4.574161361337423,2.1220393814643748
2017,vw_50,JP3435000009,SONY GROUP,JP,0.01344942473877437,3.994001884452597,7.060059689633978
2017,vw_50,JP3626800001,LIXIL,JP,0.013354540751975712,35.71964276073402,77.15912879586851
2017,vw_50,JP3819400007,FUJI MEDIA HOLDINGS,JP,0.01309007647979904,0.0,0.0
2017,vw_50,JP3902400005,MITSUBISHI ELECTRIC,JP,0.013077828153141556,10.052455564905808,11.98937488976874
2017,vw_50,JP3830000000,BROTHER INDUSTRIES,JP,0.012936704144768916,12.869160617706985,13.927161589424237
2017,vw_50,AU000000CBA7,COMMONWEALTH BK.OF AUS.,AU,0.012871332528957285,0.30528999794195366,0.08934817492481352
2017,vw_50,JP3769000005,HACHIJUNI NAGANO BANK,JP,0.01277430445329109,1.458896722901752,0.8931326328501614
2017,vw_50,HK0011000095,HANG SENG BANK DEAD - DELIST.28/01/26,HK,0.012655509392507144,0.013532822606637908,0.0016451310629588723
2017,vw_50,JP3629000005,TOPPAN HOLDINGS,JP,0.012360743862675572,19.327890199956997,36.48237969095575
2017,vw_50,AU000000WES1,WESFARMERS,AU,0.012223141007218616,48.45909415755871,71.10080069464951
2017,vw_50,AU000000NAB4,NATIONAL AUS.BANK,AU,0.01182955531947744,0.6922686991507989,0.31089760612373296
2017,vw_50,JP3898400001,MITSUBISHI,JP,0.011209137100716096,108.11694150394638,160.40622250207875
2017,vw_50,JP3551500006,DENSO,JP,0.01086794198575654,17.121468256546066,19.355672435985383
2017,vw_50,JP3802300008,FAST RETAILING,JP,0.010581771524188325,0.8273025240336739,0.39840397119088977
2017,vw_50,JP3165600002,NTN,JP,0.010174947170780657,16.039872349584122,40.364698518673066
2017,vw_50,KYG217651051,CK HUTCHISON HOLDINGS,HK,0.00996504971873698,238.61899180998319,174.70316360217757
2017,vw_50,JP3910660004,TOKIO MARINE HOLDINGS,JP,0.00979431198522233,0.3420374480098951,0.47049961722225425
2017,vw_50,JP3638600001,DOWA HDG.,JP,0.009772382299648096,250.8009866772781,325.7667450729635
2017,vw_50,JP3854600008,HONDA MOTOR,JP,0.00967890706769932,10.357535825057596,23.249131517794122
2017,vw_50,JP3951600000,UNI CHARM,JP,0.009647452644035923,4.953585633178492,2.226784249443055
2017,vw_50,JP3837800006,HOYA,JP,0.00938217170189802,5.0936900962820975,1.2798102767175061
2017,vw_50,JP3197800000,OMRON,JP,0.009101541733199596,7.255559331843324,5.545931933069007
2017,vw_50,HK0291001490,CHINA RESOURCES BEER HOLDINGS,HK,0.008718216080330502,86.92805972861754,56.8391089446569
2017,vw_50,AU000000BEN6,BENDIGO & ADELAIDE BANK,AU,0.00869563616170235,1.6084927731583036,0.8267234436881529
2017,vw_50,JP3830800003,BRIDGESTONE,JP,0.008442048651538513,63.03450676003815,63.235672354722716
2017,vw_50,HK0688002218,CHINA OVERSEAS LAND INVESTMENT,HK,0.008286978937091169,0.0866786755498376,0.054594380381495555
2017,vw_50,JP3347200002,SHIONOGI,JP,0.008253979662851369,14.153190227974108,2.6862473608039448
2017,vw_50,JP3762600009,NOMURA HDG.,JP,0.008103822347818493,0.20583078706845945,0.1228979849122593
2017,vw_50,JP3249600002,KYOCERA,JP,0.007760901501435267,10.70634260938217,6.645686404680667
2017,vw_50,JP3942400007,ASTELLAS PHARMA,JP,0.007582849837023256,8.097843900990933,3.3687079677548657
2017,vw_50,JP3814000000,FUJIFILM HOLDINGS,JP,0.007292135497670809,31.78014333373511,34.381420509219524
2017,vw_50,AU000000BHP4,BHP GROUP,AU,0.007032107595563581,299.30833264991264,157.48177935812825
2017,vw_50,SG9999000020,FLEX,SG,0.006939917760314387,3.1549114424034395,8.88596424440843
2017,vw_50,JP3835620000,BENESSE HOLDINGS DEAD - DELIST.17/05/24,JP,0.0069391512723499,0.46701346451361486,0.6075939078042287
2017,vw_50,AU000000TCL6,TRANSURBAN GROUP STAPLED UNITS,AU,0.0058112638596415495,1.437572146908775,0.17032171949265712
2017,vw_50,JP3358800005,SHIMIZU,JP,0.005805234666312063,15.833198504569676,30.77480006392396
2017,vw_50,JP3200450009,ORIX,JP,0.0057511583143697335,10.1537549053633,11.208278662095232
2017,vw_50,JP3198900007,ORIENTAL LAND,JP,0.005702125791129504,14.307413863407119,3.015348121940678
2017,vw_50,AU000000ANZ3,ANZ GROUP HOLDINGS,AU,0.005685040948854931,0.6312926008020708,0.2871577944457971
2017,vw_50,JP3788600009,HITACHI,JP,0.005682676936324641,16.399459382174726,48.243493424872995
2017,vw_50,JP3672400003,NISSAN MOTOR,JP,0.005264846713427176,9.411620414075122,23.072863830116322
2017,vw_50,JP3371200001,SHIN-ETSU CHEMICAL,JP,0.005198028079985524,151.29117389297497,44.14348398032966
2017,vw_50,JP3735400008,NTT,JP,0.005049026504408296,1.8727427166719461,2.0974230949464796
2017,vw_50,JP3495000006,SUMITOMO PHARMA,JP,0.00493936979533067,22.90607590965076,12.271977420157636
2017,vw_50,HK0388045442,HONG KONG EXCHANGES AND CLEARING,HK,0.004910492339730768,0.063296276466221,0.002876154479948974
2017,vw_50,JP3900000005,MITSUBISHI HEAVY INDS.,JP,0.004840343833375529,4.349250699180883,10.37615625173708
2017,vw_50,AU000000SHL7,SONIC HEALTHCARE,AU,0.004836173293529936,2.167026976462459,1.2410723006751456
2017,vw_50,JP3190000004,OBAYASHI,JP,0.0047819196526587456,8.40362121706126,19.80232721155194
2017,vw_50,JP3635000007,TOYOTA TSUSHO,JP,0.0047348458702316625,1.7322682796813962,11.693432637444308
2017,vw_50,HK0066009694,MTR,HK,0.004682569998848954,9.46857467927678,1.8250961896487525
2017,vw_50,HK0144000764,CHINA MERCHANTS PORT HOLDINGS,HK,0.0046825374899780075,25.878548559854543,3.779291963481478
2017,vw_50,AU000000MTS0,METCASH,AU,0.00466607481311078,1.9219020965639315,12.589941584977561
2017,vw_50,JP3783600004,EAST JAPAN RAILWAY,JP,0.004663311763005909,53.89010191516441,39.156423100473674
2017,vw_50,JP3684000007,NITTO DENKO,JP,0.004515373368765518,58.03387282565853,26.57405470672141
2017,vw_50,AU000000TLS2,TELSTRA GROUP,AU,0.004445704179133965,2.740693127951298,1.1469785019912095
2017,vw_50,AU000000OZL8,OZ MINERALS DEAD - DELIST.03/05/23,AU,0.004339232042175512,167.22223805046676,48.08542208102536
2017,vw_50,HK0242001243,SHUN TAK HOLDINGS,HK,0.004312907682134664,905.4999466181059,430.9830391470676
2017,vw_50,JP3350800003,SHIKOKU ELECTRIC POWER,JP,0.0042936029861562735,1560.4547135058438,4324.209574178423
2017,vw_50,JP3116000005,ASAHI GROUP HOLDINGS,JP,0.004292221243089328,23.75625157581996,21.142679276738075
2017,vw_50,JP3519400000,CHUGAI PHARM.,JP,0.004160194075362777,10.523278913984448,2.495689795387268
2017,vw_50,HK0000055878,CHINA TAIPING INSURANCE HLDGS,HK,0.004134896734732401,0.03812949974237451,0.10456489637965272
2017,vw_50,JP3720800006,NSK,JP,0.003893301716993189,16.42869245955394,19.1498581233139
2017,vw_50,HK0016000132,SUN HUNG KAI PROPERTIES,HK,0.00365485570336433,4.478096853824506,1.4805872752039442
2017,vw_50,JP3942800008,YAMAHA MOTOR,JP,0.0036512778805960397,11.149709895684534,20.605203455698458
2017,vw_50,JP3592200004,TOSHIBA DEAD - DELIST.20/12/23,JP,0.0035823551070728386,18.932201307899575,92.54780810432342
2017,vw_50,AU000000ASX7,ASX,AU,0.0035720774488691457,0.06815684024888606,0.006451136004730833
2017,vw_50,JP3870000001,MABUCHI MOTOR,JP,0.0035596744507345886,2.7383315274887896,0.9515902414101417
2017,vw_50,JP3711600001,NIPPON SANSO HOLDINGS,JP,0.0035565474143344597,19.834733885931612,20.461999859574508
2017,vw_50,JP3596200000,TOTO,JP,0.003553195459803257,34.767684542548714,25.73677085347893
2017,vw_50,JP3358200008,SHIMAMURA,JP,0.003483839832769498,0.17224262477122784,0.1813187387067462
2017,vw_50,JP3505000004,DAIWA HOUSE INDUSTRY,JP,0.0033965155467026256,9.343797131629477,16.161915456346836
2017,vw_50,AU000000ERA9,ENERGY RES.OF AUS.,AU,0.003364075964913252,502.92671505502227,406.25200727973447
2017,vw_50,JP3539220008,T & D HOLDINGS,JP,0.0033257581901730776,0.12113353817053056,0.1944225931320243
2017,vw_50,JP3799000009,HIROSE ELECTRIC,JP,0.0033179450673797594,2.656727149183624,0.5284384349578722
2017,vw_50,AU0000224040,WOODSIDE ENERGY GROUP,AU,0.003285045366924757,2347.377139164098,474.3906794207662
2017,vw_50,SGXE34184239,SEATRIUM,SG,0.003205891634932421,21.79077249594108,24.478962031646244
2017,vw_50,JP3385980002,J S R DEAD - DELIST.25/06/24,JP,0.0031877529587373793,130.19193163587693,108.09871681172056
2017,vw_50,HK0006000050,POWER ASSETS HOLDINGS,HK,0.0031683682404556697,64111.19143578344,517.2512024792263
2017,vw_50,JP3546800008,TERUMO,JP,0.0031094725366071895,15.284812621248,4.94806068900104
2017,vw_50,HK0000745908,YUEXIU PROPERTY COMPANY,HK,0.003095517195291108,0.2042520372618945,0.34274010257068444
2017,vw_50,AU000000APA1,APA GROUP,AU,0.0030265917240327443,733.7613103353314,174.02112138136917
2017,vw_50,JP3429800000,ANA HOLDINGS,JP,0.0029862087374650887,716.6247257452176,1058.1429685547926
2017,vw_50,AU000000NCM7,NEWCREST MINING DEAD - DELIST.08/11/23,AU,0.0029273649528639774,350.41722911120434,98.78969480460715
2017,vw_50,JP3902900004,MITSUBISHI UFJ FINL.GP.,JP,0.002922430187110227,0.2322178627689417,0.12556707756782257
2017,vw_50,JP3401400001,SUMITOMO CHEMICAL,JP,0.002882475888902469,76.01500891090934,145.49412345412495
2017,vw_50,JP3243600008,CANON MARKETING JAPAN,JP,0.002863179136698435,1.4897392179253197,2.805335486366924
2017,vw_50,JP3888400003,MITSUI KINZOKU LIMITED,JP,0.0028580996333229095,172.4216887101601,405.9729936433506
2017,vw_50,JP3933800009,LY,JP,0.0027823489661947774,0.0036223464970299444,0.0011388162131998922
2017,vw_50,AU000000PPT9,PERPETUAL,AU,0.002775298345304526,0.36891543949277944,0.08748853598493991
2017,vw_50,SG1T75931496,SINGAPORE TELECOM,SG,0.002756327991648407,0.38318384011182444,0.10003576049918447
2017,vw_50,NZSKCE0001S2,SKY CITY ENTM.GP.,NZ,0.002696277835619273,6.514349920105698,2.519476123664514
2017,vw_50,JP3582600007,TOKYO TATEMONO,JP,0.0026653230767566564,1.0610885743908347,0.851338323692866
2017,vw_50,JP3194000000,OKI ELECTRIC IND.,JP,0.0026330000898230955,3.9310561544000926,12.60656486865535
2017,vw_50,JP3407400005,SUMITOMO ELECTRIC IND.,JP,0.002591406728983072,7.80673279447891,16.48431608722801
2017,vw_50,HK0004000045,WHARF HOLDINGS,HK,0.0025759260494775007,4.69569978274671,1.2385747764775699
2017,vw_50,JP3955000009,YOKOGAWA ELECTRIC,JP,0.0024996962503330577,3.631195257855274,2.9512296399171403
2017,vw_50,HK0165000859,CHINA EVERBRIGHT,HK,0.0024837462349984983,0.08869666138364148,0.021016825989450868
2017,vw_50,HK0200030994,MELCO INTL.DEV.,HK,0.002479892370628815,5.630660669823836,7.618096114150407
2017,vw_50,JP3166000004,EBARA,JP,0.002429294035908613,2.4377042065715586,3.3481320579754326
2017,vw_50,JP3940000007,YAMATO HDG.,JP,0.002401157760972289,35.50418972694797,55.40072383827827
2017,vw_50,JP3463000004,TAKEDA PHARMACEUTICAL,JP,0.002366475938151739,10.462874990089514,4.708055248589703
2017,vw_50,KYG2108Y1052,CHINA RESOURCES LAND,HK,0.002346902640238315,37.23237240633744,30.429927706342617
2017,vw_50,JP3419400001,SEKISUI CHEMICAL,JP,0.0022782791799728992,14.830692011872593,16.863655880870738
2017,vw_50,AU000000BSL0,BLUESCOPE STEEL,AU,0.002272042741359434,1133.9100711224494,1790.4825629301959
2017,vw_50,JP3528600004,CHIYODA CORPORATION,JP,0.00225954210701229,0.1971550728168107,0.6135503494392719
2017,vw_50,JP3890310000,MS&AD INSURANCE GP.HDG.,JP,0.0022492425769463195,0.5702802402393551,1.2339062334420239
2017,vw_50,AU000000STO6,SANTOS,AU,0.0022486120662421343,2171.5745370572477,944.4280368554116
2017,vw_50,JP3118000003,ASICS,JP,0.0022010112327388097,1.2566253819735527,1.1960458899830821
2017,vw_50,NZCENE0001S6,CONTACT ENERGY,NZ,0.0021777934255049797,751.0793797707666,459.12913842086016
2017,vw_50,IE00BKVD2N49,SEAGATE TECHNOLOGY HOLDINGS,SG,0.002146032922324913,27.307495429616086,22.356643330477112
2017,vw_50,SGXE21576413,GENTING SINGAPORE,SG,0.002096754769077569,2.0614110801477894,0.39151352403004325
2017,vw_50,JP3762800005,NOMURA RESEARCH INST.,JP,0.002093844181025517,0.2700246208449286,0.11089904748808113
2017,vw_50,AU000000MQG1,MACQUARIE GROUP,AU,0.0019434735146867841,0.04040874990352761,0.019745776547124914
2017,vw_50,JP3112000009,AGC,JP,0.0019373172482119968,444.76682393623895,574.9952971413419
2017,vw_50,JP3695200000,NGK INSULATORS,JP,0.0019284800454511294,85.08993496122638,46.14110444628491
2017,vw_50,AU000000ORG5,ORIGIN ENERGY (EX BORAL),AU,0.0019282778212878662,1891.2030568963073,1792.5649964186018
2017,vw_50,JP3148800000,IBIDEN,JP,0.001824097952673854,56.43298078162205,69.35746006770117
2017,vw_50,JP3359600008,SHARP,JP,0.0017970932584311032,8.334657648902715,10.808959974929016
2017,vw_50,JP3443600006,TAISEI,JP,0.00173155326374758,16.663642667636825,26.34765175021936
2017,vw_50,AU000000CGF5,CHALLENGER,AU,0.0017191763479668723,0.0,0.0
2017,vw_50,JP3209000003,CASIO COMPUTER,JP,0.0016849383999665772,1.9557138292829441,1.6535277829273962
2017,vw_50,BMG668971101,CTF SERVICES,HK,0.00167947888313227,106.3685497845476,56.714433068785326
2017,vw_50,JP3663900003,SOJITZ,JP,0.0016756814781653466,69.32008476430181,286.7027020375264
2017,vw_50,AU000000CWY3,CLEANAWAY WASTE MANAGEMENT,AU,0.001647113010990248,508.44246632376814,403.44218187588814
2017,vw_50,BMG2442N1048,COSCO SHIPPING PORTS,HK,0.0016385564272014383,95.52533272959555,17.62546995285552
2017,vw_50,JP3397200001,SUZUKI MOTOR,JP,0.0016097557398728963,22.287457488501683,31.6073148653347
2017,vw_50,JP3753000003,NIPPON YUSEN KK,JP,0.0016034582075940037,1278.1365693901105,6167.537787823139
2017,vw_50,AU000000IAG3,INSURANCE AUS.GROUP,AU,0.0015704290191423755,1.2849476301765297,1.1571964558051628
2017,vw_50,AU000000GPT8,GPT GROUP STAPLED UNITS,AU,0.0015469898021479977,17.926999102357144,1.518660149331264
2017,vw_50,HK0308001558,CTII.INTL.INV.HK.,HK,0.0015325123327334892,38.9690674432407,13.285332292378259
2017,vw_50,JP3386030005,JFE HOLDINGS,JP,0.0015249970514465212,1935.0867752721806,4912.604761296534
2017,vw_50,JP3866800000,PANASONIC HOLDINGS,JP,0.001517093971579914,6.839610359833455,17.257595499219093
2017,vw_50,HK0019000162,SWIRE PACIFIC 'A',HK,0.0014759651753233909,2296.011772454923,2014.6012484176524
2017,vw_50,JP3734800000,NIDEC,JP,0.0014359641369715728,8.594251890881909,3.1099813083055228
2017,vw_50,JP3304200003,KOMATSU,JP,0.001431822202314904,6.044518403653202,3.835433233028416
2017,vw_50,AU000000TAH8,TABCORP HOLDINGS,AU,0.0014213592640563279,1.189016569748971,0.7003378671056051
2017,vw_50,BMG988031446,YUE YUEN INDL.HDG.,HK,0.001420329866681877,29.071985984109528,42.123530426554204
2017,vw_50,JP3322930003,SUMCO,JP,0.001399560950546803,12.233931927211296,5.029422119398481
2017,vw_50,JP3405400007,SUMITOMO HEAVY INDS.,JP,0.0013693173482073146,2.579679019356246,3.6267729295832196
2017,vw_50,HK0000608585,NEW WORLD DEVELOPMENT COMPANY,HK,0.001362143643478578,49.84343225735034,30.221854916719163
2017,vw_50,JP3165700000,NTT DATA GROUP DEAD - DELIST.26/09/25,JP,0.0013590900448165188,0.7184305884816374,0.7535229178990807
2017,vw_50,AU000000SBM8,ST BARBARA,AU,0.0013487975432012686,296.2950510320944,150.11338351307904
2017,vw_50,JP3381000003,NIPPON STEEL,JP,0.001310149106247561,2211.9628018440712,3858.150125389879
2017,vw_50,HK0002007356,CLP HOLDINGS,HK,0.001298717295031838,3735.899409601882,1549.6070776667361
2017,vw_50,JP3040890000,JAPAN PRIME REALTY INV.,JP,0.001264510580581309,12.306337016680393,0.865216829315582
2017,vw_50,NZTELE0001S4,SPARK NEW ZEALAND,NZ,0.0012462149924269894,1.3812785344327798,0.7616371814346706
2017,vw_50,AU000000WOR2,WORLEY,AU,0.0012296624650329747,2.394345036635419,6.120554131189399
2017,vw_50,AU0000038911,OVATO DEAD - DELIST.29/08/22,AU,0.0012053688455932,35.29597795272033,149.40536664076973
2017,vw_50,AU000000SGM7,SIMS,AU,0.0011398222443592826,18.905219550514115,38.825077631685275
2017,vw_50,JP3493800001,DAI NIPPON PRINTING,JP,0.0011372453793899184,20.883930212734192,39.368075035850396
2017,vw_50,AU000000BPT9,BEACH ENERGY,AU,0.0011158162237104301,37.78053549784533,16.4876457548615
2017,vw_50,AU000000WOW2,WOOLWORTHS GROUP,AU,0.0011054868147426919,15.973026656558334,26.677237799717012
2017,vw_50,KYG0535Q1331,ASMPT,HK,0.0010657957995603427,1.4158366777936908,0.5313713468219906
2017,vw_50,JP3982100004,LAWSON DEAD - DELIST.24/07/24,JP,0.0010455517345465694,0.9770109327523375,0.7253606616384118
2017,vw_50,JP3294460005,INPEX,JP,0.0010448810503069506,51.49767546446707,26.780754946718908
2017,vw_50,BMG677491539,ORIENT OVERSEAS (INTL.),HK,0.001043552152090699,1096.6973588192745,1723.9118762922071
2017,vw_50,JP3686800008,NIPPON SHEET GLASS,JP,0.0010327514422956542,581.1820234975767,4386.029035512215
2017,vw_50,JP3274400005,GLORY,JP,0.0010078236191578623,0.5169807926313926,0.49091156551979837
2017,vw_50,JP3352400000,CITIZEN WATCH,JP,0.0010057712527468984,7.962326344679286,10.988490711545406
2017,vw_50,BMG2178K1009,CKI HOLDINGS,HK,0.001004290369920714,10884.988866221121,345.4651061078485
2017,vw_50,SG1R89002252,CITY DEVELOPMENTS,SG,0.0009857628064506678,0.22726944777131644,0.10541286706266209
2017,vw_50,HK0010000088,HANG LUNG GROUP,HK,0.0009717243074997564,2.822780386775648,0.9312619502868068
2017,vw_50,JP3402600005,SUMITOMO METAL MINING,JP,0.0009607144258397813,264.38659274111427,222.67158498507413
2017,vw_50,JP3967200001,RAKUTEN GROUP,JP,0.0009603515330580013,0.04370956146657081,0.021969635650937177
2017,vw_50,JP3300600008,KONICA MINOLTA,JP,0.0009173585168482771,18.81716874787256,34.45042235990544
2017,vw_50,JP3486800000,DAITO TST.CONSTRUCTION,JP,0.0008731492915511027,2.818453531065352,3.379718565025223
2017,vw_50,AU000000COH5,COCHLEAR,AU,0.0008628754807495381,0.006927415467330287,0.0011245693329226627
2017,vw_50,JP3619800000,TOYOBO,JP,0.0008507616555585352,234.21312175630055,477.4092956833093
2017,vw_50,JP3266400005,KUBOTA,JP,0.0008251807895450435,21.06088094917939,14.996955467568958
2017,vw_50,JP3228600007,KANSAI ELECTRIC PWR.,JP,0.0008203926331745175,1444.8748944699819,3905.388526326512
2017,vw_50,JP3733000008,NEC,JP,0.0008117339242366551,2.278262126461521,8.862120180196444
2017,vw_50,JP3560800009,TOKAI CARBON,JP,0.0008020772519015633,56.26580936993513,54.97997097962372
2017,vw_50,JP3481800005,DAIKIN INDUSTRIES,JP,0.0008002696861390398,56.41958834480793,34.69679126822612
2017,vw_50,AU000000CQR9,CHARTER HALL RETAIL REIT,AU,0.0007876243266764255,0.5197791244473525,0.06505135230281786
2017,vw_50,JP3224200000,KAWASAKI HEAVY INDUSTRY,JP,0.0007692302490153355,13.251800949361982,34.81081585661833
2017,vw_50,JP3903000002,MITSUBISHI MATERIALS,JP,0.0007609753274339106,887.8852946343144,2348.9122857677844
2017,vw_50,JP3778630008,BANDAI NAMCO HDG.,JP,0.0007606922948553071,0.0,0.0
2017,vw_50,AU000000BLD2,BORAL DEAD - DELIST.08/07/24,AU,0.0007254941505781724,594.319552744351,346.00387008843404
2017,vw_50,JP3977400005,RINNAI,JP,0.0006878733123952927,13.315103686854163,8.762490566208783
2017,vw_50,JP3156400008,USHIO,JP,0.0006804958692712589,2.5261968603550202,2.1557943338256016
2017,vw_50,JP3420600003,SEKISUI HOUSE,JP,0.0006691844149997467,4.437251167274385,7.0173161046527435
2017,vw_50,JP3665200006,NICHIREI,JP,0.0006548149928678451,9.110259844305922,14.572897749572599
2017,vw_50,JP3571400005,TOKYO ELECTRON,JP,0.0006149249595471317,2.7174608046241593,1.011223389953912
2017,vw_50,NZAIAE0002S6,AUCKLAND INTL.AIRPORT,NZ,0.0005686219261907912,5.454528980582964,0.4042893623879935
2017,vw_50,JP3205800000,KAO,JP,0.0005645002795999792,50.36569505353341,26.02033172137445
2017,vw_50,JP3502200003,DAIWA SECURITIES GROUP,JP,0.0005520542878359713,0.18898185513526072,0.09162766848658173
2017,vw_50,JP3421100003,JAPAN PETROLEUM EXP.,JP,0.0005261565767205904,108.44362759044508,152.38921494938512
2017,vw_50,JP3357200009,SHIMADZU,JP,0.0005090534151407088,0.9999410034807946,0.594558599695586
2017,vw_50,JP3134800006,IHI,JP,0.0005062167894871346,5.625491078038335,17.71120403480368
2017,vw_50,JP3721400004,JAPAN STEEL WORKS,JP,0.000486816744452768,47.36191328233249,67.00653669807056
2017,vw_50,JP3526600006,CHUBU ELEC.POWER,JP,0.0004817659954511625,2481.9425622499703,5773.405293449903
2017,vw_50,JP3229400001,KANSAI PAINT,JP,0.00046895895538918075,16.578733343065085,8.541315255111359
2017,vw_50,JP3289800009,KOBE STEEL,JP,0.0004441947868651498,1166.6281679371248,4949.2629840379195
2017,vw_50,AU000000DXS1,DEXUS STAPLED UNITS,AU,0.0004393378881054472,34.20381269613573,2.941431242644555
2017,vw_50,AU000000MAH3,MACMAHON HOLDINGS,AU,0.0004228222687238216,0.6276579907702088,1.1454585505543726
2017,vw_50,JP3551520004,DENTSU GROUP,JP,0.0004021035279360384,0.728438189364427,0.4151860885144333
2017,vw_50,AU000000QBE9,QBE INSURANCE GROUP,AU,0.0003921928188514545,0.521196763779568,0.5985557117239374
2017,vw_50,SG1N31909426,COMFORTDELGRO CORPORATION,SG,0.0003661824159173654,333.0829904132775,261.21246431166765
2017,vw_50,AU000000CIM7,CIMIC GROUP DEAD - DELIST.11/05/22,AU,0.00035409277933668993,267.06058501078275,257.58143017596404
2017,vw_50,JP3585800000,TOKYO ELECTRIC POWER CO. HDG.,JP,0.00034775548728580946,1836.7335194131444,14521.123843598596
2017,vw_50,JP3877600001,MARUBENI,JP,0.00034016457592622154,10.19871517730095,59.48186371022967
2017,vw_50,JP3404600003,SUMITOMO,JP,0.00033705782258387936,1.7555836391915216,4.087354528330543
2017,vw_50,HK0083000502,SINO LAND,HK,0.0003301581045846187,2.6504878160411,0.535761919997533
2017,vw_50,JP3942600002,YAMAHA,JP,0.00032848474383820396,7.163848794296695,4.4103079073428235
2017,vw_50,JP3811000003,FUJIKURA,JP,0.00032160690866871985,4.954731291116713,14.959465878221515
2017,vw_50,JP3320800000,SAPPORO HOLDINGS,JP,0.00030979201788151607,24.78481128219386,58.853135207839614
2017,vw_50,JP3870400003,MARUI GROUP,JP,0.00030683543444049273,6.966246388477493,4.483900632915197
2017,vw_50,JP3634600005,TOYOTA INDS.,JP,0.00030466614855168705,13.293220637727138,12.4982554263039
2017,vw_50,JP3818000006,FUJITSU,JP,0.0002993391387309567,5.160293092739299,16.65445606786691
2017,vw_50,SG1P66918738,SINGAPORE PRESS HDG. DEAD - DELIST.13/05/22,SG,0.0002943251140618039,0.14033376541685022,0.0280363370872838
2017,vw_50,AU000000GWA4,GWA GROUP,AU,0.0002916873660683053,29.441516890938175,18.50407525828451
2017,vw_50,JP3675600005,NISSIN FOODS HOLDINGS,JP,0.0002869911702939805,50.89532207797805,35.83089753170308
2017,vw_50,SG1U68934629,KEPPEL,SG,0.00028595433715859086,51.64826722866719,30.664024839438543
2017,vw_50,HK0003000038,HONG KONG AND CHINA GAS,HK,0.00028555900060097403,223.3492938412655,34.49437829758073
2017,vw_50,AU000000SGP0,STOCKLAND STAPLED UNITS,AU,0.000284320842029584,14.587308821741555,3.4066647405133823
2017,vw_50,AU000000SIG5,SIGMA HEALTHCARE,AU,0.00028092990037688104,1.3424848985104867,4.634783136675504
2017,vw_50,JP3894900004,ISETAN MITSUKOSHI HDG.,JP,0.0002741468896058874,2.455175785222471,5.883697708073181
2017,vw_50,JP3787000003,HITACHI CON.MCH.,JP,0.00027158291331333645,6.988075988046634,8.91068894355583
2017,vw_50,JP3131430005,AEON MALL DEAD - DELIST.27/06/25,JP,0.00025184145737448273,5.9270111305738125,4.20574488026905
2017,vw_50,JP3210200006,KAJIMA,JP,0.00022989852812977404,11.855549928975643,25.646961944067442
2017,vw_50,JP3475350009,DAIICHI SANKYO,JP,0.00022619788842929815,13.490824816135902,7.155236674786023
2017,vw_50,JP3197600004,ONO PHARM.,JP,0.00022528710164647776,10.306379696526987,1.7701179616398308
2017,vw_50,JP3670800006,NISSAN CHEMICAL,JP,0.00022323299033814406,202.96583659017804,57.20205383650523
2017,vw_50,JP3659000008,WEST JAPAN RAILWAY,JP,0.0002087213186898416,7.799212700674717,8.00418779105228
2017,vw_50,JP3544000007,TEIJIN,JP,0.0001841415183777683,114.77640637826262,180.56495162063064
2017,vw_50,NZFBUE0001S0,FLETCHER BUILDING,NZ,0.00017493201853130598,204.92734766632464,267.4218010031721
2017,vw_50,JP3893600001,MITSUI,JP,0.00016603382608833622,8.284092013256764,11.873094018645295
2017,vw_50,JP3743000006,NH FOODS,JP,0.00016571596953810107,31.888026457523605,62.124361676738346
2017,vw_50,JP3635400009,TOYOTA BOSHOKU,JP,0.00015166580778250144,4.1739519606764794,12.469886344042054
2017,vw_50,JP3827200001,FURUKAWA ELECTRIC,JP,0.00014913626518337555,28.1415344137977,86.14009924658323
2017,vw_50,JP3260800002,KINTETSU GROUP HDG.,JP,0.00014863170694667802,5.372366752314698,8.016978784785223
2017,vw_50,JP3027670003,NIPPON BUILDING FUND,JP,0.00014209436559062068,12.918032271501891,1.014460193115299
2017,vw_50,AU000000ORI1,ORICA,AU,0.0001339837287188348,460.13211531850106,331.64695123749965
2017,vw_50,AU000000RHC8,RAMSAY HEALTH CARE,AU,0.0001288929648718208,2.318441698092646,1.5072943960132723
2017,vw_50,HK0023000190,BANK OF EAST ASIA,HK,0.00012187896396052288,0.5863997759631452,0.16355778332997098
2017,vw_50,JP3456000003,TAKASHIMAYA,JP,0.00011275641890315449,1.90201648006431,5.120595036530974
2017,vw_50,JP3538800008,TDK,JP,0.00010493632626763658,7.591728691396783,8.808999164880719
2017,vw_50,JP3792600003,HINO MOTORS,JP,0.00010452464093938329,11.650678324975846,26.57557409456553
2017,vw_50,JP3421800008,SECOM,JP,0.00010380797744255642,6.786918018752721,3.348369633722413
2017,vw_50,JP3888300005,MITSUI CHEMICALS,JP,8.81537168644449e-05,405.1232302129874,882.5083123582239
2017,vw_50,JP3256000005,KYOWA KIRIN,JP,8.522583761345971e-05,22.520141156065158,8.584196612846
2017,vw_50,JP3362700001,MITSUI OSK LINES,JP,8.010790515542369e-05,1386.0033383469959,4917.403930573378
2017,vw_50,SG1J26887955,SINGAPORE EXCHANGE,SG,7.452775693612789e-05,0.08247810339384093,0.008129370629370629
2017,vw_50,JP3143600009,ITOCHU,JP,6.528180565485228e-05,2.0341791747592533,3.7794241156223563
2017,vw_50,JP3111200006,ASAHI KASEI,JP,5.965105045686147e-05,172.64555235877594,218.14740619661535
2017,vw_50,JP3414750004,SEIKO EPSON,JP,5.9094735185052065e-05,14.633711220830449,15.694015995767217
2017,vw_50,JP3868400007,MAZDA MOTOR,JP,5.831568094587387e-05,5.275280431979921,17.352083575935833
2017,vw_50,AU000000IGO4,IGO,AU,5.097820188769338e-05,239.37953245842738,43.53706644807623
2017,vw_50,JP3738600000,NITERRA,JP,4.86716343464346e-05,2.124699725895419,1.4063162999333212
2017,vw_50,JP3258000003,KIRIN HOLDINGS,JP,4.636452561728908e-05,20.14897248621797,24.713440724809395
2017,vw_50,JP3595200001,TOSOH,JP,4.497484470039305e-05,1233.560143493924,1459.4770366686434
2017,vw_50,JP3891600003,MITSUI E&S,JP,3.973379646219495e-05,19.99583377421422,94.78047030332023
2017,vw_50,AU000000DOW2,DOWNER EDI,AU,3.913594438622649e-05,42.30723753132091,97.4528674215975
2017,vw_50,JP3845400005,HOKURIKU ELEC.POWER,JP,3.5557832816971085e-05,3874.395122613518,8737.044218312882
2017,vw_50,JP3452000007,TAIYO YUDEN,JP,2.941711329172159e-05,16.68154796463868,23.757582581525945
2017,vw_50,AU000000MGR9,MIRVAC GROUP STAPLED UNITS,AU,2.871108231932697e-05,2.346218997294769,0.7995877987037717
2017,vw_50,JP3535800001,TSUMURA,JP,2.8351354104717835e-05,33.292125359271544,16.253900401954414
2017,vw_50,JP3368000000,RESONAC HOLDINGS,JP,2.7905702627840107e-05,521.7898783149152,1273.3776188042923
2017,vw_50,BMG524401079,KERRY PROPERTIES,HK,2.3999707683394787e-05,1.7298103181751934,0.7159049052835067
2017,vw_50,JP3820000002,FUJI ELECTRIC,JP,2.2761485546952414e-05,29.79503660860932,49.60999842650662
2017,vw_50,JP3027680002,JAPAN REAL ESTATE INV.,JP,2.2703950819163532e-05,11.916016269099702,0.8767211921467133
2017,vw_50,JP3336000009,SANTEN PHARM.,JP,2.1878334717931526e-05,9.49836322796929,3.1737031118442536
2017,vw_50,AU000000AMP6,AMP,AU,2.159009351656601e-05,0.008465271795627881,0.008338414554702606
2017,vw_50,JP3419050004,SEGA SAMMY HDG.,JP,1.9906943342563138e-05,2.491128626171341,2.0618778816736327
2017,vw_50,BMG4600H1198,HOPSON DEVELOPMENT HOLDINGS,HK,1.8733244183590494e-05,2.415786544367615,2.587256470684464
2017,vw_50,JP3270000007,KURITA WATER IND.,JP,1.4732093866509259e-05,15.120820345578894,10.434925230512512
2017,vw_50,HK0012000102,HENDERSON LD.DEV.,HK,1.1516195337614308e-05,0.25856504291663795,0.04236607571295094
2017,vw_50,AU000000SUN6,SUNCORP GROUP,AU,9.006214951331179e-06,0.5642223069393281,0.540945266097959
2017,vw_50,AU000000CSR5,CSR DEAD - DEAD.10/07/24,AU,8.451993754205752e-06,247.12461421771198,268.568129330254
2017,vw_50,JP3742600004,NHK SPRING,JP,7.542251118416697e-06,3.2417585586001194,7.300892857142857
2017,vw_50,JP3201200007,OLYMPUS,JP,7.2966324710137426e-06,4.0490274477645904,2.279273138429491
2017,vw_50,JP3385820000,GS YUASA,JP,7.242549975879482e-06,7.264210369807717,13.424336516491886
2017,vw_50,JP3246400000,KYUSHU ELEC.POWER,JP,4.254712189786716e-06,1690.682244387442,5313.794029614257
2017,vw_50,JP3351600006,SHISEIDO,JP,3.990742014285072e-06,4.142627387246547,2.8108061555685935
2017,vw_50,JP3449020001,TAIHEIYO CEMENT,JP,3.601243219468143e-06,2070.2381995019077,3268.879162280459
2017,vw_50,JP3549600009,DENKA,JP,2.1685061741725527e-06,581.0111409512367,805.4227167394266
2017,vw_50,JP3678000005,NISSHINBO HOLDINGS,JP,2.16814408003011e-06,60.76015618580701,168.12236898975127
2018,vw,JP3633400001,TOYOTA MOTOR,JP,0.04114626638357326,9.62678113430414,11.311938686630686
2018,vw,AU000000CBA7,COMMONWEALTH BK.OF AUS.,AU,0.020523640062630515,0.26622384371298635,0.0777203316707817
2018,vw,JP3902900004,MITSUBISHI UFJ FINL.GP.,JP,0.01943098735694269,0.21647679192660813,0.11118274258968806
2018,vw,JP3735400008,NTT,JP,0.018230280447832006,1.7375987996329365,1.852275891387748
2018,vw,JP3436100006,SOFTBANK GROUP,JP,0.016299886874281785,0.13764861707567969,0.12750108621160747
2018,vw,AU000000WBC1,WESTPAC BANKING,AU,0.015640571698528973,0.33260258270780757,0.11464708734663297
2018,vw,AU000000BHP4,BHP GROUP,AU,0.014341873303667511,248.67903060921853,134.77749304954122
2018,vw,AU000000ANZ3,ANZ GROUP HOLDINGS,AU,0.012399522381401549,0.5720828533875487,0.2645272491771613
2018,vw,JP3496400007,KDDI,JP,0.01197436206444876,0.5001970989985122,0.34440387901750535
2018,vw,JP3726800000,JAPAN TOBACCO,JP,0.011961782298405575,19.501073797222265,5.767972766623396
2018,vw,JP3890350006,SUMITOMO MITSUI FINL.GP.,JP,0.011776119407752573,0.33527154361035794,0.2653559652625482
2018,vw,JP3854600008,HONDA MOTOR,JP,0.011651666971867147,9.79758074797736,21.148180128606
2018,vw,AU000000NAB4,NATIONAL AUS.BANK,AU,0.011650266989198093,0.7437438473085517,0.3009355982465895
2018,vw,JP3435000009,SONY GROUP,JP,0.01148069751079157,3.0438433169339705,3.7249000772672205
2018,vw,HK2388011192,BOC HONG KONG HOLDINGS,HK,0.00979539581840509,0.026305711230595392,0.0062051107752028115
2018,vw,JP3242800005,CANON,JP,0.009679688254706676,4.342876307107153,3.026879108877136
2018,vw,AU000000CSL8,CSL,AU,0.009655023370994905,7.269576553695936,1.0470090681046476
2018,vw,KYG217651051,CK HUTCHISON HOLDINGS,HK,0.009470740385032652,297.46067313037804,182.15481518699278
2018,vw,SG1L01001701,DBS GROUP HOLDINGS,SG,0.009467484102005803,1.7197879054367741e-06,3.8558728703291163e-07
2018,vw,JP3551500006,DENSO,JP,0.009090118499771637,15.497562031350355,13.855009931431756
2018,vw,HK0016000132,SUN HUNG KAI PROPERTIES,HK,0.009011712169221581,5.608352324412873,1.26397758077871
2018,vw,JP3371200001,SHIN-ETSU CHEMICAL,JP,0.008684862760401682,139.07635813397386,36.4429418911617
2018,vw,JP3734800000,NIDEC,JP,0.008570681123054416,7.067078636382596,1.9592947986899134
2018,vw,JP3802300008,FAST RETAILING,JP,0.008527852970060038,0.7029763369413867,0.26581177683796786
2018,vw,JP3463000004,TAKEDA PHARMACEUTICAL,JP,0.008523402959959446,9.89017088855397,3.426369985855516
2018,vw,HK0388045442,HONG KONG EXCHANGES AND CLEARING,HK,0.00836170769958982,0.02566388416133128,0.0008294990829669349
2018,vw,HK0000049939,CHINA UNICOM (HONG KONG),HK,0.00831170623252845,9.09804468512024,8.125289326180736
2018,vw,JP3898400001,MITSUBISHI,JP,0.008287459335819565,81.35280628059729,120.45194256012687
2018,vw,HK0011000095,HANG SENG BANK DEAD - DELIST.28/01/26,HK,0.00821388084641638,0.03540031642946735,0.004271026639695348
2018,vw,JP3672400003,NISSAN MOTOR,JP,0.008186552892673121,8.405360106013676,20.34453058861118
2018,vw,HK0688002218,CHINA OVERSEAS LAND INVESTMENT,HK,0.007926181670019614,1.2205850288990403,0.5892730610166704
2018,vw,SG1T75931496,SINGAPORE TELECOM,SG,0.007887321655646519,0.45875642669408156,0.14098004271519415
2018,vw,JP3902400005,MITSUBISHI ELECTRIC,JP,0.007276761287029439,7.765538648697577,7.775903478462628
2018,vw,AU000000WES1,WESFARMERS,AU,0.007255456726777547,45.50776670064103,63.11753726978319
2018,vw,JP3566800003,CENTRAL JAPAN RAILWAY,JP,0.007216269988939315,4.506706008992097,1.8717431037648848
2018,vw,JP3788600009,HITACHI,JP,0.007062854156714188,25.1171710103773,54.78768093825454
2018,vw,JP3783600004,EAST JAPAN RAILWAY,JP,0.006871220805421712,52.429952922805796,36.92395312623688
2018,vw,JP3830800003,BRIDGESTONE,JP,0.006770924002707424,56.59484453687057,50.35658011966427
2018,vw,JP3304200003,KOMATSU,JP,0.006750223607075425,5.384672774547643,3.142065716223334
2018,vw,JP3866800000,PANASONIC HOLDINGS,JP,0.006656295174025193,6.482055106825114,12.6139920981566
2018,vw,JP3205800000,KAO,JP,0.006642182180547844,48.32147715494704,17.916951084525138
2018,vw,JP3198900007,ORIENTAL LAND,JP,0.006549022186485449,13.750114584288202,1.6722533865221392
2018,vw,JP3910660004,TOKIO MARINE HOLDINGS,JP,0.006466487093487677,0.2948726907428433,0.40855210140131054
2018,vw,JP3481800005,DAIKIN INDUSTRIES,JP,0.006431681005461347,37.354732483346055,21.568323624749766
2018,vw,AU000000TLS2,TELSTRA GROUP,AU,0.006326304474236007,2.658689745456173,1.590644307454744
2018,vw,HK0066009694,MTR,HK,0.006197170218864109,7.118834452393606,1.4862132076816548
2018,vw,JP3914400001,MURATA MANUFACTURING,JP,0.006041907212634963,21.268052106558194,7.582753977698244
2018,vw,JP3893600001,MITSUI,JP,0.006033341216981936,78.61837060508374,104.31257468725892
2018,vw,JP3143600009,ITOCHU,JP,0.006002528821367459,31.555839532336876,46.83012580852036
2018,vw,JP3571400005,TOKYO ELECTRON,JP,0.0054882752135943244,1.8124181346720492,0.5653798621005259
2018,vw,JP3519400000,CHUGAI PHARM.,JP,0.005247403358416052,10.226027272712244,1.7214037677621508
2018,vw,AU000000WOW2,WOOLWORTHS GROUP,AU,0.005238287956265782,14.89144296729175,23.126456294694986
2018,vw,KYG2108Y1052,CHINA RESOURCES LAND,HK,0.005183969723868933,34.59934346236411,18.47090429596037
2018,vw,AU000000MQG1,MACQUARIE GROUP,AU,0.00517934266250511,0.04824296872700775,0.018255024096279392
2018,vw,JP3942400007,ASTELLAS PHARMA,JP,0.0050920107579633025,7.392336402418269,3.1339603237447076
2018,vw,HK0003000038,HONG KONG AND CHINA GAS,HK,0.005040043474298842,194.3520850582984,29.225809395572597
2018,vw,HK0012000102,HENDERSON LD.DEV.,HK,0.00502353024977872,0.2677183487823133,0.030411912458746804
2018,vw,JP3397200001,SUZUKI MOTOR,JP,0.004992511598568933,19.698294854987214,23.764110854824317
2018,vw,JP3933800009,LY,JP,0.004926641227563943,0.000250429361139674,7.409797753275223e-05
2018,vw,JP3899600005,MITSUBISHI ESTATE,JP,0.004802267278320981,12.197100961610891,4.5851198921774285
2018,vw,JP3505000004,DAIWA HOUSE INDUSTRY,JP,0.004797718703599622,8.061956223219134,10.264421074096717
2018,vw,HK0002007356,CLP HOLDINGS,HK,0.004710855893641838,3248.8319877729405,1481.842824308344
2018,vw,JP3814800003,SUBARU,JP,0.004639781675714457,8.66108315643986,10.688367954133193
2018,vw,JP3475350009,DAIICHI SANKYO,JP,0.004607472558080914,12.40767640188632,4.282667292062491
2018,vw,JP3116000005,ASAHI GROUP HOLDINGS,JP,0.004567504604359559,24.513799495439294,18.50245227426309
2018,vw,JP3266400005,KUBOTA,JP,0.0045452600296688635,19.91490913917238,12.689825330176404
2018,vw,JP3200450009,ORIX,JP,0.0044862654535978074,8.809352115363797,9.571282044605415
2018,vw,JP3381000003,NIPPON STEEL,JP,0.004407786112217554,1736.9336790854666,3561.2727326184013
2018,vw,JP3249600002,KYOCERA,JP,0.004375245185198131,9.04534091738534,5.309467221851627
2018,vw,BMG2178K1009,CKI HOLDINGS,HK,0.0042806067218242195,11628.968070819103,381.40470494927916
2018,vw,JP3762600009,NOMURA HDG.,JP,0.004251104870611804,0.17492706938518454,0.12846566398757936
2018,vw,JP3258000003,KIRIN HOLDINGS,JP,0.004234029462699155,22.34174959277788,16.26160939994965
2018,vw,AU0000224040,WOODSIDE ENERGY GROUP,AU,0.004180780838964712,2420.666599088588,426.4136330118459
2018,vw,JP3404600003,SUMITOMO,JP,0.004002484741078727,22.319547686318664,42.60620015258912
2018,vw,JP3634600005,TOYOTA INDS.,JP,0.003987072154823846,11.15731939506823,8.838774330208256
2018,vw,JP3814000000,FUJIFILM HOLDINGS,JP,0.003949298176549952,31.2212186491474,31.751489824271452
2018,vw,JP3351600006,SHISEIDO,JP,0.0038865015614963153,3.034796369798373,1.297719316536998
2018,vw,AU000000TCL6,TRANSURBAN GROUP STAPLED UNITS,AU,0.0038416820381082764,1.7456654239895852,0.19902894400630203
2018,vw,JP3890310000,MS&AD INSURANCE GP.HDG.,JP,0.003683792467262742,0.5729071143284852,1.3847866706107421
2018,vw,JP3837800006,HOYA,JP,0.0035482715895192407,4.504858998081248,1.1042351476617438
2018,vw,JP3294460005,INPEX,JP,0.0035037185556614264,67.56639715686644,30.439720331888385
2018,vw,HK0823032773,LINK REAL ESTATE INVESTMENT TRUST,HK,0.003466583422151769,0.0,0.0
2018,vw,JP3592200004,TOSHIBA DEAD - DELIST.20/12/23,JP,0.0034503385124326266,9.087157071344757,17.457398657155736
2018,vw,HK0006000050,POWER ASSETS HOLDINGS,HK,0.0034441490193025575,62808.74455393191,604.3226943307233
2018,vw,JP3546800008,TERUMO,JP,0.0033972231334632955,11.092188058647938,3.1137170537970875
2018,vw,JP3347200002,SHIONOGI,JP,0.0033938974901477586,13.875115024626924,2.337105530081306
2018,vw,JP3111200006,ASAHI KASEI,JP,0.003317750844792345,170.18659203051325,170.54744629956056
2018,vw,JP3409000001,SUMITOMO REAL.&DEV.,JP,0.003309520698958231,2.024774570582099,0.9644450842090112
2018,vw,JP3421800008,SECOM,JP,0.003296679919197089,6.432718495373942,3.0677796528714403
2018,vw,JP3359600008,SHARP,JP,0.003225923298381071,12.19924979234705,14.937474785938631
2018,vw,JP3160400002,EISAI,JP,0.0030904243238866294,8.28119006753118,2.5247883803507345
2018,vw,JP3951600000,UNI CHARM,JP,0.0030304641795861993,5.389131934468871,1.8867879071145746
2018,vw,JP3165700000,NTT DATA GROUP DEAD - DELIST.26/09/25,JP,0.003019472399099831,0.46536331805631875,0.5320808095462625
2018,vw,JP3351100007,SYSMEX,JP,0.002973683656940909,1.3856178555349135,0.20930852075959966
2018,vw,JP3621000003,TORAY INDS.,JP,0.0029391805638599037,162.30404188637544,199.3453275877166
2018,vw,HK0000608585,NEW WORLD DEVELOPMENT COMPANY,HK,0.0029130299097535946,42.00160655020956,19.490721478949137
2018,vw,HK0000055878,CHINA TAIPING INSURANCE HLDGS,HK,0.0028013580196943975,0.0459794759464489,0.07559277881992205
2018,vw,JP3388200002,AEON,JP,0.002760269349729497,2.8871546583171317,14.384507344014093
2018,vw,JP3684000007,NITTO DENKO,JP,0.0027361283187243984,48.88421167009087,25.450192324882956
2018,vw,JP3386030005,JFE HOLDINGS,JP,0.002706126343325124,1652.131321629222,3702.9817434231604
2018,vw,JP3635000007,TOYOTA TSUSHO,JP,0.002695996090635097,3.7747877591558074,14.819649311900363
2018,vw,IE00BKVD2N49,SEAGATE TECHNOLOGY HOLDINGS,SG,0.002691454816996757,24.688782232260493,17.79138191897059
2018,vw,JP3659000008,WEST JAPAN RAILWAY,JP,0.002594197090089478,7.424589006307114,7.035975647081091
2018,vw,AU000000SUN6,SUNCORP GROUP,AU,0.00259410582655173,0.6560012467513864,0.6083518561908562
2018,vw,AU000000NCM7,NEWCREST MINING DEAD - DELIST.08/11/23,AU,0.0025661317269612158,396.51123544083663,98.60188307628401
2018,vw,AU000000IAG3,INSURANCE AUS.GROUP,AU,0.0025324043739510683,1.2625410000853738,0.8260698148280289
2018,vw,JP3429800000,ANA HOLDINGS,JP,0.0025258534772115175,660.8214561384347,832.4758061718832
2018,vw,JP3402600005,SUMITOMO METAL MINING,JP,0.0025063194295919375,225.9936483378277,135.31208443241024
2018,vw,JP3197600004,ONO PHARM.,JP,0.0025039557039642645,3.6576680859853217,0.6196116565718564
2018,vw,JP3407400005,SUMITOMO ELECTRIC IND.,JP,0.0024523461733677756,7.02122554308649,14.38299373600724
2018,vw,AU000000ORG5,ORIGIN ENERGY (EX BORAL),AU,0.0024461676318622365,1542.8160768197024,1355.204239471648
2018,vw,JP3486800000,DAITO TST.CONSTRUCTION,JP,0.0024214005329881868,2.736061261808081,2.897788176975994
2018,vw,JP3197800000,OMRON,JP,0.002412847314230445,8.807647703438086,5.132792500559795
2018,vw,JP3877600001,MARUBENI,JP,0.002404770491139748,9.820498579335762,51.79603290203243
2018,vw,JP3201200007,OLYMPUS,JP,0.0023912908666143696,4.258495361796813,2.2993629503656967
2018,vw,JP3967200001,RAKUTEN GROUP,JP,0.00235197635982329,0.1346745860886517,0.08942519690538996
2018,vw,JP3551520004,DENTSU GROUP,JP,0.002334424556243596,0.5919502842573549,0.38946101754021084
2018,vw,JP3818000006,FUJITSU,JP,0.0023320060724932746,5.291213563079964,15.497541526366954
2018,vw,JP3900000005,MITSUBISHI HEAVY INDS.,JP,0.0023128425548369514,5.116718567192993,14.892950408129282
2018,vw,AU000000CIM7,CIMIC GROUP DEAD - DELIST.11/05/22,AU,0.0022793397101296643,251.0067573931478,215.33223144731446
2018,vw,HK0004000045,WHARF HOLDINGS,HK,0.0022762732552613313,2.7337782568742997,1.212825398047291
2018,vw,JP3420600003,SEKISUI HOUSE,JP,0.0022664551238704028,3.936181714595643,6.201130860773337
2018,vw,HK0291001490,CHINA RESOURCES BEER HOLDINGS,HK,0.00224476725675997,57.50495326756555,20.571999151100112
2018,vw,JP3502200003,DAIWA SECURITIES GROUP,JP,0.00223704636146649,0.1562839375346569,0.08142970323850336
2018,vw,JP3982800009,ROHM,JP,0.0022340784712189254,10.15892759287989,2.941409559540218
2018,vw,AU000000AMP6,AMP,AU,0.0022334213737471398,0.008380987030216482,0.00997048898710456
2018,vw,SGXE21576413,GENTING SINGAPORE,SG,0.002226200602640519,1.8797883546553322,0.27960775793154624
2018,vw,HK0083000502,SINO LAND,HK,0.0022031273550270716,0.3521418425151032,0.042617566987624006
2018,vw,SG1U68934629,KEPPEL,SG,0.002192038835190691,5.815718738493892,2.189869760245941
2018,vw,JP3539220008,T & D HOLDINGS,JP,0.00218889206840914,0.11179134078329411,0.15785326234244904
2018,vw,JP3538800008,TDK,JP,0.002187844362995793,11.373476973297363,10.650394905563884
2018,vw,JP3401400001,SUMITOMO CHEMICAL,JP,0.0021871525853796635,337.2500565744798,557.3071665462144
2018,vw,JP3228600007,KANSAI ELECTRIC PWR.,JP,0.0021762411168065134,1182.609563114172,2752.1966242942117
2018,vw,HK0023000190,BANK OF EAST ASIA,HK,0.002132976724101701,0.633024081468091,0.19307347971599742
2018,vw,JP3942800008,YAMAHA MOTOR,JP,0.002132140750095929,9.660943303368834,12.512980225541318
2018,vw,AU000000QBE9,QBE INSURANCE GROUP,AU,0.0021301877103881224,0.4992647644763211,0.7123926676851865
2018,vw,JP3762800005,NOMURA RESEARCH INST.,JP,0.0021250075919855465,0.48243502323889503,0.1717895749496442
2018,vw,JP3256000005,KYOWA KIRIN,JP,0.002094275508284288,21.24953261773738,5.928909217363414
2018,vw,JP3573000001,TOKYO GAS,JP,0.0020803249639041303,250.0563299625928,342.3602855049639
2018,vw,JP3443600006,TAISEI,JP,0.0020643702722350265,17.932454847039363,22.28128531185842
2018,vw,AU000000RHC8,RAMSAY HEALTH CARE,AU,0.0020153927820671896,2.2412319391374806,1.4238865527762707
2018,vw,JP3283650004,KOSE HOLDINGS,JP,0.001957765333791598,3.1686475730162105,0.7975189005294666
2018,vw,JP3119600009,AJINOMOTO,JP,0.0019432161006038133,120.57958367223887,116.91292087866258
2018,vw,JP3940000007,YAMATO HDG.,JP,0.0019391658247985574,47.6972777922128,61.84117266676644
2018,vw,JP3210200006,KAJIMA,JP,0.001912659242895031,10.946435117684835,18.13189906830668
2018,vw,SG1V61937297,SINGAPORE AIRLINES,SG,0.001879817146201039,1205.5477354731777,1376.54046475137
2018,vw,JP3112000009,AGC,JP,0.0018530020935399241,399.7456109440392,522.0682175704521
2018,vw,JP3526600006,CHUBU ELEC.POWER,JP,0.0017484779637571503,2249.5163539838936,5887.707635646938
2018,vw,JP3596200000,TOTO,JP,0.0017353962482563531,34.047150977670526,19.037381634290846
2018,vw,JP3419400001,SEKISUI CHEMICAL,JP,0.001731366050429402,14.18395807593865,14.781461868762209
2018,vw,SG9999000020,FLEX,SG,0.001712448944324998,2.972581952454433,8.210712340477238
2018,vw,JP3787000003,HITACHI CON.MCH.,JP,0.0016806965342717173,6.047889322202371,5.538704138715216
2018,vw,SG1R89002252,CITY DEVELOPMENTS,SG,0.0016775661949269612,0.5328847043488835,0.16832086068864666
2018,vw,HK0019000162,SWIRE PACIFIC 'A',HK,0.0016572290281751988,1817.6789762080734,2055.1008000563916
2018,vw,JP3720800006,NSK,JP,0.0016380527336235908,15.641451552955502,15.934390425994229
2018,vw,AU000000STO6,SANTOS,AU,0.0016211635033279478,1711.4309245904255,618.1200368845399
2018,vw,JP3868400007,MAZDA MOTOR,JP,0.0016182704491813364,4.430030211189242,15.452429076734282
2018,vw,JP3675600005,NISSIN FOODS HOLDINGS,JP,0.001598528320695691,47.589023774701076,25.23476322712657
2018,vw,JP3190000004,OBAYASHI,JP,0.001596303315645395,8.742618467969658,17.3001874091683
2018,vw,JP3626800001,LIXIL,JP,0.0015943630528328727,38.56203505580409,66.5030326481922
2018,vw,JP3414750004,SEIKO EPSON,JP,0.0015767053835493915,13.815453253442547,15.828992151142598
2018,vw,AU000000ASX7,ASX,AU,0.0015654252102837397,0.06378768445426647,0.00521314304370132
2018,vw,JP3180400008,OSAKA GAS,JP,0.0015540409965850554,419.578956801125,574.1418576161934
2018,vw,AU000000TAH8,TABCORP HOLDINGS,AU,0.0015181433966472606,2.00096963739366,0.46793694152952375
2018,vw,BMG8063F1068,SHANGRI-LA ASIA,HK,0.001515586192319562,69.5628864751178,18.283343469804354
2018,vw,AU000000SHL7,SONIC HEALTHCARE,AU,0.0015104060739169858,1.9855743971238768,1.0134175713023734
2018,vw,JP3973400009,RICOH,JP,0.0015064288089419284,7.588835105834203,17.290305070288056
2018,vw,HK0144000764,CHINA MERCHANTS PORT HOLDINGS,HK,0.0014793016349817156,20.188804373941,2.7683180826596385
2018,vw,AU000000SGP0,STOCKLAND STAPLED UNITS,AU,0.001471370833551415,11.007602351067828,3.157505604066934
2018,vw,JP3942600002,YAMAHA,JP,0.0014710295079202376,5.922674082197961,2.853867114020677
2018,vw,JP3173400007,OBIC,JP,0.0014707119108088747,0.5109572876323372,0.03810114799875892
2018,vw,JP3358800005,SHIMIZU,JP,0.0014642212480042375,16.104709225921386,27.60641440848473
2018,vw,JP3792600003,HINO MOTORS,JP,0.0014631498140710761,10.480042964498946,21.33214904560464
2018,vw,AU000000COH5,COCHLEAR,AU,0.0014609594891651244,0.7190805251658429,0.09095372729124059
2018,vw,SG1F60858221,SINGAPORE TECHS.ENGR.,SG,0.0014477317520039305,6.255908496380439,3.9588481516970093
2018,vw,JP3733000008,NEC,JP,0.0014320946574461898,2.175190292250022,7.137458529454125
2018,vw,JP3657400002,NIKON,JP,0.0014278271744210937,6.267423685601022,5.141801586439205
2018,vw,JP3322930003,SUMCO,JP,0.001411724635820838,10.58840620345072,3.232342038676912
2018,vw,JP3357200009,SHIMADZU,JP,0.0014109306430424306,1.1949919084110403,0.5174657631714442
2018,vw,AU000000DXS1,DEXUS STAPLED UNITS,AU,0.0013979255889133419,25.53880501635357,2.4733865797593073
2018,vw,AU000000BLD2,BORAL DEAD - DELIST.08/07/24,AU,0.0013814105391224654,504.38996945035314,270.0756449641595
2018,vw,BMG668971101,CTF SERVICES,HK,0.001377887766565393,87.66166173728116,52.87887719484167
2018,vw,JP3595200001,TOSOH,JP,0.0013750184409385962,1022.7949874151747,1022.8016401994895
2018,vw,JP3260800002,KINTETSU GROUP HDG.,JP,0.0013729960409421006,5.365551297110267,7.9461324222463
2018,vw,JP3027670003,NIPPON BUILDING FUND,JP,0.0013611956655112856,10.824114119136938,1.0326516929265839
2018,vw,AU0000088338,AMPOL,AU,0.001352908936283768,43.54116168538793,99.81408777539428
2018,vw,AU000000QAN2,QANTAS AIRWAYS,AU,0.0013481303774472832,943.7913950225922,1677.5593291018586
2018,vw,AU000000LLC3,LENDLEASE GROUP STAPLED UNITS,AU,0.001346642781781991,10.270912594642352,19.24023112674968
2018,vw,AU000000APA1,APA GROUP,AU,0.0013388799052611467,656.3877946969252,164.3798975902629
2018,vw,BMG988031446,YUE YUEN INDL.HDG.,HK,0.0013387868164526438,5.346274103473285,6.626010773402703
2018,vw,JP3293200006,COCA-COLA BOTTLERS JAPAN HOLDINGS,JP,0.001326782010697273,28.377532551711088,30.861636327617706
2018,vw,JP3493800001,DAI NIPPON PRINTING,JP,0.0013194590244283743,21.043311751031183,37.2120561528544
2018,vw,AU000000GPT8,GPT GROUP STAPLED UNITS,AU,0.0013082409103683911,17.598046641774417,1.3776303195867945
2018,vw,JP3778630008,BANDAI NAMCO HDG.,JP,0.0012884787039044413,0.3158322617085857,0.2610810711265301
2018,vw,JP3368000000,RESONAC HOLDINGS,JP,0.0012823348425432465,446.41322673166536,449.22389313140087
2018,vw,BMG524401079,KERRY PROPERTIES,HK,0.00127081373353794,1.1791036172232296,0.7697135872617357
2018,vw,JP3688370000,NIPPON EXPRESS HOLDINGS,JP,0.001270685964585093,39.57618960193287,100.6656487058347
2018,vw,JP3174410005,OJI HOLDINGS,JP,0.0012680612252394608,487.7769891001998,949.296484220375
2018,vw,JP3982100004,LAWSON DEAD - DELIST.24/07/24,JP,0.0012355896585087257,0.8486212733046378,0.7533958208690642
2018,vw,JP3224200000,KAWASAKI HEAVY INDUSTRY,JP,0.001233572734324495,12.388991817634041,26.042051995324268
2018,vw,JP3830000000,BROTHER INDUSTRIES,JP,0.0012288069523832947,10.599160417790369,9.962285675240896
2018,vw,JP3336000009,SANTEN PHARM.,JP,0.001226346487405609,8.550703776175117,2.5021172219071817
2018,vw,JP3711600001,NIPPON SANSO HOLDINGS,JP,0.0012224513596145246,3.2916358147994025,2.8369344981686844
2018,vw,JP3695200000,NGK INSULATORS,JP,0.0012154331935617041,80.22257754138859,48.055840887110826
2018,vw,AU000000CGF5,CHALLENGER,AU,0.001214173756740782,0.0020408912980476833,0.0005261559646543456
2018,vw,JP3229400001,KANSAI PAINT,JP,0.0012135422130595658,13.727507536459195,7.174485903714488
2018,vw,SG1J26887955,SINGAPORE EXCHANGE,SG,0.001210269502595923,0.07516026107280363,0.007012908275684211
2018,vw,JP3027680002,JAPAN REAL ESTATE INV.,JP,0.0012102402982638435,11.480274015642403,0.9809259373769883
2018,vw,JP3629000005,TOPPAN HOLDINGS,JP,0.001207400176969126,18.275685463957124,36.250833344671356
2018,vw,JP3269600007,KURARAY,JP,0.0012064291329274873,425.83353187821757,302.59062967597083
2018,vw,AU000000BSL0,BLUESCOPE STEEL,AU,0.001200913164705999,1016.4290427658486,1340.5538828185677
2018,vw,JP3585800000,TOKYO ELECTRIC POWER CO. HDG.,JP,0.0011878058954146325,1637.0897627954282,12959.542439869934
2018,vw,JP3605400005,TOHOKU ELECTRIC PWR.,JP,0.0011866085177993787,1785.5520423367452,5045.377634210122
2018,vw,JP3888300005,MITSUI CHEMICALS,JP,0.0011494569568529266,347.5918623827863,651.0561400945778
2018,vw,AU000000MGR9,MIRVAC GROUP STAPLED UNITS,AU,0.0011456111113722263,4.32381848446648,1.0880458352651763
2018,vw,HK0293001514,CATHAY PACIFIC AIRWAYS,HK,0.0011438716283427494,1479.7989608119262,2937.0360914397324
2018,vw,JP3820000002,FUJI ELECTRIC,JP,0.0011281962030991546,29.85633978763273,38.667007497193005
2018,vw,JP3676800000,NISSHIN SEIFUN,JP,0.0011243065511203352,12.332912551079684,9.57843520837967
2018,vw,JP3670800006,NISSAN CHEMICAL,JP,0.0011173449684609184,153.24025298918355,43.29211814693386
2018,vw,HK0014000126,HYSAN DEVELOPMENT,HK,0.0011043946724544785,0.066133629611994,0.0049582023541544775
2018,vw,JP3786200000,HITACHI METALS DEAD - DELIST.29/12/22,JP,0.0010957355879929493,39.08981291231421,57.63650356313529
2018,vw,JP3126340003,ALFRESA HOLDINGS,JP,0.0010896720385449726,1.6496882174414234,6.490874249571183
2018,vw,JP3799000009,HIROSE ELECTRIC,JP,0.0010799962782729307,2.0716238172778048,0.3941246360008856
2018,vw,JP3766550002,HAKUHODO DY HDG.,JP,0.0010722297512105764,0.02197208890578075,0.04460060329976372
2018,vw,BMG677491539,ORIENT OVERSEAS (INTL.),HK,0.0010675552328071245,927.3881571101396,965.2609531951272
2018,vw,NZAIAE0002S6,AUCKLAND INTL.AIRPORT,NZ,0.0010638900891311652,5.057198001482717,0.41313026814007314
2018,vw,JP3495000006,SUMITOMO PHARMA,JP,0.0010566638422122793,19.33049584658417,14.225058213049397
2018,vw,SG1S83002349,UOL GROUP,SG,0.0010534185108099607,1.393345427387703,0.38500857692374335
2018,vw,AU000000ORI1,ORICA,AU,0.0010517885440257816,560.7979725303959,389.42310195284233
2018,vw,KYG0535Q1331,ASMPT,HK,0.001042182144042428,1.0266239293539903,0.4028204436629339
2018,vw,JP3955000009,YOKOGAWA ELECTRIC,JP,0.0010296188054360396,4.166145177670738,2.7321832824845638
2018,vw,JP3126400005,ALPS ALPINE,JP,0.0010209305166424308,1.1844623188519305,1.6222952062374514
2018,vw,JP3738600000,NITERRA,JP,0.0010192147621327686,1.8670772231887165,1.2231572500273107
2018,vw,JP3405400007,SUMITOMO HEAVY INDS.,JP,0.0010131037556451632,5.325883835193333,6.531438104795484
2018,vw,JP3667600005,JGC HOLDINGS,JP,0.0010053536560196037,18.574265005648417,21.672049775144018
2018,vw,JP3449020001,TAIHEIYO CEMENT,JP,0.00097758216148289,2866.1038237280004,4166.495513292082
2018,vw,JP3385980002,J S R DEAD - DELIST.25/06/24,JP,0.0009620728358779966,109.64562679879631,79.31111680279271
2018,vw,KYG5427W1309,LEE & MAN PAPER MNFG.,HK,0.0009619450669251493,1598.310196754512,1001.8284071610866
2018,vw,JP3246400000,KYUSHU ELEC.POWER,JP,0.000954233297985444,1518.4312534563721,5049.828803152318
2018,vw,JP3134800006,IHI,JP,0.0009527475275909068,5.313544779726005,14.565420632366239
2018,vw,JP3743000006,NH FOODS,JP,0.0009517618813832284,30.558734854327035,66.7387752284077
2018,vw,JP3404200002,SUMITOMO RUBBER INDS.,JP,0.0009338468489232979,50.29697218514567,78.18287365061246
2018,vw,HK0010000088,HANG LUNG GROUP,HK,0.0009326239175174748,1.957365084234476,0.5994018995950688
2018,vw,JP3551200003,ELEC.POWER DEV.,JP,0.0009171328446201309,7040.143525736156,10764.950324799387
2018,vw,JP3131430005,AEON MALL DEAD - DELIST.27/06/25,JP,0.0009081999695453575,6.227762168634874,3.211005486665193
2018,vw,JP3894900004,ISETAN MITSUKOSHI HDG.,JP,0.0008996065948310066,2.2209387129519857,5.203079158060471
2018,vw,JP3711200000,AOZORA BANK,JP,0.0008899691652448187,0.0643597452319485,0.016407496585189776
2018,vw,JP3903000002,MITSUBISHI MATERIALS,JP,0.0008881785746342033,742.9051816676405,2067.4022453714642
2018,vw,JP3977400005,RINNAI,JP,0.0008859371421471125,13.027512796292461,8.305571179278617
2018,vw,SG1R50925390,SEMBCORP INDUSTRIES,SG,0.0008832174887222224,3740.861378666036,4892.195014083984
2018,vw,NZTELE0001S4,SPARK NEW ZEALAND,NZ,0.0008760441746552303,1.3581102951550923,0.7500734446914594
2018,vw,JP3268950007,MEDIPAL HOLDINGS,JP,0.0008753816013711798,1.3183440221948206,7.781444567234513
2018,vw,JP3300600008,KONICA MINOLTA,JP,0.000861933006448636,19.09521667360859,37.11517040713901
2018,vw,AU000000BEN6,BENDIGO & ADELAIDE BANK,AU,0.0008308741992822397,1.6000717406064644,0.8231438074190586
2018,vw,HK0200030994,MELCO INTL.DEV.,HK,0.0008264150628278728,4.105944693012353,4.774683443655952
2018,vw,JP3870400003,MARUI GROUP,JP,0.0008071237762187024,6.538676739965232,3.1660311989760155
2018,vw,SGXE34184239,SEATRIUM,SG,0.0008069430744139614,26.995046461177946,11.05350659926034
2018,vw,JP3935600001,YAMAZAKI BAKING,JP,0.0007998902282167967,33.74970193877363,73.47723004534137
2018,vw,HK0008011667,PCCW,HK,0.0007980740838156116,1.88410386320456,2.0412317375513456
2018,vw,JP3544000007,TEIJIN,JP,0.0007950751639652127,92.52679376907356,157.94560518649288
2018,vw,JP3358200008,SHIMAMURA,JP,0.0007788448564121101,0.14263774311919436,0.17107998340758515
2018,vw,JP3362700001,MITSUI OSK LINES,JP,0.0007739257517274934,1180.0734760726061,4191.921812427182
2018,vw,JP3753000003,NIPPON YUSEN KK,JP,0.00076203776330044,1079.1205291487117,5010.862457574139
2018,vw,JP3243600008,CANON MARKETING JAPAN,JP,0.0007581992189027594,1.373114063453794,1.8931606442138715
2018,vw,JP3663900003,SOJITZ,JP,0.000757407051395107,46.13040668499464,180.07427293496175
2018,vw,JP3485800001,DAICEL,JP,0.0007562918109638264,421.7062631127643,426.9389035706959
2018,vw,JP3635400009,TOYOTA BOSHOKU,JP,0.0007512704911169319,5.0238161009054085,15.372187155303529
2018,vw,JP3166000004,EBARA,JP,0.0007507320362442188,2.284973939420341,2.563341996941398
2018,vw,JP3122400009,ADVANTEST,JP,0.0007474355972607614,2.242021878980236,0.9306630394170352
2018,vw,JP3522200009,CHUGOKU ELEC.POWER,JP,0.0007424051510600922,1829.9275964959727,5226.964844604745
2018,vw,NZFBUE0001S0,FLETCHER BUILDING,NZ,0.0007409650124344288,126.5779330868925,220.71792446323175
2018,vw,HK0165000859,CHINA EVERBRIGHT,HK,0.0007385885099114712,0.15098353240338888,0.018312302605240135
2018,vw,JP3289800009,KOBE STEEL,JP,0.0007302232940414904,1051.57150231723,4424.30317225037
2018,vw,JP3164800009,NOK,JP,0.0007271842182344822,1.1964897980549563,2.0080422090472343
2018,vw,JP3870000001,MABUCHI MOTOR,JP,0.0007235391525368275,2.4274561746866885,0.8150837157323013
2018,vw,JP3827200001,FURUKAWA ELECTRIC,JP,0.0007127919583316241,27.895304001382108,60.945474286387395
2018,vw,JP3835620000,BENESSE HOLDINGS DEAD - DELIST.17/05/24,JP,0.0007124506327004466,0.030229213007630356,0.030743532329386203
2018,vw,JP3819400007,FUJI MEDIA HOLDINGS,JP,0.0007072248825289966,0.0,0.0
2018,vw,MU0117U00026,GOLDEN AGRI-RESOURCES,SG,0.0006840439439410069,261.78488713150523,546.0920635174764
2018,vw,JP3456000003,TAKASHIMAYA,JP,0.0006836898414145447,1.8182977247592027,4.150103185260926
2018,vw,JP3493400000,DIC,JP,0.0006820982053162197,38.39575685254359,73.47938302956673
2018,vw,JP3665200006,NICHIREI,JP,0.00068162728546144,8.6717602747056,11.782379451530238
2018,vw,JP3270000007,KURITA WATER IND.,JP,0.0006753848594794775,2.9356146320818644,1.6215383534359047
2018,vw,JP3209000003,CASIO COMPUTER,JP,0.0006732930991942936,1.9553990650805337,1.5371415094083873
2018,vw,JP3419050004,SEGA SAMMY HDG.,JP,0.0006572544450704616,2.8117810787014683,2.419422026960226
2018,vw,JP3549600009,DENKA,JP,0.0006421010472627852,526.6196889368723,527.5964796579719
2018,vw,SG1N31909426,COMFORTDELGRO CORPORATION,SG,0.0006408197071928034,317.7504383166647,272.5092713383198
2018,vw,JP3613400005,TOYO SEIKAN GROUP HDG.,JP,0.0006359389331940409,65.26678953221321,134.03825400105623
2018,vw,AU000000ILU1,ILUKA RESOURCES,AU,0.0006317371599161234,521.1248351037167,128.86225607183925
2018,vw,AU000000ABC7,ADBRI DEAD - DELIST.02/07/24,AU,0.000626755996025838,1737.1728323503435,626.6878678537001
2018,vw,JP3582600007,TOKYO TATEMONO,JP,0.0006238830198575313,1.364395802126225,0.9654684130917516
2018,vw,JP3765400001,HOUSE SHOKUHIN GP.HONSHA K K,JP,0.0006235946270782475,21.316940114164897,16.479093796191954
2018,vw,JP3560800009,TOKAI CARBON,JP,0.000605542699311695,2524.52319756316,732.4682371026812
2018,vw,AU000000WOR2,WORLEY,AU,0.000603540377293504,2.732080087475984,3.2099631643571302
2018,vw,JP3118000003,ASICS,JP,0.000601450442279075,1.1039686320636959,1.214519609241517
2018,vw,JP3888400003,MITSUI KINZOKU LIMITED,JP,0.0005997219108741281,170.27768735073096,234.65605083910083
2018,vw,BMG2108M2182,CHINESE ESTATES HDG.,HK,0.0005947571744206373,0.016502416056850825,0.0009820590094707317
2018,vw,SG1P66918738,SINGAPORE PRESS HDG. DEAD - DELIST.13/05/22,SG,0.0005937076437365355,0.14208007415816937,0.0335504855950884
2018,vw,AU000000DOW2,DOWNER EDI,AU,0.0005930213419326705,43.31105581018396,103.01789809015222
2018,vw,JP3215800008,KANEKA,JP,0.0005914753376032196,213.77441807684013,350.2567520861107
2018,vw,JP3634200004,TOYODA GOSEI,JP,0.0005877499599923466,15.296101232379065,34.16074805827202
2018,vw,JP3769000005,HACHIJUNI NAGANO BANK,JP,0.0005839880769663745,1.5980244737418854,0.8523313309120915
2018,vw,JP3600200004,TOHO GAS,JP,0.0005820879701104613,17.607000542154125,21.00876436556341
2018,vw,JP3040890000,JAPAN PRIME REALTY INV.,JP,0.0005784392538712966,11.77534910189252,1.018598574971758
2018,vw,HK0363006039,SHANGHAI INDUSTRIAL HOLDINGS,HK,0.0005772144971947185,1.6075295155567715,1.91756130725568
2018,vw,JP3158800007,UBE,JP,0.0005707238343900814,1829.2288161822007,3623.5244451977906
2018,vw,BMG2442N1048,COSCO SHIPPING PORTS,HK,0.0005500581189024264,72.5772028949307,15.23409112779859
2018,vw,JP3811000003,FUJIKURA,JP,0.0005259170878973277,4.197057148705344,9.72821390270398
2018,vw,JP3326410002,SANKYO,JP,0.000523724937720621,2.4648737074611247,0.46631582615969047
2018,vw,NZCENE0001S6,CONTACT ENERGY,NZ,0.0005213192308655839,760.1844709971533,411.66757699256334
2018,vw,SG1T58930911,FRASER AND NEAVE,SG,0.0005071149738504867,28.795060753210013,14.852967642083287
2018,vw,JP3274400005,GLORY,JP,0.0004948455038356468,0.5195776260748486,0.3906192366141907
2018,vw,JP3742600004,NHK SPRING,JP,0.000493976674956286,15.96626837055059,34.73351266664696
2018,vw,HK0000745908,YUEXIU PROPERTY COMPANY,HK,0.0004919926056456445,0.6584688232584269,0.8601235415236789
2018,vw,AU000000SGM7,SIMS,AU,0.0004856078085447951,17.775669718304396,30.145049558912525
2018,vw,JP3535800001,TSUMURA,JP,0.0004829447385133088,31.611239788266268,12.761364838919377
2018,vw,JP3165600002,NTN,JP,0.00048160864032067817,15.451468503557196,38.90985992359469
2018,vw,JP3638600001,DOWA HDG.,JP,0.0004766347775134126,204.74891166587963,327.7665233158836
2018,vw,NZAIRE0001S2,AIR NEW ZEALAND,NZ,0.00046932821868130855,970.394513496309,1450.7350424691203
2018,vw,JP3491000000,DAIDO STEEL,JP,0.00046842653492835837,90.98145477703522,158.1520764980478
2018,vw,AU000000BPT9,BEACH ENERGY,AU,0.00046681117031021886,903.7461329094194,193.83849008207267
2018,vw,JP3528600004,CHIYODA CORPORATION,JP,0.0004605906475773158,0.21039439893087,0.4188776298738612
2018,vw,JP3678000005,NISSHINBO HOLDINGS,JP,0.0004603314591301115,59.44650689464086,112.59243692480939
2018,vw,JP3350800003,SHIKOKU ELECTRIC POWER,JP,0.00045704779704193883,1433.0411886931367,3742.0127795527155
2018,vw,AU000000MTS0,METCASH,AU,0.00045250469813284386,2.117381916012828,9.979791134721735
2018,vw,JP3352400000,CITIZEN WATCH,JP,0.00044337651908728975,7.8814233496309205,9.360256885266148
2018,vw,JP3320800000,SAPPORO HOLDINGS,JP,0.00043842638479983876,23.90705251686902,49.7313133331668
2018,vw,JP3223800008,KAWASAKI KISEN KAISHA,JP,0.00043772365555917926,1284.203964623968,5595.036549311339
2018,vw,AU000000CWY3,CLEANAWAY WASTE MANAGEMENT,AU,0.0004317897003348048,591.6948317284719,300.9781790820166
2018,vw,BMG4600H1198,HOPSON DEVELOPMENT HOLDINGS,HK,0.0004243298187592841,1.192678717926957,0.906764168190128
2018,vw,JP3721400004,JAPAN STEEL WORKS,JP,0.000418291823101877,46.54930994369451,39.776669415753574
2018,vw,AU000000IGO4,IGO,AU,0.000417610997110277,161.80167391240056,31.086042466148587
2018,vw,AU000000OZL8,OZ MINERALS DEAD - DELIST.03/05/23,AU,0.00040604060579458673,104.945064413606,38.32595356364208
2018,vw,JP3385820000,GS YUASA,JP,0.00040348157619613304,6.3567391588303925,10.479387296259267
2018,vw,JP3148800000,IBIDEN,JP,0.00039456695382890925,51.29877786404139,61.988536746712064
2018,vw,AU000000CSR5,CSR DEAD - DEAD.10/07/24,AU,0.00037350697985818283,217.77568029037283,216.03373877858195
2018,vw,JP3156400008,USHIO,JP,0.00037056829394269754,2.537050695653957,2.0111220021574123
2018,vw,JP3452000007,TAIYO YUDEN,JP,0.00036935813943215915,13.8088560248669,14.943812451200348
2018,vw,NZSKCE0001S2,SKY CITY ENTM.GP.,NZ,0.0003683195603725871,6.692948027239144,2.2994315844768543
2018,vw,HK0308001558,CTII.INTL.INV.HK.,HK,0.00036756207300927873,50.05841151277214,15.601547369571046
2018,vw,AU000000PPT9,PERPETUAL,AU,0.0003617540614669966,0.34152522811529895,0.07316137886493905
2018,vw,JP3400900001,SUMITOMO OSAKA CEMENT,JP,0.0003609983993744432,4249.23217415426,4747.74747444104
2018,vw,JP3389900006,JAFCO GROUP,JP,0.00033262639075934777,0.020670918969997634,0.0049935796832643745
2018,vw,JP3845400005,HOKURIKU ELEC.POWER,JP,0.00030780088322113924,3230.320638205192,10079.378887880783
2018,vw,JP3619800000,TOYOBO,JP,0.0003053897005538373,246.00328563733476,438.1036626183418
2018,vw,JP3421100003,JAPAN PETROLEUM EXP.,JP,0.0002962834247573428,263.0739832596603,324.0717581611971
2018,vw,AU000000SBM8,ST BARBARA,AU,0.00028163745221954523,271.0772147104568,91.381019967725
2018,vw,HK0000139300,TELEVISION BROADCASTS,HK,0.000277514165584091,1.4031590606520885,0.5115956327282294
2018,vw,AU000000BWP3,BWP GROUP STAPLED UNITS,AU,0.0002746612673940888,0.0,0.0
2018,vw,JP3891600003,MITSUI E&S,JP,0.00026670856271472887,18.507723142688835,86.78004379961675
2018,vw,AU000000MND5,MONADELPHOUS GROUP,AU,0.0002556145670660831,7.86070673615925,6.55874666171577
2018,vw,AU000000IVC8,INVOCARE DEAD - DELIST.27/11/23,AU,0.0002516519042570653,14.756597225975934,3.9602236873599233
2018,vw,JP3850200001,HOKKAIDO ELEC.POWER,JP,0.00024634949271390704,2319.7137830070815,11173.184357541899
2018,vw,HK0242001243,SHUN TAK HOLDINGS,HK,0.00023346125591313573,518.2572903671291,330.95735115906336
2018,vw,JP3194000000,OKI ELECTRIC IND.,JP,0.00022541363715451789,3.7807818656898244,12.389065232882036
2018,vw,AU000000CQR9,CHARTER HALL RETAIL REIT,AU,0.00022236908553524491,0.48153183775209607,0.0697704961092688
2018,vw,JP3375800004,SHINKO ELEC.INDS. DEAD - DELIST.06/06/25,JP,0.00020160845596833192,28.813639956109053,33.99677693881616
2018,vw,BMG684371393,PACIFIC BASIN SHIP.,HK,0.0001845293975141729,952.1465442542475,1396.6784375401842
2018,vw,JP3686800008,NIPPON SHEET GLASS,JP,0.00014460707556169172,533.9840327726256,3660.460713158725
2018,vw,AU000000SIG5,SIGMA HEALTHCARE,AU,0.00013385805608573333,1.369080073846625,6.245227446274681
2018,vw,AU000000ELD6,ELDERS,AU,0.0001333561066281194,10.835897504381414,18.880113877444874
2018,vw,AU000000GWA4,GWA GROUP,AU,0.0001086474164182283,35.6073377006736,16.82010617566024
2018,vw,AU000000MAH3,MACMAHON HOLDINGS,AU,7.027657460746297e-05,1.5533842756014926,1.4778453067373125
2018,vw,AU000000ERA9,ENERGY RES.OF AUS.,AU,6.303207498102745e-05,596.2010798694939,329.6672747806446
2018,vw,AU0000038911,OVATO DEAD - DELIST.29/08/22,AU,3.401392051867624e-05,33.01201637396012,134.15615776764153
2018,vw_50,AU000000BWP3,BWP GROUP STAPLED UNITS,AU,0.06256698626172053,0.0,0.0
2018,vw_50,JP3769000005,HACHIJUNI NAGANO BANK,JP,0.029041885241466107,1.5980244737418854,0.8523313309120915
2018,vw_50,JP3720800006,NSK,JP,0.027637957510751435,15.641451552955502,15.934390425994229
2018,vw_50,JP3633400001,TOYOTA MOTOR,JP,0.023225091614347486,9.62678113430414,11.311938686630686
2018,vw_50,JP3890350006,SUMITOMO MITSUI FINL.GP.,JP,0.017173295776092924,0.33527154361035794,0.2653559652625482
2018,vw_50,HK0688002218,CHINA OVERSEAS LAND INVESTMENT,HK,0.016702743889589113,1.2205850288990403,0.5892730610166704
2018,vw_50,JP3711200000,AOZORA BANK,JP,0.015037044952958272,0.0643597452319485,0.016407496585189776
2018,vw_50,JP3496400007,KDDI,JP,0.01497372844875975,0.5001970989985122,0.34440387901750535
2018,vw_50,JP3436100006,SOFTBANK GROUP,JP,0.014781119994527527,0.13764861707567969,0.12750108621160747
2018,vw_50,JP3726800000,JAPAN TOBACCO,JP,0.014039483002108773,19.501073797222265,5.767972766623396
2018,vw_50,JP3592200004,TOSHIBA DEAD - DELIST.20/12/23,JP,0.013900702726433997,9.087157071344757,17.457398657155736
2018,vw_50,AU000000CSL8,CSL,AU,0.013847112613125115,7.269576553695936,1.0470090681046476
2018,vw_50,JP3389900006,JAFCO GROUP,JP,0.013800408149691454,0.020670918969997634,0.0049935796832643745
2018,vw_50,JP3435000009,SONY GROUP,JP,0.01320194226750702,3.0438433169339705,3.7249000772672205
2018,vw_50,HK2388011192,BOC HONG KONG HOLDINGS,HK,0.013187542991576614,0.026305711230595392,0.0062051107752028115
2018,vw_50,JP3955000009,YOKOGAWA ELECTRIC,JP,0.013039974083219318,4.166145177670738,2.7321832824845638
2018,vw_50,JP3814800003,SUBARU,JP,0.012295902872606214,8.66108315643986,10.688367954133193
2018,vw_50,JP3198900007,ORIENTAL LAND,JP,0.012279437915093212,13.750114584288202,1.6722533865221392
2018,vw_50,KYG217651051,CK HUTCHISON HOLDINGS,HK,0.012073360360719274,297.46067313037804,182.15481518699278
2018,vw_50,JP3735400008,NTT,JP,0.012068337462025814,1.7375987996329365,1.852275891387748
2018,vw_50,JP3819400007,FUJI MEDIA HOLDINGS,JP,0.011177348582321448,0.0,0.0
2018,vw_50,AU000000WBC1,WESTPAC BANKING,AU,0.010874560910843595,0.33260258270780757,0.11464708734663297
2018,vw_50,JP3765400001,HOUSE SHOKUHIN GP.HONSHA K K,JP,0.01075866494948525,21.316940114164897,16.479093796191954
2018,vw_50,HK0823032773,LINK REAL ESTATE INVESTMENT TRUST,HK,0.01064328436328521,0.0,0.0
2018,vw_50,AU000000WES1,WESFARMERS,AU,0.009968888022893866,45.50776670064103,63.11753726978319
2018,vw_50,JP3837800006,HOYA,JP,0.008923746345825288,4.504858998081248,1.1042351476617438
2018,vw_50,JP3787000003,HITACHI CON.MCH.,JP,0.008755540506630619,6.047889322202371,5.538704138715216
2018,vw_50,JP3205800000,KAO,JP,0.008614950728773602,48.32147715494704,17.916951084525138
2018,vw_50,AU000000BEN6,BENDIGO & ADELAIDE BANK,AU,0.008213459724057279,1.6000717406064644,0.8231438074190586
2018,vw_50,JP3475350009,DAIICHI SANKYO,JP,0.008066421227512569,12.40767640188632,4.282667292062491
2018,vw_50,JP3870000001,MABUCHI MOTOR,JP,0.00792057501140969,2.4274561746866885,0.8150837157323013
2018,vw_50,HK0000055878,CHINA TAIPING INSURANCE HLDGS,HK,0.007759740315587737,0.0459794759464489,0.07559277881992205
2018,vw_50,HK0011000095,HANG SENG BANK DEAD - DELIST.28/01/26,HK,0.007704303506735177,0.03540031642946735,0.004271026639695348
2018,vw_50,AU000000CWY3,CLEANAWAY WASTE MANAGEMENT,AU,0.007509481080786587,591.6948317284719,300.9781790820166
2018,vw_50,JP3667600005,JGC HOLDINGS,JP,0.0073447312385163934,18.574265005648417,21.672049775144018
2018,vw_50,JP3629000005,TOPPAN HOLDINGS,JP,0.007192831574439218,18.275685463957124,36.250833344671356
2018,vw_50,JP3519400000,CHUGAI PHARM.,JP,0.007104540971426358,10.226027272712244,1.7214037677621508
2018,vw_50,HK0023000190,BANK OF EAST ASIA,HK,0.006802798991345122,0.633024081468091,0.19307347971599742
2018,vw_50,JP3350800003,SHIKOKU ELECTRIC POWER,JP,0.006573660757864388,1433.0411886931367,3742.0127795527155
2018,vw_50,JP3347200002,SHIONOGI,JP,0.006555957210744776,13.875115024626924,2.337105530081306
2018,vw_50,AU000000STO6,SANTOS,AU,0.006549646496518112,1711.4309245904255,618.1200368845399
2018,vw_50,HK0291001490,CHINA RESOURCES BEER HOLDINGS,HK,0.006528731710177141,57.50495326756555,20.571999151100112
2018,vw_50,AU000000ASX7,ASX,AU,0.006444080367765718,0.06378768445426647,0.00521314304370132
2018,vw_50,SG1L01001701,DBS GROUP HOLDINGS,SG,0.006409713471035906,1.7197879054367741e-06,3.8558728703291163e-07
2018,vw_50,SGXE21576413,GENTING SINGAPORE,SG,0.0063863470271673895,1.8797883546553322,0.27960775793154624
2018,vw_50,AU000000ANZ3,ANZ GROUP HOLDINGS,AU,0.006136526471396985,0.5720828533875487,0.2645272491771613
2018,vw_50,JP3899600005,MITSUBISHI ESTATE,JP,0.006124052372417718,12.197100961610891,4.5851198921774285
2018,vw_50,JP3201200007,OLYMPUS,JP,0.005812980021540789,4.258495361796813,2.2993629503656967
2018,vw_50,JP3322930003,SUMCO,JP,0.005781149636469847,10.58840620345072,3.232342038676912
2018,vw_50,JP3894900004,ISETAN MITSUKOSHI HDG.,JP,0.005673871461088884,2.2209387129519857,5.203079158060471
2018,vw_50,JP3910660004,TOKIO MARINE HOLDINGS,JP,0.00548874265567349,0.2948726907428433,0.40855210140131054
2018,vw_50,JP3902400005,MITSUBISHI ELECTRIC,JP,0.005467069034751588,7.765538648697577,7.775903478462628
2018,vw_50,JP3242800005,CANON,JP,0.005413093246536849,4.342876307107153,3.026879108877136
2018,vw_50,JP3118000003,ASICS,JP,0.005399609033787399,1.1039686320636959,1.214519609241517
2018,vw_50,JP3209000003,CASIO COMPUTER,JP,0.005213556250131395,1.9553990650805337,1.5371415094083873
2018,vw_50,JP3566800003,CENTRAL JAPAN RAILWAY,JP,0.005199653931973011,4.506706008992097,1.8717431037648848
2018,vw_50,JP3249600002,KYOCERA,JP,0.005065554614788201,9.04534091738534,5.309467221851627
2018,vw_50,JP3538800008,TDK,JP,0.005032221903154335,11.373476973297363,10.650394905563884
2018,vw_50,JP3358800005,SHIMIZU,JP,0.0050028563078930504,16.104709225921386,27.60641440848473
2018,vw_50,JP3830000000,BROTHER INDUSTRIES,JP,0.004944036485613097,10.599160417790369,9.962285675240896
2018,vw_50,AU000000CBA7,COMMONWEALTH BK.OF AUS.,AU,0.004831653859821166,0.26622384371298635,0.0777203316707817
2018,vw_50,JP3351600006,SHISEIDO,JP,0.00479431262240341,3.034796369798373,1.297719316536998
2018,vw_50,JP3493400000,DIC,JP,0.0046382952849931365,38.39575685254359,73.47938302956673
2018,vw_50,BMG677491539,ORIENT OVERSEAS (INTL.),HK,0.004561973652191687,927.3881571101396,965.2609531951272
2018,vw_50,JP3116000005,ASAHI GROUP HOLDINGS,JP,0.004466441221762657,24.513799495439294,18.50245227426309
2018,vw_50,BMG2442N1048,COSCO SHIPPING PORTS,HK,0.004464124037448835,72.5772028949307,15.23409112779859
2018,vw_50,AU000000OZL8,OZ MINERALS DEAD - DELIST.03/05/23,AU,0.004431821088744343,104.945064413606,38.32595356364208
2018,vw_50,JP3385980002,J S R DEAD - DELIST.25/06/24,JP,0.004361713968171476,109.64562679879631,79.31111680279271
2018,vw_50,JP3802300008,FAST RETAILING,JP,0.004273957702471811,0.7029763369413867,0.26581177683796786
2018,vw_50,JP3898400001,MITSUBISHI,JP,0.004204195692013292,81.35280628059729,120.45194256012687
2018,vw_50,HK0002007356,CLP HOLDINGS,HK,0.004201981011574004,3248.8319877729405,1481.842824308344
2018,vw_50,JP3404200002,SUMITOMO RUBBER INDS.,JP,0.004186267671418436,50.29697218514567,78.18287365061246
2018,vw_50,SG9999000020,FLEX,SG,0.004150019891650682,2.972581952454433,8.210712340477238
2018,vw_50,AU000000TAH8,TABCORP HOLDINGS,AU,0.004130776128595295,2.00096963739366,0.46793694152952375
2018,vw_50,HK0000139300,TELEVISION BROADCASTS,HK,0.004109316492953632,1.4031590606520885,0.5115956327282294
2018,vw_50,JP3429800000,ANA HOLDINGS,JP,0.004069468076496534,660.8214561384347,832.4758061718832
2018,vw_50,JP3160400002,EISAI,JP,0.004058885176157904,8.28119006753118,2.5247883803507345
2018,vw_50,JP3762600009,NOMURA HDG.,JP,0.0040550839643748796,0.17492706938518454,0.12846566398757936
2018,vw_50,JP3134800006,IHI,JP,0.00402852887568661,5.313544779726005,14.565420632366239
2018,vw_50,HK0083000502,SINO LAND,HK,0.004012720907360419,0.3521418425151032,0.042617566987624006
2018,vw_50,JP3596200000,TOTO,JP,0.0039832557665082325,34.047150977670526,19.037381634290846
2018,vw_50,JP3814000000,FUJIFILM HOLDINGS,JP,0.003907442277157659,31.2212186491474,31.751489824271452
2018,vw_50,JP3900000005,MITSUBISHI HEAVY INDS.,JP,0.0038714811433321044,5.116718567192993,14.892950408129282
2018,vw_50,JP3902900004,MITSUBISHI UFJ FINL.GP.,JP,0.0038193027656026647,0.21647679192660813,0.11118274258968806
2018,vw_50,AU000000CGF5,CHALLENGER,AU,0.00380039200536539,0.0020408912980476833,0.0005261559646543456
2018,vw_50,HK0000049939,CHINA UNICOM (HONG KONG),HK,0.003797081117143464,9.09804468512024,8.125289326180736
2018,vw_50,JP3711600001,NIPPON SANSO HOLDINGS,JP,0.003762370652507088,3.2916358147994025,2.8369344981686844
2018,vw_50,JP3854600008,HONDA MOTOR,JP,0.003704300014966029,9.79758074797736,21.148180128606
2018,vw_50,HK0004000045,WHARF HOLDINGS,HK,0.003663137075751161,2.7337782568742997,1.212825398047291
2018,vw_50,JP3528600004,CHIYODA CORPORATION,JP,0.003658904449557757,0.21039439893087,0.4188776298738612
2018,vw_50,JP3421800008,SECOM,JP,0.0035941950027920926,6.432718495373942,3.0677796528714403
2018,vw_50,JP3933800009,LY,JP,0.0035693225028559654,0.000250429361139674,7.409797753275223e-05
2018,vw_50,HK0016000132,SUN HUNG KAI PROPERTIES,HK,0.003536085681072172,5.608352324412873,1.26397758077871
2018,vw_50,AU000000ERA9,ENERGY RES.OF AUS.,AU,0.003515107423577555,596.2010798694939,329.6672747806446
2018,vw_50,JP3684000007,NITTO DENKO,JP,0.0034938059999091793,48.88421167009087,25.450192324882956
2018,vw_50,JP3027670003,NIPPON BUILDING FUND,JP,0.003408585477545324,10.824114119136938,1.0326516929265839
2018,vw_50,JP3626800001,LIXIL,JP,0.003389690846494489,38.56203505580409,66.5030326481922
2018,vw_50,JP3573000001,TOKYO GAS,JP,0.003372677626361489,250.0563299625928,342.3602855049639
2018,vw_50,JP3210200006,KAJIMA,JP,0.0033721995104713325,10.946435117684835,18.13189906830668
2018,vw_50,HK0012000102,HENDERSON LD.DEV.,HK,0.0033644375942602648,0.2677183487823133,0.030411912458746804
2018,vw_50,BMG988031446,YUE YUEN INDL.HDG.,HK,0.0033594938317844307,5.346274103473285,6.626010773402703
2018,vw_50,AU000000SHL7,SONIC HEALTHCARE,AU,0.0033196880594067724,1.9855743971238768,1.0134175713023734
2018,vw_50,JP3893600001,MITSUI,JP,0.0033076672316709687,78.61837060508374,104.31257468725892
2018,vw_50,BMG668971101,CTF SERVICES,HK,0.0032774203154661433,87.66166173728116,52.87887719484167
2018,vw_50,JP3402600005,SUMITOMO METAL MINING,JP,0.003259047409950986,225.9936483378277,135.31208443241024
2018,vw_50,JP3743000006,NH FOODS,JP,0.003210539889749419,30.558734854327035,66.7387752284077
2018,vw_50,JP3165600002,NTN,JP,0.00320056613949431,15.451468503557196,38.90985992359469
2018,vw_50,JP3695200000,NGK INSULATORS,JP,0.0031995445515678846,80.22257754138859,48.055840887110826
2018,vw_50,JP3940000007,YAMATO HDG.,JP,0.0031489272540541646,47.6972777922128,61.84117266676644
2018,vw_50,JP3352400000,CITIZEN WATCH,JP,0.0030598854363856204,7.8814233496309205,9.360256885266148
2018,vw_50,SG1T75931496,SINGAPORE TELECOM,SG,0.0030591489028369426,0.45875642669408156,0.14098004271519415
2018,vw_50,AU000000COH5,COCHLEAR,AU,0.0029880154383496948,0.7190805251658429,0.09095372729124059
2018,vw_50,JP3830800003,BRIDGESTONE,JP,0.0029458582407248524,56.59484453687057,50.35658011966427
2018,vw_50,JP3672400003,NISSAN MOTOR,JP,0.0029382933163995097,8.405360106013676,20.34453058861118
2018,vw_50,JP3404600003,SUMITOMO,JP,0.0029326283281815237,22.319547686318664,42.60620015258912
2018,vw_50,JP3560800009,TOKAI CARBON,JP,0.0028711369217230536,2524.52319756316,732.4682371026812
2018,vw_50,HK0200030994,MELCO INTL.DEV.,HK,0.002870791229547781,4.105944693012353,4.774683443655952
2018,vw_50,AU000000DXS1,DEXUS STAPLED UNITS,AU,0.002868021054392461,25.53880501635357,2.4733865797593073
2018,vw_50,JP3371200001,SHIN-ETSU CHEMICAL,JP,0.002852529490492091,139.07635813397386,36.4429418911617
2018,vw_50,JP3495000006,SUMITOMO PHARMA,JP,0.002847501911429901,19.33049584658417,14.225058213049397
2018,vw_50,JP3359600008,SHARP,JP,0.0028394744281234974,12.19924979234705,14.937474785938631
2018,vw_50,JP3173400007,OBIC,JP,0.0028123270110138486,0.5109572876323372,0.03810114799875892
2018,vw_50,JP3635400009,TOYOTA BOSHOKU,JP,0.002728294585162227,5.0238161009054085,15.372187155303529
2018,vw_50,JP3951600000,UNI CHARM,JP,0.0027125479951643234,5.389131934468871,1.8867879071145746
2018,vw_50,JP3942600002,YAMAHA,JP,0.0026884964663346483,5.922674082197961,2.853867114020677
2018,vw_50,JP3112000009,AGC,JP,0.002685393615703602,399.7456109440392,522.0682175704521
2018,vw_50,AU000000TLS2,TELSTRA GROUP,AU,0.0026648586868028177,2.658689745456173,1.590644307454744
2018,vw_50,JP3397200001,SUZUKI MOTOR,JP,0.0026118243734586377,19.698294854987214,23.764110854824317
2018,vw_50,JP3293200006,COCA-COLA BOTTLERS JAPAN HOLDINGS,JP,0.0026106562943527035,28.377532551711088,30.861636327617706
2018,vw_50,AU000000NCM7,NEWCREST MINING DEAD - DELIST.08/11/23,AU,0.0025607884900078447,396.51123544083663,98.60188307628401
2018,vw_50,AU000000NAB4,NATIONAL AUS.BANK,AU,0.002551859658674593,0.7437438473085517,0.3009355982465895
2018,vw_50,JP3197800000,OMRON,JP,0.002501607127072008,8.807647703438086,5.132792500559795
2018,vw_50,JP3407400005,SUMITOMO ELECTRIC IND.,JP,0.002478236305769637,7.02122554308649,14.38299373600724
2018,vw_50,JP3935600001,YAMAZAKI BAKING,JP,0.0023809969754800177,33.74970193877363,73.47723004534137
2018,vw_50,AU000000BHP4,BHP GROUP,AU,0.0023737650427013055,248.67903060921853,134.77749304954122
2018,vw_50,JP3877600001,MARUBENI,JP,0.002328836458478436,9.820498579335762,51.79603290203243
2018,vw_50,JP3783600004,EAST JAPAN RAILWAY,JP,0.0022933896755477517,52.429952922805796,36.92395312623688
2018,vw_50,KYG2108Y1052,CHINA RESOURCES LAND,HK,0.002214135297428521,34.59934346236411,18.47090429596037
2018,vw_50,HK0293001514,CATHAY PACIFIC AIRWAYS,HK,0.002208503303204328,1479.7989608119262,2937.0360914397324
2018,vw_50,JP3982100004,LAWSON DEAD - DELIST.24/07/24,JP,0.0021191352992734076,0.8486212733046378,0.7533958208690642
2018,vw_50,AU000000IGO4,IGO,AU,0.001943450231668737,161.80167391240056,31.086042466148587
2018,vw_50,JP3148800000,IBIDEN,JP,0.0019273915854072974,51.29877786404139,61.988536746712064
2018,vw_50,KYG0535Q1331,ASMPT,HK,0.001910149839176269,1.0266239293539903,0.4028204436629339
2018,vw_50,JP3194000000,OKI ELECTRIC IND.,JP,0.0017459491661134126,3.7807818656898244,12.389065232882036
2018,vw_50,JP3200450009,ORIX,JP,0.0016557339721795551,8.809352115363797,9.571282044605415
2018,vw_50,JP3505000004,DAIWA HOUSE INDUSTRY,JP,0.001605388677802474,8.061956223219134,10.264421074096717
2018,vw_50,HK0000745908,YUEXIU PROPERTY COMPANY,HK,0.0015723160421219405,0.6584688232584269,0.8601235415236789
2018,vw_50,AU000000MND5,MONADELPHOUS GROUP,AU,0.0015038699713367364,7.86070673615925,6.55874666171577
2018,vw_50,SG1R89002252,CITY DEVELOPMENTS,SG,0.0014919705301251925,0.5328847043488835,0.16832086068864666
2018,vw_50,JP3835620000,BENESSE HOLDINGS DEAD - DELIST.17/05/24,JP,0.001467418092724548,0.030229213007630356,0.030743532329386203
2018,vw_50,HK0165000859,CHINA EVERBRIGHT,HK,0.0014670835746166517,0.15098353240338888,0.018312302605240135
2018,vw_50,HK0003000038,HONG KONG AND CHINA GAS,HK,0.0014513805614507253,194.3520850582984,29.225809395572597
2018,vw_50,JP3734800000,NIDEC,JP,0.0014489645205792493,7.067078636382596,1.9592947986899134
2018,vw_50,JP3419400001,SEKISUI CHEMICAL,JP,0.0014444061211455023,14.18395807593865,14.781461868762209
2018,vw_50,BMG2108M2182,CHINESE ESTATES HDG.,HK,0.0014266210665558388,0.016502416056850825,0.0009820590094707317
2018,vw_50,AU000000LLC3,LENDLEASE GROUP STAPLED UNITS,AU,0.0014244167711397354,10.270912594642352,19.24023112674968
2018,vw_50,JP3766550002,HAKUHODO DY HDG.,JP,0.001385438068206801,0.02197208890578075,0.04460060329976372
2018,vw_50,SGXE34184239,SEATRIUM,SG,0.0013851038597032079,26.995046461177946,11.05350659926034
2018,vw_50,JP3820000002,FUJI ELECTRIC,JP,0.001376215633491583,29.85633978763273,38.667007497193005
2018,vw_50,SG1V61937297,SINGAPORE AIRLINES,SG,0.0013193686208934066,1205.5477354731777,1376.54046475137
2018,vw_50,JP3977400005,RINNAI,JP,0.0012783374156753208,13.027512796292461,8.305571179278617
2018,vw_50,JP3657400002,NIKON,JP,0.0012738604009890535,6.267423685601022,5.141801586439205
2018,vw_50,JP3320800000,SAPPORO HOLDINGS,JP,0.0012200615863940483,23.90705251686902,49.7313133331668
2018,vw_50,JP3166000004,EBARA,JP,0.001185934940118539,2.284973939420341,2.563341996941398
2018,vw_50,JP3197600004,ONO PHARM.,JP,0.0011607113691560196,3.6576680859853217,0.6196116565718564
2018,vw_50,AU000000PPT9,PERPETUAL,AU,0.0011410334749354357,0.34152522811529895,0.07316137886493905
2018,vw_50,JP3811000003,FUJIKURA,JP,0.0011371495878642495,4.197057148705344,9.72821390270398
2018,vw_50,JP3228600007,KANSAI ELECTRIC PWR.,JP,0.0011284969694876647,1182.609563114172,2752.1966242942117
2018,vw_50,JP3452000007,TAIYO YUDEN,JP,0.0011024877990907479,13.8088560248669,14.943812451200348
2018,vw_50,JP3358200008,SHIMAMURA,JP,0.0010984556162302306,0.14263774311919436,0.17107998340758515
2018,vw_50,HK0019000162,SWIRE PACIFIC 'A',HK,0.0010911573084304185,1817.6789762080734,2055.1008000563916
2018,vw_50,JP3190000004,OBAYASHI,JP,0.001087637688383084,8.742618467969658,17.3001874091683
2018,vw_50,JP3890310000,MS&AD INSURANCE GP.HDG.,JP,0.0010641049365216924,0.5729071143284852,1.3847866706107421
2018,vw_50,AU000000MTS0,METCASH,AU,0.0010633853096835692,2.117381916012828,9.979791134721735
2018,vw_50,JP3942800008,YAMAHA MOTOR,JP,0.0010553459948333282,9.660943303368834,12.512980225541318
2018,vw_50,AU000000CQR9,CHARTER HALL RETAIL REIT,AU,0.0010533662347089702,0.48153183775209607,0.0697704961092688
2018,vw_50,JP3571400005,TOKYO ELECTRON,JP,0.001052183716883493,1.8124181346720492,0.5653798621005259
2018,vw_50,AU0000038911,OVATO DEAD - DELIST.29/08/22,AU,0.0010452971497675874,33.01201637396012,134.15615776764153
2018,vw_50,JP3891600003,MITSUI E&S,JP,0.0010442944723530038,18.507723142688835,86.78004379961675
2018,vw_50,JP3143600009,ITOCHU,JP,0.0010380153894919155,31.555839532336876,46.83012580852036
2018,vw_50,JP3304200003,KOMATSU,JP,0.001028207530636298,5.384672774547643,3.142065716223334
2018,vw_50,JP3788600009,HITACHI,JP,0.0010206318394917185,25.1171710103773,54.78768093825454
2018,vw_50,JP3409000001,SUMITOMO REAL.&DEV.,JP,0.0009999132241435686,2.024774570582099,0.9644450842090112
2018,vw_50,AU000000QAN2,QANTAS AIRWAYS,AU,0.0009827689209017294,943.7913950225922,1677.5593291018586
2018,vw_50,JP3246400000,KYUSHU ELEC.POWER,JP,0.0009774817522926215,1518.4312534563721,5049.828803152318
2018,vw_50,AU000000SBM8,ST BARBARA,AU,0.0009575062399792431,271.0772147104568,91.381019967725
2018,vw_50,SG1J26887955,SINGAPORE EXCHANGE,SG,0.0008904859823011059,0.07516026107280363,0.007012908275684211
2018,vw_50,JP3027680002,JAPAN REAL ESTATE INV.,JP,0.0008413225700443208,11.480274015642403,0.9809259373769883
2018,vw_50,HK0388045442,HONG KONG EXCHANGES AND CLEARING,HK,0.0008194176148719169,0.02566388416133128,0.0008294990829669349
2018,vw_50,AU000000ORG5,ORIGIN ENERGY (EX BORAL),AU,0.0008021476707665117,1542.8160768197024,1355.204239471648
2018,vw_50,AU000000BLD2,BORAL DEAD - DELIST.08/07/24,AU,0.0007533053964375292,504.38996945035314,270.0756449641595
2018,vw_50,JP3122400009,ADVANTEST,JP,0.0007318120938643627,2.242021878980236,0.9306630394170352
2018,vw_50,BMG524401079,KERRY PROPERTIES,HK,0.0007254105239883594,1.1791036172232296,0.7697135872617357
2018,vw_50,NZTELE0001S4,SPARK NEW ZEALAND,NZ,0.0006918790607179103,1.3581102951550923,0.7500734446914594
2018,vw_50,JP3635000007,TOYOTA TSUSHO,JP,0.0006905033182313967,3.7747877591558074,14.819649311900363
2018,vw_50,BMG684371393,PACIFIC BASIN SHIP.,HK,0.0006444238427752324,952.1465442542475,1396.6784375401842
2018,vw_50,SG1S83002349,UOL GROUP,SG,0.0006169270405628282,1.393345427387703,0.38500857692374335
2018,vw_50,JP3600200004,TOHO GAS,JP,0.0005959644543517957,17.607000542154125,21.00876436556341
2018,vw_50,AU000000MQG1,MACQUARIE GROUP,AU,0.0005724983002377554,0.04824296872700775,0.018255024096279392
2018,vw_50,JP3659000008,WEST JAPAN RAILWAY,JP,0.00056657043844177,7.424589006307114,7.035975647081091
2018,vw_50,JP3982800009,ROHM,JP,0.0005585677329776864,10.15892759287989,2.941409559540218
2018,vw_50,JP3119600009,AJINOMOTO,JP,0.0005460745079293478,120.57958367223887,116.91292087866258
2018,vw_50,JP3385820000,GS YUASA,JP,0.0005301466698201193,6.3567391588303925,10.479387296259267
2018,vw_50,AU000000IAG3,INSURANCE AUS.GROUP,AU,0.0005285607745732858,1.2625410000853738,0.8260698148280289
2018,vw_50,JP3420600003,SEKISUI HOUSE,JP,0.0004889815684280695,3.936181714595643,6.201130860773337
2018,vw_50,JP3215800008,KANEKA,JP,0.00048480863072074287,213.77441807684013,350.2567520861107
2018,vw_50,IE00BKVD2N49,SEAGATE TECHNOLOGY HOLDINGS,SG,0.000437691358382545,24.688782232260493,17.79138191897059
2018,vw_50,JP3868400007,MAZDA MOTOR,JP,0.0004223279457249537,4.430030211189242,15.452429076734282
2018,vw_50,JP3665200006,NICHIREI,JP,0.00040908341009162616,8.6717602747056,11.782379451530238
2018,vw_50,BMG8063F1068,SHANGRI-LA ASIA,HK,0.0004089218103353941,69.5628864751178,18.283343469804354
2018,vw_50,AU000000APA1,APA GROUP,AU,0.0004001636606844342,656.3877946969252,164.3798975902629
2018,vw_50,AU000000MAH3,MACMAHON HOLDINGS,AU,0.0003974079361098197,1.5533842756014926,1.4778453067373125
2018,vw_50,SG1F60858221,SINGAPORE TECHS.ENGR.,SG,0.00034667473592062646,6.255908496380439,3.9588481516970093
2018,vw_50,MU0117U00026,GOLDEN AGRI-RESOURCES,SG,0.00033731435266718134,261.78488713150523,546.0920635174764
2018,vw_50,AU000000AMP6,AMP,AU,0.0003024428882148327,0.008380987030216482,0.00997048898710456
2018,vw_50,AU0000088338,AMPOL,AU,0.00030233013524600777,43.54116168538793,99.81408777539428
2018,vw_50,NZAIAE0002S6,AUCKLAND INTL.AIRPORT,NZ,0.00029398768349298964,5.057198001482717,0.41313026814007314
2018,vw_50,AU000000WOW2,WOOLWORTHS GROUP,AU,0.0002897431528114954,14.89144296729175,23.126456294694986
2018,vw_50,AU000000QBE9,QBE INSURANCE GROUP,AU,0.00027897723742414303,0.4992647644763211,0.7123926676851865
2018,vw_50,HK0006000050,POWER ASSETS HOLDINGS,HK,0.0002780721294970011,62808.74455393191,604.3226943307233
2018,vw_50,JP3421100003,JAPAN PETROLEUM EXP.,JP,0.00027535288608168283,263.0739832596603,324.0717581611971
2018,vw_50,AU000000MGR9,MIRVAC GROUP STAPLED UNITS,AU,0.00026838506613924116,4.32381848446648,1.0880458352651763
2018,vw_50,AU0000224040,WOODSIDE ENERGY GROUP,AU,0.00024534820527921376,2420.666599088588,426.4136330118459
2018,vw_50,JP3942400007,ASTELLAS PHARMA,JP,0.00023946730368928576,7.392336402418269,3.1339603237447076
2018,vw_50,JP3294460005,INPEX,JP,0.00021707091084869433,67.56639715686644,30.439720331888385
2018,vw_50,JP3605400005,TOHOKU ELECTRIC PWR.,JP,0.0001919150363943466,1785.5520423367452,5045.377634210122
2018,vw_50,JP3638600001,DOWA HDG.,JP,0.0001697488766731546,204.74891166587963,327.7665233158836
2018,vw_50,JP3401400001,SUMITOMO CHEMICAL,JP,0.00016879020008623958,337.2500565744798,557.3071665462144
2018,vw_50,JP3818000006,FUJITSU,JP,0.00016304691532102172,5.291213563079964,15.497541526366954
2018,vw_50,JP3967200001,RAKUTEN GROUP,JP,0.00015966840928697393,0.1346745860886517,0.08942519690538996
2018,vw_50,JP3738600000,NITERRA,JP,0.00015714461491078363,1.8670772231887165,1.2231572500273107
2018,vw_50,JP3126400005,ALPS ALPINE,JP,0.00015491708914538033,1.1844623188519305,1.6222952062374514
2018,vw_50,JP3443600006,TAISEI,JP,0.00015174690681564327,17.932454847039363,22.28128531185842
2018,vw_50,JP3481800005,DAIKIN INDUSTRIES,JP,0.00014540792372744012,37.354732483346055,21.568323624749766
2018,vw_50,SG1R50925390,SEMBCORP INDUSTRIES,SG,0.0001223911475632973,3740.861378666036,4892.195014083984
2018,vw_50,JP3585800000,TOKYO ELECTRIC POWER CO. HDG.,JP,0.0001060823547517324,1637.0897627954282,12959.542439869934
2018,vw_50,HK0066009694,MTR,HK,0.00010063637116638672,7.118834452393606,1.4862132076816548
2018,vw_50,JP3268950007,MEDIPAL HOLDINGS,JP,9.805370102995149e-05,1.3183440221948206,7.781444567234513
2018,vw_50,HK0010000088,HANG LUNG GROUP,HK,9.503131716217584e-05,1.957365084234476,0.5994018995950688
2018,vw_50,AU000000SUN6,SUNCORP GROUP,AU,9.34594466916558e-05,0.6560012467513864,0.6083518561908562
2018,vw_50,HK0363006039,SHANGHAI INDUSTRIAL HOLDINGS,HK,8.140687076171402e-05,1.6075295155567715,1.91756130725568
2018,vw_50,JP3300600008,KONICA MINOLTA,JP,7.524095456262486e-05,19.09521667360859,37.11517040713901
2018,vw_50,JP3778630008,BANDAI NAMCO HDG.,JP,7.372324850973868e-05,0.3158322617085857,0.2610810711265301
2018,vw_50,JP3463000004,TAKEDA PHARMACEUTICAL,JP,6.934206811301467e-05,9.89017088855397,3.426369985855516
2018,vw_50,AU000000GPT8,GPT GROUP STAPLED UNITS,AU,6.603600005436014e-05,17.598046641774417,1.3776303195867945
2018,vw_50,AU000000DOW2,DOWNER EDI,AU,6.149705511609962e-05,43.31105581018396,103.01789809015222
2018,vw_50,JP3914400001,MURATA MANUFACTURING,JP,5.818673241107489e-05,21.268052106558194,7.582753977698244
2018,vw_50,HK0144000764,CHINA MERCHANTS PORT HOLDINGS,HK,5.7743953948932975e-05,20.188804373941,2.7683180826596385
2018,vw_50,JP3502200003,DAIWA SECURITIES GROUP,JP,5.587146935760413e-05,0.1562839375346569,0.08142970323850336
2018,vw_50,AU000000SIG5,SIGMA HEALTHCARE,AU,5.562133614803311e-05,1.369080073846625,6.245227446274681
2018,vw_50,JP3351100007,SYSMEX,JP,5.18609125659087e-05,1.3856178555349135,0.20930852075959966
2018,vw_50,AU000000ORI1,ORICA,AU,5.046861318677649e-05,560.7979725303959,389.42310195284233
2018,vw_50,JP3551500006,DENSO,JP,4.93780064399779e-05,15.497562031350355,13.855009931431756
2018,vw_50,AU000000CIM7,CIMIC GROUP DEAD - DELIST.11/05/22,AU,4.8037157357349686e-05,251.0067573931478,215.33223144731446
2018,vw_50,HK0000608585,NEW WORLD DEVELOPMENT COMPANY,HK,4.746072782166077e-05,42.00160655020956,19.490721478949137
2018,vw_50,BMG4600H1198,HOPSON DEVELOPMENT HOLDINGS,HK,4.648512428501866e-05,1.192678717926957,0.906764168190128
2018,vw_50,NZAIRE0001S2,AIR NEW ZEALAND,NZ,4.2241938941205274e-05,970.394513496309,1450.7350424691203
2018,vw_50,JP3362700001,MITSUI OSK LINES,JP,4.07701653818837e-05,1180.0734760726061,4191.921812427182
2018,vw_50,JP3419050004,SEGA SAMMY HDG.,JP,3.593481668496019e-05,2.8117810787014683,2.419422026960226
2018,vw_50,JP3634600005,TOYOTA INDS.,JP,3.512897446506363e-05,11.15731939506823,8.838774330208256
2018,vw_50,SG1T58930911,FRASER AND NEAVE,SG,3.267446833812633e-05,28.795060753210013,14.852967642083287
2018,vw_50,JP3792600003,HINO MOTORS,JP,3.2520186960880995e-05,10.480042964498946,21.33214904560464
2018,vw_50,JP3827200001,FURUKAWA ELECTRIC,JP,3.135480241099992e-05,27.895304001382108,60.945474286387395
2018,vw_50,JP3663900003,SOJITZ,JP,2.886318634563506e-05,46.13040668499464,180.07427293496175
2018,vw_50,JP3158800007,UBE,JP,2.618720834667e-05,1829.2288161822007,3623.5244451977906
2018,vw_50,HK0308001558,CTII.INTL.INV.HK.,HK,2.4733848403268627e-05,50.05841151277214,15.601547369571046
2018,vw_50,JP3544000007,TEIJIN,JP,2.4342279216922595e-05,92.52679376907356,157.94560518649288
2018,vw_50,JP3546800008,TERUMO,JP,1.916143369982931e-05,11.092188058647938,3.1137170537970875
2018,vw_50,JP3539220008,T & D HOLDINGS,JP,1.8369909314175277e-05,0.11179134078329411,0.15785326234244904
2018,vw_50,SG1U68934629,KEPPEL,SG,1.7108589513952698e-05,5.815718738493892,2.189869760245941
2018,vw_50,JP3526600006,CHUBU ELEC.POWER,JP,1.670723234969392e-05,2249.5163539838936,5887.707635646938
2018,vw_50,JP3381000003,NIPPON STEEL,JP,1.6240441410487982e-05,1736.9336790854666,3561.2727326184013
2018,vw_50,AU000000TCL6,TRANSURBAN GROUP STAPLED UNITS,AU,1.5193655168435673e-05,1.7456654239895852,0.19902894400630203
2018,vw_50,JP3595200001,TOSOH,JP,1.479861232433653e-05,1022.7949874151747,1022.8016401994895
2018,vw_50,JP3670800006,NISSAN CHEMICAL,JP,1.3642856378967498e-05,153.24025298918355,43.29211814693386
2018,vw_50,JP3888400003,MITSUI KINZOKU LIMITED,JP,1.2624007595977046e-05,170.27768735073096,234.65605083910083
2018,vw_50,JP3903000002,MITSUBISHI MATERIALS,JP,1.1749300014704198e-05,742.9051816676405,2067.4022453714642
2018,vw_50,JP3762800005,NOMURA RESEARCH INST.,JP,1.027921832487258e-05,0.48243502323889503,0.1717895749496442
2018,vw_50,BMG2178K1009,CKI HOLDINGS,HK,9.997706007750101e-06,11628.968070819103,381.40470494927916
2018,vw_50,JP3634200004,TOYODA GOSEI,JP,9.791306920875486e-06,15.296101232379065,34.16074805827202
2018,vw_50,JP3786200000,HITACHI METALS DEAD - DELIST.29/12/22,JP,9.68786901446576e-06,39.08981291231421,57.63650356313529
2018,vw_50,JP3258000003,KIRIN HOLDINGS,JP,9.315757902541788e-06,22.34174959277788,16.26160939994965
2018,vw_50,JP3266400005,KUBOTA,JP,7.238592451141769e-06,19.91490913917238,12.689825330176404
2018,vw_50,AU000000WOR2,WORLEY,AU,4.891105201876068e-06,2.732080087475984,3.2099631643571302
2018,vw_50,JP3870400003,MARUI GROUP,JP,4.301944173350326e-06,6.538676739965232,3.1660311989760155
2018,vw_50,JP3224200000,KAWASAKI HEAVY INDUSTRY,JP,3.606623903481424e-06,12.388991817634041,26.042051995324268
2018,vw_50,JP3131430005,AEON MALL DEAD - DELIST.27/06/25,JP,2.3026104033591758e-06,6.227762168634874,3.211005486665193
2018,vw_50,AU000000BPT9,BEACH ENERGY,AU,2.298911264217346e-06,903.7461329094194,193.83849008207267
2018,vw_50,JP3973400009,RICOH,JP,2.068492268046837e-06,7.588835105834203,17.290305070288056
2018,vw_50,JP3326410002,SANKYO,JP,1.678548134882784e-06,2.4648737074611247,0.46631582615969047
2018,vw_50,JP3676800000,NISSHIN SEIFUN,JP,1.1504523272144321e-06,12.332912551079684,9.57843520837967
2018,vw_50,JP3456000003,TAKASHIMAYA,JP,1.0314541609710792e-06,1.8182977247592027,4.150103185260926
2019,vw,JP3633400001,TOYOTA MOTOR,JP,0.039417783834975635,9.096974655890467,12.591973664441127
2019,vw,AU000000CBA7,COMMONWEALTH BK.OF AUS.,AU,0.017794064900189175,0.25666178558163366,0.08506555090655508
2019,vw,JP3436100006,SOFTBANK GROUP,JP,0.016882538239683716,0.13167382173739173,0.13472285089357966
2019,vw,JP3735400008,NTT,JP,0.016607936854979667,2.3113036877016753,2.9886174321033936
2019,vw,AU000000BHP4,BHP GROUP,AU,0.014856456871726278,222.86707663618972,123.74901241338905
2019,vw,JP3902900004,MITSUBISHI UFJ FINL.GP.,JP,0.01418879179041864,0.189527781568626,0.1510508704909846
2019,vw,AU000000CSL8,CSL,AU,0.012690715174470216,6.836701792259466,0.8664357860836174
2019,vw,JP3435000009,SONY GROUP,JP,0.01268549359670871,2.4093095307981782,2.926713680852672
2019,vw,JP3463000004,TAKEDA PHARMACEUTICAL,JP,0.012499599472226744,11.979094282506248,3.098230118294962
2019,vw,JP3496400007,KDDI,JP,0.012409548102443995,0.5521383310505945,0.40814785412397964
2019,vw,AU000000WBC1,WESTPAC BANKING,AU,0.012210433260732425,0.3332840125782682,0.15056565369802088
2019,vw,JP3854600008,HONDA MOTOR,JP,0.010669982449284448,9.58076595419,25.678011137558222
2019,vw,AU000000ANZ3,ANZ GROUP HOLDINGS,AU,0.01030726346542111,0.6179023134811727,0.31298913581559584
2019,vw,JP3890350006,SUMITOMO MITSUI FINL.GP.,JP,0.010016056272201,0.2759444399432538,0.29461558939272875
2019,vw,JP3726800000,JAPAN TOBACCO,JP,0.009996385020314687,18.183139625277402,7.316711456729344
2019,vw,JP3802300008,FAST RETAILING,JP,0.00978328111514016,0.6232983814773667,0.2495111752392375
2019,vw,HK0016000132,SUN HUNG KAI PROPERTIES,HK,0.009529494567413914,7.244950012689257,1.300156172913583
2019,vw,AU000000NAB4,NATIONAL AUS.BANK,AU,0.0095208700298489,0.793398894759982,0.4005451818635277
2019,vw,SG1L01001701,DBS GROUP HOLDINGS,SG,0.009077587858758798,0.11347078677357517,0.03383497455924861
2019,vw,JP3898400001,MITSUBISHI,JP,0.008979370576682107,48.766725014739364,138.7241355979872
2019,vw,JP3566800003,CENTRAL JAPAN RAILWAY,JP,0.008875322201873268,4.185487852505766,1.5882549663726158
2019,vw,HK0011000095,HANG SENG BANK DEAD - DELIST.28/01/26,HK,0.00865870018422977,0.02959227471741797,0.0044453290109825105
2019,vw,HK0688002218,CHINA OVERSEAS LAND INVESTMENT,HK,0.008094505729012871,2.008452753212935,1.065112530334552
2019,vw,HK2388011192,BOC HONG KONG HOLDINGS,HK,0.008078739740798379,0.02525069430391231,0.008601425428221964
2019,vw,JP3756600007,NINTENDO,JP,0.007899941402977867,0.04825995296369338,0.013262006174359822
2019,vw,KYG217651051,CK HUTCHISON HOLDINGS,HK,0.007727460578631542,254.93206128791653,231.32213698251434
2019,vw,HK0388045442,HONG KONG EXCHANGES AND CLEARING,HK,0.007708230083499243,0.018129796155164683,0.0008499732773552953
2019,vw,JP3242800005,CANON,JP,0.007611825463208198,4.193072408048073,3.9516755444430474
2019,vw,JP3198900007,ORIENTAL LAND,JP,0.007552400731657007,13.18220011770429,1.6298688717916228
2019,vw,SG1T75931496,SINGAPORE TELECOM,SG,0.0072536689073661315,0.5192582194938528,0.18207088940479899
2019,vw,JP3672400003,NISSAN MOTOR,JP,0.007089181266315557,6.607193420073783,20.30429557677222
2019,vw,JP3371200001,SHIN-ETSU CHEMICAL,JP,0.007075811644777161,116.87445189258742,47.587795414006806
2019,vw,JP3734800000,NIDEC,JP,0.007073375570285386,5.196556178153607,2.049000873491879
2019,vw,JP3551500006,DENSO,JP,0.007051317878676894,13.700055331986437,19.00550793698168
2019,vw,JP3783600004,EAST JAPAN RAILWAY,JP,0.007014056064445736,43.803869633843455,33.96706440212023
2019,vw,HK0000049939,CHINA UNICOM (HONG KONG),HK,0.006990844860791833,8.887337276272678,11.075948917723592
2019,vw,JP3910660004,TOKIO MARINE HOLDINGS,JP,0.006917435036559254,0.3073144525766516,0.43071975863391204
2019,vw,JP3205800000,KAO,JP,0.006839500506730297,46.70902295023183,18.694225748451196
2019,vw,JP3914400001,MURATA MANUFACTURING,JP,0.006839113355527449,21.949512041945518,9.057342558275435
2019,vw,JP3519400000,CHUGAI PHARM.,JP,0.006806860682243924,9.071843742967005,1.4026356915642353
2019,vw,HK0066009694,MTR,HK,0.006733931322581036,7.663864352860192,1.552948765840316
2019,vw,HK0003000038,HONG KONG AND CHINA GAS,HK,0.006657037137522812,162.06723078915897,24.067919848756834
2019,vw,JP3481800005,DAIKIN INDUSTRIES,JP,0.006179925892866816,30.88811799905697,22.16725029716966
2019,vw,JP3942400007,ASTELLAS PHARMA,JP,0.006082506737885228,6.875655849860394,2.6795972884471766
2019,vw,JP3788600009,HITACHI,JP,0.005941593627002001,21.580602320611792,62.48627891535849
2019,vw,JP3830800003,BRIDGESTONE,JP,0.005798963153090749,54.146494825009434,61.86625180557358
2019,vw,HK0002007356,CLP HOLDINGS,HK,0.005781849084534027,3282.525779349896,1313.2696723470287
2019,vw,AU000000MQG1,MACQUARIE GROUP,AU,0.005709449824210423,0.052614603668708126,0.019786273472727454
2019,vw,JP3143600009,ITOCHU,JP,0.005656009060481732,13.11791510475013,42.592987818790554
2019,vw,AU000000WOW2,WOOLWORTHS GROUP,AU,0.005588529598520489,13.745047189859724,20.421546482802135
2019,vw,JP3893600001,MITSUI,JP,0.005468361835937634,55.78871022292514,115.7825944886178
2019,vw,JP3902400005,MITSUBISHI ELECTRIC,JP,0.005349498475099762,6.7243807202135875,10.317577254715374
2019,vw,KYG2108Y1052,CHINA RESOURCES LAND,HK,0.005322286709016416,28.69305626660016,19.5691091029479
2019,vw,AU000000TLS2,TELSTRA GROUP,AU,0.005278244785258435,2.5381914358999125,1.7755596864747671
2019,vw,AU000000WES1,WESFARMERS,AU,0.005262347761252208,126.45793938988268,94.65726730641173
2019,vw,JP3475350009,DAIICHI SANKYO,JP,0.0051287210345456824,11.919526032120087,3.8905943334507573
2019,vw,JP3397200001,SUZUKI MOTOR,JP,0.0051119424970314286,17.51732640167077,24.079736552146805
2019,vw,HK0012000102,HENDERSON LD.DEV.,HK,0.004949894901254197,0.28950234511178324,0.032529012389502635
2019,vw,JP3899600005,MITSUBISHI ESTATE,JP,0.004861950031093106,9.268058009386937,4.422011357924065
2019,vw,JP3351600006,SHISEIDO,JP,0.004830644389213476,2.700946590069915,1.1111773276423649
2019,vw,JP3893200000,MITSUI FUDOSAN,JP,0.0047339717411666125,5.14090171878251,3.7325905058834437
2019,vw,JP3304200003,KOMATSU,JP,0.004703313336682516,4.610500374300893,4.829121289881935
2019,vw,AU000000TCL6,TRANSURBAN GROUP STAPLED UNITS,AU,0.004700309440426561,1.2341938255389004,0.1433188817663577
2019,vw,JP3866800000,PANASONIC HOLDINGS,JP,0.004684360796259954,5.5002900128524335,17.377188837063425
2019,vw,JP3160400002,EISAI,JP,0.00463611580021258,7.924093833879249,1.9464565984972901
2019,vw,JP3571400005,TOKYO ELECTRON,JP,0.004619853464302125,1.9959224966661857,1.0314045495254678
2019,vw,JP3837800006,HOYA,JP,0.00461476689311392,4.368888066350719,0.9628018355144337
2019,vw,AU0000224040,WOODSIDE ENERGY GROUP,AU,0.004570103542040597,1729.7994548000859,384.03625580290077
2019,vw,HK0823032773,LINK REAL ESTATE INVESTMENT TRUST,HK,0.004544380819045133,1.2375536329905505,0.1192707445902198
2019,vw,JP3258000003,KIRIN HOLDINGS,JP,0.004348512091265142,21.359193708000788,17.212607664404374
2019,vw,JP3546800008,TERUMO,JP,0.004331850691807136,10.576882915343168,2.6345833812663764
2019,vw,JP3814000000,FUJIFILM HOLDINGS,JP,0.004329809710081345,30.328064358679907,30.813885507156666
2019,vw,BMG2178K1009,CKI HOLDINGS,HK,0.004241942270160824,9315.28439400259,397.21381573712733
2019,vw,JP3505000004,DAIWA HOUSE INDUSTRY,JP,0.0042230989262313735,7.253522824395991,12.632299478112555
2019,vw,JP3249600002,KYOCERA,JP,0.004136053438095364,8.161144115995851,5.897100867685206
2019,vw,JP3116000005,ASAHI GROUP HOLDINGS,JP,0.0040019422760375805,25.379782393126746,24.408454652117506
2019,vw,JP3347200002,SHIONOGI,JP,0.00396565528868129,13.715318763752878,2.175608710845702
2019,vw,JP3200450009,ORIX,JP,0.003948162010484852,40.27562197958913,45.62716514625565
2019,vw,JP3421800008,SECOM,JP,0.003834563906005732,6.9021675471869,3.282865708116952
2019,vw,JP3266400005,KUBOTA,JP,0.0038202810047067676,18.324581178397068,16.11062490515519
2019,vw,JP3951600000,UNI CHARM,JP,0.0037730167917066114,4.977964173786027,1.6483984866264292
2019,vw,JP3404600003,SUMITOMO,JP,0.003771216042265666,19.827363685212436,49.45271950314901
2019,vw,US89677Q1076,TRIP COM GROUP ADR 1:1,SG,0.00368121232186173,0.009590179656032224,0.002418898147399078
2019,vw,JP3592200004,TOSHIBA DEAD - DELIST.20/12/23,JP,0.003632586130783858,9.800564564404251,18.582707806595547
2019,vw,JP3409000001,SUMITOMO REAL.&DEV.,JP,0.0035829612881417123,2.062925104782112,1.0481735371091445
2019,vw,JP3814800003,SUBARU,JP,0.0035394117412981246,9.138230418186033,14.867607397202491
2019,vw,JP3388200002,AEON,JP,0.00353344167121111,2.692410353162234,11.788364580740465
2019,vw,JP3890310000,MS&AD INSURANCE GP.HDG.,JP,0.0034785495868194303,0.5827794281557336,1.4931455481592377
2019,vw,JP3381000003,NIPPON STEEL,JP,0.0034164326653653475,1476.9929167278851,4726.735340710582
2019,vw,JP3165700000,NTT DATA GROUP DEAD - DELIST.26/09/25,JP,0.0032968605200176435,0.4587482635618913,0.5330129594835478
2019,vw,JP3634600005,TOYOTA INDS.,JP,0.0032471701594796315,9.735421081903944,11.804831700021767
2019,vw,HK0000608585,NEW WORLD DEVELOPMENT COMPANY,HK,0.003207944793763254,3.091103162195665,1.9996596060713898
2019,vw,JP3111200006,ASAHI KASEI,JP,0.0030488931526788405,162.19458453704155,207.0765479948739
2019,vw,JP3756100008,NITORI HOLDINGS,JP,0.003010142295359801,7.279791964129728,2.6246812642054262
2019,vw,HK0006000050,POWER ASSETS HOLDINGS,HK,0.002835007003535479,48856.64616207542,678.0267855517131
2019,vw,JP3201200007,OLYMPUS,JP,0.002799438727642939,3.7889730256524623,1.9543708276271454
2019,vw,JP3659000008,WEST JAPAN RAILWAY,JP,0.0027909630943867146,7.204324957993382,7.113640405477503
2019,vw,JP3551520004,DENTSU GROUP,JP,0.0027589784488590108,0.5249081706015987,0.3517457758844017
2019,vw,JP3294460005,INPEX,JP,0.00274468164982456,1041.0356893555124,642.8493409112446
2019,vw,AU000000NCM7,NEWCREST MINING DEAD - DELIST.08/11/23,AU,0.002740885582645853,395.33076051246,99.80152506977407
2019,vw,JP3818000006,FUJITSU,JP,0.0027339724519365133,4.035808548710068,10.675032406348375
2019,vw,JP3228600007,KANSAI ELECTRIC PWR.,JP,0.002721287790218543,961.7008032921666,2090.750706231177
2019,vw,JP3933800009,LY,JP,0.0027025238619204466,0.41785303089129416,0.2655000532616322
2019,vw,JP3762600009,NOMURA HDG.,JP,0.0026894560197811947,0.17519137438165877,0.21851098054587884
2019,vw,JP3877600001,MARUBENI,JP,0.002623789219605601,10.608354941517907,54.98914908879587
2019,vw,JP3358000002,SHIMANO,JP,0.0025835056406014354,3.2617512137680533,0.7976127716409813
2019,vw,JP3900000005,MITSUBISHI HEAVY INDS.,JP,0.002565297621722815,4.877975583730655,14.2906011746887
2019,vw,JP3429800000,ANA HOLDINGS,JP,0.0025455767350669066,612.1497910792003,894.5883255833542
2019,vw,IE00BKVD2N49,SEAGATE TECHNOLOGY HOLDINGS,SG,0.002531680984970792,24.84009167842031,22.098176300136064
2019,vw,AU000000SUN6,SUNCORP GROUP,AU,0.002452916561794189,0.26032946742331714,0.22169467325734146
2019,vw,JP3137200006,ISUZU MOTORS,JP,0.002425605526171651,6.4808731592722975,10.471488311218463
2019,vw,AU000000IAG3,INSURANCE AUS.GROUP,AU,0.0023809560728338145,1.368377015130415,0.6968591722410398
2019,vw,HK0083000502,SINO LAND,HK,0.0023808945257195154,0.4154233904143401,0.05052505530738229
2019,vw,JP3621000003,TORAY INDS.,JP,0.002377183830344514,153.12129903854165,276.4465840055189
2019,vw,KYG210961051,CHINA MENGNIU DAIRY,HK,0.0023702270210379296,20.180457494815304,17.590385262942753
2019,vw,JP3573000001,TOKYO GAS,JP,0.002369843840616648,208.46856482291676,300.59289183263644
2019,vw,JP3351100007,SYSMEX,JP,0.00235476281222258,1.6902890291613817,0.3749436151242153
2019,vw,HK0291001490,CHINA RESOURCES BEER HOLDINGS,HK,0.0023434619678809475,40.561116241918974,16.520481584746257
2019,vw,JP3197600004,ONO PHARM.,JP,0.002305429822025659,3.65271802593276,0.8181213006923029
2019,vw,JP3526600006,CHUBU ELEC.POWER,JP,0.0022861099843080866,1943.6428621888128,4613.984694294057
2019,vw,JP3102000001,AISIN,JP,0.0022626148697720934,21.36832646539993,69.32062279753464
2019,vw,AU000000ALL7,ARISTOCRAT LEISURE,AU,0.002245925674843113,5.977592567290613,1.3613548486332527
2019,vw,JP3407400005,SUMITOMO ELECTRIC IND.,JP,0.00221003576564359,6.667954873649324,17.360029969033796
2019,vw,JP3635000007,TOYOTA TSUSHO,JP,0.002207631457404357,6.594553335084728,36.54907018197058
2019,vw,JP3256000005,KYOWA KIRIN,JP,0.00218078103244367,5.4426973356538335,1.5698998738180687
2019,vw,SG1B51001017,JARDINE CYC.& CARR.,SG,0.0021806738213413423,231.98204485730645,400.9796423759059
2019,vw,JP3940000007,YAMATO HDG.,JP,0.0021212868122150426,44.99600711408263,62.554939501033274
2019,vw,JP3574200006,TOKYU,JP,0.0021074784193134176,11.726074124667958,11.638442269520382
2019,vw,JP3443600006,TAISEI,JP,0.002099088157860899,19.41382949612841,26.861710428869905
2019,vw,JP3967200001,RAKUTEN GROUP,JP,0.002088456390213422,0.2572817895929466,0.24631337982644935
2019,vw,HK0019000162,SWIRE PACIFIC 'A',HK,0.0020841838292465927,1731.3907033185792,1778.3112330437432
2019,vw,AU000000CIM7,CIMIC GROUP DEAD - DELIST.11/05/22,AU,0.002082867515156905,246.51350447584855,251.0730656936394
2019,vw,JP3386030005,JFE HOLDINGS,JP,0.0020795439709847523,1449.291346411613,4993.207137899397
2019,vw,JP3486800000,DAITO TST.CONSTRUCTION,JP,0.0020640420397445096,2.672341783908056,3.697715019502412
2019,vw,AU000000QBE9,QBE INSURANCE GROUP,AU,0.0020504341713120525,0.4841776964424457,0.6390636362139933
2019,vw,JP3420600003,SEKISUI HOUSE,JP,0.0020323075534555697,3.695930997677082,7.131476088551441
2019,vw,JP3538800008,TDK,JP,0.0020136071576625568,9.589826403674792,11.928275350715628
2019,vw,JP3762800005,NOMURA RESEARCH INST.,JP,0.001995395168002368,0.22009221863960998,0.09949862642146226
2019,vw,JP3862400003,MAKITA,JP,0.0019950437538336285,0.36770289248425575,0.16360455465526608
2019,vw,HK0000055878,CHINA TAIPING INSURANCE HLDGS,HK,0.0019823650482880097,0.9493276540032185,2.6032924176444903
2019,vw,SGXE21576413,GENTING SINGAPORE,SG,0.001956819025072307,2.5897812081393123,0.49431366799613236
2019,vw,JP3585800000,TOKYO ELECTRIC POWER CO. HDG.,JP,0.0019340247534830105,1440.1234661804465,8377.133189888802
2019,vw,AU000000STO6,SANTOS,AU,0.001923823815635627,1584.3700131750015,601.6573958451584
2019,vw,JP3778630008,BANDAI NAMCO HDG.,JP,0.001906080378200426,0.930125036545483,0.6412145996106464
2019,vw,HK0023000190,BANK OF EAST ASIA,HK,0.0018970925141219704,1.5339303303879213,0.6328294572832137
2019,vw,JP3684000007,NITTO DENKO,JP,0.0018896115616484515,48.302382987054564,38.364584274574
2019,vw,JP3495000006,SUMITOMO PHARMA,JP,0.0018612998890708563,19.642255727619755,8.784018739239977
2019,vw,JP3173400007,OBIC,JP,0.0018332641858122153,0.42897563053332927,0.03054007193161623
2019,vw,HK0004000045,WHARF HOLDINGS,HK,0.0018156339156516928,7.769015098633249,2.2795044707637095
2019,vw,JP3283650004,KOSE HOLDINGS,JP,0.0018126081800971167,2.6011436261017487,0.8536616088318055
2019,vw,JP3027670003,NIPPON BUILDING FUND,JP,0.0018069716556617878,20.454189876519155,1.5226329309749993
2019,vw,JP3197800000,OMRON,JP,0.0017962545162106057,5.5051557606356365,4.8440650090192054
2019,vw,AU000000ASX7,ASX,AU,0.0017961770859700355,0.04729993535462151,0.003267392287141441
2019,vw,JP3774200004,HANKYU HANSHIN HDG.,JP,0.0017886028201296762,18.24010711241096,14.722793884215692
2019,vw,AU000000ORG5,ORIGIN ENERGY (EX BORAL),AU,0.0017797082694180615,1651.0239131195506,2005.350278111829
2019,vw,BMG668971101,CTF SERVICES,HK,0.0017699103658997983,100.31185684238037,44.77787736394056
2019,vw,JP3733000008,NEC,JP,0.0017375941601111924,1.955934893246578,5.941566974028497
2019,vw,SG1F60858221,SINGAPORE TECHS.ENGR.,SG,0.001717750179226686,6.509098127173268,3.7332624437265585
2019,vw,SG1V61937297,SINGAPORE AIRLINES,SG,0.0016995759119913909,1369.462824233799,1927.7985517048833
2019,vw,JP3502200003,DAIWA SECURITIES GROUP,JP,0.001695061133348933,0.14031741463974395,0.1105688085859491
2019,vw,JP3119600009,AJINOMOTO,JP,0.0016856702349413576,115.96774831110933,140.9796039513001
2019,vw,AU000000DXS1,DEXUS STAPLED UNITS,AU,0.0016855411845404075,28.300803307662367,2.0898215724429074
2019,vw,JP3401400001,SUMITOMO CHEMICAL,JP,0.001676783625792878,288.5722075226706,718.1245641226625
2019,vw,JP3942600002,YAMAHA,JP,0.0016638071116296827,5.492006384707059,2.6252200113361774
2019,vw,AU000000RHC8,RAMSAY HEALTH CARE,AU,0.001657108403124998,2.1869425536010967,1.8836615543502613
2019,vw,JP3260800002,KINTETSU GROUP HDG.,JP,0.001645666596037713,5.170386309605955,6.9833318856106015
2019,vw,JP3402600005,SUMITOMO METAL MINING,JP,0.00163117721409723,212.121614085152,223.83427256904295
2019,vw,AU000000COH5,COCHLEAR,AU,0.0016155283639389827,0.3958349261898517,0.05026373096983193
2019,vw,SG1U68934629,KEPPEL,SG,0.0016155204223758473,6.690021246316291,3.6332622182021965
2019,vw,JP3027680002,JAPAN REAL ESTATE INV.,JP,0.001599190583178742,5.396276434689579,0.39827233236372395
2019,vw,JP3180400008,OSAKA GAS,JP,0.001597439468507393,415.3652884201276,627.8699771438372
2019,vw,JP3539220008,T & D HOLDINGS,JP,0.001592618939684223,0.10002386582657634,0.22638621038708803
2019,vw,AU000000APA1,APA GROUP,AU,0.0015777126256791328,702.1290685360834,154.77329326593352
2019,vw,JP3973400009,RICOH,JP,0.0015495915506167867,7.620648725042376,18.180723308353524
2019,vw,JP3982800009,ROHM,JP,0.0015421483205681607,40.99112191441467,19.50040424951207
2019,vw,JP3670800006,NISSAN CHEMICAL,JP,0.001530841520054177,132.53063437010033,31.83555475434244
2019,vw,AU000000SHL7,SONIC HEALTHCARE,AU,0.001528798552937603,2.002713430717841,1.0890569644582506
2019,vw,JP3419400001,SEKISUI CHEMICAL,JP,0.0015144441775704212,19.393942173187714,26.612689664575235
2019,vw,AU000000GPT8,GPT GROUP STAPLED UNITS,AU,0.001503194953389169,18.554156420346036,1.3383470166207037
2019,vw,JP3112000009,AGC,JP,0.001500725127254069,445.28435607608816,820.2316757597727
2019,vw,JP3493800001,DAI NIPPON PRINTING,JP,0.0014814191872719838,19.26960429712176,33.23683928379972
2019,vw,JP3210200006,KAJIMA,JP,0.0014768607300322811,11.773937189663425,27.558801071163543
2019,vw,JP3942800008,YAMAHA MOTOR,JP,0.001472322126700417,10.187912921575094,21.015591077405208
2019,vw,HK0392044647,BEIJING ENTERPRISES HOLDINGS,HK,0.00142735699622795,80.22996091066331,96.37303075403725
2019,vw,JP3868400007,MAZDA MOTOR,JP,0.0013773767686354969,4.160910611897042,19.45929116288724
2019,vw,JP3598600009,TOHO,JP,0.0013705172434773207,3.266095754698117,1.0411255379899493
2019,vw,JP3711600001,NIPPON SANSO HOLDINGS,JP,0.001366337995877332,2.210273065028286,2.0343041807857065
2019,vw,JP3357200009,SHIMADZU,JP,0.0013607729455102214,1.1177227516657562,0.5836067774255063
2019,vw,JP3190000004,OBAYASHI,JP,0.0013555334992316607,6.93524772259183,18.68901537010402
2019,vw,AU000000TAH8,TABCORP HOLDINGS,AU,0.0013534170726560845,1.3811555235635349,0.7655995118001196
2019,vw,JP3657400002,NIKON,JP,0.0013520292844981785,5.807759062533557,5.599209385173622
2019,vw,JP3596200000,TOTO,JP,0.0013380422064260074,33.23408904062283,26.560070272901015
2019,vw,JP3358800005,SHIMIZU,JP,0.0013325605424718181,15.809665423092781,34.89495413322447
2019,vw,JP3675600005,NISSIN FOODS HOLDINGS,JP,0.0013315638762983293,50.19730506130743,35.33721694814673
2019,vw,HK0144000764,CHINA MERCHANTS PORT HOLDINGS,HK,0.001321047261316315,26.493344805055383,5.155368929820975
2019,vw,JP3605400005,TOHOKU ELECTRIC PWR.,JP,0.0013181386638179856,1604.9798449247344,4804.802995546143
2019,vw,AU000000SGP0,STOCKLAND STAPLED UNITS,AU,0.001303113226365865,13.015937136730189,3.691622317936592
2019,vw,JP3126340003,ALFRESA HOLDINGS,JP,0.0012862195361861483,1.4991551947209647,5.566017640103605
2019,vw,SG1M51904654,CAPITALAND INTEG. COML. TST.,SG,0.0012798543733331489,0.03303169886982042,0.0031025260767316752
2019,vw,JP3293200006,COCA-COLA BOTTLERS JAPAN HOLDINGS,JP,0.0012674159000723752,22.583581214991504,30.006218954181815
2019,vw,AU000000MGR9,MIRVAC GROUP STAPLED UNITS,AU,0.0012650671827750895,3.4991434553645075,1.0386259628241585
2019,vw,JP3688370000,NIPPON EXPRESS HOLDINGS,JP,0.0012536154487338854,34.12753149086607,105.02122200753857
2019,vw,AU000000QAN2,QANTAS AIRWAYS,AU,0.0012461622917313404,966.7178020524578,1971.2291250442115
2019,vw,JP3359600008,SHARP,JP,0.0012293241924935714,12.232987918377995,42.79819440070415
2019,vw,JP3676800000,NISSHIN SEIFUN,JP,0.0012281508265403202,16.781941242372895,14.064151931638524
2019,vw,BMG524401079,KERRY PROPERTIES,HK,0.00121889692009683,4.093104583215416,1.8210456189844821
2019,vw,JP3982100004,LAWSON DEAD - DELIST.24/07/24,JP,0.0012180213627611557,0.6965474989987129,0.7172057663343613
2019,vw,NZAIAE0002S6,AUCKLAND INTL.AIRPORT,NZ,0.001214662081554894,4.952786242794718,0.4040536122915986
2019,vw,SG1R89002252,CITY DEVELOPMENTS,SG,0.0012104411407484444,0.12850162944541318,0.06593687774121908
2019,vw,HK0293001514,CATHAY PACIFIC AIRWAYS,HK,0.001202350673304286,1302.138101731258,3043.2043315791475
2019,vw,SG1J26887955,SINGAPORE EXCHANGE,SG,0.0011964064132974613,0.07928931895139098,0.008463255366284714
2019,vw,JP3766550002,HAKUHODO DY HDG.,JP,0.0011889611978580517,0.03324894725043054,0.07263861869734743
2019,vw,JP3414750004,SEIKO EPSON,JP,0.0011788118801710483,12.728170062868113,21.513853637011298
2019,vw,JP3174410005,OJI HOLDINGS,JP,0.0011471429117779753,450.2880005149368,1106.626606114311
2019,vw,JP3268950007,MEDIPAL HOLDINGS,JP,0.0011451694333388357,1.2398690339455558,6.246930467858765
2019,vw,JP3629000005,TOPPAN HOLDINGS,JP,0.0011331022281546403,17.641326011551584,41.18446874123914
2019,vw,JP3336000009,SANTEN PHARM.,JP,0.0011309083713384944,8.108315430527345,2.9876319970506398
2019,vw,JP3246400000,KYUSHU ELEC.POWER,JP,0.0011249938921934273,950.1590704803757,3098.991239525904
2019,vw,BMG988031446,YUE YUEN INDL.HDG.,HK,0.0011023524956944863,2.7879457486408765,4.862832113422858
2019,vw,HK0014000126,HYSAN DEVELOPMENT,HK,0.0010975200545266135,0.08472234269380739,0.007597712003299578
2019,vw,JP3792600003,HINO MOTORS,JP,0.001085748672569211,8.329639600928077,27.42887236248535
2019,vw,JP3269600007,KURARAY,JP,0.0010680052351340096,373.6552040375077,382.94803060609894
2019,vw,JP3787000003,HITACHI CON.MCH.,JP,0.0010605421511775453,11.813382070336017,20.59257955755907
2019,vw,JP3720800006,NSK,JP,0.0010356930001269716,15.221917331267726,27.220951698146486
2019,vw,AU0000088338,AMPOL,AU,0.001021435908908198,42.713859533648005,130.94255125603527
2019,vw,JP3305990008,YOKOHAMA FINANCIAL GROUP,JP,0.0010146319746919695,0.3350557108811965,0.18745756277773756
2019,vw,NZTELE0001S4,SPARK NEW ZEALAND,NZ,0.0010142190134089302,1.440182236545406,0.685144692771332
2019,vw,JP3511800009,CHIBA BANK,JP,0.0010070775627594485,1.208803974543736,0.5107995363178274
2019,vw,JP3368000000,RESONAC HOLDINGS,JP,0.0009973511333094037,392.6820037541811,709.0744408723089
2019,vw,JP3888300005,MITSUI CHEMICALS,JP,0.0009956377410629475,278.6926013971052,753.765838056002
2019,vw,AU000000LLC3,LENDLEASE GROUP STAPLED UNITS,AU,0.0009863262582867258,10.42068597250213,23.78903041916939
2019,vw,JP3955000009,YOKOGAWA ELECTRIC,JP,0.0009854606279049705,4.0266426167625795,3.0250465391775254
2019,vw,JP3522200009,CHUGOKU ELEC.POWER,JP,0.0009833739821911518,1626.3050994119153,4107.228677279656
2019,vw,SG9999000020,FLEX,SG,0.0009731035556663341,3.111893664986783,16.818326491638988
2019,vw,JP3300600008,KONICA MINOLTA,JP,0.0009717515045425374,17.547747831522607,34.699081215484284
2019,vw,AU000000BSL0,BLUESCOPE STEEL,AU,0.0009615545374767218,950.7158425450763,1773.6390572251532
2019,vw,JP3695200000,NGK INSULATORS,JP,0.0009578875206989647,75.84757292507112,66.32564232239237
2019,vw,JP3134800006,IHI,JP,0.0009504303929148519,5.8114432394555395,16.718193820083894
2019,vw,AU000000ORI1,ORICA,AU,0.0009492947493864938,536.4010413154441,437.5287572677459
2019,vw,AU000000AMP6,AMP,AU,0.0009480935879622692,0.012535242835231252,0.015705655082873506
2019,vw,JP3939000000,YAMADA HOLDINGS,JP,0.0009403505639052831,0.6883388785913394,2.1113304548861462
2019,vw,JP3229400001,KANSAI PAINT,JP,0.0009387662220597767,12.145878880379135,10.08804302539776
2019,vw,BMG8063F1068,SHANGRI-LA ASIA,HK,0.0009380375836421064,60.36134183144007,32.13177556246958
2019,vw,AU000000WOR2,WORLEY,AU,0.0009367947290114209,8.761989459096712,6.807122693093481
2019,vw,JP3663900003,SOJITZ,JP,0.0009291430329304916,38.48746618231011,140.86860830359623
2019,vw,HK0008011667,PCCW,HK,0.0009199526589920842,1.4043638896092827,1.5005578803567845
2019,vw,JP3595200001,TOSOH,JP,0.0009164107218337092,983.9840412099635,1689.208951052587
2019,vw,JP3626800001,LIXIL,JP,0.0009105538190213737,33.760867968140204,123.84791998726632
2019,vw,JP3551200003,ELEC.POWER DEV.,JP,0.000909108454530736,6698.631675135595,11790.809763725189
2019,vw,JP3126400005,ALPS ALPINE,JP,0.0009063428051688435,2.487276038468001,4.277052218371718
2019,vw,JP3499800005,MITSUBISHI HC CAPITAL,JP,0.0009025030593928919,0.5562154102752015,0.9683834464067298
2019,vw,JP3613400005,TOYO SEIKAN GROUP HDG.,JP,0.0009003409688292872,62.07885064810182,99.0114293148806
2019,vw,JP3122400009,ADVANTEST,JP,0.0008980339447384622,1.7870739566046512,1.0346634359227187
2019,vw,JP3870400003,MARUI GROUP,JP,0.0008919626197214716,6.61175035248957,3.3630635062313163
2019,vw,JP3600200004,TOHO GAS,JP,0.0008870666460485157,16.224831020295117,14.894683715423335
2019,vw,JP3820000002,FUJI ELECTRIC,JP,0.0008861891033220573,32.74494486459284,61.341309047731066
2019,vw,JP3830000000,BROTHER INDUSTRIES,JP,0.0008810509119734727,3.375295311021396,4.872376720215789
2019,vw,JP3738600000,NITERRA,JP,0.0008703079624421006,18.147885331253274,15.991568496838186
2019,vw,KYG0535Q1331,ASMPT,HK,0.0008607105833930054,0.9632739755882292,0.5536051226927353
2019,vw,JP3449020001,TAIHEIYO CEMENT,JP,0.000859680165576191,2706.963756449413,5204.813823460808
2019,vw,JP3935600001,YAMAZAKI BAKING,JP,0.0008521019289542638,40.77915229330596,92.03468892275144
2019,vw,JP3743000006,NH FOODS,JP,0.0008439479290050225,30.745911721419425,81.86713528544107
2019,vw,JP3786200000,HITACHI METALS DEAD - DELIST.29/12/22,JP,0.0008377237288976759,36.715822715633834,82.00140302978595
2019,vw,AU000000BLD2,BORAL DEAD - DELIST.08/07/24,AU,0.0008344756295753094,379.37750233490925,374.01143923027877
2019,vw,JP3405400007,SUMITOMO HEAVY INDS.,JP,0.0008254698969797996,4.669187785154898,9.061216243518082
2019,vw,SG1S83002349,UOL GROUP,SG,0.0008231708144521098,1.4852633499163344,0.6362544438923914
2019,vw,BMG677491539,ORIENT OVERSEAS (INTL.),HK,0.0008217611869955815,846.6638640870749,1342.9853299315785
2019,vw,JP3799000009,HIROSE ELECTRIC,JP,0.0008158447224597306,1.9207491268927455,0.5382990528662235
2019,vw,JP3224200000,KAWASAKI HEAVY INDUSTRY,JP,0.0008058323967368125,11.23961506399816,39.91317652218261
2019,vw,JP3143000002,ITO EN,JP,0.0008032196224652757,7.111777750480045,8.15690927292277
2019,vw,HK0010000088,HANG LUNG GROUP,HK,0.0008009880432242366,4.838584444511872,1.5415537835767807
2019,vw,JP3322930003,SUMCO,JP,0.00079057863934455,8.748414770419725,6.529415014640957
2019,vw,JP3894900004,ISETAN MITSUKOSHI HDG.,JP,0.0007885237598832729,2.1810892702180062,6.1017768523251155
2019,vw,JP3613000003,TOYO SUISAN KAISHA,JP,0.000779932973961586,46.577996985706584,42.86776161044303
2019,vw,KYG5427W1309,LEE & MAN PAPER MNFG.,HK,0.0007746379367410778,1331.559573527771,1400.7938867516384
2019,vw,JP3765400001,HOUSE SHOKUHIN GP.HONSHA K K,JP,0.0007647685591545963,20.73622485177302,14.537977871120827
2019,vw,SG1N31909426,COMFORTDELGRO CORPORATION,SG,0.000761254417467195,371.15686874745717,272.89295513108067
2019,vw,AU000000BEN6,BENDIGO & ADELAIDE BANK,AU,0.0007570592867409356,1.781290601374546,0.9826521379961449
2019,vw,JP3667600005,JGC HOLDINGS,JP,0.0007561400508080164,21.174785598399804,31.342621280707466
2019,vw,KYG525621408,KINGBOARD HOLDINGS,HK,0.0007536503707650778,727.3265316289151,1123.083920357852
2019,vw,JP3131430005,AEON MALL DEAD - DELIST.27/06/25,JP,0.0007535630135705887,5.432820124950238,4.023406419112959
2019,vw,JP3040890000,JAPAN PRIME REALTY INV.,JP,0.0007497609902195302,4.717716781035558,0.3524530040594324
2019,vw,JP3665200006,NICHIREI,JP,0.0007485221063704124,8.128375402401842,11.405381748736787
2019,vw,JP3419050004,SEGA SAMMY HDG.,JP,0.0007403601648580356,2.5141721217810633,1.9305236736532727
2019,vw,JP3485800001,DAICEL,JP,0.0007311380246670867,400.4207185429853,471.4073518909246
2019,vw,JP3903000002,MITSUBISHI MATERIALS,JP,0.0007291724877910826,622.3768047722656,2672.700391266347
2019,vw,JP3385980002,J S R DEAD - DELIST.25/06/24,JP,0.000725295019590238,99.23626417866316,120.4436706851055
2019,vw,JP3404200002,SUMITOMO RUBBER INDS.,JP,0.0007095330021573117,49.4133268231683,113.04588711640649
2019,vw,HK0200030994,MELCO INTL.DEV.,HK,0.0007036165376214608,5.852518987834452,8.570614311069225
2019,vw,JP3209000003,CASIO COMPUTER,JP,0.0007005649919866947,1.9103859284192752,1.4929433769767047
2019,vw,JP3326410002,SANKYO,JP,0.0006863356962388949,1.3740123569358378,0.3465502628054372
2019,vw,JP3819400007,FUJI MEDIA HOLDINGS,JP,0.0006844317064771899,0.0,0.0
2019,vw,SG1R50925390,SEMBCORP INDUSTRIES,SG,0.0006783663376325508,2985.1337422780152,7565.961033601714
2019,vw,JP3544000007,TEIJIN,JP,0.0006740997328380732,88.4985781187017,209.701646393544
2019,vw,JP3977400005,RINNAI,JP,0.0006708556042972744,12.604627583574468,11.913133035016692
2019,vw,JP3711200000,AOZORA BANK,JP,0.0006634858337076507,0.03687286309105934,0.015261053790726066
2019,vw,BMG2442N1048,COSCO SHIPPING PORTS,HK,0.0006561279754627301,104.56115279266405,31.615417667741873
2019,vw,HK0165000859,CHINA EVERBRIGHT,HK,0.0006378881903315682,0.20590550181531975,0.025241914650581558
2019,vw,AU000000CGF5,CHALLENGER,AU,0.0006349577535346166,0.0028178817137793004,0.0012507230742773165
2019,vw,JP3358200008,SHIMAMURA,JP,0.0006311914672176671,0.13007369581200548,0.2053988764398367
2019,vw,JP3560800009,TOKAI CARBON,JP,0.0006202380662632077,1023.283966029242,692.6994471848681
2019,vw,AU000000DOW2,DOWNER EDI,AU,0.000616120365777518,39.20372104159324,114.81437322566197
2019,vw,AU000000FLT9,FLIGHT CENTRE TRAVEL GP.,AU,0.00061206024162456,23.919946091275783,17.029862268961534
2019,vw,JP3493400000,DIC,JP,0.0005985099495248344,36.7499711455554,89.77963689680452
2019,vw,NZCENE0001S6,CONTACT ENERGY,NZ,0.0005940527472151077,612.1774194049136,329.50048794834436
2019,vw,AU000000BPT9,BEACH ENERGY,AU,0.0005908939904780142,411.3589034061733,193.80050466868937
2019,vw,SG1P66918738,SINGAPORE PRESS HDG. DEAD - DELIST.13/05/22,SG,0.0005838954879649691,0.34085279437192695,0.08398618138294979
2019,vw,JP3270000007,KURITA WATER IND.,JP,0.000582585130047633,4.096028940902085,3.40789814474025
2019,vw,JP3635400009,TOYOTA BOSHOKU,JP,0.0005821761395461614,4.495565884686224,19.80936466255158
2019,vw,NZFBUE0001S0,FLETCHER BUILDING,NZ,0.0005808379861578515,145.4648380852743,277.55369912085206
2019,vw,JP3362700001,MITSUI OSK LINES,JP,0.0005758824507613804,984.7288326890903,4205.681583120734
2019,vw,JP3415400005,SEINO HDG.,JP,0.0005707522009759312,74.4877913270524,145.59998052011298
2019,vw,JP3118000003,ASICS,JP,0.0005681572952214489,1.0884834043053933,1.344659973651933
2019,vw,JP3243600008,CANON MARKETING JAPAN,JP,0.0005630191038728643,1.2801078281892941,2.565404593396596
2019,vw,JP3289800009,KOBE STEEL,JP,0.0005602038197413755,919.7778714006961,5812.243277821684
2019,vw,JP3166000004,EBARA,JP,0.0005494013084864879,2.264724684403537,3.8099608993863883
2019,vw,JP3753000003,NIPPON YUSEN KK,JP,0.0005491531346385076,795.5661258774171,5094.337248777102
2019,vw,JP3549600009,DENKA,JP,0.0005481505122926671,491.78407923235045,672.2396882198688
2019,vw,JP3164800009,NOK,JP,0.0005481108044769902,7.2709638484516175,16.662319974499407
2019,vw,JP3350800003,SHIKOKU ELECTRIC POWER,JP,0.0005466813231126236,1398.6865780722367,3402.9169935210202
2019,vw,JP3634200004,TOYODA GOSEI,JP,0.0005411381120441351,14.395518439546741,40.35808629292633
2019,vw,JP3215800008,KANEKA,JP,0.0005381203180526944,200.93147227712186,418.7573789846517
2019,vw,JP3835620000,BENESSE HOLDINGS DEAD - DELIST.17/05/24,JP,0.0005359522713167383,0.02255756678370411,0.0329693126083542
2019,vw,JP3733400000,NIPPON ELEC.GLASS,JP,0.0005300457337348066,363.8236223867704,374.1951433291007
2019,vw,AU000000CWY3,CLEANAWAY WASTE MANAGEMENT,AU,0.0005296744656582281,516.4125042095243,291.99433253619003
2019,vw,AU000000ILU1,ILUKA RESOURCES,AU,0.0005203808513990609,328.4293326152767,122.85152896739855
2019,vw,JP3582600007,TOKYO TATEMONO,JP,0.0005167118492305199,6.975059629576269,6.696841967747265
2019,vw,SGXE34184239,SEATRIUM,SG,0.0004887436492585292,14.417053478796234,21.208108217898204
2019,vw,MU0117U00026,GOLDEN AGRI-RESOURCES,SG,0.00048151484141455847,533.2694291724541,1575.4074770439825
2019,vw,JP3452000007,TAIYO YUDEN,JP,0.0004810224645001655,14.070053323048015,14.198389473380084
2019,vw,HK0000745908,YUEXIU PROPERTY COMPANY,HK,0.0004800714623147049,0.6598691621220131,1.08826643286656
2019,vw,JP3870000001,MABUCHI MOTOR,JP,0.00047977563908791236,2.2247034556652747,1.204619847467236
2019,vw,JP3456000003,TAKASHIMAYA,JP,0.0004723899853720179,1.448138862134392,5.107740414318316
2019,vw,JP3158800007,UBE,JP,0.00047075799414769936,1687.9189414812756,4744.61328238673
2019,vw,HK0363006039,SHANGHAI INDUSTRIAL HOLDINGS,HK,0.0004560859562551026,4.512382023747477,7.6131481231580915
2019,vw,AU000000OZL8,OZ MINERALS DEAD - DELIST.03/05/23,AU,0.00045220650266347424,95.31757104317545,33.92545891195827
2019,vw,JP3742600004,NHK SPRING,JP,0.0004518928109196271,15.185092035893762,42.17759403187044
2019,vw,JP3535800001,TSUMURA,JP,0.0004465620366650097,29.47330294778994,14.254148067791789
2019,vw,BMG2108M2182,CHINESE ESTATES HDG.,HK,0.0004334266912391072,0.027904380987815086,0.0013742052512963337
2019,vw,JP3769000005,HACHIJUNI NAGANO BANK,JP,0.0004286260163237758,1.9400861947550774,1.2761128352401685
2019,vw,AU000000ABC7,ADBRI DEAD - DELIST.02/07/24,AU,0.00042279889437319784,1820.1285284555315,1012.6463337324786
2019,vw,NZAIRE0001S2,AIR NEW ZEALAND,NZ,0.0004129414291314194,999.3836669449203,1887.422472234242
2019,vw,BMG4600H1198,HOPSON DEVELOPMENT HOLDINGS,HK,0.0004065603831521493,0.8441005341444568,0.6983240223463687
2019,vw,JP3148800000,IBIDEN,JP,0.0004062943407871144,52.340206983710196,70.36678687659425
2019,vw,JP3494600004,SCREEN HOLDINGS,JP,0.00040615734882302925,3.4562760403340302,5.678657496346047
2019,vw,JP3827200001,FURUKAWA ELECTRIC,JP,0.00040599256138797033,21.49145927226646,96.33722920436206
2019,vw,JP3638600001,DOWA HDG.,JP,0.0003887692963381359,283.6339763240321,599.2390777008911
2019,vw,JP3276400003,GUNMA BANK,JP,0.00038146702903516286,1.173362495766685,0.8421074545766823
2019,vw,JP3718800000,NISSUI,JP,0.000377138877126386,32.374917617293754,110.39603699784689
2019,vw,AU000000SBM8,ST BARBARA,AU,0.000375461221914039,309.8611821903787,81.96201192943865
2019,vw,AU000000IGO4,IGO,AU,0.00036670564855729326,131.3606356772808,40.04450412015029
2019,vw,NZSKCE0001S2,SKY CITY ENTM.GP.,NZ,0.00036336820664965386,7.650724577129139,2.6013408297408493
2019,vw,SG1T58930911,FRASER AND NEAVE,SG,0.0003623040371895142,38.83476872854531,28.95751979614763
2019,vw,JP3172100004,OKUMA,JP,0.00036028489476234635,3.658244634350379,3.747217140212048
2019,vw,JP3320800000,SAPPORO HOLDINGS,JP,0.000353995176759133,25.036111059296164,66.99586090858104
2019,vw,JP3400900001,SUMITOMO OSAKA CEMENT,JP,0.00035264908180768776,4027.891411867088,5224.578036504487
2019,vw,JP3796150005,HIROGIN HOLDINGS,JP,0.0003484420387367253,2.0599946955249355,1.3011173598172112
2019,vw,JP3491000000,DAIDO STEEL,JP,0.00034820577723344804,81.3350692958871,231.41905761072846
2019,vw,JP3845400005,HOKURIKU ELEC.POWER,JP,0.00034476509500504883,2904.7866262255766,9485.959769883271
2019,vw,AU000000BWP3,BWP GROUP STAPLED UNITS,AU,0.00033877517101019573,0.0,0.0
2019,vw,JP3385820000,GS YUASA,JP,0.0003385766319318115,19.099117415534113,42.96679840970129
2019,vw,JP3625000009,TOKUYAMA,JP,0.0003370419248559012,2281.350641544488,3934.943832800231
2019,vw,JP3352400000,CITIZEN WATCH,JP,0.00033611276196906283,7.46757779318406,13.049564955432297
2019,vw,JP3165600002,NTN,JP,0.0003353880943329603,15.39452453591907,62.324777419965905
2019,vw,JP3274400005,GLORY,JP,0.0003300473931244238,1.4648908985998752,1.8708117277638083
2019,vw,AU000000MTS0,METCASH,AU,0.0003222984128950861,1.356244793920822,7.682877999199187
2019,vw,HK0308001558,CTII.INTL.INV.HK.,HK,0.00030921667302034737,52.72202934745419,19.491267833523814
2019,vw,JP3156400008,USHIO,JP,0.0003089625430000155,2.629442246108682,2.565898546440643
2019,vw,JP3850200001,HOKKAIDO ELEC.POWER,JP,0.00030638749115337164,2219.217481547236,9771.839218252862
2019,vw,AU000000SGM7,SIMS,AU,0.0003026172340548546,7.561292973011441,24.537140307829578
2019,vw,JP3678000005,NISSHINBO HOLDINGS,JP,0.0002993016314458375,48.04966261765811,161.7225642114201
2019,vw,AU000000IRE2,IRESS,AU,0.00029232496823141464,0.3143497704653563,0.07199228460044281
2019,vw,JP3721400004,JAPAN STEEL WORKS,JP,0.00026707675363328847,44.01953002381271,65.46635841244118
2019,vw,AU000000CQR9,CHARTER HALL RETAIL REIT,AU,0.0002615533964726384,53.157139846782364,5.935979474567136
2019,vw,JP3888400003,MITSUI KINZOKU LIMITED,JP,0.00026053489100052714,157.82075697417943,570.008992120464
2019,vw,JP3619800000,TOYOBO,JP,0.00025975860320404467,228.4924621658056,541.9039247907671
2019,vw,JP3579800008,TOKYO STEEL MNFG.,JP,0.00025698699766980046,179.9284537052898,250.74900146014724
2019,vw,JP3811000003,FUJIKURA,JP,0.0002545648209135125,4.2079277779679325,21.861034636052377
2019,vw,HK0242001243,SHUN TAK HOLDINGS,HK,0.00023729986265721737,399.624772178857,280.86142416104013
2019,vw,JP3223800008,KAWASAKI KISEN KAISHA,JP,0.00023548521548078522,1496.131712604954,10569.294067060679
2019,vw,JP3389900006,JAFCO GROUP,JP,0.0002221592725396338,0.03446806144951171,0.008311214777876082
2019,vw,JP3194000000,OKI ELECTRIC IND.,JP,0.00022006269987189604,2.575807515656158,9.292590286987666
2019,vw,SG2B80958517,OUE,SG,0.00021946509724595943,1.6516831758002275,0.7116880767143116
2019,vw,AU000000PPT9,PERPETUAL,AU,0.0002187106487480992,0.3735630703277565,0.13162672476397969
2019,vw,JP3421100003,JAPAN PETROLEUM EXP.,JP,0.00021444801473518923,279.21291234083674,661.2379991297344
2019,vw,AU000000CSR5,CSR DEAD - DEAD.10/07/24,AU,0.0002100047101609495,157.75809305425724,290.2207515953675
2019,vw,AU000000MND5,MONADELPHOUS GROUP,AU,0.00020722317767278602,7.59532819094746,8.800084312185026
2019,vw,AU000000IVC8,INVOCARE DEAD - DELIST.27/11/23,AU,0.00019509243998350783,15.647344393464799,5.55646014817227
2019,vw,JP3375800004,SHINKO ELEC.INDS. DEAD - DELIST.06/06/25,JP,0.00018917796083844077,28.92070560748366,40.37571496038201
2019,vw,JP3891600003,MITSUI E&S,JP,0.00017995383525670812,20.928939020324357,139.89893974999725
2019,vw,BMG684371393,PACIFIC BASIN SHIP.,HK,0.00017383684625168913,897.5960528418004,1629.7768336417003
2019,vw,BMG8403G1033,SINOFERT HOLDINGS,HK,0.00016528775353646293,456.8405979070141,1903.7596694373708
2019,vw,HK0000139300,TELEVISION BROADCASTS,HK,0.0001622421640740484,1.3425239492307854,0.9373944540982403
2019,vw,JP3528600004,CHIYODA CORPORATION,JP,0.00015310341029602098,0.26821046274551597,1.3706801530182195
2019,vw,JP3686800008,NIPPON SHEET GLASS,JP,0.00014600960902535142,553.6328969630837,4219.35764597101
2019,vw,AU000000GWA4,GWA GROUP,AU,0.00010877360487438375,37.985969624882856,18.274408162520306
2019,vw,AU000000ELD6,ELDERS,AU,0.00010462612352693657,13.093096786426225,29.09028805647273
2019,vw,SG9999003735,XP POWER (DI),SG,0.00010249976999744117,0.04624473484425159,0.023243651577662852
2019,vw,JP3826800009,FURUKAWA,JP,9.859847710719049e-05,3.1583955726117963,10.158672626958237
2019,vw,AU000000SIG5,SIGMA HEALTHCARE,AU,8.091063061393689e-05,1.5485696355924867,11.23843643412755
2019,vw,AU000000MAH3,MACMAHON HOLDINGS,AU,7.45236284623153e-05,1.1149632272505428,2.1179667519181584
2019,vw,AU000000ERA9,ENERGY RES.OF AUS.,AU,1.9768536034720623e-05,727.5213762605284,1143.35643266044
2019,vw,AU0000038911,OVATO DEAD - DELIST.29/08/22,AU,1.359992686932171e-05,49.31861402858112,364.963503649635
2019,vw_50,AU000000BWP3,BWP GROUP STAPLED UNITS,AU,0.31831429796554245,0.0,0.0
2019,vw_50,JP3826800009,FURUKAWA,JP,0.04890902139269775,3.1583955726117963,10.158672626958237
2019,vw_50,JP3756600007,NINTENDO,JP,0.042108185745077485,0.04825995296369338,0.013262006174359822
2019,vw_50,JP3205800000,KAO,JP,0.03744240988731728,46.70902295023183,18.694225748451196
2019,vw_50,AU000000IGO4,IGO,AU,0.03041800240237935,131.3606356772808,40.04450412015029
2019,vw_50,AU000000MAH3,MACMAHON HOLDINGS,AU,0.024759389349544744,1.1149632272505428,2.1179667519181584
2019,vw_50,HK0291001490,CHINA RESOURCES BEER HOLDINGS,HK,0.023283573500754204,40.561116241918974,16.520481584746257
2019,vw_50,AU000000NAB4,NATIONAL AUS.BANK,AU,0.022880018876538327,0.793398894759982,0.4005451818635277
2019,vw_50,JP3435000009,SONY GROUP,JP,0.022506863089676983,2.4093095307981782,2.926713680852672
2019,vw_50,BMG2442N1048,COSCO SHIPPING PORTS,HK,0.021523100606461787,104.56115279266405,31.615417667741873
2019,vw_50,JP3820000002,FUJI ELECTRIC,JP,0.018237435495303097,32.74494486459284,61.341309047731066
2019,vw_50,JP3667600005,JGC HOLDINGS,JP,0.01748934553167983,21.174785598399804,31.342621280707466
2019,vw_50,JP3787000003,HITACHI CON.MCH.,JP,0.017446744031924064,11.813382070336017,20.59257955755907
2019,vw_50,JP3939000000,YAMADA HOLDINGS,JP,0.017348196503494093,0.6883388785913394,2.1113304548861462
2019,vw_50,AU000000WBC1,WESTPAC BANKING,AU,0.016181872591616783,0.3332840125782682,0.15056565369802088
2019,vw_50,HK0011000095,HANG SENG BANK DEAD - DELIST.28/01/26,HK,0.014987487169406805,0.02959227471741797,0.0044453290109825105
2019,vw_50,JP3436100006,SOFTBANK GROUP,JP,0.013552697376172247,0.13167382173739173,0.13472285089357966
2019,vw_50,AU000000PPT9,PERPETUAL,AU,0.013427280801662047,0.3735630703277565,0.13162672476397969
2019,vw_50,JP3933800009,LY,JP,0.011275498862656297,0.41785303089129416,0.2655000532616322
2019,vw_50,JP3385820000,GS YUASA,JP,0.00964772624651409,19.099117415534113,42.96679840970129
2019,vw_50,AU000000BEN6,BENDIGO & ADELAIDE BANK,AU,0.009262209137222931,1.781290601374546,0.9826521379961449
2019,vw_50,JP3967200001,RAKUTEN GROUP,JP,0.009033175573962904,0.2572817895929466,0.24631337982644935
2019,vw_50,JP3452000007,TAIYO YUDEN,JP,0.008568921017891987,14.070053323048015,14.198389473380084
2019,vw_50,MU0117U00026,GOLDEN AGRI-RESOURCES,SG,0.008489456750471292,533.2694291724541,1575.4074770439825
2019,vw_50,NZAIRE0001S2,AIR NEW ZEALAND,NZ,0.008351758515466249,999.3836669449203,1887.422472234242
2019,vw_50,AU000000GWA4,GWA GROUP,AU,0.008284828418221325,37.985969624882856,18.274408162520306
2019,vw_50,JP3551520004,DENTSU GROUP,JP,0.008268903308536323,0.5249081706015987,0.3517457758844017
2019,vw_50,SG1L01001701,DBS GROUP HOLDINGS,SG,0.00799424801457834,0.11347078677357517,0.03383497455924861
2019,vw_50,JP3496400007,KDDI,JP,0.007907048379865686,0.5521383310505945,0.40814785412397964
2019,vw_50,AU000000ANZ3,ANZ GROUP HOLDINGS,AU,0.007377975755127417,0.6179023134811727,0.31298913581559584
2019,vw_50,JP3148800000,IBIDEN,JP,0.007061851220754567,52.340206983710196,70.36678687659425
2019,vw_50,AU000000APA1,APA GROUP,AU,0.006526014806428124,702.1290685360834,154.77329326593352
2019,vw_50,JP3899600005,MITSUBISHI ESTATE,JP,0.00580731183108445,9.268058009386937,4.422011357924065
2019,vw_50,JP3560800009,TOKAI CARBON,JP,0.0056027251487340436,1023.283966029242,692.6994471848681
2019,vw_50,AU000000MND5,MONADELPHOUS GROUP,AU,0.005564105118121568,7.59532819094746,8.800084312185026
2019,vw_50,KYG2108Y1052,CHINA RESOURCES LAND,HK,0.005190704638382747,28.69305626660016,19.5691091029479
2019,vw_50,JP3711600001,NIPPON SANSO HOLDINGS,JP,0.004976818139579883,2.210273065028286,2.0343041807857065
2019,vw_50,JP3300600008,KONICA MINOLTA,JP,0.004519649386827686,17.547747831522607,34.699081215484284
2019,vw_50,AU000000WOR2,WORLEY,AU,0.004396663535927676,8.761989459096712,6.807122693093481
2019,vw_50,JP3358800005,SHIMIZU,JP,0.004372415269515988,15.809665423092781,34.89495413322447
2019,vw_50,JP3814000000,FUJIFILM HOLDINGS,JP,0.003845088618311234,30.328064358679907,30.813885507156666
2019,vw_50,SG1N31909426,COMFORTDELGRO CORPORATION,SG,0.0037974213616944197,371.15686874745717,272.89295513108067
2019,vw_50,JP3256000005,KYOWA KIRIN,JP,0.0036498470660539734,5.4426973356538335,1.5698998738180687
2019,vw_50,JP3678000005,NISSHINBO HOLDINGS,JP,0.0036341643216530562,48.04966261765811,161.7225642114201
2019,vw_50,SG9999003735,XP POWER (DI),SG,0.0036278909044561917,0.04624473484425159,0.023243651577662852
2019,vw_50,JP3351600006,SHISEIDO,JP,0.0036009243249855234,2.700946590069915,1.1111773276423649
2019,vw_50,JP3528600004,CHIYODA CORPORATION,JP,0.0035751108759396483,0.26821046274551597,1.3706801530182195
2019,vw_50,AU000000CBA7,COMMONWEALTH BK.OF AUS.,AU,0.00329665205959975,0.25666178558163366,0.08506555090655508
2019,vw_50,JP3519400000,CHUGAI PHARM.,JP,0.003271632402187706,9.071843742967005,1.4026356915642353
2019,vw_50,JP3756100008,NITORI HOLDINGS,JP,0.0031858766056649356,7.279791964129728,2.6246812642054262
2019,vw_50,HK0000055878,CHINA TAIPING INSURANCE HLDGS,HK,0.003173094579792286,0.9493276540032185,2.6032924176444903
2019,vw_50,HK0308001558,CTII.INTL.INV.HK.,HK,0.002921355460165678,52.72202934745419,19.491267833523814
2019,vw_50,HK0363006039,SHANGHAI INDUSTRIAL HOLDINGS,HK,0.002910569818266478,4.512382023747477,7.6131481231580915
2019,vw_50,AU000000IAG3,INSURANCE AUS.GROUP,AU,0.0028111668475223556,1.368377015130415,0.6968591722410398
2019,vw_50,JP3837800006,HOYA,JP,0.0025934509050194537,4.368888066350719,0.9628018355144337
2019,vw_50,JP3951600000,UNI CHARM,JP,0.0024344465426184778,4.977964173786027,1.6483984866264292
2019,vw_50,JP3494600004,SCREEN HOLDINGS,JP,0.00242936254451684,3.4562760403340302,5.678657496346047
2019,vw_50,JP3814800003,SUBARU,JP,0.0024208200605913377,9.138230418186033,14.867607397202491
2019,vw_50,JP3336000009,SANTEN PHARM.,JP,0.002403374190160183,8.108315430527345,2.9876319970506398
2019,vw_50,JP3375800004,SHINKO ELEC.INDS. DEAD - DELIST.06/06/25,JP,0.002303257462151765,28.92070560748366,40.37571496038201
2019,vw_50,JP3201200007,OLYMPUS,JP,0.0023005768140955058,3.7889730256524623,1.9543708276271454
2019,vw_50,JP3293200006,COCA-COLA BOTTLERS JAPAN HOLDINGS,JP,0.002288357338622373,22.583581214991504,30.006218954181815
2019,vw_50,SGXE34184239,SEATRIUM,SG,0.002283881360512267,14.417053478796234,21.208108217898204
2019,vw_50,JP3634200004,TOYODA GOSEI,JP,0.002228045474904808,14.395518439546741,40.35808629292633
2019,vw_50,HK0066009694,MTR,HK,0.0021310061138158053,7.663864352860192,1.552948765840316
2019,vw_50,HK0006000050,POWER ASSETS HOLDINGS,HK,0.0019856369188266713,48856.64616207542,678.0267855517131
2019,vw_50,HK0293001514,CATHAY PACIFIC AIRWAYS,HK,0.001755250680842744,1302.138101731258,3043.2043315791475
2019,vw_50,JP3475350009,DAIICHI SANKYO,JP,0.0016854974237199016,11.919526032120087,3.8905943334507573
2019,vw_50,SG1P66918738,SINGAPORE PRESS HDG. DEAD - DELIST.13/05/22,SG,0.0016193036028572748,0.34085279437192695,0.08398618138294979
2019,vw_50,BMG8403G1033,SINOFERT HOLDINGS,HK,0.0015254866675147184,456.8405979070141,1903.7596694373708
2019,vw_50,JP3143000002,ITO EN,JP,0.001513577860417622,7.111777750480045,8.15690927292277
2019,vw_50,JP3695200000,NGK INSULATORS,JP,0.0014066297206367807,75.84757292507112,66.32564232239237
2019,vw_50,JP3942600002,YAMAHA,JP,0.0014046413970011066,5.492006384707059,2.6252200113361774
2019,vw_50,JP3358000002,SHIMANO,JP,0.0013972266190380547,3.2617512137680533,0.7976127716409813
2019,vw_50,AU000000SGM7,SIMS,AU,0.0013916054049068155,7.561292973011441,24.537140307829578
2019,vw_50,JP3546800008,TERUMO,JP,0.0011163588669435595,10.576882915343168,2.6345833812663764
2019,vw_50,JP3122400009,ADVANTEST,JP,0.0009725253778348974,1.7870739566046512,1.0346634359227187
2019,vw_50,JP3495000006,SUMITOMO PHARMA,JP,0.00094514565950763,19.642255727619755,8.784018739239977
2019,vw_50,JP3900000005,MITSUBISHI HEAVY INDS.,JP,0.0009432638795299666,4.877975583730655,14.2906011746887
2019,vw_50,JP3626800001,LIXIL,JP,0.0008429310055463176,33.760867968140204,123.84791998726632
2019,vw_50,JP3670800006,NISSAN CHEMICAL,JP,0.0008341207084659439,132.53063437010033,31.83555475434244
2019,vw_50,KYG217651051,CK HUTCHISON HOLDINGS,HK,0.0007861626462047425,254.93206128791653,231.32213698251434
2019,vw_50,KYG5427W1309,LEE & MAN PAPER MNFG.,HK,0.0007637092609426778,1331.559573527771,1400.7938867516384
2019,vw_50,JP3613400005,TOYO SEIKAN GROUP HDG.,JP,0.0007545316825806427,62.07885064810182,99.0114293148806
2019,vw_50,HK0014000126,HYSAN DEVELOPMENT,HK,0.0007430077133958583,0.08472234269380739,0.007597712003299578
2019,vw_50,JP3894900004,ISETAN MITSUKOSHI HDG.,JP,0.0007292934602452561,2.1810892702180062,6.1017768523251155
2019,vw_50,AU000000BPT9,BEACH ENERGY,AU,0.0007218363146997873,411.3589034061733,193.80050466868937
2019,vw_50,JP3786200000,HITACHI METALS DEAD - DELIST.29/12/22,JP,0.0007058812417221679,36.715822715633834,82.00140302978595
2019,vw_50,JP3538800008,TDK,JP,0.0007031715734955586,9.589826403674792,11.928275350715628
2019,vw_50,JP3633400001,TOYOTA MOTOR,JP,0.0006782752372477105,9.096974655890467,12.591973664441127
2019,vw_50,KYG210961051,CHINA MENGNIU DAIRY,HK,0.0006642525129030664,20.180457494815304,17.590385262942753
2019,vw_50,HK0688002218,CHINA OVERSEAS LAND INVESTMENT,HK,0.0006378304448678145,2.008452753212935,1.065112530334552
2019,vw_50,JP3347200002,SHIONOGI,JP,0.0006251926489241836,13.715318763752878,2.175608710845702
2019,vw_50,US89677Q1076,TRIP COM GROUP ADR 1:1,SG,0.0005964152106220868,0.009590179656032224,0.002418898147399078
2019,vw_50,NZAIAE0002S6,AUCKLAND INTL.AIRPORT,NZ,0.0005937304803923681,4.952786242794718,0.4040536122915986
2019,vw_50,SG9999000020,FLEX,SG,0.0005802525253679561,3.111893664986783,16.818326491638988
2019,vw_50,SG1U68934629,KEPPEL,SG,0.0005727856294144829,6.690021246316291,3.6332622182021965
2019,vw_50,JP3973400009,RICOH,JP,0.0005687399126638134,7.620648725042376,18.180723308353524
2019,vw_50,JP3402600005,SUMITOMO METAL MINING,JP,0.000551594241663677,212.121614085152,223.83427256904295
2019,vw_50,AU000000BSL0,BLUESCOPE STEEL,AU,0.0005462475732879207,950.7158425450763,1773.6390572251532
2019,vw_50,JP3421100003,JAPAN PETROLEUM EXP.,JP,0.0005385431160327927,279.21291234083674,661.2379991297344
2019,vw_50,HK0388045442,HONG KONG EXCHANGES AND CLEARING,HK,0.0005210835784397398,0.018129796155164683,0.0008499732773552953
2019,vw_50,SG1S83002349,UOL GROUP,SG,0.0005196203488122963,1.4852633499163344,0.6362544438923914
2019,vw_50,JP3197600004,ONO PHARM.,JP,0.0005136301526447806,3.65271802593276,0.8181213006923029
2019,vw_50,JP3165700000,NTT DATA GROUP DEAD - DELIST.26/09/25,JP,0.0004973474852572982,0.4587482635618913,0.5330129594835478
2019,vw_50,JP3600200004,TOHO GAS,JP,0.0004954489842585995,16.224831020295117,14.894683715423335
2019,vw_50,JP3551500006,DENSO,JP,0.00048800273960810747,13.700055331986437,19.00550793698168
2019,vw_50,JP3134800006,IHI,JP,0.0004627309097229356,5.8114432394555395,16.718193820083894
2019,vw_50,JP3481800005,DAIKIN INDUSTRIES,JP,0.00046262649017125927,30.88811799905697,22.16725029716966
2019,vw_50,AU000000SIG5,SIGMA HEALTHCARE,AU,0.00045206362642530773,1.5485696355924867,11.23843643412755
2019,vw_50,BMG2178K1009,CKI HOLDINGS,HK,0.00044554380036586333,9315.28439400259,397.21381573712733
2019,vw_50,BMG684371393,PACIFIC BASIN SHIP.,HK,0.00041459255219385594,897.5960528418004,1629.7768336417003
2019,vw_50,NZCENE0001S6,CONTACT ENERGY,NZ,0.0003756327558803534,612.1774194049136,329.50048794834436
2019,vw_50,JP3215800008,KANEKA,JP,0.0003679746985616413,200.93147227712186,418.7573789846517
2019,vw_50,JP3229400001,KANSAI PAINT,JP,0.0003550947307311322,12.145878880379135,10.08804302539776
2019,vw_50,JP3718800000,NISSUI,JP,0.0003444085352350967,32.374917617293754,110.39603699784689
2019,vw_50,HK0200030994,MELCO INTL.DEV.,HK,0.0003416535377220046,5.852518987834452,8.570614311069225
2019,vw_50,JP3621000003,TORAY INDS.,JP,0.00034108934019115805,153.12129903854165,276.4465840055189
2019,vw_50,AU000000BHP4,BHP GROUP,AU,0.00032934385990550645,222.86707663618972,123.74901241338905
2019,vw_50,JP3733000008,NEC,JP,0.00031848194514045436,1.955934893246578,5.941566974028497
2019,vw_50,JP3910660004,TOKIO MARINE HOLDINGS,JP,0.00030357244317332475,0.3073144525766516,0.43071975863391204
2019,vw_50,BMG668971101,CTF SERVICES,HK,0.0002942317947349646,100.31185684238037,44.77787736394056
2019,vw_50,JP3802300008,FAST RETAILING,JP,0.00027533929799674803,0.6232983814773667,0.2495111752392375
2019,vw_50,JP3126400005,ALPS ALPINE,JP,0.00026509021841721335,2.487276038468001,4.277052218371718
2019,vw_50,JP3778630008,BANDAI NAMCO HDG.,JP,0.00024983296756544114,0.930125036545483,0.6412145996106464
2019,vw_50,JP3198900007,ORIENTAL LAND,JP,0.00021856316745348499,13.18220011770429,1.6298688717916228
2019,vw_50,AU000000IVC8,INVOCARE DEAD - DELIST.27/11/23,AU,0.00021765773179551753,15.647344393464799,5.55646014817227
2019,vw_50,JP3242800005,CANON,JP,0.00019375266643841167,4.193072408048073,3.9516755444430474
2019,vw_50,JP3592200004,TOSHIBA DEAD - DELIST.20/12/23,JP,0.00017900046965372868,9.800564564404251,18.582707806595547
2019,vw_50,AU000000NCM7,NEWCREST MINING DEAD - DELIST.08/11/23,AU,0.00017851640856779804,395.33076051246,99.80152506977407
2019,vw_50,JP3818000006,FUJITSU,JP,0.00014948322395815335,4.035808548710068,10.675032406348375
2019,vw_50,JP3788600009,HITACHI,JP,0.00014282770008595502,21.580602320611792,62.48627891535849
2019,vw_50,JP3635400009,TOYOTA BOSHOKU,JP,0.00012971865361033208,4.495565884686224,19.80936466255158
2019,vw_50,HK0242001243,SHUN TAK HOLDINGS,HK,0.00012177216210605239,399.624772178857,280.86142416104013
2019,vw_50,HK0000139300,TELEVISION BROADCASTS,HK,0.00011853776316173858,1.3425239492307854,0.9373944540982403
2019,vw_50,JP3352400000,CITIZEN WATCH,JP,0.00011749782164675168,7.46757779318406,13.049564955432297
2019,vw_50,JP3738600000,NITERRA,JP,0.00011235167916709916,18.147885331253274,15.991568496838186
2019,vw_50,SG1T75931496,SINGAPORE TELECOM,SG,0.00011152055303423305,0.5192582194938528,0.18207088940479899
2019,vw_50,JP3386030005,JFE HOLDINGS,JP,0.00010225495458230045,1449.291346411613,4993.207137899397
2019,vw_50,JP3164800009,NOK,JP,9.34388488979009e-05,7.2709638484516175,16.662319974499407
2019,vw_50,JP3684000007,NITTO DENKO,JP,9.313596357849862e-05,48.302382987054564,38.364584274574
2019,vw_50,SG1R89002252,CITY DEVELOPMENTS,SG,9.198800118313021e-05,0.12850162944541318,0.06593687774121908
2019,vw_50,JP3143600009,ITOCHU,JP,8.789856874127066e-05,13.11791510475013,42.592987818790554
2019,vw_50,JP3942800008,YAMAHA MOTOR,JP,8.712181773445768e-05,10.187912921575094,21.015591077405208
2019,vw_50,JP3619800000,TOYOBO,JP,7.865913098175156e-05,228.4924621658056,541.9039247907671
2019,vw_50,AU0000038911,OVATO DEAD - DELIST.29/08/22,AU,7.570664025162838e-05,49.31861402858112,364.963503649635
2019,vw_50,JP3190000004,OBAYASHI,JP,7.501869019577998e-05,6.93524772259183,18.68901537010402
2019,vw_50,AU000000CSL8,CSL,AU,6.901525954998124e-05,6.836701792259466,0.8664357860836174
2019,vw_50,JP3613000003,TOYO SUISAN KAISHA,JP,6.315979611404514e-05,46.577996985706584,42.86776161044303
2019,vw_50,SGXE21576413,GENTING SINGAPORE,SG,5.483541743949997e-05,2.5897812081393123,0.49431366799613236
2019,vw_50,JP3766550002,HAKUHODO DY HDG.,JP,5.375464156423667e-05,0.03324894725043054,0.07263861869734743
2019,vw_50,AU000000AMP6,AMP,AU,5.018129391035457e-05,0.012535242835231252,0.015705655082873506
2019,vw_50,JP3625000009,TOKUYAMA,JP,4.5021655074688404e-05,2281.350641544488,3934.943832800231
2019,vw_50,AU000000FLT9,FLIGHT CENTRE TRAVEL GP.,AU,4.2905148972551136e-05,23.919946091275783,17.029862268961534
2019,vw_50,HK0823032773,LINK REAL ESTATE INVESTMENT TRUST,HK,4.043379174795149e-05,1.2375536329905505,0.1192707445902198
2019,vw_50,AU000000STO6,SANTOS,AU,3.799150402572895e-05,1584.3700131750015,601.6573958451584
2019,vw_50,JP3249600002,KYOCERA,JP,3.753400040551674e-05,8.161144115995851,5.897100867685206
2019,vw_50,JP3720800006,NSK,JP,3.5408544324354576e-05,15.221917331267726,27.220951698146486
2019,vw_50,JP3742600004,NHK SPRING,JP,3.418254561329995e-05,15.185092035893762,42.17759403187044
2019,vw_50,JP3903000002,MITSUBISHI MATERIALS,JP,3.1130908017733765e-05,622.3768047722656,2672.700391266347
2019,vw_50,HK0144000764,CHINA MERCHANTS PORT HOLDINGS,HK,2.9139427331877566e-05,26.493344805055383,5.155368929820975
2019,vw_50,JP3493400000,DIC,JP,2.8136896816399303e-05,36.7499711455554,89.77963689680452
2019,vw_50,JP3870400003,MARUI GROUP,JP,2.455033926157208e-05,6.61175035248957,3.3630635062313163
2019,vw_50,AU000000TCL6,TRANSURBAN GROUP STAPLED UNITS,AU,2.2435840137124174e-05,1.2341938255389004,0.1433188817663577
2019,vw_50,KYG525621408,KINGBOARD HOLDINGS,HK,2.222922891385429e-05,727.3265316289151,1123.083920357852
2019,vw_50,AU000000OZL8,OZ MINERALS DEAD - DELIST.03/05/23,AU,2.1577163413736885e-05,95.31757104317545,33.92545891195827
2019,vw_50,JP3902900004,MITSUBISHI UFJ FINL.GP.,JP,1.899815240886784e-05,0.189527781568626,0.1510508704909846
2019,vw_50,AU000000IRE2,IRESS,AU,1.752295615108169e-05,0.3143497704653563,0.07199228460044281
2019,vw_50,JP3891600003,MITSUI E&S,JP,1.5718318253875938e-05,20.928939020324357,139.89893974999725
2019,vw_50,AU000000MQG1,MACQUARIE GROUP,AU,1.091365828759547e-05,0.052614603668708126,0.019786273472727454
2019,vw_50,JP3898400001,MITSUBISHI,JP,1.071168898331005e-05,48.766725014739364,138.7241355979872
2019,vw_50,JP3733400000,NIPPON ELEC.GLASS,JP,1.0056700725528073e-05,363.8236223867704,374.1951433291007
2019,vw_50,HK0002007356,CLP HOLDINGS,HK,8.192949971238511e-06,3282.525779349896,1313.2696723470287
2019,vw_50,NZTELE0001S4,SPARK NEW ZEALAND,NZ,8.01420670329026e-06,1.440182236545406,0.685144692771332
2019,vw_50,JP3935600001,YAMAZAKI BAKING,JP,7.352118966218817e-06,40.77915229330596,92.03468892275144
2019,vw_50,JP3638600001,DOWA HDG.,JP,7.333517263337267e-06,283.6339763240321,599.2390777008911
2019,vw_50,AU000000GPT8,GPT GROUP STAPLED UNITS,AU,7.257677548417332e-06,18.554156420346036,1.3383470166207037
2019,vw_50,SG1M51904654,CAPITALAND INTEG. COML. TST.,SG,6.180636548202368e-06,0.03303169886982042,0.0031025260767316752
2019,vw_50,SG1T58930911,FRASER AND NEAVE,SG,6.1347189484502484e-06,38.83476872854531,28.95751979614763
2019,vw_50,JP3726800000,JAPAN TOBACCO,JP,6.035146026309896e-06,18.183139625277402,7.316711456729344
2019,vw_50,JP3914400001,MURATA MANUFACTURING,JP,5.894921196151572e-06,21.949512041945518,9.057342558275435
2019,vw_50,AU000000RHC8,RAMSAY HEALTH CARE,AU,5.769120674969643e-06,2.1869425536010967,1.8836615543502613
2019,vw_50,AU000000WES1,WESFARMERS,AU,4.333729411012153e-06,126.45793938988268,94.65726730641173
2019,vw_50,AU000000TLS2,TELSTRA GROUP,AU,4.241634762404166e-06,2.5381914358999125,1.7755596864747671
2019,vw_50,JP3194000000,OKI ELECTRIC IND.,JP,3.923109839841277e-06,2.575807515656158,9.292590286987666
2019,vw_50,JP3463000004,TAKEDA PHARMACEUTICAL,JP,3.911558559596802e-06,11.979094282506248,3.098230118294962
2019,vw_50,JP3456000003,TAKASHIMAYA,JP,3.868152717775091e-06,1.448138862134392,5.107740414318316
2019,vw_50,JP3266400005,KUBOTA,JP,3.712163485346718e-06,18.324581178397068,16.11062490515519
2019,vw_50,JP3407400005,SUMITOMO ELECTRIC IND.,JP,3.7023970774536533e-06,6.667954873649324,17.360029969033796
2019,vw_50,JP3351100007,SYSMEX,JP,3.6653685237740275e-06,1.6902890291613817,0.3749436151242153
2019,vw_50,BMG988031446,YUE YUEN INDL.HDG.,HK,2.9122969524946334e-06,2.7879457486408765,4.862832113422858
2019,vw_50,HK0003000038,HONG KONG AND CHINA GAS,HK,2.6680588955655897e-06,162.06723078915897,24.067919848756834
2019,vw_50,BMG8063F1068,SHANGRI-LA ASIA,HK,2.5610575746220445e-06,60.36134183144007,32.13177556246958
2019,vw_50,AU000000CIM7,CIMIC GROUP DEAD - DELIST.11/05/22,AU,2.4050945519575787e-06,246.51350447584855,251.0730656936394
2019,vw_50,JP3371200001,SHIN-ETSU CHEMICAL,JP,2.401564318578104e-06,116.87445189258742,47.587795414006806
2019,vw_50,JP3274400005,GLORY,JP,2.3873411547373875e-06,1.4648908985998752,1.8708117277638083
2019,vw_50,JP3243600008,CANON MARKETING JAPAN,JP,2.358328811121045e-06,1.2801078281892941,2.565404593396596
2019,vw_50,JP3491000000,DAIDO STEEL,JP,2.3314745531955786e-06,81.3350692958871,231.41905761072846
2019,vw_50,JP3830800003,BRIDGESTONE,JP,1.9173622243335466e-06,54.146494825009434,61.86625180557358
2019,vw_50,JP3486800000,DAITO TST.CONSTRUCTION,JP,1.7851383716920622e-06,2.672341783908056,3.697715019502412
2019,vw_50,AU000000SUN6,SUNCORP GROUP,AU,1.7709852559708483e-06,0.26032946742331714,0.22169467325734146
2019,vw_50,JP3320800000,SAPPORO HOLDINGS,JP,1.7334289978130998e-06,25.036111059296164,66.99586090858104
2019,vw_50,AU0000224040,WOODSIDE ENERGY GROUP,AU,1.6921395687838964e-06,1729.7994548000859,384.03625580290077
2019,vw_50,AU000000CWY3,CLEANAWAY WASTE MANAGEMENT,AU,1.678483233898698e-06,516.4125042095243,291.99433253619003
2019,vw_50,JP3769000005,HACHIJUNI NAGANO BANK,JP,1.567614140849499e-06,1.9400861947550774,1.2761128352401685
2019,vw_50,JP3502200003,DAIWA SECURITIES GROUP,JP,1.5068251626473103e-06,0.14031741463974395,0.1105688085859491
2019,vw_50,JP3505000004,DAIWA HOUSE INDUSTRY,JP,1.2493285970295453e-06,7.253522824395991,12.632299478112555
2019,vw_50,AU000000SHL7,SONIC HEALTHCARE,AU,1.1718547303740136e-06,2.002713430717841,1.0890569644582506
2019,vw_50,JP3566800003,CENTRAL JAPAN RAILWAY,JP,1.045733102203072e-06,4.185487852505766,1.5882549663726158
2019,vw_50,JP3401400001,SUMITOMO CHEMICAL,JP,1.038611977815383e-06,288.5722075226706,718.1245641226625
2019,vw_50,AU000000CGF5,CHALLENGER,AU,1.0285837311436785e-06,0.0028178817137793004,0.0012507230742773165
2020,vw,JP3633400001,TOYOTA MOTOR,JP,0.04154220590816614,10.451421977282129,12.92205054306236
2020,vw,AU000000CBA7,COMMONWEALTH BK.OF AUS.,AU,0.01829812751848336,0.4835959213629637,0.12499119393831626
2020,vw,JP3735400008,NTT,JP,0.018256402371579057,2.27477966165728,2.5003365452989974
2020,vw,AU000000CSL8,CSL,AU,0.01727971038701885,6.418713162922524,0.5852126115045426
2020,vw,JP3435000009,SONY GROUP,JP,0.016470866624910603,2.3658220560279766,2.084083224537907
2020,vw,JP3436100006,SOFTBANK GROUP,JP,0.01580218334992887,0.18038843589927808,0.18259803624206472
2020,vw,AU000000BHP4,BHP GROUP,AU,0.013775356768173598,217.79976768932278,127.2453839748754
2020,vw,JP3496400007,KDDI,JP,0.013055021004097877,0.5250396934931375,0.35201570916780717
2020,vw,JP3902900004,MITSUBISHI UFJ FINL.GP.,JP,0.012886614060529489,0.17479709853980382,0.1529528182707986
2020,vw,JP3463000004,TAKEDA PHARMACEUTICAL,JP,0.01109095012421119,11.184380559128343,5.482127605492269
2020,vw,AU000000WBC1,WESTPAC BANKING,AU,0.010954613042371632,0.30519165404914456,0.1265747885489319
2020,vw,JP3519400000,CHUGAI PHARM.,JP,0.010876309921201005,6.776080567092561,0.7180281798906447
2020,vw,JP3802300008,FAST RETAILING,JP,0.01026204535260541,0.6239330785071723,0.23176657515332785
2020,vw,AU000000NAB4,NATIONAL AUS.BANK,AU,0.009188272835236039,0.7431992605573048,0.3294565209399338
2020,vw,JP3475350009,DAIICHI SANKYO,JP,0.009024258973387052,10.381105049369761,1.9005746196179993
2020,vw,JP3890350006,SUMITOMO MITSUI FINL.GP.,JP,0.008921032508297127,0.27404561880963546,0.2768394132871047
2020,vw,JP3371200001,SHIN-ETSU CHEMICAL,JP,0.008919250443559748,131.60476623720805,38.69074609474238
2020,vw,JP3756600007,NINTENDO,JP,0.008854860573719894,0.05085532719084927,0.011825659061403523
2020,vw,AU000000ANZ3,ANZ GROUP HOLDINGS,AU,0.008768844910079296,0.4789871762810046,0.24491334228003453
2020,vw,JP3198900007,ORIENTAL LAND,JP,0.008561077341978432,10.951329343960616,1.1090435032978048
2020,vw,JP3854600008,HONDA MOTOR,JP,0.008547797673090149,8.684441874907968,26.487508576398948
2020,vw,SG1L01001701,DBS GROUP HOLDINGS,SG,0.008518652880735585,0.06454165858269381,0.02126250404566294
2020,vw,HK0388045442,HONG KONG EXCHANGES AND CLEARING,HK,0.007719723679615012,0.09493830154234706,0.003926268462627009
2020,vw,JP3726800000,JAPAN TOBACCO,JP,0.007694214226289262,16.98471491631534,8.066444358064928
2020,vw,JP3481800005,DAIKIN INDUSTRIES,JP,0.007677604141334401,29.20407420215383,16.338217754910087
2020,vw,JP3566800003,CENTRAL JAPAN RAILWAY,JP,0.007475243021683722,4.136636152080652,1.7830815361662673
2020,vw,JP3898400001,MITSUBISHI,JP,0.0074725662728056495,48.767534404362486,168.2020832875186
2020,vw,HK0016000132,SUN HUNG KAI PROPERTIES,HK,0.00735640340539571,3.821275503326789,1.0610705022400377
2020,vw,JP3910660004,TOKIO MARINE HOLDINGS,JP,0.007157447563137668,0.35415269464244664,0.44586893932784455
2020,vw,JP3914400001,MURATA MANUFACTURING,JP,0.007093190982975918,20.81591125629992,7.542227464313423
2020,vw,HK0011000095,HANG SENG BANK DEAD - DELIST.28/01/26,HK,0.007064497184463702,0.019330171827464975,0.0037352558580478717
2020,vw,SG1T75931496,SINGAPORE TELECOM,SG,0.007059465042643806,0.47379676688691513,0.1521083468711745
2020,vw,JP3205800000,KAO,JP,0.007044010743527839,44.577001523650594,15.967405755368459
2020,vw,JP3734800000,NIDEC,JP,0.006935491034919818,4.455828367240749,1.6322554743084305
2020,vw,JP3143600009,ITOCHU,JP,0.006734776864442416,11.636304323495507,32.60156302104542
2020,vw,JP3837800006,HOYA,JP,0.006729686294270473,3.91643813006864,0.5697681043815167
2020,vw,JP3571400005,TOKYO ELECTRON,JP,0.0066791110779173156,2.710655441326169,0.7654432969173685
2020,vw,JP3788600009,HITACHI,JP,0.0066610092440993005,18.395212041308625,41.93967430142345
2020,vw,HK0688002218,CHINA OVERSEAS LAND INVESTMENT,HK,0.006528517478178717,0.9180002159557886,0.6141739947096014
2020,vw,AU000000WOW2,WOOLWORTHS GROUP,AU,0.006448140150510485,11.535481980847672,13.517605626823405
2020,vw,JP3242800005,CANON,JP,0.0064337905124253756,3.706483893249972,3.4769021021927804
2020,vw,HK2388011192,BOC HONG KONG HOLDINGS,HK,0.006424308686420035,0.0384334923995172,0.01787713434936468
2020,vw,HK0066009694,MTR,HK,0.006325599463297608,6.731963501230996,1.3634684216603163
2020,vw,AU000000WES1,WESFARMERS,AU,0.006250188545553221,130.1950447271667,73.29393628405138
2020,vw,KYG217651051,CK HUTCHISON HOLDINGS,HK,0.006204605301527928,231.3105233942915,262.03516400471557
2020,vw,AU000000MQG1,MACQUARIE GROUP,AU,0.006145552496470206,0.04237772626707403,0.01417199874502049
2020,vw,JP3783600004,EAST JAPAN RAILWAY,JP,0.006051282002217218,50.47033121407211,42.2429561379317
2020,vw,HK0003000038,HONG KONG AND CHINA GAS,HK,0.005911871954237279,321.5855198567587,51.94869371581409
2020,vw,JP3942400007,ASTELLAS PHARMA,JP,0.0058975880480482195,5.975342966127615,2.1949933544624174
2020,vw,JP3551500006,DENSO,JP,0.0058905693422587856,14.643907137773997,22.038700702355722
2020,vw,JP3902400005,MITSUBISHI ELECTRIC,JP,0.005712576497182974,6.393396957524731,8.470079842488477
2020,vw,JP3893600001,MITSUI,JP,0.005669598792481699,50.22393815432174,106.21160778867947
2020,vw,AU000000TLS2,TELSTRA GROUP,AU,0.005568797104001653,2.2192124931591066,1.2100337222512758
2020,vw,KYG2108Y1052,CHINA RESOURCES LAND,HK,0.005481141794731786,24.292159766259147,17.475352342576787
2020,vw,JP3162600005,SMC,JP,0.005410983951013465,10.467656920267164,1.7178091732568828
2020,vw,AU000000TCL6,TRANSURBAN GROUP STAPLED UNITS,AU,0.005265838795103087,1.5078421751294442,0.14608228666455617
2020,vw,JP3899600005,MITSUBISHI ESTATE,JP,0.005008516680923855,10.579180902107336,4.31455953768436
2020,vw,JP3546800008,TERUMO,JP,0.00496241488527416,10.553809756009464,2.2361738045162802
2020,vw,JP3893200000,MITSUI FUDOSAN,JP,0.0048297825261314695,5.9110993394346485,3.931691398517752
2020,vw,HK0002007356,CLP HOLDINGS,HK,0.004768732201788201,4088.807021090376,1727.0122248190476
2020,vw,JP3814000000,FUJIFILM HOLDINGS,JP,0.004741020729944745,29.15738608870248,24.378417744407116
2020,vw,HK0000049939,CHINA UNICOM (HONG KONG),HK,0.0047037982179199255,4.70966937037796,7.763453774261278
2020,vw,JP3830800003,BRIDGESTONE,JP,0.004672617562673784,46.375066987920896,58.77075342230225
2020,vw,JP3351600006,SHISEIDO,JP,0.004581925804983565,2.4947996186322947,1.0348183210024922
2020,vw,JP3188220002,OTSUKA HOLDINGS,JP,0.00454413909418431,28.69538034391167,14.808952835802664
2020,vw,JP3249600002,KYOCERA,JP,0.004498700095153128,11.02540332140791,6.611576621094265
2020,vw,JP3866800000,PANASONIC HOLDINGS,JP,0.004431691904787247,5.5237543887822005,16.06825464969969
2020,vw,JP3160400002,EISAI,JP,0.004323606757047562,8.12590694959989,2.088599843746701
2020,vw,JP3672400003,NISSAN MOTOR,JP,0.004182555237552352,7.917226849520452,33.39282027014461
2020,vw,JP3818000006,FUJITSU,JP,0.00415475794906683,2.4296789472508324,3.823377536558301
2020,vw,JP3397200001,SUZUKI MOTOR,JP,0.004144585938152955,15.747623475630046,23.349005068055742
2020,vw,JP3201200007,OLYMPUS,JP,0.004111252563311145,3.753309359052422,1.2387815502245467
2020,vw,JP3200450009,ORIX,JP,0.004093698495293554,53.27976558823628,50.782726756150886
2020,vw,JP3116000005,ASAHI GROUP HOLDINGS,JP,0.004078191245483548,24.093634420155727,20.729415757310925
2020,vw,HK0012000102,HENDERSON LD.DEV.,HK,0.003983035196519873,0.28650598563037577,0.04089068343368054
2020,vw,JP3304200003,KOMATSU,JP,0.003949081020437584,5.491109379123695,5.918172024615897
2020,vw,JP3951600000,UNI CHARM,JP,0.003931159949333709,4.7679842777978685,1.45498289607829
2020,vw,AU0000224040,WOODSIDE ENERGY GROUP,AU,0.0038821641243717737,1955.4665419034943,431.28971616245275
2020,vw,JP3505000004,DAIWA HOUSE INDUSTRY,JP,0.0038572206957064614,6.8466822420575495,12.984492454509306
2020,vw,HK0823032773,LINK REAL ESTATE INVESTMENT TRUST,HK,0.0038051537304901483,1.9666609192933437,0.16036437550023896
2020,vw,JP3421800008,SECOM,JP,0.0037655685219794995,7.070051297290416,3.320179564413739
2020,vw,JP3258000003,KIRIN HOLDINGS,JP,0.00370431004663207,19.991445677194264,17.596834344288716
2020,vw,JP3165700000,NTT DATA GROUP DEAD - DELIST.26/09/25,JP,0.003648868844085144,0.4366286138827652,0.4532103021902413
2020,vw,JP3890310000,MS&AD INSURANCE GP.HDG.,JP,0.0036381764556608657,0.47730460689330645,1.2005697210715494
2020,vw,JP3266400005,KUBOTA,JP,0.0035630229878426778,16.476008299152223,14.91241645715832
2020,vw,JP3814800003,SUBARU,JP,0.0035475613851827063,9.268376256986352,14.258597599702718
2020,vw,JP3347200002,SHIONOGI,JP,0.0034659150667434918,13.42101963429451,2.2893146701366027
2020,vw,JP3404600003,SUMITOMO,JP,0.0034427244886395367,15.824043983489688,42.0045727705357
2020,vw,JP3933800009,LY,JP,0.003434301676515015,0.4538503419049102,0.22345733097417403
2020,vw,BMG2178K1009,CKI HOLDINGS,HK,0.0033614342179705977,9655.811994900696,454.6207253931041
2020,vw,US89677Q1076,TRIP COM GROUP ADR 1:1,SG,0.0032802188086277165,0.006577118552755358,0.001892560456173866
2020,vw,JP3388200002,AEON,JP,0.003278964424944745,2.7285847092549584,11.972239994966092
2020,vw,JP3756100008,NITORI HOLDINGS,JP,0.003261945341525568,6.472821171273371,2.136691855583543
2020,vw,JP3762600009,NOMURA HDG.,JP,0.0032583666049627973,0.14699549360083797,0.15768769542851377
2020,vw,JP3409000001,SUMITOMO REAL.&DEV.,JP,0.0032393007033360353,4.534856911348435,2.3924833915601056
2020,vw,JP3634600005,TOYOTA INDS.,JP,0.0032015833762048325,11.570087488793124,13.411914059269744
2020,vw,JP3659000008,WEST JAPAN RAILWAY,JP,0.00286238853372221,11.373483861798062,10.357020063520983
2020,vw,HK0291001490,CHINA RESOURCES BEER HOLDINGS,HK,0.002821516075580565,30.29975110918732,9.512802160894488
2020,vw,HK0006000050,POWER ASSETS HOLDINGS,HK,0.0028018658904333505,37478.094008770466,423.8341009980945
2020,vw,AU000000ALL7,ARISTOCRAT LEISURE,AU,0.0027783028315851066,4.517191991188419,0.8740690015043188
2020,vw,AU000000NCM7,NEWCREST MINING DEAD - DELIST.08/11/23,AU,0.0027681125618112166,377.3724761561698,90.93940917048253
2020,vw,JP3351100007,SYSMEX,JP,0.0027642763753222468,1.4670498033479418,0.2703547109291866
2020,vw,IE00BKVD2N49,SEAGATE TECHNOLOGY HOLDINGS,SG,0.0027611778467778476,31.130347459329183,20.49912712267894
2020,vw,JP3762800005,NOMURA RESEARCH INST.,JP,0.0027367931392289677,0.20717569597049487,0.06671625908592053
2020,vw,JP3420600003,SEKISUI HOUSE,JP,0.0027290550343549765,3.195784804853452,4.750285518921859
2020,vw,KYG210961051,CHINA MENGNIU DAIRY,HK,0.0027013289554235096,18.178459495016245,14.194349026875985
2020,vw,JP3592200004,TOSHIBA DEAD - DELIST.20/12/23,JP,0.00267474953290093,9.925151947873102,21.844419945320688
2020,vw,JP3111200006,ASAHI KASEI,JP,0.0026338935077332977,148.2074234608058,205.2923026157533
2020,vw,JP3358000002,SHIMANO,JP,0.002616295618451672,5.526336818332414,1.288653498416837
2020,vw,JP3538800008,TDK,JP,0.002561849523775517,8.82383755662255,7.935515782511518
2020,vw,JP3173400007,OBIC,JP,0.0025277109332070852,0.4126246642266795,0.02167042889390519
2020,vw,JP3294460005,INPEX,JP,0.0025150557173312872,622.0902198775028,553.9245152616005
2020,vw,JP3381000003,NIPPON STEEL,JP,0.0024149789055938026,1407.331806519695,5949.718516233515
2020,vw,HK0270001396,GUANGDONG INVESTMENT,HK,0.002409658273785683,1455.209579974441,236.93787394295757
2020,vw,JP3256000005,KYOWA KIRIN,JP,0.0023771921947945457,6.108764806689676,1.3199543142958312
2020,vw,JP3778630008,BANDAI NAMCO HDG.,JP,0.002361007541278015,0.9260498061512389,0.48496800262939116
2020,vw,HK0000608585,NEW WORLD DEVELOPMENT COMPANY,HK,0.0023486974178564836,4.595177207941776,2.7575285715285234
2020,vw,JP3197600004,ONO PHARM.,JP,0.0022934789734017306,3.776524005044838,0.8040818698645241
2020,vw,JP3877600001,MARUBENI,JP,0.002293190483413507,12.116760616727786,61.56363436584595
2020,vw,JP3900000005,MITSUBISHI HEAVY INDS.,JP,0.0022716395509388213,4.983517084587552,14.869828715648687
2020,vw,JP3197800000,OMRON,JP,0.0022412531561032947,5.405336595121996,2.801982585573138
2020,vw,JP3733000008,NEC,JP,0.0021852550583259384,0.9253716586208567,2.1724254043426785
2020,vw,AU000000QBE9,QBE INSURANCE GROUP,AU,0.0021768085096833985,0.4666215942665178,0.5506658737301762
2020,vw,JP3635000007,TOYOTA TSUSHO,JP,0.0021437855354618303,6.8192892949485975,35.88608193290731
2020,vw,AU000000STO6,SANTOS,AU,0.0021009612051846737,1318.174246747821,461.47709170358047
2020,vw,JP3027670003,NIPPON BUILDING FUND,JP,0.0020656485699173323,18.059733457258957,1.1404447752301972
2020,vw,JP3967200001,RAKUTEN GROUP,JP,0.002040845734474129,0.23265549020081738,0.24200857273990384
2020,vw,JP3574200006,TOKYU,JP,0.0020108920746209373,13.743666297553926,13.432196156626025
2020,vw,AU000000ASX7,ASX,AU,0.002001335387289538,0.049745656338772544,0.002747949529691905
2020,vw,AU000000IAG3,INSURANCE AUS.GROUP,AU,0.0019805586304794515,1.1453816991723087,0.6223777577622057
2020,vw,JP3228600007,KANSAI ELECTRIC PWR.,JP,0.001979532482546657,881.3949286034365,2456.4889143466444
2020,vw,JP3429800000,ANA HOLDINGS,JP,0.0019755045780275385,649.1721932046732,1143.629562740366
2020,vw,JP3621000003,TORAY INDS.,JP,0.0019693969893528097,157.63858173529223,304.0984685675293
2020,vw,JP3862400003,MAKITA,JP,0.0019659150247481137,0.9880207948185354,0.4194332450071562
2020,vw,JP3407400005,SUMITOMO ELECTRIC IND.,JP,0.001944236280253329,11.484175134291565,31.27294993134977
2020,vw,AU000000SUN6,SUNCORP GROUP,AU,0.0019408163957726813,0.21129859150751706,0.20104520930057526
2020,vw,AU000000RHC8,RAMSAY HEALTH CARE,AU,0.0019400933449161212,6.519364369016399,5.227429511486059
2020,vw,JP3526600006,CHUBU ELEC.POWER,JP,0.0019351579750543,2.092807793951074,5.661199834692965
2020,vw,JP3122400009,ADVANTEST,JP,0.00191393752794587,1.792977531350092,0.4273895655890344
2020,vw,JP3774200004,HANKYU HANSHIN HDG.,JP,0.001892001333524886,17.64846483837123,12.512521593113364
2020,vw,JP3102000001,AISIN,JP,0.0018460985594493458,17.579163131259037,62.39963602915722
2020,vw,JP3260800002,KINTETSU GROUP HDG.,JP,0.0018317379660482268,4.700455666768259,5.311476717121626
2020,vw,AU000000SHL7,SONIC HEALTHCARE,AU,0.0018288457626219874,1.7390656305283043,0.7641612945415482
2020,vw,JP3027680002,JAPAN REAL ESTATE INV.,JP,0.001812410962723263,5.114518664485662,0.3231851060828917
2020,vw,JP3573000001,TOKYO GAS,JP,0.0018068748763669764,188.65962478881906,350.3478215176417
2020,vw,JP3942600002,YAMAHA,JP,0.0017727545446585588,5.87932907141621,2.3689335987912257
2020,vw,JP3119600009,AJINOMOTO,JP,0.0017663383812495913,98.99122856719717,104.74763460745285
2020,vw,JP3551520004,DENTSU GROUP,JP,0.001758412210117454,0.3672493655352239,0.367583687591247
2020,vw,JP3711600001,NIPPON SANSO HOLDINGS,JP,0.0017370767321909354,134.78460315207957,111.52443709590786
2020,vw,HK0083000502,SINO LAND,HK,0.001724091030948881,4.666387497851438,0.428393358107872
2020,vw,AU000000ORG5,ORIGIN ENERGY (EX BORAL),AU,0.0017031335114246545,1733.7677965894336,1716.8200983949973
2020,vw,AU000000COH5,COCHLEAR,AU,0.0016950083187183636,0.5522433031855251,0.06021623985668751
2020,vw,AU000000DXS1,DEXUS STAPLED UNITS,AU,0.0016915683494917004,28.06484164349426,1.8672613464272259
2020,vw,SG1F60858221,SINGAPORE TECHS.ENGR.,SG,0.0016874126329524829,5.9130064576987,3.6790126395725418
2020,vw,JP3493800001,DAI NIPPON PRINTING,JP,0.0016637272397421442,18.91561727628445,26.778198595461536
2020,vw,AU000000MGR9,MIRVAC GROUP STAPLED UNITS,AU,0.001654426176450943,4.819222603879548,0.8229821376345747
2020,vw,AU000000APA1,APA GROUP,AU,0.001648733063898535,789.6395156276781,146.43219041016548
2020,vw,JP3443600006,TAISEI,JP,0.001644319897433118,17.551546659276983,30.980723105623166
2020,vw,JP3684000007,NITTO DENKO,JP,0.0016265613301833684,49.98106816305303,38.55611707680668
2020,vw,JP3486800000,DAITO TST.CONSTRUCTION,JP,0.0016221171236559275,2.5037704849439244,4.048063935164341
2020,vw,SG1U68934629,KEPPEL,SG,0.0016159456289711494,7.590695323289675,4.750853088065806
2020,vw,JP3973400009,RICOH,JP,0.0015676874619537852,7.359913000009374,15.909805611525874
2020,vw,JP3502200003,DAIWA SECURITIES GROUP,JP,0.0015544315295835216,0.13405190094244046,0.10195811260028427
2020,vw,JP3906000009,MINEBEA MITSUMI,JP,0.001553717608156969,7.782128243906513,7.885406592011884
2020,vw,JP3357200009,SHIMADZU,JP,0.001546530920855405,0.8317569229208087,0.3541900087721059
2020,vw,JP3137200006,ISUZU MOTORS,JP,0.0015276037865647506,6.616849402532178,15.125675770973551
2020,vw,SG1B51001017,JARDINE CYC.& CARR.,SG,0.0015257012133512774,164.37130124066712,364.2314757747473
2020,vw,JP3402600005,SUMITOMO METAL MINING,JP,0.0015078403964854483,247.48228489197712,235.28329052703216
2020,vw,JP3675600005,NISSIN FOODS HOLDINGS,JP,0.001494827306953373,59.73222560626446,31.025325949142896
2020,vw,JP3419400001,SEKISUI CHEMICAL,JP,0.0014851391558298721,20.269883943440906,26.064078290589883
2020,vw,JP3358800005,SHIMIZU,JP,0.001476687129529328,11.871061323978031,23.671068103779778
2020,vw,JP3982800009,ROHM,JP,0.0014632613897609332,38.32295084828339,16.16575035126117
2020,vw,JP3190000004,OBAYASHI,JP,0.0014590582001856789,13.686648415334146,32.38659685444552
2020,vw,HK0019000162,SWIRE PACIFIC 'A',HK,0.001444754209250604,20.495943798308303,28.561968096534397
2020,vw,JP3283650004,KOSE HOLDINGS,JP,0.0014370033231746028,2.3671518959338083,0.924503536772395
2020,vw,AU000000GPT8,GPT GROUP STAPLED UNITS,AU,0.0014288452645202863,12.923055037165014,0.8822450734714375
2020,vw,JP3112000009,AGC,JP,0.0014287119748421831,463.2591256999105,826.7346218925564
2020,vw,AU000000SGP0,STOCKLAND STAPLED UNITS,AU,0.0014283248870098836,10.904817763838198,2.6880950676497957
2020,vw,HK0000055878,CHINA TAIPING INSURANCE HLDGS,HK,0.0014006882764924858,0.15351604437813923,0.6384488638141224
2020,vw,JP3336000009,SANTEN PHARM.,JP,0.0013859241622850547,6.838921403373855,2.0151717559766125
2020,vw,JP3596200000,TOTO,JP,0.0013673786381686959,32.80969421905807,24.30279682461259
2020,vw,SGXE21576413,GENTING SINGAPORE,SG,0.001363615487119782,2.490895679744191,0.6045601105481345
2020,vw,HK0004000045,WHARF HOLDINGS,HK,0.0013633434301055715,7.836833300649172,2.2799745538554257
2020,vw,SG1V61937297,SINGAPORE AIRLINES,SG,0.001359249793690402,1320.7818744283077,2187.3419098830923
2020,vw,JP3108600002,ACOM,JP,0.0013459135223360763,0.0,0.0
2020,vw,JP3359600008,SHARP,JP,0.0013422580985612462,11.490639118923326,34.27979111092369
2020,vw,JP3277800003,KEIO,JP,0.0013408193003921322,24.677844413319953,13.738750086812766
2020,vw,JP3386030005,JFE HOLDINGS,JP,0.0013343830522371488,1523.5373415114361,7238.503914812797
2020,vw,JP3885400006,MISUMI GROUP,JP,0.0013297507794515623,3.50603711148487,1.4082553753585516
2020,vw,JP3180400008,OSAKA GAS,JP,0.0013108236451609078,361.1036541305696,649.0432658087145
2020,vw,JP3143900003,ITOCHU TECHNO-SOLUTIONS DEAD - DELIST.01/12/23,JP,0.0013060507791532124,0.22929922437439412,0.1413398909823472
2020,vw,JP3771800004,HAMAMATSU PHOTONICS,JP,0.0012874924738348436,9.613101945759148,1.8146931146322751
2020,vw,JP3629000005,TOPPAN HOLDINGS,JP,0.0012857377973874852,18.29617161096772,35.081201751844716
2020,vw,JP3940000007,YAMATO HDG.,JP,0.0012774427972830626,44.2211471349182,94.50623115965747
2020,vw,JP3598600009,TOHO,JP,0.0012712950391163028,2.872148160276069,0.9826042495497385
2020,vw,SG1R89002252,CITY DEVELOPMENTS,SG,0.001267909846469682,0.5806832426789014,0.2095309961866799
2020,vw,JP3539220008,T & D HOLDINGS,JP,0.0012556161560221635,0.09114852307287043,0.25389900752535716
2020,vw,JP3401400001,SUMITOMO CHEMICAL,JP,0.0012456522961124489,297.37407938282706,904.2564107074278
2020,vw,BMG5320C1082,KUNLUN ENERGY,HK,0.0012435853931588485,28.41600372096438,69.1053699532805
2020,vw,JP3210200006,KAJIMA,JP,0.0012422086751137827,9.210467360243754,24.98780007408148
2020,vw,SG1J26887955,SINGAPORE EXCHANGE,SG,0.0012283100308710215,0.06445929395586687,0.00668926150552979
2020,vw,JP3786200000,HITACHI METALS DEAD - DELIST.29/12/22,JP,0.0012268146302358638,40.9354725627629,51.49568165548198
2020,vw,AU000000LLC3,LENDLEASE GROUP STAPLED UNITS,AU,0.0012235353389773247,10.944685611299693,15.90273166145604
2020,vw,SG1M51904654,CAPITALAND INTEG. COML. TST.,SG,0.0012206796532711138,0.024350494054131148,0.0020941124029790247
2020,vw,JP3495000006,SUMITOMO PHARMA,JP,0.0012183279121012929,19.071210068857837,12.34164552276273
2020,vw,JP3585800000,TOKYO ELECTRIC POWER CO. HDG.,JP,0.0012119117486923251,3.2325625674332015,28.776371435157493
2020,vw,NZAIAE0002S6,AUCKLAND INTL.AIRPORT,NZ,0.0012049806854309588,4.959303504408959,0.3632131865933876
2020,vw,JP3942800008,YAMAHA MOTOR,JP,0.0012039764481301812,8.500438624043493,19.74148952142349
2020,vw,SG9999000020,FLEX,SG,0.0011912317638403138,4.134571739165733,15.690061356839916
2020,vw,AU000000CPU5,COMPUTERSHARE,AU,0.0011869318023069843,1.0187502355139524,0.3535069178442539
2020,vw,JP3229400001,KANSAI PAINT,JP,0.0011813701535466784,12.547536618683518,7.3723516719937185
2020,vw,AU000000QAN2,QANTAS AIRWAYS,AU,0.001160960399822876,765.507626784995,1469.0502552553025
2020,vw,HK0023000190,BANK OF EAST ASIA,HK,0.0011436619558454827,0.7768498163907586,0.5542052493773548
2020,vw,AU000000TAH8,TABCORP HOLDINGS,AU,0.001141425245493751,1.20317384651726,0.7235237188767226
2020,vw,AU000000CIM7,CIMIC GROUP DEAD - DELIST.11/05/22,AU,0.0011283299910916117,242.0227147073489,386.9163687793606
2020,vw,JP3670800006,NISSAN CHEMICAL,JP,0.0011196917244189236,119.63048548791552,36.08161348396692
2020,vw,JP3414750004,SEIKO EPSON,JP,0.0011175864778592936,12.579269263835519,19.975035902228306
2020,vw,JP3164630000,SQUARE ENIX HOLDINGS,JP,0.0011133942436000479,0.0,0.0
2020,vw,JP3787000003,HITACHI CON.MCH.,JP,0.0010716307530897124,11.230160698040102,17.20877136187831
2020,vw,JP3982100004,LAWSON DEAD - DELIST.24/07/24,JP,0.0010545788037225098,0.6757671985004575,0.7791249906937848
2020,vw,AU0000088338,AMPOL,AU,0.001030913495258187,38.60584280182819,102.12553798196984
2020,vw,JP3499800005,MITSUBISHI HC CAPITAL,JP,0.0010276670699476732,0.5037038781783278,0.7599070415328197
2020,vw,AU000000ORI1,ORICA,AU,0.0010236702054905787,469.80767867492386,329.79989048289195
2020,vw,JP3766550002,HAKUHODO DY HDG.,JP,0.0010183203595064366,0.030042163393586632,0.07225938789305611
2020,vw,JP3039710003,JAPAN METROPOLITAN FUND INVESTMENT REIT,JP,0.0010148730867357676,10.25720289793113,1.1222956865920029
2020,vw,JP3695200000,NGK INSULATORS,JP,0.0010112085335309304,74.69920876857508,55.794502887230095
2020,vw,KYG0535Q1331,ASMPT,HK,0.0010111245427748654,1.1248412384404223,0.4153333863033884
2020,vw,JP3293200006,COCA-COLA BOTTLERS JAPAN HOLDINGS,JP,0.0010088531405891066,22.380571197144867,34.08515043581502
2020,vw,HK0392044647,BEIJING ENTERPRISES HOLDINGS,HK,0.0010071495889497875,81.26206714143744,128.55575195569213
2020,vw,NZTELE0001S4,SPARK NEW ZEALAND,NZ,0.001002009719855808,1.0711183812103853,0.452822624731222
2020,vw,JP3626800001,LIXIL,JP,0.0010019768539077827,32.06149594939767,99.31445690481483
2020,vw,JP3792600003,HINO MOTORS,JP,0.0009901524161626276,8.486030274027678,27.291871816716643
2020,vw,HK0144000764,CHINA MERCHANTS PORT HOLDINGS,HK,0.0009777108289489946,47.03661541980321,10.062242283443391
2020,vw,JP3174410005,OJI HOLDINGS,JP,0.0009609145036219899,453.78361375385623,1201.467679322329
2020,vw,JP3676800000,NISSHIN SEIFUN,JP,0.0009605401969917003,14.70940043837246,17.298143966179275
2020,vw,JP3522200009,CHUGOKU ELEC.POWER,JP,0.0009519840951890756,1517.2396623926413,3664.529462083463
2020,vw,JP3268950007,MEDIPAL HOLDINGS,JP,0.0009511843571204564,1.1432008791903419,6.54617002979207
2020,vw,JP3688370000,NIPPON EXPRESS HOLDINGS,JP,0.0009497419071793396,34.19731665744062,127.27000080745317
2020,vw,JP3830000000,BROTHER INDUSTRIES,JP,0.0009416258439030558,2.9171113381138314,3.366730074518769
2020,vw,JP3280200001,KEIKYU,JP,0.0009383721150485366,28.934344058161678,17.640053937621488
2020,vw,JP3870400003,MARUI GROUP,JP,0.0009316327698173186,6.036924905689269,2.735204885582358
2020,vw,BMG668971101,CTF SERVICES,HK,0.0009165892950516712,5.8766724787603275,3.8974336500018922
2020,vw,HK0293001514,CATHAY PACIFIC AIRWAYS,HK,0.0009052669759569049,547.143054965261,1519.760143284738
2020,vw,JP3595200001,TOSOH,JP,0.0008905320759254963,1040.2703221930035,1584.2911798837872
2020,vw,JP3939000000,YAMADA HOLDINGS,JP,0.0008895734857747541,0.7352174997271341,2.257795037366508
2020,vw,AU000000WOR2,WORLEY,AU,0.0008874335473810972,4.95129156199519,7.597900536799244
2020,vw,JP3657400002,NIKON,JP,0.0008847330619850064,6.425639849927353,7.646682488907233
2020,vw,SG1S83002349,UOL GROUP,SG,0.0008812784856703316,0.88934861207081,0.3074640842998562
2020,vw,JP3126340003,ALFRESA HOLDINGS,JP,0.0008798615981332346,1.3248057150199284,6.82988781485924
2020,vw,JP3305990008,YOKOHAMA FINANCIAL GROUP,JP,0.0008766023916207112,0.34863937672576495,0.20308396011639313
2020,vw,JP3799000009,HIROSE ELECTRIC,JP,0.0008760911435403153,1.805349808017563,0.4157835174660339
2020,vw,JP3605400005,TOHOKU ELECTRIC PWR.,JP,0.0008750449108615052,1443.48412915145,6385.056463930691
2020,vw,JP3209000003,CASIO COMPUTER,JP,0.0008731441635340336,1.6603441400964394,0.9560793219615937
2020,vw,JP3613000003,TOYO SUISAN KAISHA,JP,0.0008669233699272172,44.56452403306815,35.29937067709079
2020,vw,JP3955000009,YOKOGAWA ELECTRIC,JP,0.0008649112435536592,3.7506925385865895,2.955494475336399
2020,vw,JP3720800006,NSK,JP,0.0008509066979228162,16.393469090300318,28.32472147357218
2020,vw,JP3511800009,CHIBA BANK,JP,0.0008498622911300077,1.1270374151105291,0.5356083978584257
2020,vw,AU000000BSL0,BLUESCOPE STEEL,AU,0.0008485549567529954,1044.3024865561558,1811.7813124010192
2020,vw,JP3322930003,SUMCO,JP,0.0008398838241322818,9.075507130262933,5.434936204718829
2020,vw,JP3820000002,FUJI ELECTRIC,JP,0.0008375320829624609,26.672760092165866,48.37595024187976
2020,vw,JP3888300005,MITSUI CHEMICALS,JP,0.0008336009504014173,299.7707270783931,825.7656402640698
2020,vw,HK0008011667,PCCW,HK,0.0008328870289748645,1.5234961867049854,1.613267420065548
2020,vw,JP3743000006,NH FOODS,JP,0.0008170894632906332,30.68900520531385,77.76484179994324
2020,vw,BMG988031446,YUE YUEN INDL.HDG.,HK,0.0008090756496304286,1.7661900014217828,4.062160076188069
2020,vw,JP3143000002,ITO EN,JP,0.0008016461194906761,5.278596632299338,5.466410049083807
2020,vw,JP3351500008,SHIZUOKA FINANCIAL GROUP,JP,0.0007876872210098684,0.6323190347092006,0.31525266573945293
2020,vw,JP3269600007,KURARAY,JP,0.0007837743473088388,386.08784829560625,476.4045781431637
2020,vw,JP3935600001,YAMAZAKI BAKING,JP,0.0007717892315955594,40.05612364905345,92.5021232904259
2020,vw,JP3040890000,JAPAN PRIME REALTY INV.,JP,0.0007697058956679465,4.377841957535272,0.3067237256613656
2020,vw,JP3551200003,ELEC.POWER DEV.,JP,0.000762170464140112,6347.283908784305,12775.94777504941
2020,vw,JP3385980002,J S R DEAD - DELIST.25/06/24,JP,0.0007535230680374168,92.54353175150429,98.86379331651679
2020,vw,JP3600200004,TOHO GAS,JP,0.0007511859339556073,14.012338354610389,15.155964016343832
2020,vw,BMG524401079,KERRY PROPERTIES,HK,0.0007377930601352378,2.857528235921255,1.6410360478526211
2020,vw,AU000000AMP6,AMP,AU,0.0007352368197332586,0.02242057589933351,0.08816064608094887
2020,vw,JP3663900003,SOJITZ,JP,0.0007209894312642276,60.348893542818494,248.01720055410502
2020,vw,JP3246400000,KYUSHU ELEC.POWER,JP,0.0007207739767160608,1024.3358857624469,4823.269234179347
2020,vw,JP3768600003,HASEKO,JP,0.000716895794849058,4.186119247648935,8.304022372264912
2020,vw,HK0014000126,HYSAN DEVELOPMENT,HK,0.0007139962878788131,0.044799114925312085,0.0058817361862311115
2020,vw,JP3122800000,AMADA,JP,0.0007085533217085989,3.2349920719033185,2.536721125599134
2020,vw,JP3126400005,ALPS ALPINE,JP,0.0007071419118295061,5.718816114182649,11.40601156248467
2020,vw,AU000000BLD2,BORAL DEAD - DELIST.08/07/24,AU,0.0007037074202608469,343.8663414455224,350.27996450496363
2020,vw,AU000000BPT9,BEACH ENERGY,AU,0.0007026684911260425,460.78925948037624,157.8390331490995
2020,vw,JP3452000007,TAIYO YUDEN,JP,0.0007009777206887335,15.092382797005516,10.158604468223103
2020,vw,JP3131430005,AEON MALL DEAD - DELIST.27/06/25,JP,0.0006843931981378929,4.666377603005902,3.692360229225138
2020,vw,JP3292200007,JTEKT,JP,0.0006745991456263097,7.859171942815479,28.69021068358487
2020,vw,JP3667600005,JGC HOLDINGS,JP,0.0006732552935292693,24.172215671349072,32.37318565446616
2020,vw,JP3977400005,RINNAI,JP,0.0006727495231068777,11.639866837108743,9.966861265134305
2020,vw,JP3738600000,NITERRA,JP,0.0006719479591522571,16.30584215390346,17.58094844733324
2020,vw,JP3134800006,IHI,JP,0.0006708013027433693,5.180332377181406,17.617533697711387
2020,vw,JP3243600008,CANON MARKETING JAPAN,JP,0.0006678780592551059,1.008982835040495,1.5760710585237696
2020,vw,JP3368000000,RESONAC HOLDINGS,JP,0.0006668555630943143,408.7178265134342,933.1285269547647
2020,vw,JP3419050004,SEGA SAMMY HDG.,JP,0.0006613450391420478,1.7357108549471663,1.5963335680070678
2020,vw,JP3544000007,TEIJIN,JP,0.0006543226815806107,88.31772350648156,198.68344313942163
2020,vw,AU000000CGF5,CHALLENGER,AU,0.0006531285521356861,0.0011057830796390503,0.0005591199452062454
2020,vw,JP3896800004,MITSUBISHI GAS CHM.,JP,0.0006451293455634927,106.87877465523177,170.6648854875412
2020,vw,JP3613400005,TOYO SEIKAN GROUP HDG.,JP,0.0006330675426381538,60.233914816258235,125.75061000582606
2020,vw,JP3270000007,KURITA WATER IND.,JP,0.0006313749463148433,10.757475204019654,7.518992686333653
2020,vw,JP3449020001,TAIHEIYO CEMENT,JP,0.0006299544070057435,3065.6783573653906,7246.103770002869
2020,vw,JP3665200006,NICHIREI,JP,0.0006220355394176123,7.843937028873532,12.328429358099777
2020,vw,JP3582600007,TOKYO TATEMONO,JP,0.0006207756780766369,5.031066414451511,4.397239886348261
2020,vw,SG1N31909426,COMFORTDELGRO CORPORATION,SG,0.0006156504160706686,264.9034627830355,224.24201981736704
2020,vw,NZCENE0001S6,CONTACT ENERGY,NZ,0.0006154860863305413,629.9981299455773,273.836286559336
2020,vw,AU000000BEN6,BENDIGO & ADELAIDE BANK,AU,0.000613948690317351,1.3109072977887217,0.7384452500691456
2020,vw,HK0010000088,HANG LUNG GROUP,HK,0.0006087558705293305,2.5941416049127595,0.945081477971104
2020,vw,HK0200030994,MELCO INTL.DEV.,HK,0.0006086901386332796,2.8197807681316944,4.8988052206727115
2020,vw,JP3711200000,AOZORA BANK,JP,0.0006079543065747098,0.09620356674723715,0.043247918693912854
2020,vw,JP3903000002,MITSUBISHI MATERIALS,JP,0.0006066725346017174,675.5618392732547,2833.6072135844606
2020,vw,BMG8063F1068,SHANGRI-LA ASIA,HK,0.0006034516716952237,61.91604365074348,45.934619876670965
2020,vw,JP3765400001,HOUSE SHOKUHIN GP.HONSHA K K,JP,0.0006007311015531172,20.134575952506086,16.534552351310605
2020,vw,JP3224200000,KAWASAKI HEAVY INDUSTRY,JP,0.0005966137286199294,11.229623725587652,51.7075589206526
2020,vw,JP3148800000,IBIDEN,JP,0.0005917075729341308,52.5908395646071,43.818234557158114
2020,vw,JP3405400007,SUMITOMO HEAVY INDS.,JP,0.0005877088825910348,4.900985669377399,12.354136375498639
2020,vw,JP3485800001,DAICEL,JP,0.0005815026960722296,435.65261071157624,529.3945873642367
2020,vw,JP3300600008,KONICA MINOLTA,JP,0.0005741042059945014,17.633792283660917,53.06352866343325
2020,vw,HK0000745908,YUEXIU PROPERTY COMPANY,HK,0.0005677227344195605,0.6224696401426575,1.1219374135657543
2020,vw,KYG5427W1309,LEE & MAN PAPER MNFG.,HK,0.0005624988745695159,1491.4486812129253,1691.7668606708237
2020,vw,AU000000JBH7,JB HI-FI,AU,0.0005585640902364693,0.06182837638065341,0.09806677693730918
2020,vw,JP3588600001,TBS HOLDINGS,JP,0.000552255654101585,1.3996562480413852,1.5357453406908044
2020,vw,NZFBUE0001S0,FLETCHER BUILDING,NZ,0.0005369748141557538,165.4590624645004,273.38569825563604
2020,vw,JP3404200002,SUMITOMO RUBBER INDS.,JP,0.0005341410390815598,44.661534930553145,125.45378720029534
2020,vw,JP3894900004,ISETAN MITSUKOSHI HDG.,JP,0.0005334161623389986,2.0967086791738487,7.726748385197559
2020,vw,BMG677491539,ORIENT OVERSEAS (INTL.),HK,0.0005302884196185769,798.3657640159895,1907.016541104852
2020,vw,KYG525621408,KINGBOARD HOLDINGS,HK,0.0005302336430385345,334.6404739078907,610.6216640610472
2020,vw,AU000000DOW2,DOWNER EDI,AU,0.0005271077262041143,36.866922075421265,111.08470795258516
2020,vw,JP3835620000,BENESSE HOLDINGS DEAD - DELIST.17/05/24,JP,0.0005208449372192652,0.02116544644661016,0.030849482570042348
2020,vw,JP3362700001,MITSUI OSK LINES,JP,0.0005190793054558982,1044.4559385284301,3917.3168852822305
2020,vw,JP3635400009,TOYOTA BOSHOKU,JP,0.0005166161852399911,4.108199059308499,19.025941895808298
2020,vw,AU000000ANN9,ANSELL,AU,0.0005119072252423452,83.53788952468084,43.77213663812014
2020,vw,JP3358200008,SHIMAMURA,JP,0.0005096339971705851,0.11478723541388779,0.20099170237463995
2020,vw,JP3494600004,SCREEN HOLDINGS,JP,0.0005084745595596875,4.052813996558519,4.523109296504968
2020,vw,JP3118000003,ASICS,JP,0.000506420437808097,0.8261447050105547,1.0358528389506627
2020,vw,JP3634200004,TOYODA GOSEI,JP,0.0005063857459740702,15.88682586902229,44.35037517532821
2020,vw,JP3753000003,NIPPON YUSEN KK,JP,0.0004984121018058966,855.4142629653892,4894.562772465839
2020,vw,SG1R50925390,SEMBCORP INDUSTRIES,SG,0.000496118788988121,3742.2930403180553,9680.583260339916
2020,vw,AU000000CWY3,CLEANAWAY WASTE MANAGEMENT,AU,0.0004940628413505291,484.0855435676989,279.16980797374606
2020,vw,JP3415400005,SEINO HDG.,JP,0.0004897391432991815,70.01591353524466,150.53575423160095
2020,vw,HK0165000859,CHINA EVERBRIGHT,HK,0.0004872449830212504,0.21518100804211848,0.03338904419645199
2020,vw,JP3166000004,EBARA,JP,0.00048422131580290933,37.247714363717485,67.49673828611076
2020,vw,AU000000ILU1,ILUKA RESOURCES,AU,0.00048201016785519735,452.1374543188192,151.14380632379624
2020,vw,AU000000FLT9,FLIGHT CENTRE TRAVEL GP.,AU,0.0004772409536195048,24.969430283210414,20.086083213773314
2020,vw,JP3493400000,DIC,JP,0.0004612534957911265,35.79462644952791,100.17615460436467
2020,vw,JP3870000001,MABUCHI MOTOR,JP,0.0004548701983301842,2.6928634582140174,1.310597576297652
2020,vw,JP3548610009,DENA,JP,0.0004478332336807358,0.011715226279595592,0.0053003029326983845
2020,vw,JP3549600009,DENKA,JP,0.0004390726326459529,515.367589543036,771.8186392537978
2020,vw,JP3164800009,NOK,JP,0.00043620416573773196,7.428595219819907,17.999162829635832
2020,vw,JP3326410002,SANKYO,JP,0.000434266900690232,1.261634629695353,0.4633386450498026
2020,vw,SG1P66918738,SINGAPORE PRESS HDG. DEAD - DELIST.13/05/22,SG,0.0004229409298234629,0.17564098866553224,0.05258250012951354
2020,vw,AU000000IGO4,IGO,AU,0.0004189166770763471,104.71200737018536,27.692736845775652
2020,vw,BMG2442N1048,COSCO SHIPPING PORTS,HK,0.0004184474243739838,80.62268913400901,36.460346896476494
2020,vw,AU000000BOQ8,BANK OF QLND.,AU,0.0004149143349612483,0.3718819894486816,0.24555535997183595
2020,vw,JP3638600001,DOWA HDG.,JP,0.00040397180015477597,275.48598618794387,537.5440118962066
2020,vw,JP3158800007,UBE,JP,0.00039384726227693705,1802.4635882591317,5285.069215862625
2020,vw,JP3215800008,KANEKA,JP,0.0003860379478488907,173.3203313181406,456.89960979070594
2020,vw,AU000000OZL8,OZ MINERALS DEAD - DELIST.03/05/23,AU,0.00038523273212226727,115.42784056643359,40.55046828195503
2020,vw,JP3535800001,TSUMURA,JP,0.00038212690003386254,31.92674922068979,17.41230773641433
2020,vw,JP3560800009,TOKAI CARBON,JP,0.00037970212342398516,757.1552205541296,877.5937101776826
2020,vw,NZAIRE0001S2,AIR NEW ZEALAND,NZ,0.0003632180246032223,836.5090721790109,1596.8842841846506
2020,vw,BMG4600H1198,HOPSON DEVELOPMENT HOLDINGS,HK,0.0003604426778810735,0.6005225966463443,0.7284442800913848
2020,vw,JP3733400000,NIPPON ELEC.GLASS,JP,0.0003572181632025769,310.25118087770653,375.1769823298797
2020,vw,JP3742600004,NHK SPRING,JP,0.00035541053606117734,14.143757479950812,44.18163790579036
2020,vw,JP3350800003,SHIKOKU ELECTRIC POWER,JP,0.0003522115837867005,1076.961976247086,3831.020378540065
2020,vw,JP3320800000,SAPPORO HOLDINGS,JP,0.0003516327779242524,26.399506016009838,62.0274065073579
2020,vw,MU0117U00026,GOLDEN AGRI-RESOURCES,SG,0.00035115622167788344,608.555596091616,2026.9741733872015
2020,vw,HK0363006039,SHANGHAI INDUSTRIAL HOLDINGS,HK,0.0003475592262550984,2.739877355126193,5.99366433588476
2020,vw,HK2380027329,CHIN.PWR.INTDVT.,HK,0.000343474719269936,11570.6682561746,24961.99113303635
2020,vw,JP3456000003,TAKASHIMAYA,JP,0.00034334690724983707,2.917161521057796,13.269766650358426
2020,vw,JP3156400008,USHIO,JP,0.0003416013602324856,2.6749001419580054,2.1412383477294106
2020,vw,JP3274400005,GLORY,JP,0.0003393646498807538,1.427114706237239,1.6227005912957393
2020,vw,JP3992400006,WACOAL HDG.,JP,0.0003377706514015196,1.0154659332240077,0.9643764527812314
2020,vw,SG1T58930911,FRASER AND NEAVE,SG,0.00032893336315467734,32.65412472227797,25.739661393283374
2020,vw,JP3459600007,TAKARA HDG.,JP,0.0003245439332072788,33.51004034842649,48.38364857718317
2020,vw,JP3625000009,TOKUYAMA,JP,0.00032184344781118797,2412.1135568524896,4064.8561557183134
2020,vw,AU000000BWP3,BWP GROUP STAPLED UNITS,AU,0.0003212025618246918,0.0,0.0
2020,vw,SGXE34184239,SEATRIUM,SG,0.00032084651405441607,24.041816478031727,28.821256423535036
2020,vw,JP3845400005,HOKURIKU ELEC.POWER,JP,0.00031512053555398273,2465.2140990870753,8256.800996610365
2020,vw,JP3718800000,NISSUI,JP,0.0003127541872961506,33.702905074218805,125.91468220376089
2020,vw,JP3491000000,DAIDO STEEL,JP,0.0003057701733407432,87.30309470920514,242.363731906559
2020,vw,JP3827200001,FURUKAWA ELECTRIC,JP,0.0003051566756442682,20.124580513649494,102.91513091762003
2020,vw,JP3400900001,SUMITOMO OSAKA CEMENT,JP,0.00030343303925893365,4018.5358853034377,5445.770952678959
2020,vw,JP3385820000,GS YUASA,JP,0.00030077820101287814,17.963002419730234,40.175438596491226
2020,vw,JP3289800009,KOBE STEEL,JP,0.00030048423336665055,886.8002847311069,9479.30655226683
2020,vw,AU000000IRE2,IRESS,AU,0.0002925471069185052,0.46659584582968955,0.09923730823482418
2020,vw,JP3375800004,SHINKO ELEC.INDS. DEAD - DELIST.06/06/25,JP,0.00029173823941987893,29.438308282215615,24.130830709918076
2020,vw,JP3172100004,OKUMA,JP,0.0002885776307514318,3.7088390192688454,4.112674630492003
2020,vw,AU000000CSR5,CSR DEAD - DEAD.10/07/24,AU,0.0002871917832763588,192.9513222932762,170.32659626547309
2020,vw,AU000000MTS0,METCASH,AU,0.00028567994966718826,1.6434646190953348,9.01822179329034
2020,vw,JP3678000005,NISSHINBO HOLDINGS,JP,0.00028424480327007715,52.6209139870954,158.4711739200257
2020,vw,NZSKCE0001S2,SKY CITY ENTM.GP.,NZ,0.0002812101807357276,9.098558754481077,3.0750650919078257
2020,vw,AU000000ABC7,ADBRI DEAD - DELIST.02/07/24,AU,0.00027886391722391094,2090.0335173113767,1391.441647896915
2020,vw,KYG548561284,LIFESTYLE INTL.HDG. DEAD - DELIST.21/12/22,HK,0.0002764300111840265,4.386061097831093e-05,1.3210475907394563e-05
2020,vw,JP3352400000,CITIZEN WATCH,JP,0.00027560836248339036,7.190001884542315,13.092848388485871
2020,vw,JP3276400003,GUNMA BANK,JP,0.0002658636088938454,1.265850460765044,1.1530959837371573
2020,vw,JP3796150005,HIROGIN HOLDINGS,JP,0.0002614979154644653,1.859855469008979,1.449478762996013
2020,vw,JP3421100003,JAPAN PETROLEUM EXP.,JP,0.0002596702035770502,272.10897303699943,542.7532767058558
2020,vw,JP3165600002,NTN,JP,0.0002566702728767275,14.946984012030876,66.15779701649677
2020,vw,JP3389900006,JAFCO GROUP,JP,0.00025449199087704093,0.02074815817579472,0.0043765246089826374
2020,vw,AU000000CQR9,CHARTER HALL RETAIL REIT,AU,0.00025428018810087695,1.911420556128901,0.18884995404411764
2020,vw,AU000000SGM7,SIMS,AU,0.0002498067673974134,18.8642903940604,55.62296256231087
2020,vw,JP3888400003,MITSUI KINZOKU LIMITED,JP,0.0002494415901971307,173.1844068015802,560.7038810078029
2020,vw,JP3721400004,JAPAN STEEL WORKS,JP,0.0002465749491749112,45.13960115117382,65.83113651846806
2020,vw,HK0242001243,SHUN TAK HOLDINGS,HK,0.00024005653614986427,16.969176357051577,24.340934329220985
2020,vw,BMG2108M2182,CHINESE ESTATES HDG.,HK,0.00023989585818173984,0.014411921541499128,0.0007611161006499932
2020,vw,AU000000PPT9,PERPETUAL,AU,0.00023678089666332808,0.0,0.0
2020,vw,AU000000SBM8,ST BARBARA,AU,0.0002307810352626827,380.45794091814287,138.4559393642103
2020,vw,JP3223800008,KAWASAKI KISEN KAISHA,JP,0.00022483412455607827,1466.4534567712392,8385.151497925077
2020,vw,JP3619800000,TOYOBO,JP,0.0002225535929403126,226.9738444303736,573.4772906274612
2020,vw,JP3579800008,TOKYO STEEL MNFG.,JP,0.00021017956350873195,171.2903715226331,263.83056354301505
2020,vw,JP3811000003,FUJIKURA,JP,0.0002022497406045923,4.511011502998865,25.30514227935866
2020,vw,JP3194000000,OKI ELECTRIC IND.,JP,0.0001984938930996843,2.232054054104065,8.876746603379603
2020,vw,AU000000MND5,MONADELPHOUS GROUP,AU,0.00019722125055669898,9.277787149279948,8.503527320532523
2020,vw,AU000000IVC8,INVOCARE DEAD - DELIST.27/11/23,AU,0.00019354756792185459,16.297972305386985,5.15084621044886
2020,vw,SG2B80958517,OUE,SG,0.00018729938602501692,2.378705288102504,1.577403002534607
2020,vw,JP3850200001,HOKKAIDO ELEC.POWER,JP,0.00018007800688942576,1905.7255478596985,13272.496831432192
2020,vw,JP3425000001,CENTRAL GLASS,JP,0.00017251518707157024,190.17490782067762,417.00623392567974
2020,vw,JP3203500008,ONWARD HOLDINGS,JP,0.000163391234722506,0.9708871475761781,2.4439577140558297
2020,vw,SG9999003735,XP POWER (DI),SG,0.00016002612682190054,0.7621657916746836,0.22146663167623198
2020,vw,HK0308001558,CTII.INTL.INV.HK.,HK,0.00015877539491093219,15.702023926226024,10.407254076680697
2020,vw,BMG684371393,PACIFIC BASIN SHIP.,HK,0.00015180233627153328,923.4695695831507,1776.542898038225
2020,vw,JP3528600004,CHIYODA CORPORATION,JP,0.00014734900031408525,0.37244682766564635,1.3097893432465924
2020,vw,AU000000ELD6,ELDERS,AU,0.00014216530995607177,13.054659556800846,18.717971770205878
2020,vw,BMG8403G1033,SINOFERT HOLDINGS,HK,0.00013044129594099444,298.41411120298505,1401.3591825307951
2020,vw,HK0000139300,TELEVISION BROADCASTS,HK,0.00012128265175790334,1.4341004406786877,1.0141515115018667
2020,vw,AU000000GWA4,GWA GROUP,AU,0.00011390789819819343,36.88911159582621,16.048729662579145
2020,vw,JP3826800009,FURUKAWA,JP,8.994131854363724e-05,3.1515636328578194,9.82155545179561
2020,vw,JP3686800008,NIPPON SHEET GLASS,JP,8.690304423728486e-05,557.4894579118923,6240.151276394579
2020,vw,JP3407200009,OSAKA TITANIUM,JP,7.985695015782941e-05,172.37200032319748,146.3325406987379
2020,vw,AU000000SIG5,SIGMA HEALTHCARE,AU,7.641150327316176e-05,2.0458566712125186,10.9441085808502
2020,vw,AU000000ERA9,ENERGY RES.OF AUS.,AU,7.446145702365193e-05,768.1159420289856,279.1594124714941
2020,vw,AU000000MAH3,MACMAHON HOLDINGS,AU,6.981457715005409e-05,7.325327628540405,16.003243017051993
2020,vw_50,AU000000BWP3,BWP GROUP STAPLED UNITS,AU,0.0697438688954662,0.0,0.0
2020,vw_50,JP3837800006,HOYA,JP,0.027623334826764344,3.91643813006864,0.5697681043815167
2020,vw_50,JP3519400000,CHUGAI PHARM.,JP,0.01971989972498658,6.776080567092561,0.7180281798906447
2020,vw_50,JP3814000000,FUJIFILM HOLDINGS,JP,0.01958130781462654,29.15738608870248,24.378417744407116
2020,vw_50,JP3910660004,TOKIO MARINE HOLDINGS,JP,0.019406200800888288,0.35415269464244664,0.44586893932784455
2020,vw_50,BMG668971101,CTF SERVICES,HK,0.018411674099375695,5.8766724787603275,3.8974336500018922
2020,vw_50,JP3899600005,MITSUBISHI ESTATE,JP,0.017688239151064006,10.579180902107336,4.31455953768436
2020,vw_50,JP3499800005,MITSUBISHI HC CAPITAL,JP,0.017367616705180684,0.5037038781783278,0.7599070415328197
2020,vw_50,JP3496400007,KDDI,JP,0.01736348821147371,0.5250396934931375,0.35201570916780717
2020,vw_50,JP3756600007,NINTENDO,JP,0.01667926506015104,0.05085532719084927,0.011825659061403523
2020,vw_50,JP3205800000,KAO,JP,0.016216358622178625,44.577001523650594,15.967405755368459
2020,vw_50,JP3820000002,FUJI ELECTRIC,JP,0.014580294496361378,26.672760092165866,48.37595024187976
2020,vw_50,JP3198900007,ORIENTAL LAND,JP,0.013960827674819556,10.951329343960616,1.1090435032978048
2020,vw_50,JP3902900004,MITSUBISHI UFJ FINL.GP.,JP,0.013363738527507826,0.17479709853980382,0.1529528182707986
2020,vw_50,JP3814800003,SUBARU,JP,0.012946657256878364,9.268376256986352,14.258597599702718
2020,vw_50,HK2388011192,BOC HONG KONG HOLDINGS,HK,0.01271387849575183,0.0384334923995172,0.01787713434936468
2020,vw_50,JP3720800006,NSK,JP,0.012619925638063164,16.393469090300318,28.32472147357218
2020,vw_50,JP3436100006,SOFTBANK GROUP,JP,0.012404382652988488,0.18038843589927808,0.18259803624206472
2020,vw_50,JP3134800006,IHI,JP,0.012165585138595681,5.180332377181406,17.617533697711387
2020,vw_50,HK0000745908,YUEXIU PROPERTY COMPANY,HK,0.011600322095170564,0.6224696401426575,1.1219374135657543
2020,vw_50,JP3633400001,TOYOTA MOTOR,JP,0.011382995360703831,10.451421977282129,12.92205054306236
2020,vw_50,HK0363006039,SHANGHAI INDUSTRIAL HOLDINGS,HK,0.010789468124341442,2.739877355126193,5.99366433588476
2020,vw_50,JP3588600001,TBS HOLDINGS,JP,0.0106914846295777,1.3996562480413852,1.5357453406908044
2020,vw_50,JP3475350009,DAIICHI SANKYO,JP,0.010658900877998064,10.381105049369761,1.9005746196179993
2020,vw_50,JP3389900006,JAFCO GROUP,JP,0.010049128991143222,0.02074815817579472,0.0043765246089826374
2020,vw_50,JP3756100008,NITORI HOLDINGS,JP,0.009511447982061405,6.472821171273371,2.136691855583543
2020,vw_50,JP3435000009,SONY GROUP,JP,0.009316929419382359,2.3658220560279766,2.084083224537907
2020,vw_50,JP3592200004,TOSHIBA DEAD - DELIST.20/12/23,JP,0.007828090034584019,9.925151947873102,21.844419945320688
2020,vw_50,JP3419050004,SEGA SAMMY HDG.,JP,0.007735750436668846,1.7357108549471663,1.5963335680070678
2020,vw_50,AU000000TLS2,TELSTRA GROUP,AU,0.007675818775983587,2.2192124931591066,1.2100337222512758
2020,vw_50,JP3027680002,JAPAN REAL ESTATE INV.,JP,0.0075367270591451575,5.114518664485662,0.3231851060828917
2020,vw_50,AU000000CSL8,CSL,AU,0.007459048432718106,6.418713162922524,0.5852126115045426
2020,vw_50,AU000000WOW2,WOOLWORTHS GROUP,AU,0.007414086614654294,11.535481980847672,13.517605626823405
2020,vw_50,HK0291001490,CHINA RESOURCES BEER HOLDINGS,HK,0.0072720451617545034,30.29975110918732,9.512802160894488
2020,vw_50,JP3322930003,SUMCO,JP,0.0071405620494782995,9.075507130262933,5.434936204718829
2020,vw_50,HK0019000162,SWIRE PACIFIC 'A',HK,0.006895875983414059,20.495943798308303,28.561968096534397
2020,vw_50,JP3955000009,YOKOGAWA ELECTRIC,JP,0.006758708713723973,3.7506925385865895,2.955494475336399
2020,vw_50,JP3242800005,CANON,JP,0.006609245903871253,3.706483893249972,3.4769021021927804
2020,vw_50,HK0004000045,WHARF HOLDINGS,HK,0.006576056443638859,7.836833300649172,2.2799745538554257
2020,vw_50,JP3027670003,NIPPON BUILDING FUND,JP,0.006444057812239067,18.059733457258957,1.1404447752301972
2020,vw_50,JP3894900004,ISETAN MITSUKOSHI HDG.,JP,0.0062560906058764035,2.0967086791738487,7.726748385197559
2020,vw_50,KYG2108Y1052,CHINA RESOURCES LAND,HK,0.006070566622834941,24.292159766259147,17.475352342576787
2020,vw_50,HK0006000050,POWER ASSETS HOLDINGS,HK,0.0060667026744255816,37478.094008770466,423.8341009980945
2020,vw_50,AU000000WBC1,WESTPAC BANKING,AU,0.006024827122613285,0.30519165404914456,0.1265747885489319
2020,vw_50,JP3900000005,MITSUBISHI HEAVY INDS.,JP,0.006007159357072933,4.983517084587552,14.869828715648687
2020,vw_50,JP3613000003,TOYO SUISAN KAISHA,JP,0.005917963246565378,44.56452403306815,35.29937067709079
2020,vw_50,AU000000WES1,WESFARMERS,AU,0.00588851725395726,130.1950447271667,73.29393628405138
2020,vw_50,AU000000ANZ3,ANZ GROUP HOLDINGS,AU,0.005790900551692751,0.4789871762810046,0.24491334228003453
2020,vw_50,JP3933800009,LY,JP,0.0057398857044874034,0.4538503419049102,0.22345733097417403
2020,vw_50,AU000000NAB4,NATIONAL AUS.BANK,AU,0.005708522208276753,0.7431992605573048,0.3294565209399338
2020,vw_50,JP3385980002,J S R DEAD - DELIST.25/06/24,JP,0.005688272516952815,92.54353175150429,98.86379331651679
2020,vw_50,AU000000QBE9,QBE INSURANCE GROUP,AU,0.005653911102141289,0.4666215942665178,0.5506658737301762
2020,vw_50,JP3276400003,GUNMA BANK,JP,0.005624162560006408,1.265850460765044,1.1530959837371573
2020,vw_50,AU000000BHP4,BHP GROUP,AU,0.00556850381909062,217.79976768932278,127.2453839748754
2020,vw_50,JP3771800004,HAMAMATSU PHOTONICS,JP,0.005465048983602791,9.613101945759148,1.8146931146322751
2020,vw_50,JP3201200007,OLYMPUS,JP,0.005447311310780227,3.753309359052422,1.2387815502245467
2020,vw_50,JP3162600005,SMC,JP,0.005446727758761961,10.467656920267164,1.7178091732568828
2020,vw_50,JP3210200006,KAJIMA,JP,0.0054310418624418585,9.210467360243754,24.98780007408148
2020,vw_50,AU000000BEN6,BENDIGO & ADELAIDE BANK,AU,0.005384133905202258,1.3109072977887217,0.7384452500691456
2020,vw_50,JP3711200000,AOZORA BANK,JP,0.005382053372128311,0.09620356674723715,0.043247918693912854
2020,vw_50,JP3667600005,JGC HOLDINGS,JP,0.00536015292201262,24.172215671349072,32.37318565446616
2020,vw_50,AU000000NCM7,NEWCREST MINING DEAD - DELIST.08/11/23,AU,0.005318652972893407,377.3724761561698,90.93940917048253
2020,vw_50,JP3786200000,HITACHI METALS DEAD - DELIST.29/12/22,JP,0.005231495288341999,40.9354725627629,51.49568165548198
2020,vw_50,JP3407200009,OSAKA TITANIUM,JP,0.005210457210869963,172.37200032319748,146.3325406987379
2020,vw_50,AU000000CBA7,COMMONWEALTH BK.OF AUS.,AU,0.005202299437562666,0.4835959213629637,0.12499119393831626
2020,vw_50,JP3802300008,FAST RETAILING,JP,0.005042488880733688,0.6239330785071723,0.23176657515332785
2020,vw_50,JP3973400009,RICOH,JP,0.004912495171454166,7.359913000009374,15.909805611525874
2020,vw_50,JP3870000001,MABUCHI MOTOR,JP,0.004817031326789395,2.6928634582140174,1.310597576297652
2020,vw_50,SG9999000020,FLEX,SG,0.004630928039090482,4.134571739165733,15.690061356839916
2020,vw_50,JP3726800000,JAPAN TOBACCO,JP,0.00462601660071519,16.98471491631534,8.066444358064928
2020,vw_50,JP3862400003,MAKITA,JP,0.0045865020915301655,0.9880207948185354,0.4194332450071562
2020,vw_50,SG1T75931496,SINGAPORE TELECOM,SG,0.004542978635174638,0.47379676688691513,0.1521083468711745
2020,vw_50,JP3486800000,DAITO TST.CONSTRUCTION,JP,0.0042562582912455274,2.5037704849439244,4.048063935164341
2020,vw_50,HK0823032773,LINK REAL ESTATE INVESTMENT TRUST,HK,0.004142430497357006,1.9666609192933437,0.16036437550023896
2020,vw_50,JP3735400008,NTT,JP,0.004138068064370541,2.27477966165728,2.5003365452989974
2020,vw_50,JP3249600002,KYOCERA,JP,0.004110041605931225,11.02540332140791,6.611576621094265
2020,vw_50,JP3551500006,DENSO,JP,0.0039992584989864645,14.643907137773997,22.038700702355722
2020,vw_50,JP3818000006,FUJITSU,JP,0.00391592950033074,2.4296789472508324,3.823377536558301
2020,vw_50,AU000000ASX7,ASX,AU,0.0038922104089298055,0.049745656338772544,0.002747949529691905
2020,vw_50,BMG677491539,ORIENT OVERSEAS (INTL.),HK,0.0038682932385564256,798.3657640159895,1907.016541104852
2020,vw_50,AU000000SUN6,SUNCORP GROUP,AU,0.0037006874837045046,0.21129859150751706,0.20104520930057526
2020,vw_50,AU000000ALL7,ARISTOCRAT LEISURE,AU,0.0036770300491360203,4.517191991188419,0.8740690015043188
2020,vw_50,JP3358800005,SHIMIZU,JP,0.0036521225359645655,11.871061323978031,23.671068103779778
2020,vw_50,JP3116000005,ASAHI GROUP HOLDINGS,JP,0.003631593770534386,24.093634420155727,20.729415757310925
2020,vw_50,BMG988031446,YUE YUEN INDL.HDG.,HK,0.003630364731262823,1.7661900014217828,4.062160076188069
2020,vw_50,HK0688002218,CHINA OVERSEAS LAND INVESTMENT,HK,0.003586549343499339,0.9180002159557886,0.6141739947096014
2020,vw_50,JP3111200006,ASAHI KASEI,JP,0.0035059870508715816,148.2074234608058,205.2923026157533
2020,vw_50,JP3350800003,SHIKOKU ELECTRIC POWER,JP,0.0033848335264808796,1076.961976247086,3831.020378540065
2020,vw_50,SG1L01001701,DBS GROUP HOLDINGS,SG,0.003368970494446073,0.06454165858269381,0.02126250404566294
2020,vw_50,AU000000ANN9,ANSELL,AU,0.003360610081592065,83.53788952468084,43.77213663812014
2020,vw_50,JP3357200009,SHIMADZU,JP,0.003302361655509887,0.8317569229208087,0.3541900087721059
2020,vw_50,JP3854600008,HONDA MOTOR,JP,0.003280885743364739,8.684441874907968,26.487508576398948
2020,vw_50,JP3657400002,NIKON,JP,0.003278387792724838,6.425639849927353,7.646682488907233
2020,vw_50,JP3358000002,SHIMANO,JP,0.0031819490530655657,5.526336818332414,1.288653498416837
2020,vw_50,JP3766550002,HAKUHODO DY HDG.,JP,0.003117683475988832,0.030042163393586632,0.07225938789305611
2020,vw_50,JP3684000007,NITTO DENKO,JP,0.0030088833150743073,49.98106816305303,38.55611707680668
2020,vw_50,HK0016000132,SUN HUNG KAI PROPERTIES,HK,0.0029747829795065362,3.821275503326789,1.0610705022400377
2020,vw_50,JP3352400000,CITIZEN WATCH,JP,0.002941856034879529,7.190001884542315,13.092848388485871
2020,vw_50,JP3190000004,OBAYASHI,JP,0.0029251962039096705,13.686648415334146,32.38659685444552
2020,vw_50,AU0000088338,AMPOL,AU,0.002914368759218669,38.60584280182819,102.12553798196984
2020,vw_50,JP3443600006,TAISEI,JP,0.0028611325516156713,17.551546659276983,30.980723105623166
2020,vw_50,JP3494600004,SCREEN HOLDINGS,JP,0.002831235539955346,4.052813996558519,4.523109296504968
2020,vw_50,JP3493800001,DAI NIPPON PRINTING,JP,0.002734238259249177,18.91561727628445,26.778198595461536
2020,vw_50,JP3463000004,TAKEDA PHARMACEUTICAL,JP,0.0026934964881084786,11.184380559128343,5.482127605492269
2020,vw_50,MU0117U00026,GOLDEN AGRI-RESOURCES,SG,0.002644311932747683,608.555596091616,2026.9741733872015
2020,vw_50,JP3174410005,OJI HOLDINGS,JP,0.0025519265533118832,453.78361375385623,1201.467679322329
2020,vw_50,JP3942400007,ASTELLAS PHARMA,JP,0.002512432136526525,5.975342966127615,2.1949933544624174
2020,vw_50,AU000000JBH7,JB HI-FI,AU,0.0024889778443480328,0.06182837638065341,0.09806677693730918
2020,vw_50,JP3890350006,SUMITOMO MITSUI FINL.GP.,JP,0.0024764338994336553,0.27404561880963546,0.2768394132871047
2020,vw_50,JP3967200001,RAKUTEN GROUP,JP,0.0024468061450482114,0.23265549020081738,0.24200857273990384
2020,vw_50,AU000000SBM8,ST BARBARA,AU,0.0024321788550245673,380.45794091814287,138.4559393642103
2020,vw_50,AU000000APA1,APA GROUP,AU,0.0023818385072873712,789.6395156276781,146.43219041016548
2020,vw_50,JP3538800008,TDK,JP,0.0023767719783038556,8.82383755662255,7.935515782511518
2020,vw_50,JP3375800004,SHINKO ELEC.INDS. DEAD - DELIST.06/06/25,JP,0.002364426027468002,29.438308282215615,24.130830709918076
2020,vw_50,JP3209000003,CASIO COMPUTER,JP,0.0023464924238913807,1.6603441400964394,0.9560793219615937
2020,vw_50,HK0023000190,BANK OF EAST ASIA,HK,0.0023268547494512577,0.7768498163907586,0.5542052493773548
2020,vw_50,JP3711600001,NIPPON SANSO HOLDINGS,JP,0.002299529763305723,134.78460315207957,111.52443709590786
2020,vw_50,JP3940000007,YAMATO HDG.,JP,0.0022613041446945172,44.2211471349182,94.50623115965747
2020,vw_50,JP3811000003,FUJIKURA,JP,0.0022467438877397036,4.511011502998865,25.30514227935866
2020,vw_50,AU000000MND5,MONADELPHOUS GROUP,AU,0.002245459277021472,9.277787149279948,8.503527320532523
2020,vw_50,AU000000ELD6,ELDERS,AU,0.002238111275825407,13.054659556800846,18.717971770205878
2020,vw_50,US89677Q1076,TRIP COM GROUP ADR 1:1,SG,0.0021936337569524386,0.006577118552755358,0.001892560456173866
2020,vw_50,HK0011000095,HANG SENG BANK DEAD - DELIST.28/01/26,HK,0.002182917531942849,0.019330171827464975,0.0037352558580478717
2020,vw_50,JP3421100003,JAPAN PETROLEUM EXP.,JP,0.002178450989236978,272.10897303699943,542.7532767058558
2020,vw_50,JP3885400006,MISUMI GROUP,JP,0.0021625952027644656,3.50603711148487,1.4082553753585516
2020,vw_50,HK0014000126,HYSAN DEVELOPMENT,HK,0.002153608503282873,0.044799114925312085,0.0058817361862311115
2020,vw_50,JP3452000007,TAIYO YUDEN,JP,0.0021423438884899857,15.092382797005516,10.158604468223103
2020,vw_50,JP3137200006,ISUZU MOTORS,JP,0.0021166240655737427,6.616849402532178,15.125675770973551
2020,vw_50,NZFBUE0001S0,FLETCHER BUILDING,NZ,0.0021099349221479534,165.4590624645004,273.38569825563604
2020,vw_50,JP3742600004,NHK SPRING,JP,0.0020832549404370773,14.143757479950812,44.18163790579036
2020,vw_50,JP3665200006,NICHIREI,JP,0.0020662243729371757,7.843937028873532,12.328429358099777
2020,vw_50,JP3695200000,NGK INSULATORS,JP,0.002066198455520939,74.69920876857508,55.794502887230095
2020,vw_50,JP3194000000,OKI ELECTRIC IND.,JP,0.0020636306226457348,2.232054054104065,8.876746603379603
2020,vw_50,AU000000STO6,SANTOS,AU,0.0019667141979420417,1318.174246747821,461.47709170358047
2020,vw_50,HK0010000088,HANG LUNG GROUP,HK,0.0019533833666566967,2.5941416049127595,0.945081477971104
2020,vw_50,JP3619800000,TOYOBO,JP,0.001950782590837033,226.9738444303736,573.4772906274612
2020,vw_50,JP3118000003,ASICS,JP,0.0019327710893309014,0.8261447050105547,1.0358528389506627
2020,vw_50,JP3407400005,SUMITOMO ELECTRIC IND.,JP,0.0019143217916687942,11.484175134291565,31.27294993134977
2020,vw_50,AU000000SGM7,SIMS,AU,0.0018916476310749239,18.8642903940604,55.62296256231087
2020,vw_50,JP3143000002,ITO EN,JP,0.0018005060603565443,5.278596632299338,5.466410049083807
2020,vw_50,JP3898400001,MITSUBISHI,JP,0.0017922193379269174,48.767534404362486,168.2020832875186
2020,vw_50,JP3596200000,TOTO,JP,0.0017733730715569322,32.80969421905807,24.30279682461259
2020,vw_50,HK0293001514,CATHAY PACIFIC AIRWAYS,HK,0.0017719359924384195,547.143054965261,1519.760143284738
2020,vw_50,JP3788600009,HITACHI,JP,0.0017250929027279526,18.395212041308625,41.93967430142345
2020,vw_50,JP3283650004,KOSE HOLDINGS,JP,0.001691790182621117,2.3671518959338083,0.924503536772395
2020,vw_50,JP3951600000,UNI CHARM,JP,0.0016626536659660358,4.7679842777978685,1.45498289607829
2020,vw_50,JP3721400004,JAPAN STEEL WORKS,JP,0.001653361146983566,45.13960115117382,65.83113651846806
2020,vw_50,JP3229400001,KANSAI PAINT,JP,0.0016182854859682864,12.547536618683518,7.3723516719937185
2020,vw_50,AU000000ORG5,ORIGIN ENERGY (EX BORAL),AU,0.0016109492873181085,1733.7677965894336,1716.8200983949973
2020,vw_50,JP3762800005,NOMURA RESEARCH INST.,JP,0.0016043685742233697,0.20717569597049487,0.06671625908592053
2020,vw_50,AU000000FLT9,FLIGHT CENTRE TRAVEL GP.,AU,0.0015779231208849411,24.969430283210414,20.086083213773314
2020,vw_50,JP3294460005,INPEX,JP,0.0015536801324119041,622.0902198775028,553.9245152616005
2020,vw_50,JP3888300005,MITSUI CHEMICALS,JP,0.0015395413178650283,299.7707270783931,825.7656402640698
2020,vw_50,JP3122400009,ADVANTEST,JP,0.0015349177864252737,1.792977531350092,0.4273895655890344
2020,vw_50,JP3165700000,NTT DATA GROUP DEAD - DELIST.26/09/25,JP,0.0014139492260666754,0.4366286138827652,0.4532103021902413
2020,vw_50,JP3160400002,EISAI,JP,0.0013845734262308506,8.12590694959989,2.088599843746701
2020,vw_50,JP3903000002,MITSUBISHI MATERIALS,JP,0.0013775738482366905,675.5618392732547,2833.6072135844606
2020,vw_50,JP3481800005,DAIKIN INDUSTRIES,JP,0.0013658374153067184,29.20407420215383,16.338217754910087
2020,vw_50,JP3368000000,RESONAC HOLDINGS,JP,0.0013216024828285567,408.7178265134342,933.1285269547647
2020,vw_50,JP3539220008,T & D HOLDINGS,JP,0.001318732358702196,0.09114852307287043,0.25389900752535716
2020,vw_50,AU000000CWY3,CLEANAWAY WASTE MANAGEMENT,AU,0.0012847908135513201,484.0855435676989,279.16980797374606
2020,vw_50,JP3560800009,TOKAI CARBON,JP,0.0012765152015287702,757.1552205541296,877.5937101776826
2020,vw_50,JP3626800001,LIXIL,JP,0.001239448496357871,32.06149594939767,99.31445690481483
2020,vw_50,JP3397200001,SUZUKI MOTOR,JP,0.0012167574198624388,15.747623475630046,23.349005068055742
2020,vw_50,JP3421800008,SECOM,JP,0.0011769413207537464,7.070051297290416,3.320179564413739
2020,vw_50,IE00BKVD2N49,SEAGATE TECHNOLOGY HOLDINGS,SG,0.00114967921228567,31.130347459329183,20.49912712267894
2020,vw_50,JP3148800000,IBIDEN,JP,0.0011399864382046366,52.5908395646071,43.818234557158114
2020,vw_50,SGXE34184239,SEATRIUM,SG,0.0011126410721613354,24.041816478031727,28.821256423535036
2020,vw_50,HK0000139300,TELEVISION BROADCASTS,HK,0.001082310029591085,1.4341004406786877,1.0141515115018667
2020,vw_50,AU000000ILU1,ILUKA RESOURCES,AU,0.0010731106053604438,452.1374543188192,151.14380632379624
2020,vw_50,JP3502200003,DAIWA SECURITIES GROUP,JP,0.001065004779823504,0.13405190094244046,0.10195811260028427
2020,vw_50,KYG525621408,KINGBOARD HOLDINGS,HK,0.0010490539545596,334.6404739078907,610.6216640610472
2020,vw_50,JP3419400001,SEKISUI CHEMICAL,JP,0.0010467595272721174,20.269883943440906,26.064078290589883
2020,vw_50,JP3635000007,TOYOTA TSUSHO,JP,0.0010418314438411698,6.8192892949485975,35.88608193290731
2020,vw_50,BMG2178K1009,CKI HOLDINGS,HK,0.0010095113803213647,9655.811994900696,454.6207253931041
2020,vw_50,JP3505000004,DAIWA HOUSE INDUSTRY,JP,0.000991789901453323,6.8466822420575495,12.984492454509306
2020,vw_50,HK0066009694,MTR,HK,0.000984218248379594,6.731963501230996,1.3634684216603163
2020,vw_50,JP3546800008,TERUMO,JP,0.0009837924845373309,10.553809756009464,2.2361738045162802
2020,vw_50,JP3982800009,ROHM,JP,0.000914731200456099,38.32295084828339,16.16575035126117
2020,vw_50,JP3526600006,CHUBU ELEC.POWER,JP,0.0009098794185950143,2.092807793951074,5.661199834692965
2020,vw_50,HK0002007356,CLP HOLDINGS,HK,0.0009090135335949529,4088.807021090376,1727.0122248190476
2020,vw_50,BMG4600H1198,HOPSON DEVELOPMENT HOLDINGS,HK,0.0008833760624454823,0.6005225966463443,0.7284442800913848
2020,vw_50,JP3256000005,KYOWA KIRIN,JP,0.0008665318622807338,6.108764806689676,1.3199543142958312
2020,vw_50,AU000000SHL7,SONIC HEALTHCARE,AU,0.0008646533198834569,1.7390656305283043,0.7641612945415482
2020,vw_50,JP3522200009,CHUGOKU ELEC.POWER,JP,0.0008561329087645875,1517.2396623926413,3664.529462083463
2020,vw_50,AU000000AMP6,AMP,AU,0.0008545233019873994,0.02242057589933351,0.08816064608094887
2020,vw_50,JP3634600005,TOYOTA INDS.,JP,0.0008518564390062745,11.570087488793124,13.411914059269744
2020,vw_50,JP3456000003,TAKASHIMAYA,JP,0.0008195505604486843,2.917161521057796,13.269766650358426
2020,vw_50,JP3040890000,JAPAN PRIME REALTY INV.,JP,0.0008185660028502255,4.377841957535272,0.3067237256613656
2020,vw_50,KYG217651051,CK HUTCHISON HOLDINGS,HK,0.0007960846503123135,231.3105233942915,262.03516400471557
2020,vw_50,JP3228600007,KANSAI ELECTRIC PWR.,JP,0.0007543526825634492,881.3949286034365,2456.4889143466444
2020,vw_50,JP3571400005,TOKYO ELECTRON,JP,0.0007481876894727955,2.710655441326169,0.7654432969173685
2020,vw_50,JP3277800003,KEIO,JP,0.0007149913995526475,24.677844413319953,13.738750086812766
2020,vw_50,SG1M51904654,CAPITALAND INTEG. COML. TST.,SG,0.0007133259885800225,0.024350494054131148,0.0020941124029790247
2020,vw_50,JP3638600001,DOWA HDG.,JP,0.0007039155773881456,275.48598618794387,537.5440118962066
2020,vw_50,SG1T58930911,FRASER AND NEAVE,SG,0.0007008086233105915,32.65412472227797,25.739661393283374
2020,vw_50,HK0012000102,HENDERSON LD.DEV.,HK,0.0006991285731640371,0.28650598563037577,0.04089068343368054
2020,vw_50,JP3613400005,TOYO SEIKAN GROUP HDG.,JP,0.0006851996528015197,60.233914816258235,125.75061000582606
2020,vw_50,AU000000BOQ8,BANK OF QLND.,AU,0.0006402576825212257,0.3718819894486816,0.24555535997183595
2020,vw_50,JP3774200004,HANKYU HANSHIN HDG.,JP,0.0006379706190813284,17.64846483837123,12.512521593113364
2020,vw_50,JP3659000008,WEST JAPAN RAILWAY,JP,0.0006351415297923041,11.373483861798062,10.357020063520983
2020,vw_50,JP3548610009,DENA,JP,0.0006267048144316904,0.011715226279595592,0.0053003029326983845
2020,vw_50,JP3605400005,TOHOKU ELECTRIC PWR.,JP,0.0006211779568675431,1443.48412915145,6385.056463930691
2020,vw_50,JP3351100007,SYSMEX,JP,0.0006030638983960671,1.4670498033479418,0.2703547109291866
2020,vw_50,JP3243600008,CANON MARKETING JAPAN,JP,0.0005855536078754784,1.008982835040495,1.5760710585237696
2020,vw_50,JP3762600009,NOMURA HDG.,JP,0.0005741036548901496,0.14699549360083797,0.15768769542851377
2020,vw_50,JP3663900003,SOJITZ,JP,0.0005583301056107129,60.348893542818494,248.01720055410502
2020,vw_50,JP3566800003,CENTRAL JAPAN RAILWAY,JP,0.0005561467089913705,4.136636152080652,1.7830815361662673
2020,vw_50,JP3385820000,GS YUASA,JP,0.0005520686933386735,17.963002419730234,40.175438596491226
2020,vw_50,SG1F60858221,SINGAPORE TECHS.ENGR.,SG,0.0005503747294241652,5.9130064576987,3.6790126395725418
2020,vw_50,SG1S83002349,UOL GROUP,SG,0.0005398799074086112,0.88934861207081,0.3074640842998562
2020,vw_50,JP3404600003,SUMITOMO,JP,0.0004899097226347594,15.824043983489688,42.0045727705357
2020,vw_50,JP3200450009,ORIX,JP,0.00048319684495533907,53.27976558823628,50.782726756150886
2020,vw_50,JP3670800006,NISSAN CHEMICAL,JP,0.000473029895523273,119.63048548791552,36.08161348396692
2020,vw_50,AU000000TAH8,TABCORP HOLDINGS,AU,0.0004724759920276051,1.20317384651726,0.7235237188767226
2020,vw_50,JP3173400007,OBIC,JP,0.0004589562733698652,0.4126246642266795,0.02167042889390519
2020,vw_50,HK0388045442,HONG KONG EXCHANGES AND CLEARING,HK,0.00044703278000354264,0.09493830154234706,0.003926268462627009
2020,vw_50,JP3402600005,SUMITOMO METAL MINING,JP,0.0004443116175530875,247.48228489197712,235.28329052703216
2020,vw_50,JP3890310000,MS&AD INSURANCE GP.HDG.,JP,0.0004419042937912245,0.47730460689330645,1.2005697210715494
2020,vw_50,JP3635400009,TOYOTA BOSHOKU,JP,0.000440012179153512,4.108199059308499,19.025941895808298
2020,vw_50,JP3914400001,MURATA MANUFACTURING,JP,0.00043477197657401325,20.81591125629992,7.542227464313423
2020,vw_50,JP3258000003,KIRIN HOLDINGS,JP,0.0004307118492066753,19.991445677194264,17.596834344288716
2020,vw_50,JP3371200001,SHIN-ETSU CHEMICAL,JP,0.0004158654773396078,131.60476623720805,38.69074609474238
2020,vw_50,JP3388200002,AEON,JP,0.00041225703723714877,2.7285847092549584,11.972239994966092
2020,vw_50,JP3935600001,YAMAZAKI BAKING,JP,0.0004014506764598337,40.05612364905345,92.5021232904259
2020,vw_50,JP3787000003,HITACHI CON.MCH.,JP,0.0003910615515277631,11.230160698040102,17.20877136187831
2020,vw_50,HK0000049939,CHINA UNICOM (HONG KONG),HK,0.0003832160054008801,4.70966937037796,7.763453774261278
2020,vw_50,JP3156400008,USHIO,JP,0.0003808426038920588,2.6749001419580054,2.1412383477294106
2020,vw_50,HK0003000038,HONG KONG AND CHINA GAS,HK,0.00037540982852183664,321.5855198567587,51.94869371581409
2020,vw_50,AU000000BLD2,BORAL DEAD - DELIST.08/07/24,AU,0.00036953624004995486,343.8663414455224,350.27996450496363
2020,vw_50,AU000000MQG1,MACQUARIE GROUP,AU,0.0003441346301104503,0.04237772626707403,0.01417199874502049
2020,vw_50,SG1R89002252,CITY DEVELOPMENTS,SG,0.000339435051051964,0.5806832426789014,0.2095309961866799
2020,vw_50,JP3347200002,SHIONOGI,JP,0.0003378436660947571,13.42101963429451,2.2893146701366027
2020,vw_50,JP3870400003,MARUI GROUP,JP,0.00033598289448078216,6.036924905689269,2.735204885582358
2020,vw_50,JP3164800009,NOK,JP,0.00033362378136427695,7.428595219819907,17.999162829635832
2020,vw_50,JP3197800000,OMRON,JP,0.0003287237166506229,5.405336595121996,2.801982585573138
2020,vw_50,JP3164630000,SQUARE ENIX HOLDINGS,JP,0.00031204080246034327,0.0,0.0
2020,vw_50,JP3112000009,AGC,JP,0.0003110453567145231,463.2591256999105,826.7346218925564
2020,vw_50,HK0000055878,CHINA TAIPING INSURANCE HLDGS,HK,0.0003082992718480224,0.15351604437813923,0.6384488638141224
2020,vw_50,JP3877600001,MARUBENI,JP,0.00029822948660188303,12.116760616727786,61.56363436584595
2020,vw_50,JP3165600002,NTN,JP,0.00027617065641320196,14.946984012030876,66.15779701649677
2020,vw_50,AU0000224040,WOODSIDE ENERGY GROUP,AU,0.000270342936129708,1955.4665419034943,431.28971616245275
2020,vw_50,AU000000CGF5,CHALLENGER,AU,0.000261148404072524,0.0011057830796390503,0.0005591199452062454
2020,vw_50,AU000000BPT9,BEACH ENERGY,AU,0.0002475291914955845,460.78925948037624,157.8390331490995
2020,vw_50,JP3102000001,AISIN,JP,0.0002284454375854887,17.579163131259037,62.39963602915722
2020,vw_50,JP3270000007,KURITA WATER IND.,JP,0.00022546723724513635,10.757475204019654,7.518992686333653
2020,vw_50,JP3826800009,FURUKAWA,JP,0.0002223376300719212,3.1515636328578194,9.82155545179561
2020,vw_50,KYG5427W1309,LEE & MAN PAPER MNFG.,HK,0.000222005871829779,1491.4486812129253,1691.7668606708237
2020,vw_50,JP3629000005,TOPPAN HOLDINGS,JP,0.0002218508357970118,18.29617161096772,35.081201751844716
2020,vw_50,JP3293200006,COCA-COLA BOTTLERS JAPAN HOLDINGS,JP,0.0002181323570922419,22.380571197144867,34.08515043581502
2020,vw_50,JP3039710003,JAPAN METROPOLITAN FUND INVESTMENT REIT,JP,0.00021586912407989137,10.25720289793113,1.1222956865920029
2020,vw_50,SG9999003735,XP POWER (DI),SG,0.00021285153899546486,0.7621657916746836,0.22146663167623198
2020,vw_50,BMG684371393,PACIFIC BASIN SHIP.,HK,0.00019945712098203786,923.4695695831507,1776.542898038225
2020,vw_50,AU000000IAG3,INSURANCE AUS.GROUP,AU,0.00019093933790851567,1.1453816991723087,0.6223777577622057
2020,vw_50,JP3672400003,NISSAN MOTOR,JP,0.00018058806549748499,7.917226849520452,33.39282027014461
2020,vw_50,JP3718800000,NISSUI,JP,0.00017773499485992947,33.702905074218805,125.91468220376089
2020,vw_50,JP3266400005,KUBOTA,JP,0.00017137708260242654,16.476008299152223,14.91241645715832
2020,vw_50,JP3582600007,TOKYO TATEMONO,JP,0.0001677483639085195,5.031066414451511,4.397239886348261
2020,vw_50,JP3351600006,SHISEIDO,JP,0.0001619337661839638,2.4947996186322947,1.0348183210024922
2020,vw_50,JP3143600009,ITOCHU,JP,0.00016188703980804688,11.636304323495507,32.60156302104542
2020,vw_50,JP3292200007,JTEKT,JP,0.00016128571114120042,7.859171942815479,28.69021068358487
2020,vw_50,AU000000GPT8,GPT GROUP STAPLED UNITS,AU,0.0001571105946093453,12.923055037165014,0.8822450734714375
2020,vw_50,JP3896800004,MITSUBISHI GAS CHM.,JP,0.00015619292440301094,106.87877465523177,170.6648854875412
2020,vw_50,JP3336000009,SANTEN PHARM.,JP,0.0001549463012848224,6.838921403373855,2.0151717559766125
2020,vw_50,SGXE21576413,GENTING SINGAPORE,SG,0.00014639767858336464,2.490895679744191,0.6045601105481345
2020,vw_50,JP3893600001,MITSUI,JP,0.00014571962747730432,50.22393815432174,106.21160778867947
2020,vw_50,JP3415400005,SEINO HDG.,JP,0.00014512176258553512,70.01591353524466,150.53575423160095
2020,vw_50,JP3166000004,EBARA,JP,0.0001376627090005807,37.247714363717485,67.49673828611076
2020,vw_50,JP3420600003,SEKISUI HOUSE,JP,0.00013660160488902198,3.195784804853452,4.750285518921859
2020,vw_50,NZAIRE0001S2,AIR NEW ZEALAND,NZ,0.00013342867415553673,836.5090721790109,1596.8842841846506
2020,vw_50,JP3544000007,TEIJIN,JP,0.00012878961389656266,88.31772350648156,198.68344313942163
2020,vw_50,JP3304200003,KOMATSU,JP,0.00012319692951042694,5.491109379123695,5.918172024615897
2020,vw_50,HK0008011667,PCCW,HK,0.00012123345519445504,1.5234961867049854,1.613267420065548
2020,vw_50,BMG2442N1048,COSCO SHIPPING PORTS,HK,0.0001143813691277641,80.62268913400901,36.460346896476494
2020,vw_50,JP3359600008,SHARP,JP,0.0001135022182266458,11.490639118923326,34.27979111092369
2020,vw_50,JP3280200001,KEIKYU,JP,0.00011242129716028386,28.934344058161678,17.640053937621488
2020,vw_50,AU000000CPU5,COMPUTERSHARE,AU,0.00011132688720811226,1.0187502355139524,0.3535069178442539
2020,vw_50,JP3549600009,DENKA,JP,0.00010203563251627916,515.367589543036,771.8186392537978
2020,vw_50,JP3977400005,RINNAI,JP,9.615861341973068e-05,11.639866837108743,9.966861265134305
2020,vw_50,JP3768600003,HASEKO,JP,8.91497043980367e-05,4.186119247648935,8.304022372264912
2020,vw_50,JP3598600009,TOHO,JP,8.64248278478499e-05,2.872148160276069,0.9826042495497385
2020,vw_50,AU000000CQR9,CHARTER HALL RETAIL REIT,AU,8.488047586540185e-05,1.911420556128901,0.18884995404411764
2020,vw_50,AU000000COH5,COCHLEAR,AU,7.319324902276706e-05,0.5522433031855251,0.06021623985668751
2020,vw_50,JP3485800001,DAICEL,JP,7.130292849618685e-05,435.65261071157624,529.3945873642367
2020,vw_50,JP3511800009,CHIBA BANK,JP,6.825378798367421e-05,1.1270374151105291,0.5356083978584257
2020,vw_50,AU000000IRE2,IRESS,AU,6.743583523922221e-05,0.46659584582968955,0.09923730823482418
2020,vw_50,JP3733400000,NIPPON ELEC.GLASS,JP,6.425468663160711e-05,310.25118087770653,375.1769823298797
2020,vw_50,JP3734800000,NIDEC,JP,5.828980780494162e-05,4.455828367240749,1.6322554743084305
2020,vw_50,HK0083000502,SINO LAND,HK,5.709308749366626e-05,4.666387497851438,0.428393358107872
2020,vw_50,AU000000RHC8,RAMSAY HEALTH CARE,AU,5.634500936852537e-05,6.519364369016399,5.227429511486059
2020,vw_50,JP3143900003,ITOCHU TECHNO-SOLUTIONS DEAD - DELIST.01/12/23,JP,5.412674522866865e-05,0.22929922437439412,0.1413398909823472
2020,vw_50,HK0144000764,CHINA MERCHANTS PORT HOLDINGS,HK,5.128795301407194e-05,47.03661541980321,10.062242283443391
2020,vw_50,BMG8063F1068,SHANGRI-LA ASIA,HK,4.981604893904302e-05,61.91604365074348,45.934619876670965
2020,vw_50,JP3400900001,SUMITOMO OSAKA CEMENT,JP,4.923755417044357e-05,4018.5358853034377,5445.770952678959
2020,vw_50,JP3906000009,MINEBEA MITSUMI,JP,4.698203313128246e-05,7.782128243906513,7.885406592011884
2020,vw_50,JP3122800000,AMADA,JP,4.175009567285482e-05,3.2349920719033185,2.536721125599134
2020,vw_50,AU000000MTS0,METCASH,AU,4.016639945423576e-05,1.6434646190953348,9.01822179329034
2020,vw_50,JP3126400005,ALPS ALPINE,JP,3.685343560351936e-05,5.718816114182649,11.40601156248467
2020,vw_50,JP3845400005,HOKURIKU ELEC.POWER,JP,3.3271802083081946e-05,2465.2140990870753,8256.800996610365
2020,vw_50,JP3830000000,BROTHER INDUSTRIES,JP,2.932990949589288e-05,2.9171113381138314,3.366730074518769
2020,vw_50,JP3326410002,SANKYO,JP,2.9124112196002862e-05,1.261634629695353,0.4633386450498026
2020,vw_50,JP3362700001,MITSUI OSK LINES,JP,2.57674315622207e-05,1044.4559385284301,3917.3168852822305
2020,vw_50,JP3429800000,ANA HOLDINGS,JP,2.1057888399075058e-05,649.1721932046732,1143.629562740366
2020,vw_50,JP3414750004,SEIKO EPSON,JP,2.086898168709713e-05,12.579269263835519,19.975035902228306
2020,vw_50,AU000000SIG5,SIGMA HEALTHCARE,AU,1.8864548616544295e-05,2.0458566712125186,10.9441085808502
2020,vw_50,JP3939000000,YAMADA HOLDINGS,JP,1.7617791666525562e-05,0.7352174997271341,2.257795037366508
2020,vw_50,NZTELE0001S4,SPARK NEW ZEALAND,NZ,1.6937091299150752e-05,1.0711183812103853,0.452822624731222
2020,vw_50,JP3108600002,ACOM,JP,1.6687085743803243e-05,0.0,0.0
2020,vw_50,SG1J26887955,SINGAPORE EXCHANGE,SG,1.4198559882045394e-05,0.06445929395586687,0.00668926150552979
2020,vw_50,JP3172100004,OKUMA,JP,1.3366342003366996e-05,3.7088390192688454,4.112674630492003
2020,vw_50,JP3180400008,OSAKA GAS,JP,1.3360253191208614e-05,361.1036541305696,649.0432658087145
2020,vw_50,JP3893200000,MITSUI FUDOSAN,JP,1.081655221843783e-05,5.9110993394346485,3.931691398517752
2020,vw_50,JP3358200008,SHIMAMURA,JP,1.0308402954626179e-05,0.11478723541388779,0.20099170237463995
2020,vw_50,JP3595200001,TOSOH,JP,8.924900618257197e-06,1040.2703221930035,1584.2911798837872
2020,vw_50,JP3574200006,TOKYU,JP,8.86062209334829e-06,13.743666297553926,13.432196156626025
2020,vw_50,JP3351500008,SHIZUOKA FINANCIAL GROUP,JP,7.504837912886573e-06,0.6323190347092006,0.31525266573945293
2020,vw_50,JP3459600007,TAKARA HDG.,JP,7.087249753790603e-06,33.51004034842649,48.38364857718317
2020,vw_50,JP3799000009,HIROSE ELECTRIC,JP,6.314848242245115e-06,1.805349808017563,0.4157835174660339
2020,vw_50,JP3792600003,HINO MOTORS,JP,6.234821676205461e-06,8.486030274027678,27.291871816716643
2020,vw_50,JP3119600009,AJINOMOTO,JP,6.098787243503257e-06,98.99122856719717,104.74763460745285
2020,vw_50,AU000000LLC3,LENDLEASE GROUP STAPLED UNITS,AU,5.563698227932328e-06,10.944685611299693,15.90273166145604
2020,vw_50,AU000000ERA9,ENERGY RES.OF AUS.,AU,5.293864312868608e-06,768.1159420289856,279.1594124714941
2020,vw_50,HK0270001396,GUANGDONG INVESTMENT,HK,4.827747977914097e-06,1455.209579974441,236.93787394295757
2020,vw_50,JP3783600004,EAST JAPAN RAILWAY,JP,3.046062768450392e-06,50.47033121407211,42.2429561379317
2020,vw_50,BMG5320C1082,KUNLUN ENERGY,HK,2.9893866018045666e-06,28.41600372096438,69.1053699532805
2020,vw_50,AU000000QAN2,QANTAS AIRWAYS,AU,2.9812209683456087e-06,765.507626784995,1469.0502552553025
2020,vw_50,JP3942800008,YAMAHA MOTOR,JP,2.4173994259528962e-06,8.500438624043493,19.74148952142349
2020,vw_50,AU000000WOR2,WORLEY,AU,2.395383007002097e-06,4.95129156199519,7.597900536799244
2020,vw_50,SG1V61937297,SINGAPORE AIRLINES,SG,1.7703274545125107e-06,1320.7818744283077,2187.3419098830923
2020,vw_50,JP3778630008,BANDAI NAMCO HDG.,JP,1.7155112060439571e-06,0.9260498061512389,0.48496800262939116
2020,vw_50,JP3600200004,TOHO GAS,JP,1.6595039492030522e-06,14.012338354610389,15.155964016343832
2020,vw_50,SG2B80958517,OUE,SG,1.0415570673679688e-06,2.378705288102504,1.577403002534607
2021,vw,JP3633400001,TOYOTA MOTOR,JP,0.03633115368305483,9.744521593169779,10.585344491179342
2021,vw,JP3436100006,SOFTBANK GROUP,JP,0.026717544328800965,0.25229903733580594,0.09057185527773763
2021,vw,JP3435000009,SONY GROUP,JP,0.019710146366205186,2.5018879394285785,1.6166808331974816
2021,vw,AU000000CBA7,COMMONWEALTH BK.OF AUS.,AU,0.018275661837909664,0.3601761363181233,0.0753087655091351
2021,vw,AU000000BHP4,BHP GROUP,AU,0.01580575579853305,200.0919590946263,100.30537524588473
2021,vw,JP3735400008,NTT,JP,0.015383450156210864,2.124363165238635,2.4285179020544034
2021,vw,AU000000CSL8,CSL,AU,0.014848700250569375,5.095693185592611,0.5854720104461661
2021,vw,JP3802300008,FAST RETAILING,JP,0.014497445745066081,0.5256680528634731,0.10858860154252334
2021,vw,JP3519400000,CHUGAI PHARM.,JP,0.013594417880872501,6.530537454498055,0.5646100203787522
2021,vw,HK0388045442,HONG KONG EXCHANGES AND CLEARING,HK,0.01337651454243742,0.046612163946862135,0.0011969480640714565
2021,vw,JP3734800000,NIDEC,JP,0.012895475240112746,4.041834060347008,0.730351624137683
2021,vw,JP3756600007,NINTENDO,JP,0.012271103015262286,0.036765734559230885,0.007563840773284713
2021,vw,JP3371200001,SHIN-ETSU CHEMICAL,JP,0.011450322995181016,151.97131852720426,28.93933829401024
2021,vw,JP3496400007,KDDI,JP,0.010823114313008364,0.5080693992419133,0.36867305835331643
2021,vw,JP3475350009,DAIICHI SANKYO,JP,0.010667694660332674,9.517064496294866,1.2838755112208884
2021,vw,JP3914400001,MURATA MANUFACTURING,JP,0.010050116119649594,18.45096453744527,4.342019976415647
2021,vw,JP3481800005,DAIKIN INDUSTRIES,JP,0.009987853762325418,23.684150579350927,8.643877737850048
2021,vw,JP3902900004,MITSUBISHI UFJ FINL.GP.,JP,0.009716599283067595,0.5038460430056978,0.4767628975332948
2021,vw,JP3571400005,TOKYO ELECTRON,JP,0.009662019063062077,2.37509517784426,0.4711380811488231
2021,vw,AU000000NAB4,NATIONAL AUS.BANK,AU,0.00950816911560066,0.5416620510345664,0.1786440682443123
2021,vw,AU000000WBC1,WESTPAC BANKING,AU,0.00934860387145407,0.33992682848788586,0.13182455697898615
2021,vw,JP3198900007,ORIENTAL LAND,JP,0.008978826844422345,22.87398720449046,0.8041856815788333
2021,vw,JP3463000004,TAKEDA PHARMACEUTICAL,JP,0.008666515155579974,9.625505737376322,5.306903865345918
2021,vw,JP3802400006,FANUC,JP,0.008465283656225698,9.951441189873766,0.8726159684014928
2021,vw,AU000000ANZ3,ANZ GROUP HOLDINGS,AU,0.00824312798636515,0.28236684956923674,0.1223296097449321
2021,vw,SG1L01001701,DBS GROUP HOLDINGS,SG,0.0076624547849748655,0.05549040137006314,0.015507652319664134
2021,vw,JP3854600008,HONDA MOTOR,JP,0.0075968520949547145,9.051446912985037,23.14208329992884
2021,vw,JP3551500006,DENSO,JP,0.007474002255769994,12.69923719694764,12.097269608445405
2021,vw,AU000000WES1,WESFARMERS,AU,0.007439189333527826,99.19920998819616,52.93951946171813
2021,vw,JP3837800006,HOYA,JP,0.007300895164739863,3.163024871853013,0.3440027950227096
2021,vw,JP3143600009,ITOCHU,JP,0.0070385330655209025,15.513353977532555,33.95058947578761
2021,vw,JP3890350006,SUMITOMO MITSUI FINL.GP.,JP,0.006763972787081821,0.2911168172786726,0.26467415721993043
2021,vw,BMG507361001,JARDINE MATHESON HDG.,HK,0.006649137862721183,134.52902031912583,103.74854075211613
2021,vw,JP3162600005,SMC,JP,0.006579447660323062,10.657878866652476,1.2627883263295063
2021,vw,JP3788600009,HITACHI,JP,0.006458806396374825,15.260742990787652,29.65006603215525
2021,vw,JP3726800000,JAPAN TOBACCO,JP,0.006238496699846264,17.68967023314898,8.86203067651223
2021,vw,HK0016000132,SUN HUNG KAI PROPERTIES,HK,0.006232059338762526,3.262444241999046,0.9542316401399422
2021,vw,AU000000WOW2,WOOLWORTHS GROUP,AU,0.0061720134052009054,9.941881331941651,10.830128610256928
2021,vw,JP3898400001,MITSUBISHI,JP,0.005902482462268355,57.13229381056878,180.13876208729795
2021,vw,AU000000MQG1,MACQUARIE GROUP,AU,0.005780505379182771,0.042374472232782935,0.012627147226019418
2021,vw,HK0066009694,MTR,HK,0.0055889479730640654,8.745824465095144,1.3480941483630986
2021,vw,JP3205800000,KAO,JP,0.005494151905468848,46.00987181725761,17.285136468295203
2021,vw,SG1S04926220,OVERSEA-CHINESE BKG.,SG,0.00545361269860501,0.0094489322885924,0.006821535674472863
2021,vw,HK0011000095,HANG SENG BANK DEAD - DELIST.28/01/26,HK,0.005439642322197972,0.011546599151318379,0.0020245911644602294
2021,vw,JP3910660004,TOKIO MARINE HOLDINGS,JP,0.005377557341563009,0.2591522043244732,0.38422704627975807
2021,vw,JP3902400005,MITSUBISHI ELECTRIC,JP,0.005240110813590754,6.124309616952777,7.249248639342991
2021,vw,JP3866800000,PANASONIC HOLDINGS,JP,0.005062479832133087,5.248435238674898,10.232193270627558
2021,vw,JP3818000006,FUJITSU,JP,0.005047106139264488,2.1703105795464257,2.332582034577574
2021,vw,JP3893600001,MITSUI,JP,0.00497780208434908,63.61806947908972,121.97390868354582
2021,vw,JP3933800009,LY,JP,0.004974810226210673,0.3306594819668116,0.11586286279716679
2021,vw,HK2388011192,BOC HONG KONG HOLDINGS,HK,0.004967281920003016,0.03838247087854749,0.01823371258612822
2021,vw,JP3942400007,ASTELLAS PHARMA,JP,0.004828585906680199,5.306598284823838,2.057013565834772
2021,vw,HK0291001490,CHINA RESOURCES BEER HOLDINGS,HK,0.004759752763329073,49.88693388996649,7.519146616433491
2021,vw,JP3546800008,TERUMO,JP,0.004739401535226011,10.743066884740744,2.056275407429684
2021,vw,JP3814000000,FUJIFILM HOLDINGS,JP,0.004654708090389861,31.235484561375223,21.65013848332349
2021,vw,JP3242800005,CANON,JP,0.004645391889943146,4.744268765028811,4.820396268978484
2021,vw,JP3566800003,CENTRAL JAPAN RAILWAY,JP,0.004613482922347385,7.464160727139616,2.415725214319058
2021,vw,SG1T75931496,SINGAPORE TELECOM,SG,0.004587967364089362,0.6490597635173723,0.26149394711479085
2021,vw,KYG2108Y1052,CHINA RESOURCES LAND,HK,0.0044982806869666055,20.099849038675217,18.30605945873325
2021,vw,AU000000TLS2,TELSTRA GROUP,AU,0.004485280388381989,1.9375810192607323,1.1578695759751074
2021,vw,AU000000TCL6,TRANSURBAN GROUP STAPLED UNITS,AU,0.004456914245454845,2.189386190963235,0.161939498445409
2021,vw,JP3351600006,SHISEIDO,JP,0.004399354724952635,3.280523569005124,1.0255960135057265
2021,vw,JP3634600005,TOYOTA INDS.,JP,0.00437502115472096,11.333295465326483,8.010516794688215
2021,vw,JP3388200002,AEON,JP,0.0043677455710528,2.636734939913022,7.762730698652951
2021,vw,JP3951600000,UNI CHARM,JP,0.004325561313124402,5.128768199903493,1.2882613624652168
2021,vw,JP3304200003,KOMATSU,JP,0.004323523835756274,5.134798827608526,3.779470612709913
2021,vw,KYG217651051,CK HUTCHISON HOLDINGS,HK,0.004291148665711874,234.377460516798,294.65367635197197
2021,vw,JP3266400005,KUBOTA,JP,0.0042888019564165355,17.523909077112688,11.309426645009175
2021,vw,JP3830800003,BRIDGESTONE,JP,0.004165664861177602,60.43772496118052,64.88837842359676
2021,vw,HK0003000038,HONG KONG AND CHINA GAS,HK,0.0039803015118344215,342.4244369835816,71.3018101510431
2021,vw,JP3201200007,OLYMPUS,JP,0.003965000025405679,4.222985896293734,1.1253974739029087
2021,vw,AU000000GMG2,GOODMAN GROUP,AU,0.003964901133977179,2.1047268365695175,0.13116174147003293
2021,vw,HK0688002218,CHINA OVERSEAS LAND INVESTMENT,HK,0.003932229289647282,1.1184494606876625,1.2055128089977345
2021,vw,JP3351100007,SYSMEX,JP,0.003867394185476911,1.433960842276038,0.16373274951284028
2021,vw,JP3783600004,EAST JAPAN RAILWAY,JP,0.0038241802009279496,76.19550751287704,59.107452834099746
2021,vw,JP3249600002,KYOCERA,JP,0.0037736325536179,8.958562869929414,5.328033363851419
2021,vw,KYG210961051,CHINA MENGNIU DAIRY,HK,0.0037458393530939663,23.529122175509876,10.895377971138142
2021,vw,JP3188220002,OTSUKA HOLDINGS,JP,0.0037199988658565882,26.764705035053996,15.28927101939304
2021,vw,HK0002007356,CLP HOLDINGS,HK,0.0036913815700951604,4644.565133232988,2027.946454389277
2021,vw,JP3397200001,SUZUKI MOTOR,JP,0.0036064824938759404,13.146604498449774,16.539328346580753
2021,vw,JP3756100008,NITORI HOLDINGS,JP,0.003521914625456932,6.301763090174576,1.8731289101515858
2021,vw,JP3358000002,SHIMANO,JP,0.0035132529920845683,6.050673416820617,0.9724054703839446
2021,vw,JP3672400003,NISSAN MOTOR,JP,0.003492294288063583,7.517857029112943,24.72122326006412
2021,vw,JP3899600005,MITSUBISHI ESTATE,JP,0.0034889586644832504,9.807783746564331,5.2600369643188145
2021,vw,JP3160400002,EISAI,JP,0.0034123539106162538,6.68247870385836,2.0704435659341214
2021,vw,JP3200450009,ORIX,JP,0.003395014946819384,45.90233640364757,45.670175639761865
2021,vw,JP3762800005,NOMURA RESEARCH INST.,JP,0.0033783446774437948,0.19362778698155192,0.046463737840439806
2021,vw,JP3421800008,SECOM,JP,0.0032885355633143257,6.113321391496044,2.9073385132806555
2021,vw,JP3116000005,ASAHI GROUP HOLDINGS,JP,0.0032507763043849664,25.604289744777063,23.85382146428663
2021,vw,JP3165700000,NTT DATA GROUP DEAD - DELIST.26/09/25,JP,0.0032467594287416395,0.3333217331293907,0.3500793854924705
2021,vw,JP3538800008,TDK,JP,0.0031780597103337263,10.305729077997096,6.718340509981616
2021,vw,HK0012000102,HENDERSON LD.DEV.,HK,0.0030981224722968262,2.1875357244318403,0.35775501508083557
2021,vw,JP3893200000,MITSUI FUDOSAN,JP,0.0030895236271330333,5.815806137233099,5.842845740235208
2021,vw,JP3258000003,KIRIN HOLDINGS,JP,0.0030284526760664915,20.05915233772657,18.29666829591673
2021,vw,JP3778630008,BANDAI NAMCO HDG.,JP,0.0030112691130858345,0.8636898851316767,0.31479915719940826
2021,vw,US89677Q1076,TRIP COM GROUP ADR 1:1,SG,0.00297995349406107,0.010149578472969606,0.0014222383292176214
2021,vw,JP3505000004,DAIWA HOUSE INDUSTRY,JP,0.0029722132776494846,5.388167146721484,11.428661964578543
2021,vw,JP3197800000,OMRON,JP,0.0029170773819981125,3.2451954207568185,1.0787468520631094
2021,vw,JP3173400007,OBIC,JP,0.0029096668036815254,0.2104179712158356,0.008955357542649891
2021,vw,AU0000224040,WOODSIDE ENERGY GROUP,AU,0.0028709971157278875,2260.913651945793,486.6583123929745
2021,vw,HK0823032773,LINK REAL ESTATE INVESTMENT TRUST,HK,0.0028352156853685127,2.2343750684327546,0.16947097484288917
2021,vw,HK0000049939,CHINA UNICOM (HONG KONG),HK,0.002744984320536404,12.002696031994748,30.30777834835189
2021,vw,JP3890310000,MS&AD INSURANCE GP.HDG.,JP,0.0026821631481559467,0.46314343111644884,1.1521005673887534
2021,vw,JP3404600003,SUMITOMO,JP,0.0026779783140546925,34.45692623593463,89.50557402263372
2021,vw,JP3733000008,NEC,JP,0.0026406679908166156,0.7928699146376407,1.3291986423106872
2021,vw,JP3762600009,NOMURA HDG.,JP,0.002633973198077737,0.12858082972157828,0.12824753203953504
2021,vw,JP3122400009,ADVANTEST,JP,0.0026259064829815834,1.3788950165069296,0.22775285049729027
2021,vw,JP3347200002,SHIONOGI,JP,0.0026088327993659256,15.071514781571244,2.6146984125647044
2021,vw,JP3111200006,ASAHI KASEI,JP,0.0024888947633536825,145.494859077936,183.3280040565572
2021,vw,IE00BKVD2N49,SEAGATE TECHNOLOGY HOLDINGS,SG,0.0024810148431780275,34.919976405819895,22.47341292110839
2021,vw,JP3197600004,ONO PHARM.,JP,0.0024809159517495284,3.5143061837522835,0.6390390876799591
2021,vw,AU000000NCM7,NEWCREST MINING DEAD - DELIST.08/11/23,AU,0.002480076159459892,290.6606285439366,86.60905350315166
2021,vw,AU000000ALL7,ARISTOCRAT LEISURE,AU,0.0024780088576926928,6.024843393918606,1.1972285110151357
2021,vw,JP3256000005,KYOWA KIRIN,JP,0.0024719482258603815,5.414918725047778,1.041539003737018
2021,vw,JP3684000007,NITTO DENKO,JP,0.002345028141055048,51.87095507356072,24.3310090372434
2021,vw,JP3592200004,TOSHIBA DEAD - DELIST.20/12/23,JP,0.0023357213588396175,9.709546207366293,18.817204301075268
2021,vw,JP3814800003,SUBARU,JP,0.002328598036577243,5.940259083276522,11.17999652165003
2021,vw,JP3409000001,SUMITOMO REAL.&DEV.,JP,0.00227749471362134,4.579067099733777,2.8566288925678163
2021,vw,JP3635000007,TOYOTA TSUSHO,JP,0.0022500248723715463,6.90979774496955,27.890632521421008
2021,vw,BMG2178K1009,CKI HOLDINGS,HK,0.0022437523303353076,8081.865973918327,523.8707578651331
2021,vw,JP3967200001,RAKUTEN GROUP,JP,0.0022368613244446453,0.11892490156021962,0.11557732523052308
2021,vw,JP3240400006,KIKKOMAN,JP,0.0021109725359650896,25.262292759220966,8.246450642873661
2021,vw,JP3402600005,SUMITOMO METAL MINING,JP,0.0021074187233599737,219.1967798509929,139.8078442851961
2021,vw,JP3420600003,SEKISUI HOUSE,JP,0.0020912130867278096,3.6938927753986057,6.455327258820342
2021,vw,JP3862400003,MAKITA,JP,0.0020325280875869637,0.9142392576887222,0.3765695869859528
2021,vw,AU000000SHL7,SONIC HEALTHCARE,AU,0.00202374872632353,5.774506976301158,2.6896949708901423
2021,vw,JP3119600009,AJINOMOTO,JP,0.001888906339301756,99.72557970792427,83.83347834505477
2021,vw,JP3877600001,MARUBENI,JP,0.0018629135906585938,13.543890283583663,67.23798272991392
2021,vw,HK0270001396,GUANGDONG INVESTMENT,HK,0.0018588386359223385,1015.4118972047365,256.3484676523143
2021,vw,HK0101000591,HANG LUNG PROPERTIES,HK,0.0018535612869919496,2.276601955666718,0.22323205463257326
2021,vw,HK0000608585,NEW WORLD DEVELOPMENT COMPANY,HK,0.0018530825269015962,5.293854070756167,3.593812604349406
2021,vw,HK0006000050,POWER ASSETS HOLDINGS,HK,0.0018066145434434448,42609.82159750493,606.5829601555616
2021,vw,JP3357200009,SHIMADZU,JP,0.0017975055440850132,0.5496962515937756,0.1746537271542009
2021,vw,JP3942600002,YAMAHA,JP,0.0017938104580106124,6.353682348806186,1.9251484770762943
2021,vw,JP3381000003,NIPPON STEEL,JP,0.0017833970336191191,1356.2252941620889,5560.078687831991
2021,vw,AU000000RHC8,RAMSAY HEALTH CARE,AU,0.0017631070240194141,6.272968005375982,4.895081859208749
2021,vw,JP3982800009,ROHM,JP,0.0017629390655614868,39.3257866049858,11.573214187135273
2021,vw,JP3359600008,SHARP,JP,0.0017621228188500642,12.165740095364082,24.051695110023143
2021,vw,JP3407400005,SUMITOMO ELECTRIC IND.,JP,0.001735384460230122,12.060023956297128,29.578091588967645
2021,vw,JP3596200000,TOTO,JP,0.001731344039008581,30.94692398694225,15.140882740662972
2021,vw,JP3196000008,ODAKYU ELECTRIC RY.,JP,0.0017281402706662478,20.29863864642588,7.266563905342105
2021,vw,JP3621000003,TORAY INDS.,JP,0.0017224830530740047,158.03337642414223,256.0763453804647
2021,vw,AU000000STO6,SANTOS,AU,0.001665331655927505,1666.3763526614764,603.2500094257814
2021,vw,AU000000ASX7,ASX,AU,0.0016635657375614467,0.030158634417033595,0.00207587316414967
2021,vw,HK0083000502,SINO LAND,HK,0.0016469300017005713,3.2928538330903203,0.27702137920714603
2021,vw,SG1M51904654,CAPITALAND INTEG. COML. TST.,SG,0.0016452990779829409,0.07515366239901226,0.004007029474563949
2021,vw,JP3429800000,ANA HOLDINGS,JP,0.0016343158505986663,618.7166942654995,519.9964270655547
2021,vw,JP3940000007,YAMATO HDG.,JP,0.001626142395547942,42.12284511953164,64.53510484056241
2021,vw,JP3659000008,WEST JAPAN RAILWAY,JP,0.0016237140615814598,14.595165285912932,13.445771345321523
2021,vw,AU000000COH5,COCHLEAR,AU,0.0015887849811534363,0.47469828117160345,0.04683077196674423
2021,vw,JP3277800003,KEIO,JP,0.0015877992062788724,31.724963318925045,9.973930503090871
2021,vw,JP3283650004,KOSE HOLDINGS,JP,0.001577362236309165,2.331465061216191,0.7234709089063548
2021,vw,AU000000SUN6,SUNCORP GROUP,AU,0.0015524447357377806,0.15987385200111545,0.18463019360892372
2021,vw,JP3900000005,MITSUBISHI HEAVY INDS.,JP,0.0015453575166953335,4.189305098045831,15.337906264061864
2021,vw,JP3885400006,MISUMI GROUP,JP,0.0015275711869123956,3.044968179592978,0.8948187241948379
2021,vw,JP3027670003,NIPPON BUILDING FUND,JP,0.0015203285670537358,15.379302044468632,1.2137806852347441
2021,vw,JP3573000001,TOKYO GAS,JP,0.0015188326379845325,229.71995984492764,405.85329958629217
2021,vw,JP3906000009,MINEBEA MITSUMI,JP,0.0015130027528187193,8.620865349603337,8.206441278295882
2021,vw,JP3771800004,HAMAMATSU PHOTONICS,JP,0.0015110186454278768,9.312642842148524,1.3088333525518563
2021,vw,JP3102000001,AISIN,JP,0.001505163644978635,17.749094360994928,60.18461063549985
2021,vw,JP3551520004,DENTSU GROUP,JP,0.0014796276805528268,0.3575161590030458,0.3389506850623001
2021,vw,SG1M77906915,CAPITALAND ASCENDAS REIT,SG,0.001467297646094705,0.7366909439818661,0.061192177671273905
2021,vw,SG1V61937297,SINGAPORE AIRLINES,SG,0.0014651220346677213,567.7441237868717,423.58218677614764
2021,vw,JP3526600006,CHUBU ELEC.POWER,JP,0.0014643701458700842,3.9896020814406903,11.791251962975467
2021,vw,SG9999000020,FLEX,SG,0.001451923953226106,3.17205059310087,8.262682087774037
2021,vw,AU000000QBE9,QBE INSURANCE GROUP,AU,0.0014453767127773696,0.3781466249341749,0.7087353862694736
2021,vw,JP3228600007,KANSAI ELECTRIC PWR.,JP,0.001431472263989331,998.5789158163234,3133.1111688636383
2021,vw,JP3300200007,KONAMI GROUP,JP,0.0014295289689340597,14.286684119465844,3.9052420173954294
2021,vw,AU000000IAG3,INSURANCE AUS.GROUP,AU,0.0014282088468488554,0.8142902115773165,0.6154806574212679
2021,vw,JP3675600005,NISSIN FOODS HOLDINGS,JP,0.0013860685406664574,60.33710596045625,32.16264331628562
2021,vw,SG1F60858221,SINGAPORE TECHS.ENGR.,SG,0.001382065792370059,6.706131005759449,4.088762490601525
2021,vw,AU000000APA1,APA GROUP,AU,0.0013742125571830463,742.4466624715218,163.34048767560787
2021,vw,JP3419400001,SEKISUI CHEMICAL,JP,0.001372118570427205,20.082760760303643,23.223223223223222
2021,vw,JP3137200006,ISUZU MOTORS,JP,0.001359650401910227,6.418589498727804,13.183718895105185
2021,vw,JP3143900003,ITOCHU TECHNO-SOLUTIONS DEAD - DELIST.01/12/23,JP,0.0013352195099552676,0.2166118352335969,0.11885476206710885
2021,vw,JP3294460005,INPEX,JP,0.0013344440755794162,907.5409592945116,783.1798655254998
2021,vw,JP3711600001,NIPPON SANSO HOLDINGS,JP,0.0013318415043341498,128.21510415496178,116.32758413419042
2021,vw,JP3670800006,NISSAN CHEMICAL,JP,0.0013080384944649,111.81147453181106,26.430153773781893
2021,vw,JP3774200004,HANKYU HANSHIN HDG.,JP,0.0013026371388225834,19.2170411200513,12.625246878694142
2021,vw,JP3027680002,JAPAN REAL ESTATE INV.,JP,0.0012888990787872578,4.893430155319013,0.4023826312949925
2021,vw,AU000000SGP0,STOCKLAND STAPLED UNITS,AU,0.0012807727148929616,2.333174956850965,0.6126736051533707
2021,vw,JP3401400001,SUMITOMO CHEMICAL,JP,0.0012733197545355891,300.74870123810746,782.3132606165802
2021,vw,JP3942800008,YAMAHA MOTOR,JP,0.00126442109567587,10.786606041505166,18.746019627195025
2021,vw,JP3260800002,KINTETSU GROUP HDG.,JP,0.0012629110392597385,6.434341742999646,5.8269623008055405
2021,vw,JP3229400001,KANSAI PAINT,JP,0.0012540908656607332,4.473960378077215,1.9199333111370902
2021,vw,JP3112000009,AGC,JP,0.0012534614138698095,511.9910842110731,861.5799221823019
2021,vw,SG1J26887955,SINGAPORE EXCHANGE,SG,0.0012514145182703962,0.07915458037112538,0.008153240787778668
2021,vw,BMG5320C1082,KUNLUN ENERGY,HK,0.001250227821128405,30.23863360314388,60.279758384778894
2021,vw,JP3180400008,OSAKA GAS,JP,0.0012440290552372373,403.91574830810754,658.0782411636745
2021,vw,NZAIAE0002S6,AUCKLAND INTL.AIRPORT,NZ,0.0012305578450883385,7.235195726307327,0.21353620548458943
2021,vw,SGXE21576413,GENTING SINGAPORE,SG,0.0012243590791971707,4.17053698014012,0.42654228948208506
2021,vw,JP3502200003,DAIWA SECURITIES GROUP,JP,0.001223100175615323,0.15161503322475994,0.10806079639010205
2021,vw,AU000000SEK6,SEEK,AU,0.0012045337023408908,0.0,0.0
2021,vw,JP3452000007,TAIYO YUDEN,JP,0.001196088688288097,15.238039952689514,5.511933993278065
2021,vw,AU000000TAH8,TABCORP HOLDINGS,AU,0.0011764014454906733,0.6795753723718989,0.35599867100945903
2021,vw,JP3626800001,LIXIL,JP,0.0011759650674411052,34.96388328395498,62.202751604123534
2021,vw,JP3539220008,T & D HOLDINGS,JP,0.0011732494774204113,0.0967828546036112,0.25179514418014726
2021,vw,JP3574200006,TOKYU,JP,0.001168446179464733,14.781219144262556,18.55642265369647
2021,vw,JP3443600006,TAISEI,JP,0.0011536375804732729,16.390815562280157,32.92790285996525
2021,vw,JP3164630000,SQUARE ENIX HOLDINGS,JP,0.001149272230272377,0.0,0.0
2021,vw,AU000000DXS1,DEXUS STAPLED UNITS,AU,0.0011466241375758968,20.108611762064466,2.157922764901002
2021,vw,AU000000MGR9,MIRVAC GROUP STAPLED UNITS,AU,0.001138310978761102,4.496450059059334,0.8745475230116868
2021,vw,JP3598600009,TOHO,JP,0.0011224757925595065,2.876709297461225,0.7635434569499935
2021,vw,JP3210200006,KAJIMA,JP,0.0011203943634453793,6.641577216047936,17.372762030987964
2021,vw,JP3486800000,DAITO TST.CONSTRUCTION,JP,0.0011147622611365642,2.3212251706430127,4.819107456915428
2021,vw,JP3688370000,NIPPON EXPRESS HOLDINGS,JP,0.0011083217606423985,28.645010668119358,80.30365261234722
2021,vw,JP3108600002,ACOM,JP,0.0010943042930789322,0.0,0.0
2021,vw,SG1U68934629,KEPPEL,SG,0.0010929857406989422,5.806538501479827,4.111446215711618
2021,vw,JP3786200000,HITACHI METALS DEAD - DELIST.29/12/22,JP,0.0010851482025640723,48.36735030514765,50.05012244921576
2021,vw,JP3385980002,J S R DEAD - DELIST.25/06/24,JP,0.0010841027788913659,97.59407371605701,57.77241721820744
2021,vw,HK0004000045,WHARF HOLDINGS,HK,0.00107174919885503,6.488791265585633,2.5743624143380432
2021,vw,JP3414750004,SEIKO EPSON,JP,0.0010683931691069122,13.597917051933184,18.354825581480767
2021,vw,JP3148800000,IBIDEN,JP,0.0010603154660742587,52.74209557616316,22.946407554845617
2021,vw,JP3495000006,SUMITOMO PHARMA,JP,0.001050088836603264,3.9404653319217067,2.91701296915267
2021,vw,AU000000QAN2,QANTAS AIRWAYS,AU,0.0010478441581468522,617.9574537140894,484.8763074083728
2021,vw,HK0023000190,BANK OF EAST ASIA,HK,0.0010442369755644507,1.6264077516135051,0.8644377100732964
2021,vw,JP3322930003,SUMCO,JP,0.0010428650532071752,9.740400294376542,4.064000481659316
2021,vw,HK0000055878,CHINA TAIPING INSURANCE HLDGS,HK,0.0010422340317110372,0.08113869468189966,0.43217745433514865
2021,vw,JP3336000009,SANTEN PHARM.,JP,0.0010318928137594005,6.480036385883986,2.260488606285558
2021,vw,AU000000ORG5,ORIGIN ENERGY (EX BORAL),AU,0.0010245858359869554,1572.0952979041404,2281.205714504577
2021,vw,AU000000BSL0,BLUESCOPE STEEL,AU,0.0010158755417529492,1034.6720475855507,1365.934459868722
2021,vw,NZTELE0001S4,SPARK NEW ZEALAND,NZ,0.001007394424480227,1.100332301141177,0.4361355183218989
2021,vw,JP3600200004,TOHO GAS,JP,0.0010062956308302354,16.47557046331548,10.961154189928449
2021,vw,AU000000LLC3,LENDLEASE GROUP STAPLED UNITS,AU,0.0010047887138245324,4.697980152143763,6.133135868198271
2021,vw,SG1B51001017,JARDINE CYC.& CARR.,SG,0.0010017058127836983,219.66797222228118,470.3133594191952
2021,vw,AU000000GPT8,GPT GROUP STAPLED UNITS,AU,0.0009964818338305946,14.262175870099506,1.2203440024825896
2021,vw,JP3944130008,USS,JP,0.000991841785217201,6.397870788601553,0.7121774429664565
2021,vw,JP3174410005,OJI HOLDINGS,JP,0.000984759275290397,478.35911602716,998.9591187098811
2021,vw,JP3820000002,FUJI ELECTRIC,JP,0.0009844578918892562,24.99608431765202,32.240525160206076
2021,vw,JP3888300005,MITSUI CHEMICALS,JP,0.0009839995379666883,327.09940752151965,596.6158798728284
2021,vw,KYG0535Q1331,ASMPT,HK,0.0009799716743868615,1.9509818447957032,0.592660935475242
2021,vw,JP3190000004,OBAYASHI,JP,0.0009579863831557407,12.556188517887827,36.24464809756561
2021,vw,JP3436120004,SBI HDG.,JP,0.0009577399394370996,0.01998389533140939,0.01393122889828564
2021,vw,JP3787000003,HITACHI CON.MCH.,JP,0.0009458525618494032,12.957804666082055,16.427716751830086
2021,vw,JP3955000009,YOKOGAWA ELECTRIC,JP,0.0009335915944207095,3.2712994314349366,1.9717329459475816
2021,vw,AU000000CPU5,COMPUTERSHARE,AU,0.0009330327793644279,1.4521817581977545,0.602792732166891
2021,vw,AU000000CIM7,CIMIC GROUP DEAD - DELIST.11/05/22,AU,0.0009317785848982231,19.398085830626034,19.373282726949583
2021,vw,JP3830000000,BROTHER INDUSTRIES,JP,0.0009266095456276189,3.1122531507351012,3.109485217886256
2021,vw,BMG677491539,ORIENT OVERSEAS (INTL.),HK,0.0009258372506621962,676.4105403373532,939.9761959661996
2021,vw,BMG2624N1535,DFI RETAIL GROUP HOLDINGS,HK,0.0009216681136130847,34.06364158820269,59.60896518836432
2021,vw,JP3799000009,HIROSE ELECTRIC,JP,0.0009191157729346752,1.5244188714401308,0.3188542424521889
2021,vw,JP3695200000,NGK INSULATORS,JP,0.000913865108992929,64.24934977954442,45.34609894724909
2021,vw,JP3766550002,HAKUHODO DY HDG.,JP,0.000909006871354751,0.02666319908344228,0.05612214942651798
2021,vw,JP3973400009,RICOH,JP,0.0009067292290888396,7.2206334055224355,20.311507280448303
2021,vw,JP3585800000,TOKYO ELECTRIC POWER CO. HDG.,JP,0.0009000517031073183,3.738224340123759,35.403539307520724
2021,vw,HK0019000162,SWIRE PACIFIC 'A',HK,0.0008963911505476314,16.561842792663743,29.94447139252299
2021,vw,JP3493800001,DAI NIPPON PRINTING,JP,0.0008915297734990251,25.601151441145184,57.57447707585041
2021,vw,BMG4600H1198,HOPSON DEVELOPMENT HOLDINGS,HK,0.0008875380131391264,0.29294747557756207,0.2297419426723993
2021,vw,JP3977400005,RINNAI,JP,0.0008873166847039139,11.06032676736856,6.220147326261861
2021,vw,JP3143000002,ITO EN,JP,0.000878063272465769,7.832887017013505,5.899378062536982
2021,vw,JP3386030005,JFE HOLDINGS,JP,0.0008736367037615164,1503.890623132239,8372.846821821868
2021,vw,JP3595200001,TOSOH,JP,0.0008695648884356899,1121.7432967042066,1369.7566822572464
2021,vw,JP3358800005,SHIMIZU,JP,0.0008655903948331483,10.815723679927537,27.808173220778514
2021,vw,JP3720800006,NSK,JP,0.0008365116057387237,17.52270431400219,22.517873562139947
2021,vw,JP3896800004,MITSUBISHI GAS CHM.,JP,0.00082365572003382,118.82924982894411,124.44732428723891
2021,vw,HK0144000764,CHINA MERCHANTS PORT HOLDINGS,HK,0.0008214691206703365,53.63825351214388,11.827849509006796
2021,vw,JP3792600003,HINO MOTORS,JP,0.0008126740623547596,9.430026980971315,26.26882277043367
2021,vw,JP3629000005,TOPPAN HOLDINGS,JP,0.0008064282053071635,17.327866476333107,47.05213676045509
2021,vw,HK0836012952,CHINA RESOURCES POWER,HK,0.0008017269381904132,17055.72578687623,29963.1718061674
2021,vw,JP3268950007,MEDIPAL HOLDINGS,JP,0.0007998009098924989,1.0960793745229205,6.5666201525740755
2021,vw,HK0293001514,CATHAY PACIFIC AIRWAYS,HK,0.0007951859765625336,994.3401782439225,1188.4905336341726
2021,vw,JP3270000007,KURITA WATER IND.,JP,0.0007948579081727504,5.53694964697991,2.764754904477718
2021,vw,JP3676800000,NISSHIN SEIFUN,JP,0.0007927686305325519,13.261580560900835,17.226255982163895
2021,vw,JP3939000000,YAMADA HOLDINGS,JP,0.0007910874762480644,3.3849806153443427,10.714880985451572
2021,vw,JP3613000003,TOYO SUISAN KAISHA,JP,0.0007874504692665917,41.911676497302835,33.15027259770161
2021,vw,SG1R89002252,CITY DEVELOPMENTS,SG,0.0007813929768447085,1.6734401147501794,0.5315430417279368
2021,vw,AU0000088338,AMPOL,AU,0.0007798075745782918,47.258119700575136,111.0747887420338
2021,vw,JP3209000003,CASIO COMPUTER,JP,0.000779515609408437,1.6700011307179137,0.7286548530004028
2021,vw,JP3039710003,JAPAN METROPOLITAN FUND INVESTMENT REIT,JP,0.0007762129496376045,9.376907192362033,1.1340839966349576
2021,vw,KYG525621408,KINGBOARD HOLDINGS,HK,0.0007714441851966404,203.44339641128713,232.3661228426437
2021,vw,JP3982100004,LAWSON DEAD - DELIST.24/07/24,JP,0.0007684821514573055,0.6677848179898124,0.8783199985293246
2021,vw,AU000000BLD2,BORAL DEAD - DELIST.08/07/24,AU,0.0007582272672924538,609.0577968164733,273.27042592922294
2021,vw,AU000000ORI1,ORICA,AU,0.0007547205458437659,382.8078817038995,338.59951248325723
2021,vw,AU000000OZL8,OZ MINERALS DEAD - DELIST.03/05/23,AU,0.0007476662906108189,93.12779410420049,19.886208561651024
2021,vw,JP3126340003,ALFRESA HOLDINGS,JP,0.000739571320820808,1.4077784803282114,7.451719505128907
2021,vw,JP3522200009,CHUGOKU ELEC.POWER,JP,0.0007355073540210529,1420.766108939054,3711.7834490058985
2021,vw,SG1S83002349,UOL GROUP,SG,0.0007351117883070558,1.1330489470400784,0.3587352021729104
2021,vw,JP3868400007,MAZDA MOTOR,JP,0.0007313068228676558,3.5979663552311503,20.82045470155917
2021,vw,AU000000JBH7,JB HI-FI,AU,0.0007068775006179105,0.06363750969498617,0.09494476211624937
2021,vw,JP3511800009,CHIBA BANK,JP,0.0007064458316839852,1.1042930816607657,0.5388290189978892
2021,vw,JP3499800005,MITSUBISHI HC CAPITAL,JP,0.0007037663448832196,0.389440466506719,0.7440731761173922
2021,vw,HK0008011667,PCCW,HK,0.0007028245217546552,1.3340616206892828,1.4624460907261532
2021,vw,JP3743000006,NH FOODS,JP,0.0006981279637535477,31.071287237134904,78.4708747141659
2021,vw,JP3280200001,KEIKYU,JP,0.000696451518584703,29.383346852724674,15.291773631173609
2021,vw,JP3305990008,YOKOHAMA FINANCIAL GROUP,JP,0.0006955426592656384,0.3320488286540663,0.2058207553982812
2021,vw,NZCENE0001S6,CONTACT ENERGY,NZ,0.0006778128388704143,694.9203838496848,241.9458603225037
2021,vw,JP3305530002,COMSYS HOLDINGS,JP,0.0006770421136102059,16.984182819253572,20.866274998956683
2021,vw,HK0392044647,BEIJING ENTERPRISES HOLDINGS,HK,0.0006759966899374994,50.908019397066504,104.32462870252546
2021,vw,JP3351500008,SHIZUOKA FINANCIAL GROUP,JP,0.0006746341858115096,0.67306561316184,0.3355173761703553
2021,vw,JP3605400005,TOHOKU ELECTRIC PWR.,JP,0.0006737127688507308,1525.6566803111848,7255.409520569808
2021,vw,JP3122800000,AMADA,JP,0.0006682925767458428,3.322856827154402,1.9565748430982
2021,vw,JP3419050004,SEGA SAMMY HDG.,JP,0.0006656209384711487,2.163697397703775,1.436885968842709
2021,vw,JP3494600004,SCREEN HOLDINGS,JP,0.0006592573535324822,3.556442525456174,2.5272150632875223
2021,vw,JP3358200008,SHIMAMURA,JP,0.0006538575675953796,0.11061105014249306,0.13467835639590156
2021,vw,JP3870400003,MARUI GROUP,JP,0.0006477121716814973,5.16529406778319,2.6876182951920957
2021,vw,JP3246400000,KYUSHU ELEC.POWER,JP,0.0006430548563107465,1129.679663517938,5397.079572139255
2021,vw,JP3753000003,NIPPON YUSEN KK,JP,0.0006374980998522168,784.3627210352516,2868.58117923994
2021,vw,JP3398000004,SUZUKEN,JP,0.0006328266571345375,1.8071101500420526,9.101327049485302
2021,vw,JP3935600001,YAMAZAKI BAKING,JP,0.0006310214961381225,39.97926878124545,96.01990049751244
2021,vw,KYG5427W1309,LEE & MAN PAPER MNFG.,HK,0.0006293638874318492,1538.293940871304,1280.3880716509038
2021,vw,AU000000WOR2,WORLEY,AU,0.0006210978197734827,3.0614880497141095,6.45853446489317
2021,vw,AU000000AMP6,AMP,AU,0.0006173525031322251,0.058128655436422774,0.03712254508100851
2021,vw,JP3665200006,NICHIREI,JP,0.0006095290923442837,7.703787181778563,10.816156247102816
2021,vw,BMG668971101,CTF SERVICES,HK,0.0006082843161093645,7.360413095300549,6.2634994774395825
2021,vw,HK0014000126,HYSAN DEVELOPMENT,HK,0.0006074303964727995,1.144939284789022,0.14161267898628063
2021,vw,JP3269600007,KURARAY,JP,0.0006036709524846135,382.7306796175642,513.032534531536
2021,vw,BMG524401079,KERRY PROPERTIES,HK,0.0006017041118511282,2.3265567919983523,1.13742196528776
2021,vw,JP3131430005,AEON MALL DEAD - DELIST.27/06/25,JP,0.0006015298745723438,5.370510912671094,3.816947277225139
2021,vw,JP3738600000,NITERRA,JP,0.0006001265581107828,15.891440731835392,16.24302282393191
2021,vw,JP3634200004,TOYODA GOSEI,JP,0.0005952416354839624,14.6316893423366,26.107181848388475
2021,vw,AU000000BEN6,BENDIGO & ADELAIDE BANK,AU,0.0005947848512666087,0.8579732401306741,0.38689415832046764
2021,vw,JP3368000000,RESONAC HOLDINGS,JP,0.0005835928530888355,375.73496879327337,936.2938257326143
2021,vw,AU000000IGO4,IGO,AU,0.0005828833463319837,95.29100417654635,17.056523390056903
2021,vw,NZFBUE0001S0,FLETCHER BUILDING,NZ,0.0005824375500511299,157.02567799127718,221.80358928335613
2021,vw,AU000000ANN9,ANSELL,AU,0.0005782888191698039,66.86914926762118,35.65359956135351
2021,vw,JP3224200000,KAWASAKI HEAVY INDUSTRY,JP,0.0005774364692384532,9.530616033108407,37.922269975507184
2021,vw,JP3375800004,SHINKO ELEC.INDS. DEAD - DELIST.06/06/25,JP,0.0005763784879240325,26.90087132334095,12.290945534860795
2021,vw,JP3544000007,TEIJIN,JP,0.0005738575413499086,91.44429175108091,194.21034347877227
2021,vw,JP3263000006,KINDEN,JP,0.0005685221133265915,3.11236672847136,4.6851876394318905
2021,vw,JP3765400001,HOUSE SHOKUHIN GP.HONSHA K K,JP,0.0005672898947333863,19.654309101418832,14.912326818834586
2021,vw,BMG988031446,YUE YUEN INDL.HDG.,HK,0.0005628523380926339,1.6567682652192508,3.9043762480059794
2021,vw,JP3768600003,HASEKO,JP,0.0005606594599082933,5.143856319602523,10.80590746832785
2021,vw,HK0010000088,HANG LUNG GROUP,HK,0.0005542346564662701,2.1444702605254764,0.7465687857211639
2021,vw,JP3405400007,SUMITOMO HEAVY INDS.,JP,0.0005534450947434904,4.583061919457311,10.372710796729244
2021,vw,AU000000CWY3,CLEANAWAY WASTE MANAGEMENT,AU,0.0005508393840877955,491.95697565800316,244.92831679105433
2021,vw,JP3549600009,DENKA,JP,0.0005455777322095494,550.8258529639239,533.9977615826589
2021,vw,JP3791200003,HITACHI TRANSPORT SYSTEM DEAD - DELIST.24/02/23,JP,0.0005442324948409166,6.717543079554712,11.729976060684722
2021,vw,AU000000CGF5,CHALLENGER,AU,0.0005417350938450067,0.001088447939205235,0.000286857576661963
2021,vw,JP3588600001,TBS HOLDINGS,JP,0.0005362222891324767,1.4179504001337275,1.2862734077463283
2021,vw,JP3362700001,MITSUI OSK LINES,JP,0.0005322022740787212,1013.1606501692205,2899.6130318599835
2021,vw,JP3560800009,TOKAI CARBON,JP,0.0005314896279114407,1079.462521530584,611.3552594272753
2021,vw,JP3166000004,EBARA,JP,0.0005264445953527643,40.93812523454134,60.826887869806605
2021,vw,JP3118000003,ASICS,JP,0.0005232015843800743,0.9852005739864214,0.9246591781874041
2021,vw,JP3040890000,JAPAN PRIME REALTY INV.,JP,0.000517371699214261,3.8031762169693204,0.3677206779167349
2021,vw,JP3635400009,TOYOTA BOSHOKU,JP,0.0005045126740989288,4.64052997181541,17.009016633168017
2021,vw,JP3449020001,TAIHEIYO CEMENT,JP,0.0005039632772739329,2889.2907103333655,7484.364098475033
2021,vw,JP3293200006,COCA-COLA BOTTLERS JAPAN HOLDINGS,JP,0.0004990720758262555,24.998603233517724,59.247342265836316
2021,vw,JP3292200007,JTEKT,JP,0.0004957898222232086,8.449665598082694,31.344091638726102
2021,vw,BMG8063F1068,SHANGRI-LA ASIA,HK,0.0004879365870361961,146.81057641909572,48.838653223782835
2021,vw,JP3780100008,PARK24,JP,0.0004860654984207816,58.40012901372535,44.90786490728362
2021,vw,HK0000745908,YUEXIU PROPERTY COMPANY,HK,0.0004828334753845915,0.5195856066626781,1.135002194443993
2021,vw,JP3243600008,CANON MARKETING JAPAN,JP,0.00048140504363960226,1.1183723902394627,1.891191287477379
2021,vw,JP3657400002,NIKON,JP,0.0004797348772916148,7.535152783680785,11.091515308175813
2021,vw,JP3667600005,JGC HOLDINGS,JP,0.0004738673192006588,19.98308458253778,27.93300715840243
2021,vw,JP3903000002,MITSUBISHI MATERIALS,JP,0.00046994776528061684,655.4388711822614,3064.9395763328944
2021,vw,JP3663900003,SOJITZ,JP,0.000467290254352851,47.54447230492043,242.50956522323335
2021,vw,AU000000BPT9,BEACH ENERGY,AU,0.00045867414243170137,490.0879860960243,191.46110251741933
2021,vw,JP3870000001,MABUCHI MOTOR,JP,0.000458242473497776,3.693737526188798,1.4017106899280305
2021,vw,JP3551200003,ELEC.POWER DEV.,JP,0.0004551988150872989,6671.917366846498,18476.49918962723
2021,vw,JP3134800006,IHI,JP,0.00044840984003556415,4.9948162893987185,20.484483573416412
2021,vw,AU000000BOQ8,BANK OF QLND.,AU,0.0004421686921036109,0.2885016943590185,0.15229561679724804
2021,vw,AU000000DOW2,DOWNER EDI,AU,0.00044134930598175995,33.87527278840892,109.14083089409496
2021,vw,JP3126400005,ALPS ALPINE,JP,0.0004398376798604141,4.725384051027352,11.41489771737734
2021,vw,JP3415400005,SEINO HDG.,JP,0.0004395205994071308,70.63593827407068,141.97005735673318
2021,vw,JP3582600007,TOKYO TATEMONO,JP,0.00043673437265179455,4.957879049337203,5.679535055907587
2021,vw,HK0200030994,MELCO INTL.DEV.,HK,0.0004266662834074416,8.569838234343099,5.4603716525699655
2021,vw,JP3131400008,AEON FINANCIAL SERVICE,JP,0.0004132735585192563,0.5471338546759411,0.9867783850714635
2021,vw,AU000000MTS0,METCASH,AU,0.0004123191777489778,1.439809139933286,5.731460789651011
2021,vw,JP3385820000,GS YUASA,JP,0.00040952667217278446,17.6414287825406,24.480057034657754
2021,vw,SG1N31909426,COMFORTDELGRO CORPORATION,SG,0.0004055725847380284,344.8213055523891,323.1314949201742
2021,vw,JP3902000003,MITSUBISHI LOGISTICS,JP,0.00039871454265686556,2.3516572997985983,1.8783020873522673
2021,vw,JP3894900004,ISETAN MITSUKOSHI HDG.,JP,0.00039725314710237653,2.114750877876179,6.729230465277092
2021,vw,JP3215800008,KANEKA,JP,0.00039253147381784054,171.87201227309856,373.10000919753503
2021,vw,JP3548610009,DENA,JP,0.0003918659188069883,0.014997485947750338,0.007610868319960905
2021,vw,JP3535800001,TSUMURA,JP,0.0003915001774920625,31.013762836222085,15.090413375566337
2021,vw,JP3404200002,SUMITOMO RUBBER INDS.,JP,0.00039011412778785864,52.89441424353545,160.1435658902252
2021,vw,JP3459600007,TAKARA HDG.,JP,0.00038773602438823364,33.24343850938868,35.33674477353327
2021,vw,BMG2442N1048,COSCO SHIPPING PORTS,HK,0.0003826831433034858,85.72975208014773,35.20896826406008
2021,vw,JP3164800009,NOK,JP,0.00037650478358010363,6.877810626362214,15.842772985570567
2021,vw,JP3638600001,DOWA HDG.,JP,0.0003758863197256797,222.9161225144499,474.72887251892774
2021,vw,JP3485800001,DAICEL,JP,0.0003705603099336482,453.3095315976033,696.8272122675478
2021,vw,JP3493400000,DIC,JP,0.00037008154984329467,43.77469945483778,123.87886242656883
2021,vw,JP3219000001,KAMIGUMI,JP,0.00036647750667132174,12.63231337178418,13.73026397508877
2021,vw,JP3300600008,KONICA MINOLTA,JP,0.00035660406087353863,17.928614240583975,64.87351383710643
2021,vw,HK2380027329,CHIN.PWR.INTDVT.,HK,0.00035548800046618985,12995.92535020833,23708.13536570288
2021,vw,JP3733400000,NIPPON ELEC.GLASS,JP,0.0003533202375652776,376.8932829481969,386.9614860031899
2021,vw,HK0165000859,CHINA EVERBRIGHT,HK,0.0003528807201052809,0.052137859120194315,0.011209615358952344
2021,vw,JP3721400004,JAPAN STEEL WORKS,JP,0.0003526091611032115,31.063209419207485,26.2649465352529
2021,vw,SG1R50925390,SEMBCORP INDUSTRIES,SG,0.00034930493162716483,6349.3497353040175,11655.244934368106
2021,vw,JP3711200000,AOZORA BANK,JP,0.0003460948844639747,0.08496727641867402,0.05170443206763302
2021,vw,AU000000FLT9,FLIGHT CENTRE TRAVEL GP.,AU,0.0003431140142620684,135.4576533574147,24.01811652217673
2021,vw,JP3613400005,TOYO SEIKAN GROUP HDG.,JP,0.0003423684042852883,54.21653749716341,177.89188941359865
2021,vw,JP3271400008,CREDIT SAISON,JP,0.0003362387054235486,0.317797696137562,0.4775798884246399
2021,vw,JP3158800007,UBE,JP,0.0003348338192567734,1844.9286552799995,5011.485631240917
2021,vw,JP3888400003,MITSUI KINZOKU LIMITED,JP,0.00032903375849003126,170.91110538238343,371.6337094196503
2021,vw,AU000000BWP3,BWP GROUP STAPLED UNITS,AU,0.00032785334016889725,0.0,0.0
2021,vw,AU000000ILU1,ILUKA RESOURCES,AU,0.0003259163239344832,463.5222630542121,167.60664454387393
2021,vw,JP3172100004,OKUMA,JP,0.00031861876439332365,4.109290695333078,2.4632968765395606
2021,vw,JP3827200001,FURUKAWA ELECTRIC,JP,0.00031599735668548615,18.75603176930763,71.03472256718494
2021,vw,AU000000CSR5,CSR DEAD - DEAD.10/07/24,AU,0.0003141309771857145,172.84676740471565,139.94783156190505
2021,vw,JP3491000000,DAIDO STEEL,JP,0.00031375424793428873,105.59013321040084,203.0568188071903
2021,vw,JP3326410002,SANKYO,JP,0.000311526836235234,1.8185396288575635,0.5028670475960134
2021,vw,JP3835620000,BENESSE HOLDINGS DEAD - DELIST.17/05/24,JP,0.00031089267532866734,0.01859311296417034,0.038372597925860105
2021,vw,AU0000033359,HEALIUS,AU,0.0003075884458526207,5.554965050538794,3.3604997116655526
2021,vw,AU000000SGM7,SIMS,AU,0.00030200343470023405,20.4110230848388,37.474986356194286
2021,vw,JP3389900006,JAFCO GROUP,JP,0.00028877081974390474,0.021655177391994802,0.0016307449786644198
2021,vw,JP3625000009,TOKUYAMA,JP,0.0002884380422384787,2364.5019697770476,3678.851501744189
2021,vw,JP3796150005,HIROGIN HOLDINGS,JP,0.00028505375779650405,1.7133470604287533,1.064885433129402
2021,vw,MU0117U00026,GOLDEN AGRI-RESOURCES,SG,0.000281082403604391,1139.2550403638295,4648.941457666683
2021,vw,JP3289800009,KOBE STEEL,JP,0.0002786258149440523,900.6414243998172,8168.922040315038
2021,vw,JP3742600004,NHK SPRING,JP,0.0002784939597060533,14.724350044182254,45.091253424117056
2021,vw,JP3940400009,YAMATO KOGYO,JP,0.00027449905993572613,38.35307703250388,31.451396156067545
2021,vw,JP3456000003,TAKASHIMAYA,JP,0.00027106454492689474,3.0635101817517807,12.19272085010279
2021,vw,JP3156400008,USHIO,JP,0.00027067211862332624,3.18130769583789,2.130657929074724
2021,vw,JP3223800008,KAWASAKI KISEN KAISHA,JP,0.0002650274586727972,1518.7977903805868,5450.52564869491
2021,vw,JP3769000005,HACHIJUNI NAGANO BANK,JP,0.0002641185993537326,1.8518212445010067,1.598121954118626
2021,vw,NZSKCE0001S2,SKY CITY ENTM.GP.,NZ,0.0002557991617180807,11.440871705034088,2.733186057928326
2021,vw,AU000000IFL2,INSIGNIA FINANCIAL,AU,0.00024564944780258545,0.001602252553456486,0.0009585032014006927
2021,vw,JP3350800003,SHIKOKU ELECTRIC POWER,JP,0.0002438929476678129,1283.8616634547575,5496.379726468222
2021,vw,AU000000CQR9,CHARTER HALL RETAIL REIT,AU,0.00024384742621659896,2.017235700955099,0.18925495345873083
2021,vw,JP3320800000,SAPPORO HOLDINGS,JP,0.00024136572227283188,28.87948806161286,77.68583227652586
2021,vw,JP3165600002,NTN,JP,0.00024096230803276344,16.24700894454518,56.02313885921255
2021,vw,SG1T58930911,FRASER AND NEAVE,SG,0.00023926859610656187,34.90909090909091,31.490070787054957
2021,vw,AU000000ABC7,ADBRI DEAD - DELIST.02/07/24,AU,0.00023667544309258134,1895.569038259614,1387.699052242716
2021,vw,HK0363006039,SHANGHAI INDUSTRIAL HOLDINGS,HK,0.00023557978885301812,30.45165344434844,71.03725371304446
2021,vw,AU000000IRE2,IRESS,AU,0.0002345955836836684,0.19452509130521475,0.05352889221957552
2021,vw,JP3811000003,FUJIKURA,JP,0.00023198830332275938,4.0054185871905075,16.301398596666914
2021,vw,SG1P66918738,SINGAPORE PRESS HDG. DEAD - DELIST.13/05/22,SG,0.00022942811411827857,0.17483406168022464,0.07765462506841818
2021,vw,SGXE34184239,SEATRIUM,SG,0.0002246577799721001,54.66243336164562,43.25780283815792
2021,vw,AU000000PPT9,PERPETUAL,AU,0.00021909317498749898,0.0,0.0
2021,vw,JP3678000005,NISSHINBO HOLDINGS,JP,0.0002165219978465183,54.70568959867547,172.4687903260885
2021,vw,JP3992400006,WACOAL HDG.,JP,0.00021551110768852587,1.0741360572339163,1.1733943216746543
2021,vw,JP3276400003,GUNMA BANK,JP,0.00021288185145461701,1.1473934394058216,1.1252110692454598
2021,vw,SG9999003735,XP POWER (DI),SG,0.00021254122542311955,0.6810282241225337,0.1565708039763076
2021,vw,JP3845400005,HOKURIKU ELEC.POWER,JP,0.00020984604157021122,2838.3528302153118,12484.571941504284
2021,vw,JP3718800000,NISSUI,JP,0.00020624827721909536,34.79439955120018,166.3924257761068
2021,vw,AU000000ELD6,ELDERS,AU,0.00020498309481639055,34.94288733584365,42.4383744170553
2021,vw,NZAIRE0001S2,AIR NEW ZEALAND,NZ,0.00020464717790053593,610.7345533438513,1022.5982373650986
2021,vw,AU000000IVC8,INVOCARE DEAD - DELIST.27/11/23,AU,0.00019795081545644332,15.159718462371412,4.329656561491432
2021,vw,JP3274400005,GLORY,JP,0.00019712515051373522,1.4137099745873583,2.2423774297067234
2021,vw,AU000000SBM8,ST BARBARA,AU,0.00019048686716257075,263.8243984803714,135.9680928208847
2021,vw,JP3400900001,SUMITOMO OSAKA CEMENT,JP,0.00018411072458219004,3826.840314311151,7417.512149373348
2021,vw,JP3421100003,JAPAN PETROLEUM EXP.,JP,0.00017584622662903776,352.23151259905023,661.4594956482928
2021,vw,JP3619800000,TOYOBO,JP,0.00017475842091554592,224.94551807020557,644.9179032084216
2021,vw,KYG548561284,LIFESTYLE INTL.HDG. DEAD - DELIST.21/12/22,HK,0.00017154052522628434,0.00011667703795892968,2.7451913398363867e-05
2021,vw,JP3579800008,TOKYO STEEL MNFG.,JP,0.00016813740432173848,190.08409576039216,238.51690722034465
2021,vw,JP3919800007,MEIDENSHA,JP,0.00016761312278017095,8.437638894862861,18.738527814197415
2021,vw,JP3352400000,CITIZEN WATCH,JP,0.00015305567662299445,8.60958091825262,17.198941603593624
2021,vw,AU000000MND5,MONADELPHOUS GROUP,AU,0.0001492475717731659,7.801358803899236,9.660286074884308
2021,vw,HK0440001847,DAH SING FINANCIAL HDG.,HK,0.00014496541594862658,0.011643737460590426,0.014076576576576577
2021,vw,JP3194000000,OKI ELECTRIC IND.,JP,0.00014146497332079573,2.586265893598634,10.818668027784557
2021,vw,JP3850200001,HOKKAIDO ELEC.POWER,JP,0.00014083709123508616,1833.056393836749,14266.289204431465
2021,vw,HK0242001243,SHUN TAK HOLDINGS,HK,0.00014073035128051552,11.006452185751916,6.636625248176323
2021,vw,JP3425000001,CENTRAL GLASS,JP,0.00013876978946788737,202.0729647445755,419.9129008540241
2021,vw,BMG2108M2182,CHINESE ESTATES HDG.,HK,0.00013829887790360517,0.0,0.0
2021,vw,BMG684371393,PACIFIC BASIN SHIP.,HK,0.0001357700828034099,2314.099223628543,3937.8453996809026
2021,vw,JP3528600004,CHIYODA CORPORATION,JP,0.00013569316724791047,15.619523489766559,61.24356527271675
2021,vw,BMG8403G1033,SINOFERT HOLDINGS,HK,0.0001337153386779253,447.597739616981,1632.6853319246345
2021,vw,SG2B80958517,OUE,SG,0.00012770336770725612,2.947423989140408,1.4412144305820171
2021,vw,HK0308001558,CTII.INTL.INV.HK.,HK,0.00012109019963952001,59.21182382500739,19.475149723885824
2021,vw,AU000000GWA4,GWA GROUP,AU,0.00010843523620204353,33.901404206185006,14.493341053850608
2021,vw,JP3411000007,SURUGA BANK,JP,0.00010782619057890524,0.171757783821883,0.23874687008676412
2021,vw,AU000000ERA9,ENERGY RES.OF AUS.,AU,9.661378623334653e-05,598.6181366929928,184.9648247737575
2021,vw,AU000000SIG5,SIGMA HEALTHCARE,AU,8.5070174087576e-05,1.721949517553358,8.450964111080356
2021,vw,JP3826800009,FURUKAWA,JP,7.605221763157222e-05,2.78664114018294,8.652218782249742
2021,vw,AU000000SXL4,SOUTHERN CROSS MEDIA GROUP,AU,7.103857917718128e-05,0.5137460695735908,0.42204348594661484
2021,vw,HK0000139300,TELEVISION BROADCASTS,HK,6.838577736505833e-05,1.6353439617127947,1.319239774135794
2021,vw,AU000000MAH3,MACMAHON HOLDINGS,AU,6.665753192414272e-05,2.010370413934386,4.8298598846108565
2021,vw,JP3203500008,ONWARD HOLDINGS,JP,6.0852762041757705e-05,0.632484669470575,3.048984961436273
2021,vw,JP3407200009,OSAKA TITANIUM,JP,4.3474555614530944e-05,214.52054657839727,155.2570768341999
2021,vw_50,AU000000BWP3,BWP GROUP STAPLED UNITS,AU,0.06980792816131165,0.0,0.0
2021,vw_50,JP3769000005,HACHIJUNI NAGANO BANK,JP,0.027921037232834973,1.8518212445010067,1.598121954118626
2021,vw_50,JP3951600000,UNI CHARM,JP,0.026929297460794283,5.128768199903493,1.2882613624652168
2021,vw_50,JP3436100006,SOFTBANK GROUP,JP,0.026642186663674176,0.25229903733580594,0.09057185527773763
2021,vw_50,AU000000BEN6,BENDIGO & ADELAIDE BANK,AU,0.018343994752650104,0.8579732401306741,0.38689415832046764
2021,vw_50,JP3162600005,SMC,JP,0.01829339590214323,10.657878866652476,1.2627883263295063
2021,vw_50,JP3711200000,AOZORA BANK,JP,0.018206067598825593,0.08496727641867402,0.05170443206763302
2021,vw_50,JP3910660004,TOKIO MARINE HOLDINGS,JP,0.01795457388587716,0.2591522043244732,0.38422704627975807
2021,vw_50,JP3519400000,CHUGAI PHARM.,JP,0.0176331937707778,6.530537454498055,0.5646100203787522
2021,vw_50,JP3435000009,SONY GROUP,JP,0.015032110416952443,2.5018879394285785,1.6166808331974816
2021,vw_50,JP3899600005,MITSUBISHI ESTATE,JP,0.014886646678295376,9.807783746564331,5.2600369643188145
2021,vw_50,JP3756600007,NINTENDO,JP,0.014733445146935887,0.036765734559230885,0.007563840773284713
2021,vw_50,JP3352400000,CITIZEN WATCH,JP,0.01421592011687423,8.60958091825262,17.198941603593624
2021,vw_50,JP3539220008,T & D HOLDINGS,JP,0.013080077000332722,0.0967828546036112,0.25179514418014726
2021,vw_50,JP3837800006,HOYA,JP,0.012824160566164122,3.163024871853013,0.3440027950227096
2021,vw_50,BMG8063F1068,SHANGRI-LA ASIA,HK,0.012316080894052044,146.81057641909572,48.838653223782835
2021,vw_50,JP3814000000,FUJIFILM HOLDINGS,JP,0.011678565047897865,31.235484561375223,21.65013848332349
2021,vw_50,JP3862400003,MAKITA,JP,0.011009739298231944,0.9142392576887222,0.3765695869859528
2021,vw_50,JP3475350009,DAIICHI SANKYO,JP,0.010862269804960986,9.517064496294866,1.2838755112208884
2021,vw_50,JP3116000005,ASAHI GROUP HOLDINGS,JP,0.01047433853319688,25.604289744777063,23.85382146428663
2021,vw_50,HK0066009694,MTR,HK,0.009842782571694682,8.745824465095144,1.3480941483630986
2021,vw_50,HK0388045442,HONG KONG EXCHANGES AND CLEARING,HK,0.009751382739450951,0.046612163946862135,0.0011969480640714565
2021,vw_50,JP3198900007,ORIENTAL LAND,JP,0.009602628414157478,22.87398720449046,0.8041856815788333
2021,vw_50,JP3385980002,J S R DEAD - DELIST.25/06/24,JP,0.00926466035769312,97.59407371605701,57.77241721820744
2021,vw_50,JP3496400007,KDDI,JP,0.008873861348687239,0.5080693992419133,0.36867305835331643
2021,vw_50,JP3633400001,TOYOTA MOTOR,JP,0.008826022780265274,9.744521593169779,10.585344491179342
2021,vw_50,JP3802300008,FAST RETAILING,JP,0.008526831425746407,0.5256680528634731,0.10858860154252334
2021,vw_50,AU000000BHP4,BHP GROUP,AU,0.007958180351682125,200.0919590946263,100.30537524588473
2021,vw_50,JP3955000009,YOKOGAWA ELECTRIC,JP,0.007808110438428336,3.2712994314349366,1.9717329459475816
2021,vw_50,JP3870000001,MABUCHI MOTOR,JP,0.0077606007545947585,3.693737526188798,1.4017106899280305
2021,vw_50,JP3592200004,TOSHIBA DEAD - DELIST.20/12/23,JP,0.0076608094794218115,9.709546207366293,18.817204301075268
2021,vw_50,SG9999000020,FLEX,SG,0.007434289449335853,3.17205059310087,8.262682087774037
2021,vw_50,JP3371200001,SHIN-ETSU CHEMICAL,JP,0.007395747716275348,151.97131852720426,28.93933829401024
2021,vw_50,JP3351100007,SYSMEX,JP,0.007278540814489477,1.433960842276038,0.16373274951284028
2021,vw_50,JP3596200000,TOTO,JP,0.007234028778489564,30.94692398694225,15.140882740662972
2021,vw_50,HK2388011192,BOC HONG KONG HOLDINGS,HK,0.007118854770896502,0.03838247087854749,0.01823371258612822
2021,vw_50,AU000000WES1,WESFARMERS,AU,0.006995775728107425,99.19920998819616,52.93951946171813
2021,vw_50,JP3242800005,CANON,JP,0.006741659168384807,4.744268765028811,4.820396268978484
2021,vw_50,JP3733000008,NEC,JP,0.006656684375986722,0.7928699146376407,1.3291986423106872
2021,vw_50,AU000000NCM7,NEWCREST MINING DEAD - DELIST.08/11/23,AU,0.006655578370708896,290.6606285439366,86.60905350315166
2021,vw_50,JP3756100008,NITORI HOLDINGS,JP,0.00657752928961901,6.301763090174576,1.8731289101515858
2021,vw_50,JP3174410005,OJI HOLDINGS,JP,0.006544121282094309,478.35911602716,998.9591187098811
2021,vw_50,JP3481800005,DAIKIN INDUSTRIES,JP,0.006486357577715211,23.684150579350927,8.643877737850048
2021,vw_50,JP3792600003,HINO MOTORS,JP,0.00638209200631743,9.430026980971315,26.26882277043367
2021,vw_50,AU000000NAB4,NATIONAL AUS.BANK,AU,0.006368177753482579,0.5416620510345664,0.1786440682443123
2021,vw_50,AU000000WOW2,WOOLWORTHS GROUP,AU,0.006250348363405085,9.941881331941651,10.830128610256928
2021,vw_50,JP3885400006,MISUMI GROUP,JP,0.006210859824269632,3.044968179592978,0.8948187241948379
2021,vw_50,HK0014000126,HYSAN DEVELOPMENT,HK,0.006160820327491023,1.144939284789022,0.14161267898628063
2021,vw_50,JP3820000002,FUJI ELECTRIC,JP,0.006135779369693779,24.99608431765202,32.240525160206076
2021,vw_50,JP3600200004,TOHO GAS,JP,0.00612706892816599,16.47557046331548,10.961154189928449
2021,vw_50,KYG2108Y1052,CHINA RESOURCES LAND,HK,0.006097196689142689,20.099849038675217,18.30605945873325
2021,vw_50,JP3511800009,CHIBA BANK,JP,0.0059734299708330664,1.1042930816607657,0.5388290189978892
2021,vw_50,JP3814800003,SUBARU,JP,0.00591960185475458,5.940259083276522,11.17999652165003
2021,vw_50,JP3791200003,HITACHI TRANSPORT SYSTEM DEAD - DELIST.24/02/23,JP,0.005740596815569281,6.717543079554712,11.729976060684722
2021,vw_50,JP3201200007,OLYMPUS,JP,0.005692870701936657,4.222985896293734,1.1253974739029087
2021,vw_50,JP3734800000,NIDEC,JP,0.0056482563370293315,4.041834060347008,0.730351624137683
2021,vw_50,HK0006000050,POWER ASSETS HOLDINGS,HK,0.005566743202320457,42609.82159750493,606.5829601555616
2021,vw_50,JP3385820000,GS YUASA,JP,0.005564527632974088,17.6414287825406,24.480057034657754
2021,vw_50,AU000000MTS0,METCASH,AU,0.005466581841023738,1.439809139933286,5.731460789651011
2021,vw_50,HK0019000162,SWIRE PACIFIC 'A',HK,0.005432716017921034,16.561842792663743,29.94447139252299
2021,vw_50,AU000000ALL7,ARISTOCRAT LEISURE,AU,0.005356482929669119,6.024843393918606,1.1972285110151357
2021,vw_50,AU000000WBC1,WESTPAC BANKING,AU,0.0052225022190721775,0.33992682848788586,0.13182455697898615
2021,vw_50,JP3672400003,NISSAN MOTOR,JP,0.005217539459172754,7.517857029112943,24.72122326006412
2021,vw_50,AU000000CSL8,CSL,AU,0.005215424963223737,5.095693185592611,0.5854720104461661
2021,vw_50,JP3538800008,TDK,JP,0.005144051036847279,10.305729077997096,6.718340509981616
2021,vw_50,JP3249600002,KYOCERA,JP,0.005063557931182712,8.958562869929414,5.328033363851419
2021,vw_50,AU000000STO6,SANTOS,AU,0.0049883964764618205,1666.3763526614764,603.2500094257814
2021,vw_50,JP3522200009,CHUGOKU ELEC.POWER,JP,0.0049495393427199386,1420.766108939054,3711.7834490058985
2021,vw_50,AU000000TLS2,TELSTRA GROUP,AU,0.004900262808075345,1.9375810192607323,1.1578695759751074
2021,vw_50,BMG5320C1082,KUNLUN ENERGY,HK,0.004805755939815292,30.23863360314388,60.279758384778894
2021,vw_50,AU000000CBA7,COMMONWEALTH BK.OF AUS.,AU,0.004785119872505276,0.3601761363181233,0.0753087655091351
2021,vw_50,JP3528600004,CHIYODA CORPORATION,JP,0.0046651805595184686,15.619523489766559,61.24356527271675
2021,vw_50,JP3894900004,ISETAN MITSUKOSHI HDG.,JP,0.0045833586513854664,2.114750877876179,6.729230465277092
2021,vw_50,JP3375800004,SHINKO ELEC.INDS. DEAD - DELIST.06/06/25,JP,0.004565294374917323,26.90087132334095,12.290945534860795
2021,vw_50,JP3735400008,NTT,JP,0.004555385947654018,2.124363165238635,2.4285179020544034
2021,vw_50,JP3973400009,RICOH,JP,0.004392908513795617,7.2206334055224355,20.311507280448303
2021,vw_50,JP3762800005,NOMURA RESEARCH INST.,JP,0.004340477924612692,0.19362778698155192,0.046463737840439806
2021,vw_50,KYG210961051,CHINA MENGNIU DAIRY,HK,0.004330696658100202,23.529122175509876,10.895377971138142
2021,vw_50,JP3293200006,COCA-COLA BOTTLERS JAPAN HOLDINGS,JP,0.004267876101166473,24.998603233517724,59.247342265836316
2021,vw_50,HK0011000095,HANG SENG BANK DEAD - DELIST.28/01/26,HK,0.004158056184300671,0.011546599151318379,0.0020245911644602294
2021,vw_50,JP3452000007,TAIYO YUDEN,JP,0.004112133363378964,15.238039952689514,5.511933993278065
2021,vw_50,HK0823032773,LINK REAL ESTATE INVESTMENT TRUST,HK,0.004097639010543622,2.2343750684327546,0.16947097484288917
2021,vw_50,JP3780100008,PARK24,JP,0.004023827883558054,58.40012901372535,44.90786490728362
2021,vw_50,JP3164630000,SQUARE ENIX HOLDINGS,JP,0.004006519566352241,0.0,0.0
2021,vw_50,US89677Q1076,TRIP COM GROUP ADR 1:1,SG,0.0039839540138226865,0.010149578472969606,0.0014222383292176214
2021,vw_50,JP3165600002,NTN,JP,0.003920702421192735,16.24700894454518,56.02313885921255
2021,vw_50,JP3802400006,FANUC,JP,0.0036938111347249057,9.951441189873766,0.8726159684014928
2021,vw_50,JP3134800006,IHI,JP,0.003512886113165018,4.9948162893987185,20.484483573416412
2021,vw_50,HK0003000038,HONG KONG AND CHINA GAS,HK,0.0035008348496677407,342.4244369835816,71.3018101510431
2021,vw_50,JP3271400008,CREDIT SAISON,JP,0.003436322831725184,0.317797696137562,0.4775798884246399
2021,vw_50,JP3389900006,JAFCO GROUP,JP,0.0033699183596045093,0.021655177391994802,0.0016307449786644198
2021,vw_50,SG1L01001701,DBS GROUP HOLDINGS,SG,0.0032666402471398597,0.05549040137006314,0.015507652319664134
2021,vw_50,JP3143600009,ITOCHU,JP,0.0032433080711085607,15.513353977532555,33.95058947578761
2021,vw_50,JP3494600004,SCREEN HOLDINGS,JP,0.0031876580522216336,3.556442525456174,2.5272150632875223
2021,vw_50,HK0291001490,CHINA RESOURCES BEER HOLDINGS,HK,0.0031793568779940194,49.88693388996649,7.519146616433491
2021,vw_50,JP3351600006,SHISEIDO,JP,0.0031326651846281446,3.280523569005124,1.0255960135057265
2021,vw_50,SG1F60858221,SINGAPORE TECHS.ENGR.,SG,0.0030844038575521043,6.706131005759449,4.088762490601525
2021,vw_50,JP3122400009,ADVANTEST,JP,0.003083782794995675,1.3788950165069296,0.22775285049729027
2021,vw_50,JP3900000005,MITSUBISHI HEAVY INDS.,JP,0.003050667290441001,4.189305098045831,15.337906264061864
2021,vw_50,SGXE21576413,GENTING SINGAPORE,SG,0.002950870980413772,4.17053698014012,0.42654228948208506
2021,vw_50,AU0000088338,AMPOL,AU,0.0029370661150779887,47.258119700575136,111.0747887420338
2021,vw_50,JP3902400005,MITSUBISHI ELECTRIC,JP,0.002906091522340278,6.124309616952777,7.249248639342991
2021,vw_50,JP3215800008,KANEKA,JP,0.0028960359749524243,171.87201227309856,373.10000919753503
2021,vw_50,JP3499800005,MITSUBISHI HC CAPITAL,JP,0.0028263315202041285,0.389440466506719,0.7440731761173922
2021,vw_50,JP3027680002,JAPAN REAL ESTATE INV.,JP,0.0028125098275554854,4.893430155319013,0.4023826312949925
2021,vw_50,JP3551500006,DENSO,JP,0.002701473623950742,12.69923719694764,12.097269608445405
2021,vw_50,HK0688002218,CHINA OVERSEAS LAND INVESTMENT,HK,0.0026357607997437005,1.1184494606876625,1.2055128089977345
2021,vw_50,JP3626800001,LIXIL,JP,0.0026291174095603893,34.96388328395498,62.202751604123534
2021,vw_50,JP3726800000,JAPAN TOBACCO,JP,0.002518232361854154,17.68967023314898,8.86203067651223
2021,vw_50,JP3200450009,ORIX,JP,0.002507543083494678,45.90233640364757,45.670175639761865
2021,vw_50,JP3944130008,USS,JP,0.0024966574537514,6.397870788601553,0.7121774429664565
2021,vw_50,AU000000IVC8,INVOCARE DEAD - DELIST.27/11/23,AU,0.0024685309427851373,15.159718462371412,4.329656561491432
2021,vw_50,JP3914400001,MURATA MANUFACTURING,JP,0.0024487208908284984,18.45096453744527,4.342019976415647
2021,vw_50,SG1T75931496,SINGAPORE TELECOM,SG,0.002424040374717096,0.6490597635173723,0.26149394711479085
2021,vw_50,JP3830800003,BRIDGESTONE,JP,0.002348318063194053,60.43772496118052,64.88837842359676
2021,vw_50,JP3742600004,NHK SPRING,JP,0.0023058252173008237,14.724350044182254,45.091253424117056
2021,vw_50,AU000000ANZ3,ANZ GROUP HOLDINGS,AU,0.002290890356634413,0.28236684956923674,0.1223296097449321
2021,vw_50,HK0293001514,CATHAY PACIFIC AIRWAYS,HK,0.002269168744292554,994.3401782439225,1188.4905336341726
2021,vw_50,JP3967200001,RAKUTEN GROUP,JP,0.002257695261113392,0.11892490156021962,0.11557732523052308
2021,vw_50,JP3131400008,AEON FINANCIAL SERVICE,JP,0.00225147052081779,0.5471338546759411,0.9867783850714635
2021,vw_50,JP3266400005,KUBOTA,JP,0.002154684444388956,17.523909077112688,11.309426645009175
2021,vw_50,BMG2178K1009,CKI HOLDINGS,HK,0.0020831507917887563,8081.865973918327,523.8707578651331
2021,vw_50,JP3711600001,NIPPON SANSO HOLDINGS,JP,0.0020596623355260647,128.21510415496178,116.32758413419042
2021,vw_50,JP3890310000,MS&AD INSURANCE GP.HDG.,JP,0.002040862247476544,0.46314343111644884,1.1521005673887534
2021,vw_50,SG1M51904654,CAPITALAND INTEG. COML. TST.,SG,0.0019850198710921656,0.07515366239901226,0.004007029474563949
2021,vw_50,AU000000APA1,APA GROUP,AU,0.0019778684567186016,742.4466624715218,163.34048767560787
2021,vw_50,JP3148800000,IBIDEN,JP,0.0019520616950920134,52.74209557616316,22.946407554845617
2021,vw_50,JP3359600008,SHARP,JP,0.0019329113887932494,12.165740095364082,24.051695110023143
2021,vw_50,JP3194000000,OKI ELECTRIC IND.,JP,0.0019317541485546503,2.586265893598634,10.818668027784557
2021,vw_50,MU0117U00026,GOLDEN AGRI-RESOURCES,SG,0.0019049452808722973,1139.2550403638295,4648.941457666683
2021,vw_50,AU000000GMG2,GOODMAN GROUP,AU,0.0019029005784973625,2.1047268365695175,0.13116174147003293
2021,vw_50,BMG507361001,JARDINE MATHESON HDG.,HK,0.001870400949206656,134.52902031912583,103.74854075211613
2021,vw_50,JP3830000000,BROTHER INDUSTRIES,JP,0.0018413853332354348,3.1122531507351012,3.109485217886256
2021,vw_50,AU000000TCL6,TRANSURBAN GROUP STAPLED UNITS,AU,0.0018360627049633937,2.189386190963235,0.161939498445409
2021,vw_50,JP3502200003,DAIWA SECURITIES GROUP,JP,0.001829782149804012,0.15161503322475994,0.10806079639010205
2021,vw_50,HK0363006039,SHANGHAI INDUSTRIAL HOLDINGS,HK,0.0018281279249045695,30.45165344434844,71.03725371304446
2021,vw_50,JP3890350006,SUMITOMO MITSUI FINL.GP.,JP,0.001819704995555669,0.2911168172786726,0.26467415721993043
2021,vw_50,JP3173400007,OBIC,JP,0.0017970928202642174,0.2104179712158356,0.008955357542649891
2021,vw_50,SG1M77906915,CAPITALAND ASCENDAS REIT,SG,0.001765135224024419,0.7366909439818661,0.061192177671273905
2021,vw_50,HK0308001558,CTII.INTL.INV.HK.,HK,0.001760925400236635,59.21182382500739,19.475149723885824
2021,vw_50,HK0000139300,TELEVISION BROADCASTS,HK,0.0017183468584101406,1.6353439617127947,1.319239774135794
2021,vw_50,BMG4600H1198,HOPSON DEVELOPMENT HOLDINGS,HK,0.0016969934245852326,0.29294747557756207,0.2297419426723993
2021,vw_50,JP3560800009,TOKAI CARBON,JP,0.0016848293204590724,1079.462521530584,611.3552594272753
2021,vw_50,JP3942600002,YAMAHA,JP,0.001654282350378367,6.353682348806186,1.9251484770762943
2021,vw_50,JP3322930003,SUMCO,JP,0.0016434106238415603,9.740400294376542,4.064000481659316
2021,vw_50,AU000000QBE9,QBE INSURANCE GROUP,AU,0.001582977562177735,0.3781466249341749,0.7087353862694736
2021,vw_50,JP3788600009,HITACHI,JP,0.0015500155701677998,15.260742990787652,29.65006603215525
2021,vw_50,AU000000BOQ8,BANK OF QLND.,AU,0.001512214569882759,0.2885016943590185,0.15229561679724804
2021,vw_50,SG1V61937297,SINGAPORE AIRLINES,SG,0.0015056601582930876,567.7441237868717,423.58218677614764
2021,vw_50,AU000000ASX7,ASX,AU,0.001497379809543138,0.030158634417033595,0.00207587316414967
2021,vw_50,JP3358800005,SHIMIZU,JP,0.0014416681542317941,10.815723679927537,27.808173220778514
2021,vw_50,JP3300600008,KONICA MINOLTA,JP,0.0014403301372811496,17.928614240583975,64.87351383710643
2021,vw_50,JP3762600009,NOMURA HDG.,JP,0.0013282577977216492,0.12858082972157828,0.12824753203953504
2021,vw_50,BMG677491539,ORIENT OVERSEAS (INTL.),HK,0.0013066130169560352,676.4105403373532,939.9761959661996
2021,vw_50,JP3526600006,CHUBU ELEC.POWER,JP,0.0012954996059305226,3.9896020814406903,11.791251962975467
2021,vw_50,JP3209000003,CASIO COMPUTER,JP,0.001275327132523934,1.6700011307179137,0.7286548530004028
2021,vw_50,HK0000055878,CHINA TAIPING INSURANCE HLDGS,HK,0.0012275423401009239,0.08113869468189966,0.43217745433514865
2021,vw_50,AU000000SXL4,SOUTHERN CROSS MEDIA GROUP,AU,0.001171473298051503,0.5137460695735908,0.42204348594661484
2021,vw_50,AU000000FLT9,FLIGHT CENTRE TRAVEL GP.,AU,0.0011557598615167556,135.4576533574147,24.01811652217673
2021,vw_50,AU000000SHL7,SONIC HEALTHCARE,AU,0.001132296155101699,5.774506976301158,2.6896949708901423
2021,vw_50,JP3388200002,AEON,JP,0.0010898486297492111,2.636734939913022,7.762730698652951
2021,vw_50,JP3546800008,TERUMO,JP,0.0010852845707390267,10.743066884740744,2.056275407429684
2021,vw_50,AU000000IRE2,IRESS,AU,0.001074782732973183,0.19452509130521475,0.05352889221957552
2021,vw_50,JP3407400005,SUMITOMO ELECTRIC IND.,JP,0.001068351055743968,12.060023956297128,29.578091588967645
2021,vw_50,HK0016000132,SUN HUNG KAI PROPERTIES,HK,0.0010468826110389424,3.262444241999046,0.9542316401399422
2021,vw_50,JP3896800004,MITSUBISHI GAS CHM.,JP,0.0010467203692631109,118.82924982894411,124.44732428723891
2021,vw_50,JP3190000004,OBAYASHI,JP,0.0010290801213281402,12.556188517887827,36.24464809756561
2021,vw_50,AU000000MAH3,MACMAHON HOLDINGS,AU,0.0010232034955826896,2.010370413934386,4.8298598846108565
2021,vw_50,SG1S83002349,UOL GROUP,SG,0.0009749313959211275,1.1330489470400784,0.3587352021729104
2021,vw_50,AU000000JBH7,JB HI-FI,AU,0.0009504078722885837,0.06363750969498617,0.09494476211624937
2021,vw_50,JP3243600008,CANON MARKETING JAPAN,JP,0.0009268518164099842,1.1183723902394627,1.891191287477379
2021,vw_50,BMG684371393,PACIFIC BASIN SHIP.,HK,0.0009256555469400633,2314.099223628543,3937.8453996809026
2021,vw_50,JP3160400002,EISAI,JP,0.0008978490015168208,6.68247870385836,2.0704435659341214
2021,vw_50,SG1J26887955,SINGAPORE EXCHANGE,SG,0.0008736836828158197,0.07915458037112538,0.008153240787778668
2021,vw_50,AU000000ANN9,ANSELL,AU,0.0008540461654070248,66.86914926762118,35.65359956135351
2021,vw_50,JP3753000003,NIPPON YUSEN KK,JP,0.0007693401108295738,784.3627210352516,2868.58117923994
2021,vw_50,JP3898400001,MITSUBISHI,JP,0.0007156083177177702,57.13229381056878,180.13876208729795
2021,vw_50,AU000000CGF5,CHALLENGER,AU,0.0007113082640681418,0.001088447939205235,0.000286857576661963
2021,vw_50,JP3854600008,HONDA MOTOR,JP,0.0007087833477152729,9.051446912985037,23.14208329992884
2021,vw_50,JP3942400007,ASTELLAS PHARMA,JP,0.0007016390244501526,5.306598284823838,2.057013565834772
2021,vw_50,JP3493800001,DAI NIPPON PRINTING,JP,0.0007010017205730984,25.601151441145184,57.57447707585041
2021,vw_50,JP3629000005,TOPPAN HOLDINGS,JP,0.0006925480038528614,17.327866476333107,47.05213676045509
2021,vw_50,JP3667600005,JGC HOLDINGS,JP,0.0006878169124084764,19.98308458253778,27.93300715840243
2021,vw_50,JP3229400001,KANSAI PAINT,JP,0.0006699479603306824,4.473960378077215,1.9199333111370902
2021,vw_50,JP3657400002,NIKON,JP,0.0006569778708704465,7.535152783680785,11.091515308175813
2021,vw_50,NZFBUE0001S0,FLETCHER BUILDING,NZ,0.0006340809608416698,157.02567799127718,221.80358928335613
2021,vw_50,JP3263000006,KINDEN,JP,0.0006278781072683159,3.11236672847136,4.6851876394318905
2021,vw_50,JP3274400005,GLORY,JP,0.0006265818965643609,1.4137099745873583,2.2423774297067234
2021,vw_50,SG9999003735,XP POWER (DI),SG,0.0006097186846007721,0.6810282241225337,0.1565708039763076
2021,vw_50,AU000000CWY3,CLEANAWAY WASTE MANAGEMENT,AU,0.0005987944829058621,491.95697565800316,244.92831679105433
2021,vw_50,SG1U68934629,KEPPEL,SG,0.0005970532845728339,5.806538501479827,4.111446215711618
2021,vw_50,JP3491000000,DAIDO STEEL,JP,0.0005878484694582547,105.59013321040084,203.0568188071903
2021,vw_50,JP3131430005,AEON MALL DEAD - DELIST.27/06/25,JP,0.0005863705533226687,5.370510912671094,3.816947277225139
2021,vw_50,JP3419050004,SEGA SAMMY HDG.,JP,0.0005860860879431173,2.163697397703775,1.436885968842709
2021,vw_50,JP3336000009,SANTEN PHARM.,JP,0.0005780675194814559,6.480036385883986,2.260488606285558
2021,vw_50,AU000000SGM7,SIMS,AU,0.0005745927925355809,20.4110230848388,37.474986356194286
2021,vw_50,JP3663900003,SOJITZ,JP,0.0005740760691165087,47.54447230492043,242.50956522323335
2021,vw_50,JP3888300005,MITSUI CHEMICALS,JP,0.0005580291089793861,327.09940752151965,596.6158798728284
2021,vw_50,AU000000ELD6,ELDERS,AU,0.000553465999064824,34.94288733584365,42.4383744170553
2021,vw_50,JP3573000001,TOKYO GAS,JP,0.0005504256153734256,229.71995984492764,405.85329958629217
2021,vw_50,AU000000OZL8,OZ MINERALS DEAD - DELIST.03/05/23,AU,0.0005468052960938925,93.12779410420049,19.886208561651024
2021,vw_50,JP3421100003,JAPAN PETROLEUM EXP.,JP,0.0005259743314451349,352.23151259905023,661.4594956482928
2021,vw_50,JP3625000009,TOKUYAMA,JP,0.0005174845745478673,2364.5019697770476,3678.851501744189
2021,vw_50,JP3634600005,TOYOTA INDS.,JP,0.0005034217890492956,11.333295465326483,8.010516794688215
2021,vw_50,JP3768600003,HASEKO,JP,0.0004931312127945254,5.143856319602523,10.80590746832785
2021,vw_50,JP3977400005,RINNAI,JP,0.0004889235787581082,11.06032676736856,6.220147326261861
2021,vw_50,JP3362700001,MITSUI OSK LINES,JP,0.0004824858144633513,1013.1606501692205,2899.6130318599835
2021,vw_50,JP3397200001,SUZUKI MOTOR,JP,0.00047564706121625065,13.146604498449774,16.539328346580753
2021,vw_50,JP3940400009,YAMATO KOGYO,JP,0.000475533672720275,38.35307703250388,31.451396156067545
2021,vw_50,JP3877600001,MARUBENI,JP,0.00046787175837702553,13.543890283583663,67.23798272991392
2021,vw_50,JP3039710003,JAPAN METROPOLITAN FUND INVESTMENT REIT,JP,0.00045185929296885803,9.376907192362033,1.1340839966349576
2021,vw_50,AU000000ERA9,ENERGY RES.OF AUS.,AU,0.00044991952682260574,598.6181366929928,184.9648247737575
2021,vw_50,JP3027670003,NIPPON BUILDING FUND,JP,0.00044974130845020627,15.379302044468632,1.2137806852347441
2021,vw_50,JP3811000003,FUJIKURA,JP,0.00043994881501720434,4.0054185871905075,16.301398596666914
2021,vw_50,JP3404600003,SUMITOMO,JP,0.00043623652254559507,34.45692623593463,89.50557402263372
2021,vw_50,JP3419400001,SEKISUI CHEMICAL,JP,0.00042444237317690455,20.082760760303643,23.223223223223222
2021,vw_50,JP3893600001,MITSUI,JP,0.00042123530193149576,63.61806947908972,121.97390868354582
2021,vw_50,AU000000BPT9,BEACH ENERGY,AU,0.0004096287838365696,490.0879860960243,191.46110251741933
2021,vw_50,JP3407200009,OSAKA TITANIUM,JP,0.0004014569462587155,214.52054657839727,155.2570768341999
2021,vw_50,JP3294460005,INPEX,JP,0.00038680435146997355,907.5409592945116,783.1798655254998
2021,vw_50,JP3684000007,NITTO DENKO,JP,0.00037343070816341046,51.87095507356072,24.3310090372434
2021,vw_50,JP3613000003,TOYO SUISAN KAISHA,JP,0.0003484732489719202,41.911676497302835,33.15027259770161
2021,vw_50,JP3903000002,MITSUBISHI MATERIALS,JP,0.00034748512433699163,655.4388711822614,3064.9395763328944
2021,vw_50,JP3868400007,MAZDA MOTOR,JP,0.0003470799660513419,3.5979663552311503,20.82045470155917
2021,vw_50,KYG548561284,LIFESTYLE INTL.HDG. DEAD - DELIST.21/12/22,HK,0.00034522110348601646,0.00011667703795892968,2.7451913398363867e-05
2021,vw_50,JP3456000003,TAKASHIMAYA,JP,0.00034447640919396883,3.0635101817517807,12.19272085010279
2021,vw_50,BMG2624N1535,DFI RETAIL GROUP HOLDINGS,HK,0.0003425275809621064,34.06364158820269,59.60896518836432
2021,vw_50,JP3902900004,MITSUBISHI UFJ FINL.GP.,JP,0.00034095961302875894,0.5038460430056978,0.4767628975332948
2021,vw_50,HK0392044647,BEIJING ENTERPRISES HOLDINGS,HK,0.00033008804782362904,50.908019397066504,104.32462870252546
2021,vw_50,JP3982100004,LAWSON DEAD - DELIST.24/07/24,JP,0.0003257651755652329,0.6677848179898124,0.8783199985293246
2021,vw_50,AU000000SIG5,SIGMA HEALTHCARE,AU,0.00032118735346835616,1.721949517553358,8.450964111080356
2021,vw_50,JP3180400008,OSAKA GAS,JP,0.000320240158103755,403.91574830810754,658.0782411636745
2021,vw_50,JP3906000009,MINEBEA MITSUMI,JP,0.0003182885196776268,8.620865349603337,8.206441278295882
2021,vw_50,JP3818000006,FUJITSU,JP,0.00029848670126628684,2.1703105795464257,2.332582034577574
2021,vw_50,JP3634200004,TOYODA GOSEI,JP,0.0002844757327196254,14.6316893423366,26.107181848388475
2021,vw_50,JP3486800000,DAITO TST.CONSTRUCTION,JP,0.0002840833138455474,2.3212251706430127,4.819107456915428
2021,vw_50,AU000000CQR9,CHARTER HALL RETAIL REIT,AU,0.0002726369389387875,2.017235700955099,0.18925495345873083
2021,vw_50,BMG2442N1048,COSCO SHIPPING PORTS,HK,0.00025804497298108456,85.72975208014773,35.20896826406008
2021,vw_50,AU000000SBM8,ST BARBARA,AU,0.0002547172696936799,263.8243984803714,135.9680928208847
2021,vw_50,JP3228600007,KANSAI ELECTRIC PWR.,JP,0.0002514816317808652,998.5789158163234,3133.1111688636383
2021,vw_50,AU000000MGR9,MIRVAC GROUP STAPLED UNITS,AU,0.00024376638606845346,4.496450059059334,0.8745475230116868
2021,vw_50,JP3165700000,NTT DATA GROUP DEAD - DELIST.26/09/25,JP,0.00024191749561675767,0.3333217331293907,0.3500793854924705
2021,vw_50,KYG5427W1309,LEE & MAN PAPER MNFG.,HK,0.00023110351745160956,1538.293940871304,1280.3880716509038
2021,vw_50,JP3571400005,TOKYO ELECTRON,JP,0.00021697184849891142,2.37509517784426,0.4711380811488231
2021,vw_50,JP3166000004,EBARA,JP,0.0002169275962061442,40.93812523454134,60.826887869806605
2021,vw_50,JP3108600002,ACOM,JP,0.0002104867068474591,0.0,0.0
2021,vw_50,JP3326410002,SANKYO,JP,0.00020456078582758777,1.8185396288575635,0.5028670475960134
2021,vw_50,HK0101000591,HANG LUNG PROPERTIES,HK,0.0001968631384302282,2.276601955666718,0.22323205463257326
2021,vw_50,JP3443600006,TAISEI,JP,0.00018979462923262354,16.390815562280157,32.92790285996525
2021,vw_50,KYG217651051,CK HUTCHISON HOLDINGS,HK,0.00017768846496231023,234.377460516798,294.65367635197197
2021,vw_50,AU000000ABC7,ADBRI DEAD - DELIST.02/07/24,AU,0.00017579529250081024,1895.569038259614,1387.699052242716
2021,vw_50,AU000000MQG1,MACQUARIE GROUP,AU,0.0001739616453578214,0.042374472232782935,0.012627147226019418
2021,vw_50,JP3548610009,DENA,JP,0.00016351599027645156,0.014997485947750338,0.007610868319960905
2021,vw_50,JP3421800008,SECOM,JP,0.0001627253776040815,6.113321391496044,2.9073385132806555
2021,vw_50,JP3893200000,MITSUI FUDOSAN,JP,0.00015723025376858992,5.815806137233099,5.842845740235208
2021,vw_50,SG1T58930911,FRASER AND NEAVE,SG,0.00013957950477965837,34.90909090909091,31.490070787054957
2021,vw_50,JP3381000003,NIPPON STEEL,JP,0.0001374691716682662,1356.2252941620889,5560.078687831991
2021,vw_50,JP3305530002,COMSYS HOLDINGS,JP,0.00013154177137203175,16.984182819253572,20.866274998956683
2021,vw_50,JP3122800000,AMADA,JP,0.0001310846796736836,3.322856827154402,1.9565748430982
2021,vw_50,HK0242001243,SHUN TAK HOLDINGS,HK,0.00012844258469396703,11.006452185751916,6.636625248176323
2021,vw_50,JP3585800000,TOKYO ELECTRIC POWER CO. HDG.,JP,0.00012776737693072685,3.738224340123759,35.403539307520724
2021,vw_50,SG1S04926220,OVERSEA-CHINESE BKG.,SG,0.0001248862383672971,0.0094489322885924,0.006821535674472863
2021,vw_50,JP3463000004,TAKEDA PHARMACEUTICAL,JP,0.00012087178250142169,9.625505737376322,5.306903865345918
2021,vw_50,BMG524401079,KERRY PROPERTIES,HK,0.00011954378151909665,2.3265567919983523,1.13742196528776
2021,vw_50,AU000000ILU1,ILUKA RESOURCES,AU,0.0001191888793501915,463.5222630542121,167.60664454387393
2021,vw_50,JP3276400003,GUNMA BANK,JP,0.00011688350490738485,1.1473934394058216,1.1252110692454598
2021,vw_50,HK0000745908,YUEXIU PROPERTY COMPANY,HK,0.00011596969433426807,0.5195856066626781,1.135002194443993
2021,vw_50,JP3598600009,TOHO,JP,0.00011579378306949712,2.876709297461225,0.7635434569499935
2021,vw_50,JP3143900003,ITOCHU TECHNO-SOLUTIONS DEAD - DELIST.01/12/23,JP,0.00010910998600014808,0.2166118352335969,0.11885476206710885
2021,vw_50,JP3156400008,USHIO,JP,0.00010891820893043651,3.18130769583789,2.130657929074724
2021,vw_50,SG1R50925390,SEMBCORP INDUSTRIES,SG,9.964181409349862e-05,6349.3497353040175,11655.244934368106
2021,vw_50,JP3678000005,NISSHINBO HOLDINGS,JP,9.95970671746437e-05,54.70568959867547,172.4687903260885
2021,vw_50,AU0000033359,HEALIUS,AU,9.593750497347985e-05,5.554965050538794,3.3604997116655526
2021,vw_50,HK0023000190,BANK OF EAST ASIA,HK,9.152867479600078e-05,1.6264077516135051,0.8644377100732964
2021,vw_50,JP3357200009,SHIMADZU,JP,8.765938647506034e-05,0.5496962515937756,0.1746537271542009
2021,vw_50,JP3535800001,TSUMURA,JP,8.758650264429485e-05,31.013762836222085,15.090413375566337
2021,vw_50,JP3786200000,HITACHI METALS DEAD - DELIST.29/12/22,JP,8.602682112822614e-05,48.36735030514765,50.05012244921576
2021,vw_50,JP3659000008,WEST JAPAN RAILWAY,JP,8.578073185814128e-05,14.595165285912932,13.445771345321523
2021,vw_50,JP3588600001,TBS HOLDINGS,JP,8.083594164396774e-05,1.4179504001337275,1.2862734077463283
2021,vw_50,JP3665200006,NICHIREI,JP,8.007578891603038e-05,7.703787181778563,10.816156247102816
2021,vw_50,JP3277800003,KEIO,JP,7.91391759996029e-05,31.724963318925045,9.973930503090871
2021,vw_50,JP3778630008,BANDAI NAMCO HDG.,JP,7.765614265330467e-05,0.8636898851316767,0.31479915719940826
2021,vw_50,JP3783600004,EAST JAPAN RAILWAY,JP,7.584531337186055e-05,76.19550751287704,59.107452834099746
2021,vw_50,AU000000ORG5,ORIGIN ENERGY (EX BORAL),AU,7.373689260474198e-05,1572.0952979041404,2281.205714504577
2021,vw_50,JP3409000001,SUMITOMO REAL.&DEV.,JP,7.170366957985077e-05,4.579067099733777,2.8566288925678163
2021,vw_50,AU000000WOR2,WORLEY,AU,7.07291576904747e-05,3.0614880497141095,6.45853446489317
2021,vw_50,JP3613400005,TOYO SEIKAN GROUP HDG.,JP,7.026966126314369e-05,54.21653749716341,177.89188941359865
2021,vw_50,BMG988031446,YUE YUEN INDL.HDG.,HK,6.949826681972185e-05,1.6567682652192508,3.9043762480059794
2021,vw_50,AU000000BSL0,BLUESCOPE STEEL,AU,6.835889564909893e-05,1034.6720475855507,1365.934459868722
2021,vw_50,JP3188220002,OTSUKA HOLDINGS,JP,6.501740546512552e-05,26.764705035053996,15.28927101939304
2021,vw_50,JP3826800009,FURUKAWA,JP,6.418504357181002e-05,2.78664114018294,8.652218782249742
2021,vw_50,JP3258000003,KIRIN HOLDINGS,JP,6.333485900535364e-05,20.05915233772657,18.29666829591673
2021,vw_50,JP3280200001,KEIKYU,JP,6.172481267394963e-05,29.383346852724674,15.291773631173609
2021,vw_50,JP3420600003,SEKISUI HOUSE,JP,5.8485900897297375e-05,3.6938927753986057,6.455327258820342
2021,vw_50,BMG8403G1033,SINOFERT HOLDINGS,HK,5.812809389958959e-05,447.597739616981,1632.6853319246345
2021,vw_50,JP3774200004,HANKYU HANSHIN HDG.,JP,5.618631549486387e-05,19.2170411200513,12.625246878694142
2021,vw_50,JP3402600005,SUMITOMO METAL MINING,JP,5.5952518143427316e-05,219.1967798509929,139.8078442851961
2021,vw_50,JP3111200006,ASAHI KASEI,JP,4.634425884881901e-05,145.494859077936,183.3280040565572
2021,vw_50,JP3404200002,SUMITOMO RUBBER INDS.,JP,4.619620457824083e-05,52.89441424353545,160.1435658902252
2021,vw_50,JP3766550002,HAKUHODO DY HDG.,JP,4.284830339704011e-05,0.02666319908344228,0.05612214942651798
2021,vw_50,JP3429800000,ANA HOLDINGS,JP,3.3812068527061346e-05,618.7166942654995,519.9964270655547
2021,vw_50,JP3143000002,ITO EN,JP,3.1532775350169386e-05,7.832887017013505,5.899378062536982
2021,vw_50,JP3796150005,HIROGIN HOLDINGS,JP,3.117335611561022e-05,1.7133470604287533,1.064885433129402
2021,vw_50,AU000000IFL2,INSIGNIA FINANCIAL,AU,3.108207749744048e-05,0.001602252553456486,0.0009585032014006927
2021,vw_50,HK0144000764,CHINA MERCHANTS PORT HOLDINGS,HK,3.080035366164515e-05,53.63825351214388,11.827849509006796
2021,vw_50,JP3866800000,PANASONIC HOLDINGS,JP,3.0412861965456344e-05,5.248435238674898,10.232193270627558
2021,vw_50,JP3544000007,TEIJIN,JP,2.9882587465350864e-05,91.44429175108091,194.21034347877227
2021,vw_50,JP3870400003,MARUI GROUP,JP,2.9559620781147305e-05,5.16529406778319,2.6876182951920957
2021,vw_50,AU000000AMP6,AMP,AU,2.9209411593355665e-05,0.058128655436422774,0.03712254508100851
2021,vw_50,KYG0535Q1331,ASMPT,HK,2.7353482982944024e-05,1.9509818447957032,0.592660935475242
2021,vw_50,JP3505000004,DAIWA HOUSE INDUSTRY,JP,2.5604219169338684e-05,5.388167146721484,11.428661964578543
2021,vw_50,JP3203500008,ONWARD HOLDINGS,JP,2.5548000797289447e-05,0.632484669470575,3.048984961436273
2021,vw_50,JP3368000000,RESONAC HOLDINGS,JP,2.5484780911324966e-05,375.73496879327337,936.2938257326143
2021,vw_50,JP3835620000,BENESSE HOLDINGS DEAD - DELIST.17/05/24,JP,2.478845056446183e-05,0.01859311296417034,0.038372597925860105
2021,vw_50,JP3982800009,ROHM,JP,2.3237979132115984e-05,39.3257866049858,11.573214187135273
2021,vw_50,JP3992400006,WACOAL HDG.,JP,2.2693880232471955e-05,1.0741360572339163,1.1733943216746543
2021,vw_50,JP3933800009,LY,JP,2.251129446678431e-05,0.3306594819668116,0.11586286279716679
2021,vw_50,JP3350800003,SHIKOKU ELECTRIC POWER,JP,2.1772844619698716e-05,1283.8616634547575,5496.379726468222
2021,vw_50,JP3579800008,TOKYO STEEL MNFG.,JP,2.1552463886881104e-05,190.08409576039216,238.51690722034465
2021,vw_50,JP3268950007,MEDIPAL HOLDINGS,JP,1.962124877065417e-05,1.0960793745229205,6.5666201525740755
2021,vw_50,JP3787000003,HITACHI CON.MCH.,JP,1.9495104641296827e-05,12.957804666082055,16.427716751830086
2021,vw_50,JP3260800002,KINTETSU GROUP HDG.,JP,1.909141076672926e-05,6.434341742999646,5.8269623008055405
2021,vw_50,IE00BKVD2N49,SEAGATE TECHNOLOGY HOLDINGS,SG,1.8692723644515102e-05,34.919976405819895,22.47341292110839
2021,vw_50,JP3721400004,JAPAN STEEL WORKS,JP,1.8162012745909024e-05,31.063209419207485,26.2649465352529
2021,vw_50,JP3219000001,KAMIGUMI,JP,1.78857882355838e-05,12.63231337178418,13.73026397508877
2021,vw_50,JP3210200006,KAJIMA,JP,1.5890844083232887e-05,6.641577216047936,17.372762030987964
2021,vw_50,JP3638600001,DOWA HDG.,JP,1.1475201172308403e-05,222.9161225144499,474.72887251892774
2021,vw_50,JP3137200006,ISUZU MOTORS,JP,1.128122569063655e-05,6.418589498727804,13.183718895105185
2021,vw_50,JP3574200006,TOKYU,JP,1.0943923662444444e-05,14.781219144262556,18.55642265369647
2021,vw_50,JP3566800003,CENTRAL JAPAN RAILWAY,JP,1.0913616746459933e-05,7.464160727139616,2.415725214319058
2021,vw_50,JP3401400001,SUMITOMO CHEMICAL,JP,1.0589348720246178e-05,300.74870123810746,782.3132606165802
2021,vw_50,JP3197800000,OMRON,JP,9.104476112068105e-06,3.2451954207568185,1.0787468520631094
2021,vw_50,JP3304200003,KOMATSU,JP,8.386946355308981e-06,5.134798827608526,3.779470612709913
2021,vw_50,JP3771800004,HAMAMATSU PHOTONICS,JP,8.093606996513222e-06,9.312642842148524,1.3088333525518563
2021,vw_50,JP3436120004,SBI HDG.,JP,6.877571509516448e-06,0.01998389533140939,0.01393122889828564
2021,vw_50,JP3551200003,ELEC.POWER DEV.,JP,6.566505872411585e-06,6671.917366846498,18476.49918962723
2021,vw_50,SGXE34184239,SEATRIUM,SG,6.190419691563465e-06,54.66243336164562,43.25780283815792
2021,vw_50,JP3595200001,TOSOH,JP,5.767197392588237e-06,1121.7432967042066,1369.7566822572464
2021,vw_50,AU0000224040,WOODSIDE ENERGY GROUP,AU,5.383466928070065e-06,2260.913651945793,486.6583123929745
2021,vw_50,JP3283650004,KOSE HOLDINGS,JP,5.175149858412111e-06,2.331465061216191,0.7234709089063548
2021,vw_50,SG1N31909426,COMFORTDELGRO CORPORATION,SG,4.9038531780366985e-06,344.8213055523891,323.1314949201742
2021,vw_50,JP3240400006,KIKKOMAN,JP,4.747580292073307e-06,25.262292759220966,8.246450642873661
2021,vw_50,JP3902000003,MITSUBISHI LOGISTICS,JP,4.034574827765037e-06,2.3516572997985983,1.8783020873522673
2021,vw_50,JP3126340003,ALFRESA HOLDINGS,JP,2.6940851932669434e-06,1.4077784803282114,7.451719505128907
2021,vw_50,JP3738600000,NITERRA,JP,1.5184945499558584e-06,15.891440731835392,16.24302282393191
2021,vw_50,JP3582600007,TOKYO TATEMONO,JP,1.2199529063123712e-06,4.957879049337203,5.679535055907587
2022,vw,JP3633400001,TOYOTA MOTOR,JP,0.050321278704901565,9.164496097646701,7.648516377493635
2022,vw,AU000000BHP4,BHP GROUP,AU,0.02554238210981792,150.23564708887065,55.291348647740705
2022,vw,JP3435000009,SONY GROUP,JP,0.02292544379957415,2.4395581546266416,1.4283738545846367
2022,vw,AU000000CBA7,COMMONWEALTH BK.OF AUS.,AU,0.01787222169556002,0.3250306614532405,0.05789340596971585
2022,vw,JP3735400008,NTT,JP,0.01613209370093885,1.3298251226204865,1.3564555451036862
2022,vw,AU000000CSL8,CSL,AU,0.013888974677130083,10.288372913095962,1.1632089414899198
2022,vw,JP3902900004,MITSUBISHI UFJ FINL.GP.,JP,0.012955740185093895,0.5726809017464252,0.3285917070453579
2022,vw,JP3436100006,SOFTBANK GROUP,JP,0.012157113909941186,0.22709532083017697,0.15385294915882575
2022,vw,JP3571400005,TOKYO ELECTRON,JP,0.012050394200089427,0.974505000185156,0.20606105408729183
2022,vw,JP3496400007,KDDI,JP,0.01145359566909147,0.5862409397539453,0.3751554340221955
2022,vw,JP3371200001,SHIN-ETSU CHEMICAL,JP,0.011282757224236068,125.70001959637281,28.56922383457305
2022,vw,HK0388045442,HONG KONG EXCHANGES AND CLEARING,HK,0.01106831369412356,0.12178499513653408,0.004304612918549993
2022,vw,SG1L01001701,DBS GROUP HOLDINGS,SG,0.010488375527087352,0.02605549114969527,0.004705394927643455
2022,vw,JP3756600007,NINTENDO,JP,0.010173080202820744,0.023600811703980654,0.005270754300622773
2022,vw,AU000000NAB4,NATIONAL AUS.BANK,AU,0.010020562505072154,0.44295536015135034,0.10251265184851112
2022,vw,JP3198900007,ORIENTAL LAND,JP,0.009988938459007307,24.537205304330357,0.7457600047977226
2022,vw,JP3802300008,FAST RETAILING,JP,0.009388401285080058,0.5204082548784132,0.16097384381669017
2022,vw,JP3481800005,DAIKIN INDUSTRIES,JP,0.009386649135695594,23.238469768454983,9.92014120990341
2022,vw,JP3551500006,DENSO,JP,0.009041356206953967,12.66572400297556,10.33332526578703
2022,vw,JP3519400000,CHUGAI PHARM.,JP,0.008701603732864717,5.751451479157983,0.8964861275170143
2022,vw,AU000000ANZ3,ANZ GROUP HOLDINGS,AU,0.008370236434261966,0.33384363198005135,0.10789164630526273
2022,vw,AU000000WBC1,WESTPAC BANKING,AU,0.008354738680716126,0.384897562760272,0.13554661116753985
2022,vw,JP3734800000,NIDEC,JP,0.008324131160644921,3.543213403640633,1.062705992505872
2022,vw,JP3854600008,HONDA MOTOR,JP,0.008291563530146278,9.279063705355876,21.71194574409365
2022,vw,AU000000MQG1,MACQUARIE GROUP,AU,0.008161521144519747,0.03130142091111957,0.0065222914045707
2022,vw,JP3143600009,ITOCHU,JP,0.008000711388169574,14.313457194288114,28.79775453080052
2022,vw,JP3788600009,HITACHI,JP,0.007948367283263296,14.388794867618838,24.79721927497617
2022,vw,JP3898400001,MITSUBISHI,JP,0.007915324756651593,149.1197914868003,412.64635799296934
2022,vw,JP3914400001,MURATA MANUFACTURING,JP,0.007905063275934078,16.62531333120572,5.10440571073058
2022,vw,JP3890350006,SUMITOMO MITSUI FINL.GP.,JP,0.007890723275657334,0.5449738287684858,0.3750885797908465
2022,vw,JP3837800006,HOYA,JP,0.007593598159533596,2.8453504040130824,0.3270013607344124
2022,vw,JP3463000004,TAKEDA PHARMACEUTICAL,JP,0.0071373595663132,10.429577807389858,6.871106735250169
2022,vw,AU000000WES1,WESFARMERS,AU,0.0067236784933946275,103.81942503317336,57.91055882958499
2022,vw,JP3475350009,DAIICHI SANKYO,JP,0.006527043567521906,9.884570374149867,2.125800399932473
2022,vw,BMG507361001,JARDINE MATHESON HDG.,HK,0.006523983125904402,135.28627375620454,115.11897268573827
2022,vw,JP3910660004,TOKIO MARINE HOLDINGS,JP,0.006494238488966733,0.26324619921874787,0.3111907263156184
2022,vw,SG1S04926220,OVERSEA-CHINESE BKG.,SG,0.006482861157578334,0.00574521464187687,0.003136041229127072
2022,vw,JP3893600001,MITSUI,JP,0.0064537341959772605,36.248917771305415,90.68232497842357
2022,vw,JP3933800009,LY,JP,0.006373475200921873,0.2852655403597075,0.09060675111608718
2022,vw,HK2388011192,BOC HONG KONG HOLDINGS,HK,0.006316231595921042,0.04492733296896615,0.01412820498330046
2022,vw,JP3802400006,FANUC,JP,0.006293349673401528,8.432887389972095,1.302160054587659
2022,vw,JP3726800000,JAPAN TOBACCO,JP,0.006227058211083228,16.738258822056714,8.477936474152468
2022,vw,JP3162600005,SMC,JP,0.0060706032210508624,10.256603932072586,1.6107466966219979
2022,vw,HK0011000095,HANG SENG BANK DEAD - DELIST.28/01/26,HK,0.005859199957230794,0.01935994758300929,0.002664099863748959
2022,vw,SG1M31001969,UNITED OVERSEAS BANK,SG,0.00581627462523356,0.6547990732109393,0.15476055473654016
2022,vw,HK0016000132,SUN HUNG KAI PROPERTIES,HK,0.005467541027594364,4.43984327653794,1.2830476597054004
2022,vw,JP3814000000,FUJIFILM HOLDINGS,JP,0.005435954228283481,31.08977407513227,19.242491074653156
2022,vw,KYG2108Y1052,CHINA RESOURCES LAND,HK,0.005332172356150755,0.9911207708729277,0.9481164901377935
2022,vw,HK0066009694,MTR,HK,0.005192340282023606,8.129772561526407,1.4717134751196466
2022,vw,AU000000TLS2,TELSTRA GROUP,AU,0.00516922711923989,2.1226119616367307,0.9567974531035948
2022,vw,HK0688002218,CHINA OVERSEAS LAND INVESTMENT,HK,0.005001941083543955,0.6716962676486775,0.7822816449726466
2022,vw,JP3242800005,CANON,JP,0.004958820206088401,5.206316307280989,5.004314252870613
2022,vw,JP3942400007,ASTELLAS PHARMA,JP,0.004915219776675541,5.600625811084335,2.0110011306770263
2022,vw,JP3830800003,BRIDGESTONE,JP,0.004905121250506626,63.22274896882428,56.76097932622123
2022,vw,AU000000GMG2,GOODMAN GROUP,AU,0.00490315493228686,2.391165394715563,0.0982795538962858
2022,vw,AU000000WOW2,WOOLWORTHS GROUP,AU,0.0046587060379589245,13.437133914975366,16.499058578660318
2022,vw,SG1T75931496,SINGAPORE TELECOM,SG,0.004621041809959326,0.5368305497172001,0.21232042853664476
2022,vw,JP3201200007,OLYMPUS,JP,0.004527487275686313,4.078119944147929,1.0346920929779766
2022,vw,HK0003000038,HONG KONG AND CHINA GAS,HK,0.004459002910728291,266.2625683570945,63.69282655190356
2022,vw,JP3546800008,TERUMO,JP,0.004401906740795239,11.073639946494655,2.3504296857785025
2022,vw,JP3566800003,CENTRAL JAPAN RAILWAY,JP,0.004390493714600957,8.95659457659276,2.509702119567158
2022,vw,JP3818000006,FUJITSU,JP,0.004375335837685053,2.220006655579953,2.482926334413288
2022,vw,AU000000TCL6,TRANSURBAN GROUP STAPLED UNITS,AU,0.004350829025523792,2.6918378904117244,0.1890518975995046
2022,vw,JP3165700000,NTT DATA GROUP DEAD - DELIST.26/09/25,JP,0.004269686972009803,1.1170577060290836,0.8903455573047047
2022,vw,JP3866800000,PANASONIC HOLDINGS,JP,0.004244545413083046,5.322634041280899,12.332050812821597
2022,vw,KYG217651051,CK HUTCHISON HOLDINGS,HK,0.004215014944980678,218.42454260638223,289.8142492261459
2022,vw,JP3200450009,ORIX,JP,0.004207221061713383,47.905550016683854,38.543687422282176
2022,vw,JP3634600005,TOYOTA INDS.,JP,0.004031531227153966,16.365739122562722,14.113167570214376
2022,vw,JP3902400005,MITSUBISHI ELECTRIC,JP,0.0040170515515498524,7.123740298162601,10.662986648472623
2022,vw,JP3266400005,KUBOTA,JP,0.003939728842265417,15.726432560839163,11.896461393619242
2022,vw,HK0002007356,CLP HOLDINGS,HK,0.003919185705505325,4097.363173541027,1747.9278970337773
2022,vw,JP3951600000,UNI CHARM,JP,0.003874391828017484,4.618341568157879,1.265787291655818
2022,vw,HK0291001490,CHINA RESOURCES BEER HOLDINGS,HK,0.003750197182763546,39.0453753652289,8.359387447262403
2022,vw,IE00BKVD2N49,SEAGATE TECHNOLOGY HOLDINGS,SG,0.0037501537282172526,27.283340292275575,13.520762351862283
2022,vw,JP3205800000,KAO,JP,0.0037247002277260334,47.974744159558675,24.791501389990735
2022,vw,JP3304200003,KOMATSU,JP,0.003684087298370828,5.228992459027656,5.181462832271835
2022,vw,KYG210961051,CHINA MENGNIU DAIRY,HK,0.003621272199755981,18.575300107878782,10.872676967067402
2022,vw,JP3783600004,EAST JAPAN RAILWAY,JP,0.0036065038618086336,88.98836203129433,64.97820863254866
2022,vw,JP3249600002,KYOCERA,JP,0.0035645748804799776,8.645867429561992,5.863885104702594
2022,vw,JP3672400003,NISSAN MOTOR,JP,0.0035077828923709793,7.732274874323904,26.014878917993403
2022,vw,JP3762800005,NOMURA RESEARCH INST.,JP,0.0034217273712297,0.19260589809337497,0.04535569066511853
2022,vw,JP3358000002,SHIMANO,JP,0.0033333796227714564,3.798689548391742,0.844930880296182
2022,vw,JP3116000005,ASAHI GROUP HOLDINGS,JP,0.0032898878297243288,25.17013888391511,23.209255020652463
2022,vw,JP3397200001,SUZUKI MOTOR,JP,0.0032827814594573153,12.792259966353798,18.91016019269453
2022,vw,HK0012000102,HENDERSON LD.DEV.,HK,0.003282722485430203,1.7016593911921818,0.2428580951358885
2022,vw,JP3351600006,SHISEIDO,JP,0.0032478362444972033,2.642490253109722,1.1426124884601492
2022,vw,JP3347200002,SHIONOGI,JP,0.003196153269473815,17.002123700465898,2.110082031769709
2022,vw,JP3890310000,MS&AD INSURANCE GP.HDG.,JP,0.0031722967235588697,0.43494358101041863,0.8602428287821282
2022,vw,JP3893200000,MITSUI FUDOSAN,JP,0.0031717473339378773,7.9820085527221645,6.8502534593779965
2022,vw,JP3351100007,SYSMEX,JP,0.00316423745716957,1.3069500308463597,0.19731411494834666
2022,vw,JP3388200002,AEON,JP,0.003131735008490367,2.654532626345452,9.960662815210378
2022,vw,JP3899600005,MITSUBISHI ESTATE,JP,0.0030968689428824323,10.349368010642154,6.049345718707152
2022,vw,AU000000ALL7,ARISTOCRAT LEISURE,AU,0.003056620721326473,1.949863118364308,0.33403772864499187
2022,vw,JP3404600003,SUMITOMO,JP,0.0030516637991528884,35.00325793740981,82.43725411220011
2022,vw,JP3505000004,DAIWA HOUSE INDUSTRY,JP,0.0030396687924278943,5.931709943456122,11.30390607648772
2022,vw,JP3188220002,OTSUKA HOLDINGS,JP,0.0030309483961557054,25.436594619233297,17.058560283789625
2022,vw,JP3877600001,MARUBENI,JP,0.002840828548330795,14.633304915230909,55.53080811060634
2022,vw,JP3592200004,TOSHIBA DEAD - DELIST.20/12/23,JP,0.002808513885369502,10.36827812864607,16.577608072189957
2022,vw,HK0823032773,LINK REAL ESTATE INVESTMENT TRUST,HK,0.0028049257814041525,5.270188640168447,0.42238449714998355
2022,vw,AU0000224040,WOODSIDE ENERGY GROUP,AU,0.0027752680535590695,1441.729267209635,534.8810679503067
2022,vw,AU000000STO6,SANTOS,AU,0.0027670411767769247,1273.487657474776,329.23020145859635
2022,vw,JP3122400009,ADVANTEST,JP,0.00265296057717272,1.0980320045584433,0.21937021443877203
2022,vw,US89677Q1076,TRIP COM GROUP ADR 1:1,SG,0.0026166682712775204,0.006108217030737834,0.001126891546771337
2022,vw,JP3421800008,SECOM,JP,0.0025880643161800467,6.414925352628837,3.527924476935135
2022,vw,JP3173400007,OBIC,JP,0.0025767956211573805,0.20285109819163447,0.009395541454212997
2022,vw,JP3756100008,NITORI HOLDINGS,JP,0.0025718899132704987,4.110495351802995,1.6975611286741923
2022,vw,BMG677491539,ORIENT OVERSEAS (INTL.),HK,0.0025248658863889703,346.3557479919604,357.4341647094691
2022,vw,JP3778630008,BANDAI NAMCO HDG.,JP,0.0025226652240088383,0.7674746993099238,0.3408217742049594
2022,vw,HK0000049939,CHINA UNICOM (HONG KONG),HK,0.0025042839509268307,2.755771574802792,8.676042163086043
2022,vw,JP3538800008,TDK,JP,0.0024868322947458805,9.400667873085924,9.159669843995921
2022,vw,JP3381000003,NIPPON STEEL,JP,0.0024521726382328384,1290.3677829557635,4513.180187347197
2022,vw,JP3119600009,AJINOMOTO,JP,0.0024302746507972486,101.71065117850704,64.20143414449112
2022,vw,BMG2178K1009,CKI HOLDINGS,HK,0.002408364247777004,8102.955714048764,472.2098318569073
2022,vw,JP3197800000,OMRON,JP,0.0023951168189499166,2.112388793845818,0.8908849042018484
2022,vw,JP3160400002,EISAI,JP,0.0023665594222949,7.466680016642543,3.051617946404214
2022,vw,JP3762600009,NOMURA HDG.,JP,0.002364063889779207,0.15542350481618988,0.12630572813545438
2022,vw,JP3258000003,KIRIN HOLDINGS,JP,0.0023076102263520624,22.700963713462905,24.310719127964532
2022,vw,JP3409000001,SUMITOMO REAL.&DEV.,JP,0.0022877235636306133,5.441303973870858,2.984876175125399
2022,vw,JP3635000007,TOYOTA TSUSHO,JP,0.002269573530812809,7.072179608476667,32.29390256994823
2022,vw,JP3294460005,INPEX,JP,0.0022576468098034178,582.7451183719983,435.75455861548426
2022,vw,JP3240400006,KIKKOMAN,JP,0.0022305172053837478,25.453043780595213,7.813603462755272
2022,vw,JP3814800003,SUBARU,JP,0.0021939734838992806,6.73523616904341,11.506836718092368
2022,vw,JP3420600003,SEKISUI HOUSE,JP,0.0021577882624217322,2.3376157300241793,3.8059543691121958
2022,vw,JP3967200001,RAKUTEN GROUP,JP,0.002146280567394454,0.11869687294618698,0.12617872257962817
2022,vw,JP3256000005,KYOWA KIRIN,JP,0.0021384432295808655,5.267913047770725,1.177218524590521
2022,vw,JP3753000003,NIPPON YUSEN KK,JP,0.0021317263982824084,678.2452951117393,923.0394858402963
2022,vw,JP3111200006,ASAHI KASEI,JP,0.0021123456706356584,147.21132704813132,226.35830174719877
2022,vw,JP3402600005,SUMITOMO METAL MINING,JP,0.002082352722004885,173.6641859719788,133.10805825452556
2022,vw,AU000000NCM7,NEWCREST MINING DEAD - DELIST.08/11/23,AU,0.002035507169152775,357.1094666016129,106.58731211620776
2022,vw,AU000000SHL7,SONIC HEALTHCARE,AU,0.002034389766533808,5.535224818639278,2.7307222270536484
2022,vw,HK0006000050,POWER ASSETS HOLDINGS,HK,0.0020336541431429877,42401.69916995975,529.7898790281963
2022,vw,JP3197600004,ONO PHARM.,JP,0.0020016017594075355,3.252066948247804,0.762172074108247
2022,vw,AU000000QBE9,QBE INSURANCE GROUP,AU,0.0019147035304577851,0.4361682711551029,0.5818882716159456
2022,vw,JP3733000008,NEC,JP,0.0018878346533158742,0.826243382682472,1.8085724690877971
2022,vw,HK0836012952,CHINA RESOURCES POWER,HK,0.001812397560950945,13241.034425628972,13064.476490832072
2022,vw,KYG9431R1039,WANT WANT CHINA HOLDINGS,SG,0.0018080133076195815,57.01813169721158,17.74731415386834
2022,vw,AU000000ASX7,ASX,AU,0.0018072093985131582,0.047815869524555556,0.002919763190030211
2022,vw,JP3684000007,NITTO DENKO,JP,0.0017980622165184475,44.917382715760674,28.514980355330298
2022,vw,JP3102000001,AISIN,JP,0.0017150221305002975,17.705032663570854,54.47683736065451
2022,vw,SG1V61937297,SINGAPORE AIRLINES,SG,0.0017143268577596068,2095.858561395011,705.0711143741473
2022,vw,JP3357200009,SHIMADZU,JP,0.001686993948141208,0.6061554368467378,0.20634451899096334
2022,vw,JP3429800000,ANA HOLDINGS,JP,0.0016786848181107226,937.3395514047606,711.40456870578
2022,vw,JP3906000009,MINEBEA MITSUMI,JP,0.0016611447008891044,11.275189114953504,9.996627306114478
2022,vw,JP3407400005,SUMITOMO ELECTRIC IND.,JP,0.0016452760317516909,11.906156163088097,32.354339443241244
2022,vw,AU000000RHC8,RAMSAY HEALTH CARE,AU,0.0016447142265460435,9.007546065747276,7.866865954439343
2022,vw,JP3659000008,WEST JAPAN RAILWAY,JP,0.001633945258805749,16.292764337526034,13.502685606006638
2022,vw,JP3551520004,DENTSU GROUP,JP,0.0016257385573486688,0.34426237281813055,0.3118714482500547
2022,vw,HK0004000045,WHARF HOLDINGS,HK,0.0016187734143571079,5.692719232900337,1.5671213229548855
2022,vw,JP3502200003,DAIWA SECURITIES GROUP,JP,0.0016103727193897905,0.16842500726487322,0.09193886932537687
2022,vw,HK0000608585,NEW WORLD DEVELOPMENT COMPANY,HK,0.0015886423423470458,5.255050901666262,4.4943359214726994
2022,vw,JP3862400003,MAKITA,JP,0.0015799514330884137,3.353447072815625,2.055903281194133
2022,vw,JP3112000009,AGC,JP,0.0015798257252937797,402.21295302283454,586.2688526007331
2022,vw,AU000000SUN6,SUNCORP GROUP,AU,0.0015661251276267785,0.1539620379305387,0.15290322900305706
2022,vw,JP3137200006,ISUZU MOTORS,JP,0.0015367296790075365,6.1461835153632025,12.934233089677376
2022,vw,HK0083000502,SINO LAND,HK,0.0015285679840448317,0.9286275578276056,0.3792636062278221
2022,vw,JP3362700001,MITSUI OSK LINES,JP,0.001503958743310165,1034.0077734254057,1108.3141914273153
2022,vw,HK0101000591,HANG LUNG PROPERTIES,HK,0.0014926683210143524,2.971732357129557,0.4098552406261989
2022,vw,JP3027670003,NIPPON BUILDING FUND,JP,0.0014861330676414772,5.70975623049453,0.5032414640055473
2022,vw,SG1M51904654,CAPITALAND INTEG. COML. TST.,SG,0.0014763107882311407,0.03407988945723129,0.0034690721703671858
2022,vw,JP3621000003,TORAY INDS.,JP,0.00145638998265189,160.7232573247381,324.3268789154617
2022,vw,JP3885400006,MISUMI GROUP,JP,0.0014488164760122246,2.511025053347032,0.8508409324865273
2022,vw,HK0270001396,GUANGDONG INVESTMENT,HK,0.001447720800666404,697.9516596632153,285.2798408303237
2022,vw,AU000000COH5,COCHLEAR,AU,0.0014432573979828636,0.22503420340581648,0.02699026307441678
2022,vw,JP3900000005,MITSUBISHI HEAVY INDS.,JP,0.0014115107480195451,5.227642747663702,18.801353257636812
2022,vw,BMG5320C1082,KUNLUN ENERGY,HK,0.0013863117670137569,21.45973205006333,51.575332037722
2022,vw,JP3539220008,T & D HOLDINGS,JP,0.0013823915461588809,0.09253892673907498,0.2060070996670207
2022,vw,JP3982800009,ROHM,JP,0.0013791914292140062,43.235402784730724,18.47450837418025
2022,vw,AU000000CPU5,COMPUTERSHARE,AU,0.001378919838299674,1.0683545954656566,0.26921505578446586
2022,vw,JP3228600007,KANSAI ELECTRIC PWR.,JP,0.0013652332081654098,951.4875062777721,2702.201912037195
2022,vw,JP3711600001,NIPPON SANSO HOLDINGS,JP,0.0013590223119416514,135.52596980551212,124.13096902092984
2022,vw,JP3573000001,TOKYO GAS,JP,0.0013485249351156891,183.05376356392028,353.42561604927477
2022,vw,SG1F60858221,SINGAPORE TECHS.ENGR.,SG,0.001341359590821563,7.883808776641361,5.206483344459781
2022,vw,JP3942600002,YAMAHA,JP,0.0013365749348850696,6.818392955918237,2.786731442690868
2022,vw,JP3771800004,HAMAMATSU PHOTONICS,JP,0.0013345620582228472,7.153829301595712,1.3062736720675125
2022,vw,SG1M77906915,CAPITALAND ASCENDAS REIT,SG,0.001334164759513881,0.5291792225484236,0.05711487301537449
2022,vw,JP3940000007,YAMATO HDG.,JP,0.0013252891684335027,43.446467074060855,78.83499306752604
2022,vw,AU000000APA1,APA GROUP,AU,0.0012952651808410918,786.4160210107472,178.88404828146454
2022,vw,JP3574200006,TOKYU,JP,0.001292794479494709,18.584195694039128,17.641000031211963
2022,vw,JP3401400001,SUMITOMO CHEMICAL,JP,0.0012913775508959357,281.14207142680453,792.211522399324
2022,vw,JP3942800008,YAMAHA MOTOR,JP,0.001289963726193326,9.77961129973969,18.641947087910104
2022,vw,JP3820000002,FUJI ELECTRIC,JP,0.0012659054270277334,18.91083620290483,18.941065701591786
2022,vw,AU000000TAH8,TABCORP HOLDINGS,AU,0.0012573836801100281,0.7971247843307484,0.40298840899188715
2022,vw,JP3386030005,JFE HOLDINGS,JP,0.0012495401345041124,1481.9737594701764,6446.059892466307
2022,vw,JP3148800000,IBIDEN,JP,0.0012421466538419471,53.279017849344406,22.864168100362452
2022,vw,JP3300200007,KONAMI GROUP,JP,0.0012323259263796926,13.91812186962155,4.531950718530673
2022,vw,JP3419400001,SEKISUI CHEMICAL,JP,0.0012211363807092034,22.099705029209783,27.959905495519426
2022,vw,AU000000DXS1,DEXUS STAPLED UNITS,AU,0.0012199724196477796,19.810216757667845,1.623730585899088
2022,vw,JP3670800006,NISSAN CHEMICAL,JP,0.0012163920754228394,128.80180332658128,30.48773641717616
2022,vw,JP3486800000,DAITO TST.CONSTRUCTION,JP,0.0012098816532192746,3.071304633147681,5.355001160868098
2022,vw,SG9999000020,FLEX,SG,0.001206397529775412,3.2180838600010744,10.503329285361437
2022,vw,JP3499800005,MITSUBISHI HC CAPITAL,JP,0.0011980387374063062,0.24841111239634112,0.44678596503954876
2022,vw,JP3493800001,DAI NIPPON PRINTING,JP,0.0011951831529356126,29.3318352056115,44.928179837375566
2022,vw,AU000000IAG3,INSURANCE AUS.GROUP,AU,0.0011854695098910092,0.7546860984774684,0.637421304193575
2022,vw,SG1U68934629,KEPPEL,SG,0.0011844545358454474,4.597372090857324,3.8547965487647486
2022,vw,JP3774200004,HANKYU HANSHIN HDG.,JP,0.0011832548799781397,17.30625002376256,13.731454083774029
2022,vw,JP3526600006,CHUBU ELEC.POWER,JP,0.0011692283732139398,11.656528221361443,35.83782190991699
2022,vw,JP3027680002,JAPAN REAL ESTATE INV.,JP,0.001165137438070055,4.794219550098082,0.4010613273518231
2022,vw,JP3598600009,TOHO,JP,0.0011612870548788647,2.8425152849911246,0.7396191517312438
2022,vw,JP3596200000,TOTO,JP,0.0011596963080949185,33.67683103886038,25.158848688260452
2022,vw,AU000000SEK6,SEEK,AU,0.0011585370028777402,0.2114276653100058,0.009109115143234137
2022,vw,JP3443600006,TAISEI,JP,0.0011545298729302778,18.548336055270106,32.933515968722574
2022,vw,JP3385980002,J S R DEAD - DELIST.25/06/24,JP,0.001150407898824755,118.41997894313651,48.16078417088579
2022,vw,SG1J26887955,SINGAPORE EXCHANGE,SG,0.0011488543987947745,0.04463807449201872,0.004728030194551688
2022,vw,NZAIAE0002S6,AUCKLAND INTL.AIRPORT,NZ,0.0011480582494287606,10.950221299382548,0.2709012332494765
2022,vw,JP3675600005,NISSIN FOODS HOLDINGS,JP,0.001145755158475223,60.17083176830985,39.687431004146184
2022,vw,AU000000MGR9,MIRVAC GROUP STAPLED UNITS,AU,0.0011419777168438817,4.774323587235771,0.9682877275476159
2022,vw,JP3180400008,OSAKA GAS,JP,0.0011271907555195516,358.31099977825437,623.1577005315934
2022,vw,AU000000ORG5,ORIGIN ENERGY (EX BORAL),AU,0.0011078721057960774,1433.0366843285835,1793.2112644093581
2022,vw,JP3626800001,LIXIL,JP,0.0010885953586708143,41.16812870028827,72.7077803027495
2022,vw,HK0144000764,CHINA MERCHANTS PORT HOLDINGS,HK,0.0010825272416705907,46.421327608930696,10.119163675149958
2022,vw,AU000000SGP0,STOCKLAND STAPLED UNITS,AU,0.0010714602998985717,2.069399667262596,0.565182061915101
2022,vw,JP3359600008,SHARP,JP,0.0010593473451193528,12.75070269396755,40.8736111762224
2022,vw,AU000000GPT8,GPT GROUP STAPLED UNITS,AU,0.0010546170073657255,15.545806816075416,1.2958689945021957
2022,vw,AU000000QAN2,QANTAS AIRWAYS,AU,0.0010466989682518788,995.2453476700249,701.9739280768398
2022,vw,JP3629000005,TOPPAN HOLDINGS,JP,0.0010461200916173307,28.645200955209216,56.40268281140359
2022,vw,JP3452000007,TAIYO YUDEN,JP,0.0010423054032320238,14.718303381028441,6.5514114569296815
2022,vw,AU000000BSL0,BLUESCOPE STEEL,AU,0.0010399790330572578,738.1804175873016,1295.3058593190392
2022,vw,JP3322930003,SUMCO,JP,0.0010365973381868006,9.542176590927912,4.19203722529056
2022,vw,SGXE21576413,GENTING SINGAPORE,SG,0.0010235842535200805,4.9627164874574605,0.5958626210677616
2022,vw,JP3196000008,ODAKYU ELECTRIC RY.,JP,0.0010183464287436726,24.05732861408737,12.191906707529874
2022,vw,AU000000IGO4,IGO,AU,0.0010163288962372044,148.4896255054685,9.493184174641497
2022,vw,JP3436120004,SBI HDG.,JP,0.0010136626494325026,0.21037098169561927,0.19888081695768997
2022,vw,JP3973400009,RICOH,JP,0.0009954303633663575,7.430909405041203,17.876948645711693
2022,vw,JP3210200006,KAJIMA,JP,0.000979701369556315,14.007568889795536,38.81052858355827
2022,vw,JP3164630000,SQUARE ENIX HOLDINGS,JP,0.0009791131812332753,0.0,0.0
2022,vw,JP3414750004,SEIKO EPSON,JP,0.0009748158369944979,12.685479263740984,19.85658882641007
2022,vw,JP3143900003,ITOCHU TECHNO-SOLUTIONS DEAD - DELIST.01/12/23,JP,0.0009706054018483068,0.058995628694122754,0.041892451523877904
2022,vw,JP3375800004,SHINKO ELEC.INDS. DEAD - DELIST.06/06/25,JP,0.0009535867391822064,21.704995182787698,7.824296723059021
2022,vw,JP3766550002,HAKUHODO DY HDG.,JP,0.0009433687130109858,0.04059687963667399,0.05823699826111562
2022,vw,JP3283650004,KOSE HOLDINGS,JP,0.0009321853751328243,2.442838217225071,1.0664757639576796
2022,vw,SG1B51001017,JARDINE CYC.& CARR.,SG,0.0009234292840547522,249.01786622922234,737.7653933611534
2022,vw,JP3277800003,KEIO,JP,0.0009225726087135442,31.682300348509074,14.128765385786453
2022,vw,AU000000OZL8,OZ MINERALS DEAD - DELIST.03/05/23,AU,0.0009203098684101359,63.89256548205941,16.085416094016388
2022,vw,JP3223800008,KAWASAKI KISEN KAISHA,JP,0.0009175830956302401,1055.8778725857096,1113.489816421591
2022,vw,JP3190000004,OBAYASHI,JP,0.0009073852447840841,8.990110179974458,25.08333689656647
2022,vw,JP3799000009,HIROSE ELECTRIC,JP,0.0009068715499689756,1.222880316506772,0.28733075037991324
2022,vw,JP3039710003,JAPAN METROPOLITAN FUND INVESTMENT REIT,JP,0.0009036155628931523,8.28753802825994,0.8819296311181185
2022,vw,JP3260800002,KINTETSU GROUP HDG.,JP,0.0008781605104538509,6.35458324375821,7.094004708011396
2022,vw,JP3787000003,HITACHI CON.MCH.,JP,0.0008769701662750348,11.650463337501352,17.571941523013678
2022,vw,JP3783420007,HIKARI TSUSHIN,JP,0.0008744032441475743,0.22027780211970865,0.1954126828333242
2022,vw,JP3229400001,KANSAI PAINT,JP,0.0008695316791184946,19.64704141419311,12.606642345667554
2022,vw,JP3888300005,MITSUI CHEMICALS,JP,0.0008509796917474783,281.5875332917025,682.0710156292744
2022,vw,NZTELE0001S4,SPARK NEW ZEALAND,NZ,0.0008509176138242023,0.9769486253525582,0.4326177752649146
2022,vw,HK0019000162,SWIRE PACIFIC 'A',HK,0.0008472131137527102,10.299482339434718,21.981927192193485
2022,vw,HK0293001514,CATHAY PACIFIC AIRWAYS,HK,0.0008306522757707699,914.6030654073699,999.5443097572642
2022,vw,HK2380027329,CHIN.PWR.INTDVT.,HK,0.0008305638147301017,11469.346197379677,11534.680805344045
2022,vw,KYG525621408,KINGBOARD HOLDINGS,HK,0.0008291018796369532,162.36757865088,221.33254591161534
2022,vw,JP3511800009,CHIBA BANK,JP,0.0008264682237419711,1.3607851819053944,0.5194015052503493
2022,vw,JP3688370000,NIPPON EXPRESS HOLDINGS,JP,0.0008222872756093363,26.56679756572229,103.04958836785306
2022,vw,JP3358800005,SHIMIZU,JP,0.0008194239313982334,15.833364282155932,37.465743176571074
2022,vw,JP3174410005,OJI HOLDINGS,JP,0.0008174436456457307,507.965644436752,1214.684814161577
2022,vw,JP3792600003,HINO MOTORS,JP,0.0008153671391121503,11.566610886494168,28.740937563644046
2022,vw,JP3944130008,USS,JP,0.0008146718663714598,5.8779160529040855,0.7882880737615133
2022,vw,JP3494600004,SCREEN HOLDINGS,JP,0.000807639989612377,3.192651600988931,2.1181620433355626
2022,vw,AU0000088338,AMPOL,AU,0.0008035149116106904,47.20681328276794,140.48548902357527
2022,vw,JP3270000007,KURITA WATER IND.,JP,0.0008008331453251697,5.700105248371908,2.7130836521206625
2022,vw,JP3595200001,TOSOH,JP,0.000791195547736579,1005.7797137060379,1527.437780497756
2022,vw,JP3695200000,NGK INSULATORS,JP,0.0007892587165303696,65.69922798311522,57.04341670599339
2022,vw,AU000000BLD2,BORAL DEAD - DELIST.08/07/24,AU,0.0007865676385563574,633.8105020970551,262.4174766093294
2022,vw,HK0000055878,CHINA TAIPING INSURANCE HLDGS,HK,0.0007858320151655374,0.1360113576639338,1.1092481119853381
2022,vw,JP3305990008,YOKOHAMA FINANCIAL GROUP,JP,0.000784415086566764,0.3266722498857803,0.1677749441574552
2022,vw,JP3869010003,MATSUKIYOKARA,JP,0.0007835847943429481,0.3971255605717323,0.44067783182545595
2022,vw,JP3830000000,BROTHER INDUSTRIES,JP,0.0007805010735042156,3.0630248932239645,3.723151136270995
2022,vw,HK0023000190,BANK OF EAST ASIA,HK,0.0007728949759548304,0.9116450344372968,0.563720844310223
2022,vw,BMG4600H1198,HOPSON DEVELOPMENT HOLDINGS,HK,0.0007697910797910331,0.26042227967121373,0.20704977258798105
2022,vw,AU000000LLC3,LENDLEASE GROUP STAPLED UNITS,AU,0.000769103566790752,3.6228916325697416,4.569659767582173
2022,vw,JP3868400007,MAZDA MOTOR,JP,0.0007654270017847341,3.5968748719540358,19.667318188822474
2022,vw,JP3143000002,ITO EN,JP,0.0007540217353308611,8.900907586605134,6.586327196385753
2022,vw,SG1R89002252,CITY DEVELOPMENTS,SG,0.0007381794493108399,0.92336292987831,0.3782216643855632
2022,vw,JP3585800000,TOKYO ELECTRIC POWER CO. HDG.,JP,0.0007303576309780706,4.40944565817634,43.135779960774066
2022,vw,JP3419050004,SEGA SAMMY HDG.,JP,0.0007295878647294489,2.649719089931067,1.499433112605321
2022,vw,JP3166000004,EBARA,JP,0.0007289500140677886,28.825707068992624,32.36108154140941
2022,vw,JP3336000009,SANTEN PHARM.,JP,0.0007101528188998324,6.43097700079541,3.2387212951388586
2022,vw,SG1S83002349,UOL GROUP,SG,0.0007087808967954339,1.1730930000625581,0.49682069786995514
2022,vw,JP3268950007,MEDIPAL HOLDINGS,JP,0.0007049382733446529,1.0708455361472455,6.758720290250712
2022,vw,JP3351500008,SHIZUOKA FINANCIAL GROUP,JP,0.0007048482603559029,0.6257658985648741,0.27985115705572805
2022,vw,JP3955000009,YOKOGAWA ELECTRIC,JP,0.0006927834159672229,3.566948944981705,2.6915563759531893
2022,vw,JP3977400005,RINNAI,JP,0.0006881151561368718,11.03392084103522,8.105992945230813
2022,vw,AU000000WOR2,WORLEY,AU,0.0006854302859551872,3.35848395515175,5.03511767023353
2022,vw,JP3613000003,TOYO SUISAN KAISHA,JP,0.0006844447989231814,51.31634288204061,37.70778394777597
2022,vw,JP3108600002,ACOM,JP,0.0006843656495710047,0.0,0.0
2022,vw,JP3982100004,LAWSON DEAD - DELIST.24/07/24,JP,0.0006694778116213511,0.6952442972586517,0.9736218035648467
2022,vw,JP3676800000,NISSHIN SEIFUN,JP,0.0006685000843297549,14.66534951364756,19.96522336674026
2022,vw,AU000000CWY3,CLEANAWAY WASTE MANAGEMENT,AU,0.0006677970518486548,673.1116976773059,289.8005094167736
2022,vw,HK0392044647,BEIJING ENTERPRISES HOLDINGS,HK,0.0006659952401255705,57.77484328173033,138.95135563400794
2022,vw,JP3495000006,SUMITOMO PHARMA,JP,0.0006655901816761949,4.424349678698094,4.989344189668761
2022,vw,JP3896800004,MITSUBISHI GAS CHM.,JP,0.0006627252855170101,127.1360297729466,180.31604484951808
2022,vw,AU000000ORI1,ORICA,AU,0.0006553566360241554,452.3142694639348,397.3666761390546
2022,vw,NZCENE0001S6,CONTACT ENERGY,NZ,0.000646695213779079,461.21661369719124,188.82742699166545
2022,vw,JP3657400002,NIKON,JP,0.0006400513240404711,7.478919785269569,8.42252278028602
2022,vw,BMG524401079,KERRY PROPERTIES,HK,0.0006372003954140233,2.15089630849243,1.0302473811501263
2022,vw,KYG0535Q1331,ASMPT,HK,0.0006361047200682028,0.8522224897253926,0.585544373284538
2022,vw,JP3118000003,ASICS,JP,0.00063547307719887,0.8589209586056151,0.7409614426524174
2022,vw,HK0008011667,PCCW,HK,0.0006310888238675064,0.8742273894473335,1.0662915628696426
2022,vw,JP3743000006,NH FOODS,JP,0.0006222737587623222,45.89411816504122,122.70458870269825
2022,vw,JP3870400003,MARUI GROUP,JP,0.0006222101288909643,5.768625572962988,2.6289402926254986
2022,vw,JP3663900003,SOJITZ,JP,0.0006203974535313068,41.46144247669977,180.55329027351823
2022,vw,JP3368000000,RESONAC HOLDINGS,JP,0.000614576096276105,272.92642396762983,855.2965507837062
2022,vw,JP3791200003,HITACHI TRANSPORT SYSTEM DEAD - DELIST.24/02/23,JP,0.000606996381844112,6.355565656950661,10.359762629787864
2022,vw,AU000000JBH7,JB HI-FI,AU,0.0006051821545363725,0.08343288703620154,0.13468136940633416
2022,vw,BMG668971101,CTF SERVICES,HK,0.0006028247453999685,4.8937872820749435,4.893275768411893
2022,vw,JP3768600003,HASEKO,JP,0.0005953816023991826,5.252200178528365,10.55352092483741
2022,vw,SG0531000230,VENTURE CORPORATION,SG,0.0005910097646524741,1.255177498753063,0.7599430699179136
2022,vw,JP3738600000,NITERRA,JP,0.0005875085697797109,15.385115235468712,17.011744443446517
2022,vw,AU000000CIM7,CIMIC GROUP DEAD - DELIST.11/05/22,AU,0.0005774736734821543,16.644411400061312,30.906002751977983
2022,vw,BMG2624N1535,DFI RETAIL GROUP HOLDINGS,HK,0.0005607591926401061,26.244162341940083,65.31497871728024
2022,vw,AU000000BOQ8,BANK OF QLND.,AU,0.0005576909912821924,0.32046158589847806,0.11771286409590677
2022,vw,NZFBUE0001S0,FLETCHER BUILDING,NZ,0.0005475412508265754,145.79333821885032,224.76750876536596
2022,vw,JP3122800000,AMADA,JP,0.0005461460495009484,3.1195717267596934,2.2929158023358247
2022,vw,AU000000BEN6,BENDIGO & ADELAIDE BANK,AU,0.0005443551014144375,0.9404325989955379,0.38858921871614455
2022,vw,JP3720800006,NSK,JP,0.0005392228091075986,17.091939696945104,36.55212707476493
2022,vw,JP3246400000,KYUSHU ELEC.POWER,JP,0.0005384468350666493,1213.0701126088338,5041.086730326359
2022,vw,JP3126340003,ALFRESA HOLDINGS,JP,0.0005292717180064646,1.4648993934393342,9.705984981101757
2022,vw,JP3635400009,TOYOTA BOSHOKU,JP,0.0005267622179580345,3.8119789744139307,13.581992811266279
2022,vw,JP3209000003,CASIO COMPUTER,JP,0.0005264006140549522,1.5585401690185288,1.0251277319001022
2022,vw,JP3358200008,SHIMAMURA,JP,0.0005243241075213717,0.15172303952087293,0.22613652844910007
2022,vw,JP3305530002,COMSYS HOLDINGS,JP,0.0005210712243417123,18.66284818244486,28.294609430146565
2022,vw,JP3939000000,YAMADA HOLDINGS,JP,0.0005153833346215538,3.647514645459512,15.959625159596252
2022,vw,JP3131430005,AEON MALL DEAD - DELIST.27/06/25,JP,0.0005090560422916531,6.144729115233974,5.097694894378542
2022,vw,JP3040890000,JAPAN PRIME REALTY INV.,JP,0.0005055377759899888,3.966645434014709,0.37851810010314846
2022,vw,JP3224200000,KAWASAKI HEAVY INDUSTRY,JP,0.000505059775980764,10.320732124136853,41.43825514079573
2022,vw,JP3894900004,ISETAN MITSUKOSHI HDG.,JP,0.000503757691540051,3.80743529460683,5.416254617263869
2022,vw,JP3605400005,TOHOKU ELECTRIC PWR.,JP,0.0004993998213260797,1750.635649055569,10197.676116958628
2022,vw,JP3134800006,IHI,JP,0.0004925122757386135,6.325745686519587,20.252023784390154
2022,vw,HK0014000126,HYSAN DEVELOPMENT,HK,0.0004922375809281174,1.7042766760340684,0.24875935606323346
2022,vw,AU000000ILU1,ILUKA RESOURCES,AU,0.00049125054194803,378.9969095097616,133.00140899354895
2022,vw,JP3269600007,KURARAY,JP,0.0004910565484377927,341.1656632845765,593.2120361679198
2022,vw,HK0000745908,YUEXIU PROPERTY COMPANY,HK,0.0004871239119982615,0.2019499241658667,0.5720548364178553
2022,vw,JP3582600007,TOKYO TATEMONO,JP,0.00048694698991692505,6.12634297239517,5.811355632400044
2022,vw,JP3405400007,SUMITOMO HEAVY INDS.,JP,0.0004847152885751548,5.176213427220774,12.300889772578099
2022,vw,JP3398000004,SUZUKEN,JP,0.0004822958015154748,1.847429400007968,11.4596740977192
2022,vw,JP3549600009,DENKA,JP,0.00048115977551952505,492.37053618239594,522.5199654233702
2022,vw,JP3935600001,YAMAZAKI BAKING,JP,0.00047815675598105123,41.60916887912287,124.30988539472445
2022,vw,JP3292200007,JTEKT,JP,0.0004736390351146443,9.500663311528072,37.68144434614502
2022,vw,SG1R50925390,SEMBCORP INDUSTRIES,SG,0.00046930754801806514,4362.2549852749535,8343.24848957834
2022,vw,HK0010000088,HANG LUNG GROUP,HK,0.0004690825155461899,2.809232983901427,1.3042011023840876
2022,vw,JP3665200006,NICHIREI,JP,0.00046050645044561805,14.389241410717231,25.045159203041166
2022,vw,JP3600200004,TOHO GAS,JP,0.00045990119069367756,23.092925931996263,31.903434591581235
2022,vw,KYG5427W1309,LEE & MAN PAPER MNFG.,HK,0.00045889552833660723,1133.7508339056508,1599.511197537962
2022,vw,JP3522200009,CHUGOKU ELEC.POWER,JP,0.0004559049243827886,1869.4490740090455,6297.577979527714
2022,vw,JP3280200001,KEIKYU,JP,0.00044781306708376907,30.93660467078859,22.258264627498278
2022,vw,JP3263000006,KINDEN,JP,0.0004472372943453847,3.484231004046408,5.92723941452852
2022,vw,AU000000CGF5,CHALLENGER,AU,0.0004460873008166978,0.019230450972279687,0.014149187474124766
2022,vw,AU000000MTS0,METCASH,AU,0.00043871089158343363,1.4203647129408419,5.1562875861385855
2022,vw,JP3638600001,DOWA HDG.,JP,0.0004356287226927829,152.8873412930135,379.16194629103165
2022,vw,BMG8063F1068,SHANGRI-LA ASIA,HK,0.0004341140213648498,86.43719610661019,38.2522647485718
2022,vw,JP3711200000,AOZORA BANK,JP,0.0004339324434392677,0.09192850970514348,0.0393412134976127
2022,vw,JP3732200005,NIPPON TELEVISION HDG.,JP,0.00043128792390771247,0.2759365681718643,0.3548026095623981
2022,vw,JP3551200003,ELEC.POWER DEV.,JP,0.0004298725472570209,5418.030119501745,17311.15676073779
2022,vw,JP3243600008,CANON MARKETING JAPAN,JP,0.0004292828069858994,1.2467551627308684,2.1752726773170794
2022,vw,BMG988031446,YUE YUEN INDL.HDG.,HK,0.00042185052762168683,5.8743092840286115,18.394525789125158
2022,vw,JP3404200002,SUMITOMO RUBBER INDS.,JP,0.000421450125016557,46.07384819045878,138.82649266097613
2022,vw,JP3588600001,TBS HOLDINGS,JP,0.0004166825405089644,1.2398936006484513,1.440277105292562
2022,vw,AU000000DOW2,DOWNER EDI,AU,0.00041569239763271306,40.867867607399255,121.55294714991861
2022,vw,BMG2442N1048,COSCO SHIPPING PORTS,HK,0.0004093185468603553,70.4417597371347,32.188287929629
2022,vw,JP3634200004,TOYODA GOSEI,JP,0.00040332026752381715,14.44271290775282,38.86409111897799
2022,vw,JP3765400001,HOUSE SHOKUHIN GP.HONSHA K K,JP,0.0003992541635492427,25.77071103859164,21.92334603125243
2022,vw,JP3667600005,JGC HOLDINGS,JP,0.00039545809854091865,22.409466581439137,34.47848234398424
2022,vw,AU000000FLT9,FLIGHT CENTRE TRAVEL GP.,AU,0.0003892611698498974,133.5541428495112,20.931261736457472
2022,vw,JP3219000001,KAMIGUMI,JP,0.0003883703516508876,14.63575659159334,13.174631464113459
2022,vw,JP3613400005,TOYO SEIKAN GROUP HDG.,JP,0.0003866756243454543,56.767973074623136,160.14127751801087
2022,vw,JP3721400004,JAPAN STEEL WORKS,JP,0.0003854340658799354,36.21522989706517,26.17221316260997
2022,vw,JP3780100008,PARK24,JP,0.0003853564684758405,77.22867913056427,70.38843357967016
2022,vw,JP3544000007,TEIJIN,JP,0.00038510815678273664,96.39578657772549,310.3024441354853
2022,vw,JP3733400000,NIPPON ELEC.GLASS,JP,0.0003837238190936831,309.45842034403154,319.5107845000869
2022,vw,JP3293200006,COCA-COLA BOTTLERS JAPAN HOLDINGS,JP,0.0003828143775176905,27.704038020794513,77.15381465700722
2022,vw,AU000000BPT9,BEACH ENERGY,AU,0.000380830987869024,489.55194885015135,232.08416025168202
2022,vw,JP3493400000,DIC,JP,0.00037966857875568194,45.68557449332423,139.63783518639633
2022,vw,JP3449020001,TAIHEIYO CEMENT,JP,0.00037798316313874,3665.04699212771,9722.279248133884
2022,vw,JP3126400005,ALPS ALPINE,JP,0.0003748373643767315,6.468963597681159,18.206246092569362
2022,vw,JP3560800009,TOKAI CARBON,JP,0.00037291915654750476,891.7433316997962,839.8150575760225
2022,vw,JP3903000002,MITSUBISHI MATERIALS,JP,0.00036765339670562274,603.4268978820575,3828.2298710837576
2022,vw,AU000000ANN9,ANSELL,AU,0.0003668665590281001,67.66626490852506,57.283906747718824
2022,vw,MU0117U00026,GOLDEN AGRI-RESOURCES,SG,0.0003621703641322749,769.8408702105199,3347.7783729351017
2022,vw,JP3131400008,AEON FINANCIAL SERVICE,JP,0.0003592806368037796,0.8019780842399513,1.439290203582675
2022,vw,JP3485800001,DAICEL,JP,0.00035262898732476205,415.6729302428445,727.9384905178749
2022,vw,JP3215800008,KANEKA,JP,0.0003464087794125123,156.96530980597745,408.5856753087913
2022,vw,AU000000AMP6,AMP,AU,0.00034302087674972765,0.01340933187772724,0.01312062834236696
2022,vw,SG1N31909426,COMFORTDELGRO CORPORATION,SG,0.0003394327727843779,318.07414320131795,381.79906178845437
2022,vw,JP3535800001,TSUMURA,JP,0.0003379180714564449,35.658184814149195,18.088252854347886
2022,vw,JP3940400009,YAMATO KOGYO,JP,0.00033554669478730374,50.004110507389164,27.288284538180474
2022,vw,JP3870000001,MABUCHI MOTOR,JP,0.00033364400643889604,2.819185419448385,1.5429055185502176
2022,vw,JP3902000003,MITSUBISHI LOGISTICS,JP,0.0003301924739047535,3.1313802930735126,3.1321677006956197
2022,vw,JP3271400008,CREDIT SAISON,JP,0.00032655781149694684,0.12325438593426032,0.18439487116121245
2022,vw,AU000000SGM7,SIMS,AU,0.0003248491166587765,14.603458062587338,38.45841474892149
2022,vw,JP3415400005,SEINO HDG.,JP,0.0003226034477842691,74.77425705886665,190.85486121133403
2022,vw,JP3835620000,BENESSE HOLDINGS DEAD - DELIST.17/05/24,JP,0.0003217234932218327,0.019569241848432308,0.03617892649889292
2022,vw,JP3548610009,DENA,JP,0.00031814935678922007,0.011166610117807738,0.006341463414634147
2022,vw,BMG684371393,PACIFIC BASIN SHIP.,HK,0.00031626373986971324,874.2119613242153,1271.9287484358515
2022,vw,JP3300600008,KONICA MINOLTA,JP,0.0003143750190540426,19.97959777574272,78.46155365111962
2022,vw,JP3156400008,USHIO,JP,0.00031116559042067624,3.341464753821898,2.1246882793017456
2022,vw,AU0000033359,HEALIUS,AU,0.00031001094104774363,4.003629728408887,3.2644826688560045
2022,vw,AU000000CSR5,CSR DEAD - DEAD.10/07/24,AU,0.0003085443501103494,176.97934808375373,138.56778548470658
2022,vw,JP3459600007,TAKARA HDG.,JP,0.0003053318175808193,32.79579245284491,42.73689774881697
2022,vw,JP3742600004,NHK SPRING,JP,0.0003049562461449998,15.0399014296283,40.203766940289775
2022,vw,JP3289800009,KOBE STEEL,JP,0.0003027276486993934,884.2794362319801,7843.619753618062
2022,vw,JP3158800007,UBE,JP,0.00030097705126301165,665.4139093980145,1954.2630262716891
2022,vw,JP3769000005,HACHIJUNI NAGANO BANK,JP,0.0002967712719610664,1.8870475909755975,1.2989933324617597
2022,vw,SGXE34184239,SEATRIUM,SG,0.00029638638883675554,39.01096753742092,28.224341151028657
2022,vw,HK0165000859,CHINA EVERBRIGHT,HK,0.00029498653166688295,0.02496949928252198,0.00415625411021965
2022,vw,JP3164800009,NOK,JP,0.00029267257707677206,7.031639634299858,21.740974844101302
2022,vw,JP3796150005,HIROGIN HOLDINGS,JP,0.0002890177393439008,1.266595006726465,0.8149643718217894
2022,vw,JP3326410002,SANKYO,JP,0.00028656410942641905,1.2724659553237594,0.5269485724188726
2022,vw,AU000000BWP3,BWP GROUP STAPLED UNITS,AU,0.00028477781718415373,0.0,0.0
2022,vw,HK0200030994,MELCO INTL.DEV.,HK,0.0002739359078840099,8.54751114535254,9.717241418381859
2022,vw,JP3385820000,GS YUASA,JP,0.000266584329820056,18.200765416999246,39.05422240851351
2022,vw,JP3456000003,TAKASHIMAYA,JP,0.0002650323817381574,3.1293659783982797,11.826741775680139
2022,vw,AU000000IFL2,INSIGNIA FINANCIAL,AU,0.0002634478427465389,0.0,0.0
2022,vw,AU000000CQR9,CHARTER HALL RETAIL REIT,AU,0.00026087936867099667,2.334904304845106,0.193339599519328
2022,vw,JP3491000000,DAIDO STEEL,JP,0.0002578841088729323,93.76022385419687,254.56164845216887
2022,vw,JP3811000003,FUJIKURA,JP,0.0002544775828331648,4.191288034339514,14.782921578552566
2022,vw,JP3888400003,MITSUI KINZOKU LIMITED,JP,0.00025229864772617915,145.92576900774688,490.2533693385578
2022,vw,HK0363006039,SHANGHAI INDUSTRIAL HOLDINGS,HK,0.00024897747883091605,47.96355209304841,148.64407931234376
2022,vw,AU000000IRE2,IRESS,AU,0.00024263777091636013,0.16960451524909487,0.046052294939364476
2022,vw,JP3678000005,NISSHINBO HOLDINGS,JP,0.0002407133552948058,30.153295681290867,86.78048277284918
2022,vw,JP3579800008,TOKYO STEEL MNFG.,JP,0.00024003049813877043,159.08689960669318,208.14798531009154
2022,vw,JP3320800000,SAPPORO HOLDINGS,JP,0.00023870047863258328,31.25841328257822,77.66461864544526
2022,vw,JP3350800003,SHIKOKU ELECTRIC POWER,JP,0.00023758152406553435,1720.016865424171,6310.1785924251735
2022,vw,SG1T58930911,FRASER AND NEAVE,SG,0.0002326540889055062,35.17922037683723,32.71941351868776
2022,vw,JP3718800000,NISSUI,JP,0.0002271896797091411,35.14281131968199,141.4502356718355
2022,vw,JP3276400003,GUNMA BANK,JP,0.00022707793944724442,1.2707925433147547,1.099659645429817
2022,vw,JP3827200001,FURUKAWA ELECTRIC,JP,0.00022539252383030247,15.9244642941786,88.13484631486175
2022,vw,JP3172100004,OKUMA,JP,0.00022278835494887657,5.563009024356587,5.363835211836661
2022,vw,NZSKCE0001S2,SKY CITY ENTM.GP.,NZ,0.00022233518610896216,11.074610094725454,3.150870433192333
2022,vw,AU000000PPT9,PERPETUAL,AU,0.00021507051713759467,0.020769098602239664,0.007937596062952353
2022,vw,AU000000ABC7,ADBRI DEAD - DELIST.02/07/24,AU,0.00021500533531815494,1719.7497008108965,1387.8532398819104
2022,vw,JP3352400000,CITIZEN WATCH,JP,0.0002132345625567086,7.756432083435126,13.379379612512555
2022,vw,JP3834800009,HEIWA REAL ESTATE,JP,0.00021246014046384117,6.208311425890988,2.199431697821021
2022,vw,JP3421100003,JAPAN PETROLEUM EXP.,JP,0.0002101322183409932,242.4968243421289,409.1610720906358
2022,vw,SG9999003735,XP POWER (DI),SG,0.00020759167933092514,1.7044677715830892,0.41940162377954876
2022,vw,JP3389900006,JAFCO GROUP,JP,0.00020306930262027254,0.00610928640625591,0.003209831254585473
2022,vw,JP3841800000,HOKUETSU,JP,0.00019338359464114314,305.2424949623766,545.7157302559247
2022,vw,AU000000ELD6,ELDERS,AU,0.00019236241280325386,35.461098370442826,51.94636503723306
2022,vw,JP3274400005,GLORY,JP,0.0001889884776732062,1.3637981181176404,2.2533360706220487
2022,vw,JP3992400006,WACOAL HDG.,JP,0.00018294674379037482,1.1856813945689508,1.472659099777744
2022,vw,AU000000IVC8,INVOCARE DEAD - DELIST.27/11/23,AU,0.00018283345158039623,14.418354089425483,4.634620444957516
2022,vw,JP3625000009,TOKUYAMA,JP,0.00018053656841918625,2657.571052654175,5853.226624487445
2022,vw,JP3658850007,NISHI-NIPPON FINL.HDG.,JP,0.00017841039954698512,0.505619637287549,0.521055332770814
2022,vw,JP3400900001,SUMITOMO OSAKA CEMENT,JP,0.00017709434757353507,5025.529805498876,7720.552795085488
2022,vw,HK0308001558,CTII.INTL.INV.HK.,HK,0.0001764052826251721,25.163716927599644,10.36204879164577
2022,vw,JP3789000001,KANADEVIA,JP,0.00017619421768603387,66.14804142501329,221.08499000273054
2022,vw,NZAIRE0001S2,AIR NEW ZEALAND,NZ,0.00017459881505784208,946.8236772571211,1344.751695510342
2022,vw,JP3165600002,NTN,JP,0.0001625339706691621,19.20409880690007,101.21360845611053
2022,vw,JP3919800007,MEIDENSHA,JP,0.00016077561349237094,7.658441570798335,16.316267037337347
2022,vw,HK0440001847,DAH SING FINANCIAL HDG.,HK,0.00016036900309491348,0.09815868918468766,0.09096715505061258
2022,vw,JP3352000008,77 BANK,JP,0.00016004930179004236,1.4434185758140277,1.438018772787216
2022,vw,JP3619800000,TOYOBO,JP,0.00015681038614311993,223.77434594954448,712.5820211597272
2022,vw,JP3411000007,SURUGA BANK,JP,0.00015494649649675966,0.19214215445154942,0.1502403846153846
2022,vw,JP3845400005,HOKURIKU ELEC.POWER,JP,0.00015323314581434358,3506.7039543694823,19000.16204829039
2022,vw,JP3684400009,NITTO BOSEKI,JP,0.0001485586781916649,196.9697179865256,148.34315323220926
2022,vw,JP3850200001,HOKKAIDO ELEC.POWER,JP,0.00014720693141233117,2402.415500998195,14865.107060398723
2022,vw,BMG8403G1033,SINOFERT HOLDINGS,HK,0.0001454765093010142,423.19932208162896,1583.9328767415564
2022,vw,SG2B80958517,OUE,SG,0.00014464156123295273,9.7490927012859,2.3346566523605152
2022,vw,AU000000ERA9,ENERGY RES.OF AUS.,AU,0.0001326294830790573,825.674499564839,133.21319915750058
2022,vw,JP3726200003,NIPPON SODA,JP,0.00012898861287892311,47.03510717155547,72.67969295184926
2022,vw,HK0242001243,SHUN TAK HOLDINGS,HK,0.00012390132706645938,7.974504820686595,6.190189889273009
2022,vw,JP3425000001,CENTRAL GLASS,JP,0.00012325416471630767,192.46394791616783,435.2119769828378
2022,vw,AU000000SWM4,SEVEN WEST MEDIA DEAD - DELIST.08/01/26,AU,0.00011865884644580581,2.417788313353875,3.252282298778414
2022,vw,JP3528600004,CHIYODA CORPORATION,JP,0.00011584050872907787,23.86365611995404,80.91289086573244
2022,vw,JP3194000000,OKI ELECTRIC IND.,JP,0.00010566438515606853,2.9886670237913866,14.290959829624732
2022,vw,AU000000SBM8,ST BARBARA,AU,0.00010432505396139002,287.12416436967334,215.70319240724763
2022,vw,AU000000MND5,MONADELPHOUS GROUP,AU,9.674689147747898e-05,6.761974805846292,14.733954667222767
2022,vw,AU000000GWA4,GWA GROUP,AU,7.300363777251177e-05,0.8117856200911803,0.5038265306122449
2022,vw,JP3826800009,FURUKAWA,JP,7.045378707395232e-05,2.5581356574098995,9.463180386369142
2022,vw,JP3203500008,ONWARD HOLDINGS,JP,6.298891680001988e-05,1.0573026731443758,3.8263483381378274
2022,vw,AU000000SXL4,SOUTHERN CROSS MEDIA GROUP,AU,5.6374514074967897e-05,0.5060929886248314,0.5258086717136958
2022,vw,AU000000SIG5,SIGMA HEALTHCARE,AU,5.562492315141086e-05,0.010646024419614236,0.07533061771106522
2022,vw,JP3305800009,KOMORI,JP,5.535798808132429e-05,6.8087758765465365,14.025791982057752
2022,vw,JP3599000001,TOHO ZINC,JP,4.4860611255361926e-05,191.72355718625005,705.7358333909915
2022,vw,HK0000139300,TELEVISION BROADCASTS,HK,4.2040721590552106e-05,1.4932339600624847,2.0502048802096793
2022,vw,JP3407200009,OSAKA TITANIUM,JP,4.1288026770831274e-05,166.10957709635227,141.77943166441136
2022,vw,AU000000MAH3,MACMAHON HOLDINGS,AU,4.049963714522676e-05,14.072987865130068,57.959074187614966
2022,vw_50,AU000000BWP3,BWP GROUP STAPLED UNITS,AU,0.06953582980097213,0.0,0.0
2022,vw_50,JP3732200005,NIPPON TELEVISION HDG.,JP,0.024935276528145433,0.2759365681718643,0.3548026095623981
2022,vw_50,JP3435000009,SONY GROUP,JP,0.023548417255432982,2.4395581546266416,1.4283738545846367
2022,vw_50,JP3899600005,MITSUBISHI ESTATE,JP,0.021933317432612745,10.349368010642154,6.049345718707152
2022,vw_50,AU000000BHP4,BHP GROUP,AU,0.021261030902802364,150.23564708887065,55.291348647740705
2022,vw_50,JP3837800006,HOYA,JP,0.020828063707306745,2.8453504040130824,0.3270013607344124
2022,vw_50,KYG2108Y1052,CHINA RESOURCES LAND,HK,0.01889886282233598,0.9911207708729277,0.9481164901377935
2022,vw_50,JP3539220008,T & D HOLDINGS,JP,0.018843271511894893,0.09253892673907498,0.2060070996670207
2022,vw_50,JP3162600005,SMC,JP,0.01812368885330298,10.256603932072586,1.6107466966219979
2022,vw_50,JP3201200007,OLYMPUS,JP,0.01571707958681943,4.078119944147929,1.0346920929779766
2022,vw_50,JP3756600007,NINTENDO,JP,0.014962023920370136,0.023600811703980654,0.005270754300622773
2022,vw_50,JP3862400003,MAKITA,JP,0.014809447500367619,3.353447072815625,2.055903281194133
2022,vw_50,JP3951600000,UNI CHARM,JP,0.013701618908334847,4.618341568157879,1.265787291655818
2022,vw_50,HK0011000095,HANG SENG BANK DEAD - DELIST.28/01/26,HK,0.013351195254435427,0.01935994758300929,0.002664099863748959
2022,vw_50,JP3198900007,ORIENTAL LAND,JP,0.012322911471004486,24.537205304330357,0.7457600047977226
2022,vw_50,AU000000CBA7,COMMONWEALTH BK.OF AUS.,AU,0.011853786550378559,0.3250306614532405,0.05789340596971585
2022,vw_50,SG1L01001701,DBS GROUP HOLDINGS,SG,0.01179928491923076,0.02605549114969527,0.004705394927643455
2022,vw_50,JP3735400008,NTT,JP,0.011752984618112102,1.3298251226204865,1.3564555451036862
2022,vw_50,JP3551500006,DENSO,JP,0.011631483760840985,12.66572400297556,10.33332526578703
2022,vw_50,JP3362700001,MITSUI OSK LINES,JP,0.011611523259238815,1034.0077734254057,1108.3141914273153
2022,vw_50,JP3769000005,HACHIJUNI NAGANO BANK,JP,0.011505253791088544,1.8870475909755975,1.2989933324617597
2022,vw_50,JP3633400001,TOYOTA MOTOR,JP,0.01149439806936398,9.164496097646701,7.648516377493635
2022,vw_50,JP3519400000,CHUGAI PHARM.,JP,0.010774993803012257,5.751451479157983,0.8964861275170143
2022,vw_50,HK0066009694,MTR,HK,0.010455144595240199,8.129772561526407,1.4717134751196466
2022,vw_50,JP3486800000,DAITO TST.CONSTRUCTION,JP,0.010237968661841379,3.071304633147681,5.355001160868098
2022,vw_50,JP3854600008,HONDA MOTOR,JP,0.00998126566446142,9.279063705355876,21.71194574409365
2022,vw_50,JP3820000002,FUJI ELECTRIC,JP,0.00975033000036289,18.91083620290483,18.941065701591786
2022,vw_50,AU000000WOW2,WOOLWORTHS GROUP,AU,0.00944011297523352,13.437133914975366,16.499058578660318
2022,vw_50,HK2388011192,BOC HONG KONG HOLDINGS,HK,0.009204291179896868,0.04492733296896615,0.01412820498330046
2022,vw_50,JP3910660004,TOKIO MARINE HOLDINGS,JP,0.009057632045251002,0.26324619921874787,0.3111907263156184
2022,vw_50,JP3814000000,FUJIFILM HOLDINGS,JP,0.00886715579489044,31.08977407513227,19.242491074653156
2022,vw_50,JP3122400009,ADVANTEST,JP,0.00876151528817435,1.0980320045584433,0.21937021443877203
2022,vw_50,AU000000WES1,WESFARMERS,AU,0.008685988446581127,103.81942503317336,57.91055882958499
2022,vw_50,JP3352000008,77 BANK,JP,0.008015574308781914,1.4434185758140277,1.438018772787216
2022,vw_50,HK0823032773,LINK REAL ESTATE INVESTMENT TRUST,HK,0.007998197351014211,5.270188640168447,0.42238449714998355
2022,vw_50,JP3358000002,SHIMANO,JP,0.007958547609808925,3.798689548391742,0.844930880296182
2022,vw_50,AU000000TLS2,TELSTRA GROUP,AU,0.007883740824908884,2.1226119616367307,0.9567974531035948
2022,vw_50,AU000000ANZ3,ANZ GROUP HOLDINGS,AU,0.007106747515373722,0.33384363198005135,0.10789164630526273
2022,vw_50,JP3672400003,NISSAN MOTOR,JP,0.007001328397193824,7.732274874323904,26.014878917993403
2022,vw_50,JP3866800000,PANASONIC HOLDINGS,JP,0.006706254894700124,5.322634041280899,12.332050812821597
2022,vw_50,SG1S04926220,OVERSEA-CHINESE BKG.,SG,0.006637324619856476,0.00574521464187687,0.003136041229127072
2022,vw_50,JP3475350009,DAIICHI SANKYO,JP,0.006542684353033545,9.884570374149867,2.125800399932473
2022,vw_50,JP3452000007,TAIYO YUDEN,JP,0.006532008454906993,14.718303381028441,6.5514114569296815
2022,vw_50,JP3134800006,IHI,JP,0.006494524688513846,6.325745686519587,20.252023784390154
2022,vw_50,JP3592200004,TOSHIBA DEAD - DELIST.20/12/23,JP,0.00618248186938079,10.36827812864607,16.577608072189957
2022,vw_50,SG1V61937297,SINGAPORE AIRLINES,SG,0.005998408295618653,2095.858561395011,705.0711143741473
2022,vw_50,JP3528600004,CHIYODA CORPORATION,JP,0.005665068704118417,23.86365611995404,80.91289086573244
2022,vw_50,JP3371200001,SHIN-ETSU CHEMICAL,JP,0.005455012112283703,125.70001959637281,28.56922383457305
2022,vw_50,JP3571400005,TOKYO ELECTRON,JP,0.005391271557390418,0.974505000185156,0.20606105408729183
2022,vw_50,JP3906000009,MINEBEA MITSUMI,JP,0.005345668159802563,11.275189114953504,9.996627306114478
2022,vw_50,JP3436100006,SOFTBANK GROUP,JP,0.005267777856543213,0.22709532083017697,0.15385294915882575
2022,vw_50,JP3351100007,SYSMEX,JP,0.005077819927758415,1.3069500308463597,0.19731411494834666
2022,vw_50,JP3665200006,NICHIREI,JP,0.005056305409379526,14.389241410717231,25.045159203041166
2022,vw_50,JP3200450009,ORIX,JP,0.00503591529669856,47.905550016683854,38.543687422282176
2022,vw_50,AU000000NAB4,NATIONAL AUS.BANK,AU,0.0050009162421638925,0.44295536015135034,0.10251265184851112
2022,vw_50,JP3885400006,MISUMI GROUP,JP,0.00495035840507899,2.511025053347032,0.8508409324865273
2022,vw_50,JP3830800003,BRIDGESTONE,JP,0.0049216028850864214,63.22274896882428,56.76097932622123
2022,vw_50,JP3502200003,DAIWA SECURITIES GROUP,JP,0.004814242494831967,0.16842500726487322,0.09193886932537687
2022,vw_50,AU000000IGO4,IGO,AU,0.004752207190207931,148.4896255054685,9.493184174641497
2022,vw_50,BMG5320C1082,KUNLUN ENERGY,HK,0.004541370709911254,21.45973205006333,51.575332037722
2022,vw_50,JP3397200001,SUZUKI MOTOR,JP,0.004514779112232415,12.792259966353798,18.91016019269453
2022,vw_50,JP3148800000,IBIDEN,JP,0.004507238590458133,53.279017849344406,22.864168100362452
2022,vw_50,JP3194000000,OKI ELECTRIC IND.,JP,0.0044109216734855945,2.9886670237913866,14.290959829624732
2022,vw_50,SG9999000020,FLEX,SG,0.004350496035982027,3.2180838600010744,10.503329285361437
2022,vw_50,HK0014000126,HYSAN DEVELOPMENT,HK,0.00434459736857626,1.7042766760340684,0.24875935606323346
2022,vw_50,JP3188220002,OTSUKA HOLDINGS,JP,0.004326488478993923,25.436594619233297,17.058560283789625
2022,vw_50,JP3027680002,JAPAN REAL ESTATE INV.,JP,0.004320312567507263,4.794219550098082,0.4010613273518231
2022,vw_50,AU000000FLT9,FLIGHT CENTRE TRAVEL GP.,AU,0.004211680303110975,133.5541428495112,20.931261736457472
2022,vw_50,JP3814800003,SUBARU,JP,0.004170028140855664,6.73523616904341,11.506836718092368
2022,vw_50,JP3143600009,ITOCHU,JP,0.0041677499661294,14.313457194288114,28.79775453080052
2022,vw_50,JP3720800006,NSK,JP,0.0041578571584615035,17.091939696945104,36.55212707476493
2022,vw_50,HK0019000162,SWIRE PACIFIC 'A',HK,0.004090625234100959,10.299482339434718,21.981927192193485
2022,vw_50,JP3596200000,TOTO,JP,0.0040666304068416766,33.67683103886038,25.158848688260452
2022,vw_50,JP3126400005,ALPS ALPINE,JP,0.004001838758979278,6.468963597681159,18.206246092569362
2022,vw_50,JP3902900004,MITSUBISHI UFJ FINL.GP.,JP,0.003972711487144289,0.5726809017464252,0.3285917070453579
2022,vw_50,JP3116000005,ASAHI GROUP HOLDINGS,JP,0.003930933548641165,25.17013888391511,23.209255020652463
2022,vw_50,JP3893200000,MITSUI FUDOSAN,JP,0.003930410903031772,7.9820085527221645,6.8502534593779965
2022,vw_50,AU000000GMG2,GOODMAN GROUP,AU,0.003924138011602054,2.391165394715563,0.0982795538962858
2022,vw_50,BMG524401079,KERRY PROPERTIES,HK,0.0038813520400495997,2.15089630849243,1.0302473811501263
2022,vw_50,JP3634600005,TOYOTA INDS.,JP,0.0038720745422032134,16.365739122562722,14.113167570214376
2022,vw_50,JP3271400008,CREDIT SAISON,JP,0.003704093084549778,0.12325438593426032,0.18439487116121245
2022,vw_50,BMG8403G1033,SINOFERT HOLDINGS,HK,0.0036872694060029244,423.19932208162896,1583.9328767415564
2022,vw_50,JP3783420007,HIKARI TSUSHIN,JP,0.00362978139161732,0.22027780211970865,0.1954126828333242
2022,vw_50,JP3659000008,WEST JAPAN RAILWAY,JP,0.0036004601532612602,16.292764337526034,13.502685606006638
2022,vw_50,JP3165700000,NTT DATA GROUP DEAD - DELIST.26/09/25,JP,0.003577710703196078,1.1170577060290836,0.8903455573047047
2022,vw_50,AU000000ALL7,ARISTOCRAT LEISURE,AU,0.0035623298915946297,1.949863118364308,0.33403772864499187
2022,vw_50,AU000000TCL6,TRANSURBAN GROUP STAPLED UNITS,AU,0.0035354753002488602,2.6918378904117244,0.1890518975995046
2022,vw_50,JP3734800000,NIDEC,JP,0.0034894870181341685,3.543213403640633,1.062705992505872
2022,vw_50,US89677Q1076,TRIP COM GROUP ADR 1:1,SG,0.003431155476036093,0.006108217030737834,0.001126891546771337
2022,vw_50,HK0003000038,HONG KONG AND CHINA GAS,HK,0.003370707430893287,266.2625683570945,63.69282655190356
2022,vw_50,JP3791200003,HITACHI TRANSPORT SYSTEM DEAD - DELIST.24/02/23,JP,0.003306526764663768,6.355565656950661,10.359762629787864
2022,vw_50,JP3496400007,KDDI,JP,0.00328145546250529,0.5862409397539453,0.3751554340221955
2022,vw_50,JP3174410005,OJI HOLDINGS,JP,0.0032738379949905673,507.965644436752,1214.684814161577
2022,vw_50,JP3292200007,JTEKT,JP,0.003225602531795102,9.500663311528072,37.68144434614502
2022,vw_50,JP3420600003,SEKISUI HOUSE,JP,0.003184883666820406,2.3376157300241793,3.8059543691121958
2022,vw_50,JP3711600001,NIPPON SANSO HOLDINGS,JP,0.0031541806925882263,135.52596980551212,124.13096902092984
2022,vw_50,AU000000BEN6,BENDIGO & ADELAIDE BANK,AU,0.0030620817146839257,0.9404325989955379,0.38858921871614455
2022,vw_50,JP3274400005,GLORY,JP,0.002967438496686208,1.3637981181176404,2.2533360706220487
2022,vw_50,JP3967200001,RAKUTEN GROUP,JP,0.0029585084949294137,0.11869687294618698,0.12617872257962817
2022,vw_50,JP3802300008,FAST RETAILING,JP,0.002954672076628895,0.5204082548784132,0.16097384381669017
2022,vw_50,KYG210961051,CHINA MENGNIU DAIRY,HK,0.0029378927394071185,18.575300107878782,10.872676967067402
2022,vw_50,IE00BKVD2N49,SEAGATE TECHNOLOGY HOLDINGS,SG,0.0028610080648197272,27.283340292275575,13.520762351862283
2022,vw_50,SG1F60858221,SINGAPORE TECHS.ENGR.,SG,0.002851240037465772,7.883808776641361,5.206483344459781
2022,vw_50,JP3914400001,MURATA MANUFACTURING,JP,0.002845376971446034,16.62531333120572,5.10440571073058
2022,vw_50,AU000000ERA9,ENERGY RES.OF AUS.,AU,0.002820644212072322,825.674499564839,133.21319915750058
2022,vw_50,AU000000GPT8,GPT GROUP STAPLED UNITS,AU,0.002817016578594328,15.545806816075416,1.2958689945021957
2022,vw_50,JP3771800004,HAMAMATSU PHOTONICS,JP,0.0027191203438128916,7.153829301595712,1.3062736720675125
2022,vw_50,JP3027670003,NIPPON BUILDING FUND,JP,0.0026685030824890187,5.70975623049453,0.5032414640055473
2022,vw_50,JP3266400005,KUBOTA,JP,0.0026529981355785082,15.726432560839163,11.896461393619242
2022,vw_50,KYG9431R1039,WANT WANT CHINA HOLDINGS,SG,0.0025390775563482243,57.01813169721158,17.74731415386834
2022,vw_50,SG9999003735,XP POWER (DI),SG,0.0025310909691749297,1.7044677715830892,0.41940162377954876
2022,vw_50,SG1T58930911,FRASER AND NEAVE,SG,0.0024593859768521614,35.17922037683723,32.71941351868776
2022,vw_50,JP3359600008,SHARP,JP,0.002400740194215613,12.75070269396755,40.8736111762224
2022,vw_50,JP3242800005,CANON,JP,0.002383824307604382,5.206316307280989,5.004314252870613
2022,vw_50,JP3888300005,MITSUI CHEMICALS,JP,0.002354184598233779,281.5875332917025,682.0710156292744
2022,vw_50,AU000000SBM8,ST BARBARA,AU,0.002341909849749955,287.12416436967334,215.70319240724763
2022,vw_50,JP3560800009,TOKAI CARBON,JP,0.0022707278166148037,891.7433316997962,839.8150575760225
2022,vw_50,JP3243600008,CANON MARKETING JAPAN,JP,0.002213303048219445,1.2467551627308684,2.1752726773170794
2022,vw_50,BMG4600H1198,HOPSON DEVELOPMENT HOLDINGS,HK,0.0022014458868934036,0.26042227967121373,0.20704977258798105
2022,vw_50,AU000000ORG5,ORIGIN ENERGY (EX BORAL),AU,0.0021869776197641455,1433.0366843285835,1793.2112644093581
2022,vw_50,HK0270001396,GUANGDONG INVESTMENT,HK,0.0021409603528435286,697.9516596632153,285.2798408303237
2022,vw_50,AU000000BOQ8,BANK OF QLND.,AU,0.0020867596252342733,0.32046158589847806,0.11771286409590677
2022,vw_50,HK0000055878,CHINA TAIPING INSURANCE HLDGS,HK,0.0020494481477919568,0.1360113576639338,1.1092481119853381
2022,vw_50,JP3955000009,YOKOGAWA ELECTRIC,JP,0.0020412636368375135,3.566948944981705,2.6915563759531893
2022,vw_50,HK0291001490,CHINA RESOURCES BEER HOLDINGS,HK,0.0020079011583444767,39.0453753652289,8.359387447262403
2022,vw_50,AU000000MAH3,MACMAHON HOLDINGS,AU,0.0019939253470670744,14.072987865130068,57.959074187614966
2022,vw_50,AU000000ELD6,ELDERS,AU,0.00197091389254328,35.461098370442826,51.94636503723306
2022,vw_50,JP3896800004,MITSUBISHI GAS CHM.,JP,0.0019468257077070162,127.1360297729466,180.31604484951808
2022,vw_50,HK0023000190,BANK OF EAST ASIA,HK,0.0019251025033560556,0.9116450344372968,0.563720844310223
2022,vw_50,JP3830000000,BROTHER INDUSTRIES,JP,0.0018761330785783546,3.0630248932239645,3.723151136270995
2022,vw_50,JP3894900004,ISETAN MITSUKOSHI HDG.,JP,0.0018247947258323034,3.80743529460683,5.416254617263869
2022,vw_50,JP3481800005,DAIKIN INDUSTRIES,JP,0.0017885654567377054,23.238469768454983,9.92014120990341
2022,vw_50,JP3305530002,COMSYS HOLDINGS,JP,0.0017412663189113702,18.66284818244486,28.294609430146565
2022,vw_50,SG1U68934629,KEPPEL,SG,0.0017036243006701545,4.597372090857324,3.8547965487647486
2022,vw_50,NZFBUE0001S0,FLETCHER BUILDING,NZ,0.0016604006431791389,145.79333821885032,224.76750876536596
2022,vw_50,AU000000STO6,SANTOS,AU,0.0016590827413941582,1273.487657474776,329.23020145859635
2022,vw_50,HK0012000102,HENDERSON LD.DEV.,HK,0.0016522188690817794,1.7016593911921818,0.2428580951358885
2022,vw_50,JP3890350006,SUMITOMO MITSUI FINL.GP.,JP,0.001646935274324071,0.5449738287684858,0.3750885797908465
2022,vw_50,JP3973400009,RICOH,JP,0.0016194789182736274,7.430909405041203,17.876948645711693
2022,vw_50,JP3294460005,INPEX,JP,0.0015926647469220539,582.7451183719983,435.75455861548426
2022,vw_50,JP3868400007,MAZDA MOTOR,JP,0.0015902520086548324,3.5968748719540358,19.667318188822474
2022,vw_50,KYG525621408,KINGBOARD HOLDINGS,HK,0.001560042621480919,162.36757865088,221.33254591161534
2022,vw_50,SG1R89002252,CITY DEVELOPMENTS,SG,0.0015395452941727769,0.92336292987831,0.3782216643855632
2022,vw_50,JP3726200003,NIPPON SODA,JP,0.0015335859097269466,47.03510717155547,72.67969295184926
2022,vw_50,AU000000PPT9,PERPETUAL,AU,0.0014906816589339209,0.020769098602239664,0.007937596062952353
2022,vw_50,JP3670800006,NISSAN CHEMICAL,JP,0.0014730864764416934,128.80180332658128,30.48773641717616
2022,vw_50,JP3385820000,GS YUASA,JP,0.0014637163008698409,18.200765416999246,39.05422240851351
2022,vw_50,JP3388200002,AEON,JP,0.001439846049949834,2.654532626345452,9.960662815210378
2022,vw_50,HK0688002218,CHINA OVERSEAS LAND INVESTMENT,HK,0.0014173545581369171,0.6716962676486775,0.7822816449726466
2022,vw_50,AU000000IRE2,IRESS,AU,0.001379460327494205,0.16960451524909487,0.046052294939364476
2022,vw_50,JP3108600002,ACOM,JP,0.0013769962083593603,0.0,0.0
2022,vw_50,HK0388045442,HONG KONG EXCHANGES AND CLEARING,HK,0.0012789249558586761,0.12178499513653408,0.004304612918549993
2022,vw_50,JP3305800009,KOMORI,JP,0.0012642515600457334,6.8087758765465365,14.025791982057752
2022,vw_50,JP3783600004,EAST JAPAN RAILWAY,JP,0.0012364155338821343,88.98836203129433,64.97820863254866
2022,vw_50,JP3657400002,NIKON,JP,0.0012273788804244114,7.478919785269569,8.42252278028602
2022,vw_50,BMG684371393,PACIFIC BASIN SHIP.,HK,0.0012098148317920892,874.2119613242153,1271.9287484358515
2022,vw_50,SG0531000230,VENTURE CORPORATION,SG,0.0011903432070277007,1.255177498753063,0.7599430699179136
2022,vw_50,JP3203500008,ONWARD HOLDINGS,JP,0.0011851702505236736,1.0573026731443758,3.8263483381378274
2022,vw_50,AU000000ABC7,ADBRI DEAD - DELIST.02/07/24,AU,0.0011741673074177736,1719.7497008108965,1387.8532398819104
2022,vw_50,JP3780100008,PARK24,JP,0.001161055220576615,77.22867913056427,70.38843357967016
2022,vw_50,JP3499800005,MITSUBISHI HC CAPITAL,JP,0.0011494687709895045,0.24841111239634112,0.44678596503954876
2022,vw_50,HK0293001514,CATHAY PACIFIC AIRWAYS,HK,0.001149247461151343,914.6030654073699,999.5443097572642
2022,vw_50,JP3358800005,SHIMIZU,JP,0.001138363745066485,15.833364282155932,37.465743176571074
2022,vw_50,JP3407200009,OSAKA TITANIUM,JP,0.0011233148405366388,166.10957709635227,141.77943166441136
2022,vw_50,NZAIAE0002S6,AUCKLAND INTL.AIRPORT,NZ,0.001122086046680894,10.950221299382548,0.2709012332494765
2022,vw_50,AU000000SEK6,SEEK,AU,0.0011092569185061913,0.2114276653100058,0.009109115143234137
2022,vw_50,JP3300200007,KONAMI GROUP,JP,0.0011059914979240505,13.91812186962155,4.531950718530673
2022,vw_50,JP3762600009,NOMURA HDG.,JP,0.0010948899215852735,0.15542350481618988,0.12630572813545438
2022,vw_50,HK0016000132,SUN HUNG KAI PROPERTIES,HK,0.0010069993664736444,4.43984327653794,1.2830476597054004
2022,vw_50,HK0392044647,BEIJING ENTERPRISES HOLDINGS,HK,0.0009913571474619023,57.77484328173033,138.95135563400794
2022,vw_50,JP3305990008,YOKOHAMA FINANCIAL GROUP,JP,0.0009410812013420012,0.3266722498857803,0.1677749441574552
2022,vw_50,JP3982800009,ROHM,JP,0.0009389507243976605,43.235402784730724,18.47450837418025
2022,vw_50,JP3495000006,SUMITOMO PHARMA,JP,0.0009232706737939964,4.424349678698094,4.989344189668761
2022,vw_50,JP3753000003,NIPPON YUSEN KK,JP,0.0009089063498182651,678.2452951117393,923.0394858402963
2022,vw_50,AU000000APA1,APA GROUP,AU,0.0009081780094536168,786.4160210107472,178.88404828146454
2022,vw_50,JP3942600002,YAMAHA,JP,0.0009075690446791739,6.818392955918237,2.786731442690868
2022,vw_50,JP3900000005,MITSUBISHI HEAVY INDS.,JP,0.0009011381759623367,5.227642747663702,18.801353257636812
2022,vw_50,JP3419400001,SEKISUI CHEMICAL,JP,0.0008986465043923272,22.099705029209783,27.959905495519426
2022,vw_50,JP3215800008,KANEKA,JP,0.0008817330954286502,156.96530980597745,408.5856753087913
2022,vw_50,AU000000MTS0,METCASH,AU,0.0008778810163077773,1.4203647129408419,5.1562875861385855
2022,vw_50,JP3625000009,TOKUYAMA,JP,0.000856337423336787,2657.571052654175,5853.226624487445
2022,vw_50,JP3209000003,CASIO COMPUTER,JP,0.000851971196590491,1.5585401690185288,1.0251277319001022
2022,vw_50,JP3223800008,KAWASAKI KISEN KAISHA,JP,0.000839809428351293,1055.8778725857096,1113.489816421591
2022,vw_50,JP3351500008,SHIZUOKA FINANCIAL GROUP,JP,0.0008379768307057485,0.6257658985648741,0.27985115705572805
2022,vw_50,JP3368000000,RESONAC HOLDINGS,JP,0.000821293218871022,272.92642396762983,855.2965507837062
2022,vw_50,JP3039710003,JAPAN METROPOLITAN FUND INVESTMENT REIT,JP,0.0008202257536128537,8.28753802825994,0.8819296311181185
2022,vw_50,JP3613000003,TOYO SUISAN KAISHA,JP,0.0007764569887291363,51.31634288204061,37.70778394777597
2022,vw_50,AU000000CQR9,CHARTER HALL RETAIL REIT,AU,0.000745330511676593,2.334904304845106,0.193339599519328
2022,vw_50,AU000000IFL2,INSIGNIA FINANCIAL,AU,0.000733577647942237,0.0,0.0
2022,vw_50,JP3756100008,NITORI HOLDINGS,JP,0.0006923941433140328,4.110495351802995,1.6975611286741923
2022,vw_50,JP3711200000,AOZORA BANK,JP,0.0006898448806142471,0.09192850970514348,0.0393412134976127
2022,vw_50,JP3600200004,TOHO GAS,JP,0.0006786719021834011,23.092925931996263,31.903434591581235
2022,vw_50,AU000000ILU1,ILUKA RESOURCES,AU,0.000667267144126466,378.9969095097616,133.00140899354895
2022,vw_50,MU0117U00026,GOLDEN AGRI-RESOURCES,SG,0.0006605734644637444,769.8408702105199,3347.7783729351017
2022,vw_50,SG1M77906915,CAPITALAND ASCENDAS REIT,SG,0.0006441298823544013,0.5291792225484236,0.05711487301537449
2022,vw_50,JP3940400009,YAMATO KOGYO,JP,0.0006420326344082871,50.004110507389164,27.288284538180474
2022,vw_50,JP3933800009,LY,JP,0.0006408665007942662,0.2852655403597075,0.09060675111608718
2022,vw_50,JP3165600002,NTN,JP,0.0006405140929025623,19.20409880690007,101.21360845611053
2022,vw_50,SG1M31001969,UNITED OVERSEAS BANK,SG,0.0006317165511641445,0.6547990732109393,0.15476055473654016
2022,vw_50,JP3351600006,SHISEIDO,JP,0.0006295249609578854,2.642490253109722,1.1426124884601492
2022,vw_50,HK0836012952,CHINA RESOURCES POWER,HK,0.0006287492179493118,13241.034425628972,13064.476490832072
2022,vw_50,JP3224200000,KAWASAKI HEAVY INDUSTRY,JP,0.0006240276145792896,10.320732124136853,41.43825514079573
2022,vw_50,JP3511800009,CHIBA BANK,JP,0.000622425780303043,1.3607851819053944,0.5194015052503493
2022,vw_50,JP3421100003,JAPAN PETROLEUM EXP.,JP,0.0006119439530824972,242.4968243421289,409.1610720906358
2022,vw_50,AU000000SHL7,SONIC HEALTHCARE,AU,0.00060724064293458,5.535224818639278,2.7307222270536484
2022,vw_50,JP3122800000,AMADA,JP,0.000591778138815446,3.1195717267596934,2.2929158023358247
2022,vw_50,JP3726800000,JAPAN TOBACCO,JP,0.0005873218394536356,16.738258822056714,8.477936474152468
2022,vw_50,AU0000088338,AMPOL,AU,0.0005804482084069935,47.20681328276794,140.48548902357527
2022,vw_50,JP3407400005,SUMITOMO ELECTRIC IND.,JP,0.0005761498097001226,11.906156163088097,32.354339443241244
2022,vw_50,AU000000SUN6,SUNCORP GROUP,AU,0.0005720139224566719,0.1539620379305387,0.15290322900305706
2022,vw_50,AU000000NCM7,NEWCREST MINING DEAD - DELIST.08/11/23,AU,0.0005654618626451843,357.1094666016129,106.58731211620776
2022,vw_50,JP3762800005,NOMURA RESEARCH INST.,JP,0.0005585915597694279,0.19260589809337497,0.04535569066511853
2022,vw_50,JP3375800004,SHINKO ELEC.INDS. DEAD - DELIST.06/06/25,JP,0.000542621165756081,21.704995182787698,7.824296723059021
2022,vw_50,JP3040890000,JAPAN PRIME REALTY INV.,JP,0.0005315714960304578,3.966645434014709,0.37851810010314846
2022,vw_50,JP3802400006,FANUC,JP,0.0005130184497731589,8.432887389972095,1.302160054587659
2022,vw_50,JP3893600001,MITSUI,JP,0.0004863435939872488,36.248917771305415,90.68232497842357
2022,vw_50,JP3721400004,JAPAN STEEL WORKS,JP,0.00047556608400864425,36.21522989706517,26.17221316260997
2022,vw_50,JP3834800009,HEIWA REAL ESTATE,JP,0.0004736084083996757,6.208311425890988,2.199431697821021
2022,vw_50,JP3942400007,ASTELLAS PHARMA,JP,0.0004720615457774598,5.600625811084335,2.0110011306770263
2022,vw_50,JP3573000001,TOKYO GAS,JP,0.00045363820956097423,183.05376356392028,353.42561604927477
2022,vw_50,JP3826800009,FURUKAWA,JP,0.00045028480472727973,2.5581356574098995,9.463180386369142
2022,vw_50,HK0101000591,HANG LUNG PROPERTIES,HK,0.0004472708232686602,2.971732357129557,0.4098552406261989
2022,vw_50,JP3143900003,ITOCHU TECHNO-SOLUTIONS DEAD - DELIST.01/12/23,JP,0.00044321829007227056,0.058995628694122754,0.041892451523877904
2022,vw_50,AU0000033359,HEALIUS,AU,0.00044110998166699804,4.003629728408887,3.2644826688560045
2022,vw_50,JP3522200009,CHUGOKU ELEC.POWER,JP,0.0004227739571958678,1869.4490740090455,6297.577979527714
2022,vw_50,JP3766550002,HAKUHODO DY HDG.,JP,0.0004182711321408763,0.04059687963667399,0.05823699826111562
2022,vw_50,HK0010000088,HANG LUNG GROUP,HK,0.0004160263572338901,2.809232983901427,1.3042011023840876
2022,vw_50,JP3613400005,TOYO SEIKAN GROUP HDG.,JP,0.0004144977413647577,56.767973074623136,160.14127751801087
2022,vw_50,AU000000MQG1,MACQUARIE GROUP,AU,0.00039939578054801455,0.03130142091111957,0.0065222914045707
2022,vw_50,JP3494600004,SCREEN HOLDINGS,JP,0.00039726360299090094,3.192651600988931,2.1181620433355626
2022,vw_50,HK0165000859,CHINA EVERBRIGHT,HK,0.0003960850509560914,0.02496949928252198,0.00415625411021965
2022,vw_50,SG1M51904654,CAPITALAND INTEG. COML. TST.,SG,0.00038997190935541597,0.03407988945723129,0.0034690721703671858
2022,vw_50,JP3190000004,OBAYASHI,JP,0.00038668890366143176,8.990110179974458,25.08333689656647
2022,vw_50,JP3404600003,SUMITOMO,JP,0.000385722060923762,35.00325793740981,82.43725411220011
2022,vw_50,JP3935600001,YAMAZAKI BAKING,JP,0.0003520950754427368,41.60916887912287,124.30988539472445
2022,vw_50,JP3768600003,HASEKO,JP,0.00033818635064885693,5.252200178528365,10.55352092483741
2022,vw_50,JP3688370000,NIPPON EXPRESS HOLDINGS,JP,0.000328161565881639,26.56679756572229,103.04958836785306
2022,vw_50,AU000000ASX7,ASX,AU,0.0003239691104263124,0.047815869524555556,0.002919763190030211
2022,vw_50,HK0440001847,DAH SING FINANCIAL HDG.,HK,0.00031631314048945224,0.09815868918468766,0.09096715505061258
2022,vw_50,AU000000AMP6,AMP,AU,0.0002869228491244844,0.01340933187772724,0.01312062834236696
2022,vw_50,JP3902400005,MITSUBISHI ELECTRIC,JP,0.0002831752575688164,7.123740298162601,10.662986648472623
2022,vw_50,AU000000WBC1,WESTPAC BANKING,AU,0.0002733476003139058,0.384897562760272,0.13554661116753985
2022,vw_50,JP3304200003,KOMATSU,JP,0.0002728589260686072,5.228992459027656,5.181462832271835
2022,vw_50,JP3197800000,OMRON,JP,0.00025794583131548226,2.112388793845818,0.8908849042018484
2022,vw_50,HK0004000045,WHARF HOLDINGS,HK,0.0002518296506699585,5.692719232900337,1.5671213229548855
2022,vw_50,JP3658850007,NISHI-NIPPON FINL.HDG.,JP,0.000245948792311188,0.505619637287549,0.521055332770814
2022,vw_50,JP3898400001,MITSUBISHI,JP,0.00024584230506310116,149.1197914868003,412.64635799296934
2022,vw_50,NZTELE0001S4,SPARK NEW ZEALAND,NZ,0.0002446924459990153,0.9769486253525582,0.4326177752649146
2022,vw_50,JP3320800000,SAPPORO HOLDINGS,JP,0.0002395659400124762,31.25841328257822,77.66461864544526
2022,vw_50,JP3131400008,AEON FINANCIAL SERVICE,JP,0.00023754379101057583,0.8019780842399513,1.439290203582675
2022,vw_50,JP3336000009,SANTEN PHARM.,JP,0.00022990495536953493,6.43097700079541,3.2387212951388586
2022,vw_50,JP3796150005,HIROGIN HOLDINGS,JP,0.00022806594189525944,1.266595006726465,0.8149643718217894
2022,vw_50,JP3789000001,KANADEVIA,JP,0.00021804944095043017,66.14804142501329,221.08499000273054
2022,vw_50,BMG2624N1535,DFI RETAIL GROUP HOLDINGS,HK,0.00021227700645106833,26.244162341940083,65.31497871728024
2022,vw_50,AU000000OZL8,OZ MINERALS DEAD - DELIST.03/05/23,AU,0.00021019408192885622,63.89256548205941,16.085416094016388
2022,vw_50,JP3940000007,YAMATO HDG.,JP,0.00020721937260566575,43.446467074060855,78.83499306752604
2022,vw_50,JP3210200006,KAJIMA,JP,0.00020515247163949705,14.007568889795536,38.81052858355827
2022,vw_50,JP3300600008,KONICA MINOLTA,JP,0.0002029740923290117,19.97959777574272,78.46155365111962
2022,vw_50,JP3293200006,COCA-COLA BOTTLERS JAPAN HOLDINGS,JP,0.00020158000174242088,27.704038020794513,77.15381465700722
2022,vw_50,JP3409000001,SUMITOMO REAL.&DEV.,JP,0.000197979857058346,5.441303973870858,2.984876175125399
2022,vw_50,HK0000745908,YUEXIU PROPERTY COMPANY,HK,0.00019732070038537303,0.2019499241658667,0.5720548364178553
2022,vw_50,JP3322930003,SUMCO,JP,0.0001829303277974365,9.542176590927912,4.19203722529056
2022,vw_50,JP3381000003,NIPPON STEEL,JP,0.00016742630648202442,1290.3677829557635,4513.180187347197
2022,vw_50,BMG507361001,JARDINE MATHESON HDG.,HK,0.0001647582915476187,135.28627375620454,115.11897268573827
2022,vw_50,JP3436120004,SBI HDG.,JP,0.00016357722688705828,0.21037098169561927,0.19888081695768997
2022,vw_50,JP3249600002,KYOCERA,JP,0.0001620610020635575,8.645867429561992,5.863885104702594
2022,vw_50,AU000000JBH7,JB HI-FI,AU,0.00014686103358581276,0.08343288703620154,0.13468136940633416
2022,vw_50,JP3385980002,J S R DEAD - DELIST.25/06/24,JP,0.00013594803486545728,118.41997894313651,48.16078417088579
2022,vw_50,JP3787000003,HITACHI CON.MCH.,JP,0.00013210468671884658,11.650463337501352,17.571941523013678
2022,vw_50,JP3277800003,KEIO,JP,0.00012973237676172747,31.682300348509074,14.128765385786453
2022,vw_50,JP3357200009,SHIMADZU,JP,0.00012223328698897202,0.6061554368467378,0.20634451899096334
2022,vw_50,AU000000CWY3,CLEANAWAY WASTE MANAGEMENT,AU,0.0001206553200072516,673.1116976773059,289.8005094167736
2022,vw_50,JP3463000004,TAKEDA PHARMACEUTICAL,JP,0.00011556113237370186,10.429577807389858,6.871106735250169
2022,vw_50,JP3160400002,EISAI,JP,0.00011379972215111407,7.466680016642543,3.051617946404214
2022,vw_50,SG1R50925390,SEMBCORP INDUSTRIES,SG,0.00011214374424252534,4362.2549852749535,8343.24848957834
2022,vw_50,JP3574200006,TOKYU,JP,0.00010974982990390429,18.584195694039128,17.641000031211963
2022,vw_50,SG1J26887955,SINGAPORE EXCHANGE,SG,0.00010720521464267026,0.04463807449201872,0.004728030194551688
2022,vw_50,JP3579800008,TOKYO STEEL MNFG.,JP,0.00010247816443165814,159.08689960669318,208.14798531009154
2022,vw_50,AU000000DXS1,DEXUS STAPLED UNITS,AU,0.00010062356662061007,19.810216757667845,1.623730585899088
2022,vw_50,JP3678000005,NISSHINBO HOLDINGS,JP,9.89118047879072e-05,30.153295681290867,86.78048277284918
2022,vw_50,JP3869010003,MATSUKIYOKARA,JP,9.711750025315685e-05,0.3971255605717323,0.44067783182545595
2022,vw_50,JP3835620000,BENESSE HOLDINGS DEAD - DELIST.17/05/24,JP,9.235374914932339e-05,0.019569241848432308,0.03617892649889292
2022,vw_50,JP3526600006,CHUBU ELEC.POWER,JP,9.101898459444984e-05,11.656528221361443,35.83782190991699
2022,vw_50,JP3841800000,HOKUETSU,JP,8.909160264349494e-05,305.2424949623766,545.7157302559247
2022,vw_50,JP3549600009,DENKA,JP,8.514584595358691e-05,492.37053618239594,522.5199654233702
2022,vw_50,JP3456000003,TAKASHIMAYA,JP,7.732433520768991e-05,3.1293659783982797,11.826741775680139
2022,vw_50,JP3119600009,AJINOMOTO,JP,7.219880727199607e-05,101.71065117850704,64.20143414449112
2022,vw_50,JP3919800007,MEIDENSHA,JP,6.8701043242715e-05,7.658441570798335,16.316267037337347
2022,vw_50,JP3944130008,USS,JP,6.162024387717994e-05,5.8779160529040855,0.7882880737615133
2022,vw_50,AU000000CPU5,COMPUTERSHARE,AU,5.8998506033642445e-05,1.0683545954656566,0.26921505578446586
2022,vw_50,JP3443600006,TAISEI,JP,5.0006657889236444e-05,18.548336055270106,32.933515968722574
2022,vw_50,JP3888400003,MITSUI KINZOKU LIMITED,JP,4.9015692354994195e-05,145.92576900774688,490.2533693385578
2022,vw_50,JP3788600009,HITACHI,JP,4.850697464370045e-05,14.388794867618838,24.79721927497617
2022,vw_50,JP3493800001,DAI NIPPON PRINTING,JP,4.8246682116087706e-05,29.3318352056115,44.928179837375566
2022,vw_50,JP3276400003,GUNMA BANK,JP,4.654854651056253e-05,1.2707925433147547,1.099659645429817
2022,vw_50,JP3156400008,USHIO,JP,4.5556172546937664e-05,3.341464753821898,2.1246882793017456
2022,vw_50,AU000000CSL8,CSL,AU,4.398743148418184e-05,10.288372913095962,1.1632089414899198
2022,vw_50,JP3131430005,AEON MALL DEAD - DELIST.27/06/25,JP,4.290158005819579e-05,6.144729115233974,5.097694894378542
2022,vw_50,JP3546800008,TERUMO,JP,4.2199513613646195e-05,11.073639946494655,2.3504296857785025
2022,vw_50,JP3684400009,NITTO BOSEKI,JP,4.1460583522936506e-05,196.9697179865256,148.34315323220926
2022,vw_50,JP3196000008,ODAKYU ELECTRIC RY.,JP,4.063026070876748e-05,24.05732861408737,12.191906707529874
2022,vw_50,HK0083000502,SINO LAND,HK,3.8460961062261174e-05,0.9286275578276056,0.3792636062278221
2022,vw_50,AU000000QBE9,QBE INSURANCE GROUP,AU,3.622548368955976e-05,0.4361682711551029,0.5818882716159456
2022,vw_50,SG1T75931496,SINGAPORE TELECOM,SG,3.582502810546149e-05,0.5368305497172001,0.21232042853664476
2022,vw_50,JP3982100004,LAWSON DEAD - DELIST.24/07/24,JP,3.4778578608315785e-05,0.6952442972586517,0.9736218035648467
2022,vw_50,HK2380027329,CHIN.PWR.INTDVT.,HK,3.44671337496725e-05,11469.346197379677,11534.680805344045
2022,vw_50,NZCENE0001S6,CONTACT ENERGY,NZ,3.4005300870202596e-05,461.21661369719124,188.82742699166545
2022,vw_50,HK0308001558,CTII.INTL.INV.HK.,HK,3.292625986192159e-05,25.163716927599644,10.36204879164577
2022,vw_50,JP3404200002,SUMITOMO RUBBER INDS.,JP,3.124005800383978e-05,46.07384819045878,138.82649266097613
2022,vw_50,BMG677491539,ORIENT OVERSEAS (INTL.),HK,2.946064181431827e-05,346.3557479919604,357.4341647094691
2022,vw_50,JP3228600007,KANSAI ELECTRIC PWR.,JP,2.647126874690979e-05,951.4875062777721,2702.201912037195
2022,vw_50,JP3544000007,TEIJIN,JP,2.3545712539093682e-05,96.39578657772549,310.3024441354853
2022,vw_50,JP3902000003,MITSUBISHI LOGISTICS,JP,2.28719131289534e-05,3.1313802930735126,3.1321677006956197
2022,vw_50,JP3619800000,TOYOBO,JP,2.2481263373432354e-05,223.77434594954448,712.5820211597272
2022,vw_50,AU000000WOR2,WORLEY,AU,2.1610754438787696e-05,3.35848395515175,5.03511767023353
2022,vw_50,JP3977400005,RINNAI,JP,2.1247196788965028e-05,11.03392084103522,8.105992945230813
2022,vw_50,JP3621000003,TORAY INDS.,JP,2.0641204369840866e-05,160.7232573247381,324.3268789154617
2022,vw_50,JP3197600004,ONO PHARM.,JP,1.846081532151224e-05,3.252066948247804,0.762172074108247
2022,vw_50,JP3599000001,TOHO ZINC,JP,1.7879886902268047e-05,191.72355718625005,705.7358333909915
2022,vw_50,JP3219000001,KAMIGUMI,JP,1.779750143020435e-05,14.63575659159334,13.174631464113459
2022,vw_50,JP3280200001,KEIKYU,JP,1.7576705188926793e-05,30.93660467078859,22.258264627498278
2022,vw_50,JP3765400001,HOUSE SHOKUHIN GP.HONSHA K K,JP,1.6462433878422935e-05,25.77071103859164,21.92334603125243
2022,vw_50,KYG5427W1309,LEE & MAN PAPER MNFG.,HK,1.5556918715021076e-05,1133.7508339056508,1599.511197537962
2022,vw_50,JP3676800000,NISSHIN SEIFUN,JP,1.4793521636675466e-05,14.66534951364756,19.96522336674026
2022,vw_50,JP3166000004,EBARA,JP,1.3961864612975834e-05,28.825707068992624,32.36108154140941
2022,vw_50,JP3173400007,OBIC,JP,1.3086863016351263e-05,0.20285109819163447,0.009395541454212997
2022,vw_50,JP3629000005,TOPPAN HOLDINGS,JP,1.129929734357264e-05,28.645200955209216,56.40268281140359
2022,vw_50,JP3634200004,TOYODA GOSEI,JP,8.50690530827146e-06,14.44271290775282,38.86409111897799
2022,vw_50,JP3877600001,MARUBENI,JP,8.501254779245426e-06,14.633304915230909,55.53080811060634
2022,vw_50,HK0002007356,CLP HOLDINGS,HK,5.069266463055361e-06,4097.363173541027,1747.9278970337773
2022,vw_50,JP3903000002,MITSUBISHI MATERIALS,JP,5.023870678979279e-06,603.4268978820575,3828.2298710837576
2022,vw_50,AU000000ANN9,ANSELL,AU,4.994750045954624e-06,67.66626490852506,57.283906747718824
2022,vw_50,JP3535800001,TSUMURA,JP,4.95687281862708e-06,35.658184814149195,18.088252854347886
2022,vw_50,JP3774200004,HANKYU HANSHIN HDG.,JP,4.743567159199226e-06,17.30625002376256,13.731454083774029
2022,vw_50,HK0006000050,POWER ASSETS HOLDINGS,HK,3.974327508920739e-06,42401.69916995975,529.7898790281963
2022,vw_50,JP3675600005,NISSIN FOODS HOLDINGS,JP,3.129336555800355e-06,60.17083176830985,39.687431004146184
2022,vw_50,JP3538800008,TDK,JP,2.874273444167774e-06,9.400667873085924,9.159669843995921
2022,vw_50,JP3143000002,ITO EN,JP,2.859268531268667e-06,8.900907586605134,6.586327196385753
2022,vw_50,HK0144000764,CHINA MERCHANTS PORT HOLDINGS,HK,2.3715411837046413e-06,46.421327608930696,10.119163675149958
2022,vw_50,JP3164800009,NOK,JP,1.9055877580536603e-06,7.031639634299858,21.740974844101302
2022,vw_50,JP3942800008,YAMAHA MOTOR,JP,1.726385166596283e-06,9.77961129973969,18.641947087910104
2022,vw_50,JP3358200008,SHIMAMURA,JP,1.6107692449483035e-06,0.15172303952087293,0.22613652844910007
2022,vw_50,HK0363006039,SHANGHAI INDUSTRIAL HOLDINGS,HK,1.2835245042115135e-06,47.96355209304841,148.64407931234376
2022,vw_50,JP3350800003,SHIKOKU ELECTRIC POWER,JP,1.0304266556496712e-06,1720.016865424171,6310.1785924251735
2023,vw,JP3633400001,TOYOTA MOTOR,JP,0.04022952576846894,8.55329089274602,9.918284633928042
2023,vw,AU000000BHP4,BHP GROUP,AU,0.0296000095263554,130.05612490785322,45.50208220372044
2023,vw,AU000000CBA7,COMMONWEALTH BK.OF AUS.,AU,0.02216061858452033,0.30295864785305365,0.059949187157092694
2023,vw,JP3435000009,SONY GROUP,JP,0.018999755546218473,2.749543650469882,2.038041190761896
2023,vw,JP3735400008,NTT,JP,0.018256516651951892,1.6643665154843688,1.5308171003705129
2023,vw,AU000000CSL8,CSL,AU,0.017567930053196793,11.145770328770501,1.2937379251126988
2023,vw,JP3902900004,MITSUBISHI UFJ FINL.GP.,JP,0.015780463947885622,0.49736336230639233,0.33127522558262823
2023,vw,JP3436100006,SOFTBANK GROUP,JP,0.014273754607533056,0.2980497141485127,0.17842171736829912
2023,vw,JP3496400007,KDDI,JP,0.012132062095102432,2.020724688487329,1.2264991423956304
2023,vw,AU000000NAB4,NATIONAL AUS.BANK,AU,0.0118499618352323,0.41838734664367355,0.10783455706849128
2023,vw,SG1L01001701,DBS GROUP HOLDINGS,SG,0.01168081784616347,0.03446887753521704,0.008388472163748743
2023,vw,JP3802300008,FAST RETAILING,JP,0.011121553575897659,0.5134459118198815,0.14468872925057202
2023,vw,JP3475350009,DAIICHI SANKYO,JP,0.010314306745488784,9.340830963172325,1.403853668585024
2023,vw,JP3198900007,ORIENTAL LAND,JP,0.010191097487204731,22.024606980823126,1.2367924015555969
2023,vw,JP3371200001,SHIN-ETSU CHEMICAL,JP,0.010160000125662231,104.71283274880324,37.217669345366716
2023,vw,JP3890350006,SUMITOMO MITSUI FINL.GP.,JP,0.010087134887853807,0.3537550495234726,0.2510394746680624
2023,vw,AU000000WBC1,WESTPAC BANKING,AU,0.009863656799436755,0.34571397684343586,0.11195224645265507
2023,vw,JP3571400005,TOKYO ELECTRON,JP,0.009787650005857755,1.2749408123215842,0.3784228779335084
2023,vw,HK0388045442,HONG KONG EXCHANGES AND CLEARING,HK,0.009591508166661945,0.1320814337072736,0.005055204411929651
2023,vw,JP3756600007,NINTENDO,JP,0.009505623823401291,0.1340907827806957,0.03089573910138811
2023,vw,AU000000ANZ3,ANZ GROUP HOLDINGS,AU,0.009038493336385615,0.3012399102894397,0.115206450518131
2023,vw,AU000000MQG1,MACQUARIE GROUP,AU,0.008800336135019123,0.02947332319757232,0.007365370591012641
2023,vw,JP3481800005,DAIKIN INDUSTRIES,JP,0.008684278714309244,18.51704156849024,10.604414809811662
2023,vw,JP3788600009,HITACHI,JP,0.008619029981488004,5.705547477030776,9.571297670678211
2023,vw,JP3143600009,ITOCHU,JP,0.008478989998102962,10.892717929397831,23.151949261093428
2023,vw,JP3463000004,TAKEDA PHARMACEUTICAL,JP,0.00841117549304466,9.016203321699502,5.544421121402206
2023,vw,JP3898400001,MITSUBISHI,JP,0.008307906527658088,118.32967604422984,395.5276478243548
2023,vw,AU0000224040,WOODSIDE ENERGY GROUP,AU,0.008039854039143627,531.7145848933534,191.91876465042725
2023,vw,JP3893600001,MITSUI,JP,0.007939031311985697,27.171067249693053,63.74624329773779
2023,vw,JP3854600008,HONDA MOTOR,JP,0.00760074670100321,8.534000302776935,24.143674800205552
2023,vw,SG1S04926220,OVERSEA-CHINESE BKG.,SG,0.007482897953744619,0.006806763929251455,0.0031948587073736662
2023,vw,JP3519400000,CHUGAI PHARM.,JP,0.007256682368176999,4.89053042246006,1.1134092372296431
2023,vw,JP3551500006,DENSO,JP,0.007214774754971656,11.831625022273139,13.207687620919764
2023,vw,JP3910660004,TOKIO MARINE HOLDINGS,JP,0.007203634522102471,0.2676351257943177,0.31228629936762137
2023,vw,HK0016000132,SUN HUNG KAI PROPERTIES,HK,0.006905195141785694,2.4339193313741365,0.4920149964610517
2023,vw,JP3726800000,JAPAN TOBACCO,JP,0.006894548197148436,16.278992811406408,8.22875787786462
2023,vw,AU000000WES1,WESFARMERS,AU,0.006788782486205722,28.59363574837614,20.97707171119606
2023,vw,JP3914400001,MURATA MANUFACTURING,JP,0.00663734131542607,19.125998382549092,6.6964234757329475
2023,vw,JP3837800006,HOYA,JP,0.006428857168966545,2.3595046564824393,0.34044166806989734
2023,vw,SG1M31001969,UNITED OVERSEAS BANK,SG,0.0064281012426316095,0.37980140184697425,0.12571632112138958
2023,vw,JP3802400006,FANUC,JP,0.006065495669879703,8.984556588021656,1.6099126720703287
2023,vw,HK2388011192,BOC HONG KONG HOLDINGS,HK,0.005980776362306745,0.038698282975544875,0.015426099552952762
2023,vw,JP3162600005,SMC,JP,0.005910697445398805,10.05845173235915,1.8128652305630975
2023,vw,AU000000TLS2,TELSTRA GROUP,AU,0.0056940698341685,1.959440886821348,0.9088368998780353
2023,vw,KYG2108Y1052,CHINA RESOURCES LAND,HK,0.005679476583675815,1.1647821524406692,1.059670539746023
2023,vw,HK0066009694,MTR,HK,0.005618704483648767,8.261252811788236,1.5091569384183907
2023,vw,JP3734800000,NIDEC,JP,0.0056107495795673255,16.378165094924245,8.461772741389321
2023,vw,SG1T75931496,SINGAPORE TELECOM,SG,0.005419043967303704,0.5472157172329531,0.19420479953969952
2023,vw,AU000000WOW2,WOOLWORTHS GROUP,AU,0.005276049305259841,10.934655879067723,15.400442652956508
2023,vw,HK0011000095,HANG SENG BANK DEAD - DELIST.28/01/26,HK,0.005187844992089298,0.022632029336441768,0.004474205412337929
2023,vw,AU000000TCL6,TRANSURBAN GROUP STAPLED UNITS,AU,0.005171477250823737,2.0151707689664384,0.19282362742164894
2023,vw,JP3818000006,FUJITSU,JP,0.005067610615395067,2.2678236195644237,2.1594505029028
2023,vw,JP3242800005,CANON,JP,0.0049826000489001845,5.147980185567935,5.46164240212385
2023,vw,HK0688002218,CHINA OVERSEAS LAND INVESTMENT,HK,0.004875475690847685,0.3882214306386254,0.35829941759078865
2023,vw,JP3814000000,FUJIFILM HOLDINGS,JP,0.0045866276520233895,28.61876620450384,22.574324587220215
2023,vw,AU000000GMG2,GOODMAN GROUP,AU,0.004586282518618799,2.3676823562914446,0.12818776203329577
2023,vw,JP3942400007,ASTELLAS PHARMA,JP,0.004573792056527747,5.163923143935558,2.1736217704502874
2023,vw,JP3830800003,BRIDGESTONE,JP,0.00450324005431888,49.326018962524856,59.031689798579634
2023,vw,JP3201200007,OLYMPUS,JP,0.0041849630793372086,4.399265709567274,1.1640321898046309
2023,vw,JP3566800003,CENTRAL JAPAN RAILWAY,JP,0.004169256984061913,7.18987123345684,2.8670338354411418
2023,vw,KYG217651051,CK HUTCHISON HOLDINGS,HK,0.004144021839664722,225.15073437653206,306.17057996179466
2023,vw,HK0291001490,CHINA RESOURCES BEER HOLDINGS,HK,0.004129969017576299,33.77885724901672,7.197029788132605
2023,vw,JP3902400005,MITSUBISHI ELECTRIC,JP,0.004117692369838337,7.1848107395381176,11.121110115753583
2023,vw,JP3951600000,UNI CHARM,JP,0.0039783493875728115,4.174880004369327,1.2357000515862453
2023,vw,US89677Q1076,TRIP COM GROUP ADR 1:1,SG,0.003964101270484718,0.008407385585571043,0.0010617649931834686
2023,vw,JP3304200003,KOMATSU,JP,0.003910999549927521,4.939934640033523,5.510047442369424
2023,vw,JP3866800000,PANASONIC HOLDINGS,JP,0.0038292753268753844,6.361637914472136,17.84099007820225
2023,vw,JP3933800009,LY,JP,0.0037474820771423297,0.2844240689538803,0.16379861844895377
2023,vw,JP3200450009,ORIX,JP,0.0037106555010836084,47.60769073168233,44.5329237805293
2023,vw,JP3404600003,SUMITOMO,JP,0.0037064768615216745,29.635783781433304,69.40570907379717
2023,vw,JP3546800008,TERUMO,JP,0.0036872739756057113,10.806362087159325,3.065919926653158
2023,vw,HK0000049939,CHINA UNICOM (HONG KONG),HK,0.0036653571626253504,1.900804213155348,4.593215636775856
2023,vw,JP3165700000,NTT DATA GROUP DEAD - DELIST.26/09/25,JP,0.0036449505187372746,2.099368570972761,2.3486341589365005
2023,vw,JP3877600001,MARUBENI,JP,0.003551860463419781,13.28827413084901,47.40575718937674
2023,vw,JP3783600004,EAST JAPAN RAILWAY,JP,0.003428801043540648,87.78130443018384,74.63360790644873
2023,vw,JP3351600006,SHISEIDO,JP,0.0034176372405852955,2.5387772512566675,1.0396628546516353
2023,vw,JP3381000003,NIPPON STEEL,JP,0.003371966831481112,1039.9250659550285,3165.6263199887358
2023,vw,JP3634600005,TOYOTA INDS.,JP,0.003353974437847594,14.238956916910125,17.840386191747598
2023,vw,KYG210961051,CHINA MENGNIU DAIRY,HK,0.0033496880493203247,19.702631620173484,13.590500722497959
2023,vw,JP3249600002,KYOCERA,JP,0.003222943278111186,7.839379790128732,6.410035406421633
2023,vw,HK0002007356,CLP HOLDINGS,HK,0.003164750418941867,2973.187555757492,2030.187623319149
2023,vw,HK0003000038,HONG KONG AND CHINA GAS,HK,0.0031566237899469207,205.3431946100242,85.12226992719806
2023,vw,JP3205800000,KAO,JP,0.0031437461050116936,44.61784238544369,28.865190989561942
2023,vw,JP3397200001,SUZUKI MOTOR,JP,0.0031067276011084682,12.236754987388132,22.760366398545937
2023,vw,JP3160400002,EISAI,JP,0.0030857064514024615,8.275238108841494,2.5920067742345565
2023,vw,HK0012000102,HENDERSON LD.DEV.,HK,0.003034869142694903,5.964851756522081,1.0780908571970635
2023,vw,JP3388200002,AEON,JP,0.00302119512556274,2.871580272912132,11.200835437437204
2023,vw,JP3188220002,OTSUKA HOLDINGS,JP,0.003009960612348886,24.180027432827657,18.307551699372873
2023,vw,JP3893200000,MITSUI FUDOSAN,JP,0.0030042718036946653,10.394944262649682,10.255220495646576
2023,vw,JP3266400005,KUBOTA,JP,0.0029797336604169902,13.612274398719716,16.046267491279078
2023,vw,HK0823032773,LINK REAL ESTATE INVESTMENT TRUST,HK,0.002937730083289395,9.429834706920367,0.8176818250328235
2023,vw,JP3890310000,MS&AD INSURANCE GP.HDG.,JP,0.0029011021693855117,0.42258483049718576,0.9751755043155752
2023,vw,JP3899600005,MITSUBISHI ESTATE,JP,0.0028695199374990004,10.526591847347836,6.499755341706083
2023,vw,JP3116000005,ASAHI GROUP HOLDINGS,JP,0.0028540175551112932,24.338267559165256,28.07911704154648
2023,vw,JP3358000002,SHIMANO,JP,0.0028156134668569513,2.114230510738968,0.6192302195827669
2023,vw,AU000000ALL7,ARISTOCRAT LEISURE,AU,0.0027867771500089226,1.1601203454401008,0.2775376358312325
2023,vw,JP3119600009,AJINOMOTO,JP,0.00276936559064167,94.58505467163413,59.19890767321872
2023,vw,AU000000STO6,SANTOS,AU,0.0027464470489992005,671.8520615963743,337.1511099014538
2023,vw,JP3173400007,OBIC,JP,0.002709955504879571,0.2862219103531873,0.013481266940889304
2023,vw,JP3505000004,DAIWA HOUSE INDUSTRY,JP,0.0026699436000331067,6.479627237585651,15.001182312603452
2023,vw,BMG507361001,JARDINE MATHESON HDG.,HK,0.00263621817388296,132.48465589312696,318.8122947192024
2023,vw,JP3756100008,NITORI HOLDINGS,JP,0.002587850673490211,5.062038727910633,2.0816282982264167
2023,vw,JP3294460005,INPEX,JP,0.0025637519439617967,365.744528717021,434.8568426582611
2023,vw,JP3672400003,NISSAN MOTOR,JP,0.0025397357097349683,7.6877370015972755,38.779345523968615
2023,vw,JP3347200002,SHIONOGI,JP,0.0025302554843629897,11.705114622482048,2.753070056370866
2023,vw,JP3762800005,NOMURA RESEARCH INST.,JP,0.0025211422789041863,0.18888673558010327,0.06677836461120634
2023,vw,JP3635000007,TOYOTA TSUSHO,JP,0.0025162666382227356,6.298085691367878,31.568418200248225
2023,vw,IE00BKVD2N49,SEAGATE TECHNOLOGY HOLDINGS,SG,0.002515808705120058,29.931565440547477,18.732228574411288
2023,vw,JP3778630008,BANDAI NAMCO HDG.,JP,0.002513332162494915,0.7839395577614235,0.4106904100339484
2023,vw,JP3122400009,ADVANTEST,JP,0.002491502895548889,0.8363579592671855,0.23312606511582648
2023,vw,JP3258000003,KIRIN HOLDINGS,JP,0.0024227287512680645,22.807758138272952,24.558384918792857
2023,vw,BMG2178K1009,CKI HOLDINGS,HK,0.002412435357923316,8343.966027227063,491.1730715279688
2023,vw,JP3538800008,TDK,JP,0.0023883029568432346,8.474797105771374,10.316596503001577
2023,vw,JP3351100007,SYSMEX,JP,0.002386580656975443,4.449044979062195,0.9866214247671183
2023,vw,AU000000QBE9,QBE INSURANCE GROUP,AU,0.0023441864898485045,0.4183117797547887,0.5624885089170804
2023,vw,JP3421800008,SECOM,JP,0.002310568812663694,6.719009663386614,4.109927310669652
2023,vw,SG1V61937297,SINGAPORE AIRLINES,SG,0.002283589481890127,1263.2430647324663,939.9422437925348
2023,vw,JP3900000005,MITSUBISHI HEAVY INDS.,JP,0.002224231587033113,4.235566896157101,10.369879209830343
2023,vw,JP3762600009,NOMURA HDG.,JP,0.0022009864313394696,0.14963796145052613,0.18916460839560414
2023,vw,JP3420600003,SEKISUI HOUSE,JP,0.0021793844473671988,2.4322775767794056,4.286069636368131
2023,vw,JP3814800003,SUBARU,JP,0.0021492837637540566,5.869678093817494,12.694645300822408
2023,vw,JP3753000003,NIPPON YUSEN KK,JP,0.002117236864454534,544.2874654496082,894.9749598833317
2023,vw,HK0006000050,POWER ASSETS HOLDINGS,HK,0.002054181833224431,42627.38059812528,563.5442645818597
2023,vw,JP3931600005,YAKULT HONSHA,JP,0.002038729958164225,71.0486496842322,21.31481785803059
2023,vw,JP3256000005,KYOWA KIRIN,JP,0.002033588312224601,5.4081946073402545,1.3891912969400537
2023,vw,JP3197800000,OMRON,JP,0.0020331539492080904,0.6367198486018305,0.34588150929209804
2023,vw,JP3402600005,SUMITOMO METAL MINING,JP,0.0019848184367894255,178.6418040913064,166.67670402543325
2023,vw,JP3197600004,ONO PHARM.,JP,0.0019350047432525582,2.4544504874478803,0.7134523174584393
2023,vw,JP3409000001,SUMITOMO REAL.&DEV.,JP,0.0019233661714186945,6.108078280575964,3.851446218054879
2023,vw,BMG677491539,ORIENT OVERSEAS (INTL.),HK,0.001913864059538132,317.0974989065473,552.2333178510605
2023,vw,AU000000SUN6,SUNCORP GROUP,AU,0.0018612657286783641,0.14822497522899572,0.16381105376367427
2023,vw,SG9999000020,FLEX,SG,0.0018484503361137217,2.778568225586611,7.923182716566631
2023,vw,AU000000RHC8,RAMSAY HEALTH CARE,AU,0.0018153781380659249,8.311282577517668,7.593996397987175
2023,vw,SG1M51904654,CAPITALAND INTEG. COML. TST.,SG,0.0018100816029886302,0.026184110957788595,0.0027903342820469893
2023,vw,AU000000SHL7,SONIC HEALTHCARE,AU,0.001806175702995203,5.279191477929981,3.029678790477433
2023,vw,JP3429800000,ANA HOLDINGS,JP,0.0017984009417151823,779.4023798519235,875.6770723140379
2023,vw,SG1U68934629,KEPPEL,SG,0.0017921717046566988,0.6109125464163091,0.2903705206753956
2023,vw,HK0083000502,SINO LAND,HK,0.0017755699461070485,2.5139664804469275,0.3358014717804447
2023,vw,JP3111200006,ASAHI KASEI,JP,0.001766742948837419,136.88121142340023,271.9575413713386
2023,vw,JP3733000008,NEC,JP,0.0017262579586900266,0.8268965246067332,2.0017613480651995
2023,vw,JP3240400006,KIKKOMAN,JP,0.0017262125020952755,23.126188250178547,10.50399678540637
2023,vw,AU000000COH5,COCHLEAR,AU,0.001706637545533387,0.7502858621898518,0.09036230747452148
2023,vw,HK0836012952,CHINA RESOURCES POWER,HK,0.001703948872132739,10581.892252095007,13772.611402035373
2023,vw,JP3659000008,WEST JAPAN RAILWAY,JP,0.001701154133344338,14.550972528503673,14.310993230671787
2023,vw,AU000000CPU5,COMPUTERSHARE,AU,0.0016703042577065944,0.8831534465732308,0.26609791596950355
2023,vw,JP3621000003,TORAY INDS.,JP,0.00165836600906289,145.2791585187097,285.27489150021574
2023,vw,JP3137200006,ISUZU MOTORS,JP,0.0016280127888122415,8.192877189029023,20.287777819143
2023,vw,JP3407400005,SUMITOMO ELECTRIC IND.,JP,0.0016157142545656952,10.196112359419846,31.781062862942342
2023,vw,JP3684000007,NITTO DENKO,JP,0.0016082745252247658,40.642259987409595,31.3520128298537
2023,vw,AU000000ASX7,ASX,AU,0.0015977942547682632,0.06762385986172273,0.005268442974900084
2023,vw,SG1M77906915,CAPITALAND ASCENDAS REIT,SG,0.0015904589072375031,0.49037766818164674,0.05366839915739555
2023,vw,JP3573000001,TOKYO GAS,JP,0.001577252924673518,184.86619057802574,469.02052204951514
2023,vw,JP3539220008,T & D HOLDINGS,JP,0.0015739985692048563,0.08196249411724703,0.18151421576125268
2023,vw,JP3362700001,MITSUI OSK LINES,JP,0.0015498493323489412,872.0409134994648,1179.5614451496845
2023,vw,SGXE21576413,GENTING SINGAPORE,SG,0.0015484856345064082,1.3384180581032683,0.19189809504446273
2023,vw,JP3357200009,SHIMADZU,JP,0.0015470613278708736,0.6478290220728972,0.25356045675705974
2023,vw,JP3228600007,KANSAI ELECTRIC PWR.,JP,0.0015140211177971606,805.1807695107863,2562.916440561867
2023,vw,SG1F60858221,SINGAPORE TECHS.ENGR.,SG,0.001510785281681916,6.5162682982244045,5.014676285930156
2023,vw,AU000000ORG5,ORIGIN ENERGY (EX BORAL),AU,0.0015104384646997412,1153.1415822012218,1525.9262561861874
2023,vw,HK0101000591,HANG LUNG PROPERTIES,HK,0.00150679015207657,3.057501337751577,0.4507297822441069
2023,vw,AU000000APA1,APA GROUP,AU,0.0015058625008281309,687.6116658956403,154.21212331263513
2023,vw,JP3771800004,HAMAMATSU PHOTONICS,JP,0.0014977796448503527,4.21989874610414,0.8014468757622457
2023,vw,SG1B51001017,JARDINE CYC.& CARR.,SG,0.0014830567588837477,200.74890997334026,522.8994115082826
2023,vw,JP3942800008,YAMAHA MOTOR,JP,0.0014649162104228937,8.277684895553465,16.659636993015916
2023,vw,JP3102000001,AISIN,JP,0.0014547642375951492,16.06784566511412,61.69917288804073
2023,vw,JP3982800009,ROHM,JP,0.0014424252974866018,44.244965575419386,20.275292321554875
2023,vw,JP3551520004,DENTSU GROUP,JP,0.0014329568571577066,0.46459825308579533,0.5288214132138385
2023,vw,AU000000IAG3,INSURANCE AUS.GROUP,AU,0.0014153853579200334,0.8564682949678637,0.6681329033746838
2023,vw,NZAIAE0002S6,AUCKLAND INTL.AIRPORT,NZ,0.0014028595406997315,6.850271683105102,0.24722145882262578
2023,vw,JP3967200001,RAKUTEN GROUP,JP,0.0013913202999432865,0.19919799994818588,0.3619282024474623
2023,vw,JP3112000009,AGC,JP,0.0013882679737846296,369.0638706273468,709.6825831863923
2023,vw,JP3526600006,CHUBU ELEC.POWER,JP,0.0013875204653376115,10.084345465473218,35.18776921676879
2023,vw,AU000000QAN2,QANTAS AIRWAYS,AU,0.0013734575417836893,858.1881608773666,1191.557090795872
2023,vw,JP3386030005,JFE HOLDINGS,JP,0.001372880074672592,1215.4062816711003,6008.922636960515
2023,vw,JP3675600005,NISSIN FOODS HOLDINGS,JP,0.0013690011119204986,58.79528851106294,36.40164791243928
2023,vw,JP3574200006,TOKYU,JP,0.0013281810898340147,20.494120623817174,18.110948860697878
2023,vw,AU000000IGO4,IGO,AU,0.0013197345810982276,139.20481100563748,13.450650412623247
2023,vw,HK0004000045,WHARF HOLDINGS,HK,0.0013068754155164176,7.230194026559046,2.1454455979975497
2023,vw,KYG9431R1039,WANT WANT CHINA HOLDINGS,SG,0.001306201984483068,54.92086239310012,24.67818351251339
2023,vw,HK0000608585,NEW WORLD DEVELOPMENT COMPANY,HK,0.0013047423227182829,0.8639863278255282,1.035378886219293
2023,vw,JP3774200004,HANKYU HANSHIN HDG.,JP,0.0012853559268457323,14.051629104129205,13.55343452958674
2023,vw,JP3862400003,MAKITA,JP,0.0012685807598049946,3.5560224324682244,2.840201034368808
2023,vw,JP3906000009,MINEBEA MITSUMI,JP,0.0012661799781711035,11.268006325796724,14.493196840217157
2023,vw,JP3499800005,MITSUBISHI HC CAPITAL,JP,0.0012656547019650908,0.22094668118267785,0.427128158400564
2023,vw,JP3027670003,NIPPON BUILDING FUND,JP,0.0012624188658498462,5.613732887397854,0.5806548837556662
2023,vw,HK0019000162,SWIRE PACIFIC 'A',HK,0.0012611494483519823,9.462171871233949,14.684503443516057
2023,vw,SG1J26887955,SINGAPORE EXCHANGE,SG,0.0012604036234825475,0.03416385668945396,0.004007234393825654
2023,vw,JP3493800001,DAI NIPPON PRINTING,JP,0.0012541811207343976,30.170845939765456,43.090140277871
2023,vw,JP3885400006,MISUMI GROUP,JP,0.0012483576258735072,2.2064028595695127,0.8667670949478821
2023,vw,JP3502200003,DAIWA SECURITIES GROUP,JP,0.0012449955214395095,0.14678647705115752,0.11359118532401886
2023,vw,HK0270001396,GUANGDONG INVESTMENT,HK,0.00123229629572812,1002.4488145504313,405.0907997939753
2023,vw,JP3942600002,YAMAHA,JP,0.0012132482989498275,6.360668402165403,3.052854627225635
2023,vw,JP3869010003,MATSUKIYOKARA,JP,0.0011941514784216173,0.325927811034816,0.3351219663496378
2023,vw,JP3711600001,NIPPON SANSO HOLDINGS,JP,0.0011903011364884412,124.3722331265612,156.0097707660603
2023,vw,JP3300200007,KONAMI GROUP,JP,0.0011741438424208016,15.207298777626296,5.2877073744282415
2023,vw,JP3598600009,TOHO,JP,0.0011627662251123608,3.2397233357334065,0.8749413597586049
2023,vw,AU000000SGP0,STOCKLAND STAPLED UNITS,AU,0.0011621315163634289,1.5232311534581504,0.4405490565354388
2023,vw,BMG5320C1082,KUNLUN ENERGY,HK,0.0011599260297292088,14.668807351437023,54.26095665236986
2023,vw,JP3180400008,OSAKA GAS,JP,0.0011479254887149196,265.7674259136431,646.1935917235351
2023,vw,JP3486800000,DAITO TST.CONSTRUCTION,JP,0.001147696522163581,2.672692249810934,4.944689827358329
2023,vw,JP3283650004,KOSE HOLDINGS,JP,0.0011305997918044188,2.6604781862281444,0.8921503515768093
2023,vw,JP3443600006,TAISEI,JP,0.001129569442323394,16.969645214767283,32.34297263218141
2023,vw,JP3940000007,YAMATO HDG.,JP,0.0011116359739052949,46.59987655081624,99.8871694215502
2023,vw,JP3670800006,NISSAN CHEMICAL,JP,0.0011098244444255848,130.98427499739935,34.95477893101701
2023,vw,AU000000MGR9,MIRVAC GROUP STAPLED UNITS,AU,0.0011044218439605377,7.557005097369406,1.4682993977106602
2023,vw,JP3783420007,HIKARI TSUSHIN,JP,0.0010999064888819288,0.20124322231381586,0.15107566793966157
2023,vw,NZTELE0001S4,SPARK NEW ZEALAND,NZ,0.001088168585970646,0.9538859522058524,0.41680655627120583
2023,vw,JP3419400001,SEKISUI CHEMICAL,JP,0.0010822592286530036,19.49604292882693,29.08998137930069
2023,vw,HK0293001514,CATHAY PACIFIC AIRWAYS,HK,0.0010792843470631818,1778.5036808386792,1805.4409374385789
2023,vw,AU000000SEK6,SEEK,AU,0.0010764239487490296,0.10102946731065299,0.013763613073555564
2023,vw,AU000000DXS1,DEXUS STAPLED UNITS,AU,0.001075524918319508,20.622561434732013,1.8864084979955638
2023,vw,JP3596200000,TOTO,JP,0.001074467631597149,31.15825239297233,26.323830117282064
2023,vw,AU000000BSL0,BLUESCOPE STEEL,AU,0.001067250134497225,632.0423330219912,1342.4449218984157
2023,vw,AU000000GPT8,GPT GROUP STAPLED UNITS,AU,0.0010585679248997658,13.024619559949599,1.1967981474677978
2023,vw,JP3210200006,KAJIMA,JP,0.0010543556137861643,15.897508598175719,46.46639808769215
2023,vw,JP3260800002,KINTETSU GROUP HDG.,JP,0.0010425217469526291,7.625576709354283,12.472425431584387
2023,vw,JP3223800008,KAWASAKI KISEN KAISHA,JP,0.0010376528405815118,918.7844906162312,1078.9286073550552
2023,vw,JP3820000002,FUJI ELECTRIC,JP,0.0010238542387081791,18.23143796180638,22.905834492602057
2023,vw,JP3027680002,JAPAN REAL ESTATE INV.,JP,0.0010207901275064385,4.825109279629377,0.4593268923113461
2023,vw,JP3511800009,CHIBA BANK,JP,0.0010073282411497807,1.188572917813243,0.4024561860925315
2023,vw,JP3401400001,SUMITOMO CHEMICAL,JP,0.0009857447765309272,244.05679962764668,968.9055278682029
2023,vw,JP3164630000,SQUARE ENIX HOLDINGS,JP,0.0009736566894823025,0.0,0.0
2023,vw,SG1R89002252,CITY DEVELOPMENTS,SG,0.000971178463279576,0.034958756612369364,0.015255159884476835
2023,vw,JP3148800000,IBIDEN,JP,0.0009696918642734569,54.292230229729746,30.730713872747064
2023,vw,JP3414750004,SEIKO EPSON,JP,0.0009689140514299382,16.011570460726414,27.661774185981454
2023,vw,JP3436120004,SBI HDG.,JP,0.0009683197485430072,0.2064365006477955,0.2576692236541043
2023,vw,JP3585800000,TOKYO ELECTRIC POWER CO. HDG.,JP,0.0009672052201828136,3.5962538122263963,35.683575459447795
2023,vw,HK0144000764,CHINA MERCHANTS PORT HOLDINGS,HK,0.0009625703310957852,39.2598135468299,10.984344309748645
2023,vw,AU000000WOR2,WORLEY,AU,0.0009552484521856921,3.0151186587028507,3.9362557103378264
2023,vw,JP3629000005,TOPPAN HOLDINGS,JP,0.0009455325259520412,23.680580641511007,54.25277900933192
2023,vw,JP3359600008,SHARP,JP,0.0009244827554271171,16.545289556063388,60.27848294902006
2023,vw,JP3039710003,JAPAN METROPOLITAN FUND INVESTMENT REIT,JP,0.0009228581030591613,8.708318471157426,1.0110315915446966
2023,vw,JP3190000004,OBAYASHI,JP,0.0009158039129848247,18.327684160275084,52.164025862053116
2023,vw,HK2380027329,CHIN.PWR.INTDVT.,HK,0.0009108710306655391,7536.856600288193,9020.750859929061
2023,vw,JP3322930003,SUMCO,JP,0.0009086907976950698,25.033766475711424,15.933656700102642
2023,vw,JP3270000007,KURITA WATER IND.,JP,0.0008913533157414852,5.078142852845967,2.4554245995769115
2023,vw,AU0000088338,AMPOL,AU,0.0008756421697334399,25.010778159335384,131.5051873841587
2023,vw,JP3688370000,NIPPON EXPRESS HOLDINGS,JP,0.0008755428386560208,26.81985856079344,105.18239627419725
2023,vw,JP3305990008,YOKOHAMA FINANCIAL GROUP,JP,0.0008707732633623225,0.3599859592664998,0.1629879972777331
2023,vw,JP3868400007,MAZDA MOTOR,JP,0.0008549627862768581,3.9703725878449325,22.25175995667799
2023,vw,JP3597800006,TOBU RAILWAY,JP,0.0008336133389420934,28.212977140742378,25.98900521868386
2023,vw,JP3351500008,SHIZUOKA FINANCIAL GROUP,JP,0.0008295256125696616,0.5418656845255222,0.2388800038967681
2023,vw,SG1R50925390,SEMBCORP INDUSTRIES,SG,0.0008257830196018214,1702.7438789903017,2076.257969023003
2023,vw,JP3663900003,SOJITZ,JP,0.0008221549099096506,38.93227636224332,153.8346391229026
2023,vw,AU000000CIM7,CIMIC GROUP DEAD - DELIST.11/05/22,AU,0.0008191699268543287,14.553472876249668,23.63507445048452
2023,vw,JP3787000003,HITACHI CON.MCH.,JP,0.0008191278374147442,9.869462464915426,19.07469067291487
2023,vw,JP3799000009,HIROSE ELECTRIC,JP,0.0008127521291065073,1.1789611312998116,0.3496612139127049
2023,vw,JP3626800001,LIXIL,JP,0.0008022617571845045,39.26585363183953,94.85396267118831
2023,vw,JP3196000008,ODAKYU ELECTRIC RY.,JP,0.0008006488898596323,25.16803594684213,15.937917924821894
2023,vw,JP3973400009,RICOH,JP,0.0007952378715066684,7.254221584099298,24.05419709960834
2023,vw,AU000000ORI1,ORICA,AU,0.0007941721668963929,286.80443725736416,306.539726149365
2023,vw,JP3385980002,J S R DEAD - DELIST.25/06/24,JP,0.0007935593446560447,10.986110002626972,7.2132775223664645
2023,vw,JP3955000009,YOKOGAWA ELECTRIC,JP,0.0007918202090124194,4.632167104751087,3.2722401769008336
2023,vw,JP3118000003,ASICS,JP,0.0007917158272022503,0.8255839893935244,0.6626149900692812
2023,vw,JP3277800003,KEIO,JP,0.0007897140534556186,32.4286124167891,17.95109035131292
2023,vw,JP3888300005,MITSUI CHEMICALS,JP,0.0007818567968740127,242.55551288311884,763.3472724062342
2023,vw,KYG525621408,KINGBOARD HOLDINGS,HK,0.0007807506864017359,201.20155868611414,273.1629451530475
2023,vw,JP3134800006,IHI,JP,0.0007768144820118077,6.0565943610977255,13.322077905189996
2023,vw,HK0000055878,CHINA TAIPING INSURANCE HLDGS,HK,0.0007692417500417918,0.26882442534730777,2.303716932693381
2023,vw,JP3613000003,TOYO SUISAN KAISHA,JP,0.0007676726557340874,56.0850947957693,40.111672299260704
2023,vw,SG1S83002349,UOL GROUP,SG,0.0007674150683638311,0.9116686642194771,0.4894432939029099
2023,vw,BMG2624N1535,DFI RETAIL GROUP HOLDINGS,HK,0.0007588978493695425,25.753949602794435,52.35544019611106
2023,vw,JP3452000007,TAIYO YUDEN,JP,0.0007530019606725671,16.137169010334322,9.390448125599479
2023,vw,HK0000745908,YUEXIU PROPERTY COMPANY,HK,0.0007471683643461764,0.18000163415940992,0.4353376986827341
2023,vw,AU000000CWY3,CLEANAWAY WASTE MANAGEMENT,AU,0.0007401966695734251,466.3616587327558,257.70088955708655
2023,vw,HK0392044647,BEIJING ENTERPRISES HOLDINGS,HK,0.0007399222464273351,60.12649316871463,161.0100706721821
2023,vw,JP3695200000,NGK INSULATORS,JP,0.0007352452679007224,58.44169397424391,57.70340450086555
2023,vw,JP3358800005,SHIMIZU,JP,0.0007309942345027033,10.95805424406648,35.37521505512551
2023,vw,JP3944130008,USS,JP,0.0007252044111934804,5.902769509203915,0.9207154000445731
2023,vw,AU000000LLC3,LENDLEASE GROUP STAPLED UNITS,AU,0.0007204988118479503,3.72361639464965,6.126082760651188
2023,vw,JP3894900004,ISETAN MITSUKOSHI HDG.,JP,0.0007197917092629332,4.826244298487668,4.1399925620472615
2023,vw,JP3174410005,OJI HOLDINGS,JP,0.0007142678912118835,488.6779676342297,1508.2874490873432
2023,vw,JP3766550002,HAKUHODO DY HDG.,JP,0.0007115573313026515,0.02127704561838475,0.03785674062927367
2023,vw,JP3595200001,TOSOH,JP,0.0007033313712302866,940.4825259699887,1829.9980850248944
2023,vw,SG0531000230,VENTURE CORPORATION,SG,0.0006991662002890194,0.9003929695529018,0.6402816372331358
2023,vw,JP3494600004,SCREEN HOLDINGS,JP,0.0006933544904712127,2.7627389521414325,2.382513342754605
2023,vw,JP3375800004,SHINKO ELEC.INDS. DEAD - DELIST.06/06/25,JP,0.0006930245092648714,18.660699978140748,10.72179925079803
2023,vw,JP3738600000,NITERRA,JP,0.000684035888547238,12.290915038875536,13.01996805308406
2023,vw,AU000000BEN6,BENDIGO & ADELAIDE BANK,AU,0.0006801283049762272,0.7488546295378437,0.3440781428691661
2023,vw,JP3982100004,LAWSON DEAD - DELIST.24/07/24,JP,0.000670744043526501,0.6045313419977202,1.0793064326663386
2023,vw,NZCENE0001S6,CONTACT ENERGY,NZ,0.0006696429837869744,360.78704068455,132.4
2023,vw,JP3830000000,BROTHER INDUSTRIES,JP,0.0006688668545210391,3.096735128228607,4.792559069090763
2023,vw,HK0008011667,PCCW,HK,0.0006563039985939029,1.1046460805286993,1.3031421630620763
2023,vw,JP3977400005,RINNAI,JP,0.0006552450282939608,11.616397062910911,9.449945785949568
2023,vw,JP3166000004,EBARA,JP,0.0006532853439869136,16.217443482209465,22.163006334496462
2023,vw,JP3108600002,ACOM,JP,0.0006470796770145972,0.5688008219720176,0.3103957871512275
2023,vw,JP3419050004,SEGA SAMMY HDG.,JP,0.0006446435402514552,2.3863905086544506,1.7289064275099828
2023,vw,BMG524401079,KERRY PROPERTIES,HK,0.0006418218642217205,2.6159971964164006,1.2766738802544428
2023,vw,JP3224200000,KAWASAKI HEAVY INDUSTRY,JP,0.0006385422550893082,10.585453718096492,36.051751094846246
2023,vw,JP3676800000,NISSHIN SEIFUN,JP,0.000634151484751869,13.760793311392328,22.03526172846717
2023,vw,JP3229400001,KANSAI PAINT,JP,0.0006338063513472773,18.36681501083141,18.643216881295423
2023,vw,KYG0535Q1331,ASMPT,HK,0.0006306344911802009,0.7290111611608774,0.48053820278712156
2023,vw,AU000000JBH7,JB HI-FI,AU,0.0006299543258365179,0.04806063815354721,0.0880494740443
2023,vw,BMG668971101,CTF SERVICES,HK,0.0006296125595870929,7.966658042856546,8.802239733884532
2023,vw,JP3657400002,NIKON,JP,0.0006258884859726698,7.55254462674182,9.3253461229123
2023,vw,JP3358200008,SHIMAMURA,JP,0.0006050306432922503,0.16256912071921417,0.2156539741549147
2023,vw,AU000000CGF5,CHALLENGER,AU,0.0005906343713768201,0.026695590714523928,0.009948093187123917
2023,vw,HK0014000126,HYSAN DEVELOPMENT,HK,0.0005897740632317159,3.9755663595462325,0.5006993805486569
2023,vw,JP3939000000,YAMADA HOLDINGS,JP,0.0005894558670684583,4.242673902800501,15.137623850040415
2023,vw,JP3870400003,MARUI GROUP,JP,0.0005874305232356594,5.998209436235205,2.8783267128666337
2023,vw,SGXE34184239,SEATRIUM,SG,0.0005856796025489506,48.129474070381065,20.5908393172319
2023,vw,HK0023000190,BANK OF EAST ASIA,HK,0.0005809891554016709,0.8624810464907097,0.9530444055498244
2023,vw,JP3768600003,HASEKO,JP,0.0005786085766987802,4.471751499974002,10.034392658244053
2023,vw,BMG4600H1198,HOPSON DEVELOPMENT HOLDINGS,HK,0.000576707817607151,0.8636003530372919,0.876079042706299
2023,vw,AU000000ILU1,ILUKA RESOURCES,AU,0.0005728238041223075,396.5837888077765,133.4344378413012
2023,vw,JP3667600005,JGC HOLDINGS,JP,0.0005564863672532469,20.262429771746877,25.093332687920903
2023,vw,JP3268950007,MEDIPAL HOLDINGS,JP,0.0005514878254082098,1.0896300089445523,8.681834972173801
2023,vw,BMG8063F1068,SHANGRI-LA ASIA,HK,0.0005511292233829512,102.70722552178694,45.821674262882
2023,vw,AU000000BOQ8,BANK OF QLND.,AU,0.0005502200914879292,0.22736921284094697,0.1220870459218643
2023,vw,JP3896800004,MITSUBISHI GAS CHM.,JP,0.0005423156947339887,122.35451586969359,230.6586655325173
2023,vw,JP3131430005,AEON MALL DEAD - DELIST.27/06/25,JP,0.0005397819104710109,4.8532629050511895,4.457980886792924
2023,vw,JP3122800000,AMADA,JP,0.0005382262847839735,2.619308031711379,2.26155174355317
2023,vw,JP3368000000,RESONAC HOLDINGS,JP,0.0005299986411340252,303.51140196083855,1045.7267197153792
2023,vw,JP3143000002,ITO EN,JP,0.0005293336279885924,9.050461754558718,9.541681244235235
2023,vw,JP3551200003,ELEC.POWER DEV.,JP,0.0005218147705012445,3534.6054203112694,15780.26998425522
2023,vw,JP3243600008,CANON MARKETING JAPAN,JP,0.000517354973482887,1.2367251256700476,1.8435054263818156
2023,vw,JP3336000009,SANTEN PHARM.,JP,0.0005121224143537609,8.052186224623117,5.5715727496572836
2023,vw,JP3720800006,NSK,JP,0.0005074403850943981,14.731681016976129,35.50028864720676
2023,vw,JP3743000006,NH FOODS,JP,0.0005062669315187865,51.78085942120208,166.55105101609863
2023,vw,JP3269600007,KURARAY,JP,0.0004881145980148489,296.72341303899094,602.9103877872706
2023,vw,AU000000AMP6,AMP,AU,0.00048411778483191923,0.01676362665540813,0.009389573400381842
2023,vw,JP3780100008,PARK24,JP,0.0004840117194441667,85.96995694532252,69.71894674597377
2023,vw,AU000000MTS0,METCASH,AU,0.00048275240341180296,1.1817227829361552,4.612160060263233
2023,vw,JP3280200001,KEIKYU,JP,0.00047296071618690034,30.202918979238248,23.43108149477086
2023,vw,AU000000BLD2,BORAL DEAD - DELIST.08/07/24,AU,0.00046707997968817517,596.8265877718758,479.3950251051605
2023,vw,JP3635400009,TOYOTA BOSHOKU,JP,0.0004663139518877401,5.454791103669175,23.861822960668356
2023,vw,JP3040890000,JAPAN PRIME REALTY INV.,JP,0.0004609113514226932,4.9838198902867425,0.5259908901300001
2023,vw,JP3665200006,NICHIREI,JP,0.0004608507426296917,15.405528402868967,28.492728315548362
2023,vw,NZFBUE0001S0,FLETCHER BUILDING,NZ,0.00045832200909946407,136.19184691824984,283.95002773379963
2023,vw,JP3246400000,KYUSHU ELEC.POWER,JP,0.0004526500362210774,1438.8100330428283,8811.211699682366
2023,vw,JP3326410002,SANKYO,JP,0.0004514631140247988,0.8636029623652816,0.3576263159268637
2023,vw,JP3495000006,SUMITOMO PHARMA,JP,0.00044818013773721964,6.074353368069493,10.453894901336177
2023,vw,BMG988031446,YUE YUEN INDL.HDG.,HK,0.0004457776725257451,5.022374118657048,16.995241332426918
2023,vw,JP3405400007,SUMITOMO HEAVY INDS.,JP,0.0004439947638649521,4.089551619540011,13.753929341994
2023,vw,JP3305530002,COMSYS HOLDINGS,JP,0.0004435418814950245,19.36002666152243,31.884366032522053
2023,vw,JP3605400005,TOHOKU ELECTRIC PWR.,JP,0.0004424593411089151,1405.6371982934734,11821.893466357697
2023,vw,HK0010000088,HANG LUNG GROUP,HK,0.00044138858576588927,2.891507540569987,1.538678658748231
2023,vw,JP3613400005,TOYO SEIKAN GROUP HDG.,JP,0.00043757359896196403,56.57442030489395,149.66892003678237
2023,vw,BMG2442N1048,COSCO SHIPPING PORTS,HK,0.00043727055499695667,54.52638379011055,30.222887878426192
2023,vw,JP3209000003,CASIO COMPUTER,JP,0.00043558866099116614,1.6759920379484845,1.3082464982529916
2023,vw,JP3935600001,YAMAZAKI BAKING,JP,0.0004341357335367145,44.109335359342666,143.4859325616117
2023,vw,JP3582600007,TOKYO TATEMONO,JP,0.00043060527134437934,5.303988705175131,5.651997122392168
2023,vw,JP3792600003,HINO MOTORS,JP,0.00042643504967036214,11.807176487428308,54.48278857124809
2023,vw,AU000000ANN9,ANSELL,AU,0.0004262094502741901,66.63621334964343,47.942186074254316
2023,vw,JP3126340003,ALFRESA HOLDINGS,JP,0.0004247598899749051,1.559065153755757,12.841662174588578
2023,vw,MU0117U00026,GOLDEN AGRI-RESOURCES,SG,0.0004212462635584038,603.6702276988625,2905.6268959150148
2023,vw,JP3940400009,YAMATO KOGYO,JP,0.00042104255067081553,42.45794717240686,23.991554972649627
2023,vw,AU000000FLT9,FLIGHT CENTRE TRAVEL GP.,AU,0.00042070751873172406,18.744172053448402,9.025607369672136
2023,vw,JP3292200007,JTEKT,JP,0.00041952396369061227,8.41351753978358,42.899681362516354
2023,vw,JP3456000003,TAKASHIMAYA,JP,0.00041419544063923383,4.720098849443309,8.092805085744713
2023,vw,JP3271400008,CREDIT SAISON,JP,0.0004063280825921275,0.11777776094145068,0.14170409533122297
2023,vw,JP3219000001,KAMIGUMI,JP,0.0004039289845358197,14.680295230938855,13.069380592940234
2023,vw,JP3126400005,ALPS ALPINE,JP,0.0004013952002728419,2.365738686739943,7.033864892751387
2023,vw,JP3404200002,SUMITOMO RUBBER INDS.,JP,0.00039975539570663576,44.0579756213314,158.7742794090396
2023,vw,JP3711200000,AOZORA BANK,JP,0.00039707345661632115,0.08843547630846961,0.04494362966449156
2023,vw,AU000000BPT9,BEACH ENERGY,AU,0.00039703473433190355,421.22320937328067,228.54665264514813
2023,vw,JP3398000004,SUZUKEN,JP,0.00039174830072010944,1.5458492925718794,11.942601251461184
2023,vw,JP3263000006,KINDEN,JP,0.00038761511775292645,3.2669726586299843,6.5676944660409236
2023,vw,JP3903000002,MITSUBISHI MATERIALS,JP,0.0003758654297985599,67.76263199795724,411.6387612316017
2023,vw,JP3811000003,FUJIKURA,JP,0.0003704931337300138,3.6034472805029956,10.040761054788856
2023,vw,JP3131400008,AEON FINANCIAL SERVICE,JP,0.0003665165234780846,0.7881336468498584,1.278358849982315
2023,vw,JP3634200004,TOYODA GOSEI,JP,0.0003632840545180066,14.637028567427706,49.21656679689129
2023,vw,JP3732200005,NIPPON TELEVISION HDG.,JP,0.0003601189286612637,0.6913055204746131,1.0341232626308432
2023,vw,JP3485800001,DAICEL,JP,0.0003594960049554153,415.3968931804343,802.22543799261
2023,vw,JP3293200006,COCA-COLA BOTTLERS JAPAN HOLDINGS,JP,0.00035918285952490773,30.6576571949329,90.3677142656261
2023,vw,JP3638600001,DOWA HDG.,JP,0.0003588646633616501,164.12797495776744,487.43643153371244
2023,vw,JP3289800009,KOBE STEEL,JP,0.00035859865810347705,792.2237045727744,6901.473253269984
2023,vw,JP3765400001,HOUSE SHOKUHIN GP.HONSHA K K,JP,0.00035748749689845026,26.579790290008514,26.058453974323953
2023,vw,AU000000SGM7,SIMS,AU,0.0003564807175035927,12.96677403367702,38.49060168130726
2023,vw,JP3769000005,HACHIJUNI NAGANO BANK,JP,0.00035095689945254286,1.6501444136472978,1.1412316090933947
2023,vw,JP3449020001,TAIHEIYO CEMENT,JP,0.00035029693703986025,3300.090655866908,9643.528286561539
2023,vw,JP3300600008,KONICA MINOLTA,JP,0.0003499922094972696,18.154171261997966,72.83895981451371
2023,vw,JP3522200009,CHUGOKU ELEC.POWER,JP,0.00034977502798901435,1620.8511607951582,9439.298314858223
2023,vw,AU000000PPT9,PERPETUAL,AU,0.00034754597126862726,0.07886825882728402,0.020830002954953908
2023,vw,JP3415400005,SEINO HDG.,JP,0.00034366700851653375,77.53194892105311,185.43372083339457
2023,vw,JP3600200004,TOHO GAS,JP,0.0003414547875719805,16.164870913037554,41.29329684688016
2023,vw,JP3544000007,TEIJIN,JP,0.0003397728935661899,95.8984611749326,371.6256391960994
2023,vw,JP3588600001,TBS HOLDINGS,JP,0.0003381734948619847,6.333643392314874,8.966176455945755
2023,vw,HK0200030994,MELCO INTL.DEV.,HK,0.0003353669710305004,15.13591670198529,10.2369991817228
2023,vw,SG1N31909426,COMFORTDELGRO CORPORATION,SG,0.0003319021683639169,289.18089152930884,423.8935584175793
2023,vw,KYG5427W1309,LEE & MAN PAPER MNFG.,HK,0.0003302859338838779,1450.1864793780635,2749.5648304371985
2023,vw,JP3320800000,SAPPORO HOLDINGS,JP,0.00032958724918677777,32.057990866231926,61.01857319452816
2023,vw,BMG684371393,PACIFIC BASIN SHIP.,HK,0.00032867475013658907,875.5739280320943,1470.106134491661
2023,vw,JP3902000003,MITSUBISHI LOGISTICS,JP,0.00032832288242166393,8.574555479653815,10.433556393097966
2023,vw,JP3870000001,MABUCHI MOTOR,JP,0.00032542881255584417,2.3998380990070456,1.5152926082277958
2023,vw,JP3819400007,FUJI MEDIA HOLDINGS,JP,0.00032428397979914993,0.0,0.0
2023,vw,JP3560800009,TOKAI CARBON,JP,0.00032268121393977796,716.7193266761425,991.3181400784706
2023,vw,JP3549600009,DENKA,JP,0.00031410170257490446,488.6850141402059,835.6202564212512
2023,vw,JP3733400000,NIPPON ELEC.GLASS,JP,0.0003099365316336374,214.76023779455872,294.9580105815507
2023,vw,AU000000DOW2,DOWNER EDI,AU,0.00030605251814879374,42.478056759056734,186.58044854692582
2023,vw,JP3548610009,DENA,JP,0.0003054514809515293,0.012537346827376164,0.007165297911040071
2023,vw,AU000000BWP3,BWP GROUP STAPLED UNITS,AU,0.00030504405517635283,0.0,0.0
2023,vw,AU000000CSR5,CSR DEAD - DEAD.10/07/24,AU,0.00029954380721147023,155.47276228776153,153.3197317910758
2023,vw,JP3215800008,KANEKA,JP,0.0002969191097589903,135.42169219248575,448.5093160658192
2023,vw,JP3421100003,JAPAN PETROLEUM EXP.,JP,0.0002961951713981395,91.9889884517787,123.34310983789192
2023,vw,JP3493400000,DIC,JP,0.0002958399365280476,33.865823334885796,158.2389128220304
2023,vw,NZAIRE0001S2,AIR NEW ZEALAND,NZ,0.00028798267994644154,930.4940729855819,1659.9190898780503
2023,vw,AU000000CQR9,CHARTER HALL RETAIL REIT,AU,0.00028643210499215417,2.6072786529060292,0.22570577136710693
2023,vw,JP3742600004,NHK SPRING,JP,0.00028642873783698745,8.234572719511686,25.274641305817283
2023,vw,JP3156400008,USHIO,JP,0.0002827652730155658,3.0529154115494044,2.3708731505462772
2023,vw,JP3579800008,TOKYO STEEL MNFG.,JP,0.00028181236810337617,134.83732469877714,220.71581764632083
2023,vw,AU000000TAH8,TABCORP HOLDINGS,AU,0.0002808342095274359,6.655072052246752,2.023284254951801
2023,vw,JP3158800007,UBE,JP,0.0002769771332839263,795.6679984912821,2060.577326355331
2023,vw,JP3164800009,NOK,JP,0.00027674648315500404,6.988994305224076,23.725514052804478
2023,vw,AU000000IFL2,INSIGNIA FINANCIAL,AU,0.00027564373983789413,0.0,0.0
2023,vw,JP3535800001,TSUMURA,JP,0.0002744702862622825,39.91169125002206,26.358662315675836
2023,vw,JP3491000000,DAIDO STEEL,JP,0.00027346687402259165,82.10742694116946,225.9407013396375
2023,vw,JP3276400003,GUNMA BANK,JP,0.00027252070342073556,1.169858268336998,0.9538518564279977
2023,vw,JP3459600007,TAKARA HDG.,JP,0.00027233045915381424,25.800627586859257,42.82967661368596
2023,vw,JP3796150005,HIROGIN HOLDINGS,JP,0.00026992294320958956,1.16122710907778,0.8515720995216027
2023,vw,JP3835620000,BENESSE HOLDINGS DEAD - DELIST.17/05/24,JP,0.0002645068741238757,0.022728411978309,0.04646426070905735
2023,vw,JP3721400004,JAPAN STEEL WORKS,JP,0.00026004370995035144,34.20950799997757,39.492680905612495
2023,vw,JP3888400003,MITSUI KINZOKU LIMITED,JP,0.00025408384530520783,154.16726417694866,531.4108892849806
2023,vw,HK0363006039,SHANGHAI INDUSTRIAL HOLDINGS,HK,0.0002539390576330376,107.13040748194744,283.91550257569634
2023,vw,JP3385820000,GS YUASA,JP,0.00023684232727387553,16.857291862192465,46.0917840742689
2023,vw,JP3352400000,CITIZEN WATCH,JP,0.00023245997482435323,8.0193989029556,13.389100126742711
2023,vw,SG1T58930911,FRASER AND NEAVE,SG,0.0002303403506468855,32.46653582519928,36.33346976961759
2023,vw,JP3827200001,FURUKAWA ELECTRIC,JP,0.00022878135780468126,18.7629739820962,112.43064243137832
2023,vw,HK0165000859,CHINA EVERBRIGHT,HK,0.00022756413121190192,0.018635855385762207,0.006288517167651868
2023,vw,JP3352000008,77 BANK,JP,0.00022565495423235586,1.2516186545046653,0.8841106294718465
2023,vw,JP3172100004,OKUMA,JP,0.00022396295876106508,5.073153696500349,6.464804402080765
2023,vw,AU0000033359,HEALIUS,AU,0.00021953346613920831,4.677636829757902,4.746274837611295
2023,vw,JP3718800000,NISSUI,JP,0.00021671684084222377,33.99800445635879,153.60849569621826
2023,vw,NZSKCE0001S2,SKY CITY ENTM.GP.,NZ,0.00021664444700613867,10.639965863194767,4.16611620985227
2023,vw,AU000000IRE2,IRESS,AU,0.00021416117007066215,0.12072397942681166,0.04166470135056523
2023,vw,JP3389900006,JAFCO GROUP,JP,0.00021100951283458617,0.018574814210396258,0.00893612268019851
2023,vw,JP3678000005,NISSHINBO HOLDINGS,JP,0.00021089166240375004,27.192369219133674,87.25571592796014
2023,vw,JP3658850007,NISHI-NIPPON FINL.HDG.,JP,0.00020653288004039496,0.49435053052680383,0.4589362135724475
2023,vw,JP3992400006,WACOAL HDG.,JP,0.00020171279741919542,1.1742809686402778,1.4197242346342605
2023,vw,JP3841800000,HOKUETSU,JP,0.00020145857720410597,315.85096003737647,582.478836045161
2023,vw,JP3350800003,SHIKOKU ELECTRIC POWER,JP,0.00020136934759218715,1276.7048704949402,6763.761621296235
2023,vw,HK0308001558,CTII.INTL.INV.HK.,HK,0.0001984954806573679,67.84302567697246,22.246511904055097
2023,vw,JP3789000001,KANADEVIA,JP,0.00018703705162492504,52.39855718720311,178.22584274719833
2023,vw,JP3274400005,GLORY,JP,0.00018700169649567419,9.417142023260118,16.26753335614095
2023,vw,JP3165600002,NTN,JP,0.00018292575516632592,17.445935736082028,92.95647612122997
2023,vw,JP3625000009,TOKUYAMA,JP,0.00018281295546823984,2451.399084760839,5999.852651354687
2023,vw,JP3834800009,HEIWA REAL ESTATE,JP,0.00017910740120723388,8.368136213117184,2.546411618179255
2023,vw,AU000000ELD6,ELDERS,AU,0.00017593554104015742,24.19413483937441,56.67027109788423
2023,vw,JP3407200009,OSAKA TITANIUM,JP,0.00017202459031397983,168.9998373719304,50.85145530348999
2023,vw,JP3425000001,CENTRAL GLASS,JP,0.00016325315110460174,153.33043915466143,221.0914941011468
2023,vw,BMG8403G1033,SINOFERT HOLDINGS,HK,0.00016286424468284235,490.40352504774256,1728.393479227183
2023,vw,JP3726200003,NIPPON SODA,JP,0.00015587066340150713,36.488344790445254,54.08120281261139
2023,vw,AU000000MND5,MONADELPHOUS GROUP,AU,0.00015461639810189354,7.552839036953406,10.001306648663952
2023,vw,JP3400900001,SUMITOMO OSAKA CEMENT,JP,0.0001525994721570116,5344.381418696244,9079.876434245367
2023,vw,JP3845400005,HOKURIKU ELEC.POWER,JP,0.00014617325652127336,2902.9027200430983,20132.914089584556
2023,vw,AU000000ABC7,ADBRI DEAD - DELIST.02/07/24,AU,0.0001459762779440186,1488.5414666128038,2073.8703203930527
2023,vw,HK0440001847,DAH SING FINANCIAL HDG.,HK,0.00014407215169722273,0.07463823779120575,0.11218229623137599
2023,vw,SG2B80958517,OUE,SG,0.00014162422989099705,5.71718565602048,2.551206000879685
2023,vw,JP3850200001,HOKKAIDO ELEC.POWER,JP,0.0001346575858509958,1821.082858359514,15003.188177487715
2023,vw,JP3528600004,CHIYODA CORPORATION,JP,0.00012732392189781903,27.54078195966495,114.1602866701046
2023,vw,JP3411000007,SURUGA BANK,JP,0.00012632219323571156,0.22435589930552993,0.2025802324341614
2023,vw,JP3619800000,TOYOBO,JP,0.00011874946126569568,228.59050835703783,1009.4422547991039
2023,vw,AU000000ERA9,ENERGY RES.OF AUS.,AU,0.00011479978825510047,3302.8896367645348,166.9560626503197
2023,vw,HK0242001243,SHUN TAK HOLDINGS,HK,0.00011411962291141742,262.1087229534972,172.11731382037058
2023,vw,JP3919800007,MEIDENSHA,JP,0.00011187373041519662,9.789965297609358,30.592927012791574
2023,vw,SG9999003735,XP POWER (DI),SG,0.0001054340461587914,1.4457805756063657,0.8702594810379242
2023,vw,BMG2108M2182,CHINESE ESTATES HDG.,HK,0.00010279082935289434,0.0,0.0
2023,vw,JP3684400009,NITTO BOSEKI,JP,0.00010031428672775133,223.68229186575098,265.171858216971
2023,vw,AU000000SWM4,SEVEN WEST MEDIA DEAD - DELIST.08/01/26,AU,8.846863485113246e-05,2.424168865023797,4.732111593210018
2023,vw,AU000000SIG5,SIGMA HEALTHCARE,AU,8.362329856618233e-05,0.001260890143543176,0.00678477954499698
2023,vw,JP3194000000,OKI ELECTRIC IND.,JP,8.359972848001509e-05,3.012785908952192,17.117770259384567
2023,vw,AU000000SBM8,ST BARBARA,AU,7.227430207665878e-05,299.1707811245933,337.7670106454844
2023,vw,JP3826800009,FURUKAWA,JP,6.958057794326052e-05,2.461388356080849,9.668755595344672
2023,vw,JP3203500008,ONWARD HOLDINGS,JP,6.916305070258378e-05,0.9072527239655994,3.0013875027384924
2023,vw,AU000000GWA4,GWA GROUP,AU,6.883643665140925e-05,1.1639165959252973,0.858463570327977
2023,vw,JP3305800009,KOMORI,JP,6.042359946728979e-05,6.921921070537536,13.605461131234328
2023,vw,SG1S76928401,COSCO SHIPPING INTERNATIONAL,SG,5.618940184510439e-05,121.25835142220845,51.552329588014985
2023,vw,AU000000MAH3,MACMAHON HOLDINGS,AU,4.2530536911191824e-05,0.8187697140760097,4.318739608898741
2023,vw,JP3599000001,TOHO ZINC,JP,3.822899618567148e-05,180.48342485347,880.785660809442
2023,vw,HK0000139300,TELEVISION BROADCASTS,HK,3.685856403280511e-05,1.0127506943988802,2.115105284794226
2023,vw,AU000000SXL4,SOUTHERN CROSS MEDIA GROUP,AU,3.4043622313403926e-05,1.1648633690013674,2.1232876712328768
2023,vw_50,AU000000BWP3,BWP GROUP STAPLED UNITS,AU,0.07576165554785656,0.0,0.0
2023,vw_50,JP3837800006,HOYA,JP,0.030212276707981333,2.3595046564824393,0.34044166806989734
2023,vw_50,JP3898400001,MITSUBISHI,JP,0.025264646259247934,118.32967604422984,395.5276478243548
2023,vw_50,AU000000BHP4,BHP GROUP,AU,0.024570750254292697,130.05612490785322,45.50208220372044
2023,vw_50,JP3539220008,T & D HOLDINGS,JP,0.023899659017413227,0.08196249411724703,0.18151421576125268
2023,vw_50,KYG2108Y1052,CHINA RESOURCES LAND,HK,0.022067323056930557,1.1647821524406692,1.059670539746023
2023,vw_50,JP3735400008,NTT,JP,0.018814045128591313,1.6643665154843688,1.5308171003705129
2023,vw_50,JP3910660004,TOKIO MARINE HOLDINGS,JP,0.01864019300624508,0.2676351257943177,0.31228629936762137
2023,vw_50,JP3633400001,TOYOTA MOTOR,JP,0.01823419103448126,8.55329089274602,9.918284633928042
2023,vw_50,JP3732200005,NIPPON TELEVISION HDG.,JP,0.01697647728593835,0.6913055204746131,1.0341232626308432
2023,vw_50,HK0823032773,LINK REAL ESTATE INVESTMENT TRUST,HK,0.016468273236008444,9.429834706920367,0.8176818250328235
2023,vw_50,JP3756600007,NINTENDO,JP,0.015970838147953945,0.1340907827806957,0.03089573910138811
2023,vw_50,HK2388011192,BOC HONG KONG HOLDINGS,HK,0.014702362439371095,0.038698282975544875,0.015426099552952762
2023,vw_50,JP3435000009,SONY GROUP,JP,0.013216177495900889,2.749543650469882,2.038041190761896
2023,vw_50,AU000000CBA7,COMMONWEALTH BK.OF AUS.,AU,0.013123616140794405,0.30295864785305365,0.059949187157092694
2023,vw_50,AU000000WES1,WESFARMERS,AU,0.013096728040351786,28.59363574837614,20.97707171119606
2023,vw_50,JP3358000002,SHIMANO,JP,0.012301447617677165,2.114230510738968,0.6192302195827669
2023,vw_50,JP3397200001,SUZUKI MOTOR,JP,0.01153997931395743,12.236754987388132,22.760366398545937
2023,vw_50,JP3854600008,HONDA MOTOR,JP,0.01142126152573169,8.534000302776935,24.143674800205552
2023,vw_50,JP3475350009,DAIICHI SANKYO,JP,0.010913296744371378,9.340830963172325,1.403853668585024
2023,vw_50,AU000000ANZ3,ANZ GROUP HOLDINGS,AU,0.010506375668098459,0.3012399102894397,0.115206450518131
2023,vw_50,JP3201200007,OLYMPUS,JP,0.010070160202571784,4.399265709567274,1.1640321898046309
2023,vw_50,JP3571400005,TOKYO ELECTRON,JP,0.009871346747836376,1.2749408123215842,0.3784228779335084
2023,vw_50,JP3893200000,MITSUI FUDOSAN,JP,0.009801607496450157,10.394944262649682,10.255220495646576
2023,vw_50,HK0019000162,SWIRE PACIFIC 'A',HK,0.009430064983270712,9.462171871233949,14.684503443516057
2023,vw_50,JP3162600005,SMC,JP,0.009311032713216198,10.05845173235915,1.8128652305630975
2023,vw_50,JP3955000009,YOKOGAWA ELECTRIC,JP,0.009229018543441683,4.632167104751087,3.2722401769008336
2023,vw_50,JP3814000000,FUJIFILM HOLDINGS,JP,0.009224062804417165,28.61876620450384,22.574324587220215
2023,vw_50,AU000000BEN6,BENDIGO & ADELAIDE BANK,AU,0.009175603675965585,0.7488546295378437,0.3440781428691661
2023,vw_50,JP3899600005,MITSUBISHI ESTATE,JP,0.009166261345649802,10.526591847347836,6.499755341706083
2023,vw_50,SG9999000020,FLEX,SG,0.008956020566860946,2.778568225586611,7.923182716566631
2023,vw_50,JP3866800000,PANASONIC HOLDINGS,JP,0.008557148546818346,6.361637914472136,17.84099007820225
2023,vw_50,JP3194000000,OKI ELECTRIC IND.,JP,0.00843734665597291,3.012785908952192,17.117770259384567
2023,vw_50,JP3902900004,MITSUBISHI UFJ FINL.GP.,JP,0.008428508329199936,0.49736336230639233,0.33127522558262823
2023,vw_50,JP3452000007,TAIYO YUDEN,JP,0.008324184247289843,16.137169010334322,9.390448125599479
2023,vw_50,SG1L01001701,DBS GROUP HOLDINGS,SG,0.008134597417027059,0.03446887753521704,0.008388472163748743
2023,vw_50,JP3726200003,NIPPON SODA,JP,0.00770140421136992,36.488344790445254,54.08120281261139
2023,vw_50,JP3198900007,ORIENTAL LAND,JP,0.007372994542421808,22.024606980823126,1.2367924015555969
2023,vw_50,JP3551500006,DENSO,JP,0.007149873792810581,11.831625022273139,13.207687620919764
2023,vw_50,SG1V61937297,SINGAPORE AIRLINES,SG,0.00708531418648148,1263.2430647324663,939.9422437925348
2023,vw_50,JP3519400000,CHUGAI PHARM.,JP,0.006808912650008725,4.89053042246006,1.1134092372296431
2023,vw_50,JP3496400007,KDDI,JP,0.006806791433571859,2.020724688487329,1.2264991423956304
2023,vw_50,JP3242800005,CANON,JP,0.006786553969162869,5.147980185567935,5.46164240212385
2023,vw_50,HK0000139300,TELEVISION BROADCASTS,HK,0.0067131227228623275,1.0127506943988802,2.115105284794226
2023,vw_50,AU000000WOW2,WOOLWORTHS GROUP,AU,0.006612867900729555,10.934655879067723,15.400442652956508
2023,vw_50,AU000000NAB4,NATIONAL AUS.BANK,AU,0.006454991427049931,0.41838734664367355,0.10783455706849128
2023,vw_50,HK0014000126,HYSAN DEVELOPMENT,HK,0.0064158398908749584,3.9755663595462325,0.5006993805486569
2023,vw_50,JP3436100006,SOFTBANK GROUP,JP,0.0063680091013013015,0.2980497141485127,0.17842171736829912
2023,vw_50,JP3528600004,CHIYODA CORPORATION,JP,0.006254917198711088,27.54078195966495,114.1602866701046
2023,vw_50,JP3634600005,TOYOTA INDS.,JP,0.006112229453985882,14.238956916910125,17.840386191747598
2023,vw_50,JP3830000000,BROTHER INDUSTRIES,JP,0.005916577796481547,3.096735128228607,4.792559069090763
2023,vw_50,JP3352000008,77 BANK,JP,0.005816543503912872,1.2516186545046653,0.8841106294718465
2023,vw_50,JP3143600009,ITOCHU,JP,0.005783711462332214,10.892717929397831,23.151949261093428
2023,vw_50,JP3862400003,MAKITA,JP,0.00577060663749262,3.5560224324682244,2.840201034368808
2023,vw_50,JP3362700001,MITSUI OSK LINES,JP,0.005731618165216954,872.0409134994648,1179.5614451496845
2023,vw_50,BMG5320C1082,KUNLUN ENERGY,HK,0.005716967625352807,14.668807351437023,54.26095665236986
2023,vw_50,HK0000745908,YUEXIU PROPERTY COMPANY,HK,0.005673476995972344,0.18000163415940992,0.4353376986827341
2023,vw_50,JP3546800008,TERUMO,JP,0.005229036106113744,10.806362087159325,3.065919926653158
2023,vw_50,HK0066009694,MTR,HK,0.00518826732032644,8.261252811788236,1.5091569384183907
2023,vw_50,JP3188220002,OTSUKA HOLDINGS,JP,0.005121300509873899,24.180027432827657,18.307551699372873
2023,vw_50,JP3134800006,IHI,JP,0.004946176952774494,6.0565943610977255,13.322077905189996
2023,vw_50,JP3783420007,HIKARI TSUSHIN,JP,0.00491100055129081,0.20124322231381586,0.15107566793966157
2023,vw_50,JP3756100008,NITORI HOLDINGS,JP,0.004865110601163581,5.062038727910633,2.0816282982264167
2023,vw_50,JP3292200007,JTEKT,JP,0.004813014658337861,8.41351753978358,42.899681362516354
2023,vw_50,JP3582600007,TOKYO TATEMONO,JP,0.004504247857351411,5.303988705175131,5.651997122392168
2023,vw_50,AU000000QBE9,QBE INSURANCE GROUP,AU,0.0044605164114308125,0.4183117797547887,0.5624885089170804
2023,vw_50,JP3625000009,TOKUYAMA,JP,0.004451457778130048,2451.399084760839,5999.852651354687
2023,vw_50,AU000000APA1,APA GROUP,AU,0.004403137004519771,687.6116658956403,154.21212331263513
2023,vw_50,HK0388045442,HONG KONG EXCHANGES AND CLEARING,HK,0.004337169466320548,0.1320814337072736,0.005055204411929651
2023,vw_50,AU000000TLS2,TELSTRA GROUP,AU,0.004316434262821132,1.959440886821348,0.9088368998780353
2023,vw_50,SG9999003735,XP POWER (DI),SG,0.004256837682356581,1.4457805756063657,0.8702594810379242
2023,vw_50,JP3122400009,ADVANTEST,JP,0.004246487457016268,0.8363579592671855,0.23312606511582648
2023,vw_50,JP3766550002,HAKUHODO DY HDG.,JP,0.004236231008074622,0.02127704561838475,0.03785674062927367
2023,vw_50,JP3320800000,SAPPORO HOLDINGS,JP,0.004075799045933407,32.057990866231926,61.01857319452816
2023,vw_50,JP3820000002,FUJI ELECTRIC,JP,0.00404051909087191,18.23143796180638,22.905834492602057
2023,vw_50,SG1S04926220,OVERSEA-CHINESE BKG.,SG,0.003999607954431673,0.006806763929251455,0.0031948587073736662
2023,vw_50,JP3351100007,SYSMEX,JP,0.003935871704657111,4.449044979062195,0.9866214247671183
2023,vw_50,AU000000TCL6,TRANSURBAN GROUP STAPLED UNITS,AU,0.0039341306723081,2.0151707689664384,0.19282362742164894
2023,vw_50,AU000000GMG2,GOODMAN GROUP,AU,0.003911147001641598,2.3676823562914446,0.12818776203329577
2023,vw_50,JP3931600005,YAKULT HONSHA,JP,0.0038318205900912286,71.0486496842322,21.31481785803059
2023,vw_50,JP3885400006,MISUMI GROUP,JP,0.0037293679039488597,2.2064028595695127,0.8667670949478821
2023,vw_50,JP3266400005,KUBOTA,JP,0.0036075027071856523,13.612274398719716,16.046267491279078
2023,vw_50,AU000000AMP6,AMP,AU,0.0034506342303344535,0.01676362665540813,0.009389573400381842
2023,vw_50,AU000000IGO4,IGO,AU,0.003443484135630176,139.20481100563748,13.450650412623247
2023,vw_50,HK0004000045,WHARF HOLDINGS,HK,0.003436917954907154,7.230194026559046,2.1454455979975497
2023,vw_50,JP3967200001,RAKUTEN GROUP,JP,0.0031879813625157525,0.19919799994818588,0.3619282024474623
2023,vw_50,JP3300600008,KONICA MINOLTA,JP,0.0031372396718276595,18.154171261997966,72.83895981451371
2023,vw_50,JP3672400003,NISSAN MOTOR,JP,0.003078741424398035,7.6877370015972755,38.779345523968615
2023,vw_50,JP3830800003,BRIDGESTONE,JP,0.003036298119979777,49.326018962524856,59.031689798579634
2023,vw_50,SG1R89002252,CITY DEVELOPMENTS,SG,0.002949080812595743,0.034958756612369364,0.015255159884476835
2023,vw_50,JP3223800008,KAWASAKI KISEN KAISHA,JP,0.0029483542133759573,918.7844906162312,1078.9286073550552
2023,vw_50,AU000000SHL7,SONIC HEALTHCARE,AU,0.0028352920922964375,5.279191477929981,3.029678790477433
2023,vw_50,JP3336000009,SANTEN PHARM.,JP,0.0028041829845744156,8.052186224623117,5.5715727496572836
2023,vw_50,JP3973400009,RICOH,JP,0.0026873358948852288,7.254221584099298,24.05419709960834
2023,vw_50,JP3802400006,FANUC,JP,0.002629392281448882,8.984556588021656,1.6099126720703287
2023,vw_50,AU000000BOQ8,BANK OF QLND.,AU,0.0026118596281332254,0.22736921284094697,0.1220870459218643
2023,vw_50,HK0291001490,CHINA RESOURCES BEER HOLDINGS,HK,0.0026051151278337955,33.77885724901672,7.197029788132605
2023,vw_50,JP3802300008,FAST RETAILING,JP,0.0025873434812350273,0.5134459118198815,0.14468872925057202
2023,vw_50,JP3165700000,NTT DATA GROUP DEAD - DELIST.26/09/25,JP,0.002546156750542659,2.099368570972761,2.3486341589365005
2023,vw_50,JP3659000008,WEST JAPAN RAILWAY,JP,0.0025407741907780513,14.550972528503673,14.310993230671787
2023,vw_50,BMG8063F1068,SHANGRI-LA ASIA,HK,0.00253248704661752,102.70722552178694,45.821674262882
2023,vw_50,JP3511800009,CHIBA BANK,JP,0.002525098194494776,1.188572917813243,0.4024561860925315
2023,vw_50,JP3404200002,SUMITOMO RUBBER INDS.,JP,0.002516671798910544,44.0579756213314,158.7742794090396
2023,vw_50,AU000000JBH7,JB HI-FI,AU,0.002460002629547311,0.04806063815354721,0.0880494740443
2023,vw_50,JP3200450009,ORIX,JP,0.0024041785053558803,47.60769073168233,44.5329237805293
2023,vw_50,JP3385820000,GS YUASA,JP,0.002377370833597323,16.857291862192465,46.0917840742689
2023,vw_50,JP3486800000,DAITO TST.CONSTRUCTION,JP,0.002366183877080808,2.672692249810934,4.944689827358329
2023,vw_50,JP3322930003,SUMCO,JP,0.0023572171901981263,25.033766475711424,15.933656700102642
2023,vw_50,HK0011000095,HANG SENG BANK DEAD - DELIST.28/01/26,HK,0.0023470440749168695,0.022632029336441768,0.004474205412337929
2023,vw_50,JP3827200001,FURUKAWA ELECTRIC,JP,0.00231852403011702,18.7629739820962,112.43064243137832
2023,vw_50,JP3906000009,MINEBEA MITSUMI,JP,0.0022850863990610372,11.268006325796724,14.493196840217157
2023,vw_50,BMG8403G1033,SINOFERT HOLDINGS,HK,0.0022221566341729007,490.40352504774256,1728.393479227183
2023,vw_50,JP3463000004,TAKEDA PHARMACEUTICAL,JP,0.0021745488815227494,9.016203321699502,5.544421121402206
2023,vw_50,HK0270001396,GUANGDONG INVESTMENT,HK,0.0021345625895446657,1002.4488145504313,405.0907997939753
2023,vw_50,JP3351600006,SHISEIDO,JP,0.0021191904470421975,2.5387772512566675,1.0396628546516353
2023,vw_50,AU000000SUN6,SUNCORP GROUP,AU,0.0020249319283093177,0.14822497522899572,0.16381105376367427
2023,vw_50,JP3769000005,HACHIJUNI NAGANO BANK,JP,0.002014509103215773,1.6501444136472978,1.1412316090933947
2023,vw_50,JP3789000001,KANADEVIA,JP,0.0019444709209840152,52.39855718720311,178.22584274719833
2023,vw_50,SG1U68934629,KEPPEL,SG,0.0019122242805419364,0.6109125464163091,0.2903705206753956
2023,vw_50,AU000000MQG1,MACQUARIE GROUP,AU,0.0019062338045577921,0.02947332319757232,0.007365370591012641
2023,vw_50,SGXE21576413,GENTING SINGAPORE,SG,0.001897866788062176,1.3384180581032683,0.19189809504446273
2023,vw_50,AU000000ASX7,ASX,AU,0.001897795052521728,0.06762385986172273,0.005268442974900084
2023,vw_50,AU000000MTS0,METCASH,AU,0.0018653299109633887,1.1817227829361552,4.612160060263233
2023,vw_50,NZTELE0001S4,SPARK NEW ZEALAND,NZ,0.0017612374008645273,0.9538859522058524,0.41680655627120583
2023,vw_50,KYG210961051,CHINA MENGNIU DAIRY,HK,0.0017501800910168079,19.702631620173484,13.590500722497959
2023,vw_50,SG1T58930911,FRASER AND NEAVE,SG,0.0017447427358745803,32.46653582519928,36.33346976961759
2023,vw_50,JP3116000005,ASAHI GROUP HOLDINGS,JP,0.0017437990357312499,24.338267559165256,28.07911704154648
2023,vw_50,HK0688002218,CHINA OVERSEAS LAND INVESTMENT,HK,0.0016867996041091877,0.3882214306386254,0.35829941759078865
2023,vw_50,JP3942800008,YAMAHA MOTOR,JP,0.00161599688918755,8.277684895553465,16.659636993015916
2023,vw_50,JP3209000003,CASIO COMPUTER,JP,0.001582623910363205,1.6759920379484845,1.3082464982529916
2023,vw_50,NZCENE0001S6,CONTACT ENERGY,NZ,0.0015775600827095562,360.78704068455,132.4
2023,vw_50,JP3788600009,HITACHI,JP,0.0015465369588566072,5.705547477030776,9.571297670678211
2023,vw_50,JP3574200006,TOKYU,JP,0.0015292041457668163,20.494120623817174,18.110948860697878
2023,vw_50,JP3762800005,NOMURA RESEARCH INST.,JP,0.0015130667607585902,0.18888673558010327,0.06677836461120634
2023,vw_50,AU000000WOR2,WORLEY,AU,0.0015055903055015583,3.0151186587028507,3.9362557103378264
2023,vw_50,JP3294460005,INPEX,JP,0.0014987395944902717,365.744528717021,434.8568426582611
2023,vw_50,AU000000MGR9,MIRVAC GROUP STAPLED UNITS,AU,0.0014900580497780082,7.557005097369406,1.4682993977106602
2023,vw_50,AU000000IRE2,IRESS,AU,0.0014751778270851556,0.12072397942681166,0.04166470135056523
2023,vw_50,JP3203500008,ONWARD HOLDINGS,JP,0.0014592495425173138,0.9072527239655994,3.0013875027384924
2023,vw_50,JP3359600008,SHARP,JP,0.0014478881103324884,16.545289556063388,60.27848294902006
2023,vw_50,HK0101000591,HANG LUNG PROPERTIES,HK,0.0014207369502857523,3.057501337751577,0.4507297822441069
2023,vw_50,JP3783600004,EAST JAPAN RAILWAY,JP,0.0014016369187291162,87.78130443018384,74.63360790644873
2023,vw_50,JP3499800005,MITSUBISHI HC CAPITAL,JP,0.0013488678291192924,0.22094668118267785,0.427128158400564
2023,vw_50,AU000000SBM8,ST BARBARA,AU,0.0013369417657272628,299.1707811245933,337.7670106454844
2023,vw_50,JP3197600004,ONO PHARM.,JP,0.0013215145462690794,2.4544504874478803,0.7134523174584393
2023,vw_50,JP3877600001,MARUBENI,JP,0.0013037743214604945,13.28827413084901,47.40575718937674
2023,vw_50,JP3826800009,FURUKAWA,JP,0.001279075420385688,2.461388356080849,9.668755595344672
2023,vw_50,JP3404600003,SUMITOMO,JP,0.0012761613129359452,29.635783781433304,69.40570907379717
2023,vw_50,JP3621000003,TORAY INDS.,JP,0.0012392487379096586,145.2791585187097,285.27489150021574
2023,vw_50,US89677Q1076,TRIP COM GROUP ADR 1:1,SG,0.0012049056968288288,0.008407385585571043,0.0010617649931834686
2023,vw_50,JP3271400008,CREDIT SAISON,JP,0.001162207375719725,0.11777776094145068,0.14170409533122297
2023,vw_50,JP3305800009,KOMORI,JP,0.001159055987511404,6.921921070537536,13.605461131234328
2023,vw_50,AU000000IAG3,INSURANCE AUS.GROUP,AU,0.0011205064718947267,0.8564682949678637,0.6681329033746838
2023,vw_50,JP3368000000,RESONAC HOLDINGS,JP,0.001087894083608654,303.51140196083855,1045.7267197153792
2023,vw_50,JP3753000003,NIPPON YUSEN KK,JP,0.0010572512278296466,544.2874654496082,894.9749598833317
2023,vw_50,AU000000SGM7,SIMS,AU,0.0010541276165863204,12.96677403367702,38.49060168130726
2023,vw_50,JP3494600004,SCREEN HOLDINGS,JP,0.0010536024800600452,2.7627389521414325,2.382513342754605
2023,vw_50,JP3982100004,LAWSON DEAD - DELIST.24/07/24,JP,0.0010129644001315578,0.6045313419977202,1.0793064326663386
2023,vw_50,JP3419400001,SEKISUI CHEMICAL,JP,0.0010067417505992935,19.49604292882693,29.08998137930069
2023,vw_50,AU000000WBC1,WESTPAC BANKING,AU,0.0009922479899178661,0.34571397684343586,0.11195224645265507
2023,vw_50,JP3780100008,PARK24,JP,0.0009914201762425711,85.96995694532252,69.71894674597377
2023,vw_50,JP3148800000,IBIDEN,JP,0.000941782522024398,54.292230229729746,30.730713872747064
2023,vw_50,JP3919800007,MEIDENSHA,JP,0.0009410217690192626,9.789965297609358,30.592927012791574
2023,vw_50,JP3893600001,MITSUI,JP,0.0009077868417250275,27.171067249693053,63.74624329773779
2023,vw_50,JP3834800009,HEIWA REAL ESTATE,JP,0.0008738949967917512,8.368136213117184,2.546411618179255
2023,vw_50,JP3421100003,JAPAN PETROLEUM EXP.,JP,0.0008733326442688608,91.9889884517787,123.34310983789192
2023,vw_50,JP3131400008,AEON FINANCIAL SERVICE,JP,0.0008641509225393798,0.7881336468498584,1.278358849982315
2023,vw_50,JP3293200006,COCA-COLA BOTTLERS JAPAN HOLDINGS,JP,0.0008537976858264525,30.6576571949329,90.3677142656261
2023,vw_50,JP3944130008,USS,JP,0.0008408679701570048,5.902769509203915,0.9207154000445731
2023,vw_50,AU000000ELD6,ELDERS,AU,0.0008136849749563618,24.19413483937441,56.67027109788423
2023,vw_50,JP3670800006,NISSAN CHEMICAL,JP,0.0007994953685158951,130.98427499739935,34.95477893101701
2023,vw_50,HK0023000190,BANK OF EAST ASIA,HK,0.0007801156460861806,0.8624810464907097,0.9530444055498244
2023,vw_50,HK0012000102,HENDERSON LD.DEV.,HK,0.0007669146131836675,5.964851756522081,1.0780908571970635
2023,vw_50,JP3626800001,LIXIL,JP,0.0007571013224520887,39.26585363183953,94.85396267118831
2023,vw_50,JP3388200002,AEON,JP,0.0007479315431125347,2.871580272912132,11.200835437437204
2023,vw_50,SG1M31001969,UNITED OVERSEAS BANK,SG,0.0007415136942812993,0.37980140184697425,0.12571632112138958
2023,vw_50,AU000000FLT9,FLIGHT CENTRE TRAVEL GP.,AU,0.0007411681902677995,18.744172053448402,9.025607369672136
2023,vw_50,JP3894900004,ISETAN MITSUKOSHI HDG.,JP,0.0007354767259791948,4.826244298487668,4.1399925620472615
2023,vw_50,JP3868400007,MAZDA MOTOR,JP,0.0007270082868002936,3.9703725878449325,22.25175995667799
2023,vw_50,JP3933800009,LY,JP,0.0007188049425373273,0.2844240689538803,0.16379861844895377
2023,vw_50,JP3835620000,BENESSE HOLDINGS DEAD - DELIST.17/05/24,JP,0.0007014118178116306,0.022728411978309,0.04646426070905735
2023,vw_50,JP3635000007,TOYOTA TSUSHO,JP,0.0006836443431581166,6.298085691367878,31.568418200248225
2023,vw_50,JP3156400008,USHIO,JP,0.0006693606957398504,3.0529154115494044,2.3708731505462772
2023,vw_50,AU000000GPT8,GPT GROUP STAPLED UNITS,AU,0.0006653374020265449,13.024619559949599,1.1967981474677978
2023,vw_50,JP3419050004,SEGA SAMMY HDG.,JP,0.0006527769571691843,2.3863905086544506,1.7289064275099828
2023,vw_50,JP3914400001,MURATA MANUFACTURING,JP,0.0006478420959821076,19.125998382549092,6.6964234757329475
2023,vw_50,HK0293001514,CATHAY PACIFIC AIRWAYS,HK,0.000630179415550179,1778.5036808386792,1805.4409374385789
2023,vw_50,JP3352400000,CITIZEN WATCH,JP,0.0006285685452546825,8.0193989029556,13.389100126742711
2023,vw_50,JP3902400005,MITSUBISHI ELECTRIC,JP,0.000596500697907433,7.1848107395381176,11.121110115753583
2023,vw_50,JP3420600003,SEKISUI HOUSE,JP,0.0005575659602826021,2.4322775767794056,4.286069636368131
2023,vw_50,AU000000SEK6,SEEK,AU,0.0005562935678804807,0.10102946731065299,0.013763613073555564
2023,vw_50,AU000000MAH3,MACMAHON HOLDINGS,AU,0.0005510064407520744,0.8187697140760097,4.318739608898741
2023,vw_50,JP3619800000,TOYOBO,JP,0.0005414022687005959,228.59050835703783,1009.4422547991039
2023,vw_50,HK0200030994,MELCO INTL.DEV.,HK,0.0005363782688991778,15.13591670198529,10.2369991817228
2023,vw_50,AU000000TAH8,TABCORP HOLDINGS,AU,0.0005270761622777399,6.655072052246752,2.023284254951801
2023,vw_50,HK0010000088,HANG LUNG GROUP,HK,0.0005121763268773896,2.891507540569987,1.538678658748231
2023,vw_50,JP3164800009,NOK,JP,0.0005065083838880722,6.988994305224076,23.725514052804478
2023,vw_50,KYG9431R1039,WANT WANT CHINA HOLDINGS,SG,0.0005055973394197963,54.92086239310012,24.67818351251339
2023,vw_50,JP3210200006,KAJIMA,JP,0.0005024628696594641,15.897508598175719,46.46639808769215
2023,vw_50,JP3190000004,OBAYASHI,JP,0.00047911785352031696,18.327684160275084,52.164025862053116
2023,vw_50,BMG524401079,KERRY PROPERTIES,HK,0.0004754909784672153,2.6159971964164006,1.2766738802544428
2023,vw_50,JP3573000001,TOKYO GAS,JP,0.00047534167050057764,184.86619057802574,469.02052204951514
2023,vw_50,BMG4600H1198,HOPSON DEVELOPMENT HOLDINGS,HK,0.00046479982761745304,0.8636003530372919,0.876079042706299
2023,vw_50,SG1F60858221,SINGAPORE TECHS.ENGR.,SG,0.00046197282007461157,6.5162682982244045,5.014676285930156
2023,vw_50,AU000000PPT9,PERPETUAL,AU,0.000439445894583339,0.07886825882728402,0.020830002954953908
2023,vw_50,JP3676800000,NISSHIN SEIFUN,JP,0.00043537298408727874,13.760793311392328,22.03526172846717
2023,vw_50,AU000000CSR5,CSR DEAD - DEAD.10/07/24,AU,0.0004341199162790877,155.47276228776153,153.3197317910758
2023,vw_50,JP3108600002,ACOM,JP,0.00043375829676938914,0.5688008219720176,0.3103957871512275
2023,vw_50,AU000000SIG5,SIGMA HEALTHCARE,AU,0.00043236022151872113,0.001260890143543176,0.00678477954499698
2023,vw_50,JP3456000003,TAKASHIMAYA,JP,0.0004187992224112153,4.720098849443309,8.092805085744713
2023,vw_50,JP3675600005,NISSIN FOODS HOLDINGS,JP,0.000410923497895431,58.79528851106294,36.40164791243928
2023,vw_50,JP3197800000,OMRON,JP,0.00041031481752068646,0.6367198486018305,0.34588150929209804
2023,vw_50,JP3351500008,SHIZUOKA FINANCIAL GROUP,JP,0.0004052111214791761,0.5418656845255222,0.2388800038967681
2023,vw_50,JP3389900006,JAFCO GROUP,JP,0.0003976801948958151,0.018574814210396258,0.00893612268019851
2023,vw_50,JP3939000000,YAMADA HOLDINGS,JP,0.00039691461093126413,4.242673902800501,15.137623850040415
2023,vw_50,JP3771800004,HAMAMATSU PHOTONICS,JP,0.0003874367351587657,4.21989874610414,0.8014468757622457
2023,vw_50,MU0117U00026,GOLDEN AGRI-RESOURCES,SG,0.0003357672517469131,603.6702276988625,2905.6268959150148
2023,vw_50,JP3613000003,TOYO SUISAN KAISHA,JP,0.00033387864859330284,56.0850947957693,40.111672299260704
2023,vw_50,SG0531000230,VENTURE CORPORATION,SG,0.00032571836373674647,0.9003929695529018,0.6402816372331358
2023,vw_50,JP3166000004,EBARA,JP,0.00032137356433273285,16.217443482209465,22.163006334496462
2023,vw_50,JP3890350006,SUMITOMO MITSUI FINL.GP.,JP,0.0003100536105440489,0.3537550495234726,0.2510394746680624
2023,vw_50,JP3305530002,COMSYS HOLDINGS,JP,0.00030803996260670514,19.36002666152243,31.884366032522053
2023,vw_50,JP3560800009,TOKAI CARBON,JP,0.0003062701500189357,716.7193266761425,991.3181400784706
2023,vw_50,NZAIAE0002S6,AUCKLAND INTL.AIRPORT,NZ,0.0002906012963114142,6.850271683105102,0.24722145882262578
2023,vw_50,JP3215800008,KANEKA,JP,0.0002835638236513678,135.42169219248575,448.5093160658192
2023,vw_50,HK0016000132,SUN HUNG KAI PROPERTIES,HK,0.00028289465279523156,2.4339193313741365,0.4920149964610517
2023,vw_50,AU000000CSL8,CSL,AU,0.00027346552511361017,11.145770328770501,1.2937379251126988
2023,vw_50,JP3407200009,OSAKA TITANIUM,JP,0.000272547550981982,168.9998373719304,50.85145530348999
2023,vw_50,AU000000ORG5,ORIGIN ENERGY (EX BORAL),AU,0.0002712869855866628,1153.1415822012218,1525.9262561861874
2023,vw_50,JP3131430005,AEON MALL DEAD - DELIST.27/06/25,JP,0.0002663477131113147,4.8532629050511895,4.457980886792924
2023,vw_50,JP3174410005,OJI HOLDINGS,JP,0.00025679166992622314,488.6779676342297,1508.2874490873432
2023,vw_50,HK0392044647,BEIJING ENTERPRISES HOLDINGS,HK,0.00025656959351836055,60.12649316871463,161.0100706721821
2023,vw_50,JP3411000007,SURUGA BANK,JP,0.0002524668013010606,0.22435589930552993,0.2025802324341614
2023,vw_50,JP3263000006,KINDEN,JP,0.0002369638209497583,3.2669726586299843,6.5676944660409236
2023,vw_50,JP3269600007,KURARAY,JP,0.00023476420600119,296.72341303899094,602.9103877872706
2023,vw_50,JP3869010003,MATSUKIYOKARA,JP,0.00022466107328527392,0.325927811034816,0.3351219663496378
2023,vw_50,JP3219000001,KAMIGUMI,JP,0.0002208837994730306,14.680295230938855,13.069380592940234
2023,vw_50,JP3402600005,SUMITOMO METAL MINING,JP,0.0002178077899793387,178.6418040913064,166.67670402543325
2023,vw_50,JP3768600003,HASEKO,JP,0.00019599979315841897,4.471751499974002,10.034392658244053
2023,vw_50,JP3551520004,DENTSU GROUP,JP,0.0001927778811914432,0.46459825308579533,0.5288214132138385
2023,vw_50,JP3027670003,NIPPON BUILDING FUND,JP,0.00019083594979261563,5.613732887397854,0.5806548837556662
2023,vw_50,AU000000STO6,SANTOS,AU,0.0001894368739468885,671.8520615963743,337.1511099014538
2023,vw_50,JP3502200003,DAIWA SECURITIES GROUP,JP,0.0001858122645342617,0.14678647705115752,0.11359118532401886
2023,vw_50,JP3300200007,KONAMI GROUP,JP,0.00018499817337213159,15.207298777626296,5.2877073744282415
2023,vw_50,JP3415400005,SEINO HDG.,JP,0.0001807396811594995,77.53194892105311,185.43372083339457
2023,vw_50,JP3256000005,KYOWA KIRIN,JP,0.00017703134302191065,5.4081946073402545,1.3891912969400537
2023,vw_50,AU000000CPU5,COMPUTERSHARE,AU,0.00017648512662212477,0.8831534465732308,0.26609791596950355
2023,vw_50,JP3375800004,SHINKO ELEC.INDS. DEAD - DELIST.06/06/25,JP,0.00017472271516821446,18.660699978140748,10.72179925079803
2023,vw_50,JP3597800006,TOBU RAILWAY,JP,0.00017370898348277475,28.212977140742378,25.98900521868386
2023,vw_50,AU000000ALL7,ARISTOCRAT LEISURE,AU,0.00015295518615854678,1.1601203454401008,0.2775376358312325
2023,vw_50,JP3942600002,YAMAHA,JP,0.00015072153544061116,6.360668402165403,3.052854627225635
2023,vw_50,JP3720800006,NSK,JP,0.0001470677147271348,14.731681016976129,35.50028864720676
2023,vw_50,JP3657400002,NIKON,JP,0.00014647377687032238,7.55254462674182,9.3253461229123
2023,vw_50,AU000000CWY3,CLEANAWAY WASTE MANAGEMENT,AU,0.00013472621216065002,466.3616587327558,257.70088955708655
2023,vw_50,JP3566800003,CENTRAL JAPAN RAILWAY,JP,0.00013398936512362114,7.18987123345684,2.8670338354411418
2023,vw_50,JP3274400005,GLORY,JP,0.00013143465850475007,9.417142023260118,16.26753335614095
2023,vw_50,JP3173400007,OBIC,JP,0.0001285443216406617,0.2862219103531873,0.013481266940889304
2023,vw_50,IE00BKVD2N49,SEAGATE TECHNOLOGY HOLDINGS,SG,0.00012688896278184906,29.931565440547477,18.732228574411288
2023,vw_50,AU000000SXL4,SOUTHERN CROSS MEDIA GROUP,AU,0.00012465426435518477,1.1648633690013674,2.1232876712328768
2023,vw_50,JP3596200000,TOTO,JP,0.00012444757549187865,31.15825239297233,26.323830117282064
2023,vw_50,AU000000ORI1,ORICA,AU,0.00012417667393663717,286.80443725736416,306.539726149365
2023,vw_50,JP3102000001,AISIN,JP,0.00012010738616056568,16.06784566511412,61.69917288804073
2023,vw_50,JP3613400005,TOYO SEIKAN GROUP HDG.,JP,0.00011796028523263705,56.57442030489395,149.66892003678237
2023,vw_50,JP3787000003,HITACHI CON.MCH.,JP,0.00010957735678057848,9.869462464915426,19.07469067291487
2023,vw_50,JP3381000003,NIPPON STEEL,JP,0.00010701383821739792,1039.9250659550285,3165.6263199887358
2023,vw_50,JP3304200003,KOMATSU,JP,0.00010608309777562506,4.939934640033523,5.510047442369424
2023,vw_50,JP3678000005,NISSHINBO HOLDINGS,JP,0.00010253561470509795,27.192369219133674,87.25571592796014
2023,vw_50,JP3774200004,HANKYU HANSHIN HDG.,JP,0.00010058182981518199,14.051629104129205,13.55343452958674
2023,vw_50,JP3119600009,AJINOMOTO,JP,9.889461691944891e-05,94.58505467163413,59.19890767321872
2023,vw_50,JP3126400005,ALPS ALPINE,JP,9.723786279934731e-05,2.365738686739943,7.033864892751387
2023,vw_50,JP3733000008,NEC,JP,9.70910276610225e-05,0.8268965246067332,2.0017613480651995
2023,vw_50,JP3429800000,ANA HOLDINGS,JP,9.0071299602672e-05,779.4023798519235,875.6770723140379
2023,vw_50,JP3160400002,EISAI,JP,8.558877688865259e-05,8.275238108841494,2.5920067742345565
2023,vw_50,JP3598600009,TOHO,JP,8.158981757661517e-05,3.2397233357334065,0.8749413597586049
2023,vw_50,JP3900000005,MITSUBISHI HEAVY INDS.,JP,8.018157486054915e-05,4.235566896157101,10.369879209830343
2023,vw_50,SG1M77906915,CAPITALAND ASCENDAS REIT,SG,7.526510733676653e-05,0.49037766818164674,0.05366839915739555
2023,vw_50,JP3371200001,SHIN-ETSU CHEMICAL,JP,7.068753935112619e-05,104.71283274880324,37.217669345366716
2023,vw_50,JP3357200009,SHIMADZU,JP,7.050242113516744e-05,0.6478290220728972,0.25356045675705974
2023,vw_50,JP3122800000,AMADA,JP,6.925650554838174e-05,2.619308031711379,2.26155174355317
2023,vw_50,JP3658850007,NISHI-NIPPON FINL.HDG.,JP,6.905768055515619e-05,0.49435053052680383,0.4589362135724475
2023,vw_50,JP3942400007,ASTELLAS PHARMA,JP,6.884481583243672e-05,5.163923143935558,2.1736217704502874
2023,vw_50,JP3436120004,SBI HDG.,JP,6.762131550578253e-05,0.2064365006477955,0.2576692236541043
2023,vw_50,JP3726800000,JAPAN TOBACCO,JP,6.593783865999162e-05,16.278992811406408,8.22875787786462
2023,vw_50,JP3977400005,RINNAI,JP,6.395386304357801e-05,11.616397062910911,9.449945785949568
2023,vw_50,JP3902000003,MITSUBISHI LOGISTICS,JP,6.338877566639912e-05,8.574555479653815,10.433556393097966
2023,vw_50,JP3667600005,JGC HOLDINGS,JP,6.326071806966288e-05,20.262429771746877,25.093332687920903
2023,vw_50,JP3305990008,YOKOHAMA FINANCIAL GROUP,JP,5.732685979855752e-05,0.3599859592664998,0.1629879972777331
2023,vw_50,AU000000ILU1,ILUKA RESOURCES,AU,5.7089482286897344e-05,396.5837888077765,133.4344378413012
2023,vw_50,JP3243600008,CANON MARKETING JAPAN,JP,4.758535849078149e-05,1.2367251256700476,1.8435054263818156
2023,vw_50,JP3638600001,DOWA HDG.,JP,4.572843702924847e-05,164.12797495776744,487.43643153371244
2023,vw_50,HK0000049939,CHINA UNICOM (HONG KONG),HK,4.4242498571356286e-05,1.900804213155348,4.593215636775856
2023,vw_50,AU000000ANN9,ANSELL,AU,4.349575178628502e-05,66.63621334964343,47.942186074254316
2023,vw_50,JP3481800005,DAIKIN INDUSTRIES,JP,4.330207448753377e-05,18.51704156849024,10.604414809811662
2023,vw_50,AU000000BSL0,BLUESCOPE STEEL,AU,4.135244283250265e-05,632.0423330219912,1342.4449218984157
2023,vw_50,BMG668971101,CTF SERVICES,HK,4.101935229473919e-05,7.966658042856546,8.802239733884532
2023,vw_50,JP3385980002,J S R DEAD - DELIST.25/06/24,JP,3.919167365640554e-05,10.986110002626972,7.2132775223664645
2023,vw_50,AU000000SGP0,STOCKLAND STAPLED UNITS,AU,3.142295401330426e-05,1.5232311534581504,0.4405490565354388
2023,vw_50,JP3505000004,DAIWA HOUSE INDUSTRY,JP,3.0495933227280994e-05,6.479627237585651,15.001182312603452
2023,vw_50,BMG2624N1535,DFI RETAIL GROUP HOLDINGS,HK,2.592648489089885e-05,25.753949602794435,52.35544019611106
2023,vw_50,JP3526600006,CHUBU ELEC.POWER,JP,2.545476595333363e-05,10.084345465473218,35.18776921676879
2023,vw_50,AU000000IFL2,INSIGNIA FINANCIAL,AU,2.4165100677428813e-05,0.0,0.0
2023,vw_50,JP3358800005,SHIMIZU,JP,2.3831087512098523e-05,10.95805424406648,35.37521505512551
2023,vw_50,AU000000ERA9,ENERGY RES.OF AUS.,AU,2.2324536852627523e-05,3302.8896367645348,166.9560626503197
2023,vw_50,JP3888300005,MITSUI CHEMICALS,JP,2.210794946668528e-05,242.55551288311884,763.3472724062342
2023,vw_50,JP3819400007,FUJI MEDIA HOLDINGS,JP,2.195059233998153e-05,0.0,0.0
2023,vw_50,JP3249600002,KYOCERA,JP,2.1500892256767227e-05,7.839379790128732,6.410035406421633
2023,vw_50,SG1S83002349,UOL GROUP,SG,2.1428601793800206e-05,0.9116686642194771,0.4894432939029099
2023,vw_50,JP3890310000,MS&AD INSURANCE GP.HDG.,JP,2.1145284994928913e-05,0.42258483049718576,0.9751755043155752
2023,vw_50,JP3665200006,NICHIREI,JP,2.049726824309054e-05,15.405528402868967,28.492728315548362
2023,vw_50,JP3903000002,MITSUBISHI MATERIALS,JP,1.88766666335587e-05,67.76263199795724,411.6387612316017
2023,vw_50,JP3629000005,TOPPAN HOLDINGS,JP,1.8455780054923306e-05,23.680580641511007,54.25277900933192
2023,vw_50,JP3172100004,OKUMA,JP,1.8265060890838486e-05,5.073153696500349,6.464804402080765
2023,vw_50,JP3796150005,HIROGIN HOLDINGS,JP,1.4711484969817843e-05,1.16122710907778,0.8515720995216027
2023,vw_50,HK0144000764,CHINA MERCHANTS PORT HOLDINGS,HK,1.4601134764572512e-05,39.2598135468299,10.984344309748645
2023,vw_50,JP3688370000,NIPPON EXPRESS HOLDINGS,JP,1.4478501164755308e-05,26.81985856079344,105.18239627419725
2023,vw_50,AU0000033359,HEALIUS,AU,1.4113356748523889e-05,4.677636829757902,4.746274837611295
2023,vw_50,JP3940400009,YAMATO KOGYO,JP,1.3535436442371337e-05,42.45794717240686,23.991554972649627
2023,vw_50,HK0308001558,CTII.INTL.INV.HK.,HK,1.3219864859594077e-05,67.84302567697246,22.246511904055097
2023,vw_50,JP3634200004,TOYODA GOSEI,JP,1.182097170237572e-05,14.637028567427706,49.21656679689129
2023,vw_50,JP3711200000,AOZORA BANK,JP,1.0993486505893549e-05,0.08843547630846961,0.04494362966449156
2023,vw_50,JP3721400004,JAPAN STEEL WORKS,JP,1.0853538596388484e-05,34.20950799997757,39.492680905612495
2023,vw_50,HK0363006039,SHANGHAI INDUSTRIAL HOLDINGS,HK,1.0753426092631984e-05,107.13040748194744,283.91550257569634
2023,vw_50,JP3111200006,ASAHI KASEI,JP,9.394209342467957e-06,136.88121142340023,271.9575413713386
2023,vw_50,JP3888400003,MITSUI KINZOKU LIMITED,JP,9.008412111761694e-06,154.16726417694866,531.4108892849806
2023,vw_50,JP3409000001,SUMITOMO REAL.&DEV.,JP,8.019132031816863e-06,6.108078280575964,3.851446218054879
2023,vw_50,JP3818000006,FUJITSU,JP,7.52271942061351e-06,2.2678236195644237,2.1594505029028
2023,vw_50,JP3814800003,SUBARU,JP,7.317266642228174e-06,5.869678093817494,12.694645300822408
2023,vw_50,AU0000224040,WOODSIDE ENERGY GROUP,AU,7.03783228454467e-06,531.7145848933534,191.91876465042725
2023,vw_50,JP3405400007,SUMITOMO HEAVY INDS.,JP,6.4519128990742106e-06,4.089551619540011,13.753929341994
2023,vw_50,KYG217651051,CK HUTCHISON HOLDINGS,HK,6.390922855411167e-06,225.15073437653206,306.17057996179466
2023,vw_50,AU000000BPT9,BEACH ENERGY,AU,6.004756322858327e-06,421.22320937328067,228.54665264514813
2023,vw_50,SG1M51904654,CAPITALAND INTEG. COML. TST.,SG,4.73501189151525e-06,0.026184110957788595,0.0027903342820469893
2023,vw_50,JP3535800001,TSUMURA,JP,4.611804435485748e-06,39.91169125002206,26.358662315675836
2023,vw_50,JP3137200006,ISUZU MOTORS,JP,4.461864592255069e-06,8.192877189029023,20.287777819143
2023,vw_50,JP3743000006,NH FOODS,JP,4.448809918504887e-06,51.78085942120208,166.55105101609863
2023,vw_50,AU000000ABC7,ADBRI DEAD - DELIST.02/07/24,AU,3.9086695658409334e-06,1488.5414666128038,2073.8703203930527
2023,vw_50,SG1T75931496,SINGAPORE TELECOM,SG,3.69747506027887e-06,0.5472157172329531,0.19420479953969952
2023,vw_50,JP3711600001,NIPPON SANSO HOLDINGS,JP,3.259345765321453e-06,124.3722331265612,156.0097707660603
2023,vw_50,JP3205800000,KAO,JP,3.2191134603987708e-06,44.61784238544369,28.865190989561942
2023,vw_50,JP3493800001,DAI NIPPON PRINTING,JP,3.1198397325109145e-06,30.170845939765456,43.090140277871
2023,vw_50,JP3224200000,KAWASAKI HEAVY INDUSTRY,JP,3.106463475892246e-06,10.585453718096492,36.051751094846246
2023,vw_50,BMG2108M2182,CHINESE ESTATES HDG.,HK,2.085978978160059e-06,0.0,0.0
2024,vw,JP3633400001,TOYOTA MOTOR,JP,0.05248080428417222,8.68325956389896,7.8824987927614405
2024,vw,AU000000BHP4,BHP GROUP,AU,0.025421399207544486,150.87613865715858,52.12413145782233
2024,vw,AU000000CBA7,COMMONWEALTH BK.OF AUS.,AU,0.020430178593359147,0.19011187237641752,0.057407578781184423
2024,vw,JP3435000009,SONY GROUP,JP,0.019896853124252628,2.8403204824349157,1.9572985673792722
2024,vw,JP3902900004,MITSUBISHI UFJ FINL.GP.,JP,0.01871736130412581,0.3842093219010886,0.23676124022347622
2024,vw,JP3735400008,NTT,JP,0.018503836234478925,1.6746789260904795,1.3099475671653784
2024,vw,AU000000CSL8,CSL,AU,0.0152563086181153,8.101288183683304,1.1968877106429692
2024,vw,JP3571400005,TOKYO ELECTRON,JP,0.014443796094603417,1.690806008834703,0.23494292732846062
2024,vw,JP3802300008,FAST RETAILING,JP,0.013463408722181644,0.45398341685643534,0.10514133948626213
2024,vw,JP3371200001,SHIN-ETSU CHEMICAL,JP,0.01295850758520836,134.6385950600727,27.957932414878258
2024,vw,JP3496400007,KDDI,JP,0.012354937333962472,0.7325894256003673,0.3718701279676889
2024,vw,JP3788600009,HITACHI,JP,0.012090434299232754,5.936434822717056,5.346166985387321
2024,vw,JP3756600007,NINTENDO,JP,0.01199686346624954,0.14581276563702686,0.022536092297360037
2024,vw,JP3143600009,ITOCHU,JP,0.011650700670290674,11.372342811388137,14.736570255814494
2024,vw,JP3898400001,MITSUBISHI,JP,0.011591326296466269,152.3072139013388,286.3101184559599
2024,vw,JP3890350006,SUMITOMO MITSUI FINL.GP.,JP,0.011107833093097364,0.2511931809310805,0.205733927636997
2024,vw,JP3198900007,ORIENTAL LAND,JP,0.010739691937767033,17.698023021999873,1.074674079927681
2024,vw,AU000000NAB4,NATIONAL AUS.BANK,AU,0.010580368627552373,0.21661545709016042,0.11169126353777381
2024,vw,JP3436100006,SOFTBANK GROUP,JP,0.01034469714108423,0.16554971716837139,0.11679762986882644
2024,vw,SG1L01001701,DBS GROUP HOLDINGS,SG,0.010035830171483236,0.049656529604459,0.02093218086112738
2024,vw,JP3893600001,MITSUI,JP,0.00970154936041213,29.467697062374555,43.9231483153299
2024,vw,JP3854600008,HONDA MOTOR,JP,0.009683473488937295,8.184643664059664,17.85570653361996
2024,vw,JP3475350009,DAIICHI SANKYO,JP,0.009548988746614612,8.40673094683883,1.4425669009544007
2024,vw,JP3519400000,CHUGAI PHARM.,JP,0.009490073298903102,6.823104124814123,0.8708454009749015
2024,vw,AU000000WBC1,WESTPAC BANKING,AU,0.008871109631630998,0.20387240361396555,0.11406687575891268
2024,vw,AU000000ANZ3,ANZ GROUP HOLDINGS,AU,0.008636422250806353,0.16711811652104513,0.11147848575618169
2024,vw,JP3726800000,JAPAN TOBACCO,JP,0.00851399886238034,16.713454211072094,6.078365174104236
2024,vw,JP3910660004,TOKIO MARINE HOLDINGS,JP,0.008284571356546807,0.296885543734972,0.26693110758757277
2024,vw,JP3551500006,DENSO,JP,0.008036187293564047,11.348478714564271,10.958998866296595
2024,vw,AU000000MQG1,MACQUARIE GROUP,AU,0.007760377547524708,0.02048108822291449,0.008162583674291256
2024,vw,JP3481800005,DAIKIN INDUSTRIES,JP,0.007508753530822383,18.239776622607398,11.276851657966201
2024,vw,JP3463000004,TAKEDA PHARMACEUTICAL,JP,0.007379551286609053,9.922485825248877,6.10940164651659
2024,vw,SG1S04926220,OVERSEA-CHINESE BKG.,SG,0.007065098022739466,0.007174201181232225,0.003019118568333975
2024,vw,AU000000WES1,WESFARMERS,AU,0.007032380145951432,29.154765481424313,19.069622623733597
2024,vw,JP3837800006,HOYA,JP,0.006980555429871566,2.1701303261903164,0.25464029858658427
2024,vw,JP3914400001,MURATA MANUFACTURING,JP,0.006774728684174805,18.100520264646313,4.651222699111688
2024,vw,AU0000224040,WOODSIDE ENERGY GROUP,AU,0.0064905871668745835,718.2232936722069,245.77946222796396
2024,vw,HK0388045442,HONG KONG EXCHANGES AND CLEARING,HK,0.006114710521042731,0.03016046877411267,0.001585622421546706
2024,vw,JP3162600005,SMC,JP,0.0060412694154832625,10.195990309702825,1.4345649589212943
2024,vw,SG1M31001969,UNITED OVERSEAS BANK,SG,0.005808110711076925,0.2528238691113975,0.14189259120354966
2024,vw,JP3242800005,CANON,JP,0.005756319929674421,7.021399252609229,5.5581101437362905
2024,vw,AU000000GMG2,GOODMAN GROUP,AU,0.005397716034619835,2.8839716539022677,0.1143908887252975
2024,vw,JP3122400009,ADVANTEST,JP,0.005124317266610216,0.7381710324423192,0.07820600470749693
2024,vw,JP3902400005,MITSUBISHI ELECTRIC,JP,0.005066429554841671,6.6454874413919125,7.463426816475292
2024,vw,JP3818000006,FUJITSU,JP,0.005042630034451778,2.5510504049692866,2.050913281297818
2024,vw,AU000000TLS2,TELSTRA GROUP,AU,0.004966036235771675,2.229433564432526,1.0792467172247997
2024,vw,JP3830800003,BRIDGESTONE,JP,0.00490034031633583,51.87920487299539,49.77350423263656
2024,vw,SG1T75931496,SINGAPORE TELECOM,SG,0.004850499970913133,0.7848293558075881,0.280344502249419
2024,vw,AU000000WOW2,WOOLWORTHS GROUP,AU,0.004689250463773924,10.80108844362592,15.956120814217831
2024,vw,JP3634600005,TOYOTA INDS.,JP,0.004637879825995902,12.71875802326177,11.177779628283046
2024,vw,JP3877600001,MARUBENI,JP,0.0044898422199096365,19.4177342233685,34.14911627813233
2024,vw,JP3404600003,SUMITOMO,JP,0.004477514236405122,98.59899963152705,163.48791542802616
2024,vw,JP3304200003,KOMATSU,JP,0.004434187733098915,4.21484007725958,3.9358098566527033
2024,vw,JP3802400006,FANUC,JP,0.0044089209418973685,10.269433460035795,2.062235032339478
2024,vw,AU000000TCL6,TRANSURBAN GROUP STAPLED UNITS,AU,0.0043627213025745105,2.191622602010431,0.22490479882095363
2024,vw,HK0016000132,SUN HUNG KAI PROPERTIES,HK,0.0043442462946564194,2.230039148235807,0.7564046100694248
2024,vw,JP3814000000,FUJIFILM HOLDINGS,JP,0.0042929015118706735,28.58579472850527,21.19248573930156
2024,vw,JP3566800003,CENTRAL JAPAN RAILWAY,JP,0.004179278516440544,5.915917070674503,2.5519199717896845
2024,vw,JP3546800008,TERUMO,JP,0.004097980725103258,10.740930393752596,2.5285313989316944
2024,vw,HK2388011192,BOC HONG KONG HOLDINGS,HK,0.0040592564104221475,0.026533192562001966,0.02058109548752515
2024,vw,JP3933800009,LY,JP,0.0038533941141110084,0.29593697025492044,0.14903848371584727
2024,vw,US89677Q1076,TRIP COM GROUP ADR 1:1,SG,0.0038509863679553227,0.5147063857183863,0.1356619805306385
2024,vw,JP3635000007,TOYOTA TSUSHO,JP,0.0037537651332501666,6.463649216554283,19.125514159705375
2024,vw,JP3893200000,MITSUI FUDOSAN,JP,0.0037432308398347865,11.77688203122596,8.029541806715978
2024,vw,JP3200450009,ORIX,JP,0.003737379531895365,54.29913554841451,42.85810642828575
2024,vw,JP3397200001,SUZUKI MOTOR,JP,0.003712712253327214,11.975402523217312,17.845018193213672
2024,vw,JP3866800000,PANASONIC HOLDINGS,JP,0.0036979151180603583,5.541671466671923,13.808756587017236
2024,vw,JP3783600004,EAST JAPAN RAILWAY,JP,0.003687211151258169,89.09006889761112,70.55898051476501
2024,vw,JP3381000003,NIPPON STEEL,JP,0.003676799669056099,1096.6442121826688,2813.650379548339
2024,vw,JP3900000005,MITSUBISHI HEAVY INDS.,JP,0.0036348919584510276,4.226533271597552,5.734857531023801
2024,vw,JP3734800000,NIDEC,JP,0.003545674459792255,16.32556348359907,11.530445617541956
2024,vw,JP3951600000,UNI CHARM,JP,0.003535355086000168,4.738770923405403,1.3758081730318745
2024,vw,JP3890310000,MS&AD INSURANCE GP.HDG.,JP,0.003522986704070222,0.3687201644800836,0.7150422149658442
2024,vw,KYG2108Y1052,CHINA RESOURCES LAND,HK,0.003462789818304042,0.9837716412141607,1.6292527085970918
2024,vw,JP3188220002,OTSUKA HOLDINGS,JP,0.003458093905331946,27.084566579578272,17.230570380370402
2024,vw,JP3249600002,KYOCERA,JP,0.0034364581246081353,8.611914046141104,5.439282536852183
2024,vw,JP3119600009,AJINOMOTO,JP,0.003409722446657919,81.23740997746677,36.353675418554644
2024,vw,HK0000049939,CHINA UNICOM (HONG KONG),HK,0.0033889948225377968,2.08914392313804,5.245008659032477
2024,vw,JP3388200002,AEON,JP,0.003367779185438468,3.163423347206912,9.64443695920979
2024,vw,HK0002007356,CLP HOLDINGS,HK,0.003356861914950003,3413.9907142682205,1831.9038658442714
2024,vw,JP3942400007,ASTELLAS PHARMA,JP,0.0033134319916746924,5.488008503511811,2.7858965086558163
2024,vw,JP3538800008,TDK,JP,0.003300255641236127,9.475377959194095,6.542373196717258
2024,vw,HK0066009694,MTR,HK,0.0032888665171386276,8.310321918271633,2.975233249265822
2024,vw,JP3165700000,NTT DATA GROUP DEAD - DELIST.26/09/25,JP,0.0032603565403434833,1.3749714134926783,1.9580933235396452
2024,vw,KYG217651051,CK HUTCHISON HOLDINGS,HK,0.003217185166990931,199.71393293434497,353.49548698836213
2024,vw,HK0011000095,HANG SENG BANK DEAD - DELIST.28/01/26,HK,0.0031920896651132123,0.01285537728133312,0.005900130607781794
2024,vw,JP3505000004,DAIWA HOUSE INDUSTRY,JP,0.0031855596636265505,19.357459599963747,34.72259210617758
2024,vw,JP3116000005,ASAHI GROUP HOLDINGS,JP,0.003035780077435702,24.77409111574891,24.62837675990738
2024,vw,AU000000ALL7,ARISTOCRAT LEISURE,AU,0.003027191372189077,1.2662857332213486,0.27741968201095907
2024,vw,JP3201200007,OLYMPUS,JP,0.0029848505904633863,4.105339466174771,1.373209184178941
2024,vw,IE00BKVD2N49,SEAGATE TECHNOLOGY HOLDINGS,SG,0.002963040288541714,42.36037706691393,14.94920474947045
2024,vw,JP3205800000,KAO,JP,0.002945551002204138,48.66294448351347,27.594712129000616
2024,vw,JP3899600005,MITSUBISHI ESTATE,JP,0.0029378187435766504,9.867406133480547,5.117302923827356
2024,vw,JP3733000008,NEC,JP,0.00290172194248557,0.8614878098021995,1.11211177875914
2024,vw,JP3266400005,KUBOTA,JP,0.002886688880414197,11.927525995993824,13.602875524732324
2024,vw,JP3753000003,NIPPON YUSEN KK,JP,0.0027800467328985387,719.2608047464832,664.0672218498912
2024,vw,JP3294460005,INPEX,JP,0.0027726990672811533,453.0609907499933,385.4658285184102
2024,vw,JP3762600009,NOMURA HDG.,JP,0.002732759567963079,0.09561847195762385,0.14327698048050713
2024,vw,JP3421800008,SECOM,JP,0.0027282559514960345,6.9888984135808085,3.1900182605074914
2024,vw,JP3762800005,NOMURA RESEARCH INST.,JP,0.0027126266086653006,0.20419348067390383,0.059570934387977156
2024,vw,AU000000STO6,SANTOS,AU,0.0027028000956634715,749.158841415728,265.4565673596039
2024,vw,HK0688002218,CHINA OVERSEAS LAND INVESTMENT,HK,0.0026596836641695058,0.2851904465602999,0.4958964899617718
2024,vw,AU000000QBE9,QBE INSURANCE GROUP,AU,0.0025462755883626682,0.3791129608325802,0.49158261551652027
2024,vw,JP3672400003,NISSAN MOTOR,JP,0.0025232533336780666,5.583505849967185,29.58731459897021
2024,vw,SG1V61937297,SINGAPORE AIRLINES,SG,0.002451594606648611,1091.8199251781807,992.8591061441467
2024,vw,JP3173400007,OBIC,JP,0.0024510613474329223,0.29591300700553685,0.014372315492103467
2024,vw,BMG2178K1009,CKI HOLDINGS,HK,0.0024470505917561355,8553.871280226222,432.67143139211385
2024,vw,JP3756100008,NITORI HOLDINGS,JP,0.0024409164948386974,4.07712930157943,1.7841455333138698
2024,vw,JP3814800003,SUBARU,JP,0.0024053739601445296,5.132377246189555,10.378211553396232
2024,vw,JP3409000001,SUMITOMO REAL.&DEV.,JP,0.0024033928213613946,6.5899342891598796,2.891133364620327
2024,vw,JP3420600003,SEKISUI HOUSE,JP,0.002398460981584782,2.403581069051743,3.393691376273872
2024,vw,JP3347200002,SHIONOGI,JP,0.0023353424816914335,14.429540382730167,2.8630066274839225
2024,vw,JP3778630008,BANDAI NAMCO HDG.,JP,0.0022973065561796664,1.1469445176866937,0.5544238549972708
2024,vw,JP3160400002,EISAI,JP,0.00219787310369791,9.612048039269606,3.5721769281160602
2024,vw,HK0003000038,HONG KONG AND CHINA GAS,HK,0.0021399983194255023,223.46650912369284,122.9321275715317
2024,vw,AU000000COH5,COCHLEAR,AU,0.002134014504650667,0.6033067695107366,0.06481877624270695
2024,vw,HK0823032773,LINK REAL ESTATE INVESTMENT TRUST,HK,0.002117913308210899,5.27434845571533,0.6647129152834377
2024,vw,JP3258000003,KIRIN HOLDINGS,JP,0.0021122995430130115,24.549935107350567,27.03587223361667
2024,vw,JP3358000002,SHIMANO,JP,0.002069171799959925,3.094415299289347,0.7731487772534944
2024,vw,HK0012000102,HENDERSON LD.DEV.,HK,0.0020658607450116024,3.7262514228369263,1.0275893303421622
2024,vw,JP3362700001,MITSUI OSK LINES,JP,0.0020553587703365673,1016.3074559441026,847.5181024112962
2024,vw,HK0006000050,POWER ASSETS HOLDINGS,HK,0.002038906915564059,37866.39227673032,495.8273000414504
2024,vw,JP3228600007,KANSAI ELECTRIC PWR.,JP,0.0019996251026120006,705.6365121421627,1606.3809154383243
2024,vw,JP3684000007,NITTO DENKO,JP,0.001997884738444434,48.47524391098939,23.375012031256194
2024,vw,JP3240400006,KIKKOMAN,JP,0.0019249914355338087,22.879086888542663,8.386120844085308
2024,vw,HK0291001490,CHINA RESOURCES BEER HOLDINGS,HK,0.0019072080486590955,30.35461828249571,14.149556576620697
2024,vw,AU000000SUN6,SUNCORP GROUP,AU,0.0019068202237749582,0.18323874974940674,0.14415144291272355
2024,vw,BMG507361001,JARDINE MATHESON HDG.,HK,0.0019022988320007241,139.3048646531919,427.1706601450377
2024,vw,JP3711600001,NIPPON SANSO HOLDINGS,JP,0.0018375385400978613,126.75128926470289,93.39260509965835
2024,vw,JP3351100007,SYSMEX,JP,0.0018290710301275299,4.710780091651314,1.2302377870738892
2024,vw,JP3223800008,KAWASAKI KISEN KAISHA,JP,0.001813923236527933,1045.355472992995,583.5966543164894
2024,vw,JP3351600006,SHISEIDO,JP,0.0017947824625587393,2.7161453623094105,1.6048784704090122
2024,vw,JP3494600004,SCREEN HOLDINGS,JP,0.0017631957416827722,3.131878387909446,0.9164819191864573
2024,vw,JP3429800000,ANA HOLDINGS,JP,0.001730696016392065,787.2618224154925,987.7527620943458
2024,vw,JP3502200003,DAIWA SECURITIES GROUP,JP,0.0017223755566903025,0.11367038607790644,0.08687754956523697
2024,vw,JP3659000008,WEST JAPAN RAILWAY,JP,0.0017210828070765114,12.926968435171673,13.220282648619618
2024,vw,JP3137200006,ISUZU MOTORS,JP,0.0017123987615458702,7.976402545268409,17.225349959516613
2024,vw,SG9999000020,FLEX,SG,0.0017075574142422225,2.847068763468298,7.914276358997557
2024,vw,JP3407400005,SUMITOMO ELECTRIC IND.,JP,0.0016946606209076395,9.894941829423573,27.46212753297601
2024,vw,JP3102000001,AISIN,JP,0.001689912997950992,15.824131570877123,50.2145290735423
2024,vw,JP3111200006,ASAHI KASEI,JP,0.001685543504256378,128.64597215716822,228.76725067708458
2024,vw,JP3499800005,MITSUBISHI HC CAPITAL,JP,0.0016706736518237464,0.23936990903478964,0.29906961493336226
2024,vw,JP3573000001,TOKYO GAS,JP,0.0016303980376060861,239.67759851146627,463.35344997616335
2024,vw,JP3386030005,JFE HOLDINGS,JP,0.0016216832892721172,1344.8260922817963,4723.204285560547
2024,vw,JP3526600006,CHUBU ELEC.POWER,JP,0.0016175319470748308,7.662967956379934,19.980279464168863
2024,vw,SG1M51904654,CAPITALAND INTEG. COML. TST.,SG,0.0016108290403273242,0.2728033948101951,0.03180052144829807
2024,vw,JP3675600005,NISSIN FOODS HOLDINGS,JP,0.0016011915919565119,59.373946215893596,28.96429923047811
2024,vw,AU000000SHL7,SONIC HEALTHCARE,AU,0.0015989212004472915,5.941038532943857,3.2848898905474644
2024,vw,SG1U68934629,KEPPEL,SG,0.0015975702771008798,0.2549558365615534,0.1338210095950574
2024,vw,JP3942800008,YAMAHA MOTOR,JP,0.0015887779637900833,8.90071046530848,14.743697320871894
2024,vw,AU000000CPU5,COMPUTERSHARE,AU,0.0015601047773561977,1.1733788060602233,0.3463880536413627
2024,vw,HK0836012952,CHINA RESOURCES POWER,HK,0.0015546509899230167,11078.606685204179,15216.282739165596
2024,vw,AU000000IAG3,INSURANCE AUS.GROUP,AU,0.0015432053080299143,0.7488270424018107,0.7530961024763584
2024,vw,BMG677491539,ORIENT OVERSEAS (INTL.),HK,0.0015406181928653148,828.5499538018892,726.1246709111697
2024,vw,AU000000ORG5,ORIGIN ENERGY (EX BORAL),AU,0.001537114841411941,1519.3516027710039,1636.5264890845672
2024,vw,JP3210200006,KAJIMA,JP,0.0015291321125467812,15.260122585522005,28.63839743332326
2024,vw,SG1M77906915,CAPITALAND ASCENDAS REIT,SG,0.001517856104040489,3.198597441122047,0.3783652576801546
2024,vw,HK0004000045,WHARF HOLDINGS,HK,0.0015092673987938646,6.999303824918776,1.8159742780696562
2024,vw,JP3197800000,OMRON,JP,0.0014976956738134174,0.6531247119469425,0.40212423448579454
2024,vw,SGXE21576413,GENTING SINGAPORE,SG,0.0014849071482589894,1.3548675839046174,0.2655308331356362
2024,vw,JP3967200001,RAKUTEN GROUP,JP,0.001475749633182297,0.21410339354236677,0.32751271014303907
2024,vw,JP3906000009,MINEBEA MITSUMI,JP,0.0014433872625380555,10.529406918731544,11.075322988737376
2024,vw,KYG210961051,CHINA MENGNIU DAIRY,HK,0.0014328271141303998,19.9110982021821,31.296345376317404
2024,vw,JP3300200007,KONAMI GROUP,JP,0.0014297632975457148,14.99162511880924,3.8915492846317035
2024,vw,JP3197600004,ONO PHARM.,JP,0.0014295402982373358,1.9945165678835202,0.7573608123429465
2024,vw,JP3629000005,TOPPAN HOLDINGS,JP,0.001428675771933113,23.203844327678606,29.047545797157838
2024,vw,SG1F60858221,SINGAPORE TECHS.ENGR.,SG,0.0014282782514268724,5.980587014550768,5.091246450269836
2024,vw,HK0083000502,SINO LAND,HK,0.0014226822615361742,2.8998991548213597,0.438978790491216
2024,vw,JP3180400008,OSAKA GAS,JP,0.0014095980195075917,300.86114042848374,509.13757723745
2024,vw,JP3539220008,T & D HOLDINGS,JP,0.001377269583540712,0.07639756645755359,0.19371022545946046
2024,vw,JP3256000005,KYOWA KIRIN,JP,0.00136155136417403,5.40900282302137,1.9147211471473822
2024,vw,JP3585800000,TOKYO ELECTRIC POWER CO. HDG.,JP,0.0013457959782559516,4.205542773828122,25.335393785263925
2024,vw,AU000000ASX7,ASX,AU,0.0013404763135952014,0.05006309422316066,0.004098681791606141
2024,vw,JP3493800001,DAI NIPPON PRINTING,JP,0.0013313349578886813,32.577551649869086,37.6269302008307
2024,vw,JP3357200009,SHIMADZU,JP,0.0013261946622368445,0.765278073879082,0.31972823100364695
2024,vw,JP3621000003,TORAY INDS.,JP,0.001312583624740642,152.83053893141272,306.7042648170445
2024,vw,JP3112000009,AGC,JP,0.0013104618994370075,424.5175571378986,712.9077723836289
2024,vw,JP3820000002,FUJI ELECTRIC,JP,0.0012961721683935647,18.46616944133581,16.743172450936147
2024,vw,JP3486800000,DAITO TST.CONSTRUCTION,JP,0.0012889230749342313,2.9019805602557587,4.210462970392362
2024,vw,JP3402600005,SUMITOMO METAL MINING,JP,0.0012880714761261465,189.43362038910286,229.58079550372912
2024,vw,SG1B51001017,JARDINE CYC.& CARR.,SG,0.001270745399427312,208.97800952562855,590.6282307730457
2024,vw,JP3783420007,HIKARI TSUSHIN,JP,0.0012696691853738308,0.26347084343663524,0.14025406094051676
2024,vw,JP3869010003,MATSUKIYOKARA,JP,0.0012674666632193343,0.2596517898751699,0.22489845146451728
2024,vw,JP3774200004,HANKYU HANSHIN HDG.,JP,0.0012565122261794725,16.2215209301865,13.904639423849789
2024,vw,SG1R50925390,SEMBCORP INDUSTRIES,SG,0.001247997854035641,1726.0008860671658,1172.3332461485472
2024,vw,BMG5320C1082,KUNLUN ENERGY,HK,0.0012363663393855561,19.537684671149922,63.99946151393006
2024,vw,AU000000RHC8,RAMSAY HEALTH CARE,AU,0.0012362483759832978,8.67298188378781,11.798153025678562
2024,vw,NZAIAE0002S6,AUCKLAND INTL.AIRPORT,NZ,0.001233990911970215,4.361863401576867,0.2701541830029412
2024,vw,SG1J26887955,SINGAPORE EXCHANGE,SG,0.001230626531100324,0.03535044442136846,0.004201923430450288
2024,vw,JP3868400007,MAZDA MOTOR,JP,0.0012180949395316368,3.5355104459497158,14.858032822986438
2024,vw,JP3862400003,MAKITA,JP,0.0012115633221079576,3.978904243055072,2.6308453783148984
2024,vw,JP3982800009,ROHM,JP,0.0012080939053319458,56.683768595290104,24.17978844641338
2024,vw,JP3931600005,YAKULT HONSHA,JP,0.001197532140987273,67.88962209609997,31.073466149220863
2024,vw,JP3574200006,TOKYU,JP,0.0011849763103633274,21.161930099142896,19.262627061554113
2024,vw,JP3551520004,DENTSU GROUP,JP,0.0011556858359888565,0.34108129248101576,0.4196146424676305
2024,vw,AU000000SGP0,STOCKLAND STAPLED UNITS,AU,0.0011416708142383443,1.1278482608935045,0.26963639426077873
2024,vw,AU000000APA1,APA GROUP,AU,0.0011393099302561584,1006.0181770277554,270.2415161563926
2024,vw,JP3148800000,IBIDEN,JP,0.0011329657615264787,63.42725885676062,23.248516659059792
2024,vw,JP3027670003,NIPPON BUILDING FUND,JP,0.0011085974313065174,6.1221219585763125,0.5680426797271296
2024,vw,JP3443600006,TAISEI,JP,0.0010977997401573276,19.188946603411214,32.08911943334736
2024,vw,AU000000BSL0,BLUESCOPE STEEL,AU,0.0010972761765637423,745.9982241731684,1251.7782614714433
2024,vw,JP3436120004,SBI HDG.,JP,0.0010928258860182665,0.15311730842625115,0.17832850298692848
2024,vw,JP3190000004,OBAYASHI,JP,0.0010827973808892825,14.51616227733481,32.79175135880515
2024,vw,HK0019000162,SWIRE PACIFIC 'A',HK,0.0010817938840015772,6.515174831830142,11.800679061860953
2024,vw,HK0293001514,CATHAY PACIFIC AIRWAYS,HK,0.0010695757842142345,1165.599873401755,2127.7105630525825
2024,vw,JP3940000007,YAMATO HDG.,JP,0.0010634529988559165,54.96591183100551,99.79167394769512
2024,vw,KYG9431R1039,WANT WANT CHINA HOLDINGS,SG,0.001060397261956318,57.688850686189376,28.616654373891368
2024,vw,JP3771800004,HAMAMATSU PHOTONICS,JP,0.0010532418928439846,3.8889900768353804,0.8844954770291998
2024,vw,AU000000QAN2,QANTAS AIRWAYS,AU,0.00104089613403228,835.5465099665698,1778.5492063886338
2024,vw,JP3419400001,SEKISUI CHEMICAL,JP,0.001021125144626363,21.63367590200016,28.95986605666322
2024,vw,JP3598600009,TOHO,JP,0.0009837242823623707,3.073232882783071,0.9113219572773685
2024,vw,AU000000SEK6,SEEK,AU,0.0009767741372512266,0.1116423748257994,0.014392940510833582
2024,vw,JP3511800009,CHIBA BANK,JP,0.0009683518735173778,1.287386030137835,0.4362112036525596
2024,vw,JP3613000003,TOYO SUISAN KAISHA,JP,0.0009639807638857468,52.809914349908375,27.994488270812308
2024,vw,JP3787000003,HITACHI CON.MCH.,JP,0.0009530198630978159,9.751447609847853,15.579817655566726
2024,vw,JP3888300005,MITSUI CHEMICALS,JP,0.0009508658190538365,315.84915594362366,624.5432761755859
2024,vw,JP3118000003,ASICS,JP,0.0009506476675565093,0.8478318558654656,0.55448371990243
2024,vw,JP3260800002,KINTETSU GROUP HDG.,JP,0.0009469213167947566,11.31438151365944,21.62668582516054
2024,vw,NZTELE0001S4,SPARK NEW ZEALAND,NZ,0.0009447058671441222,2.3177075837178807,0.798812215840087
2024,vw,JP3166000004,EBARA,JP,0.0009376846208042195,13.863797368299782,12.23562013052477
2024,vw,AU000000GPT8,GPT GROUP STAPLED UNITS,AU,0.0009363078424655321,11.230976362118037,1.137342277894657
2024,vw,AU0000088338,AMPOL,AU,0.0009220407345403305,29.50093508181021,127.23189249060624
2024,vw,JP3351500008,SHIZUOKA FINANCIAL GROUP,JP,0.0009205330653032467,0.5008686315353468,0.19783765375426351
2024,vw,JP3670800006,NISSAN CHEMICAL,JP,0.0009172236262919416,119.32838140845443,31.783915392760186
2024,vw,JP3414750004,SEIKO EPSON,JP,0.0009059605452817871,14.089260677503695,22.50905659771583
2024,vw,JP3305990008,YOKOHAMA FINANCIAL GROUP,JP,0.0009043106735871862,0.33444043667143664,0.13973767913941604
2024,vw,AU000000MGR9,MIRVAC GROUP STAPLED UNITS,AU,0.0008978356139591104,6.903606040059091,1.9277806674789826
2024,vw,JP3597800006,TOBU RAILWAY,JP,0.0008952404191094247,30.22179719795739,23.330932641645322
2024,vw,JP3196000008,ODAKYU ELECTRIC RY.,JP,0.0008925805867790496,27.853991320518897,13.37096572712411
2024,vw,JP3738600000,NITERRA,JP,0.0008838593746970119,11.87709875139525,8.775714672263621
2024,vw,JP3027680002,JAPAN REAL ESTATE INV.,JP,0.0008823614010820314,5.189335612815843,0.4869633376492802
2024,vw,JP3663900003,SOJITZ,JP,0.0008808262609156546,36.54850440553854,105.93868501725413
2024,vw,JP3289800009,KOBE STEEL,JP,0.0008807697031200512,850.8699856191396,2696.9903788996276
2024,vw,AU000000DXS1,DEXUS STAPLED UNITS,AU,0.0008712938484509628,17.818046551174408,1.8655830619375802
2024,vw,JP3322930003,SUMCO,JP,0.000859840086872774,30.284686496058292,16.350310092087952
2024,vw,JP3688370000,NIPPON EXPRESS HOLDINGS,JP,0.0008573644713623642,35.030922570138664,99.7044676648422
2024,vw,JP3955000009,YOKOGAWA ELECTRIC,JP,0.0008519413867325106,3.334427532350858,2.2696751970744216
2024,vw,JP3935600001,YAMAZAKI BAKING,JP,0.0008503545365815822,46.66695759941134,70.31146076810519
2024,vw,HK0101000591,HANG LUNG PROPERTIES,HK,0.0008488355557853776,3.2501116941926593,0.8170724742523178
2024,vw,HK0144000764,CHINA MERCHANTS PORT HOLDINGS,HK,0.0008371103167882929,43.36834061403043,12.291907480976151
2024,vw,SGXE34184239,SEATRIUM,SG,0.0008213888655475765,13.188074450179307,14.092129725263375
2024,vw,AU000000WOR2,WORLEY,AU,0.0008190199018803044,3.0627430971652467,4.727931354927304
2024,vw,JP3358800005,SHIMIZU,JP,0.0008007775888926954,15.989321998681428,44.878417919483404
2024,vw,JP3375800004,SHINKO ELEC.INDS. DEAD - DELIST.06/06/25,JP,0.000798171082483889,32.22299720302383,9.259682915027625
2024,vw,AU000000ORI1,ORICA,AU,0.000791972348085761,178.20277003946137,188.32852820132993
2024,vw,JP3894900004,ISETAN MITSUKOSHI HDG.,JP,0.0007855651578124091,8.260483750017043,5.982070860829069
2024,vw,JP3944130008,USS,JP,0.0007855247593869781,6.601359239815366,0.8781944864444541
2024,vw,JP3885400006,MISUMI GROUP,JP,0.0007818985967202942,2.5182914235923417,1.2776238098485742
2024,vw,JP3973400009,RICOH,JP,0.0007785519911575927,6.944986258731364,22.392257303921163
2024,vw,JP3164630000,SQUARE ENIX HOLDINGS,JP,0.0007726764441629123,0.0,0.0
2024,vw,JP3039710003,JAPAN METROPOLITAN FUND INVESTMENT REIT,JP,0.0007639988623803398,9.501366426235384,1.1214281181920092
2024,vw,JP3596200000,TOTO,JP,0.0007561082419251626,29.916716952212184,30.134193333290593
2024,vw,JP3588600001,TBS HOLDINGS,JP,0.0007531526931206329,7.096467800504453,3.978733173417325
2024,vw,HK2380027329,CHIN.PWR.INTDVT.,HK,0.0007412836357290138,7974.041232946708,10872.569664706922
2024,vw,HK0392044647,BEIJING ENTERPRISES HOLDINGS,HK,0.0007304406983433413,67.00961954835415,156.03934755532353
2024,vw,KYG0535Q1331,ASMPT,HK,0.0007301902281056694,0.5852779192199415,0.24343392318110596
2024,vw,AU000000CIM7,CIMIC GROUP DEAD - DELIST.11/05/22,AU,0.0007214350813462694,13.206741547742828,25.75876357934819
2024,vw,JP3152740001,ABC-MART,JP,0.0007077351673141189,0.05418542429852083,0.027855662005790323
2024,vw,JP3359600008,SHARP,JP,0.0006948173667983116,18.330314414826518,67.44531115545448
2024,vw,JP3830000000,BROTHER INDUSTRIES,JP,0.0006910586972962143,3.4293421200167167,4.40545349957442
2024,vw,JP3676800000,NISSHIN SEIFUN,JP,0.000689122804749562,26.18510284111857,35.1737819319317
2024,vw,JP3270000007,KURITA WATER IND.,JP,0.0006870366300603068,5.078047639117997,3.0576508303874044
2024,vw,JP3595200001,TOSOH,JP,0.000681482654532057,1068.3760683760684,1738.806713363653
2024,vw,JP3799000009,HIROSE ELECTRIC,JP,0.0006797342106794045,1.1221422391108495,0.29906524281815505
2024,vw,SG1R89002252,CITY DEVELOPMENTS,SG,0.0006632968993400514,0.7840927522497838,0.7030930246155644
2024,vw,JP3942600002,YAMAHA,JP,0.0006599551415884014,6.5176917855249235,4.8971116835290545
2024,vw,JP3358200008,SHIMAMURA,JP,0.0006527383668694129,0.17419041259715096,0.18418668211458195
2024,vw,AU000000JBH7,JB HI-FI,AU,0.000650736220905054,0.04608588546969503,0.07094877315314913
2024,vw,JP3108600002,ACOM,JP,0.0006479551932983861,0.6742884023421892,0.3274493862506172
2024,vw,HK0008011667,PCCW,HK,0.0006477208824308863,1.1785216133510878,1.366564130198861
2024,vw,JP3229400001,KANSAI PAINT,JP,0.0006385924542205043,18.337312122856584,17.16111988339609
2024,vw,JP3695200000,NGK INSULATORS,JP,0.0006332307751973059,62.27127407811696,60.73504718449674
2024,vw,NZCENE0001S6,CONTACT ENERGY,NZ,0.0006323306982787039,641.8833001041249,242.1337101881122
2024,vw,JP3174410005,OJI HOLDINGS,JP,0.0006319234821503597,513.0133366918723,1506.174291727293
2024,vw,JP3122800000,AMADA,JP,0.000631695635030929,2.5531248546137237,1.726713667386344
2024,vw,AU000000CWY3,CLEANAWAY WASTE MANAGEMENT,AU,0.0006314710197855328,449.3828964869597,273.8134537088928
2024,vw,JP3768600003,HASEKO,JP,0.000630897362144413,7.106463460784021,13.376295393189933
2024,vw,SG1S83002349,UOL GROUP,SG,0.0006305838703630687,1.0652655354561218,0.5453222218805416
2024,vw,JP3243600008,CANON MARKETING JAPAN,JP,0.0006270078017439193,1.3260960423416555,1.4048425962913804
2024,vw,JP3283650004,KOSE HOLDINGS,JP,0.000625307836001784,2.7194959315405063,1.4238829035334126
2024,vw,JP3732200005,NIPPON TELEVISION HDG.,JP,0.0006184756542928982,1.41494284363383,1.0336655910747645
2024,vw,JP3246400000,KYUSHU ELEC.POWER,JP,0.000614211196504405,1179.0387977330113,4680.396531402593
2024,vw,JP3277800003,KEIO,JP,0.0006119682759244776,33.78437566412835,23.423059454777825
2024,vw,JP3626800001,LIXIL,JP,0.0006119553484283396,42.147290400285215,112.22603644045418
2024,vw,JP3326410002,SANKYO,JP,0.0006115885307254264,0.6937900227800574,0.24704536387007792
2024,vw,JP3224200000,KAWASAKI HEAVY INDUSTRY,JP,0.0006105252441680833,11.39741270307726,35.77491629501211
2024,vw,JP3336000009,SANTEN PHARM.,JP,0.0006021708497889586,8.354311960738022,4.567617974211381
2024,vw,JP3401400001,SUMITOMO CHEMICAL,JP,0.0006006227821264438,258.4454259010222,1146.6637251235584
2024,vw,JP3940400009,YAMATO KOGYO,JP,0.0005993849743712389,207.63043432924732,61.7355178056783
2024,vw,JP3269600007,KURARAY,JP,0.0005957911304448997,363.964375159365,519.9391370149473
2024,vw,JP3368000000,RESONAC HOLDINGS,JP,0.0005952804943474523,379.62818525303254,895.8116732404766
2024,vw,HK0270001396,GUANGDONG INVESTMENT,HK,0.000594425663665333,915.6258747168026,770.2747599578091
2024,vw,JP3263000006,KINDEN,JP,0.0005902387708536672,3.5648675782630366,4.170442505496069
2024,vw,AU000000BEN6,BENDIGO & ADELAIDE BANK,AU,0.0005843470644888145,0.43363972167339576,0.34898994787273757
2024,vw,JP3320800000,SAPPORO HOLDINGS,JP,0.000583004220827489,34.1502031653949,33.109456073440064
2024,vw,JP3419050004,SEGA SAMMY HDG.,JP,0.0005826002365731793,1.8395019487431867,1.609002202288827
2024,vw,AU000000IGO4,IGO,AU,0.0005815385659528534,185.05540805629303,30.853263754004843
2024,vw,JP3336600006,SUNDRUG,JP,0.0005801730991732867,5.013421909957606,6.93977138528042
2024,vw,JP3743000006,NH FOODS,JP,0.0005787833933384612,50.136674907736854,120.05405224305642
2024,vw,JP3268950007,MEDIPAL HOLDINGS,JP,0.0005671276396331177,1.3138626394887902,8.856020218885966
2024,vw,JP3896800004,MITSUBISHI GAS CHM.,JP,0.0005650285374477244,131.91806467527584,204.484356231768
2024,vw,JP3657400002,NIKON,JP,0.0005646310169414837,6.336991641356353,8.5734973412628
2024,vw,JP3870400003,MARUI GROUP,JP,0.0005631831373740377,5.319117557414025,2.3284306692911128
2024,vw,BMG668971101,CTF SERVICES,HK,0.0005577632846182187,8.91324242355486,8.194365576943134
2024,vw,JP3271400008,CREDIT SAISON,JP,0.000550646697994299,0.23494961372164208,0.18869585632116445
2024,vw,JP3605400005,TOHOKU ELECTRIC PWR.,JP,0.0005359045045860292,1707.765334427598,10179.805027786406
2024,vw,JP3126340003,ALFRESA HOLDINGS,JP,0.0005332139694523266,1.7251713531794453,9.97175517922733
2024,vw,AU000000LLC3,LENDLEASE GROUP STAPLED UNITS,AU,0.0005325029571647416,4.811224625081916,9.635786509352657
2024,vw,JP3665200006,NICHIREI,JP,0.0005321830016353282,18.65705221208986,25.809664352906168
2024,vw,JP3977400005,RINNAI,JP,0.0005270507856685778,12.274127338968066,10.692977023405835
2024,vw,JP3551200003,ELEC.POWER DEV.,JP,0.0005206953053797775,4697.1581611139,13776.088137171231
2024,vw,JP3582600007,TOKYO TATEMONO,JP,0.0005145143462888391,5.445761274674133,4.336683417085427
2024,vw,JP3452000007,TAIYO YUDEN,JP,0.0005116218190279816,24.533092783213327,16.423991661665774
2024,vw,JP3405400007,SUMITOMO HEAVY INDS.,JP,0.0005111531972929823,4.332258345776758,9.990199797673244
2024,vw,JP3766550002,HAKUHODO DY HDG.,JP,0.0005026856873226509,0.05347976167489089,0.11414105696283913
2024,vw,JP3635400009,TOYOTA BOSHOKU,JP,0.000501813081333342,4.9836525678653745,20.630514587492755
2024,vw,JP3292200007,JTEKT,JP,0.0005002181514973272,8.426852850295528,34.242924474968746
2024,vw,HK0000608585,NEW WORLD DEVELOPMENT COMPANY,HK,0.0004992324299168115,1.553109011730528,3.140061435280942
2024,vw,AU000000FLT9,FLIGHT CENTRE TRAVEL GP.,AU,0.0004988106703553123,12.100298039253193,6.557881573917494
2024,vw,HK0023000190,BANK OF EAST ASIA,HK,0.00048777705240160557,0.3980875548893682,0.7467186123092621
2024,vw,JP3404200002,SUMITOMO RUBBER INDS.,JP,0.0004863534118894182,47.47565518922763,125.26040541842623
2024,vw,SG0531000230,VENTURE CORPORATION,SG,0.0004858557032881087,1.180009337117884,0.8843729732426454
2024,vw,JP3819400007,FUJI MEDIA HOLDINGS,JP,0.0004824024458822693,0.0,0.0
2024,vw,JP3667600005,JGC HOLDINGS,JP,0.0004816074048697878,15.68792553045982,28.093586009743788
2024,vw,HK0000055878,CHINA TAIPING INSURANCE HLDGS,HK,0.0004775320117123115,0.7648172059319027,3.1807866970769574
2024,vw,AU000000CGF5,CHALLENGER,AU,0.00047232546264276806,0.0015499186025506315,0.0009921585264051017
2024,vw,JP3134800006,IHI,JP,0.0004652799772476068,7.573267076417063,22.58623563897031
2024,vw,JP3939000000,YAMADA HOLDINGS,JP,0.0004645964358893148,4.463994674454354,16.695129543770804
2024,vw,JP3305530002,COMSYS HOLDINGS,JP,0.000462540964003387,16.359284107660198,22.70845488179376
2024,vw,JP3131430005,AEON MALL DEAD - DELIST.27/06/25,JP,0.00045571847791660476,5.0759474385696,5.0681701327943545
2024,vw,JP3293200006,COCA-COLA BOTTLERS JAPAN HOLDINGS,JP,0.00045466650291838223,31.816266833091387,66.24266075261939
2024,vw,BMG2624N1535,DFI RETAIL GROUP HOLDINGS,HK,0.0004506072691310783,26.027775884078604,85.7085479035474
2024,vw,JP3485800001,DAICEL,JP,0.000448920230885081,443.89865360666306,590.3357714680643
2024,vw,JP3613400005,TOYO SEIKAN GROUP HDG.,JP,0.00044715562766225623,58.15927467525118,133.7110972983131
2024,vw,JP3769000005,HACHIJUNI NAGANO BANK,JP,0.00044604386299439597,2.659302522560195,1.262553074325793
2024,vw,JP3720800006,NSK,JP,0.0004455897846925518,19.291458763372102,36.99042963296065
2024,vw,JP3415400005,SEINO HDG.,JP,0.00044253243185593603,85.30682883733024,135.6060689050775
2024,vw,JP3219000001,KAMIGUMI,JP,0.0004216561415302277,17.720526125923065,12.292891743569305
2024,vw,JP3522200009,CHUGOKU ELEC.POWER,JP,0.0004192435475634901,1556.386413927908,6957.212181481096
2024,vw,HK0000745908,YUEXIU PROPERTY COMPANY,HK,0.00041922900413033504,0.5582707801569586,2.4394759360762275
2024,vw,JP3143000002,ITO EN,JP,0.00041779405205902693,13.524943294201163,15.85791309863622
2024,vw,MU0117U00026,GOLDEN AGRI-RESOURCES,SG,0.00041722847410299337,720.6235909534727,2721.822956203814
2024,vw,AU000000BOQ8,BANK OF QLND.,AU,0.00041695538074708,0.11931450904443994,0.12711847984900804
2024,vw,JP3634200004,TOYODA GOSEI,JP,0.0004145330911582391,12.657204234537994,35.08388947795172
2024,vw,JP3398000004,SUZUKEN,JP,0.00041237743117724247,1.6564520561521678,10.380729954466014
2024,vw,JP3456000003,TAKASHIMAYA,JP,0.000410520719544435,6.095125221695873,7.44159499301305
2024,vw,JP3902000003,MITSUBISHI LOGISTICS,JP,0.0004044674194778584,8.523411409228252,5.9956292274439775
2024,vw,AU000000BPT9,BEACH ENERGY,AU,0.00040373863188308373,468.1333282583798,216.59729115302105
2024,vw,JP3449020001,TAIHEIYO CEMENT,JP,0.00040336050262104983,3241.6284650692232,7614.556875816261
2024,vw,JP3491000000,DAIDO STEEL,JP,0.0003910179756833798,84.55093901203247,137.20368962211128
2024,vw,JP3903000002,MITSUBISHI MATERIALS,JP,0.0003902924199626395,97.43190957832644,398.299154959901
2024,vw,JP3811000003,FUJIKURA,JP,0.00038903522096322773,3.770834849255457,8.37345118775156
2024,vw,JP3280200001,KEIKYU,JP,0.000384841864403493,35.5635517408526,26.925434802690695
2024,vw,JP3040890000,JAPAN PRIME REALTY INV.,JP,0.0003809183693256372,5.9999000016666395,0.6108787320872537
2024,vw,AU000000MTS0,METCASH,AU,0.0003773439166435049,1.4898817103757154,6.614592701080022
2024,vw,JP3164800009,NOK,JP,0.0003684304080564156,7.239667586640722,15.78961218958061
2024,vw,SG1N31909426,COMFORTDELGRO CORPORATION,SG,0.00036787129384845097,289.1112593375753,367.08133466870487
2024,vw,JP3870000001,MABUCHI MOTOR,JP,0.0003674624617830895,2.43073766954582,1.288044362552166
2024,vw,BMG524401079,KERRY PROPERTIES,HK,0.000367073020961935,3.0432961753282712,2.242492009966631
2024,vw,BMG8063F1068,SHANGRI-LA ASIA,HK,0.0003652680193136792,69.93880820540748,66.3596427196836
2024,vw,JP3780100008,PARK24,JP,0.00036127988675513383,87.96827024189683,89.6508075662088
2024,vw,JP3733400000,NIPPON ELEC.GLASS,JP,0.0003573967901027089,246.786610608329,210.69765338879597
2024,vw,JP3421100003,JAPAN PETROLEUM EXP.,JP,0.0003562607863795901,94.2638083447362,98.4274290483383
2024,vw,JP3765400001,HOUSE SHOKUHIN GP.HONSHA K K,JP,0.0003554366585007983,27.659932786881125,25.01443463949772
2024,vw,BMG2442N1048,COSCO SHIPPING PORTS,HK,0.00035124976568913247,52.816251027396554,35.38685903039114
2024,vw,NZFBUE0001S0,FLETCHER BUILDING,NZ,0.0003489632148097396,146.79896272477615,348.227144120657
2024,vw,JP3600200004,TOHO GAS,JP,0.0003487321358162744,11.530740892780516,24.131172153024913
2024,vw,JP3638600001,DOWA HDG.,JP,0.00034482480010859096,205.46618728570098,479.7788087539247
2024,vw,JP3276400003,GUNMA BANK,JP,0.0003405991248085115,1.0247656645664656,0.6556754833353101
2024,vw,JP3796150005,HIROGIN HOLDINGS,JP,0.00033734301171877524,1.1941844560978228,0.6980264418470972
2024,vw,JP3209000003,CASIO COMPUTER,JP,0.0003327149681014033,1.998240465254245,1.727522632785484
2024,vw,JP3742600004,NHK SPRING,JP,0.00032797542482984187,8.76627613570594,21.678828160797778
2024,vw,KYG525621408,KINGBOARD HOLDINGS,HK,0.0003274987234097564,255.706497605969,640.7241399727634
2024,vw,AU000000ANN9,ANSELL,AU,0.00032467406550362293,109.83767375101684,86.15369301214413
2024,vw,AU000000ILU1,ILUKA RESOURCES,AU,0.0003213339236889903,465.7822349229736,197.13054366793563
2024,vw,JP3131400008,AEON FINANCIAL SERVICE,JP,0.0003127565300014867,0.792702902232168,1.3164897052365083
2024,vw,AU000000PPT9,PERPETUAL,AU,0.0003049483223341887,0.003604023531870981,0.0015897155998791815
2024,vw,AU000000DOW2,DOWNER EDI,AU,0.0003020800341285898,39.5983068442794,158.6258545614054
2024,vw,AU000000SGM7,SIMS,AU,0.00030142881151064255,14.592684445298334,42.672956817755384
2024,vw,JP3579800008,TOKYO STEEL MNFG.,JP,0.00029845063958787145,153.32949599899075,204.66289823056763
2024,vw,JP3792600003,HINO MOTORS,JP,0.00029801433659321693,11.661363637458805,65.61039355391439
2024,vw,JP3888400003,MITSUI KINZOKU LIMITED,JP,0.00029755217860628663,189.1600915497199,436.6337924143025
2024,vw,JP3352000008,77 BANK,JP,0.0002965810004589261,1.2459203771482,0.6200452229819926
2024,vw,JP3544000007,TEIJIN,JP,0.00029017219424855696,98.0417406125765,373.11562686209754
2024,vw,HK0014000126,HYSAN DEVELOPMENT,HK,0.00028776929590392284,2.560417072695381,0.5901775586527555
2024,vw,JP3493400000,DIC,JP,0.0002852484341570303,40.3750885349742,160.23838388416175
2024,vw,BMG4600H1198,HOPSON DEVELOPMENT HOLDINGS,HK,0.0002821264438397249,0.679804847435008,1.70742883326651
2024,vw,JP3158800007,UBE,JP,0.00028119889599182986,1013.6664185228491,1804.431776388378
2024,vw,JP3841800000,HOKUETSU,JP,0.00028078360017839944,308.15450275264016,371.7793035180912
2024,vw,AU000000AMP6,AMP,AU,0.00027864409956757525,0.014053484318203316,0.015078145388117262
2024,vw,JP3718800000,NISSUI,JP,0.0002781932531397656,38.80288514783173,123.94223843490788
2024,vw,JP3156400008,USHIO,JP,0.0002780122681938349,2.8781288686752333,2.0215758759387135
2024,vw,JP3459600007,TAKARA HDG.,JP,0.0002777149357826629,27.990642932791722,37.20004654951705
2024,vw,JP3711200000,AOZORA BANK,JP,0.0002771752128189052,0.06428983753619687,0.05538518941734781
2024,vw,JP3658850007,NISHI-NIPPON FINL.HDG.,JP,0.0002749904659715983,0.4035218584107099,0.28323950779790097
2024,vw,HK0010000088,HANG LUNG GROUP,HK,0.0002717973744255344,3.0815180712511308,2.551754479839237
2024,vw,JP3215800008,KANEKA,JP,0.0002646484690612699,167.4764642431845,519.6184986627914
2024,vw,JP3172100004,OKUMA,JP,0.0002600947585466909,4.760876810029929,4.535400979149581
2024,vw,JP3560800009,TOKAI CARBON,JP,0.00025422729123709677,710.90520435571,1109.1689178452248
2024,vw,JP3352400000,CITIZEN WATCH,JP,0.0002533595330588395,8.22489770878191,10.970865117228358
2024,vw,BMG988031446,YUE YUEN INDL.HDG.,HK,0.0002521863627843241,8.986195179146762,45.49473927029002
2024,vw,JP3549600009,DENKA,JP,0.00024915001712893234,527.5490963218028,903.841538950468
2024,vw,JP3126400005,ALPS ALPINE,JP,0.0002487848153630364,2.0860442308169564,8.844677409926149
2024,vw,JP3300600008,KONICA MINOLTA,JP,0.00024307409394411445,19.017914910100924,98.1744812960784
2024,vw,BMG684371393,PACIFIC BASIN SHIP.,HK,0.00023929603319781007,1372.306967153772,2131.208427592261
2024,vw,JP3350800003,SHIKOKU ELECTRIC POWER,JP,0.00023714683696488245,1453.9032707677031,5389.935606963988
2024,vw,JP3385820000,GS YUASA,JP,0.00023257535114311386,15.467042481016517,40.18592888011895
2024,vw,AU000000BWP3,BWP GROUP STAPLED UNITS,AU,0.00023007711251446262,0.0,0.0
2024,vw,AU000000CQR9,CHARTER HALL RETAIL REIT,AU,0.00022838037864636188,1.0107164617755637,0.09976650392697942
2024,vw,JP3992400006,WACOAL HDG.,JP,0.00022743343955425994,1.2572543095618254,1.1211845620417211
2024,vw,JP3678000005,NISSHINBO HOLDINGS,JP,0.00022606958871171037,24.464600572247008,63.831308077197995
2024,vw,JP3535800001,TSUMURA,JP,0.0002251598161710049,42.593771766977866,30.676704680020386
2024,vw,HK0363006039,SHANGHAI INDUSTRIAL HOLDINGS,HK,0.00021702195735219025,93.24320116366641,290.29919360243036
2024,vw,NZAIRE0001S2,AIR NEW ZEALAND,NZ,0.0002116134161554919,795.659966679141,2482.4373444110147
2024,vw,JP3827200001,FURUKAWA ELECTRIC,JP,0.00021137425747694058,20.792438875960837,112.10724278702813
2024,vw,AU000000ABC7,ADBRI DEAD - DELIST.02/07/24,AU,0.00021128699687800967,1434.488447396825,1375.2523861967695
2024,vw,JP3684400009,NITTO BOSEKI,JP,0.00020967590767182256,239.12330564057717,107.8956494932758
2024,vw,JP3411000007,SURUGA BANK,JP,0.00020872412076866894,0.31385123829438866,0.12851679234473468
2024,vw,AU000000TAH8,TABCORP HOLDINGS,AU,0.00020076239908473328,2.271692919426438,2.8243949162501307
2024,vw,JP3548610009,DENA,JP,0.00020041497262602694,0.5363518381897587,0.4015351867380507
2024,vw,JP3274400005,GLORY,JP,0.00019475919306569106,7.964245574136108,15.02190435100063
2024,vw,JP3721400004,JAPAN STEEL WORKS,JP,0.0001931868863479177,36.118354518820624,51.024249065252484
2024,vw,KYG5427W1309,LEE & MAN PAPER MNFG.,HK,0.0001869768403906689,1812.9705861877133,4996.43650395824
2024,vw,SG1T58930911,FRASER AND NEAVE,SG,0.00018412955936629414,32.091765309300534,44.038404156354765
2024,vw,AU000000SIG5,SIGMA HEALTHCARE,AU,0.0001779211293460626,0.0033981876930839474,0.006875317881275885
2024,vw,JP3726200003,NIPPON SODA,JP,0.000177646420053132,44.7585349194988,42.26353994214711
2024,vw,JP3625000009,TOKUYAMA,JP,0.0001750851598808085,2665.9946930799542,5692.715207339246
2024,vw,JP3789000001,KANADEVIA,JP,0.00017104046952665973,56.7120882052194,192.82731515598132
2024,vw,JP3845400005,HOKURIKU ELEC.POWER,JP,0.0001692661706817315,2345.9286809137384,12553.938977355176
2024,vw,HK0200030994,MELCO INTL.DEV.,HK,0.00016735936500138972,7.47198634032876,27.244901900200833
2024,vw,AU000000IRE2,IRESS,AU,0.00016351343490036133,0.11521923523845479,0.04644819543819425
2024,vw,NZSKCE0001S2,SKY CITY ENTM.GP.,NZ,0.00016043830675655586,9.719212115289173,5.1085259606184215
2024,vw,JP3834800009,HEIWA REAL ESTATE,JP,0.00015987919254859123,8.682786998936614,2.8472088862834677
2024,vw,JP3850200001,HOKKAIDO ELEC.POWER,JP,0.0001556357419413221,1799.9402307542093,11981.767777973897
2024,vw,JP3165600002,NTN,JP,0.00015500067869354724,16.352985848557335,94.87072560467055
2024,vw,JP3495000006,SUMITOMO PHARMA,JP,0.00015091235803993302,12.1616526165531,29.01060070671378
2024,vw,HK0308001558,CTII.INTL.INV.HK.,HK,0.00014987492647486572,48.51687579063127,30.062750679259928
2024,vw,AU000000ELD6,ELDERS,AU,0.0001498619989787278,26.422330540999642,61.688591761915035
2024,vw,AU000000IFL2,INSIGNIA FINANCIAL,AU,0.00014747041219321437,0.0,0.0
2024,vw,AU000000ERA9,ENERGY RES.OF AUS.,AU,0.0001469888629620772,5109.006866220886,125.15555946439173
2024,vw,AU000000MND5,MONADELPHOUS GROUP,AU,0.00014220892126508476,7.691180472691495,10.437025589745922
2024,vw,JP3400900001,SUMITOMO OSAKA CEMENT,JP,0.00013854559204700437,5042.992514433392,8794.336167582258
2024,vw,HK0165000859,CHINA EVERBRIGHT,HK,0.00013790244911414333,0.032176067441037355,0.011717971853431609
2024,vw,JP3919800007,MEIDENSHA,JP,0.00013788952161800542,10.60916117292327,24.02292250178716
2024,vw,SG2B80958517,OUE,SG,0.00011488665817761088,4.0570761302332,2.648672217846292
2024,vw,BMG8403G1033,SINOFERT HOLDINGS,HK,0.00011176789973433995,566.7410891956519,2515.933522250817
2024,vw,JP3407200009,OSAKA TITANIUM,JP,0.00011069491755489337,151.80073113437027,79.71300108026043
2024,vw,JP3389900006,JAFCO GROUP,JP,0.00010725620358220919,0.09436078303980942,0.01838069123451954
2024,vw,AU0000033359,HEALIUS,AU,0.00010708006644733014,5.3297112816151255,8.870444427676754
2024,vw,JP3619800000,TOYOBO,JP,0.0001062704820016935,239.25021840924032,1002.326500821118
2024,vw,HK0440001847,DAH SING FINANCIAL HDG.,HK,0.00010367690308902521,0.053762116076888786,0.1496282672734924
2024,vw,JP3194000000,OKI ELECTRIC IND.,JP,9.876283861960196e-05,3.008884008635869,13.253051474197456
2024,vw,JP3528600004,CHIYODA CORPORATION,JP,9.561337737300351e-05,25.481036023544068,150.7850394632324
2024,vw,JP3203500008,ONWARD HOLDINGS,JP,9.414610656135066e-05,0.9408657550229708,2.037383498395153
2024,vw,JP3826800009,FURUKAWA,JP,8.458945504140031e-05,25.51178711977303,65.49945555619233
2024,vw,JP3891600003,MITSUI E&S,JP,8.16872321584394e-05,23.37506756855469,94.95361120452613
2024,vw,JP3425000001,CENTRAL GLASS,JP,7.80950041691175e-05,210.86808911179213,485.8011918556531
2024,vw,JP3305800009,KOMORI,JP,7.569372176150063e-05,6.69764154069318,9.709235301652363
2024,vw,SG9999003735,XP POWER (DI),SG,7.013813029623357e-05,1.483611795855017,1.3478020458943876
2024,vw,AU000000GWA4,GWA GROUP,AU,6.229921982560807e-05,1.1540874865543205,0.8014940471558634
2024,vw,HK0242001243,SHUN TAK HOLDINGS,HK,4.988559165917949e-05,237.42875541843276,400.0971785818406
2024,vw,AU000000MAH3,MACMAHON HOLDINGS,AU,3.9726195631799055e-05,0.7274265860584708,3.636511552229092
2024,vw,AU000000SWM4,SEVEN WEST MEDIA DEAD - DELIST.08/01/26,AU,3.9722963757764576e-05,2.633561672851745,10.115653730371818
2024,vw,BMG2108M2182,CHINESE ESTATES HDG.,HK,3.941916759852368e-05,0.0,0.0
2024,vw,SG1S76928401,COSCO SHIPPING INTERNATIONAL,SG,3.746711568169919e-05,143.85868707886692,82.59682567066334
2024,vw,HK0000139300,TELEVISION BROADCASTS,HK,2.7436994615697857e-05,0.8568328696970124,2.1442369986453857
2024,vw,AU000000SXL4,SOUTHERN CROSS MEDIA GROUP,AU,2.55237251872871e-05,1.1455406598699525,2.348971193415638
2024,vw,JP3599000001,TOHO ZINC,JP,1.655365880459443e-05,222.99751023279825,1952.362358453729
2024,vw,AU000000SBM8,ST BARBARA,AU,1.464846906126987e-05,1918.1924013123082,1599.5587424158853
2024,vw_50,AU000000BWP3,BWP GROUP STAPLED UNITS,AU,0.05739157371180565,0.0,0.0
2024,vw_50,JP3633400001,TOYOTA MOTOR,JP,0.03883132093664894,8.68325956389896,7.8824987927614405
2024,vw_50,JP3143600009,ITOCHU,JP,0.02488913248586039,11.372342811388137,14.736570255814494
2024,vw_50,AU000000BHP4,BHP GROUP,AU,0.023514112686337296,150.87613865715858,52.12413145782233
2024,vw_50,JP3732200005,NIPPON TELEVISION HDG.,JP,0.02229350187008423,1.41494284363383,1.0336655910747645
2024,vw_50,AU000000CBA7,COMMONWEALTH BK.OF AUS.,AU,0.02151510418992298,0.19011187237641752,0.057407578781184423
2024,vw_50,JP3898400001,MITSUBISHI,JP,0.021075591312051306,152.3072139013388,286.3101184559599
2024,vw_50,JP3735400008,NTT,JP,0.020588964833858466,1.6746789260904795,1.3099475671653784
2024,vw_50,JP3539220008,T & D HOLDINGS,JP,0.019986136537750266,0.07639756645755359,0.19371022545946046
2024,vw_50,JP3435000009,SONY GROUP,JP,0.01925490774856027,2.8403204824349157,1.9572985673792722
2024,vw_50,JP3122400009,ADVANTEST,JP,0.017501167360619067,0.7381710324423192,0.07820600470749693
2024,vw_50,JP3756600007,NINTENDO,JP,0.01737750743568969,0.14581276563702686,0.022536092297360037
2024,vw_50,JP3397200001,SUZUKI MOTOR,JP,0.016454026945554753,11.975402523217312,17.845018193213672
2024,vw_50,JP3837800006,HOYA,JP,0.01608085521543536,2.1701303261903164,0.25464029858658427
2024,vw_50,JP3198900007,ORIENTAL LAND,JP,0.015768078418875436,17.698023021999873,1.074674079927681
2024,vw_50,JP3726200003,NIPPON SODA,JP,0.013139339687694354,44.7585349194988,42.26353994214711
2024,vw_50,HK0019000162,SWIRE PACIFIC 'A',HK,0.012312926637036096,6.515174831830142,11.800679061860953
2024,vw_50,JP3242800005,CANON,JP,0.01195338527059972,7.021399252609229,5.5581101437362905
2024,vw_50,JP3201200007,OLYMPUS,JP,0.011920281194564602,4.105339466174771,1.373209184178941
2024,vw_50,JP3910660004,TOKIO MARINE HOLDINGS,JP,0.011110519851285083,0.296885543734972,0.26693110758757277
2024,vw_50,JP3830000000,BROTHER INDUSTRIES,JP,0.010629332618699293,3.4293421200167167,4.40545349957442
2024,vw_50,AU000000NAB4,NATIONAL AUS.BANK,AU,0.010426008934219126,0.21661545709016042,0.11169126353777381
2024,vw_50,KYG2108Y1052,CHINA RESOURCES LAND,HK,0.01042230997417525,0.9837716412141607,1.6292527085970918
2024,vw_50,JP3571400005,TOKYO ELECTRON,JP,0.010099263073998879,1.690806008834703,0.23494292732846062
2024,vw_50,JP3893200000,MITSUI FUDOSAN,JP,0.009664220614031507,11.77688203122596,8.029541806715978
2024,vw_50,SG1L01001701,DBS GROUP HOLDINGS,SG,0.009589537941065051,0.049656529604459,0.02093218086112738
2024,vw_50,AU000000BEN6,BENDIGO & ADELAIDE BANK,AU,0.008650845217520828,0.43363972167339576,0.34898994787273757
2024,vw_50,BMG5320C1082,KUNLUN ENERGY,HK,0.008113593642373991,19.537684671149922,63.99946151393006
2024,vw_50,JP3475350009,DAIICHI SANKYO,JP,0.008058931292867798,8.40673094683883,1.4425669009544007
2024,vw_50,JP3463000004,TAKEDA PHARMACEUTICAL,JP,0.007938594440271734,9.922485825248877,6.10940164651659
2024,vw_50,AU000000QBE9,QBE INSURANCE GROUP,AU,0.00792705428124673,0.3791129608325802,0.49158261551652027
2024,vw_50,JP3188220002,OTSUKA HOLDINGS,JP,0.0077101232387712815,27.084566579578272,17.230570380370402
2024,vw_50,JP3452000007,TAIYO YUDEN,JP,0.007569427831983087,24.533092783213327,16.423991661665774
2024,vw_50,JP3802300008,FAST RETAILING,JP,0.0075636329369784564,0.45398341685643534,0.10514133948626213
2024,vw_50,JP3496400007,KDDI,JP,0.007333406509713045,0.7325894256003673,0.3718701279676889
2024,vw_50,IE00BKVD2N49,SEAGATE TECHNOLOGY HOLDINGS,SG,0.007222582586682416,42.36037706691393,14.94920474947045
2024,vw_50,JP3967200001,RAKUTEN GROUP,JP,0.007013352736116653,0.21410339354236677,0.32751271014303907
2024,vw_50,JP3902900004,MITSUBISHI UFJ FINL.GP.,JP,0.006992155116912112,0.3842093219010886,0.23676124022347622
2024,vw_50,JP3404600003,SUMITOMO,JP,0.006818010252720342,98.59899963152705,163.48791542802616
2024,vw_50,JP3868400007,MAZDA MOTOR,JP,0.006564883447499514,3.5355104459497158,14.858032822986438
2024,vw_50,JP3148800000,IBIDEN,JP,0.006521105312269763,63.42725885676062,23.248516659059792
2024,vw_50,NZTELE0001S4,SPARK NEW ZEALAND,NZ,0.006437198809232655,2.3177075837178807,0.798812215840087
2024,vw_50,JP3762800005,NOMURA RESEARCH INST.,JP,0.00627584129396881,0.20419348067390383,0.059570934387977156
2024,vw_50,JP3888300005,MITSUI CHEMICALS,JP,0.0059260416594557165,315.84915594362366,624.5432761755859
2024,vw_50,JP3665200006,NICHIREI,JP,0.005752708164236427,18.65705221208986,25.809664352906168
2024,vw_50,HK0004000045,WHARF HOLDINGS,HK,0.005665065146986937,6.999303824918776,1.8159742780696562
2024,vw_50,BMG8403G1033,SINOFERT HOLDINGS,HK,0.005632680933330695,566.7410891956519,2515.933522250817
2024,vw_50,HK0014000126,HYSAN DEVELOPMENT,HK,0.005614164944379527,2.560417072695381,0.5901775586527555
2024,vw_50,JP3676800000,NISSHIN SEIFUN,JP,0.005557388202650411,26.18510284111857,35.1737819319317
2024,vw_50,SG1V61937297,SINGAPORE AIRLINES,SG,0.005271000218143913,1091.8199251781807,992.8591061441467
2024,vw_50,JP3162600005,SMC,JP,0.005205453110067607,10.195990309702825,1.4345649589212943
2024,vw_50,AU000000WES1,WESFARMERS,AU,0.00516379188388515,29.154765481424313,19.069622623733597
2024,vw_50,JP3194000000,OKI ELECTRIC IND.,JP,0.005132498658807885,3.008884008635869,13.253051474197456
2024,vw_50,JP3899600005,MITSUBISHI ESTATE,JP,0.00499389624006676,9.867406133480547,5.117302923827356
2024,vw_50,JP3266400005,KUBOTA,JP,0.004886040782135922,11.927525995993824,13.602875524732324
2024,vw_50,AU000000ALL7,ARISTOCRAT LEISURE,AU,0.004694680163829457,1.2662857332213486,0.27741968201095907
2024,vw_50,JP3362700001,MITSUI OSK LINES,JP,0.004677274485197912,1016.3074559441026,847.5181024112962
2024,vw_50,KYG210961051,CHINA MENGNIU DAIRY,HK,0.00467272214723761,19.9110982021821,31.296345376317404
2024,vw_50,JP3551500006,DENSO,JP,0.00462091725541095,11.348478714564271,10.958998866296595
2024,vw_50,JP3300600008,KONICA MINOLTA,JP,0.0045731690558775285,19.017914910100924,98.1744812960784
2024,vw_50,HK0823032773,LINK REAL ESTATE INVESTMENT TRUST,HK,0.004485949219899569,5.27434845571533,0.6647129152834377
2024,vw_50,JP3519400000,CHUGAI PHARM.,JP,0.00438230606698459,6.823104124814123,0.8708454009749015
2024,vw_50,AU000000WOW2,WOOLWORTHS GROUP,AU,0.0043586168099505615,10.80108844362592,15.956120814217831
2024,vw_50,JP3436120004,SBI HDG.,JP,0.00414369979341278,0.15311730842625115,0.17832850298692848
2024,vw_50,AU000000ELD6,ELDERS,AU,0.004114835594113074,26.422330540999642,61.688591761915035
2024,vw_50,JP3900000005,MITSUBISHI HEAVY INDS.,JP,0.004078839423937023,4.226533271597552,5.734857531023801
2024,vw_50,JP3320800000,SAPPORO HOLDINGS,JP,0.004064719733137851,34.1502031653949,33.109456073440064
2024,vw_50,JP3304200003,KOMATSU,JP,0.004062775379554433,4.21484007725958,3.9358098566527033
2024,vw_50,JP3409000001,SUMITOMO REAL.&DEV.,JP,0.004049087185977301,6.5899342891598796,2.891133364620327
2024,vw_50,JP3866800000,PANASONIC HOLDINGS,JP,0.004035139574678544,5.541671466671923,13.808756587017236
2024,vw_50,AU000000TLS2,TELSTRA GROUP,AU,0.004022745162375601,2.229433564432526,1.0792467172247997
2024,vw_50,AU000000ANZ3,ANZ GROUP HOLDINGS,AU,0.004019139802644144,0.16711811652104513,0.11147848575618169
2024,vw_50,JP3885400006,MISUMI GROUP,JP,0.0039163191435087705,2.5182914235923417,1.2776238098485742
2024,vw_50,JP3108600002,ACOM,JP,0.0038979683372334863,0.6742884023421892,0.3274493862506172
2024,vw_50,SG9999003735,XP POWER (DI),SG,0.0037268982601065567,1.483611795855017,1.3478020458943876
2024,vw_50,JP3726800000,JAPAN TOBACCO,JP,0.0036503024711688286,16.713454211072094,6.078365174104236
2024,vw_50,JP3906000009,MINEBEA MITSUMI,JP,0.0036301459059957537,10.529406918731544,11.075322988737376
2024,vw_50,JP3494600004,SCREEN HOLDINGS,JP,0.003627693949104595,3.131878387909446,0.9164819191864573
2024,vw_50,JP3197800000,OMRON,JP,0.0036248601635671717,0.6531247119469425,0.40212423448579454
2024,vw_50,JP3528600004,CHIYODA CORPORATION,JP,0.003612260215177512,25.481036023544068,150.7850394632324
2024,vw_50,JP3126400005,ALPS ALPINE,JP,0.0035503809583902306,2.0860442308169564,8.844677409926149
2024,vw_50,HK0000055878,CHINA TAIPING INSURANCE HLDGS,HK,0.003470364445958319,0.7648172059319027,3.1807866970769574
2024,vw_50,JP3546800008,TERUMO,JP,0.003413505573177302,10.740930393752596,2.5285313989316944
2024,vw_50,AU0000088338,AMPOL,AU,0.003352677029927471,29.50093508181021,127.23189249060624
2024,vw_50,JP3670800006,NISSAN CHEMICAL,JP,0.00333973054242454,119.32838140845443,31.783915392760186
2024,vw_50,JP3854600008,HONDA MOTOR,JP,0.003287393163721409,8.184643664059664,17.85570653361996
2024,vw_50,JP3436100006,SOFTBANK GROUP,JP,0.003278460476411647,0.16554971716837139,0.11679762986882644
2024,vw_50,AU000000ORG5,ORIGIN ENERGY (EX BORAL),AU,0.0032590340414195033,1519.3516027710039,1636.5264890845672
2024,vw_50,JP3955000009,YOKOGAWA ELECTRIC,JP,0.003183538301310009,3.334427532350858,2.2696751970744216
2024,vw_50,JP3827200001,FURUKAWA ELECTRIC,JP,0.003181766541201281,20.792438875960837,112.10724278702813
2024,vw_50,JP3358000002,SHIMANO,JP,0.003175141501486137,3.094415299289347,0.7731487772534944
2024,vw_50,JP3944130008,USS,JP,0.0031683456647724406,6.601359239815366,0.8781944864444541
2024,vw_50,JP3352000008,77 BANK,JP,0.003134933222827268,1.2459203771482,0.6200452229819926
2024,vw_50,JP3788600009,HITACHI,JP,0.003082740477599107,5.936434822717056,5.346166985387321
2024,vw_50,AU000000IGO4,IGO,AU,0.0030713510347846694,185.05540805629303,30.853263754004843
2024,vw_50,JP3493800001,DAI NIPPON PRINTING,JP,0.0030649185114781964,32.577551649869086,37.6269302008307
2024,vw_50,AU000000MQG1,MACQUARIE GROUP,AU,0.003006572590025937,0.02048108822291449,0.008162583674291256
2024,vw_50,JP3351100007,SYSMEX,JP,0.0029200820926419753,4.710780091651314,1.2302377870738892
2024,vw_50,JP3914400001,MURATA MANUFACTURING,JP,0.0028817165276106746,18.100520264646313,4.651222699111688
2024,vw_50,JP3771800004,HAMAMATSU PHOTONICS,JP,0.0028637931483835493,3.8889900768353804,0.8844954770291998
2024,vw_50,JP3613400005,TOYO SEIKAN GROUP HDG.,JP,0.002859340194527777,58.15927467525118,133.7110972983131
2024,vw_50,AU000000AMP6,AMP,AU,0.0028420777155587656,0.014053484318203316,0.015078145388117262
2024,vw_50,JP3357200009,SHIMADZU,JP,0.0028060964984656963,0.765278073879082,0.31972823100364695
2024,vw_50,SG1U68934629,KEPPEL,SG,0.0027991311382960463,0.2549558365615534,0.1338210095950574
2024,vw_50,JP3780100008,PARK24,JP,0.0027700709890972086,87.96827024189683,89.6508075662088
2024,vw_50,JP3951600000,UNI CHARM,JP,0.0027686566205242296,4.738770923405403,1.3758081730318745
2024,vw_50,JP3223800008,KAWASAKI KISEN KAISHA,JP,0.0027407093380100596,1045.355472992995,583.5966543164894
2024,vw_50,JP3626800001,LIXIL,JP,0.002734324860826996,42.147290400285215,112.22603644045418
2024,vw_50,JP3635000007,TOYOTA TSUSHO,JP,0.0027197814150069313,6.463649216554283,19.125514159705375
2024,vw_50,HK0291001490,CHINA RESOURCES BEER HOLDINGS,HK,0.002688755581784089,30.35461828249571,14.149556576620697
2024,vw_50,HK0000139300,TELEVISION BROADCASTS,HK,0.002661025834064999,0.8568328696970124,2.1442369986453857
2024,vw_50,JP3942800008,YAMAHA MOTOR,JP,0.002616946320060117,8.90071046530848,14.743697320871894
2024,vw_50,JP3931600005,YAKULT HONSHA,JP,0.002443718152606005,67.88962209609997,31.073466149220863
2024,vw_50,JP3658850007,NISHI-NIPPON FINL.HDG.,JP,0.00240724934520686,0.4035218584107099,0.28323950779790097
2024,vw_50,JP3783420007,HIKARI TSUSHIN,JP,0.002312573148842888,0.26347084343663524,0.14025406094051676
2024,vw_50,JP3385820000,GS YUASA,JP,0.0022658770015903966,15.467042481016517,40.18592888011895
2024,vw_50,BMG668971101,CTF SERVICES,HK,0.002118549439640996,8.91324242355486,8.194365576943134
2024,vw_50,JP3336000009,SANTEN PHARM.,JP,0.002063768688508287,8.354311960738022,4.567617974211381
2024,vw_50,JP3635400009,TOYOTA BOSHOKU,JP,0.0020532451966826437,4.9836525678653745,20.630514587492755
2024,vw_50,JP3040890000,JAPAN PRIME REALTY INV.,JP,0.001996681195704218,5.9999000016666395,0.6108787320872537
2024,vw_50,JP3119600009,AJINOMOTO,JP,0.0019957913928889733,81.23740997746677,36.353675418554644
2024,vw_50,JP3134800006,IHI,JP,0.0019855268636954646,7.573267076417063,22.58623563897031
2024,vw_50,AU000000SEK6,SEEK,AU,0.0019816969162635705,0.1116423748257994,0.014392940510833582
2024,vw_50,AU000000WOR2,WORLEY,AU,0.001953791543670831,3.0627430971652467,4.727931354927304
2024,vw_50,AU000000PPT9,PERPETUAL,AU,0.0019149378390030762,0.003604023531870981,0.0015897155998791815
2024,vw_50,JP3190000004,OBAYASHI,JP,0.0018499222250810748,14.51616227733481,32.79175135880515
2024,vw_50,JP3814000000,FUJIFILM HOLDINGS,JP,0.0018032713776643637,28.58579472850527,21.19248573930156
2024,vw_50,JP3152740001,ABC-MART,JP,0.001780296238845545,0.05418542429852083,0.027855662005790323
2024,vw_50,JP3574200006,TOKYU,JP,0.0017796970588343567,21.161930099142896,19.262627061554113
2024,vw_50,HK2388011192,BOC HONG KONG HOLDINGS,HK,0.0017435556755601269,0.026533192562001966,0.02058109548752515
2024,vw_50,JP3197600004,ONO PHARM.,JP,0.0017205568572475432,1.9945165678835202,0.7573608123429465
2024,vw_50,JP3292200007,JTEKT,JP,0.0016971677620002102,8.426852850295528,34.242924474968746
2024,vw_50,JP3877600001,MARUBENI,JP,0.0016860596132663257,19.4177342233685,34.14911627813233
2024,vw_50,JP3249600002,KYOCERA,JP,0.0016745876607011019,8.611914046141104,5.439282536852183
2024,vw_50,JP3769000005,HACHIJUNI NAGANO BANK,JP,0.0016562373264523743,2.659302522560195,1.262553074325793
2024,vw_50,AU000000SHL7,SONIC HEALTHCARE,AU,0.0016257393701780525,5.941038532943857,3.2848898905474644
2024,vw_50,SG1F60858221,SINGAPORE TECHS.ENGR.,SG,0.001604586882430284,5.980587014550768,5.091246450269836
2024,vw_50,US89677Q1076,TRIP COM GROUP ADR 1:1,SG,0.0015452561329619959,0.5147063857183863,0.1356619805306385
2024,vw_50,JP3820000002,FUJI ELECTRIC,JP,0.0015250869030198834,18.46616944133581,16.743172450936147
2024,vw_50,JP3890310000,MS&AD INSURANCE GP.HDG.,JP,0.0015072673249487505,0.3687201644800836,0.7150422149658442
2024,vw_50,JP3818000006,FUJITSU,JP,0.0015037910858250216,2.5510504049692866,2.050913281297818
2024,vw_50,JP3352400000,CITIZEN WATCH,JP,0.0014900557553396696,8.22489770878191,10.970865117228358
2024,vw_50,AU000000ASX7,ASX,AU,0.0014371583177913698,0.05006309422316066,0.004098681791606141
2024,vw_50,HK0392044647,BEIJING ENTERPRISES HOLDINGS,HK,0.001436968272284613,67.00961954835415,156.03934755532353
2024,vw_50,JP3200450009,ORIX,JP,0.001421393179278303,54.29913554841451,42.85810642828575
2024,vw_50,SG1S04926220,OVERSEA-CHINESE BKG.,SG,0.0014197601012197567,0.007174201181232225,0.003019118568333975
2024,vw_50,JP3165700000,NTT DATA GROUP DEAD - DELIST.26/09/25,JP,0.0013794724470488615,1.3749714134926783,1.9580933235396452
2024,vw_50,HK0000745908,YUEXIU PROPERTY COMPANY,HK,0.0013774066242800268,0.5582707801569586,2.4394759360762275
2024,vw_50,HK0066009694,MTR,HK,0.0012847332514205364,8.310321918271633,2.975233249265822
2024,vw_50,HK0388045442,HONG KONG EXCHANGES AND CLEARING,HK,0.0012809943983389386,0.03016046877411267,0.001585622421546706
2024,vw_50,JP3443600006,TAISEI,JP,0.0012097117580253706,19.188946603411214,32.08911943334736
2024,vw_50,NZCENE0001S6,CONTACT ENERGY,NZ,0.00119287699591707,641.8833001041249,242.1337101881122
2024,vw_50,JP3294460005,INPEX,JP,0.0011813327347296057,453.0609907499933,385.4658285184102
2024,vw_50,AU000000TCL6,TRANSURBAN GROUP STAPLED UNITS,AU,0.00115013186344108,2.191622602010431,0.22490479882095363
2024,vw_50,JP3131400008,AEON FINANCIAL SERVICE,JP,0.0011411388186985505,0.792702902232168,1.3164897052365083
2024,vw_50,JP3351600006,SHISEIDO,JP,0.0011253199392279524,2.7161453623094105,1.6048784704090122
2024,vw_50,JP3174410005,OJI HOLDINGS,JP,0.0011154221693974525,513.0133366918723,1506.174291727293
2024,vw_50,JP3371200001,SHIN-ETSU CHEMICAL,JP,0.0011132500121060407,134.6385950600727,27.957932414878258
2024,vw_50,SGXE21576413,GENTING SINGAPORE,SG,0.001103887569144785,1.3548675839046174,0.2655308331356362
2024,vw_50,JP3111200006,ASAHI KASEI,JP,0.0010626364035306464,128.64597215716822,228.76725067708458
2024,vw_50,HK0363006039,SHANGHAI INDUSTRIAL HOLDINGS,HK,0.0010498589558917317,93.24320116366641,290.29919360243036
2024,vw_50,JP3210200006,KAJIMA,JP,0.0010352934784380807,15.260122585522005,28.63839743332326
2024,vw_50,BMG2108M2182,CHINESE ESTATES HDG.,HK,0.0010120862779188665,0.0,0.0
2024,vw_50,JP3137200006,ISUZU MOTORS,JP,0.0010116551565861672,7.976402545268409,17.225349959516613
2024,vw_50,JP3274400005,GLORY,JP,0.0010072328318679034,7.964245574136108,15.02190435100063
2024,vw_50,AU000000GMG2,GOODMAN GROUP,AU,0.0010034630686379972,2.8839716539022677,0.1143908887252975
2024,vw_50,HK0688002218,CHINA OVERSEAS LAND INVESTMENT,HK,0.0009946860292538249,0.2851904465602999,0.4958964899617718
2024,vw_50,JP3814800003,SUBARU,JP,0.000982376393188028,5.132377246189555,10.378211553396232
2024,vw_50,JP3421100003,JAPAN PETROLEUM EXP.,JP,0.0009799893407528464,94.2638083447362,98.4274290483383
2024,vw_50,JP3160400002,EISAI,JP,0.0009676986159660338,9.612048039269606,3.5721769281160602
2024,vw_50,JP3753000003,NIPPON YUSEN KK,JP,0.0009555964399220965,719.2608047464832,664.0672218498912
2024,vw_50,NZAIAE0002S6,AUCKLAND INTL.AIRPORT,NZ,0.0009313514946563432,4.361863401576867,0.2701541830029412
2024,vw_50,JP3351500008,SHIZUOKA FINANCIAL GROUP,JP,0.0009312607689438135,0.5008686315353468,0.19783765375426351
2024,vw_50,AU000000COH5,COCHLEAR,AU,0.0009240742316534009,0.6033067695107366,0.06481877624270695
2024,vw_50,JP3718800000,NISSUI,JP,0.0009075338350871664,38.80288514783173,123.94223843490788
2024,vw_50,JP3711600001,NIPPON SANSO HOLDINGS,JP,0.0008707869583835428,126.75128926470289,93.39260509965835
2024,vw_50,JP3305800009,KOMORI,JP,0.0008699418644981477,6.69764154069318,9.709235301652363
2024,vw_50,JP3411000007,SURUGA BANK,JP,0.0008458145053423668,0.31385123829438866,0.12851679234473468
2024,vw_50,HK0023000190,BANK OF EAST ASIA,HK,0.0008456183506281523,0.3980875548893682,0.7467186123092621
2024,vw_50,SG9999000020,FLEX,SG,0.0008302266068021692,2.847068763468298,7.914276358997557
2024,vw_50,JP3675600005,NISSIN FOODS HOLDINGS,JP,0.0008210271509980951,59.373946215893596,28.96429923047811
2024,vw_50,JP3625000009,TOKUYAMA,JP,0.0008198371890097921,2665.9946930799542,5692.715207339246
2024,vw_50,SG1M77906915,CAPITALAND ASCENDAS REIT,SG,0.0008132106678582898,3.198597441122047,0.3783652576801546
2024,vw_50,JP3597800006,TOBU RAILWAY,JP,0.0007929863922297358,30.22179719795739,23.330932641645322
2024,vw_50,JP3841800000,HOKUETSU,JP,0.0007881701318004199,308.15450275264016,371.7793035180912
2024,vw_50,JP3634600005,TOYOTA INDS.,JP,0.0007850455372141294,12.71875802326177,11.177779628283046
2024,vw_50,JP3389900006,JAFCO GROUP,JP,0.0007465038837033422,0.09436078303980942,0.01838069123451954
2024,vw_50,AU000000CSL8,CSL,AU,0.0007302892805012817,8.101288183683304,1.1968877106429692
2024,vw_50,JP3116000005,ASAHI GROUP HOLDINGS,JP,0.0007251052127173255,24.77409111574891,24.62837675990738
2024,vw_50,KYG0535Q1331,ASMPT,HK,0.000712254318842692,0.5852779192199415,0.24343392318110596
2024,vw_50,JP3888400003,MITSUI KINZOKU LIMITED,JP,0.0006768960155213088,189.1600915497199,436.6337924143025
2024,vw_50,HK0006000050,POWER ASSETS HOLDINGS,HK,0.0006693633963117264,37866.39227673032,495.8273000414504
2024,vw_50,JP3388200002,AEON,JP,0.0006614777210951278,3.163423347206912,9.64443695920979
2024,vw_50,JP3118000003,ASICS,JP,0.000660492744338485,0.8478318558654656,0.55448371990243
2024,vw_50,AU0000224040,WOODSIDE ENERGY GROUP,AU,0.0006548329076849591,718.2232936722069,245.77946222796396
2024,vw_50,JP3381000003,NIPPON STEEL,JP,0.0006331698911740937,1096.6442121826688,2813.650379548339
2024,vw_50,JP3942400007,ASTELLAS PHARMA,JP,0.0006244030328628218,5.488008503511811,2.7858965086558163
2024,vw_50,JP3305990008,YOKOHAMA FINANCIAL GROUP,JP,0.0006197601911615538,0.33444043667143664,0.13973767913941604
2024,vw_50,HK0008011667,PCCW,HK,0.0006175064183218314,1.1785216133510878,1.366564130198861
2024,vw_50,SG1M51904654,CAPITALAND INTEG. COML. TST.,SG,0.0006155620342902632,0.2728033948101951,0.03180052144829807
2024,vw_50,AU000000IRE2,IRESS,AU,0.000600084874787742,0.11521923523845479,0.04644819543819425
2024,vw_50,JP3404200002,SUMITOMO RUBBER INDS.,JP,0.0005991587111782999,47.47565518922763,125.26040541842623
2024,vw_50,SG1T75931496,SINGAPORE TELECOM,SG,0.0005951458544446427,0.7848293558075881,0.280344502249419
2024,vw_50,JP3933800009,LY,JP,0.0005739199912897049,0.29593697025492044,0.14903848371584727
2024,vw_50,JP3890350006,SUMITOMO MITSUI FINL.GP.,JP,0.0005725893678760172,0.2511931809310805,0.205733927636997
2024,vw_50,HK0011000095,HANG SENG BANK DEAD - DELIST.28/01/26,HK,0.0005693583564949466,0.01285537728133312,0.005900130607781794
2024,vw_50,JP3902400005,MITSUBISHI ELECTRIC,JP,0.000566240416405411,6.6454874413919125,7.463426816475292
2024,vw_50,HK0010000088,HANG LUNG GROUP,HK,0.0005316106286008482,3.0815180712511308,2.551754479839237
2024,vw_50,AU000000TAH8,TABCORP HOLDINGS,AU,0.0005304028234112948,2.271692919426438,2.8243949162501307
2024,vw_50,AU000000ERA9,ENERGY RES.OF AUS.,AU,0.0005272947258653784,5109.006866220886,125.15555946439173
2024,vw_50,JP3429800000,ANA HOLDINGS,JP,0.0005233358051770104,787.2618224154925,987.7527620943458
2024,vw_50,JP3407200009,OSAKA TITANIUM,JP,0.0005085716436199961,151.80073113437027,79.71300108026043
2024,vw_50,AU000000SXL4,SOUTHERN CROSS MEDIA GROUP,AU,0.00048028989833733763,1.1455406598699525,2.348971193415638
2024,vw_50,AU000000WBC1,WESTPAC BANKING,AU,0.0004763469535048502,0.20387240361396555,0.11406687575891268
2024,vw_50,BMG684371393,PACIFIC BASIN SHIP.,HK,0.00047612894034705573,1372.306967153772,2131.208427592261
2024,vw_50,HK0270001396,GUANGDONG INVESTMENT,HK,0.0004539393955414909,915.6258747168026,770.2747599578091
2024,vw_50,AU000000SGP0,STOCKLAND STAPLED UNITS,AU,0.0004514070984475057,1.1278482608935045,0.26963639426077873
2024,vw_50,JP3203500008,ONWARD HOLDINGS,JP,0.00043676622356595665,0.9408657550229708,2.037383498395153
2024,vw_50,AU000000MGR9,MIRVAC GROUP STAPLED UNITS,AU,0.00042705871076805516,6.903606040059091,1.9277806674789826
2024,vw_50,AU000000BSL0,BLUESCOPE STEEL,AU,0.0004057465500167855,745.9982241731684,1251.7782614714433
2024,vw_50,JP3893600001,MITSUI,JP,0.0003929281589632176,29.467697062374555,43.9231483153299
2024,vw_50,JP3456000003,TAKASHIMAYA,JP,0.0003904117044169127,6.095125221695873,7.44159499301305
2024,vw_50,JP3684400009,NITTO BOSEKI,JP,0.00037978307740559183,239.12330564057717,107.8956494932758
2024,vw_50,JP3862400003,MAKITA,JP,0.0003764936504579317,3.978904243055072,2.6308453783148984
2024,vw_50,AU000000JBH7,JB HI-FI,AU,0.00037593316329063997,0.04608588546969503,0.07094877315314913
2024,vw_50,AU000000IAG3,INSURANCE AUS.GROUP,AU,0.0003712040626700831,0.7488270424018107,0.7530961024763584
2024,vw_50,AU000000APA1,APA GROUP,AU,0.0003709054340606801,1006.0181770277554,270.2415161563926
2024,vw_50,JP3869010003,MATSUKIYOKARA,JP,0.0003642869114063228,0.2596517898751699,0.22489845146451728
2024,vw_50,JP3756100008,NITORI HOLDINGS,JP,0.0003638372392768599,4.07712930157943,1.7841455333138698
2024,vw_50,JP3271400008,CREDIT SAISON,JP,0.00034712005085670136,0.23494961372164208,0.18869585632116445
2024,vw_50,JP3263000006,KINDEN,JP,0.0003400263273285102,3.5648675782630366,4.170442505496069
2024,vw_50,JP3156400008,USHIO,JP,0.0003363816945232008,2.8781288686752333,2.0215758759387135
2024,vw_50,JP3164800009,NOK,JP,0.00032518195869462435,7.239667586640722,15.78961218958061
2024,vw_50,JP3870000001,MABUCHI MOTOR,JP,0.0003189376911676834,2.43073766954582,1.288044362552166
2024,vw_50,JP3229400001,KANSAI PAINT,JP,0.0003159916935548716,18.337312122856584,17.16111988339609
2024,vw_50,JP3102000001,AISIN,JP,0.00030980770461658133,15.824131570877123,50.2145290735423
2024,vw_50,JP3802400006,FANUC,JP,0.00028820308884701146,10.269433460035795,2.062235032339478
2024,vw_50,JP3358800005,SHIMIZU,JP,0.0002628608708214883,15.989321998681428,44.878417919483404
2024,vw_50,JP3415400005,SEINO HDG.,JP,0.00025834039066664565,85.30682883733024,135.6060689050775
2024,vw_50,JP3811000003,FUJIKURA,JP,0.00025740972447310965,3.770834849255457,8.37345118775156
2024,vw_50,JP3486800000,DAITO TST.CONSTRUCTION,JP,0.0002491749683463909,2.9019805602557587,4.210462970392362
2024,vw_50,AU000000ABC7,ADBRI DEAD - DELIST.02/07/24,AU,0.00024848248449545093,1434.488447396825,1375.2523861967695
2024,vw_50,JP3765400001,HOUSE SHOKUHIN GP.HONSHA K K,JP,0.00024685567461098945,27.659932786881125,25.01443463949772
2024,vw_50,JP3939000000,YAMADA HOLDINGS,JP,0.00024180677664891796,4.463994674454354,16.695129543770804
2024,vw_50,JP3122800000,AMADA,JP,0.0002401811431912381,2.5531248546137237,1.726713667386344
2024,vw_50,JP3485800001,DAICEL,JP,0.00023922620893072235,443.89865360666306,590.3357714680643
2024,vw_50,JP3940400009,YAMATO KOGYO,JP,0.00023775678288714624,207.63043432924732,61.7355178056783
2024,vw_50,JP3940000007,YAMATO HDG.,JP,0.00023487180726778538,54.96591183100551,99.79167394769512
2024,vw_50,JP3276400003,GUNMA BANK,JP,0.00022247324817149434,1.0247656645664656,0.6556754833353101
2024,vw_50,JP3935600001,YAMAZAKI BAKING,JP,0.00021915084320949814,46.66695759941134,70.31146076810519
2024,vw_50,AU000000SBM8,ST BARBARA,AU,0.00020240059893321407,1918.1924013123082,1599.5587424158853
2024,vw_50,JP3526600006,CHUBU ELEC.POWER,JP,0.00020087636599165268,7.662967956379934,19.980279464168863
2024,vw_50,JP3322930003,SUMCO,JP,0.00019954860733347823,30.284686496058292,16.350310092087952
2024,vw_50,JP3774200004,HANKYU HANSHIN HDG.,JP,0.00019683376334121344,16.2215209301865,13.904639423849789
2024,vw_50,AU000000BOQ8,BANK OF QLND.,AU,0.00017834884485332884,0.11931450904443994,0.12711847984900804
2024,vw_50,JP3414750004,SEIKO EPSON,JP,0.00017769656414247387,14.089260677503695,22.50905659771583
2024,vw_50,JP3196000008,ODAKYU ELECTRIC RY.,JP,0.00017568574027095757,27.853991320518897,13.37096572712411
2024,vw_50,JP3733000008,NEC,JP,0.00016917888365853512,0.8614878098021995,1.11211177875914
2024,vw_50,AU000000SUN6,SUNCORP GROUP,AU,0.00016647800640895492,0.18323874974940674,0.14415144291272355
2024,vw_50,JP3711200000,AOZORA BANK,JP,0.0001643671428214506,0.06428983753619687,0.05538518941734781
2024,vw_50,JP3657400002,NIKON,JP,0.0001590507333090806,6.336991641356353,8.5734973412628
2024,vw_50,AU000000BPT9,BEACH ENERGY,AU,0.00015858779556064323,468.1333282583798,216.59729115302105
2024,vw_50,JP3228600007,KANSAI ELECTRIC PWR.,JP,0.00015759407888633713,705.6365121421627,1606.3809154383243
2024,vw_50,JP3386030005,JFE HOLDINGS,JP,0.00015571362363398845,1344.8260922817963,4723.204285560547
2024,vw_50,JP3721400004,JAPAN STEEL WORKS,JP,0.00015451068560371468,36.118354518820624,51.024249065252484
2024,vw_50,AU000000STO6,SANTOS,AU,0.00015416874037113394,749.158841415728,265.4565673596039
2024,vw_50,JP3166000004,EBARA,JP,0.00014977867194926648,13.863797368299782,12.23562013052477
2024,vw_50,HK0000049939,CHINA UNICOM (HONG KONG),HK,0.0001414924630229853,2.08914392313804,5.245008659032477
2024,vw_50,JP3579800008,TOKYO STEEL MNFG.,JP,0.0001380155858671066,153.32949599899075,204.66289823056763
2024,vw_50,JP3845400005,HOKURIKU ELEC.POWER,JP,0.00013524073967711888,2345.9286809137384,12553.938977355176
2024,vw_50,BMG2624N1535,DFI RETAIL GROUP HOLDINGS,HK,0.0001332642434743152,26.027775884078604,85.7085479035474
2024,vw_50,JP3894900004,ISETAN MITSUKOSHI HDG.,JP,0.00012829272775340982,8.260483750017043,5.982070860829069
2024,vw_50,JP3289800009,KOBE STEEL,JP,0.00012529972397311499,850.8699856191396,2696.9903788996276
2024,vw_50,JP3672400003,NISSAN MOTOR,JP,0.00012320224397479443,5.583505849967185,29.58731459897021
2024,vw_50,JP3663900003,SOJITZ,JP,0.0001186512773305456,36.54850440553854,105.93868501725413
2024,vw_50,JP3224200000,KAWASAKI HEAVY INDUSTRY,JP,0.00011188718565112514,11.39741270307726,35.77491629501211
2024,vw_50,AU000000MAH3,MACMAHON HOLDINGS,AU,0.00011131379766106698,0.7274265860584708,3.636511552229092
2024,vw_50,HK2380027329,CHIN.PWR.INTDVT.,HK,0.00010607092274912676,7974.041232946708,10872.569664706922
2024,vw_50,AU000000DXS1,DEXUS STAPLED UNITS,AU,0.00010307029493527923,17.818046551174408,1.8655830619375802
2024,vw_50,JP3942600002,YAMAHA,JP,0.00010150872105435113,6.5176917855249235,4.8971116835290545
2024,vw_50,MU0117U00026,GOLDEN AGRI-RESOURCES,SG,9.957776107313374e-05,720.6235909534727,2721.822956203814
2024,vw_50,SG0531000230,VENTURE CORPORATION,SG,8.728678277627668e-05,1.180009337117884,0.8843729732426454
2024,vw_50,JP3511800009,CHIBA BANK,JP,8.223087807107058e-05,1.287386030137835,0.4362112036525596
2024,vw_50,HK0308001558,CTII.INTL.INV.HK.,HK,8.187853343173222e-05,48.51687579063127,30.062750679259928
2024,vw_50,JP3605400005,TOHOKU ELECTRIC PWR.,JP,7.673641420850736e-05,1707.765334427598,10179.805027786406
2024,vw_50,AU000000CQR9,CHARTER HALL RETAIL REIT,AU,7.05032762878231e-05,1.0107164617755637,0.09976650392697942
2024,vw_50,AU000000CPU5,COMPUTERSHARE,AU,6.754637793020908e-05,1.1733788060602233,0.3463880536413627
2024,vw_50,JP3684000007,NITTO DENKO,JP,6.69714610822819e-05,48.47524391098939,23.375012031256194
2024,vw_50,JP3573000001,TOKYO GAS,JP,6.533894244350823e-05,239.67759851146627,463.35344997616335
2024,vw_50,HK0101000591,HANG LUNG PROPERTIES,HK,6.532771463936802e-05,3.2501116941926593,0.8170724742523178
2024,vw_50,JP3850200001,HOKKAIDO ELEC.POWER,JP,6.48475446925712e-05,1799.9402307542093,11981.767777973897
2024,vw_50,JP3173400007,OBIC,JP,6.481653907559694e-05,0.29591300700553685,0.014372315492103467
2024,vw_50,AU000000RHC8,RAMSAY HEALTH CARE,AU,6.404444383834452e-05,8.67298188378781,11.798153025678562
2024,vw_50,JP3596200000,TOTO,JP,6.386009777536136e-05,29.916716952212184,30.134193333290593
2024,vw_50,JP3613000003,TOYO SUISAN KAISHA,JP,6.36721068505678e-05,52.809914349908375,27.994488270812308
2024,vw_50,KYG9431R1039,WANT WANT CHINA HOLDINGS,SG,6.153480569930135e-05,57.688850686189376,28.616654373891368
2024,vw_50,BMG677491539,ORIENT OVERSEAS (INTL.),HK,6.0443247200471644e-05,828.5499538018892,726.1246709111697
2024,vw_50,AU000000GPT8,GPT GROUP STAPLED UNITS,AU,5.836108298378317e-05,11.230976362118037,1.137342277894657
2024,vw_50,JP3783600004,EAST JAPAN RAILWAY,JP,5.589596717887878e-05,89.09006889761112,70.55898051476501
2024,vw_50,JP3973400009,RICOH,JP,5.4404512442625195e-05,6.944986258731364,22.392257303921163
2024,vw_50,JP3502200003,DAIWA SECURITIES GROUP,JP,5.018256221004609e-05,0.11367038607790644,0.08687754956523697
2024,vw_50,HK0002007356,CLP HOLDINGS,HK,4.907568107312244e-05,3413.9907142682205,1831.9038658442714
2024,vw_50,JP3734800000,NIDEC,JP,4.1591841596143905e-05,16.32556348359907,11.530445617541956
2024,vw_50,HK0836012952,CHINA RESOURCES POWER,HK,3.9774546788530085e-05,11078.606685204179,15216.282739165596
2024,vw_50,JP3305530002,COMSYS HOLDINGS,JP,3.976336922574435e-05,16.359284107660198,22.70845488179376
2024,vw_50,AU000000DOW2,DOWNER EDI,AU,3.9019359336118295e-05,39.5983068442794,158.6258545614054
2024,vw_50,AU000000CIM7,CIMIC GROUP DEAD - DELIST.11/05/22,AU,3.777867809987988e-05,13.206741547742828,25.75876357934819
2024,vw_50,JP3548610009,DENA,JP,3.225722637596212e-05,0.5363518381897587,0.4015351867380507
2024,vw_50,JP3588600001,TBS HOLDINGS,JP,3.07638398151633e-05,7.096467800504453,3.978733173417325
2024,vw_50,JP3326410002,SANKYO,JP,2.6964373899902506e-05,0.6937900227800574,0.24704536387007792
2024,vw_50,JP3505000004,DAIWA HOUSE INDUSTRY,JP,2.3414430001147018e-05,19.357459599963747,34.72259210617758
2024,vw_50,JP3619800000,TOYOBO,JP,2.1914620541738536e-05,239.25021840924032,1002.326500821118
2024,vw_50,JP3143000002,ITO EN,JP,2.118868682670737e-05,13.524943294201163,15.85791309863622
2024,vw_50,JP3180400008,OSAKA GAS,JP,1.9496702476006778e-05,300.86114042848374,509.13757723745
2024,vw_50,JP3902000003,MITSUBISHI LOGISTICS,JP,1.7339371199937525e-05,8.523411409228252,5.9956292274439775
2024,vw_50,JP3158800007,UBE,JP,1.704396955727079e-05,1013.6664185228491,1804.431776388378
2024,vw_50,JP3903000002,MITSUBISHI MATERIALS,JP,1.5502290226743427e-05,97.43190957832644,398.299154959901
2024,vw_50,JP3359600008,SHARP,JP,1.3147810389521949e-05,18.330314414826518,67.44531115545448
2024,vw_50,JP3992400006,WACOAL HDG.,JP,1.2646144591115764e-05,1.2572543095618254,1.1211845620417211
2024,vw_50,JP3634200004,TOYODA GOSEI,JP,1.1403283536377036e-05,12.657204234537994,35.08388947795172
2024,vw_50,JP3368000000,RESONAC HOLDINGS,JP,1.0847577505617053e-05,379.62818525303254,895.8116732404766
2024,vw_50,AU000000MTS0,METCASH,AU,1.0468801892255445e-05,1.4898817103757154,6.614592701080022
2024,vw_50,JP3269600007,KURARAY,JP,1.0435204769618016e-05,363.964375159365,519.9391370149473
2024,vw_50,JP3566800003,CENTRAL JAPAN RAILWAY,JP,1.011715645225918e-05,5.915917070674503,2.5519199717896845
2024,vw_50,JP3172100004,OKUMA,JP,1.0064778578772723e-05,4.760876810029929,4.535400979149581
2024,vw_50,JP3350800003,SHIKOKU ELECTRIC POWER,JP,9.905907956048412e-06,1453.9032707677031,5389.935606963988
2024,vw_50,JP3787000003,HITACHI CON.MCH.,JP,9.732493492637667e-06,9.751447609847853,15.579817655566726
2024,vw_50,JP3667600005,JGC HOLDINGS,JP,9.423142509131013e-06,15.68792553045982,28.093586009743788
2024,vw_50,JP3243600008,CANON MARKETING JAPAN,JP,6.7199201311464385e-06,1.3260960423416555,1.4048425962913804
2024,vw_50,JP3277800003,KEIO,JP,5.8473665304606864e-06,33.78437566412835,23.423059454777825
2024,vw_50,HK0003000038,HONG KONG AND CHINA GAS,HK,5.051889431420172e-06,223.46650912369284,122.9321275715317
2024,vw_50,JP3830800003,BRIDGESTONE,JP,4.3389740123873664e-06,51.87920487299539,49.77350423263656
2024,vw_50,HK0242001243,SHUN TAK HOLDINGS,HK,4.282000408833472e-06,237.42875541843276,400.0971785818406
2024,vw_50,JP3240400006,KIKKOMAN,JP,3.697931868603932e-06,22.879086888542663,8.386120844085308
2024,vw_50,AU000000ANN9,ANSELL,AU,3.6890910764180703e-06,109.83767375101684,86.15369301214413
2024,vw_50,JP3629000005,TOPPAN HOLDINGS,JP,3.535232626489845e-06,23.203844327678606,29.047545797157838
2024,vw_50,JP3742600004,NHK SPRING,JP,3.365749429051242e-06,8.76627613570594,21.678828160797778
2024,vw_50,JP3582600007,TOKYO TATEMONO,JP,3.290590113990946e-06,5.445761274674133,4.336683417085427
2024,vw_50,JP3419400001,SEKISUI CHEMICAL,JP,3.083227847032863e-06,21.63367590200016,28.95986605666322
2024,vw_50,SG1S83002349,UOL GROUP,SG,3.0290936413827908e-06,1.0652655354561218,0.5453222218805416
2024,vw_50,JP3421800008,SECOM,JP,2.752019397217078e-06,6.9888984135808085,3.1900182605074914
2024,vw_50,JP3733400000,NIPPON ELEC.GLASS,JP,2.6862097152920235e-06,246.786610608329,210.69765338879597
2024,vw_50,JP3209000003,CASIO COMPUTER,JP,2.4662253544270855e-06,1.998240465254245,1.727522632785484
2024,vw_50,JP3600200004,TOHO GAS,JP,2.363533545498402e-06,11.530740892780516,24.131172153024913
2024,vw_50,JP3738600000,NITERRA,JP,2.246892560401941e-06,11.87709875139525,8.775714672263621
2024,vw_50,JP3293200006,COCA-COLA BOTTLERS JAPAN HOLDINGS,JP,2.2265891705621964e-06,31.816266833091387,66.24266075261939
2024,vw_50,JP3720800006,NSK,JP,1.9311896956752803e-06,19.291458763372102,36.99042963296065
2024,vw_50,JP3375800004,SHINKO ELEC.INDS. DEAD - DELIST.06/06/25,JP,1.486640671718349e-06,32.22299720302383,9.259682915027625
